cd_cvm,name,year_prev,year_curr,cosine_similarity,chars_prev,chars_curr,diagnostic_prev,diagnostic_curr,poc_group,group,ticker,event_date,window_start,window_end,stock_return,ibov_return,abnormal_return
2437,AXIA ENERGIA,2015,2016,0.6321,9586,14143,regex_only,regex_only,current_66,,AXIA3,2017-03-27,2017-03-27,2018-10-04,0.028349082617622923,0.28992204594143933,-0.2615729633238164
2437,AXIA ENERGIA,2016,2017,0.8612,14143,10090,regex_only,regex_only,current_66,,AXIA3,2018-03-27,2018-03-27,2019-10-04,0.7523680646688593,0.22364498398423538,0.5287230806846239
2437,AXIA ENERGIA,2017,2018,0.0165,10090,1362,regex_only,regex_only,current_66,,AXIA3,2019-03-27,2019-03-27,2020-09-30,-0.09458131416781124,0.02937845607453049,-0.12395977024234173
2437,AXIA ENERGIA,2018,2019,0.0,1362,239,regex_only,font_heading,current_66,,AXIA3,2020-03-27,2020-03-27,2021-10-05,0.7362428842504745,0.5042826532049149,0.23196023104555952
2437,AXIA ENERGIA,2019,2020,0.4229,239,17147,font_heading,font_heading,current_66,,AXIA3,2021-03-19,2021-03-19,2022-09-22,0.38771824202287775,-0.018508610879322096,0.40622685290219984
2437,AXIA ENERGIA,2020,2021,0.9383,17147,19339,font_heading,font_heading,current_66,,AXIA3,2022-03-18,2022-03-18,2023-09-20,0.03023388476896738,0.029350301719065497,0.0008835830499018815
2437,AXIA ENERGIA,2021,2022,0.1881,19339,4828,font_heading,font_heading,current_66,,AXIA3,2023-03-13,2023-03-13,2024-09-13,0.30197554092191914,0.3079923499845232,-0.006016809062604045
2437,AXIA ENERGIA,2022,2023,0.2172,4828,16334,font_heading,font_heading,current_66,,AXIA3,2024-05-14,2024-05-14,2025-11-12,0.6134937238493723,0.22656731885004677,0.3869264049993255
2453,CEMIG,2015,2016,0.9405,15917,15122,font_heading,font_heading,current_66,,CMIG4,2017-04-11,2017-04-11,2018-10-22,0.10155210295583661,0.32997155522104715,-0.22841945226521054
2453,CEMIG,2016,2017,0.8959,15122,17835,font_heading,font_heading,current_66,,CMIG4,2018-03-29,2018-03-29,2019-10-08,0.6133177571311661,0.17121471469290417,0.44210304243826193
2453,CEMIG,2017,2018,0.8551,17835,16893,font_heading,font_heading,current_66,,CMIG4,2019-04-01,2019-04-01,2020-10-05,-0.21296792658069552,0.00036166986537322643,-0.21332959644606875
2453,CEMIG,2018,2019,0.9207,16893,15903,font_heading,font_heading,current_66,,CMIG4,2020-04-01,2020-04-01,2021-10-08,0.9457308187894713,0.5899457069301517,0.3557851118593196
2453,CEMIG,2019,2020,0.9429,15903,15944,font_heading,font_heading,current_66,,CMIG4,2021-03-30,2021-03-30,2022-10-03,0.33305521459521725,-0.006120770388140517,0.33917598498335777
2453,CEMIG,2020,2021,0.8919,15944,15904,font_heading,font_heading,current_66,,CMIG4,2022-03-29,2022-03-29,2023-09-29,0.10198087436165593,-0.028738273155578198,0.13071914751723412
2453,CEMIG,2021,2022,0.8023,15904,16412,font_heading,font_heading,current_66,,CMIG4,2023-03-25,2023-03-27,2024-09-27,0.3513314967736332,0.3316919243984702,0.019639572375163006
2453,CEMIG,2022,2023,0.8339,16412,11722,font_heading,font_heading,current_66,,CMIG4,2024-03-21,2024-03-21,2025-09-23,0.23101160861334158,0.14252944613848295,0.08848216247485863
3980,GERDAU,2015,2016,0.9105,6325,5022,font_heading,font_heading,current_66,,GGBR4,2017-02-22,2017-02-22,2018-09-04,0.1906941272726288,0.08925922389051966,0.10143490338210914
3980,GERDAU,2016,2017,0.8342,5022,5266,font_heading,font_heading,current_66,,GGBR4,2018-02-28,2018-02-28,2019-09-09,-0.2111913360726062,0.20886069349865677,-0.420052029571263
3980,GERDAU,2017,2018,0.8969,5266,5334,font_heading,font_heading,current_66,,GGBR4,2019-02-21,2019-02-21,2020-08-28,0.29801324585097144,0.05375536959982452,0.24425787625114692
3980,GERDAU,2018,2019,0.1099,5334,2727,font_heading,regex_only,current_66,,GGBR4,2020-02-19,2020-02-19,2021-08-30,0.4043073914725044,0.02765556448124573,0.37665182699125865
3980,GERDAU,2019,2020,0.8471,2727,3256,regex_only,regex_only,current_66,,GGBR4,2021-02-24,2021-02-24,2022-08-29,-0.11717022826651191,-0.028916090548292694,-0.08825413771821922
3980,GERDAU,2020,2021,0.0727,3256,3332,regex_only,font_heading,current_66,,GGBR4,2022-02-23,2022-02-23,2023-08-29,0.09832993913284382,0.05710326289436951,0.041226676238474314
3980,GERDAU,2021,2022,0.7876,3332,3399,font_heading,font_heading,current_66,,GGBR4,2023-03-01,2023-03-01,2024-09-03,-0.2445121951680176,0.28709972450935584,-0.5316119196773734
3980,GERDAU,2022,2023,0.8014,3399,1936,font_heading,font_heading,current_66,,GGBR4,2024-02-20,2024-02-20,2025-08-22,-0.08261682225843303,0.06197876460432816,-0.1445955868627612
4030,SID NACIONAL,2015,2016,0.7874,5211,5743,font_heading,font_heading,current_66,,CSNA3,2017-10-28,2017-10-30,2019-05-20,0.7999999999999998,0.22922155166674374,0.5707784483332561
4030,SID NACIONAL,2016,2017,0.65,5743,6926,font_heading,font_heading,current_66,,CSNA3,2018-04-06,2018-04-06,2019-10-15,0.580046403712297,0.23189203731837216,0.34815436639392483
4030,SID NACIONAL,2017,2018,0.7251,6926,7544,font_heading,font_heading,current_66,,CSNA3,2019-02-20,2019-02-20,2020-08-27,0.4184060721062619,0.04224763609768356,0.37615843600857835
4030,SID NACIONAL,2018,2019,0.7355,7544,5921,font_heading,font_heading,current_66,,CSNA3,2020-03-04,2020-03-04,2021-09-10,1.739448051948052,0.06585947948317639,1.6735885724648756
4030,SID NACIONAL,2019,2020,0.0752,5921,556,font_heading,regex_only,current_66,,CSNA3,2021-02-22,2021-02-22,2022-08-25,-0.5539407490217999,0.007668746233392643,-0.5616094952551925
4030,SID NACIONAL,2020,2021,0.1125,556,6982,regex_only,font_heading,current_66,,CSNA3,2022-03-09,2022-03-09,2023-09-11,-0.5663210582767251,0.02618956185732202,-0.5925106201340471
4030,SID NACIONAL,2021,2022,0.7047,6982,4393,font_heading,font_heading,current_66,,CSNA3,2023-03-16,2023-03-16,2024-09-18,-0.19553450608930978,0.2930645298200816,-0.48859903590939135
4030,SID NACIONAL,2022,2023,0.989,4393,4389,font_heading,font_heading,current_66,,CSNA3,2024-03-06,2024-03-06,2025-09-08,-0.5291291291291291,0.10009563952209555,-0.6292247686512247
4170,VALE,2015,2016,0.8446,5438,8641,font_heading,font_heading,current_66,,VALE3,2017-02-23,2017-02-23,2018-09-05,0.5722037986132045,0.11311477572578932,0.45908902288741515
4170,VALE,2016,2017,0.9393,8641,9102,font_heading,font_heading,current_66,,VALE3,2018-02-27,2018-02-27,2019-09-06,-0.018592858652017652,0.18404415966606935,-0.202637018318087
4170,VALE,2017,2018,0.7651,9102,4664,font_heading,font_heading,current_66,,VALE3,2019-04-18,2019-04-18,2020-10-23,0.20673259794598708,0.07064562194314017,0.13608697600284692
4170,VALE,2018,2019,0.3085,4664,16358,font_heading,regex_only,current_66,,VALE3,2020-03-02,2020-03-02,2021-09-08,1.0500431406384818,0.06365687725438773,0.9863862633840941
4170,VALE,2019,2020,0.2846,16358,11224,regex_only,font_heading,current_66,,VALE3,2021-02-25,2021-02-25,2022-08-30,-0.32117856023404034,-0.016263844649871073,-0.30491471558416927
4170,VALE,2020,2021,0.9242,11224,12192,font_heading,font_heading,current_66,,VALE3,2022-02-24,2022-02-24,2023-08-30,-0.25771076079506516,0.05325862896642919,-0.31096938976149435
4170,VALE,2021,2022,0.4372,12192,2673,font_heading,font_heading,current_66,,VALE3,2023-02-16,2023-02-16,2024-08-23,-0.35643009305976003,0.23346069808423486,-0.5898907911439949
4170,VALE,2022,2023,0.0607,2673,554,font_heading,font_heading,current_66,,VALE3,2024-02-22,2024-02-22,2025-08-26,-0.17569175840523654,0.057822544514746,-0.23351430291998254
4820,BRASKEM,2017,2018,0.315,6565,776,regex_only,regex_only,current_66,,BRKM5,2019-03-13,2019-03-13,2020-09-16,-0.5964880190232303,0.007803536120119636,-0.60429155514335
4820,BRASKEM,2018,2019,0.3257,776,5403,regex_only,regex_only,current_66,,BRKM5,2020-04-03,2020-04-03,2021-10-13,2.7586427656850194,0.631577524434277,2.1270652412507425
4820,BRASKEM,2019,2020,0.2124,5403,1044,regex_only,regex_only,current_66,,BRKM5,2021-03-10,2021-03-10,2022-09-13,-0.07505450015571469,-0.01757928447675572,-0.05747521567895897
4820,BRASKEM,2020,2021,0.2562,1044,11088,regex_only,regex_only,current_66,,BRKM5,2022-03-16,2022-03-16,2023-09-18,-0.4925666812418015,0.06458125342052212,-0.5571479346623236
4820,BRASKEM,2021,2022,0.9572,11088,11707,regex_only,regex_only,current_66,,BRKM5,2023-03-23,2023-03-23,2024-09-25,0.2061298076923077,0.3437288680451043,-0.13759906035279656
5258,RAIA DROGASIL,2015,2016,0.9765,2768,2725,regex_only,regex_only,current_66,,RADL3,2017-02-16,2017-02-16,2018-08-29,0.22320185566195194,0.15593465325276812,0.06726720240918382
5258,RAIA DROGASIL,2016,2017,0.308,2725,520,regex_only,regex_only,current_66,,RADL3,2018-02-22,2018-02-22,2019-09-03,0.10609756073975363,0.1499009360747845,-0.04380337533503087
5258,RAIA DROGASIL,2017,2018,0.9811,520,553,regex_only,regex_only,current_66,,RADL3,2019-02-26,2019-02-26,2020-09-02,0.8480472593328126,0.044144361056325465,0.8039028982764871
5258,RAIA DROGASIL,2018,2019,0.1739,553,8158,regex_only,font_heading,current_66,,RADL3,2020-02-19,2020-02-19,2021-08-30,0.07618097130837453,0.02765556448124573,0.0485254068271288
5258,RAIA DROGASIL,2019,2020,0.6223,8158,25292,font_heading,font_heading,current_66,,RADL3,2021-03-09,2021-03-09,2022-09-12,0.007391304336997528,0.018646532283751016,-0.011255227946753488
5258,RAIA DROGASIL,2020,2021,0.6294,25292,10190,font_heading,font_heading,current_66,,RADL3,2022-02-22,2022-02-22,2023-08-28,0.17881263132927327,0.03746224260752329,0.14135038872175
5258,RAIA DROGASIL,2021,2022,0.9063,10190,12138,font_heading,font_heading,current_66,,RADL3,2023-03-07,2023-03-07,2024-09-09,0.22052159070685273,0.29271693297564294,-0.07219534226879021
5258,RAIA DROGASIL,2022,2023,0.7692,12138,5541,font_heading,font_heading,current_66,,RADL3,2024-03-05,2024-03-05,2025-09-05,-0.3158517351328193,0.11352259607889614,-0.4293743312117154
5410,WEG,2015,2016,0.9901,2516,2501,font_heading,font_heading,current_66,,WEGE3,2017-02-22,2017-02-22,2018-09-04,0.4178362572933585,0.08925922389051966,0.32857703340283884
5410,WEG,2016,2017,0.9851,2501,2524,font_heading,font_heading,current_66,,WEGE3,2018-02-28,2018-02-28,2019-09-09,0.253908586052902,0.20886069349865677,0.04504789255424524
5410,WEG,2017,2018,0.9839,2524,2615,font_heading,font_heading,current_66,,WEGE3,2019-04-10,2019-04-10,2020-10-15,3.406437534097109,0.03231368960678327,3.3741238444903257
5410,WEG,2018,2019,0.9799,2615,2633,font_heading,font_heading,current_66,,WEGE3,2020-02-19,2020-02-19,2021-08-30,0.5026628430970914,0.02765556448124573,0.4750072786158457
5410,WEG,2019,2020,0.9697,2633,2695,font_heading,font_heading,current_66,,WEGE3,2021-02-24,2021-02-24,2022-08-29,-0.34555940023068055,-0.028916090548292694,-0.31664330968238785
5410,WEG,2020,2021,0.8928,2695,2214,font_heading,font_heading,current_66,,WEGE3,2022-02-16,2022-02-16,2023-08-22,0.16517571884984017,0.00846546238766055,0.15671025646217962
5410,WEG,2021,2022,0.8959,2214,2482,font_heading,font_heading,current_66,,WEGE3,2023-02-15,2023-02-15,2024-08-22,0.3940329218106995,0.2333322749405249,0.1607006468701746
5410,WEG,2022,2023,0.9747,2482,2322,font_heading,font_heading,current_66,,WEGE3,2024-02-21,2024-02-21,2025-08-25,0.030030030030029797,0.061474220339397645,-0.03144419030936785
8133,LOJAS RENNER,2015,2016,0.0581,614,3405,font_heading,regex_only,current_66,,LREN3,2017-02-09,2017-02-09,2018-08-22,0.3597478988110343,0.18375171573445304,0.17599618307658127
8133,LOJAS RENNER,2016,2017,0.0893,3405,6401,regex_only,font_heading,current_66,,LREN3,2018-02-08,2018-02-08,2019-08-22,0.5516388728137114,0.22664291173106,0.3249959610826514
8133,LOJAS RENNER,2017,2018,0.6408,6401,4064,font_heading,font_heading,current_66,,LREN3,2019-02-07,2019-02-07,2020-08-14,0.05584775077189996,0.07359638343449793,-0.017748632662597963
8133,LOJAS RENNER,2018,2019,0.0502,4064,647,font_heading,regex_only,current_66,,LREN3,2020-02-06,2020-02-06,2021-08-17,-0.2850416517103552,0.02355942356107299,-0.3086010752714282
8133,LOJAS RENNER,2019,2020,0.0497,647,8055,regex_only,font_heading,current_66,,LREN3,2021-02-11,2021-02-11,2022-08-18,-0.22784970797719006,-0.04599302446617071,-0.18185668351101936
8133,LOJAS RENNER,2020,2021,0.0906,8055,1676,font_heading,regex_only,current_66,,LREN3,2022-03-17,2022-03-17,2023-09-19,-0.36244541503384753,0.042179030748521695,-0.4046244457823692
8133,LOJAS RENNER,2021,2022,0.0429,1676,2231,regex_only,font_heading,current_66,,LREN3,2023-02-16,2023-02-16,2024-08-23,-0.08410732702950396,0.23346069808423486,-0.3175680251137388
8133,LOJAS RENNER,2022,2023,0.0771,2231,3472,font_heading,font_heading,current_66,,LREN3,2024-03-14,2024-03-14,2025-09-16,0.12598425190030382,0.1282150038879326,-0.0022307519876287873
8451,MARCOPOLO,2015,2016,1.0,703,703,font_heading,font_heading,current_66,,POMO4,2017-02-23,2017-02-23,2018-09-05,0.2578397209064296,0.11311477572578932,0.14472494518064027
8451,MARCOPOLO,2016,2017,1.0,703,703,font_heading,font_heading,current_66,,POMO4,2018-02-22,2018-02-22,2019-09-03,-0.10174351474791032,0.1499009360747845,-0.2516444508226948
8451,MARCOPOLO,2017,2018,1.0,703,703,font_heading,font_heading,current_66,,POMO4,2019-02-26,2019-02-26,2020-09-02,-0.2770780858248958,0.044144361056325465,-0.32122244688122126
8451,MARCOPOLO,2018,2019,1.0,703,703,font_heading,font_heading,current_66,,POMO4,2020-02-27,2020-02-27,2021-09-03,-0.45656565653333336,0.13545606820510092,-0.5920217247384343
8451,MARCOPOLO,2019,2020,1.0,703,703,font_heading,font_heading,current_66,,POMO4,2021-02-25,2021-02-25,2022-08-30,0.034883720829096854,-0.016263844649871073,0.05114756547896793
8451,MARCOPOLO,2020,2021,1.0,703,703,font_heading,font_heading,current_66,,POMO4,2022-02-25,2022-02-25,2023-08-31,1.0896551724263497,0.022978835257730257,1.0666763371686194
8451,MARCOPOLO,2021,2022,0.9825,703,701,font_heading,font_heading,current_66,,POMO4,2023-02-28,2023-02-28,2024-09-02,1.9126582278882869,0.2856531848789974,1.6270050430092895
8451,MARCOPOLO,2022,2023,1.0,701,701,font_heading,font_heading,current_66,,POMO4,2024-02-27,2024-02-27,2025-08-29,0.29198606262193794,0.07390793957021757,0.21807812305172036
8656,GERDAU MET,2015,2016,0.8699,8286,6643,font_heading,font_heading,current_66,,GOAU4,2017-02-22,2017-02-22,2018-09-04,0.2988115450487754,0.08925922389051966,0.20955232115825573
8656,GERDAU MET,2016,2017,0.9083,6643,6558,font_heading,font_heading,current_66,,GOAU4,2018-02-28,2018-02-28,2019-09-09,-0.19035532998960614,0.20886069349865677,-0.3992160234882629
8656,GERDAU MET,2017,2018,0.9182,6558,7916,font_heading,font_heading,current_66,,GOAU4,2019-02-21,2019-02-21,2020-08-28,0.2609308884977437,0.05375536959982452,0.2071755188979192
8656,GERDAU MET,2018,2019,0.8238,7916,6858,font_heading,font_heading,current_66,,GOAU4,2020-02-19,2020-02-19,2021-08-30,0.2850098619427939,0.02765556448124573,0.25735429746154814
8656,GERDAU MET,2019,2021,0.1582,6858,15491,font_heading,regex_only,current_66,,GOAU4,2022-02-23,2022-02-23,2023-08-29,0.17786561266280243,0.05710326289436951,0.12076234976843292
8656,GERDAU MET,2021,2022,0.1287,15491,2538,regex_only,font_heading,current_66,,GOAU4,2023-03-01,2023-03-01,2024-09-03,-0.21467181473406627,0.28709972450935584,-0.5017715392434221
8656,GERDAU MET,2022,2023,0.8262,2538,1968,font_heading,font_heading,current_66,,GOAU4,2024-02-20,2024-02-20,2025-08-22,-0.08358208950234036,0.06197876460432816,-0.14556085410666852
8672,IGUATEMI S.A,2015,2017,0.0377,455,1727,font_heading,font_heading,current_66,,IGTI11,2018-03-14,2021-11-22,2023-05-29,0.054571565342269146,0.08040383316603394,-0.0258322678237648
8672,IGUATEMI S.A,2017,2018,0.5507,1727,1879,font_heading,font_heading,current_66,,IGTI11,2019-03-14,2021-11-22,2023-05-29,0.054571565342269146,0.08040383316603394,-0.0258322678237648
8672,IGUATEMI S.A,2018,2019,0.9659,1879,1845,font_heading,font_heading,current_66,,IGTI11,2020-03-12,2021-11-22,2023-05-29,0.054571565342269146,0.08040383316603394,-0.0258322678237648
8672,IGUATEMI S.A,2019,2021,0.0634,1845,10631,font_heading,font_heading,current_66,,IGTI11,2022-04-18,2022-04-18,2023-10-19,-0.08544152744630062,-0.01454741123157477,-0.07089411621472586
8672,IGUATEMI S.A,2021,2022,0.9968,10631,10800,font_heading,font_heading,current_66,,IGTI11,2023-02-28,2023-02-28,2024-09-02,0.1303673047077083,0.2856531848789974,-0.15528588017128908
8672,IGUATEMI S.A,2022,2023,0.7517,10800,23133,font_heading,font_heading,current_66,,IGTI11,2024-02-20,2024-02-20,2025-08-22,-0.04132935662547932,0.06197876460432816,-0.10330812122980748
9512,PETROBRAS,2016,2017,0.4113,23145,11894,regex_only,regex_only,current_66,,PETR3,2018-03-16,2018-03-16,2019-09-25,0.2879760376551135,0.23083204769475674,0.057143989960356745
9512,PETROBRAS,2017,2018,0.4567,11894,12765,regex_only,regex_only,current_66,,PETR3,2019-02-27,2019-02-27,2020-09-03,-0.24029996739484838,0.03508564772780165,-0.27538561512265003
9512,PETROBRAS,2018,2019,0.096,12765,172,regex_only,font_heading,current_66,,PETR3,2020-02-19,2020-02-19,2021-08-30,-0.118206938900829,0.02765556448124573,-0.14586250338207474
9512,PETROBRAS,2019,2020,0.2669,172,3255,font_heading,regex_only,current_66,,PETR3,2021-03-22,2021-03-22,2022-09-23,0.425476603119584,-0.028377912252739335,0.45385451537232335
9512,PETROBRAS,2020,2021,0.1695,3255,11583,regex_only,regex_only,current_66,,PETR3,2022-02-23,2022-02-23,2023-08-29,-0.020672546857772867,0.05710326289436951,-0.07777580975214238
9512,PETROBRAS,2021,2022,0.9137,11583,12686,regex_only,regex_only,current_66,,PETR3,2023-03-02,2023-03-02,2024-09-04,0.5075107296137338,0.31729907038535754,0.19021165922837624
9512,PETROBRAS,2022,2023,0.945,12686,12535,regex_only,regex_only,current_66,,PETR3,2024-03-25,2024-03-25,2025-09-25,-0.056806002143622636,0.14476126369607156,-0.2015672658396942
12653,KLABIN S/A,2015,2016,0.9115,11782,13303,font_heading,font_heading,current_66,,KLBN11,2017-02-09,2017-02-09,2018-08-22,0.3056282720485981,0.18375171573445304,0.12187655631414507
12653,KLABIN S/A,2016,2017,0.0524,13303,1166,font_heading,regex_only,current_66,,KLBN11,2018-02-01,2018-02-01,2019-08-15,-0.15584415616189407,0.15862485443634045,-0.3144690105982345
12653,KLABIN S/A,2017,2018,0.4521,1166,7677,regex_only,regex_only,current_66,,KLBN11,2019-02-07,2019-02-07,2020-08-14,0.2831632652511742,0.07359638343449793,0.20956688181667626
12653,KLABIN S/A,2018,2019,0.8348,7677,8121,regex_only,regex_only,current_66,,KLBN11,2020-02-06,2020-02-06,2021-08-17,0.19440493140839554,0.02355942356107299,0.17084550784732255
12653,KLABIN S/A,2019,2020,0.7824,8121,11643,regex_only,regex_only,current_66,,KLBN11,2021-02-10,2021-02-10,2022-08-17,-0.26175213653697804,-0.039916889664595945,-0.2218352468723821
12653,KLABIN S/A,2020,2021,0.2048,11643,19829,regex_only,font_heading,current_66,,KLBN11,2024-06-13,2024-06-13,2025-12-12,-0.08312958402483239,0.34456545184131504,-0.42769503586614743
12653,KLABIN S/A,2021,2022,0.8281,19829,22209,font_heading,font_heading,current_66,,KLBN11,2023-02-08,2023-02-08,2024-08-15,0.19209568425163215,0.22011461600020166,-0.02801893174856951
12653,KLABIN S/A,2022,2023,0.4838,22209,2909,font_heading,font_heading,current_66,,KLBN11,2024-02-07,2024-02-07,2025-08-13,-0.07781380244021707,0.05184628845424277,-0.12966009089445985
13986,SUZANO,2015,2016,0.081,9391,6662,font_heading,regex_only,current_66,,SUZB3,2017-02-08,2017-11-10,2019-05-30,0.6196498054474708,0.35046761866173437,0.26918218678573647
13986,SUZANO,2016,2017,0.0769,6662,7269,regex_only,font_heading,current_66,,SUZB3,2018-02-09,2018-02-09,2019-08-23,0.4056224899598393,0.20728132837734115,0.19834116158249815
13986,SUZANO,2017,2018,0.6872,7269,10630,font_heading,font_heading,current_66,,SUZB3,2019-02-21,2019-02-21,2020-08-28,0.07031905961376994,0.05375536959982452,0.01656369001394542
13986,SUZANO,2018,2019,0.1486,10630,853,font_heading,font_heading,current_66,,SUZB3,2020-02-12,2020-02-12,2021-08-23,0.43699999999999983,0.006835878742582846,0.430164121257417
13986,SUZANO,2019,2020,0.0764,853,8844,font_heading,regex_only,current_66,,SUZB3,2021-02-10,2021-02-10,2022-08-17,-0.25219941348973607,-0.039916889664595945,-0.21228252382514012
13986,SUZANO,2020,2021,0.7802,8844,12216,regex_only,regex_only,current_66,,SUZB3,2022-02-09,2022-02-09,2023-08-15,-0.1742574257425743,0.03298936639499117,-0.20724679213756547
13986,SUZANO,2021,2022,0.8889,12216,11836,regex_only,regex_only,current_66,,SUZB3,2023-02-28,2023-02-28,2024-09-02,0.153958944281525,0.2856531848789974,-0.13169424059747237
13986,SUZANO,2022,2023,0.9415,11836,11229,regex_only,regex_only,current_66,,SUZB3,2024-02-28,2024-02-28,2025-09-01,-0.08417567096549328,0.08549455063073452,-0.1696702215962278
13986,SUZANO,2023,2024,0.167,11229,4120,regex_only,font_heading,current_66,,SUZB3,2025-02-12,2025-02-12,2026-08-19,-0.2570294980162152,0.3493325827316096,-0.6063620807478248
14311,COPEL,2015,2016,0.4351,17420,17398,font_heading,regex_only,current_66,,CPLE3,2017-03-28,2017-03-28,2018-10-05,-0.1155798516204607,0.27352950049079183,-0.3891093521112525
14311,COPEL,2016,2017,0.871,17398,19354,regex_only,regex_only,current_66,,CPLE3,2018-05-14,2018-05-14,2019-11-21,1.9254629629629627,0.2612218458777136,1.6642411170852491
14311,COPEL,2017,2018,0.4578,19354,22622,regex_only,font_heading,current_66,,CPLE3,2019-03-28,2019-03-28,2020-10-01,0.8180952380952382,0.011543513466726107,0.8065517246285121
14311,COPEL,2018,2019,0.869,22622,21372,font_heading,font_heading,current_66,,CPLE3,2020-03-25,2020-03-25,2021-10-01,0.14788597665965164,0.50622081854624,-0.3583348418865884
14311,COPEL,2019,2020,0.9697,21372,20763,font_heading,font_heading,current_66,,CPLE3,2021-05-05,2021-05-05,2022-11-08,0.4314814814814816,-0.028470756020769983,0.45995223750225156
14311,COPEL,2020,2021,0.9607,20763,21909,font_heading,font_heading,current_66,,CPLE3,2022-03-22,2022-03-22,2023-09-22,0.2247838616714697,-0.010776615545817991,0.23556047721728768
14311,COPEL,2021,2023,0.9245,21909,25112,font_heading,font_heading,current_66,,CPLE3,2024-02-29,2024-02-29,2025-09-02,0.22331154684095877,0.08770065296843077,0.135610893872528
14320,USIMINAS,2015,2016,0.7391,8699,10028,font_heading,font_heading,current_66,,USIM5,2017-02-17,2017-02-17,2018-08-30,0.4825688073394494,0.12776194633026128,0.3548068610091881
14320,USIMINAS,2016,2017,0.7351,10028,12194,font_heading,font_heading,current_66,,USIM5,2018-02-09,2018-02-09,2019-08-23,-0.35618878005342836,0.20728132837734115,-0.5634701084307695
14320,USIMINAS,2017,2018,0.7017,12194,7252,font_heading,font_heading,current_66,,USIM5,2019-02-15,2019-02-15,2020-08-24,0.030851063829787195,0.04893150958550385,-0.018080445755716656
14320,USIMINAS,2018,2019,0.7818,7252,8049,font_heading,font_heading,current_66,,USIM5,2020-02-14,2020-02-14,2021-08-25,0.8121212121212122,0.05627706422499612,0.7558441478962161
14320,USIMINAS,2019,2020,0.6941,8049,4754,font_heading,font_heading,current_66,,USIM5,2021-02-12,2021-02-12,2022-08-19,-0.3622269203664552,-0.06642045564919385,-0.29580646471726135
14320,USIMINAS,2020,2021,0.9802,4754,4363,font_heading,font_heading,current_66,,USIM5,2022-02-11,2022-02-11,2023-08-17,-0.5582743077913714,0.012414553366202119,-0.5706888611575736
14320,USIMINAS,2021,2022,0.9356,4363,4446,font_heading,font_heading,current_66,,USIM5,2023-02-10,2023-02-10,2024-08-19,-0.114441416893733,0.2562930550239193,-0.3707344719176523
14320,USIMINAS,2022,2023,0.9889,4446,4175,font_heading,font_heading,current_66,,USIM5,2025-01-16,2025-01-16,2026-07-23,0.7541322314049588,0.45770506558631086,0.2964271658186479
14320,USIMINAS,2023,2024,0.8195,4175,6498,font_heading,font_heading,current_66,,USIM5,2025-02-14,2025-02-14,2026-08-21,0.09531772575250819,0.3339074310519248,-0.2385897052994166
14443,SABESP,2015,2016,0.2547,17142,4650,regex_only,regex_only,current_66,,SBSP3,2017-03-27,2017-03-27,2018-10-04,-0.18037974689121372,0.28992204594143933,-0.47030179283265305
14443,SABESP,2016,2017,0.2413,4650,39928,regex_only,regex_only,current_66,,SBSP3,2018-03-27,2018-03-27,2019-10-04,0.4280870302175257,0.22364498398423538,0.20444204623329032
14443,SABESP,2017,2018,0.0076,39928,87,regex_only,regex_only,current_66,,SBSP3,2019-03-28,2019-03-28,2020-10-01,0.14853658533953418,0.011543513466726107,0.13699307187280807
14443,SABESP,2018,2019,0.0286,87,3971,regex_only,regex_only,current_66,,SBSP3,2020-03-27,2020-03-27,2021-10-05,-0.08060893437552386,0.5042826532049149,-0.5848915875804388
14443,SABESP,2019,2020,0.3269,3971,16704,regex_only,regex_only,current_66,,SBSP3,2021-03-25,2021-03-25,2022-09-28,0.12799804210305044,-0.046582018973203465,0.1745800610762539
14443,SABESP,2020,2021,0.1321,16704,1827,regex_only,regex_only,current_66,,SBSP3,2022-03-24,2022-03-24,2023-09-26,0.3003250268595805,-0.04081781789290162,0.34114284475248213
14443,SABESP,2021,2022,0.1258,1827,4852,regex_only,regex_only,current_66,,SBSP3,2023-03-23,2023-03-23,2024-09-25,0.9000207427234115,0.3437288680451043,0.5562918746783072
14443,SABESP,2022,2023,0.0823,4852,1565,regex_only,font_heading,current_66,,SBSP3,2024-03-21,2024-03-21,2025-09-23,0.6786893578549456,0.14252944613848295,0.5361599117164626
14460,CYRELA REALT,2015,2016,0.3508,98953,8306,font_heading,font_heading,current_66,,CYRE3,2017-03-23,2017-03-23,2018-10-02,-0.153076923076923,0.28460987184324327,-0.43768679492016627
14460,CYRELA REALT,2016,2017,0.7789,8306,6450,font_heading,font_heading,current_66,,CYRE3,2018-03-22,2018-03-22,2019-10-01,0.6010568031704093,0.22750975959290232,0.373547043577507
14460,CYRELA REALT,2017,2018,0.7146,6450,7697,font_heading,font_heading,current_66,,CYRE3,2019-03-27,2019-03-27,2020-09-30,0.5003227888960622,0.02937845607453049,0.4709443328215317
14460,CYRELA REALT,2018,2019,0.9551,7697,7233,font_heading,font_heading,current_66,,CYRE3,2020-03-19,2020-03-19,2021-09-27,0.3040816326530611,0.6622276890115582,-0.35814605635849706
14460,CYRELA REALT,2019,2020,0.1347,7233,8375,font_heading,regex_only,current_66,,CYRE3,2021-03-18,2021-03-18,2022-09-21,-0.3275720164609054,-0.02524978571508807,-0.3023222307458173
14460,CYRELA REALT,2020,2021,0.8713,8375,7038,regex_only,regex_only,current_66,,CYRE3,2022-03-17,2022-03-17,2023-09-19,0.46734693877551003,0.042179030748521695,0.42516790802698834
14460,CYRELA REALT,2021,2022,0.9594,7038,7433,regex_only,regex_only,current_66,,CYRE3,2023-03-16,2023-03-16,2024-09-18,0.4023854362837411,0.2930645298200816,0.10932090646365955
14460,CYRELA REALT,2022,2023,0.0399,7433,628,regex_only,font_heading,current_66,,CYRE3,2024-03-14,2024-03-14,2025-09-16,0.20693732755222705,0.1282150038879326,0.07872232366429444
15253,ENERGISA,2015,2016,0.9722,34472,34892,font_heading,font_heading,current_66,,ENGI11,2017-03-23,2017-03-23,2018-10-02,0.409090909227686,0.28460987184324327,0.12448103738444272
15253,ENERGISA,2016,2017,0.9403,34892,39827,font_heading,font_heading,current_66,,ENGI11,2018-03-14,2018-03-14,2019-09-23,0.4889112542823342,0.21599805510595105,0.2729131991763831
15253,ENERGISA,2017,2018,0.9403,39827,34264,font_heading,font_heading,current_66,,ENGI11,2019-03-21,2019-03-21,2020-09-24,0.020289854973885024,0.0029255938338295095,0.017364261140055515
15253,ENERGISA,2018,2019,0.4396,34264,12980,font_heading,font_heading,current_66,,ENGI11,2020-03-18,2020-03-18,2021-09-24,0.08489388261960307,0.693441283684344,-0.6085474010647409
15253,ENERGISA,2019,2020,0.7634,12980,16257,font_heading,font_heading,current_66,,ENGI11,2021-04-09,2021-04-09,2022-10-13,0.018630647226955732,-0.028637824966282754,0.04726847219323849
15253,ENERGISA,2020,2021,0.9592,16257,16193,font_heading,font_heading,current_66,,ENGI11,2024-01-20,2024-01-22,2025-07-28,-0.09784143638070131,0.043662261638976796,-0.1415036980196781
15253,ENERGISA,2021,2022,0.9389,16193,19696,font_heading,font_heading,current_66,,ENGI11,2023-03-16,2023-03-16,2024-09-18,0.20535267621243714,0.2930645298200816,-0.08771185360764444
15253,ENERGISA,2022,2023,0.8428,19696,18983,font_heading,font_heading,current_66,,ENGI11,2024-03-15,2024-03-15,2025-09-17,0.046482412100231185,0.14874191870859343,-0.10225950660836225
17329,ENGIE BRASIL,2015,2016,0.034,20039,242,regex_only,font_heading,current_66,,EGIE3,2017-02-23,2017-02-23,2018-09-05,-0.03607427023024856,0.11311477572578932,-0.14918904595603788
17329,ENGIE BRASIL,2016,2017,0.1416,242,3983,font_heading,font_heading,current_66,,EGIE3,2018-02-22,2018-02-22,2019-09-03,0.43782722523312634,0.1499009360747845,0.28792628915834184
17329,ENGIE BRASIL,2017,2018,0.9374,3983,4181,font_heading,font_heading,current_66,,EGIE3,2019-02-19,2019-02-19,2020-08-26,-0.03123595527668732,0.030392953450854465,-0.06162890872754179
17329,ENGIE BRASIL,2018,2019,0.1322,4181,325,font_heading,font_heading,current_66,,EGIE3,2020-02-20,2020-02-20,2021-08-31,-0.23941664973539611,0.03660850957619677,-0.2760251593115929
17329,ENGIE BRASIL,2019,2020,0.9045,325,421,font_heading,font_heading,current_66,,EGIE3,2021-04-20,2021-04-20,2022-10-24,-0.05622009573624687,-0.0337266607025255,-0.022493435033721365
17329,ENGIE BRASIL,2020,2021,0.2039,421,25142,font_heading,font_heading,current_66,,EGIE3,2022-02-14,2022-02-14,2023-08-18,0.0315893387987749,0.013251455080584895,0.018337883718190007
17329,ENGIE BRASIL,2021,2022,0.0925,25142,244,font_heading,font_heading,current_66,,EGIE3,2023-11-30,2023-11-30,2025-06-09,-0.07195402280790597,0.06572046173786905,-0.13767448454577502
17329,ENGIE BRASIL,2022,2023,0.066,244,382,font_heading,font_heading,current_66,,EGIE3,2024-02-27,2024-02-27,2025-08-29,-0.04426896381909551,0.07390793957021757,-0.11817690338931308
17450,RUMO S.A.,2015,2016,0.2711,3870,7952,font_heading,font_heading,current_66,,RAIL3,2017-02-20,2017-02-20,2018-08-31,0.5301075268817204,0.11884328189426219,0.41126424498745817
17450,RUMO S.A.,2016,2017,0.2319,7952,2860,font_heading,font_heading,current_66,,RAIL3,2018-02-27,2018-02-27,2019-09-06,0.6609686609686611,0.18404415966606935,0.4769245013025918
17450,RUMO S.A.,2017,2018,0.143,2860,8182,font_heading,font_heading,current_66,,RAIL3,2019-02-13,2019-02-13,2020-08-20,0.19517313746065068,0.05869531647788451,0.13647782098276617
17450,RUMO S.A.,2018,2019,0.16,8182,3119,font_heading,font_heading,current_66,,RAIL3,2020-02-13,2020-02-13,2021-08-24,-0.21302521008403363,0.03932436124444938,-0.252349571328483
17450,RUMO S.A.,2019,2020,0.09,3119,5555,font_heading,font_heading,current_66,,RAIL3,2021-06-01,2021-06-01,2022-12-06,-0.12037470725995314,-0.1409440694239089,0.020569362163955773
17450,RUMO S.A.,2020,2021,0.1001,5555,6332,font_heading,regex_only,current_66,,RAIL3,2022-02-17,2022-02-17,2023-08-23,0.39688249400479614,0.04057228635493049,0.35631020764986565
17450,RUMO S.A.,2021,2022,0.9948,6332,6541,regex_only,regex_only,current_66,,RAIL3,2023-02-15,2023-02-15,2024-08-22,0.3413654618473896,0.2333322749405249,0.1080331869068647
17450,RUMO S.A.,2022,2023,0.9458,6541,7063,regex_only,regex_only,current_66,,RAIL3,2024-03-27,2024-03-27,2025-09-29,-0.3035157988429016,0.14602623121416425,-0.44954203005706583
17671,TELEFONICA BRASIL,2015,2016,0.7664,28026,17162,font_heading,font_heading,current_66,,VIVT3,2017-02-21,2017-02-21,2018-09-03,-0.03487152595700049,0.10341058813340998,-0.13828211409041047
17671,TELEFONICA BRASIL,2016,2017,0.6659,17162,8175,font_heading,font_heading,current_66,,VIVT3,2018-02-21,2018-02-21,2019-09-02,0.05360443622920519,0.16936167067704067,-0.11575723444783548
17671,TELEFONICA BRASIL,2017,2018,0.9218,8175,10249,font_heading,font_heading,current_66,,VIVT3,2019-02-20,2019-02-20,2020-08-27,0.13836913836913833,0.04224763609768356,0.09612150227145477
17671,TELEFONICA BRASIL,2018,2019,0.7335,10249,7547,font_heading,font_heading,current_66,,VIVT3,2020-02-19,2020-02-19,2021-08-30,-0.16387121650279546,0.02765556448124573,-0.1915267809840412
17671,TELEFONICA BRASIL,2019,2020,0.8655,7547,12121,font_heading,font_heading,current_66,,VIVT3,2021-02-23,2021-02-23,2022-08-26,-0.0636222567058301,-0.025415816681197412,-0.03820644002463269
17671,TELEFONICA BRASIL,2020,2021,0.7397,12121,6982,font_heading,font_heading,current_66,,VIVT3,2022-02-22,2022-02-22,2023-08-28,-0.14288626172034258,0.03746224260752329,-0.18034850432786587
17671,TELEFONICA BRASIL,2021,2022,0.1601,6982,5949,font_heading,regex_only,current_66,,VIVT3,2023-02-17,2023-02-17,2024-08-26,0.26028385855184033,0.25382461787711175,0.0064592406747285835
17671,TELEFONICA BRASIL,2022,2023,0.2209,5949,15075,regex_only,font_heading,current_66,,VIVT3,2024-02-20,2024-02-20,2025-08-22,0.2998299641035329,0.06197876460432816,0.23785119949920475
17973,COGNA ON,2015,2016,0.8399,4975,3968,font_heading,font_heading,current_66,,COGN3,2017-03-22,2017-03-22,2018-10-01,-0.127413127442644,0.23775191140489182,-0.3651650388475358
17973,COGNA ON,2016,2017,0.9731,3968,3638,font_heading,font_heading,current_66,,COGN3,2018-03-16,2018-03-16,2019-09-25,-0.2222986926206264,0.23083204769475674,-0.45313074031538314
17973,COGNA ON,2017,2018,0.4639,3638,4416,font_heading,font_heading,current_66,,COGN3,2019-06-21,2019-06-21,2020-12-28,-0.5768169273122941,0.16773516212703132,-0.7445520894393254
17973,COGNA ON,2018,2019,0.1475,4416,2791,font_heading,regex_only,current_66,,COGN3,2020-03-30,2020-03-30,2021-10-06,-0.4505928854347825,0.4812478597117773,-0.9318407451465598
17973,COGNA ON,2019,2020,0.2551,2791,2263,regex_only,regex_only,current_66,,COGN3,2021-03-31,2021-03-31,2022-10-04,-0.24874371860546451,-0.003460405790023713,-0.2452833128154408
17973,COGNA ON,2020,2021,0.1366,2263,7109,regex_only,regex_only,current_66,,COGN3,2022-03-24,2022-03-24,2023-09-26,0.11255411238095236,-0.04081781789290162,0.15337193027385398
17973,COGNA ON,2021,2022,0.1645,7109,1844,regex_only,regex_only,current_66,,COGN3,2023-09-21,2023-09-21,2025-03-31,-0.20833333333333337,0.12152467970008174,-0.3298580130334151
17973,COGNA ON,2022,2023,0.1629,1844,6288,regex_only,regex_only,current_66,,COGN3,2024-03-20,2024-03-20,2025-09-22,0.1821561340859026,0.12379044371249126,0.05836569037341133
18376,ISA ENERGIA,2015,2016,0.0598,14444,822,regex_only,regex_only,current_66,,ISAE4,2017-02-23,2017-02-23,2018-09-05,-0.12427833485262829,0.11311477572578932,-0.2373931105784176
18376,ISA ENERGIA,2016,2017,0.0751,822,13585,regex_only,regex_only,current_66,,ISAE4,2018-02-26,2018-02-26,2019-09-05,0.48350668647845474,0.16645659503239152,0.3170500914460632
18376,ISA ENERGIA,2017,2018,0.9875,13585,14762,regex_only,regex_only,current_66,,ISAE4,2019-02-28,2019-02-28,2020-09-04,0.10362694300518127,0.059186990338899514,0.04443995266628176
18376,ISA ENERGIA,2018,2019,0.971,14762,13122,regex_only,regex_only,current_66,,ISAE4,2020-03-04,2020-03-04,2021-09-10,0.036170212765957555,0.06585947948317639,-0.029689266717218832
18376,ISA ENERGIA,2019,2020,0.0108,13122,101,regex_only,font_heading,current_66,,ISAE4,2021-02-22,2021-02-22,2022-08-25,-0.024410426148117614,0.007668746233392643,-0.03207917238151026
18376,ISA ENERGIA,2020,2021,0.0799,101,17697,font_heading,font_heading,current_66,,ISAE4,2022-02-23,2022-02-23,2023-08-29,0.013205282112845218,0.05710326289436951,-0.04389798078152429
18376,ISA ENERGIA,2021,2022,0.066,17697,137,font_heading,font_heading,current_66,,ISAE4,2023-02-23,2023-02-23,2024-08-28,0.1157136425033769,0.2765154419619069,-0.16080179945853001
18376,ISA ENERGIA,2022,2023,0.0423,137,8302,font_heading,regex_only,current_66,,ISAE4,2024-02-20,2024-02-20,2025-08-22,-0.164490861618799,0.06197876460432816,-0.22646962622312716
18465,ULTRAPAR,2015,2016,0.9489,16113,18070,font_heading,font_heading,current_66,,UGPA3,2017-02-22,2017-02-22,2018-09-04,-0.4117474302496328,0.08925922389051966,-0.5010066541401524
18465,ULTRAPAR,2016,2017,0.9254,18070,21145,font_heading,font_heading,current_66,,UGPA3,2018-02-21,2018-02-21,2019-09-02,-0.5772854596384008,0.16936167067704067,-0.7466471303154415
18465,ULTRAPAR,2017,2018,0.9187,21145,22697,font_heading,font_heading,current_66,,UGPA3,2019-02-20,2019-02-20,2020-08-27,-0.2887182300237703,0.04224763609768356,-0.33096586612145384
18465,ULTRAPAR,2018,2019,0.3102,22697,7980,font_heading,regex_only,current_66,,UGPA3,2020-03-16,2020-03-16,2021-09-22,0.1467817896389325,0.5777062881447503,-0.4309244985058178
18465,ULTRAPAR,2019,2020,0.2011,7980,7765,regex_only,font_heading,current_66,,UGPA3,2021-02-25,2021-02-25,2022-08-30,-0.2936991869918699,-0.016263844649871073,-0.27743534234199885
18465,ULTRAPAR,2020,2022,0.6992,7765,15272,font_heading,font_heading,current_66,,UGPA3,2023-02-15,2023-02-15,2024-08-22,0.7993897787948132,0.2333322749405249,0.5660575038542883
18465,ULTRAPAR,2022,2023,0.5137,15272,3756,font_heading,font_heading,current_66,,UGPA3,2024-02-28,2024-02-28,2025-09-01,-0.3529796987557301,0.08549455063073452,-0.4384742493864646
18660,CPFL ENERGIA,2015,2016,0.9142,4678,4904,font_heading,font_heading,current_66,,CPFE3,2017-03-23,2017-03-23,2018-10-02,-0.06716126513080822,0.28460987184324327,-0.3517711369740515
18660,CPFL ENERGIA,2016,2017,0.4795,4904,19138,font_heading,font_heading,current_66,,CPFE3,2018-03-27,2018-03-27,2019-10-04,0.35327868852459043,0.22364498398423538,0.12963370454035505
18660,CPFL ENERGIA,2017,2018,0.5691,19138,10117,font_heading,font_heading,current_66,,CPFE3,2019-03-28,2019-03-28,2020-10-01,-0.09658536585365851,0.011543513466726107,-0.10812887932038462
18660,CPFL ENERGIA,2018,2019,0.9036,10117,7733,font_heading,font_heading,current_66,,CPFE3,2020-03-09,2020-03-09,2021-09-15,-0.18352941176470583,0.3368918705383699,-0.5204212823030757
18660,CPFL ENERGIA,2019,2020,0.929,7733,7737,font_heading,font_heading,current_66,,CPFE3,2021-03-31,2021-03-31,2022-10-04,0.15351742274819213,-0.003460405790023713,0.15697782853821585
18660,CPFL ENERGIA,2020,2021,0.5904,7737,1691,font_heading,font_heading,current_66,,CPFE3,2022-03-17,2022-03-17,2023-09-19,0.11685039370078742,0.042179030748521695,0.07467136295226573
18660,CPFL ENERGIA,2021,2022,0.6296,1691,9052,font_heading,font_heading,current_66,,CPFE3,2023-03-16,2023-03-16,2024-09-18,0.07449856733524363,0.2930645298200816,-0.21856596248483795
18660,CPFL ENERGIA,2022,2023,0.972,9052,8482,font_heading,font_heading,current_66,,CPFE3,2024-03-21,2024-03-21,2025-09-23,0.15111886079628034,0.14252944613848295,0.00858941465779739
18724,BRADESPAR,2015,2016,0.4619,11722,43152,regex_only,font_heading,current_66,,BRAP4,2017-03-21,2017-03-21,2018-09-28,0.7770853307474181,0.2597960285085654,0.5172893022388527
18724,BRADESPAR,2016,2017,0.9152,43152,58200,font_heading,font_heading,current_66,,BRAP4,2018-03-21,2018-03-21,2019-09-30,-0.019571294747432688,0.23263712982599105,-0.25220842457342374
18724,BRADESPAR,2017,2018,0.8335,58200,63961,font_heading,font_heading,current_66,,BRAP4,2019-03-28,2019-03-28,2020-10-01,0.46664486651024384,0.011543513466726107,0.45510135304351773
18724,BRADESPAR,2018,2019,0.3908,63961,2393,font_heading,font_heading,current_66,,BRAP4,2020-03-26,2020-03-26,2021-10-04,1.0299989439503534,0.4205838759299678,0.6094150680203856
18724,BRADESPAR,2019,2020,0.8782,2393,2468,font_heading,font_heading,current_66,,BRAP4,2021-03-25,2021-03-25,2022-09-28,-0.10594008832343615,-0.046582018973203465,-0.05935806935023269
18724,BRADESPAR,2020,2021,0.1076,2468,24268,font_heading,regex_only,current_66,,BRAP4,2022-03-29,2022-03-29,2023-09-29,-0.3098420413122722,-0.028738273155578198,-0.281103768156694
18821,MOTIVA SA,2015,2016,0.9307,9423,13449,font_heading,font_heading,current_66,,MOTV3,2017-03-06,2017-03-06,2018-09-13,-0.5177777777777778,0.12579330212806883,-0.6435710799058466
18821,MOTIVA SA,2016,2017,0.9192,13449,11710,font_heading,font_heading,current_66,,MOTV3,2018-02-27,2018-02-27,2019-09-06,0.294851794071763,0.18404415966606935,0.11080763440569363
18821,MOTIVA SA,2017,2018,0.9446,11710,9348,font_heading,font_heading,current_66,,MOTV3,2019-03-21,2019-03-21,2020-09-24,0.12113821138211378,0.0029255938338295095,0.11821261754828427
18821,MOTIVA SA,2018,2019,0.2909,9348,4644,font_heading,font_heading,current_66,,MOTV3,2020-03-05,2020-03-05,2021-09-13,-0.2371335504885993,0.1386097666902728,-0.3757433171788721
18821,MOTIVA SA,2019,2020,0.5593,4644,31458,font_heading,font_heading,current_66,,MOTV3,2021-03-04,2021-03-04,2022-09-06,0.19690455717970767,-0.025968547212236848,0.22287310439194452
18821,MOTIVA SA,2020,2021,0.8204,31458,54787,font_heading,font_heading,current_66,,MOTV3,2022-02-24,2022-02-24,2023-08-30,0.03223207091055613,0.05325862896642919,-0.021026558055873057
18821,MOTIVA SA,2021,2022,0.6659,54787,13867,font_heading,font_heading,current_66,,MOTV3,2023-02-15,2023-02-15,2024-08-22,0.1690647482014389,0.2333322749405249,-0.06426752673908598
18821,MOTIVA SA,2022,2023,0.9381,13867,12155,font_heading,font_heading,current_66,,MOTV3,2024-02-08,2024-02-08,2025-08-14,-0.023014105419450703,0.06347726961464994,-0.08649137503410065
18821,MOTIVA SA,2023,2024,0.0512,12155,2349,font_heading,regex_only,current_66,,MOTV3,2025-02-06,2025-02-06,2026-08-13,0.2531194295900179,0.3238367533971549,-0.07071732380713702
19445,COPASA,2015,2016,0.8362,16283,10847,font_heading,font_heading,current_66,,CSMG3,2017-03-09,2017-03-09,2018-09-18,-0.12472978793774325,0.21256764123933602,-0.3372974291770793
19445,COPASA,2016,2017,0.7478,10847,8160,font_heading,font_heading,current_66,,CSMG3,2018-02-23,2018-02-23,2019-09-04,0.5670772677641831,0.15932115705637684,0.40775611070780626
19445,COPASA,2017,2018,0.7884,8160,11609,font_heading,font_heading,current_66,,CSMG3,2019-02-28,2019-02-28,2020-09-04,-0.2116222760290556,0.059186990338899514,-0.2708092663679551
19445,COPASA,2018,2019,0.1324,11609,2137,font_heading,font_heading,current_66,,CSMG3,2020-03-19,2020-03-19,2021-09-27,0.1357311627367468,0.6622276890115582,-0.5264965262748114
19445,COPASA,2019,2020,0.944,2137,1778,font_heading,font_heading,current_66,,CSMG3,2021-04-20,2021-04-20,2022-10-24,-0.07710699342498506,-0.0337266607025255,-0.04338033272245956
19445,COPASA,2020,2021,0.1762,1778,11512,font_heading,font_heading,current_66,,CSMG3,2022-06-13,2022-06-13,2023-12-15,0.6386831275720164,0.26900009337397623,0.36968303419804016
19445,COPASA,2021,2022,0.8192,11512,8878,font_heading,font_heading,current_66,,CSMG3,2023-03-21,2023-03-21,2024-09-23,0.6077275703994762,0.2927800742449389,0.3149474961545373
19445,COPASA,2022,2023,0.1722,8878,31181,font_heading,regex_only,current_66,,CSMG3,2024-03-21,2024-03-21,2025-09-23,0.6137566137566137,0.14252944613848295,0.47122716761813077
19550,NATURA,2015,2016,0.4747,9237,5875,font_heading,regex_only,current_66,,NATU3,2017-02-22,2017-02-22,2018-09-04,0.07623318385650224,0.08925922389051966,-0.013026040034017417
19550,NATURA,2016,2017,0.4815,5875,15583,regex_only,font_heading,current_66,,NATU3,2018-03-14,2018-03-14,2019-09-23,1.2109135499693435,0.21599805510595105,0.9949154948633925
19550,NATURA,2017,2018,0.0846,15583,357,font_heading,font_heading,current_66,,NATU3,2019-02-28,2019-02-28,2020-09-04,1.044392616820061,0.059186990338899514,0.9852056264811615
19550,NATURA,2018,2019,0.1465,357,128,font_heading,font_heading,current_66,,NATU3,2020-03-05,2020-03-05,2021-09-13,0.22385303629440667,0.1386097666902728,0.08524326960413386
19550,NATURA,2019,2020,1.0,128,189,font_heading,font_heading,current_66,,NATU3,2021-03-31,2021-03-31,2022-10-04,-0.6960947237224762,-0.003460405790023713,-0.6926343179324524
19550,NATURA,2020,2021,1.0,189,177,font_heading,font_heading,current_66,,NATU3,2022-03-29,2022-03-29,2023-09-29,-0.4607407407407407,-0.028738273155578198,-0.4320024675851625
19550,NATURA,2021,2022,1.0,177,177,font_heading,font_heading,current_66,,NATU3,2023-03-16,2023-03-16,2024-09-18,0.05092250922509223,0.2930645298200816,-0.24214202059498935
19739,LOCALIZA,2015,2016,0.1356,23783,830,regex_only,font_heading,current_66,,RENT3,2017-02-05,2017-02-06,2018-08-17,0.9148571423043774,0.18807655783224808,0.7267805844721293
19739,LOCALIZA,2016,2017,0.8142,830,439,font_heading,font_heading,current_66,,RENT3,2018-03-14,2018-03-14,2019-09-23,0.5669957686872023,0.21599805510595105,0.3509977135812512
19739,LOCALIZA,2017,2018,0.628,439,1012,font_heading,font_heading,current_66,,RENT3,2019-02-21,2019-02-21,2020-08-28,0.5441176469734359,0.05375536959982452,0.4903622773736114
19739,LOCALIZA,2018,2019,0.9871,1012,1108,font_heading,font_heading,current_66,,RENT3,2020-03-10,2020-03-10,2021-09-16,0.36424314662713764,0.23401761133583476,0.13022553529130287
19739,LOCALIZA,2019,2020,0.7715,1108,10470,font_heading,font_heading,current_66,,RENT3,2021-02-25,2021-02-25,2022-08-30,0.03959238215951588,-0.016263844649871073,0.055856226809386955
19739,LOCALIZA,2020,2021,0.9805,10470,11718,font_heading,font_heading,current_66,,RENT3,2022-02-22,2022-02-22,2023-08-28,0.023280815931802312,0.03746224260752329,-0.014181426675720976
19739,LOCALIZA,2021,2022,0.7492,11718,22520,font_heading,font_heading,current_66,,RENT3,2023-03-28,2023-03-28,2024-09-30,-0.2287869026159377,0.3027259253314891,-0.5315128279474268
19739,LOCALIZA,2022,2023,0.9429,22520,24362,font_heading,font_heading,current_66,,RENT3,2024-03-12,2024-03-12,2025-09-12,-0.2919804762327338,0.11438855705555917,-0.406369033288293
19836,COSAN,2015,2016,0.1741,12142,11221,regex_only,font_heading,current_66,,CSAN3,2017-02-16,2017-02-16,2018-08-29,-0.13136792452830193,0.15593465325276812,-0.28730257778107005
19836,COSAN,2016,2017,0.1196,11221,2447,font_heading,font_heading,current_66,,CSAN3,2018-03-26,2018-03-26,2019-10-03,0.24970581313250184,0.19307266630045694,0.0566331468320449
19836,COSAN,2017,2018,0.0367,2447,4903,font_heading,font_heading,current_66,,CSAN3,2019-02-14,2019-02-14,2020-08-21,0.9522248243559717,0.0357721448809567,0.916452679475015
19836,COSAN,2018,2019,0.803,4903,4560,font_heading,font_heading,current_66,,CSAN3,2020-02-14,2020-02-14,2021-08-25,0.09262394195888746,0.05627706422499612,0.036346877733891336
19836,COSAN,2019,2020,0.6363,4560,10620,font_heading,font_heading,current_66,,CSAN3,2021-02-11,2021-02-11,2022-08-18,-0.01620370370370372,-0.04599302446617071,0.029789320762466986
19836,COSAN,2020,2021,0.7985,10620,12354,font_heading,font_heading,current_66,,CSAN3,2022-02-24,2022-02-24,2023-08-30,-0.11262798634812299,0.05325862896642919,-0.16588661531455218
19836,COSAN,2021,2022,0.728,12354,10560,font_heading,font_heading,current_66,,CSAN3,2023-02-28,2023-02-28,2024-09-02,-0.12483311081441928,0.2856531848789974,-0.41048629569341666
19836,COSAN,2022,2023,0.5802,10560,15390,font_heading,font_heading,current_66,,CSAN3,2024-05-29,2024-05-29,2025-11-28,-0.5549132947976878,0.2963544624247234,-0.8512677572224112
19992,TOTVS,2015,2016,0.9086,6249,6499,font_heading,font_heading,current_66,,TOTS3,2017-02-22,2017-02-22,2018-09-04,0.04360000008174403,0.08925922389051966,-0.04565922380877563
19992,TOTVS,2016,2017,0.875,6499,6265,font_heading,font_heading,current_66,,TOTS3,2018-02-07,2018-02-07,2019-08-21,0.8326599323232324,0.2227364787759527,0.6099234535472797
19992,TOTVS,2017,2018,0.9358,6265,5505,font_heading,font_heading,current_66,,TOTS3,2019-02-13,2019-02-13,2020-08-20,1.5981132075471698,0.05869531647788451,1.5394178910692853
19992,TOTVS,2018,2019,0.8801,5505,5432,font_heading,font_heading,current_66,,TOTS3,2020-02-12,2020-02-12,2021-08-23,0.4139030614048347,0.006835878742582846,0.40706718266225184
19992,TOTVS,2019,2020,0.1998,5432,3835,font_heading,regex_only,current_66,,TOTS3,2022-02-16,2022-02-16,2023-08-22,-0.08440065681444997,0.00846546238766055,-0.09286611920211052
19992,TOTVS,2020,2021,0.2995,3835,2439,regex_only,font_heading,current_66,,TOTS3,2022-02-16,2022-02-16,2023-08-22,-0.08440065681444997,0.00846546238766055,-0.09286611920211052
19992,TOTVS,2021,2022,0.8603,2439,2561,font_heading,font_heading,current_66,,TOTS3,2023-02-14,2023-02-14,2024-08-21,0.04054959785522794,0.2653236507662904,-0.22477405291106245
19992,TOTVS,2022,2023,0.9278,2561,2132,font_heading,font_heading,current_66,,TOTS3,2024-02-07,2024-02-07,2025-08-13,0.288888888888889,0.05184628845424277,0.2370426004346462
19992,TOTVS,2023,2024,0.8754,2132,2914,font_heading,font_heading,current_66,,TOTS3,2025-02-12,2025-02-12,2026-08-19,-0.030257186081694365,0.3493325827316096,-0.379589768813304
20010,EQUATORIAL,2015,2016,0.3223,2225,11692,font_heading,font_heading,current_66,,EQTL3,2017-09-23,2017-09-25,2019-04-12,0.2886378520341273,0.24759078968366333,0.04104706235046396
20010,EQUATORIAL,2016,2017,0.9005,11692,14847,font_heading,font_heading,current_66,,EQTL3,2018-03-09,2018-03-09,2019-09-18,0.4209205024926488,0.21026043224256719,0.2106600702500816
20010,EQUATORIAL,2017,2018,0.9125,14847,20180,font_heading,font_heading,current_66,,EQTL3,2019-04-12,2019-04-12,2020-10-19,0.3289289799182058,0.062262718707940756,0.26666626121026504
20010,EQUATORIAL,2018,2020,0.4262,20180,8046,font_heading,font_heading,current_66,,EQTL3,2021-03-24,2021-03-24,2022-09-27,0.24405328287342276,-0.03290828229785092,0.2769615651712737
20010,EQUATORIAL,2020,2021,0.6912,8046,10833,font_heading,font_heading,current_66,,EQTL3,2022-03-31,2022-03-31,2023-10-03,0.16068175786169836,-0.05483526852630638,0.21551702638800474
20010,EQUATORIAL,2021,2022,0.289,10833,2725,font_heading,font_heading,current_66,,EQTL3,2023-03-29,2023-03-29,2024-10-01,0.2338995705805993,0.3016198046772003,-0.067720234096601
20087,EMBRAER,2016,2017,0.9676,8126,8610,font_heading,font_heading,current_66,,EMBJ3,2018-03-08,2018-03-08,2019-09-17,-0.06987951807228909,0.23100994403574937,-0.30088946210803846
20087,EMBRAER,2017,2019,0.1217,8610,14862,font_heading,regex_only,current_66,,EMBJ3,2020-03-26,2020-03-26,2021-10-04,1.3741362290227048,0.4205838759299678,0.953552353092737
20087,EMBRAER,2019,2021,0.1012,14862,18619,regex_only,regex_only,current_66,,EMBJ3,2022-03-09,2022-03-09,2023-09-11,0.11165048543689315,0.02618956185732202,0.08546092357957114
20087,EMBRAER,2021,2023,0.0792,18619,5696,regex_only,font_heading,current_66,,EMBJ3,2024-03-18,2024-03-18,2025-09-18,1.5703678704016197,0.1460787663706702,1.4242891040309495
20257,TAESA,2015,2017,0.6862,17590,11617,font_heading,font_heading,current_66,,TAEE11,2018-05-17,2018-05-17,2019-11-26,0.47102212855637515,0.28027868280995594,0.19074344574641922
20257,TAESA,2017,2018,0.2344,11617,62673,font_heading,font_heading,current_66,,TAEE11,2019-04-11,2019-04-11,2020-10-16,0.11976284584980235,0.03751180680219557,0.08225103904760678
20257,TAESA,2018,2019,0.227,62673,2580,font_heading,font_heading,current_66,,TAEE11,2020-03-12,2020-03-12,2021-09-20,0.3031819806936005,0.49958591964209575,-0.19640393894849528
20257,TAESA,2019,2020,0.1841,2580,10742,font_heading,regex_only,current_66,,TAEE11,2021-03-03,2021-03-03,2022-09-05,0.37430894308943086,0.009168589531132865,0.365140353558298
20257,TAESA,2020,2021,0.0328,10742,2365,regex_only,regex_only,current_66,,TAEE11,2022-02-18,2022-02-18,2023-08-24,-0.07427055702917784,0.036727104084564255,-0.1109976611137421
20257,TAESA,2021,2022,0.0777,2365,83109,regex_only,font_heading,current_66,,TAEE11,2023-03-15,2023-03-15,2024-09-17,-0.06979865771812088,0.31443485273256666,-0.38423351045068754
20257,TAESA,2022,2023,0.4895,83109,12343,font_heading,font_heading,current_66,,TAEE11,2024-03-06,2024-03-06,2025-09-08,0.009529309846953549,0.10009563952209555,-0.090566329675142
20745,SLC AGRICOLA,2020,2021,0.9371,7972,6226,font_heading,font_heading,current_66,,SLCE3,2022-03-15,2022-03-15,2023-09-15,-0.12192982448652467,0.08992559607119355,-0.21185542055771822
20745,SLC AGRICOLA,2021,2022,0.8404,6226,4527,font_heading,font_heading,current_66,,SLCE3,2023-03-31,2023-03-31,2024-10-03,-0.13331871047525035,0.2923897403079243,-0.42570845078317465
20745,SLC AGRICOLA,2022,2023,0.7297,4527,4229,font_heading,font_heading,current_66,,SLCE3,2024-04-12,2024-04-12,2025-10-14,-0.15189189145997084,0.12494949227879948,-0.2768413837387703
20788,MARFRIG,2015,2016,0.9698,16520,20447,font_heading,font_heading,current_66,,MBRF3,2017-02-23,2017-02-23,2018-09-05,-0.07692307692307698,0.11311477572578932,-0.1900378526488663
20788,MARFRIG,2016,2017,0.0623,20447,117,font_heading,font_heading,current_66,,MBRF3,2018-03-27,2018-03-27,2019-10-04,1.108348134991119,0.22364498398423538,0.8847031510068837
20788,MARFRIG,2017,2019,1.0,117,117,font_heading,font_heading,current_66,,MBRF3,2020-02-19,2020-02-19,2021-08-30,0.525090909090909,0.02765556448124573,0.4974353446096633
20788,MARFRIG,2019,2020,1.0,117,117,font_heading,font_heading,current_66,,MBRF3,2021-04-08,2021-04-08,2022-10-11,-0.42801985659128516,-0.02946509025237498,-0.3985547663389102
20788,MARFRIG,2020,2021,0.1988,117,7719,font_heading,font_heading,current_66,,MBRF3,2022-03-08,2022-03-08,2023-09-08,-0.6503505157868168,0.03695883535987421,-0.687309351146691
20788,MARFRIG,2021,2022,0.6557,7719,8859,font_heading,font_heading,current_66,,MBRF3,2023-03-01,2023-03-01,2024-09-03,1.0925343807455241,0.28709972450935584,0.8054346562361683
20788,MARFRIG,2022,2023,0.6528,8859,9363,font_heading,font_heading,current_66,,MBRF3,2024-03-27,2024-03-27,2025-09-29,1.12363238512035,0.14602623121416425,0.9776061539061858
20915,MRV,2015,2016,0.7558,5979,7654,regex_only,regex_only,current_66,,MRVE3,2017-03-13,2017-03-13,2018-09-20,-0.19133333333333324,0.19198663905771474,-0.383319972391048
20915,MRV,2016,2017,0.7923,7654,5438,regex_only,regex_only,current_66,,MRVE3,2018-03-08,2018-03-08,2019-09-17,0.3736381541427294,0.23100994403574937,0.14262821010698
20915,MRV,2017,2018,0.6175,5438,3261,regex_only,regex_only,current_66,,MRVE3,2019-02-28,2019-02-28,2020-09-04,0.3193524650478292,0.059186990338899514,0.2601654747089297
20915,MRV,2018,2019,0.1329,3261,12970,regex_only,regex_only,current_66,,MRVE3,2020-03-02,2020-03-02,2021-09-08,-0.32971014492753625,0.06365687725438773,-0.393367022181924
20915,MRV,2019,2021,0.1578,12970,19037,regex_only,font_heading,current_66,,MRVE3,2023-07-06,2023-07-06,2025-01-10,-0.6063418406805878,0.012184555851061596,-0.6185263965316494
20915,MRV,2021,2022,0.7886,19037,21706,font_heading,font_heading,current_66,,MRVE3,2023-07-06,2023-07-06,2025-01-10,-0.6063418406805878,0.012184555851061596,-0.6185263965316494
20915,MRV,2022,2023,0.9793,21706,22888,font_heading,font_heading,current_66,,MRVE3,2024-02-29,2024-02-29,2025-09-02,0.018372703412073532,0.08770065296843077,-0.06932794955635724
20931,MINERVA,2015,2016,0.9692,661,718,regex_only,regex_only,current_66,,BEEF3,2017-02-23,2017-02-23,2018-09-05,-0.4861878453038674,0.11311477572578932,-0.5993026210296567
20931,MINERVA,2016,2017,0.057,718,5027,regex_only,font_heading,current_66,,BEEF3,2018-03-05,2018-03-05,2019-09-12,-0.0634408602150538,0.213293029303965,-0.2767338895190188
20931,MINERVA,2017,2018,0.0241,5027,1152,font_heading,regex_only,current_66,,BEEF3,2019-03-12,2019-03-12,2020-09-15,1.0293255131964805,0.025247058537312794,1.0040784546591677
20931,MINERVA,2018,2019,0.0491,1152,4213,regex_only,font_heading,current_66,,BEEF3,2020-02-18,2020-02-18,2021-08-27,-0.33199999999999996,0.04957761227651036,-0.3815776122765103
20931,MINERVA,2019,2020,0.0439,4213,1667,font_heading,regex_only,current_66,,BEEF3,2021-02-25,2021-02-25,2022-08-30,0.6741214057507987,-0.016263844649871073,0.6903852504006698
20931,MINERVA,2020,2021,0.0757,1667,19117,regex_only,font_heading,current_66,,BEEF3,2022-02-23,2022-02-23,2023-08-29,-0.11694747274529238,0.05710326289436951,-0.1740507356396619
20931,MINERVA,2021,2022,0.1342,19117,7198,font_heading,regex_only,current_66,,BEEF3,2023-02-23,2023-02-23,2024-08-28,-0.3525423728813559,0.2765154419619069,-0.6290578148432628
20931,MINERVA,2022,2023,0.1236,7198,22809,regex_only,font_heading,current_66,,BEEF3,2024-03-25,2024-03-25,2025-09-25,0.0063537717809156735,0.14476126369607156,-0.1384074919151559
20982,MULTIPLAN,2015,2016,0.9149,24248,20028,font_heading,font_heading,current_66,,MULT3,2017-03-09,2017-03-09,2018-09-18,-0.13821892393320967,0.21256764123933602,-0.3507865651725457
20982,MULTIPLAN,2016,2017,0.9749,20028,23411,font_heading,font_heading,current_66,,MULT3,2018-02-28,2018-02-28,2019-09-09,0.09145299145299157,0.20886069349865677,-0.1174077020456652
20982,MULTIPLAN,2017,2018,0.8935,23411,28237,font_heading,font_heading,current_66,,MULT3,2019-02-21,2019-02-21,2020-08-28,-0.13038229376257549,0.05375536959982452,-0.1841376633624
20982,MULTIPLAN,2018,2019,0.9066,28237,24363,font_heading,font_heading,current_66,,MULT3,2020-02-17,2020-02-17,2021-08-26,-0.36536144578313257,0.029614921979271402,-0.39497636776240397
20982,MULTIPLAN,2019,2020,0.9532,24363,28421,font_heading,font_heading,current_66,,MULT3,2021-02-11,2021-02-11,2022-08-18,0.22201405152224818,-0.04599302446617071,0.2680070759884189
20982,MULTIPLAN,2020,2021,0.9712,28421,26955,font_heading,font_heading,current_66,,MULT3,2022-02-10,2022-02-10,2023-08-16,0.22294776119402981,0.019615363343567616,0.2033323978504622
20982,MULTIPLAN,2021,2022,0.9529,26955,22429,font_heading,font_heading,current_66,,MULT3,2023-02-09,2023-02-09,2024-08-16,0.14051015996541283,0.2402154283870508,-0.09970526842163796
20982,MULTIPLAN,2022,2023,0.988,22429,20942,font_heading,font_heading,current_66,,MULT3,2024-02-08,2024-02-08,2025-08-14,-0.027155963302752273,0.06347726961464994,-0.09063323291740222
20982,MULTIPLAN,2023,2024,0.9748,20942,19500,font_heading,font_heading,current_66,,MULT3,2025-02-06,2025-02-06,2026-08-13,0.22955974842767302,0.3238367533971549,-0.09427700496948188
21016,YDUQS,2015,2016,1.0,648,648,font_heading,font_heading,current_66,,YDUQ3,2017-03-16,2017-03-16,2018-09-25,0.48117942283563364,0.19529847065002492,0.2858809521856087
21016,YDUQS,2016,2017,1.0,648,648,font_heading,font_heading,current_66,,YDUQ3,2018-03-15,2018-03-15,2019-09-24,0.058383233532934176,0.2231002187730342,-0.16471698524010003
21016,YDUQS,2017,2018,1.0,648,648,font_heading,font_heading,current_66,,YDUQ3,2019-03-14,2019-03-14,2020-09-17,0.07266187050359707,0.015142589088326108,0.05751928141527096
21016,YDUQS,2018,2019,1.0,648,648,font_heading,font_heading,current_66,,YDUQ3,2020-03-23,2020-03-23,2021-09-29,0.1561904761904762,0.7477976115005878,-0.5916071353101116
21016,YDUQS,2019,2020,0.0906,648,1983,font_heading,regex_only,current_66,,YDUQ3,2021-03-17,2021-03-17,2022-09-20,-0.5561758548499651,-0.034599308242064475,-0.5215765466079006
21016,YDUQS,2020,2021,0.0428,1983,9829,regex_only,regex_only,current_66,,YDUQ3,2022-03-15,2022-03-15,2023-09-15,0.10534934497816595,0.08992559607119355,0.015423748906972401
21016,YDUQS,2021,2022,0.9859,9829,10726,regex_only,regex_only,current_66,,YDUQ3,2023-03-15,2023-03-15,2024-09-17,0.5108695652173911,0.31443485273256666,0.19643471248482447
21016,YDUQS,2022,2023,0.0509,10726,396,regex_only,regex_only,current_66,,YDUQ3,2024-03-14,2024-03-14,2025-09-16,-0.3413484205563413,0.1282150038879326,-0.4695634244442739
21237,ENEVA,2015,2016,0.5452,23415,7861,font_heading,font_heading,current_66,,ENEV3,2017-09-16,2017-09-18,2019-04-05,0.29266666666666663,0.2779003297916145,0.014766336875052133
21237,ENEVA,2016,2017,0.1868,7861,1422,font_heading,font_heading,current_66,,ENEV3,2018-03-14,2018-03-14,2019-09-23,1.0925240562546263,0.21599805510595105,0.8765260011486753
21237,ENEVA,2017,2018,0.2367,1422,14344,font_heading,font_heading,current_66,,ENEV3,2019-03-20,2019-03-20,2020-09-23,1.8110021786492374,-0.023526293033236723,1.8345284716824741
21237,ENEVA,2018,2019,0.1307,14344,332,font_heading,font_heading,current_66,,ENEV3,2020-04-10,2020-04-13,2021-10-20,0.6899626114466493,0.4052803662091671,0.2846822452374822
21237,ENEVA,2019,2020,0.1937,332,3836,font_heading,font_heading,current_66,,ENEV3,2021-03-10,2021-03-10,2022-09-13,0.0001575547502756791,-0.01757928447675572,0.017736839227031398
21237,ENEVA,2020,2021,0.9449,3836,4039,font_heading,font_heading,current_66,,ENEV3,2022-03-21,2022-03-21,2023-09-21,-0.11277072442120983,-8.161541353568502e-05,-0.11268910900767415
21237,ENEVA,2021,2022,0.0126,4039,51,font_heading,regex_only,current_66,,ENEV3,2023-03-24,2023-03-24,2024-09-26,0.32542694497153724,0.34585411791466236,-0.020427172943125127
21237,ENEVA,2022,2023,0.0802,51,16722,regex_only,font_heading,current_66,,ENEV3,2024-03-14,2024-03-14,2025-09-16,0.2535433070866142,0.1282150038879326,0.1253283031986816
21350,DIRECIONAL,2015,2016,0.9773,5752,5769,regex_only,regex_only,current_66,,DIRR3,2017-03-20,2017-03-20,2018-09-27,0.1606837605128204,0.23296586368313932,-0.07228210317031891
21350,DIRECIONAL,2016,2017,0.069,5769,1256,regex_only,font_heading,current_66,,DIRR3,2018-03-26,2018-03-26,2019-10-03,1.0081300814634147,0.19307266630045694,0.8150574151629577
21350,DIRECIONAL,2017,2018,0.08,1256,5846,font_heading,regex_only,current_66,,DIRR3,2019-03-11,2019-03-11,2020-09-14,0.7370786513778562,0.022931322124541298,0.7141473292533149
21350,DIRECIONAL,2018,2019,0.8506,5846,5405,regex_only,regex_only,current_66,,DIRR3,2020-03-09,2020-03-09,2021-09-15,-0.04261796050228306,0.3368918705383699,-0.37950983104065295
21350,DIRECIONAL,2019,2020,0.4908,5405,2565,regex_only,regex_only,current_66,,DIRR3,2021-03-15,2021-03-15,2022-09-16,0.1576128536987289,-0.04850095001564647,0.20611380371437538
21350,DIRECIONAL,2020,2021,0.0698,2565,7530,regex_only,regex_only,current_66,,DIRR3,2022-03-14,2022-03-14,2023-09-14,0.8075539566719827,0.08609237605617226,0.7214615806158104
21350,DIRECIONAL,2021,2022,0.8959,7530,12101,regex_only,regex_only,current_66,,DIRR3,2023-10-26,2023-10-26,2025-05-07,1.079571105413117,0.16223357216776968,0.9173375332453473
21350,DIRECIONAL,2022,2023,0.8767,12101,7639,regex_only,regex_only,current_66,,DIRR3,2024-03-11,2024-03-11,2025-09-11,0.8342719226937136,0.13500475248240695,0.6992671702113067
21431,HYPERA,2015,2016,0.8278,7145,4386,font_heading,font_heading,current_66,,HYPE3,2017-02-17,2017-02-17,2018-08-30,0.015045871559633106,0.12776194633026128,-0.11271607477062817
21431,HYPERA,2016,2017,0.4775,4386,7971,font_heading,font_heading,current_66,,HYPE3,2018-02-23,2018-02-23,2019-09-04,-0.09929653679653694,0.15932115705637684,-0.2586176938529138
21431,HYPERA,2017,2018,0.92,7971,7263,font_heading,font_heading,current_66,,HYPE3,2019-02-21,2019-02-21,2020-08-28,0.1640138408304499,0.05375536959982452,0.11025847123062538
21431,HYPERA,2018,2019,0.9182,7263,10966,font_heading,font_heading,current_66,,HYPE3,2020-03-06,2020-03-06,2021-09-14,-0.12165572942958103,0.1855548912479461,-0.30721062067752714
21431,HYPERA,2019,2020,0.9196,10966,12912,font_heading,font_heading,current_66,,HYPE3,2021-02-26,2021-02-26,2022-08-31,0.31391092129347165,-0.004655693266071181,0.3185666145595428
21431,HYPERA,2020,2021,0.9461,12912,14355,font_heading,font_heading,current_66,,HYPE3,2022-02-24,2022-02-24,2023-08-30,0.21785823872353482,0.05325862896642919,0.16459960975710564
21431,HYPERA,2021,2022,0.9343,14355,17498,font_heading,font_heading,current_66,,HYPE3,2023-02-16,2023-02-16,2024-08-23,-0.3302395855816965,0.23346069808423486,-0.5637002836659314
21431,HYPERA,2022,2023,0.964,17498,18355,font_heading,font_heading,current_66,,HYPE3,2024-03-13,2024-03-13,2025-09-15,-0.3246180963572268,0.12140465235822817,-0.446022748715455
21881,FLEURY,2015,2016,0.0496,3076,1847,font_heading,regex_only,current_66,,FLRY3,2017-03-09,2017-03-09,2018-09-18,0.12759787313665716,0.21256764123933602,-0.08496976810267887
21881,FLEURY,2016,2017,0.0511,1847,757,regex_only,regex_only,current_66,,FLRY3,2018-03-05,2018-03-05,2019-09-12,-0.1619377163706457,0.213293029303965,-0.3752307456746107
21881,FLEURY,2017,2018,0.0554,757,4237,regex_only,font_heading,current_66,,FLRY3,2019-04-18,2019-04-18,2020-10-23,0.2908587257414297,0.07064562194314017,0.2202131037982895
21881,FLEURY,2018,2019,0.8969,4237,4042,font_heading,font_heading,current_66,,FLRY3,2020-02-19,2020-02-19,2021-08-30,-0.25726789608814005,0.02765556448124573,-0.2849234605693858
21881,FLEURY,2019,2020,0.1065,4042,617,font_heading,regex_only,current_66,,FLRY3,2021-02-25,2021-02-25,2022-08-30,-0.40415276235402664,-0.016263844649871073,-0.38788891770415557
21881,FLEURY,2020,2021,0.1194,617,4983,regex_only,font_heading,current_66,,FLRY3,2022-03-17,2022-03-17,2023-09-19,-0.08106106056399742,0.042179030748521695,-0.12324009131251912
21881,FLEURY,2021,2022,0.984,4983,5456,font_heading,font_heading,current_66,,FLRY3,2023-03-16,2023-03-16,2024-09-18,0.175235849333782,0.2930645298200816,-0.11782868048629958
21881,FLEURY,2022,2023,0.9092,5456,6469,font_heading,font_heading,current_66,,FLRY3,2024-03-07,2024-03-07,2025-09-09,0.008945686900958316,0.10346388367876025,-0.09451819677780193
22187,PRIO,2015,2016,0.0494,3533,3128,font_heading,regex_only,current_66,,PRIO3,2017-03-28,2017-03-28,2018-10-05,1.6379310344827585,0.27352950049079183,1.3644015339919666
22187,PRIO,2016,2017,0.1238,3128,4238,regex_only,regex_only,current_66,,PRIO3,2020-11-03,2020-11-03,2022-05-16,3.172062904717854,0.12766271121260941,3.0444001935052443
22187,PRIO,2017,2018,0.0778,4238,3027,regex_only,regex_only,current_66,,PRIO3,2019-03-11,2019-03-11,2020-09-14,1.1416803953871497,0.022931322124541298,1.1187490732626084
22187,PRIO,2018,2019,0.0714,3027,6934,regex_only,font_heading,current_66,,PRIO3,2020-08-28,2020-08-28,2022-03-11,1.8971853919516164,0.0936939327158326,1.8034914592357838
22187,PRIO,2019,2020,0.0903,6934,1407,font_heading,regex_only,current_66,,PRIO3,2021-03-02,2021-03-02,2022-09-02,0.6195867865063616,-0.00605667214752037,0.6256434586538819
22187,PRIO,2020,2021,0.117,1407,7693,regex_only,regex_only,current_66,,PRIO3,2022-02-15,2022-02-15,2023-08-21,0.7378640776699028,-0.003473276333387787,0.7413373540032906
22349,AZZAS 2154,2015,2016,0.9745,3375,3226,font_heading,font_heading,current_66,,AZZA3,2017-03-08,2017-03-08,2018-09-17,0.2540192926045015,0.18651420423554388,0.06750508836895763
22349,AZZAS 2154,2016,2017,0.8937,3226,4863,font_heading,font_heading,current_66,,AZZA3,2018-03-07,2018-03-07,2019-09-16,-0.09379699248120299,0.21286961058589626,-0.30666660306709925
22349,AZZAS 2154,2017,2018,0.8574,4863,6709,font_heading,font_heading,current_66,,AZZA3,2019-02-20,2019-02-20,2020-08-27,0.010697159719660565,0.04224763609768356,-0.031550476378022996
22349,AZZAS 2154,2018,2019,0.9278,6709,5976,font_heading,font_heading,current_66,,AZZA3,2020-05-08,2020-05-08,2021-11-16,0.766906474820144,0.3007637981718929,0.46614267664825104
22349,AZZAS 2154,2019,2021,0.8655,5976,6852,font_heading,font_heading,current_66,,AZZA3,2022-03-11,2022-03-11,2023-09-13,-0.0672366886902448,0.05785267560904006,-0.12508936429928486
22349,AZZAS 2154,2021,2022,0.9578,6852,6314,font_heading,font_heading,current_66,,AZZA3,2023-04-17,2023-04-17,2024-10-17,-0.3951017999409856,0.2337177136172417,-0.6288195135582273
22349,AZZAS 2154,2022,2023,0.9691,6314,6276,font_heading,font_heading,current_66,,AZZA3,2024-03-07,2024-03-07,2025-09-09,-0.46457765667574924,0.10346388367876025,-0.5680415403545095
22357,ALLOS,2015,2016,0.7601,8449,5021,font_heading,font_heading,current_66,,ALOS3,2017-03-06,2017-03-06,2018-09-13,-0.05436272270443132,0.12579330212806883,-0.18015602483250015
22357,ALLOS,2016,2017,0.9305,5021,6107,font_heading,font_heading,current_66,,ALOS3,2018-03-13,2018-03-13,2019-09-20,0.6108786610878663,0.21339130096555103,0.3974873601223152
22357,ALLOS,2017,2018,0.971,6107,6544,font_heading,font_heading,current_66,,ALOS3,2019-04-08,2019-04-08,2020-10-13,-0.144406779661017,0.011641555566441975,-0.15604833522745898
22357,ALLOS,2018,2020,0.0896,6544,219,font_heading,regex_only,current_66,,ALOS3,2021-03-10,2021-03-10,2022-09-13,-0.2301255230125523,-0.01757928447675572,-0.21254623853579657
22357,ALLOS,2020,2022,0.1486,219,9626,regex_only,font_heading,current_66,,ALOS3,2023-03-30,2023-03-30,2024-10-02,0.23047091412742393,0.28734450546192414,-0.056873591334500206
22357,ALLOS,2022,2023,0.7849,9626,8340,font_heading,font_heading,current_66,,ALOS3,2024-03-20,2024-03-20,2025-09-22,0.0088459991958183,0.12379044371249126,-0.11494444451667296
22470,MAGAZ LUIZA,2015,2016,0.4116,2390,2794,regex_only,regex_only,current_66,,MGLU3,2017-05-31,2017-05-31,2018-12-11,4.239521912035324,0.3780504587119391,3.8614714533233845
22470,MAGAZ LUIZA,2016,2017,0.3034,2794,5080,regex_only,regex_only,current_66,,MGLU3,2018-02-22,2018-02-22,2019-09-03,2.525423728454599,0.1499009360747845,2.3755227923798143
22470,MAGAZ LUIZA,2017,2018,0.1464,5080,3489,regex_only,font_heading,current_66,,MGLU3,2019-02-25,2019-02-25,2020-09-01,3.390558433369616,0.05067569999557797,3.339882733374038
22470,MAGAZ LUIZA,2018,2019,0.1398,3489,8540,font_heading,regex_only,current_66,,MGLU3,2020-02-17,2020-02-17,2021-08-26,0.2778249785258655,0.029614921979271402,0.24821005654659412
22470,MAGAZ LUIZA,2019,2020,0.106,8540,2709,regex_only,regex_only,current_66,,MGLU3,2021-03-08,2021-03-08,2022-09-09,-0.8103896104092133,0.015268112072895024,-0.8256577224821083
22470,MAGAZ LUIZA,2020,2021,0.0866,2709,3599,regex_only,font_heading,current_66,,MGLU3,2022-03-14,2022-03-14,2023-09-14,-0.5159474672090069,0.08609237605617226,-0.6020398432651791
22470,MAGAZ LUIZA,2021,2022,0.1108,3599,6769,font_heading,regex_only,current_66,,MGLU3,2023-03-10,2023-03-10,2024-09-12,-0.6694063614536321,0.2934931315155058,-0.9628994929691379
22470,MAGAZ LUIZA,2022,2023,0.984,6769,7978,regex_only,regex_only,current_66,,MGLU3,2024-03-18,2024-03-18,2025-09-18,-0.465238095,0.1460787663706702,-0.6113168613706702
23264,AMBEV,2015,2016,0.949,1633,1715,font_heading,font_heading,current_66,,ABEV3,2018-07-05,2018-07-05,2020-01-17,0.016304347826086918,0.589180913566794,-0.5728765657407071
23264,AMBEV,2016,2017,0.9997,1715,1712,font_heading,font_heading,current_66,,ABEV3,2018-07-05,2018-07-05,2020-01-17,0.016304347826086918,0.589180913566794,-0.5728765657407071
23264,AMBEV,2017,2018,0.9475,1712,2042,font_heading,font_heading,current_66,,ABEV3,2019-02-28,2019-02-28,2020-09-04,-0.2687173534532792,0.059186990338899514,-0.3279043437921787
23264,AMBEV,2018,2019,0.9218,2042,2143,font_heading,font_heading,current_66,,ABEV3,2020-02-27,2020-02-27,2021-09-03,0.14206896551724135,0.13545606820510092,0.006612897312140431
23264,AMBEV,2019,2020,0.791,2143,4024,font_heading,font_heading,current_66,,ABEV3,2021-02-25,2021-02-25,2022-08-30,0.08609738884968254,-0.016263844649871073,0.10236123349955362
23264,AMBEV,2020,2021,0.0895,4024,24896,font_heading,regex_only,current_66,,ABEV3,2022-02-24,2022-02-24,2023-08-30,-0.04447439353099736,0.05325862896642919,-0.09773302249742655
23264,AMBEV,2021,2022,0.0734,24896,3299,regex_only,font_heading,current_66,,ABEV3,2023-03-02,2023-03-02,2024-09-04,-0.010662604722010749,0.31729907038535754,-0.3279616751073683
23264,AMBEV,2022,2023,0.968,3299,3718,font_heading,font_heading,current_66,,ABEV3,2024-02-29,2024-02-29,2025-09-02,-0.03338632750397452,0.08770065296843077,-0.12108698047240529
24260,SMART FIT,2016,2017,0.9421,8802,14198,font_heading,font_heading,current_66,,SMFT3,2018-05-30,2021-07-14,2023-01-17,-0.5154838708993024,-0.1321380824071926,-0.38334578849210976
24260,SMART FIT,2017,2018,0.0496,14198,1238,font_heading,regex_only,current_66,,SMFT3,2019-03-30,2021-07-14,2023-01-17,-0.5154838708993024,-0.1321380824071926,-0.38334578849210976
24260,SMART FIT,2018,2019,0.1109,1238,5566,regex_only,font_heading,current_66,,SMFT3,2020-04-03,2021-07-14,2023-01-17,-0.5154838708993024,-0.1321380824071926,-0.38334578849210976
24260,SMART FIT,2019,2020,0.678,5566,5934,font_heading,font_heading,current_66,,SMFT3,2021-03-25,2021-07-14,2023-01-17,-0.5154838708993024,-0.1321380824071926,-0.38334578849210976
24260,SMART FIT,2020,2021,0.6775,5934,11623,font_heading,font_heading,current_66,,SMFT3,2022-03-17,2022-03-17,2023-09-19,0.09326424867216598,0.042179030748521695,0.05108521792364429
24260,SMART FIT,2021,2022,0.6115,11623,3416,font_heading,font_heading,current_66,,SMFT3,2023-05-30,2023-05-30,2024-11-29,0.014476614654298725,0.15326470768268163,-0.1387880930283829
24260,SMART FIT,2022,2023,0.1673,3416,818,font_heading,font_heading,current_66,,SMFT3,2024-03-14,2024-03-14,2025-09-16,0.020999400564926107,0.1282150038879326,-0.1072156033230065
24295,VIBRA,2016,2017,0.88,26906,24992,regex_only,regex_only,current_66,,VBBR3,2018-03-16,2018-03-16,2019-09-25,0.19610447115641216,0.23083204769475674,-0.03472757653834457
24295,VIBRA,2017,2018,0.3086,24992,10466,regex_only,regex_only,current_66,,VBBR3,2019-02-26,2019-02-26,2020-09-02,-0.10750507118782016,0.044144361056325465,-0.15164943224414562
24295,VIBRA,2018,2019,0.3749,10466,2193,regex_only,regex_only,current_66,,VBBR3,2020-03-12,2020-03-12,2021-09-20,0.27939646182040434,0.49958591964209575,-0.22018945782169141
24295,VIBRA,2019,2020,0.1062,2193,2917,regex_only,font_heading,current_66,,VBBR3,2021-03-09,2021-03-09,2022-09-12,-0.0243397201843929,0.018646532283751016,-0.042986252468143915
24295,VIBRA,2020,2021,0.195,2917,4518,font_heading,font_heading,current_66,,VBBR3,2022-03-22,2022-03-22,2023-09-22,-0.22152950963381624,-0.010776615545817991,-0.21075289408799824
24295,VIBRA,2021,2022,0.345,4518,2209,font_heading,font_heading,current_66,,VBBR3,2023-03-21,2023-03-21,2024-09-23,0.6687719290470646,0.2927800742449389,0.3759918548021257
24392,HAPVIDA,2018,2019,0.0232,5167,901,regex_only,regex_only,current_66,,HAPV3,2020-03-26,2020-03-26,2021-10-04,0.2720777927921927,0.4205838759299678,-0.14850608313777514
24392,HAPVIDA,2019,2020,0.1249,901,5592,regex_only,font_heading,current_66,,HAPV3,2021-03-23,2021-03-23,2022-09-26,-0.48230668414154654,-0.03661993717210921,-0.44568674696943733
24392,HAPVIDA,2020,2021,0.8282,5592,8286,font_heading,font_heading,current_66,,HAPV3,2022-03-23,2022-03-23,2023-09-25,-0.634390651085142,-0.013049248348379061,-0.621341402736763
24392,HAPVIDA,2021,2022,0.0487,8286,632,font_heading,regex_only,current_66,,HAPV3,2023-02-28,2023-02-28,2024-09-02,-0.04677060133630295,0.2856531848789974,-0.33242378621530033
24392,HAPVIDA,2022,2023,0.033,632,14431,regex_only,font_heading,current_66,,HAPV3,2024-05-13,2024-05-13,2025-11-11,-0.4775821687214309,0.23092238690414946,-0.7085045556255803
24716,VAMOS,2018,2019,0.7002,7425,11240,font_heading,font_heading,current_66,,VAMO3,2020-01-31,2021-01-29,2022-08-05,0.9323671495524684,-0.07470073013634171,1.00706787968881
24716,VAMOS,2019,2020,0.8555,11240,14101,font_heading,font_heading,current_66,,VAMO3,2021-02-25,2021-02-25,2022-08-30,0.6802581401374777,-0.016263844649871073,0.6965219847873487
24716,VAMOS,2020,2021,0.9146,14101,15688,font_heading,font_heading,current_66,,VAMO3,2022-02-17,2022-02-17,2023-08-23,0.013256006340983228,0.04057228635493049,-0.02731628001394726
24716,VAMOS,2021,2022,0.2138,15688,4613,font_heading,regex_only,current_66,,VAMO3,2023-02-13,2023-02-13,2024-08-20,-0.407821228961613,0.25038426917006773,-0.6582054981316807
24716,VAMOS,2022,2023,0.1892,4613,26838,regex_only,font_heading,current_66,,VAMO3,2024-03-18,2024-03-18,2025-09-18,-0.48474388798711465,0.1460787663706702,-0.6308226543577848
24805,VIVARA S.A.,2019,2020,0.5668,4384,3098,font_heading,font_heading,current_66,,VIVA3,2021-03-17,2021-03-17,2022-09-20,0.10739957716701909,-0.034599308242064475,0.14199888540908356
24805,VIVARA S.A.,2020,2021,0.9403,3098,2655,font_heading,font_heading,current_66,,VIVA3,2022-03-17,2022-03-17,2023-09-19,0.08797417271993546,0.042179030748521695,0.045795141971413766
24805,VIVARA S.A.,2021,2022,0.8778,2655,2651,font_heading,font_heading,current_66,,VIVA3,2023-03-16,2023-03-16,2024-09-18,0.29001798561151104,0.2930645298200816,-0.003046544208570534
24805,VIVARA S.A.,2022,2023,0.9499,2651,2599,font_heading,font_heading,current_66,,VIVA3,2024-03-20,2024-03-20,2025-09-22,0.07847533632286985,0.12379044371249126,-0.04531510738962141
24821,REDE D OR,2018,2019,0.8745,9155,11336,regex_only,regex_only,current_66,,RDOR3,2020-11-16,2020-12-10,2022-06-23,-0.5256410256410255,-0.14808036888826004,-0.3775606567527655
24821,REDE D OR,2019,2020,0.1872,11336,34318,regex_only,font_heading,current_66,,RDOR3,2021-02-24,2021-02-24,2022-08-29,-0.5454420459232778,-0.028916090548292694,-0.5165259553749851
24821,REDE D OR,2020,2021,0.9291,34318,36125,font_heading,font_heading,current_66,,RDOR3,2022-03-29,2022-03-29,2023-09-29,-0.5066019417475729,-0.028738273155578198,-0.4778636685919947
24821,REDE D OR,2021,2022,0.8756,36125,42204,font_heading,font_heading,current_66,,RDOR3,2023-03-27,2023-03-27,2024-09-27,0.49904852521408194,0.3316919243984702,0.16735660081561177
24821,REDE D OR,2022,2023,0.6997,42204,16114,font_heading,font_heading,current_66,,RDOR3,2024-03-26,2024-03-26,2025-09-26,0.5982939123691353,0.14648587113880773,0.4518080412303276
24848,CEA MODAS,2018,2019,0.1898,5575,12509,regex_only,regex_only,current_66,,CEAB3,2020-03-23,2020-03-23,2021-09-29,0.2433333333333334,0.7477976115005878,-0.5044642781672544
24848,CEA MODAS,2019,2020,0.7049,12509,8566,regex_only,regex_only,current_66,,CEAB3,2021-03-18,2021-03-18,2022-09-21,-0.6929577464788732,-0.02524978571508807,-0.6677079607637851
24848,CEA MODAS,2020,2021,0.1737,8566,4690,regex_only,regex_only,current_66,,CEAB3,2022-03-10,2022-03-10,2023-09-12,0.2217294900221729,0.037874990773173245,0.18385449924899966
24848,CEA MODAS,2021,2023,0.1041,4690,3117,regex_only,regex_only,current_66,,CEAB3,2024-02-28,2024-02-28,2025-09-01,0.9243604004449388,0.08549455063073452,0.8388658498142043
24929,TIM,2018,2019,0.875,6181,6103,font_heading,font_heading,current_66,,TIMS3,2020-03-06,2020-03-06,2021-09-14,-0.252605763335377,0.1855548912479461,-0.4381606545833231
24929,TIM,2019,2020,0.6904,6103,7270,font_heading,font_heading,current_66,,TIMS3,2021-02-09,2021-02-09,2022-08-16,-0.08333333333333337,-0.04987996312429677,-0.033453370209036604
24929,TIM,2020,2021,0.7935,7270,6616,font_heading,font_heading,current_66,,TIMS3,2022-02-25,2022-02-25,2023-08-31,0.05878030859662009,0.022978835257730257,0.03580147333888983
24929,TIM,2021,2022,0.8441,6616,4707,font_heading,font_heading,current_66,,TIMS3,2023-02-09,2023-02-09,2024-08-16,0.6919518963922293,0.2402154283870508,0.4517364680051785
24929,TIM,2022,2023,0.8805,4707,3885,font_heading,font_heading,current_66,,TIMS3,2024-02-06,2024-02-06,2025-08-12,0.217199558985667,0.057487978305780896,0.1597115806798861
24929,TIM,2023,2024,0.905,3885,3870,font_heading,font_heading,current_66,,TIMS3,2025-02-10,2025-02-10,2026-08-17,0.1465571699305115,0.32819276874323955,-0.18163559881272806
25100,CURY S/A,2019,2020,0.9361,4120,4327,font_heading,font_heading,current_66,,CURY3,2021-03-22,2021-03-22,2022-09-23,0.22994652406417115,-0.028377912252739335,0.2583244363169105
25100,CURY S/A,2020,2021,0.0741,4327,1984,font_heading,regex_only,current_66,,CURY3,2022-03-24,2022-03-24,2023-09-26,1.0,-0.04081781789290162,1.0408178178929015
25100,CURY S/A,2021,2022,0.076,1984,7435,regex_only,font_heading,current_66,,CURY3,2023-09-14,2023-09-14,2025-03-24,0.4627692307692308,0.09992239819317206,0.36284683257605876
25100,CURY S/A,2022,2023,0.424,7435,44162,font_heading,font_heading,current_66,,CURY3,2024-03-11,2024-03-11,2025-09-11,0.6901480347115876,0.13500475248240695,0.5551432822291806
25291,BRAVA,2020,2021,0.8861,1860,3944,font_heading,font_heading,current_66,,BRAV3,2022-02-22,2022-02-22,2023-08-28,-0.11869331505468006,0.03746224260752329,-0.15615555766220335
25291,BRAVA,2021,2022,0.0654,3944,3720,font_heading,regex_only,current_66,,BRAV3,2023-03-08,2023-03-08,2024-09-10,-0.34684874231459295,0.26073940832916565,-0.6075881506437586
25291,BRAVA,2022,2023,0.087,3720,775,regex_only,regex_only,current_66,,BRAV3,2024-03-07,2024-03-07,2025-09-09,-0.3206642066420664,0.10346388367876025,-0.42412809032082666
25372,ASSAI,2019,2020,0.0204,93,8890,font_heading,regex_only,current_66,,ASAI3,2021-03-01,2021-03-01,2022-09-01,0.31442577030812324,0.0006386922425130059,0.31378707806561024
25372,ASSAI,2020,2021,0.0307,8890,60,regex_only,font_heading,current_66,,ASAI3,2022-02-21,2022-02-21,2023-08-25,-0.007223113964687111,0.03680366040637173,-0.04402677437105884
25372,ASSAI,2021,2022,0.1995,60,368,font_heading,font_heading,current_66,,ASAI3,2023-02-15,2023-02-15,2024-08-22,-0.4927159209157128,0.2333322749405249,-0.7260481958562377
25372,ASSAI,2022,2023,0.0365,368,15900,font_heading,regex_only,current_66,,ASAI3,2024-02-21,2024-02-21,2025-08-25,-0.2995810055865923,0.061474220339397645,-0.36105522592598993
25585,CSNMINERACAO,2020,2021,0.1483,639,3901,regex_only,font_heading,current_66,,CMIN3,2022-03-09,2022-03-09,2023-09-11,-0.3472429210134128,0.02618956185732202,-0.3734324828707348
25585,CSNMINERACAO,2021,2022,0.4736,3901,1047,font_heading,font_heading,current_66,,CMIN3,2023-03-08,2023-03-08,2024-09-10,0.1692913385826773,0.26073940832916565,-0.09144806974648834
25585,CSNMINERACAO,2022,2023,0.4436,1047,3366,font_heading,font_heading,current_66,,CMIN3,2024-03-06,2024-03-06,2025-09-08,-0.13400335008375208,0.10009563952209555,-0.23409898960584763
25780,PETRORECSA,2020,2021,0.2445,7853,7351,regex_only,font_heading,current_66,,RECV3,2022-06-02,2022-06-02,2023-12-06,-0.312344361437211,0.1177097380964689,-0.4300540995336799
25780,PETRORECSA,2021,2022,0.6137,7351,4742,font_heading,font_heading,current_66,,RECV3,2023-03-22,2023-03-22,2024-09-24,-0.11116435074269282,0.3186482663299961,-0.4298126170726889
25780,PETRORECSA,2022,2023,0.1916,4742,1694,font_heading,regex_only,current_66,,RECV3,2024-03-05,2024-03-05,2025-09-05,-0.4417897480451781,0.11352259607889614,-0.5553123441240743
26620,AUREN,2021,2022,0.0963,14836,7412,regex_only,font_heading,current_66,,AURE3,2023-02-16,2023-02-16,2024-08-23,-0.23649538866930175,0.23346069808423486,-0.4699560867535366
26620,AUREN,2022,2023,0.5024,7412,7899,font_heading,font_heading,current_66,,AURE3,2024-02-09,2024-02-09,2025-08-15,-0.23284502698535092,0.06494844394523902,-0.29779347093058994
2577,CESP - Companhia Energética de São Paulo,2015,2016,0.0324,686,1699,font_heading,font_heading,dropped_or_delisted,dropped_or_delisted,CESP6,2017-03-24,2017-03-24,2018-10-03,-0.22811816192560186,0.3041266005123895,-0.5322447624379913
2577,CESP - Companhia Energética de São Paulo,2016,2017,0.2397,1699,154,font_heading,font_heading,dropped_or_delisted,dropped_or_delisted,CESP6,2018-03-21,2018-03-21,2019-09-30,0.7845961177207263,0.23263712982599105,0.5519589878947353
2577,CESP - Companhia Energética de São Paulo,2017,2018,1.0,154,154,font_heading,font_heading,dropped_or_delisted,dropped_or_delisted,CESP6,2019-03-22,2019-03-22,2020-09-25,0.1963414634146341,0.03482396945009425,0.16151749396453985
2577,CESP - Companhia Energética de São Paulo,2018,2019,0.0354,154,9692,font_heading,regex_only,dropped_or_delisted,dropped_or_delisted,CESP6,2020-02-17,2020-02-17,2021-08-26,-0.3196650303205314,0.029614921979271402,-0.3492799522998028
6505,Grupo Casas Bahia S.A. (Via Varejo),2015,2016,0.8085,3122,3231,font_heading,font_heading,dropped_or_delisted,dropped_or_delisted,BHIA3,2017-02-23,2017-02-23,2018-09-06,0.20454545454545459,0.1327369625796324,0.07180849196582217
6505,Grupo Casas Bahia S.A. (Via Varejo),2016,2017,0.9081,3231,3485,font_heading,font_heading,dropped_or_delisted,dropped_or_delisted,BHIA3,2018-02-19,2018-02-19,2019-08-29,-0.05555555555555558,0.1855311618180382,-0.24108671737359377
6505,Grupo Casas Bahia S.A. (Via Varejo),2017,2018,0.8403,3485,3880,font_heading,font_heading,dropped_or_delisted,dropped_or_delisted,BHIA3,2019-02-20,2019-02-20,2020-08-27,2.907869481765835,0.04224763609768356,2.8656218456681515
6505,Grupo Casas Bahia S.A. (Via Varejo),2018,2019,0.7987,3880,6079,font_heading,font_heading,dropped_or_delisted,dropped_or_delisted,BHIA3,2020-03-26,2020-03-26,2021-10-04,0.3508771929824561,0.4205838759299678,-0.0697066829475117
6505,Grupo Casas Bahia S.A. (Via Varejo),2019,2020,0.1693,6079,11088,font_heading,regex_only,dropped_or_delisted,dropped_or_delisted,BHIA3,2021-03-02,2021-03-02,2022-09-02,-0.7420965058236273,-0.00605667214752037,-0.7360398336761069
6505,Grupo Casas Bahia S.A. (Via Varejo),2020,2021,0.0756,11088,533,regex_only,font_heading,dropped_or_delisted,dropped_or_delisted,BHIA3,2022-03-09,2022-03-09,2023-09-11,-0.6539589442815249,0.02618956185732202,-0.6801485061388469
6505,Grupo Casas Bahia S.A. (Via Varejo),2021,2022,1.0,533,533,font_heading,font_heading,dropped_or_delisted,dropped_or_delisted,BHIA3,2023-03-09,2023-03-09,2024-09-11,-0.8769072164948454,0.2817666764790614,-1.1586738929739067
6505,Grupo Casas Bahia S.A. (Via Varejo),2022,2023,0.3103,533,10433,font_heading,font_heading,dropped_or_delisted,dropped_or_delisted,BHIA3,2024-03-25,2024-03-25,2025-09-25,-0.353030303030303,0.14476126369607156,-0.4977915667263746
10456,Alpargatas S.A.,2015,2016,0.7808,3926,5798,font_heading,font_heading,dropped_or_delisted,dropped_or_delisted,ALPA4,2017-03-22,2017-03-22,2018-10-01,-0.02667744543249806,0.23775191140489182,-0.2644293568373899
10456,Alpargatas S.A.,2016,2017,0.9193,5798,6834,font_heading,font_heading,dropped_or_delisted,dropped_or_delisted,ALPA4,2018-02-09,2018-02-09,2019-08-23,0.8549402139710509,0.20728132837734115,0.6476588855937098
10456,Alpargatas S.A.,2017,2019,0.8291,6834,5840,font_heading,font_heading,dropped_or_delisted,dropped_or_delisted,ALPA4,2020-02-07,2020-02-07,2021-08-18,0.6521865044888502,0.02524665927750913,0.626939845211341
10456,Alpargatas S.A.,2019,2020,0.1169,5840,879,font_heading,regex_only,dropped_or_delisted,dropped_or_delisted,ALPA4,2021-02-12,2021-02-12,2022-08-19,-0.5007759958613553,-0.06642045564919385,-0.4343555402121615
10456,Alpargatas S.A.,2020,2021,0.2224,879,1640,regex_only,regex_only,dropped_or_delisted,dropped_or_delisted,ALPA4,2022-02-23,2022-02-23,2023-08-29,-0.6255436931593514,0.05710326289436951,-0.6826469560537209
10456,Alpargatas S.A.,2021,2022,0.2462,1640,847,regex_only,regex_only,dropped_or_delisted,dropped_or_delisted,ALPA4,2023-03-02,2023-03-02,2024-09-04,-0.17792068595927113,0.31729907038535754,-0.49521975634462867
10456,Alpargatas S.A.,2022,2023,0.6309,847,574,regex_only,regex_only,dropped_or_delisted,dropped_or_delisted,ALPA4,2024-02-28,2024-02-28,2025-09-01,-0.04117647058823526,0.08549455063073452,-0.12667102121896978
11312,Oi S.A. - Em Recuperação Judicial,2015,2016,0.8642,454,581,font_heading,font_heading,dropped_or_delisted,dropped_or_delisted,OIBR3,2017-03-22,2017-03-22,2018-10-01,-0.4578313254189923,0.23775191140489182,-0.6955832368238841
11312,Oi S.A. - Em Recuperação Judicial,2016,2017,0.2413,581,6191,font_heading,font_heading,dropped_or_delisted,dropped_or_delisted,OIBR3,2018-04-12,2018-04-12,2019-10-21,-0.6658819242818059,0.24084643974798325,-0.9067283640297892
11312,Oi S.A. - Em Recuperação Judicial,2017,2018,0.4525,6191,4472,font_heading,font_heading,dropped_or_delisted,dropped_or_delisted,OIBR3,2019-03-26,2019-03-26,2020-09-29,-0.07734806629834257,-0.018114863133614212,-0.059233203164728354
11312,Oi S.A. - Em Recuperação Judicial,2018,2019,0.1676,4472,987,font_heading,font_heading,dropped_or_delisted,dropped_or_delisted,OIBR3,2020-03-25,2020-03-25,2021-10-01,0.9230769230769231,0.50622081854624,0.4168561045306831
11312,Oi S.A. - Em Recuperação Judicial,2019,2020,0.7119,987,1600,font_heading,font_heading,dropped_or_delisted,dropped_or_delisted,OIBR3,2021-05-10,2021-05-10,2022-11-11,-0.8857142857142857,-0.0792028285353431,-0.8065114571789426
11312,Oi S.A. - Em Recuperação Judicial,2020,2021,1.0,1600,1600,font_heading,font_heading,dropped_or_delisted,dropped_or_delisted,OIBR3,2022-05-05,2022-05-05,2023-11-07,-0.9144736842105263,0.1326050748787868,-1.0470787590893131
11312,Oi S.A. - Em Recuperação Judicial,2021,2022,0.7119,1600,984,font_heading,font_heading,dropped_or_delisted,dropped_or_delisted,OIBR3,2023-05-22,2023-05-22,2024-11-21,-0.879067358008575,0.15160617901026674,-1.0306735370188418
11312,Oi S.A. - Em Recuperação Judicial,2022,2023,0.9443,984,978,font_heading,font_heading,dropped_or_delisted,dropped_or_delisted,OIBR3,2024-03-27,2024-03-27,2025-09-29,-0.9213349477183157,0.14602623121416425,-1.06736117893248
14826,Companhia Brasileira de Distribuição (GPA),2015,2016,0.8257,7026,8890,font_heading,font_heading,dropped_or_delisted,dropped_or_delisted,PCAR3,2017-03-07,2017-03-29,2021-07-05,1.2696614273605378,0.9368741348202434,0.3327872925402944
14826,Companhia Brasileira de Distribuição (GPA),2016,2017,0.8972,8890,8070,font_heading,font_heading,dropped_or_delisted,dropped_or_delisted,PCAR3,2018-02-19,2018-10-23,2021-07-16,1.1135132769114446,0.47667310316303513,0.6368401737484095
14826,Companhia Brasileira de Distribuição (GPA),2017,2018,0.8987,8070,8590,font_heading,font_heading,dropped_or_delisted,dropped_or_delisted,PCAR3,2019-03-26,2019-07-10,2021-07-22,0.9320806607055425,0.19211979916289512,0.7399608615426474
14826,Companhia Brasileira de Distribuição (GPA),2018,2019,0.1482,8590,6367,font_heading,regex_only,dropped_or_delisted,dropped_or_delisted,PCAR3,2020-10-28,2020-10-28,2022-05-11,0.6472959774283951,0.09466559070286751,0.5526303867255276
14826,Companhia Brasileira de Distribuição (GPA),2019,2020,0.3999,6367,1093,regex_only,regex_only,dropped_or_delisted,dropped_or_delisted,PCAR3,2021-02-23,2021-02-23,2022-08-26,0.14320593550450478,-0.025415816681197412,0.1686217521857022
14826,Companhia Brasileira de Distribuição (GPA),2020,2021,0.0805,1093,6845,regex_only,font_heading,dropped_or_delisted,dropped_or_delisted,PCAR3,2022-02-23,2022-02-23,2023-08-29,-0.24611446680932114,0.05710326289436951,-0.30321772970369065
14826,Companhia Brasileira de Distribuição (GPA),2021,2022,0.9408,6845,7065,font_heading,font_heading,dropped_or_delisted,dropped_or_delisted,PCAR3,2023-02-27,2023-02-27,2024-08-30,-0.40272766223973755,0.28656379820274225,-0.6892914604424798
16101,Gafisa S.A.,2015,2016,0.8982,9999,9460,font_heading,font_heading,dropped_or_delisted,dropped_or_delisted,GFSA3,2017-05-09,2017-05-09,2018-11-16,0.027022873296196126,0.3355217526506289,-0.30849887935443276
16101,Gafisa S.A.,2016,2017,0.9208,9460,9321,font_heading,font_heading,dropped_or_delisted,dropped_or_delisted,GFSA3,2018-03-09,2018-03-09,2019-09-18,-0.4231200425982481,0.21026043224256719,-0.6333804748408153
16101,Gafisa S.A.,2017,2018,0.9183,9321,10509,font_heading,font_heading,dropped_or_delisted,dropped_or_delisted,GFSA3,2019-04-03,2019-04-03,2020-10-07,-0.38914228343079305,0.01095104024193505,-0.4000933236727281
16101,Gafisa S.A.,2018,2019,0.9225,10509,7976,font_heading,font_heading,dropped_or_delisted,dropped_or_delisted,GFSA3,2020-03-26,2020-03-26,2021-10-04,-0.22325028225014631,0.4205838759299678,-0.6438341581801141
16101,Gafisa S.A.,2019,2020,0.9197,7976,9382,font_heading,font_heading,dropped_or_delisted,dropped_or_delisted,GFSA3,2021-03-16,2021-03-16,2022-09-19,-0.7474332649488638,-0.01925024982726531,-0.7281830151215984
16101,Gafisa S.A.,2020,2021,0.9204,9382,9858,font_heading,font_heading,dropped_or_delisted,dropped_or_delisted,GFSA3,2022-03-19,2022-03-21,2023-09-21,-0.7389357614009313,-8.161541353568502e-05,-0.7388541459873956
16101,Gafisa S.A.,2021,2022,0.8882,9858,8175,font_heading,font_heading,dropped_or_delisted,dropped_or_delisted,GFSA3,2023-03-29,2023-03-29,2024-10-01,-0.5681272454335136,0.3016198046772003,-0.8697470501107138
16101,Gafisa S.A.,2022,2023,0.8837,8175,8508,font_heading,font_heading,dropped_or_delisted,dropped_or_delisted,GFSA3,2024-03-26,2024-03-26,2025-09-26,-0.9198598130841121,0.14648587113880773,-1.0663456842229198
16292,BRF S.A.,2015,2016,0.0429,14058,689,font_heading,regex_only,dropped_or_delisted,dropped_or_delisted,BRFS3,2017-02-23,2017-02-23,2018-09-05,-0.47660098522167493,0.11311477572578932,-0.5897157609474643
16292,BRF S.A.,2016,2017,0.8641,689,1305,regex_only,regex_only,dropped_or_delisted,dropped_or_delisted,BRFS3,2018-02-22,2018-02-22,2019-09-03,0.2175597159457714,0.1499009360747845,0.0676587798709869
16292,BRF S.A.,2017,2018,0.0578,1305,21724,regex_only,font_heading,dropped_or_delisted,dropped_or_delisted,BRFS3,2019-02-28,2019-02-28,2020-09-04,-0.028682547399124902,0.059186990338899514,-0.08786953773802442
16292,BRF S.A.,2018,2019,0.1233,21724,578,font_heading,font_heading,dropped_or_delisted,dropped_or_delisted,BRFS3,2020-03-03,2020-03-03,2021-09-09,-0.10401529636711282,0.09308347491071856,-0.19709877127783137
16292,BRF S.A.,2019,2020,0.0846,578,4833,font_heading,regex_only,dropped_or_delisted,dropped_or_delisted,BRFS3,2021-02-25,2021-02-25,2022-08-30,-0.30544830544830537,-0.016263844649871073,-0.2891844607984343
16292,BRF S.A.,2020,2021,0.8307,4833,5457,regex_only,regex_only,dropped_or_delisted,dropped_or_delisted,BRFS3,2022-02-22,2022-02-22,2023-08-28,-0.5007751937984497,0.03746224260752329,-0.538237436405973
16292,BRF S.A.,2021,2022,0.8403,5457,4879,regex_only,regex_only,dropped_or_delisted,dropped_or_delisted,BRFS3,2023-02-28,2023-02-28,2024-09-02,3.0016233766233764,0.2856531848789974,2.715970191744379
16292,BRF S.A.,2022,2023,0.0885,4879,7521,regex_only,font_heading,dropped_or_delisted,dropped_or_delisted,BRFS3,2024-02-26,2024-02-26,2025-08-28,0.4211277658815131,0.08826659866729991,0.3328611672142132
16306,Rossi Residencial S.A. - Em Recuperação Judicial,2015,2016,0.2094,7447,2722,font_heading,font_heading,dropped_or_delisted,dropped_or_delisted,RSID3,2017-03-23,2017-03-23,2018-10-02,-0.5013123359580052,0.28460987184324327,-0.7859222078012484
16306,Rossi Residencial S.A. - Em Recuperação Judicial,2016,2017,0.1749,2722,5799,font_heading,regex_only,dropped_or_delisted,dropped_or_delisted,RSID3,2018-03-26,2018-03-26,2019-10-03,-0.38593749999999993,0.19307266630045694,-0.5790101663004569
16306,Rossi Residencial S.A. - Em Recuperação Judicial,2017,2018,0.9062,5799,4872,regex_only,regex_only,dropped_or_delisted,dropped_or_delisted,RSID3,2019-03-27,2019-03-27,2020-09-30,0.03601694915254239,0.02937845607453049,0.006638493078011898
16306,Rossi Residencial S.A. - Em Recuperação Judicial,2018,2020,0.8585,4872,4765,regex_only,regex_only,dropped_or_delisted,dropped_or_delisted,RSID3,2021-03-17,2021-03-17,2022-09-20,-0.7177814026742351,-0.034599308242064475,-0.6831820944321706
16306,Rossi Residencial S.A. - Em Recuperação Judicial,2020,2021,0.1295,4765,6777,regex_only,font_heading,dropped_or_delisted,dropped_or_delisted,RSID3,2022-03-16,2022-03-16,2023-09-18,-0.5229813664596275,0.06458125342052212,-0.5875626198801496
16306,Rossi Residencial S.A. - Em Recuperação Judicial,2021,2022,0.3737,6777,592,font_heading,font_heading,dropped_or_delisted,dropped_or_delisted,RSID3,2023-09-29,2023-09-29,2025-04-08,-0.33762886597938147,0.06319829499669583,-0.4008271609760773
16306,Rossi Residencial S.A. - Em Recuperação Judicial,2022,2023,0.7194,592,532,font_heading,font_heading,dropped_or_delisted,dropped_or_delisted,RSID3,2024-06-24,2024-06-24,2025-12-30,-0.6841121495327103,0.31384021586966915,-0.9979523654023794
17892,Santos Brasil Participações S.A.,2015,2016,0.825,4688,6844,font_heading,font_heading,dropped_or_delisted,dropped_or_delisted,STBP3,2017-02-15,2017-02-15,2018-08-28,0.45408163265306123,0.1397207644274605,0.3143608682256007
17892,Santos Brasil Participações S.A.,2016,2017,0.8657,6844,6053,font_heading,font_heading,dropped_or_delisted,dropped_or_delisted,STBP3,2018-06-18,2018-06-18,2019-12-27,2.42436974789916,0.669189295725988,1.755180452173172
17892,Santos Brasil Participações S.A.,2017,2018,0.6572,6053,6202,font_heading,font_heading,dropped_or_delisted,dropped_or_delisted,STBP3,2019-02-21,2019-02-21,2020-08-28,0.27857142857142847,0.05375536959982452,0.22481605897160395
17892,Santos Brasil Participações S.A.,2018,2019,0.8413,6202,8711,font_heading,font_heading,dropped_or_delisted,dropped_or_delisted,STBP3,2020-03-05,2020-03-05,2021-09-13,0.3094017094017094,0.1386097666902728,0.1707919427114366
17892,Santos Brasil Participações S.A.,2019,2020,0.847,8711,7312,font_heading,font_heading,dropped_or_delisted,dropped_or_delisted,STBP3,2021-03-08,2021-03-08,2022-09-09,0.5924528301886791,0.015268112072895024,0.5771847181157841
17892,Santos Brasil Participações S.A.,2020,2021,0.9535,7312,7143,font_heading,font_heading,dropped_or_delisted,dropped_or_delisted,STBP3,2022-03-10,2022-03-10,2023-09-12,0.36257309941520477,0.037874990773173245,0.3246981086420315
17892,Santos Brasil Participações S.A.,2021,2022,0.9594,7143,7046,font_heading,font_heading,dropped_or_delisted,dropped_or_delisted,STBP3,2023-11-29,2023-11-29,2025-06-06,0.6375598086124403,0.07875725910794729,0.558802549504493
17892,Santos Brasil Participações S.A.,2022,2023,0.8341,7046,5564,font_heading,font_heading,dropped_or_delisted,dropped_or_delisted,STBP3,2024-03-20,2024-03-20,2025-09-22,0.21882951653944027,0.12379044371249126,0.09503907282694901
18627,Cia. de Saneamento do Paraná (Sanepar),2015,2016,0.7787,29849,36790,regex_only,regex_only,dropped_or_delisted,dropped_or_delisted,SAPR11,2017-02-21,2017-11-22,2019-06-07,0.2524801587301586,0.3127059631537228,-0.06022580442356418
18627,Cia. de Saneamento do Paraná (Sanepar),2016,2017,0.8094,36790,18979,regex_only,regex_only,dropped_or_delisted,dropped_or_delisted,SAPR11,2018-02-06,2018-02-06,2019-08-20,0.3669692739816637,0.18270916503723034,0.18426010894443334
18627,Cia. de Saneamento do Paraná (Sanepar),2017,2018,0.3676,18979,9747,regex_only,regex_only,dropped_or_delisted,dropped_or_delisted,SAPR11,2019-02-21,2019-02-21,2020-08-28,0.06769750533623942,0.05375536959982452,0.013942135736414896
18627,Cia. de Saneamento do Paraná (Sanepar),2018,2019,0.3907,9747,12165,regex_only,regex_only,dropped_or_delisted,dropped_or_delisted,SAPR11,2020-02-06,2020-02-06,2021-08-17,-0.4461223693926464,0.02355942356107299,-0.46968179295371937
18627,Cia. de Saneamento do Paraná (Sanepar),2019,2020,0.8183,12165,14409,regex_only,regex_only,dropped_or_delisted,dropped_or_delisted,SAPR11,2021-02-11,2021-02-11,2022-08-18,-0.1642728904847397,-0.04599302446617071,-0.11827986601856899
18627,Cia. de Saneamento do Paraná (Sanepar),2020,2021,0.1295,14409,19434,regex_only,font_heading,dropped_or_delisted,dropped_or_delisted,SAPR11,2022-02-24,2022-02-24,2023-08-30,0.16355376072690575,0.05325862896642919,0.11029513176047656
18627,Cia. de Saneamento do Paraná (Sanepar),2021,2022,0.987,19434,20248,font_heading,font_heading,dropped_or_delisted,dropped_or_delisted,SAPR11,2023-02-16,2023-02-16,2024-08-23,0.6739757645701099,0.23346069808423486,0.440515066485875
18627,Cia. de Saneamento do Paraná (Sanepar),2022,2023,0.9924,20248,19989,font_heading,font_heading,dropped_or_delisted,dropped_or_delisted,SAPR11,2024-02-08,2024-02-08,2025-08-14,0.252650822669104,0.06347726961464994,0.18917355305445405
19453,Ecorodovias Infraestrutura e Logística S.A.,2015,2016,0.934,15235,14580,font_heading,font_heading,dropped_or_delisted,dropped_or_delisted,ECOR3,2017-02-20,2017-02-20,2018-08-31,-0.2502639915522704,0.11884328189426219,-0.3691072734465326
19453,Ecorodovias Infraestrutura e Logística S.A.,2016,2017,0.4898,14580,25398,font_heading,font_heading,dropped_or_delisted,dropped_or_delisted,ECOR3,2018-02-28,2018-02-28,2019-09-09,0.28358208955223874,0.20886069349865677,0.07472139605358197
19453,Ecorodovias Infraestrutura e Logística S.A.,2017,2018,0.8932,25398,30686,font_heading,font_heading,dropped_or_delisted,dropped_or_delisted,ECOR3,2019-03-14,2019-03-14,2020-09-17,0.27053140096618367,0.015142589088326108,0.25538881187785756
19453,Ecorodovias Infraestrutura e Logística S.A.,2018,2019,0.9848,30686,36829,font_heading,font_heading,dropped_or_delisted,dropped_or_delisted,ECOR3,2020-02-18,2020-02-18,2021-08-27,-0.40570430733410934,0.04957761227651036,-0.4552819196106197
19453,Ecorodovias Infraestrutura e Logística S.A.,2019,2020,0.3982,36829,8710,font_heading,font_heading,dropped_or_delisted,dropped_or_delisted,ECOR3,2021-03-10,2021-03-10,2022-09-13,-0.41596244131455407,-0.01757928447675572,-0.39838315683779835
19453,Ecorodovias Infraestrutura e Logística S.A.,2020,2021,0.3252,8710,23998,font_heading,regex_only,dropped_or_delisted,dropped_or_delisted,ECOR3,2022-03-25,2022-03-25,2023-09-27,-0.08248730964466999,-0.03992303398531738,-0.04256427565935261
19453,Ecorodovias Infraestrutura e Logística S.A.,2021,2022,0.2156,23998,13937,regex_only,font_heading,dropped_or_delisted,dropped_or_delisted,ECOR3,2023-03-16,2023-03-16,2024-09-18,0.6455696202531644,0.2930645298200816,0.35250509043308287
19453,Ecorodovias Infraestrutura e Logística S.A.,2022,2023,0.7702,13937,9155,font_heading,font_heading,dropped_or_delisted,dropped_or_delisted,ECOR3,2024-03-13,2024-03-13,2025-09-15,-0.14497354497354487,0.12140465235822817,-0.26637819733177304
19879,Light S.A. - Em Recuperação Judicial,2017,2018,0.374,14242,30379,regex_only,font_heading,dropped_or_delisted,dropped_or_delisted,LIGT3,2019-03-28,2019-03-28,2020-10-01,-0.26764705882352935,0.011543513466726107,-0.27919057229025546
19879,Light S.A. - Em Recuperação Judicial,2018,2019,0.9939,30379,27401,font_heading,font_heading,dropped_or_delisted,dropped_or_delisted,LIGT3,2020-03-12,2020-03-12,2021-09-20,-0.014598540145985384,0.49958591964209575,-0.5141844597880811
19879,Light S.A. - Em Recuperação Judicial,2019,2021,0.961,27401,2874,font_heading,font_heading,dropped_or_delisted,dropped_or_delisted,LIGT3,2022-03-24,2022-03-24,2023-09-26,-0.4352482960077897,-0.04081781789290162,-0.3944304781148881
19879,Light S.A. - Em Recuperação Judicial,2021,2022,0.9131,2874,16761,font_heading,font_heading,dropped_or_delisted,dropped_or_delisted,LIGT3,2023-03-28,2023-03-28,2024-09-30,2.055793991416309,0.3027259253314891,1.75306806608482
19879,Light S.A. - Em Recuperação Judicial,2022,2023,0.8883,16761,7503,font_heading,font_heading,dropped_or_delisted,dropped_or_delisted,LIGT3,2024-03-25,2024-03-25,2025-09-25,0.16023166023166024,0.14476126369607156,0.015470396535588682
19909,BR Malls Participações S.A.,2015,2016,0.1156,168,137,font_heading,font_heading,dropped_or_delisted,dropped_or_delisted,BRML3,2017-03-15,2017-03-15,2018-09-24,-0.28780964772379103,0.17738840924902388,-0.4651980569728149
19909,BR Malls Participações S.A.,2016,2017,0.1156,137,168,font_heading,font_heading,dropped_or_delisted,dropped_or_delisted,BRML3,2018-03-16,2018-03-16,2019-09-25,0.288512911843277,0.23083204769475674,0.05768086414852025
19909,BR Malls Participações S.A.,2017,2019,0.0441,168,991,font_heading,font_heading,dropped_or_delisted,dropped_or_delisted,BRML3,2020-03-12,2020-03-12,2021-09-20,-0.24955752212389382,0.49958591964209575,-0.7491434417659896
19909,BR Malls Participações S.A.,2019,2020,0.3887,991,1505,font_heading,font_heading,dropped_or_delisted,dropped_or_delisted,BRML3,2021-04-09,2021-04-09,2022-10-13,-0.010060362173038184,-0.028637824966282754,0.01857746279324457
20362,Positivo Tecnologia S.A.,2015,2016,0.9338,10028,11128,regex_only,regex_only,dropped_or_delisted,dropped_or_delisted,POSI3,2017-03-16,2017-03-16,2018-09-25,-0.4951219512195122,0.19529847065002492,-0.6904204218695371
20362,Positivo Tecnologia S.A.,2016,2017,0.2092,11128,6002,regex_only,regex_only,dropped_or_delisted,dropped_or_delisted,POSI3,2018-03-14,2018-03-14,2019-09-23,-0.0267379679144385,0.21599805510595105,-0.24273602302038955
20362,Positivo Tecnologia S.A.,2017,2018,0.0407,6002,5713,regex_only,regex_only,dropped_or_delisted,dropped_or_delisted,POSI3,2019-03-27,2019-03-27,2020-09-30,0.9955156950672646,0.02937845607453049,0.9661372389927341
20362,Positivo Tecnologia S.A.,2018,2019,0.0539,5713,6062,regex_only,regex_only,dropped_or_delisted,dropped_or_delisted,POSI3,2020-03-04,2020-03-04,2021-09-10,0.8373134328358209,0.06585947948317639,0.7714539533526446
20362,Positivo Tecnologia S.A.,2019,2020,0.0043,6062,140,regex_only,regex_only,dropped_or_delisted,dropped_or_delisted,POSI3,2021-03-17,2021-03-17,2022-09-20,1.2335640138408306,-0.034599308242064475,1.268163322082895
20362,Positivo Tecnologia S.A.,2020,2021,0.0497,140,5757,regex_only,font_heading,dropped_or_delisted,dropped_or_delisted,POSI3,2022-03-30,2022-03-30,2023-10-02,-0.249728555917481,-0.04326384818995144,-0.20646470772752956
20362,Positivo Tecnologia S.A.,2021,2022,0.1102,5757,116,font_heading,font_heading,dropped_or_delisted,dropped_or_delisted,POSI3,2023-03-21,2023-03-21,2024-09-23,-0.157814871016692,0.2927800742449389,-0.4505949452616309
20362,Positivo Tecnologia S.A.,2022,2023,0.1764,116,5059,font_heading,font_heading,dropped_or_delisted,dropped_or_delisted,POSI3,2024-03-21,2024-03-21,2025-09-23,-0.48509174311926606,0.14252944613848295,-0.627621189257749
20478,PDG Realty S.A. Empreendimentos e Participações,2015,2016,0.5343,2925,14388,font_heading,font_heading,dropped_or_delisted,dropped_or_delisted,PDGR3,2017-03-29,2017-03-29,2018-10-08,-0.8075117370892019,0.3136907738627088,-1.1212025109519108
20478,PDG Realty S.A. Empreendimentos e Participações,2016,2017,0.8364,14388,12479,font_heading,font_heading,dropped_or_delisted,dropped_or_delisted,PDGR3,2018-03-29,2018-03-29,2019-10-08,-0.6756249999999999,0.17121471469290417,-0.8468397146929041
20478,PDG Realty S.A. Empreendimentos e Participações,2017,2018,0.0936,12479,1862,font_heading,regex_only,dropped_or_delisted,dropped_or_delisted,PDGR3,2019-04-03,2019-04-03,2020-10-07,-0.463623395149786,0.01095104024193505,-0.47457443539172106
20478,PDG Realty S.A. Empreendimentos e Participações,2018,2019,0.8483,1862,2566,regex_only,regex_only,dropped_or_delisted,dropped_or_delisted,PDGR3,2020-03-30,2020-03-30,2021-10-06,-0.5834945191858076,0.4812478597117773,-1.064742378897585
20478,PDG Realty S.A. Empreendimentos e Participações,2019,2020,0.5072,2566,5103,regex_only,regex_only,dropped_or_delisted,dropped_or_delisted,PDGR3,2021-03-30,2021-03-30,2022-10-03,-0.8714285714285714,-0.006120770388140517,-0.8653078010404309
20478,PDG Realty S.A. Empreendimentos e Participações,2020,2021,0.4535,5103,1127,regex_only,regex_only,dropped_or_delisted,dropped_or_delisted,PDGR3,2022-03-25,2022-03-25,2023-09-27,-0.9707913669064748,-0.03992303398531738,-0.9308683329211574
20478,PDG Realty S.A. Empreendimentos e Participações,2021,2022,0.4168,1127,2405,regex_only,regex_only,dropped_or_delisted,dropped_or_delisted,PDGR3,2023-10-26,2023-10-26,2025-05-07,-0.9977942386831276,0.16223357216776968,-1.1600278108508972
20478,PDG Realty S.A. Empreendimentos e Participações,2022,2023,0.2778,2405,3332,regex_only,regex_only,dropped_or_delisted,dropped_or_delisted,PDGR3,2024-03-28,2024-03-28,2025-09-30,-0.9966060606060606,0.14153049698648212,-1.1381365575925426
20494,Iguatemi Empresa de Shopping Centers S/A (pre-restructuring entity),2015,2016,0.9742,23831,22208,font_heading,font_heading,dropped_or_delisted,dropped_or_delisted,IGTA3,2017-02-21,2017-02-21,2018-09-03,-0.04324828873677666,0.10341058813340998,-0.14665887687018664
20494,Iguatemi Empresa de Shopping Centers S/A (pre-restructuring entity),2016,2017,0.8511,22208,18088,font_heading,font_heading,dropped_or_delisted,dropped_or_delisted,IGTA3,2018-02-27,2018-02-27,2019-09-06,0.1569269521410579,0.18404415966606935,-0.027117207525011455
20494,Iguatemi Empresa de Shopping Centers S/A (pre-restructuring entity),2017,2018,0.9271,18088,19235,font_heading,font_heading,dropped_or_delisted,dropped_or_delisted,IGTA3,2019-02-26,2019-02-26,2020-09-02,-0.19917203311867515,0.044144361056325465,-0.24331639417500062
20516,São Martinho S.A.,2015,2016,0.9444,4492,4593,regex_only,regex_only,dropped_or_delisted,dropped_or_delisted,SMTO3,2016-06-06,2016-06-06,2017-12-11,-0.03787450537026582,0.443534436605475,-0.4814089419757408
20516,São Martinho S.A.,2016,2017,0.9615,4593,4899,regex_only,regex_only,dropped_or_delisted,dropped_or_delisted,SMTO3,2017-06-26,2017-06-26,2019-01-09,0.148708254568368,0.5053210349441508,-0.3566127803757828
20516,São Martinho S.A.,2017,2018,0.987,4899,3809,regex_only,regex_only,dropped_or_delisted,dropped_or_delisted,SMTO3,2018-06-25,2018-06-25,2020-01-07,0.3957399103139012,0.6442144705147648,-0.24847456020086356
20516,São Martinho S.A.,2018,2019,0.1391,3809,4267,regex_only,font_heading,dropped_or_delisted,dropped_or_delisted,SMTO3,2019-06-24,2019-06-24,2020-12-29,0.3287469287469287,0.16996334591715057,0.1587835828297781
20516,São Martinho S.A.,2019,2020,0.1243,4267,1388,font_heading,regex_only,dropped_or_delisted,dropped_or_delisted,SMTO3,2020-06-29,2020-06-29,2022-01-06,0.6716716716716715,0.06085213037817261,0.6108195412934989
20516,São Martinho S.A.,2020,2021,0.0736,1388,1615,regex_only,font_heading,dropped_or_delisted,dropped_or_delisted,SMTO3,2021-06-21,2021-06-21,2022-12-23,-0.34188938872717645,-0.15137427807195392,-0.19051511065522253
20516,São Martinho S.A.,2021,2022,0.2622,1615,14454,font_heading,regex_only,dropped_or_delisted,dropped_or_delisted,SMTO3,2022-06-20,2022-06-20,2023-12-21,-0.3050726363419862,0.32377041094644743,-0.6288430472884337
20516,São Martinho S.A.,2022,2023,0.9119,14454,17088,regex_only,regex_only,dropped_or_delisted,dropped_or_delisted,SMTO3,2023-06-19,2023-06-19,2024-12-18,-0.3411513859275054,0.007626706856527443,-0.3487780927840328
20516,São Martinho S.A.,2023,2024,0.9076,17088,14850,regex_only,regex_only,dropped_or_delisted,dropped_or_delisted,SMTO3,2024-06-17,2024-06-17,2025-12-16,-0.5024077046548956,0.3310452277722631,-0.8334529324271587
20524,Even Construtora e Incorporadora S/A,2015,2016,0.1534,4881,3990,font_heading,font_heading,dropped_or_delisted,dropped_or_delisted,EVEN3,2017-03-22,2017-03-22,2018-10-01,-0.35106382978723405,0.23775191140489182,-0.5888157411921259
20524,Even Construtora e Incorporadora S/A,2016,2017,0.8301,3990,3584,font_heading,font_heading,dropped_or_delisted,dropped_or_delisted,EVEN3,2018-03-26,2018-03-26,2019-10-03,0.9133574007220215,0.19307266630045694,0.7202847344215646
20524,Even Construtora e Incorporadora S/A,2017,2018,0.0114,3584,5385,font_heading,regex_only,dropped_or_delisted,dropped_or_delisted,EVEN3,2019-03-28,2019-03-28,2020-10-01,0.9349999999999998,0.011543513466726107,0.9234564865332737
20524,Even Construtora e Incorporadora S/A,2018,2019,0.0131,5385,3346,regex_only,font_heading,dropped_or_delisted,dropped_or_delisted,EVEN3,2020-03-30,2020-03-30,2021-10-06,0.07225433526011571,0.4812478597117773,-0.4089935244516616
20524,Even Construtora e Incorporadora S/A,2019,2020,0.0261,3346,4582,font_heading,regex_only,dropped_or_delisted,dropped_or_delisted,EVEN3,2021-03-18,2021-03-18,2022-09-21,-0.31931931931931934,-0.02524978571508807,-0.29406953360423127
20524,Even Construtora e Incorporadora S/A,2020,2021,0.3998,4582,4366,regex_only,regex_only,dropped_or_delisted,dropped_or_delisted,EVEN3,2022-03-22,2022-03-22,2023-09-22,0.004870129870129913,-0.010776615545817991,0.015646745415947905
20524,Even Construtora e Incorporadora S/A,2021,2022,0.8686,4366,6542,regex_only,regex_only,dropped_or_delisted,dropped_or_delisted,EVEN3,2023-03-28,2023-03-28,2024-09-30,0.3861607142857142,0.3027259253314891,0.08343478895422507
20524,Even Construtora e Incorporadora S/A,2022,2023,0.0991,6542,3659,regex_only,font_heading,dropped_or_delisted,dropped_or_delisted,EVEN3,2024-03-21,2024-03-21,2025-09-23,-0.07363420427553447,0.14252944613848295,-0.21616365041401742
20605,JHSF Participações S.A.,2015,2016,0.9494,2678,2137,regex_only,regex_only,dropped_or_delisted,dropped_or_delisted,JHSF3,2017-03-30,2017-03-30,2018-10-09,-0.4618473895582329,0.31902639016528966,-0.7808737797235226
20605,JHSF Participações S.A.,2016,2017,0.9646,2137,1857,regex_only,regex_only,dropped_or_delisted,dropped_or_delisted,JHSF3,2018-04-16,2018-04-16,2019-10-23,1.9536423841059603,0.2978704967971888,1.6557718873087715
20605,JHSF Participações S.A.,2017,2019,0.9794,1857,2011,regex_only,regex_only,dropped_or_delisted,dropped_or_delisted,JHSF3,2020-02-13,2020-02-13,2021-08-24,-0.11817026683608634,0.03932436124444938,-0.15749462808053571
20605,JHSF Participações S.A.,2019,2020,0.2472,2011,1102,regex_only,regex_only,dropped_or_delisted,dropped_or_delisted,JHSF3,2021-02-18,2021-02-18,2022-08-23,-0.14150943396226412,-0.0532040671156806,-0.08830536684658352
20605,JHSF Participações S.A.,2020,2021,0.0533,1102,266,regex_only,regex_only,dropped_or_delisted,dropped_or_delisted,JHSF3,2022-02-24,2022-02-24,2023-08-30,-0.11091234347048307,0.05325862896642919,-0.16417097243691225
20605,JHSF Participações S.A.,2021,2022,0.0494,266,3312,regex_only,regex_only,dropped_or_delisted,dropped_or_delisted,JHSF3,2023-03-22,2023-03-22,2024-09-24,0.12947658402203843,0.3186482663299961,-0.18917168230795767
20605,JHSF Participações S.A.,2022,2023,0.7899,3312,4764,regex_only,regex_only,dropped_or_delisted,dropped_or_delisted,JHSF3,2024-03-26,2024-03-26,2025-09-26,0.46046511627906983,0.14648587113880773,0.3139792451402621
20770,EZ Tec Empreendimentos e Participações S/A,2015,2016,0.9932,1160,1169,font_heading,font_heading,dropped_or_delisted,dropped_or_delisted,EZTC3,2017-03-20,2017-03-20,2018-09-27,-0.1293759508033916,0.23296586368313932,-0.3623418144865309
20770,EZ Tec Empreendimentos e Participações S/A,2016,2017,0.996,1169,1170,font_heading,font_heading,dropped_or_delisted,dropped_or_delisted,EZTC3,2018-03-16,2018-03-16,2019-09-25,0.796262570142775,0.23083204769475674,0.5654305224480183
20770,EZ Tec Empreendimentos e Participações S/A,2017,2018,0.9938,1170,1144,font_heading,font_heading,dropped_or_delisted,dropped_or_delisted,EZTC3,2019-03-22,2019-03-22,2020-09-25,0.7165664198371742,0.03482396945009425,0.6817424503870799
20770,EZ Tec Empreendimentos e Participações S/A,2018,2019,0.9435,1144,1276,font_heading,font_heading,dropped_or_delisted,dropped_or_delisted,EZTC3,2020-03-19,2020-03-19,2021-09-27,-0.13439153449595187,0.6622276890115582,-0.79661922350751
20770,EZ Tec Empreendimentos e Participações S/A,2019,2021,0.9093,1276,1276,font_heading,font_heading,dropped_or_delisted,dropped_or_delisted,EZTC3,2022-03-17,2022-03-17,2023-09-19,0.27403846127394593,0.042179030748521695,0.23185943052542424
20770,EZ Tec Empreendimentos e Participações S/A,2021,2022,0.6953,1276,3322,font_heading,font_heading,dropped_or_delisted,dropped_or_delisted,EZTC3,2023-09-18,2023-09-18,2025-03-26,-0.28472542656388033,0.12031139874379693,-0.40503682530767726
20770,EZ Tec Empreendimentos e Participações S/A,2022,2023,0.9766,3322,3631,font_heading,font_heading,dropped_or_delisted,dropped_or_delisted,EZTC3,2024-03-18,2024-03-18,2025-09-18,0.04410876177032996,0.1460787663706702,-0.10197000460034022
20990,Americanas S.A. - Em Recuperação Judicial,2015,2016,0.7638,12599,19484,regex_only,regex_only,dropped_or_delisted,dropped_or_delisted,AMER3,2017-02-20,2017-02-20,2018-08-31,1.1134582453618203,0.11884328189426219,0.9946149634675581
20990,Americanas S.A. - Em Recuperação Judicial,2016,2017,0.6379,19484,9601,regex_only,regex_only,dropped_or_delisted,dropped_or_delisted,AMER3,2018-03-07,2018-03-07,2019-09-16,0.7326444749818732,0.21286961058589626,0.519774864395977
20990,Americanas S.A. - Em Recuperação Judicial,2017,2020,0.1428,9601,12966,regex_only,regex_only,dropped_or_delisted,dropped_or_delisted,AMER3,2021-03-04,2021-03-04,2022-09-06,-0.802884171656503,-0.025968547212236848,-0.7769156244442662
20990,Americanas S.A. - Em Recuperação Judicial,2020,2021,0.0949,12966,801,regex_only,font_heading,dropped_or_delisted,dropped_or_delisted,AMER3,2022-02-24,2022-02-24,2023-08-30,-0.9698675496688742,0.05325862896642919,-1.0231261786353034
20990,Americanas S.A. - Em Recuperação Judicial,2021,2022,1.0,801,804,font_heading,font_heading,dropped_or_delisted,dropped_or_delisted,AMER3,2023-11-16,2023-11-16,2025-05-26,-0.9383529411764706,0.10828772704326517,-1.0466406682197358
20990,Americanas S.A. - Em Recuperação Judicial,2022,2023,0.8419,804,595,font_heading,font_heading,dropped_or_delisted,dropped_or_delisted,AMER3,2024-08-14,2024-08-14,2026-02-20,-0.8275757575757576,0.42917614965639217,-1.2567519072321498
21091,Dexco S.A. (formerly Duratex),2015,2016,0.8452,2914,2220,regex_only,regex_only,dropped_or_delisted,dropped_or_delisted,DXCO3,2017-02-08,2017-02-08,2018-08-21,0.18072289160364186,0.15955789584085234,0.021164995762789518
21091,Dexco S.A. (formerly Duratex),2016,2017,0.0775,2220,6197,regex_only,regex_only,dropped_or_delisted,dropped_or_delisted,DXCO3,2018-02-05,2018-02-05,2019-08-19,0.33333333328797843,0.21509095468921813,0.1182423785987603
21091,Dexco S.A. (formerly Duratex),2017,2018,0.8356,6197,7977,regex_only,regex_only,dropped_or_delisted,dropped_or_delisted,DXCO3,2019-02-13,2019-02-13,2020-08-20,0.30360065470151176,0.05869531647788451,0.24490533822362726
21091,Dexco S.A. (formerly Duratex),2018,2019,0.6656,7977,9291,regex_only,regex_only,dropped_or_delisted,dropped_or_delisted,DXCO3,2020-02-12,2020-02-12,2021-08-23,0.2615571775403591,0.006835878742582846,0.2547212987977763
21091,Dexco S.A. (formerly Duratex),2019,2020,0.8924,9291,8731,regex_only,regex_only,dropped_or_delisted,dropped_or_delisted,DXCO3,2021-02-08,2021-02-08,2022-08-15,-0.41955909956260806,-0.05567738233643871,-0.36388171722616935
21091,Dexco S.A. (formerly Duratex),2020,2021,0.7223,8731,15581,regex_only,regex_only,dropped_or_delisted,dropped_or_delisted,DXCO3,2022-02-09,2022-02-09,2023-08-15,-0.3080517615934003,0.03298936639499117,-0.3410411279883915
21091,Dexco S.A. (formerly Duratex),2021,2022,0.7393,15581,10412,regex_only,regex_only,dropped_or_delisted,dropped_or_delisted,DXCO3,2023-03-08,2023-03-08,2024-09-10,0.2160493827053802,0.26073940832916565,-0.044690025623785434
21091,Dexco S.A. (formerly Duratex),2022,2023,0.8659,10412,8186,regex_only,regex_only,dropped_or_delisted,dropped_or_delisted,DXCO3,2024-03-06,2024-03-06,2025-09-08,-0.29213483143239494,0.10009563952209555,-0.3922304709544905
23272,LOG Commercial Properties e Participações,2015,2016,0.9358,11052,12814,font_heading,font_heading,dropped_or_delisted,dropped_or_delisted,LOGG3,2019-10-10,2019-10-10,2021-04-26,0.25210084033613445,0.18442393271857083,0.06767690761756362
23272,LOG Commercial Properties e Participações,2016,2017,0.8182,12814,11956,font_heading,font_heading,dropped_or_delisted,dropped_or_delisted,LOGG3,2018-12-16,2018-12-21,2020-07-06,0.8857142857142857,0.15449766999252623,0.7312166157217594
23272,LOG Commercial Properties e Participações,2017,2021,0.2973,11956,1338,font_heading,font_heading,dropped_or_delisted,dropped_or_delisted,LOGG3,2022-02-08,2022-02-08,2023-08-14,-0.2918502202643172,0.04076368345337067,-0.33261390371768784
23272,LOG Commercial Properties e Participações,2021,2022,0.0025,1338,68,font_heading,font_heading,dropped_or_delisted,dropped_or_delisted,LOGG3,2023-02-08,2023-02-08,2024-08-15,0.40645161290322585,0.22011461600020166,0.1863369969030242
23272,LOG Commercial Properties e Participações,2022,2023,0.026,68,660,font_heading,font_heading,dropped_or_delisted,dropped_or_delisted,LOGG3,2024-02-06,2024-02-06,2025-08-12,-0.00191387559808609,0.057487978305780896,-0.059401853903866986
23272,LOG Commercial Properties e Participações,2023,2024,0.0494,660,1262,font_heading,regex_only,dropped_or_delisted,dropped_or_delisted,LOGG3,2025-02-05,2025-02-05,2026-08-12,0.23782084861183872,0.3342279908553909,-0.09640714224355218
23310,CVC Brasil Operadora e Agência de Viagens S.A.,2015,2016,0.8316,932,1779,font_heading,font_heading,dropped_or_delisted,dropped_or_delisted,CVCB3,2017-02-15,2017-02-15,2018-08-28,0.5024911033285739,0.1397207644274605,0.36277033890111343
23310,CVC Brasil Operadora e Agência de Viagens S.A.,2016,2017,0.0536,1779,6383,font_heading,regex_only,dropped_or_delisted,dropped_or_delisted,CVCB3,2018-02-08,2018-02-08,2019-08-22,0.01518200114280499,0.22664291173106,-0.211460910588255
23310,CVC Brasil Operadora e Agência de Viagens S.A.,2017,2018,0.2712,6383,11313,regex_only,font_heading,dropped_or_delisted,dropped_or_delisted,CVCB3,2019-02-26,2019-02-26,2020-09-02,-0.672142608146276,0.044144361056325465,-0.7162869692026015
23310,CVC Brasil Operadora e Agência de Viagens S.A.,2018,2019,0.5621,11313,69472,font_heading,font_heading,dropped_or_delisted,dropped_or_delisted,CVCB3,2020-09-01,2020-09-01,2022-03-15,-0.4387354956583299,0.06647606481898372,-0.5052115604773136
23310,CVC Brasil Operadora e Agência de Viagens S.A.,2019,2020,0.132,69472,1518,font_heading,regex_only,dropped_or_delisted,dropped_or_delisted,CVCB3,2021-03-26,2021-03-26,2022-09-29,-0.6653547258616329,-0.06199888099576378,-0.6033558448658691
23310,CVC Brasil Operadora e Agência de Viagens S.A.,2020,2021,0.0987,1518,9375,regex_only,font_heading,dropped_or_delisted,dropped_or_delisted,CVCB3,2022-03-15,2022-03-15,2023-09-15,-0.7720515361744301,0.08992559607119355,-0.8619771322456237
23310,CVC Brasil Operadora e Agência de Viagens S.A.,2021,2022,0.0565,9375,520,font_heading,regex_only,dropped_or_delisted,dropped_or_delisted,CVCB3,2023-03-21,2023-03-21,2024-09-23,-0.4192546583850931,0.2927800742449389,-0.712034732630032
23310,CVC Brasil Operadora e Agência de Viagens S.A.,2022,2023,0.1945,520,8866,regex_only,font_heading,dropped_or_delisted,dropped_or_delisted,CVCB3,2024-03-26,2024-03-26,2025-09-26,-0.3919753086419754,0.14648587113880773,-0.5384611797807831
24910,LWSA S/A (Locaweb),2018,2019,0.2697,67958,2969,font_heading,font_heading,dropped_or_delisted,dropped_or_delisted,LWSA3,2020-03-25,2020-03-25,2021-10-01,5.3092505064145845,0.50622081854624,4.803029687868344
24910,LWSA S/A (Locaweb),2019,2020,0.5368,2969,5682,font_heading,font_heading,dropped_or_delisted,dropped_or_delisted,LWSA3,2021-03-24,2021-03-24,2022-09-27,-0.6286307053941909,-0.03290828229785092,-0.5957224230963399
24910,LWSA S/A (Locaweb),2020,2021,0.937,5682,5423,font_heading,font_heading,dropped_or_delisted,dropped_or_delisted,LWSA3,2022-03-29,2022-03-29,2023-09-29,-0.3648111332007953,-0.028738273155578198,-0.3360728600452171
24910,LWSA S/A (Locaweb),2021,2022,0.9485,5423,4388,font_heading,font_heading,dropped_or_delisted,dropped_or_delisted,LWSA3,2023-03-23,2023-03-23,2024-09-25,-0.18395303326810186,0.3437288680451043,-0.5276819013132061
24910,LWSA S/A (Locaweb),2022,2023,0.9363,4388,4513,font_heading,font_heading,dropped_or_delisted,dropped_or_delisted,LWSA3,2024-03-20,2024-03-20,2025-09-22,-0.25589225589225595,0.12379044371249126,-0.3796826996047472
25232,Meliuz S.A.,2021,2022,0.8003,5482,5858,regex_only,regex_only,dropped_or_delisted,dropped_or_delisted,CASH3,2023-09-21,2023-09-21,2025-03-31,-0.4700162074554295,0.12152467970008174,-0.5915408871555112
25232,Meliuz S.A.,2022,2023,0.8524,5858,5196,regex_only,regex_only,dropped_or_delisted,dropped_or_delisted,CASH3,2024-03-13,2024-03-13,2025-09-15,-0.4757969303423849,0.12140465235822817,-0.5972015827006131
25917,Raízen S.A.,2020,2021,0.1887,4966,1964,font_heading,regex_only,dropped_or_delisted,dropped_or_delisted,RAIZ4,2021-05-31,2021-08-05,2023-02-08,-0.5441988950276244,-0.09603839158017413,-0.4481605034474503
25917,Raízen S.A.,2021,2022,0.3092,1964,1483,regex_only,regex_only,dropped_or_delisted,dropped_or_delisted,RAIZ4,2022-05-13,2022-05-13,2023-11-16,-0.2688588007736944,0.16567870803404827,-0.43453750880774267
25917,Raízen S.A.,2022,2023,0.04,1483,459,regex_only,regex_only,dropped_or_delisted,dropped_or_delisted,RAIZ4,2023-05-12,2023-05-12,2024-11-11,-0.1793313069908814,0.17895235868470083,-0.35828366567558223
25917,Raízen S.A.,2023,2024,0.368,459,14625,regex_only,font_heading,dropped_or_delisted,dropped_or_delisted,RAIZ4,2024-05-13,2024-05-13,2025-11-11,-0.6912751677852349,0.23092238690414946,-0.9221975546893844
