cd_cvm,name,quarter_prev,quarter_curr,cosine_similarity,chars_prev,chars_curr,diagnostic_prev,diagnostic_curr,ticker,event_date,window_start,window_end,stock_return,ibov_return,abnormal_return
2437,AXIA ENERGIA S.A.,2015Q1,2015Q2,0.982,7416,7685,font_heading,font_heading,AXIA3,2015-08-14,2015-08-14,2015-11-16,0.1923809523463038,-0.0139244820022392,0.2063054343485431
2437,AXIA ENERGIA S.A.,2015Q2,2015Q3,0.9659,7685,8021,font_heading,font_heading,AXIA3,2015-11-12,2015-11-12,2016-02-19,-0.0195121950910538,-0.1139027779021993,0.0943905828111455
2437,AXIA ENERGIA S.A.,2015Q3,2016Q1,0.9569,8021,7773,font_heading,font_heading,AXIA3,2016-05-11,2016-05-11,2016-08-09,1.380952380952381,0.0933383948210595,1.2876139861313214
2437,AXIA ENERGIA S.A.,2016Q1,2016Q2,0.9921,7773,7935,font_heading,font_heading,AXIA3,2016-08-15,2016-08-15,2016-11-16,0.1594936708329215,0.027277255360381,0.1322164154725404
2437,AXIA ENERGIA S.A.,2016Q2,2016Q3,0.9863,7935,8036,font_heading,font_heading,AXIA3,2016-11-09,2016-11-09,2017-02-09,-0.0812420246751272,0.0269786069078399,-0.1082206315829671
2437,AXIA ENERGIA S.A.,2016Q3,2017Q1,0.9818,8036,8032,font_heading,font_heading,AXIA3,2017-05-12,2017-05-12,2017-08-10,-0.220000000373383,-0.0180271918388719,-0.2019728085345111
2437,AXIA ENERGIA S.A.,2017Q1,2017Q2,0.9576,8032,7646,font_heading,font_heading,AXIA3,2017-08-14,2017-08-14,2017-11-14,0.4250182885101883,0.0372254910546525,0.3877927974555357
2437,AXIA ENERGIA S.A.,2017Q2,2017Q3,0.9347,7646,7767,font_heading,font_heading,AXIA3,2017-11-13,2017-11-13,2018-02-20,0.1298765430045647,0.1839082267761496,-0.0540316837715848
2437,AXIA ENERGIA S.A.,2017Q3,2018Q1,0.8274,7767,10553,font_heading,font_heading,AXIA3,2018-05-15,2018-05-15,2018-08-14,-0.1982987774627871,-0.0766859836941953,-0.1216127937685918
2437,AXIA ENERGIA S.A.,2018Q1,2018Q2,0.9341,10553,9288,font_heading,font_heading,AXIA3,2018-08-14,2018-08-14,2018-11-14,0.5258620693246874,0.0937754724396076,0.4320865968850798
2437,AXIA ENERGIA S.A.,2018Q2,2018Q3,0.9534,9288,9358,font_heading,font_heading,AXIA3,2018-11-12,2018-11-12,2019-02-18,0.4987309646950035,0.128444648154276,0.3702863165407275
2437,AXIA ENERGIA S.A.,2018Q3,2019Q1,0.651,9358,5749,font_heading,font_heading,AXIA3,2019-05-13,2019-05-13,2019-08-12,0.426910298924267,0.1110764670726707,0.3158338318515963
2437,AXIA ENERGIA S.A.,2019Q1,2019Q2,0.7512,5749,7169,font_heading,font_heading,AXIA3,2019-08-12,2019-08-12,2019-11-07,-0.064027939464153,0.075213510840385,-0.1392414503045381
2437,AXIA ENERGIA S.A.,2019Q2,2019Q3,0.95,7169,8496,font_heading,font_heading,AXIA3,2019-11-11,2019-11-11,2020-02-14,-0.0732643139282727,0.0554899351650035,-0.1287542490932762
2437,AXIA ENERGIA S.A.,2019Q3,2020Q1,0.8358,8496,5545,font_heading,font_heading,AXIA3,2020-05-28,2020-05-28,2020-08-26,0.2807881773399014,0.157312859743558,0.1234753175963434
2437,AXIA ENERGIA S.A.,2020Q1,2020Q2,0.9598,5545,6390,font_heading,font_heading,AXIA3,2020-08-12,2020-08-12,2020-11-12,-0.0922776693615835,0.0038113825405561,-0.0960890519021396
2437,AXIA ENERGIA S.A.,2020Q2,2020Q3,0.0696,6390,430,font_heading,font_heading,AXIA3,2020-11-11,2020-11-11,2021-02-17,-0.1249271986022132,0.1483363567745197,-0.2732635553767329
2437,AXIA ENERGIA S.A.,2020Q3,2021Q1,0.1104,430,8727,font_heading,font_heading,AXIA3,2021-06-10,2021-06-10,2021-09-09,-0.1974845542806707,-0.1131284077629284,-0.0843561465177422
2437,AXIA ENERGIA S.A.,2021Q1,2021Q2,0.5561,8727,6966,font_heading,font_heading,AXIA3,2021-08-11,2021-08-11,2021-11-11,-0.0983935742971887,-0.1184835625908494,0.0200899882936607
2437,AXIA ENERGIA S.A.,2021Q2,2021Q3,0.1968,6966,15470,font_heading,font_heading,AXIA3,2021-11-16,2021-11-16,2022-02-15,0.0274963820549927,0.0998482237116973,-0.0723518416567046
2437,AXIA ENERGIA S.A.,2021Q3,2022Q1,0.1731,15470,6189,font_heading,font_heading,AXIA3,2022-06-06,2022-06-06,2022-09-02,0.1100238663484487,0.0061562317722838,0.1038676345761648
2437,AXIA ENERGIA S.A.,2022Q1,2022Q2,0.5942,6189,14862,font_heading,font_heading,AXIA3,2022-08-12,2022-08-12,2022-11-14,-0.0304904051172706,0.0035207963941767,-0.0340112015114474
2437,AXIA ENERGIA S.A.,2022Q2,2022Q3,0.6038,14862,7483,font_heading,font_heading,AXIA3,2022-11-09,2022-11-09,2023-02-08,-0.2297520661157024,-0.0319475006579057,-0.1978045654577966
2437,AXIA ENERGIA S.A.,2022Q3,2023Q1,0.1862,7483,2506,font_heading,font_heading,AXIA3,2023-05-04,2023-05-04,2023-08-02,0.1390453602134598,0.1828676358467302,-0.0438222756332704
2437,AXIA ENERGIA S.A.,2023Q1,2023Q2,0.2678,2506,10782,font_heading,font_heading,AXIA3,2023-08-07,2023-08-07,2023-11-07,0.0399889685603971,-0.0009334936065237,0.0409224621669208
2437,AXIA ENERGIA S.A.,2023Q2,2023Q3,0.9498,10782,12333,font_heading,font_heading,AXIA3,2023-11-08,2023-11-08,2024-02-09,0.1624933404368673,0.0742513614451554,0.0882419789917119
2437,AXIA ENERGIA S.A.,2023Q3,2024Q1,0.1063,12333,1472,font_heading,font_heading,AXIA3,2024-07-31,2024-07-31,2024-10-28,-0.0303260045489005,0.0278943949169228,-0.0582203994658233
2437,AXIA ENERGIA S.A.,2024Q1,2024Q2,0.4516,1472,1101,font_heading,font_heading,AXIA3,2024-08-22,2024-08-22,2024-11-21,-0.141320293398533,-0.0610421918100893,-0.0802781015884437
2437,AXIA ENERGIA S.A.,2024Q2,2024Q3,0.2511,1101,82493,font_heading,font_heading,AXIA3,2024-11-06,2024-11-06,2025-02-11,-0.0198423484642565,-0.0293020795004361,0.0094597310361795
2453,CIA ENERGETICA DE MINAS GERAIS - CEMIG,2015Q1,2015Q2,0.9728,9457,11239,font_heading,font_heading,CMIG4,2015-08-14,2015-08-14,2015-11-16,-0.1888888888639038,-0.0139244820022392,-0.1749644068616646
2453,CIA ENERGETICA DE MINAS GERAIS - CEMIG,2015Q2,2015Q3,0.7769,11239,2952,font_heading,font_heading,CMIG4,2015-11-13,2015-11-13,2016-02-22,-0.1502732240996147,-0.0705586597943463,-0.0797145643052683
2453,CIA ENERGETICA DE MINAS GERAIS - CEMIG,2016Q3,2017Q1,0.7997,3144,3564,font_heading,font_heading,CMIG4,2017-05-15,2017-05-15,2017-08-11,-0.0865168539019248,-0.0162922701239693,-0.0702245837779554
2453,CIA ENERGETICA DE MINAS GERAIS - CEMIG,2017Q1,2017Q2,0.8309,3564,12297,font_heading,font_heading,CMIG4,2017-08-11,2017-08-11,2017-11-13,-0.1409713431229167,0.0759603192406492,-0.2169316623635659
2453,CIA ENERGETICA DE MINAS GERAIS - CEMIG,2017Q2,2017Q3,0.9735,12297,12762,font_heading,font_heading,CMIG4,2017-11-14,2017-11-14,2018-02-21,0.1923664121922488,0.2149648881867674,-0.0225984759945185
2453,CIA ENERGETICA DE MINAS GERAIS - CEMIG,2017Q3,2018Q1,0.8615,12762,12681,font_heading,font_heading,CMIG4,2018-05-16,2018-05-16,2018-08-15,-0.0174129352942481,-0.1093056528325407,0.0918927175382926
2453,CIA ENERGETICA DE MINAS GERAIS - CEMIG,2018Q1,2018Q2,0.971,12681,14449,font_heading,font_heading,CMIG4,2018-11-29,2018-11-29,2019-03-07,0.0902612825444817,0.0516177985935946,0.0386434839508871
2453,CIA ENERGETICA DE MINAS GERAIS - CEMIG,2018Q2,2018Q3,0.3841,14449,2702,font_heading,font_heading,CMIG4,2018-11-27,2018-11-27,2019-03-01,0.1329572923591708,0.0763736475036518,0.056583644855519
2453,CIA ENERGETICA DE MINAS GERAIS - CEMIG,2018Q3,2019Q1,0.9284,2702,3146,font_heading,font_heading,CMIG4,2019-05-16,2019-05-16,2019-08-15,0.1110236220277829,0.1003331649717016,0.0106904570560812
2453,CIA ENERGETICA DE MINAS GERAIS - CEMIG,2019Q1,2019Q2,0.2948,3146,2648,font_heading,font_heading,CMIG4,2019-08-15,2019-08-15,2019-11-12,-0.0843373493892146,0.0776744398750173,-0.162011789264232
2453,CIA ENERGETICA DE MINAS GERAIS - CEMIG,2019Q2,2019Q3,0.3648,2648,16209,font_heading,font_heading,CMIG4,2019-11-14,2019-11-14,2020-02-19,0.1630434782923255,0.0934777569542659,0.0695657213380596
2453,CIA ENERGETICA DE MINAS GERAIS - CEMIG,2019Q3,2020Q1,0.9454,16209,13663,font_heading,font_heading,CMIG4,2020-05-15,2020-05-15,2020-08-13,0.3213867260191989,0.2953194711167146,0.0260672549024842
2453,CIA ENERGETICA DE MINAS GERAIS - CEMIG,2020Q1,2020Q2,0.9716,13663,14903,font_heading,font_heading,CMIG4,2020-08-14,2020-08-14,2020-11-16,0.1298076922240698,0.0500862821708179,0.0797214100532519
2453,CIA ENERGETICA DE MINAS GERAIS - CEMIG,2020Q2,2020Q3,0.9559,14903,15856,font_heading,font_heading,CMIG4,2020-11-13,2020-11-13,2021-02-19,0.1254416960263165,0.1308932135252045,-0.005451517498888
2453,CIA ENERGETICA DE MINAS GERAIS - CEMIG,2020Q3,2021Q1,0.928,15856,12738,font_heading,font_heading,CMIG4,2021-05-14,2021-05-14,2021-08-13,-0.0500821018650213,-0.0056372282365675,-0.0444448736284538
2453,CIA ENERGETICA DE MINAS GERAIS - CEMIG,2021Q1,2021Q2,0.9129,12738,15369,font_heading,font_heading,CMIG4,2021-08-16,2021-08-16,2021-11-17,0.1792618628017783,-0.1361937901844797,0.3154556529862581
2453,CIA ENERGETICA DE MINAS GERAIS - CEMIG,2021Q2,2021Q3,0.9825,15369,15613,font_heading,font_heading,CMIG4,2021-11-11,2021-11-11,2022-02-11,-0.085304659516445,0.0555573988934583,-0.1408620584099034
2453,CIA ENERGETICA DE MINAS GERAIS - CEMIG,2021Q3,2022Q1,0.8371,15613,9225,font_heading,font_heading,CMIG4,2022-05-13,2022-05-13,2022-08-11,0.1532639545651863,0.0261284210924039,0.1271355334727824
2453,CIA ENERGETICA DE MINAS GERAIS - CEMIG,2022Q1,2022Q2,0.9431,9225,11319,font_heading,font_heading,CMIG4,2022-08-12,2022-08-12,2022-11-14,-0.1280193236613845,0.0035207963941767,-0.1315401200555613
2453,CIA ENERGETICA DE MINAS GERAIS - CEMIG,2022Q2,2022Q3,0.9676,11319,11936,font_heading,font_heading,CMIG4,2022-11-11,2022-11-11,2023-02-10,0.0073529412318202,-0.0371945674027596,0.0445475086345799
2453,CIA ENERGETICA DE MINAS GERAIS - CEMIG,2022Q3,2023Q1,0.887,11936,8436,font_heading,font_heading,CMIG4,2023-05-04,2023-05-04,2023-08-02,0.0386513157312722,0.1828676358467302,-0.144216320115458
2453,CIA ENERGETICA DE MINAS GERAIS - CEMIG,2023Q1,2023Q2,0.9434,8436,10474,font_heading,font_heading,CMIG4,2023-08-03,2023-08-03,2023-11-03,0.0064153970010076,-0.0201168015098298,0.0265321985108375
2453,CIA ENERGETICA DE MINAS GERAIS - CEMIG,2023Q2,2023Q3,0.9267,10474,8620,font_heading,font_heading,CMIG4,2023-11-09,2023-11-09,2024-02-14,-0.1179687499471556,0.0670744544380292,-0.1850432043851849
2453,CIA ENERGETICA DE MINAS GERAIS - CEMIG,2023Q3,2024Q1,0.8985,8620,10410,font_heading,font_heading,CMIG4,2024-05-10,2024-05-10,2024-08-08,0.0562685093780848,0.0083175045182362,0.0479510048598486
2453,CIA ENERGETICA DE MINAS GERAIS - CEMIG,2024Q1,2024Q2,0.6441,10410,4463,font_heading,font_heading,CMIG4,2024-08-13,2024-08-13,2024-11-08,0.0171171171171171,-0.0345033235781484,0.0516204406952656
2453,CIA ENERGETICA DE MINAS GERAIS - CEMIG,2024Q2,2024Q3,0.6495,4463,13071,font_heading,font_heading,CMIG4,2024-11-13,2024-11-13,2025-02-18,-0.0078328981723237,0.0062460327675006,-0.0140789309398244
2577,CESP - Companhia Energética de São Paulo,2015Q1,2015Q2,0.9092,687,686,font_heading,font_heading,CESP6,2015-08-14,2015-08-14,2015-11-16,-0.0872093023255814,-0.0139244820022392,-0.0732848203233421
2577,CESP - Companhia Energética de São Paulo,2015Q2,2015Q3,1.0,686,686,font_heading,font_heading,CESP6,2015-11-13,2015-11-13,2016-02-22,-0.0990712074303404,-0.0705586597943463,-0.028512547635994
2577,CESP - Companhia Energética de São Paulo,2015Q3,2016Q1,0.0403,686,101,font_heading,font_heading,CESP6,2016-05-13,2016-05-13,2016-08-11,0.0134028294862249,0.1253806874370107,-0.1119778579507857
2577,CESP - Companhia Energética de São Paulo,2016Q1,2016Q2,1.0,101,101,font_heading,font_heading,CESP6,2016-08-12,2016-08-12,2016-11-14,0.0250737463126844,0.0233119565353496,0.0017617897773347
2577,CESP - Companhia Energética de São Paulo,2016Q2,2016Q3,1.0,101,101,font_heading,font_heading,CESP6,2016-11-11,2016-11-11,2017-02-13,0.3510479041916168,0.131525318454414,0.2195225857372027
2577,CESP - Companhia Energética de São Paulo,2016Q3,2017Q1,0.3263,101,154,font_heading,font_heading,CESP6,2017-05-15,2017-05-15,2017-08-11,-0.0926966292134833,-0.0162922701239693,-0.0764043590895139
2577,CESP - Companhia Energética de São Paulo,2017Q1,2017Q2,1.0,154,154,font_heading,font_heading,CESP6,2017-08-11,2017-08-11,2017-11-13,-0.2167182662538699,0.0759603192406492,-0.2926785854945192
2577,CESP - Companhia Energética de São Paulo,2017Q2,2017Q3,0.2617,154,1676,font_heading,font_heading,CESP6,2017-11-10,2017-11-10,2018-02-19,0.2727272727272727,0.1749734361117008,0.0977538366155719
2577,CESP - Companhia Energética de São Paulo,2017Q3,2018Q1,0.2617,1676,154,font_heading,font_heading,CESP6,2018-05-11,2018-05-11,2018-08-10,0.0277606415792719,-0.1021574337454849,0.1299180753247568
2577,CESP - Companhia Energética de São Paulo,2018Q1,2018Q2,1.0,154,154,font_heading,font_heading,CESP6,2018-08-14,2018-08-14,2018-11-14,0.106951871657754,0.0937754724396076,0.0131763992181463
2577,CESP - Companhia Energética de São Paulo,2018Q2,2018Q3,1.0,154,154,font_heading,font_heading,CESP6,2018-11-21,2018-11-21,2019-02-25,0.2693333333333334,0.1142573290798085,0.1550760042535248
2577,CESP - Companhia Energética de São Paulo,2018Q3,2019Q1,0.0504,154,1494,font_heading,font_heading,CESP6,2019-05-13,2019-05-13,2019-08-12,0.0743165190604544,0.1110764670726707,-0.0367599480122162
2577,CESP - Companhia Energética de São Paulo,2019Q1,2019Q2,0.7003,1494,2061,font_heading,font_heading,CESP6,2019-08-06,2019-08-06,2019-11-01,0.0192572214580468,0.0590415186607378,-0.0397842972026909
2577,CESP - Companhia Energética de São Paulo,2019Q2,2019Q3,0.8315,2061,2128,font_heading,font_heading,CESP6,2019-10-30,2019-10-30,2020-02-04,0.0763333333333333,0.0659474667343127,0.0103858665990206
2577,CESP - Companhia Energética de São Paulo,2019Q3,2020Q1,0.3674,2128,1644,font_heading,font_heading,CESP6,2020-05-13,2020-05-13,2020-08-11,0.2232247940368772,0.3137650728666541,-0.0905402788297768
2577,CESP - Companhia Energética de São Paulo,2020Q1,2020Q2,0.3113,1644,304,font_heading,font_heading,CESP6,2020-07-29,2020-07-29,2020-10-28,-0.1131410256410255,-0.096931211720635,-0.0162098139203905
2577,CESP - Companhia Energética de São Paulo,2020Q2,2020Q3,0.4349,304,1529,font_heading,font_heading,CESP6,2020-10-28,2020-10-28,2021-02-02,0.0733646548608599,0.2397540871874606,-0.1663894323266006
2577,CESP - Companhia Energética de São Paulo,2020Q3,2021Q1,0.377,1529,1841,font_heading,font_heading,CESP6,2021-04-27,2021-04-27,2021-07-27,-0.0583366180528183,0.0437535079840691,-0.1020901260368875
2577,CESP - Companhia Energética de São Paulo,2021Q1,2021Q2,0.7447,1841,835,font_heading,font_heading,CESP6,2021-07-29,2021-07-29,2021-10-28,0.0648918469217971,-0.1589044564275263,0.2237963033493235
2577,CESP - Companhia Energética de São Paulo,2021Q2,2021Q3,0.1256,835,281,font_heading,font_heading,CESP6,2021-10-27,2021-10-27,2022-01-28,-0.0904780719083365,0.0521515450377056,-0.1426296169460422
3980,GERDAU S.A.,2015Q2,2015Q3,0.7364,6670,5664,font_heading,font_heading,GGBR4,2015-10-29,2015-10-29,2016-02-04,-0.2430939227134703,-0.1053428405804723,-0.1377510821329979
3980,GERDAU S.A.,2015Q3,2016Q2,0.8807,5664,5539,font_heading,font_heading,GGBR4,2016-08-10,2016-08-10,2016-11-10,0.4534883722310165,0.0752142752484286,0.3782740969825879
3980,GERDAU S.A.,2021Q2,2021Q3,0.964,3326,3543,font_heading,font_heading,GGBR4,2021-10-27,2021-10-27,2022-01-28,0.0263254112643109,0.0521515450377056,-0.0258261337733947
3980,GERDAU S.A.,2021Q3,2022Q1,0.9064,3543,3442,font_heading,font_heading,GGBR4,2022-05-05,2022-05-05,2022-08-03,-0.1654188947307311,-0.0145246832058629,-0.1508942115248681
3980,GERDAU S.A.,2022Q1,2022Q2,0.8618,3442,3658,font_heading,font_heading,GGBR4,2022-08-03,2022-08-03,2022-11-03,0.1012387867885096,0.126443945671526,-0.0252051588830164
3980,GERDAU S.A.,2023Q1,2023Q2,0.9865,13893,15772,font_heading,font_heading,GGBR4,2023-08-08,2023-08-08,2023-11-08,-0.1580705009511049,0.0007257521691113,-0.1587962531202162
3980,GERDAU S.A.,2023Q2,2023Q3,0.9952,15772,16276,font_heading,font_heading,GGBR4,2023-11-06,2023-11-06,2024-02-07,-0.0579584776716335,0.0972602248139742,-0.1552187024856077
3980,GERDAU S.A.,2023Q3,2024Q1,0.6539,16276,2071,font_heading,font_heading,GGBR4,2024-07-12,2024-07-12,2024-10-09,0.0459770114942528,0.0082630330051176,0.0377139784891351
3980,GERDAU S.A.,2024Q1,2024Q2,0.2486,2071,3035,font_heading,font_heading,GGBR4,2024-07-31,2024-07-31,2024-10-28,0.0010952902519167,0.0278943949169228,-0.026799104665006
3980,GERDAU S.A.,2024Q2,2024Q3,0.9445,3035,3691,font_heading,font_heading,GGBR4,2024-11-05,2024-11-05,2025-02-10,-0.0351455244371224,-0.0389477329649493,0.0038022085278268
4030,CIA SIDERURGICA NACIONAL,2016Q2,2016Q3,0.9639,4221,3819,font_heading,font_heading,CSNA3,2017-10-30,2017-10-30,2018-02-05,0.1871345029239766,0.0943946244094613,0.0927398785145152
4030,CIA SIDERURGICA NACIONAL,2021Q3,2022Q1,0.8338,4931,5297,font_heading,font_heading,CSNA3,2022-05-04,2022-05-04,2022-08-02,-0.3311597578015836,-0.0459836442788481,-0.2851761135227354
4030,CIA SIDERURGICA NACIONAL,2022Q1,2022Q2,0.9765,5297,5516,font_heading,font_heading,CSNA3,2022-08-15,2022-08-15,2022-11-16,-0.0721908349026992,-0.0246713363775454,-0.0475194985251538
4030,CIA SIDERURGICA NACIONAL,2022Q2,2022Q3,0.9409,5516,5511,font_heading,font_heading,CSNA3,2022-10-31,2022-10-31,2023-01-31,0.506514657980456,-0.0224629920022118,0.5289776499826678
4030,CIA SIDERURGICA NACIONAL,2022Q3,2023Q1,0.6296,5511,4008,font_heading,font_heading,CSNA3,2023-05-03,2023-05-03,2023-08-01,0.0653188180404353,0.1910791359556545,-0.1257603179152191
4030,CIA SIDERURGICA NACIONAL,2023Q1,2023Q2,0.9115,4008,3452,font_heading,font_heading,CSNA3,2023-08-03,2023-08-03,2023-11-03,-0.0335621662852784,-0.0201168015098298,-0.0134453647754485
4030,CIA SIDERURGICA NACIONAL,2023Q2,2023Q3,1.0,3452,3455,font_heading,font_heading,CSNA3,2023-11-13,2023-11-13,2024-02-16,0.5063291139240504,0.0690615252847828,0.4372675886392676
4030,CIA SIDERURGICA NACIONAL,2023Q3,2024Q1,0.7581,3455,4343,font_heading,font_heading,CSNA3,2024-05-09,2024-05-09,2024-08-07,-0.1851585014409221,-0.0052614769798875,-0.1798970244610346
4170,VALE S.A.,2015Q1,2015Q2,0.8038,5214,5162,font_heading,font_heading,VALE3,2015-07-30,2015-07-30,2015-10-29,-0.0750716332378222,-0.0855565620653582,0.0104849288275359
4170,VALE S.A.,2015Q2,2015Q3,0.9312,5162,5201,font_heading,font_heading,VALE3,2015-10-22,2015-10-22,2016-01-28,-0.4959481361426257,-0.191365720689925,-0.3045824154527006
4170,VALE S.A.,2015Q3,2016Q1,0.8559,5201,4393,font_heading,font_heading,VALE3,2016-04-28,2016-04-28,2016-07-27,-0.0439615967660432,0.0467830658293311,-0.0907446625953743
4170,VALE S.A.,2016Q1,2016Q2,0.9305,4393,4691,font_heading,font_heading,VALE3,2016-07-28,2016-07-28,2016-10-27,0.1554621848739497,0.1338056354372694,0.0216565494366802
4170,VALE S.A.,2016Q2,2016Q3,0.9494,4691,4713,font_heading,font_heading,VALE3,2016-10-27,2016-10-27,2017-01-30,0.4659090909090908,0.0008129246141994,0.4650961662948913
4170,VALE S.A.,2016Q3,2017Q1,0.7645,4713,7212,font_heading,font_heading,VALE3,2017-04-27,2017-04-27,2017-07-27,0.106969809914275,0.0092897657651807,0.0976800441490943
4170,VALE S.A.,2017Q1,2017Q2,0.9567,7212,7352,font_heading,font_heading,VALE3,2017-07-27,2017-07-27,2017-10-26,0.1,0.1626745742552782,-0.0626745742552781
4170,VALE S.A.,2017Q2,2017Q3,0.9406,7352,8228,font_heading,font_heading,VALE3,2017-10-26,2017-10-26,2018-02-01,0.2791551882460972,0.1264736709999887,0.1526815172461084
4170,VALE S.A.,2017Q3,2018Q1,0.8028,8228,5787,font_heading,font_heading,VALE3,2018-04-25,2018-04-25,2018-07-26,0.1007299270072992,-0.0663071367788046,0.1670370637861038
4170,VALE S.A.,2018Q1,2018Q2,0.9472,5787,5653,font_heading,font_heading,VALE3,2018-07-25,2018-07-25,2018-10-24,0.0517874396135265,0.0354723201913185,0.0163151194222079
4170,VALE S.A.,2018Q2,2018Q3,0.9781,5653,5583,font_heading,font_heading,VALE3,2018-10-24,2018-10-24,2019-01-31,-0.1640639353297813,0.1725206576746771,-0.3365845930044585
4170,VALE S.A.,2018Q3,2019Q1,0.7047,5583,2916,font_heading,font_heading,VALE3,2019-05-09,2019-05-09,2019-08-08,-0.0280181293778326,0.0981706683571033,-0.1261887977349359
4170,VALE S.A.,2019Q1,2019Q2,0.9636,2916,3035,font_heading,font_heading,VALE3,2020-05-29,2020-05-29,2020-08-27,0.1469811320754717,0.1512656547134359,-0.0042845226379641
4170,VALE S.A.,2019Q2,2019Q3,0.8938,3035,3814,font_heading,font_heading,VALE3,2019-10-24,2019-10-24,2020-01-29,0.0855614973262031,0.0785027213815625,0.0070587759446405
4170,VALE S.A.,2019Q3,2020Q1,0.7456,3814,5134,font_heading,font_heading,VALE3,2020-04-28,2020-04-28,2020-07-28,0.3526115220802512,0.2803621300264427,0.0722493920538085
4170,VALE S.A.,2020Q1,2020Q2,0.9434,5134,5378,font_heading,font_heading,VALE3,2020-07-29,2020-07-29,2020-10-28,-0.0427323272438443,-0.096931211720635,0.0541988844767906
4170,VALE S.A.,2020Q2,2020Q3,0.8615,5378,6972,font_heading,font_heading,VALE3,2020-10-29,2020-10-29,2021-02-03,0.4580780393421477,0.2396152664218733,0.2184627729202743
4170,VALE S.A.,2020Q3,2021Q2,0.7642,6972,8783,font_heading,font_heading,VALE3,2021-07-29,2021-07-29,2021-10-28,-0.3622912520550315,-0.1589044564275263,-0.2033867956275051
4170,VALE S.A.,2021Q2,2021Q3,0.885,8783,9101,font_heading,font_heading,VALE3,2021-10-28,2021-10-28,2022-01-31,0.0972862957937585,0.0609105760032451,0.0363757197905134
4170,VALE S.A.,2021Q3,2022Q1,0.8367,9101,7936,font_heading,font_heading,VALE3,2022-04-29,2022-04-29,2022-07-28,-0.151278664905751,-0.04894037755886,-0.1023382873468909
4170,VALE S.A.,2022Q1,2022Q2,0.8867,7936,8610,font_heading,font_heading,VALE3,2022-07-28,2022-07-28,2022-10-27,0.0031121799405855,0.1173927104449599,-0.1142805305043743
4170,VALE S.A.,2022Q2,2022Q3,0.5208,8610,20762,font_heading,font_heading,VALE3,2022-10-27,2022-10-27,2023-01-27,0.344239176420815,-0.0202772556636923,0.3645164320845073
4170,VALE S.A.,2022Q3,2023Q1,0.8118,20762,34273,font_heading,font_heading,VALE3,2023-04-26,2023-04-26,2023-07-26,0.0212039277074143,0.1979069924280705,-0.1767030647206562
4170,VALE S.A.,2023Q1,2023Q2,0.1278,34273,674,font_heading,font_heading,VALE3,2023-07-27,2023-07-27,2023-10-26,-0.0727066174382278,-0.0434435839627487,-0.029263033475479
4170,VALE S.A.,2023Q2,2023Q3,0.9334,674,1025,font_heading,font_heading,VALE3,2023-10-26,2023-10-26,2024-01-30,0.0532924961715162,0.1099956036434521,-0.0567031074719359
4170,VALE S.A.,2024Q2,2024Q3,0.9301,4268,4545,font_heading,font_heading,VALE3,2024-10-24,2024-10-24,2025-01-29,-0.1155778894472362,-0.0510108832412845,-0.0645670062059516
4820,BRASKEM S.A.,2024Q1,2024Q3,0.4913,4659,1198,font_heading,font_heading,BRKM5,2024-11-07,2024-11-07,2025-02-12,-0.2389975550122249,-0.040880787343164,-0.1981167676690609
5258,RAIA DROGASIL S.A.,2021Q2,2021Q3,0.9967,10004,10048,font_heading,font_heading,RADL3,2021-11-09,2021-11-09,2022-02-09,-0.0771123871826364,0.0656304046010103,-0.1427427917836468
5258,RAIA DROGASIL S.A.,2021Q3,2022Q1,0.8898,10048,10901,font_heading,font_heading,RADL3,2022-05-04,2022-05-04,2022-08-02,0.0696640315949175,-0.0459836442788481,0.1156476758737656
5258,RAIA DROGASIL S.A.,2024Q1,2024Q2,0.9942,5715,5773,font_heading,font_heading,RADL3,2024-08-28,2024-08-28,2024-11-27,-0.1103571426943852,-0.0704461266443751,-0.0399110160500101
5258,RAIA DROGASIL S.A.,2024Q2,2024Q3,1.0,5773,5756,font_heading,font_heading,RADL3,2024-11-07,2024-11-07,2025-02-12,-0.2338017174129367,-0.040880787343164,-0.1929209300697727
5410,WEG S.A.,2015Q1,2015Q2,0.993,2386,2438,font_heading,font_heading,WEGE3,2015-07-29,2015-07-29,2015-10-28,-0.1644808742293648,-0.0697438598041522,-0.0947370144252126
5410,WEG S.A.,2015Q2,2015Q3,0.9681,2438,2557,font_heading,font_heading,WEGE3,2015-10-28,2015-10-28,2016-02-03,-0.0359712230986538,-0.153014547232239,0.1170433241335852
5410,WEG S.A.,2015Q3,2016Q1,0.9672,2557,2419,font_heading,font_heading,WEGE3,2016-04-20,2016-04-20,2016-07-20,0.0271622587264976,0.0549518719887944,-0.0277896132622967
5410,WEG S.A.,2016Q1,2016Q2,1.0,2419,2394,font_heading,font_heading,WEGE3,2016-07-27,2016-07-27,2016-10-26,0.1493421052539301,0.1226473470806384,0.0266947581732917
5410,WEG S.A.,2016Q2,2016Q3,0.9955,2394,2424,font_heading,font_heading,WEGE3,2016-10-26,2016-10-26,2017-01-27,-0.0761305093672397,0.034598764228009,-0.1107292735952487
5410,WEG S.A.,2016Q3,2017Q1,0.9819,2424,2368,font_heading,font_heading,WEGE3,2017-04-26,2017-04-26,2017-07-26,0.0672268908272957,0.0022917915473361,0.0649350992799595
5410,WEG S.A.,2017Q1,2017Q2,0.9839,2368,2410,font_heading,font_heading,WEGE3,2017-07-19,2017-07-19,2017-10-18,0.1687370600568716,0.1750718626227219,-0.0063348025658502
5410,WEG S.A.,2017Q2,2017Q3,0.9957,2410,2531,font_heading,font_heading,WEGE3,2017-10-25,2017-10-25,2018-01-31,0.0651685392426006,0.1074924811985944,-0.0423239419559937
5410,WEG S.A.,2017Q3,2018Q1,0.9969,2531,2581,font_heading,font_heading,WEGE3,2018-11-05,2018-11-05,2019-02-11,0.0096205237840727,0.0537371526379559,-0.0441166288538832
5410,WEG S.A.,2018Q1,2018Q2,0.9912,2581,2672,font_heading,font_heading,WEGE3,2018-08-14,2018-08-14,2018-11-14,0.0483779169038134,0.0937754724396076,-0.0453975555357941
5410,WEG S.A.,2018Q2,2018Q3,0.9967,2672,2631,font_heading,font_heading,WEGE3,2018-10-24,2018-10-24,2019-01-31,-0.0263565891472868,0.1725206576746771,-0.198877246821964
5410,WEG S.A.,2018Q3,2019Q1,0.9873,2631,2522,font_heading,font_heading,WEGE3,2019-04-24,2019-04-24,2019-07-25,0.2122340425531914,0.0800582416219277,0.1321758009312637
5410,WEG S.A.,2019Q1,2019Q2,0.9965,2522,2587,font_heading,font_heading,WEGE3,2019-07-24,2019-07-24,2019-10-21,0.0626086956521738,0.0182751549901796,0.0443335406619942
5410,WEG S.A.,2019Q2,2019Q3,0.9893,2587,2550,font_heading,font_heading,WEGE3,2019-10-23,2019-10-23,2020-01-28,0.6257739938080495,0.083086301741805,0.5426876920662445
5410,WEG S.A.,2019Q3,2020Q1,0.9761,2550,2571,font_heading,font_heading,WEGE3,2020-04-29,2020-04-29,2020-07-29,0.617874396135266,0.2697388987481182,0.3481354973871478
5410,WEG S.A.,2020Q1,2020Q2,0.9852,2571,2908,font_heading,font_heading,WEGE3,2020-07-22,2020-07-22,2020-10-21,0.1495601173020528,-0.0358348291680091,0.185394946470062
5410,WEG S.A.,2020Q2,2020Q3,1.0,2908,2899,font_heading,font_heading,WEGE3,2020-10-21,2020-10-21,2021-01-26,0.1345663265306123,0.1582424686034347,-0.0236761420728224
5410,WEG S.A.,2020Q3,2021Q1,0.9241,2899,1958,font_heading,font_heading,WEGE3,2021-04-28,2021-04-28,2021-07-28,0.0191780821917808,0.0432297485422028,-0.0240516663504219
5410,WEG S.A.,2021Q1,2021Q2,0.9803,1958,2017,font_heading,font_heading,WEGE3,2021-07-28,2021-07-28,2021-10-27,0.053763440860215,-0.1577574290146642,0.2115208698748792
5410,WEG S.A.,2021Q2,2021Q3,0.9767,2017,2025,font_heading,font_heading,WEGE3,2021-10-27,2021-10-27,2022-01-28,-0.1933673469387755,0.0521515450377056,-0.2455188919764812
5410,WEG S.A.,2021Q3,2022Q1,0.9462,2025,2088,font_heading,font_heading,WEGE3,2022-04-27,2022-04-27,2022-07-26,-0.171672462851723,-0.0875878845941224,-0.0840845782576005
5410,WEG S.A.,2022Q1,2022Q2,0.9893,2088,2141,font_heading,font_heading,WEGE3,2022-07-20,2022-07-20,2022-10-19,0.3332050788764911,0.1830093614780332,0.1501957173984578
5410,WEG S.A.,2022Q2,2022Q3,0.9361,2141,2286,font_heading,font_heading,WEGE3,2022-10-26,2022-10-26,2023-01-26,0.0060558188520274,0.0125373579586143,-0.0064815391065868
5410,WEG S.A.,2022Q3,2023Q1,0.9751,2286,2283,font_heading,font_heading,WEGE3,2023-04-26,2023-04-26,2023-07-26,0.0092246322612814,0.1979069924280705,-0.188682360166789
5410,WEG S.A.,2023Q1,2023Q2,0.9987,2283,2289,font_heading,font_heading,WEGE3,2023-07-19,2023-07-19,2023-10-18,-0.0954893168029543,-0.0297096427140756,-0.0657796740888787
5410,WEG S.A.,2023Q2,2023Q3,0.9991,2289,2339,font_heading,font_heading,WEGE3,2023-10-25,2023-10-25,2024-01-29,0.0565618048935494,0.1389053812564162,-0.0823435763628668
5410,WEG S.A.,2023Q3,2024Q1,0.9584,2339,2102,font_heading,font_heading,WEGE3,2024-05-02,2024-05-02,2024-07-31,0.3039897039897039,0.0041657538314496,0.2998239501582542
5410,WEG S.A.,2024Q1,2024Q2,0.9522,2102,2577,font_heading,font_heading,WEGE3,2024-07-31,2024-07-31,2024-10-28,0.1105408606395579,0.0278943949169228,0.0826464657226351
5410,WEG S.A.,2024Q2,2024Q3,0.9975,2577,2588,font_heading,font_heading,WEGE3,2024-10-30,2024-10-30,2025-02-04,0.001111111111111,-0.0420387183553375,0.0431498294664486
6505,Grupo Casas Bahia S.A. (Via Varejo),2015Q1,2015Q2,0.8629,2490,3476,font_heading,font_heading,BHIA3,2016-10-26,2016-10-26,2017-01-27,0.018987341772152,0.034598764228009,-0.015611422455857
6505,Grupo Casas Bahia S.A. (Via Varejo),2015Q2,2015Q3,0.9638,3476,3322,font_heading,font_heading,BHIA3,2016-10-26,2016-10-26,2017-01-27,0.018987341772152,0.034598764228009,-0.015611422455857
6505,Grupo Casas Bahia S.A. (Via Varejo),2015Q3,2016Q1,0.8535,3322,2458,font_heading,font_heading,BHIA3,2016-08-22,2016-08-22,2016-11-29,0.1932203389830509,0.0554726759065744,0.1377476630764764
6505,Grupo Casas Bahia S.A. (Via Varejo),2021Q2,2021Q3,1.0,533,533,font_heading,font_heading,BHIA3,2021-11-10,2021-11-10,2022-02-10,-0.3843971631205674,0.0698351787260076,-0.454232341846575
6505,Grupo Casas Bahia S.A. (Via Varejo),2021Q3,2022Q1,1.0,533,533,font_heading,font_heading,BHIA3,2022-05-09,2022-05-09,2022-08-05,0.0631970260223049,0.0312048365704915,0.0319921894518133
6505,Grupo Casas Bahia S.A. (Via Varejo),2022Q1,2022Q2,0.029,533,1002,font_heading,font_heading,BHIA3,2022-08-11,2022-08-11,2022-11-11,-0.1254480286738351,0.0231097120489138,-0.1485577407227489
6505,Grupo Casas Bahia S.A. (Via Varejo),2022Q2,2022Q3,0.029,1002,533,font_heading,font_heading,BHIA3,2022-11-10,2022-11-10,2023-02-09,-0.1821705426356589,-0.0161002285938952,-0.1660703140417636
6505,Grupo Casas Bahia S.A. (Via Varejo),2022Q3,2023Q1,0.0686,533,2360,font_heading,font_heading,BHIA3,2023-05-04,2023-05-04,2023-08-02,0.1063829787234043,0.1828676358467302,-0.0764846571233259
6505,Grupo Casas Bahia S.A. (Via Varejo),2023Q1,2023Q2,0.0686,2360,533,font_heading,font_heading,BHIA3,2023-08-10,2023-08-10,2023-11-10,-0.7158469945355191,0.0187456484855039,-0.7345926430210231
6505,Grupo Casas Bahia S.A. (Via Varejo),2023Q2,2023Q3,0.3093,533,10097,font_heading,font_heading,BHIA3,2023-11-08,2023-11-08,2024-02-09,-0.4512280701754385,0.0742513614451554,-0.525479431620594
6505,Grupo Casas Bahia S.A. (Via Varejo),2023Q3,2024Q1,0.9286,10097,10578,font_heading,font_heading,BHIA3,2024-05-08,2024-05-08,2024-08-06,-0.4209770114942528,-0.0248236631675917,-0.396153348326661
6505,Grupo Casas Bahia S.A. (Via Varejo),2024Q1,2024Q2,0.5668,10578,6800,font_heading,font_heading,BHIA3,2024-08-07,2024-08-07,2024-11-04,-0.0023419203747072,0.0235339870451749,-0.0258759074198822
6505,Grupo Casas Bahia S.A. (Via Varejo),2024Q2,2024Q3,0.8404,6800,8569,font_heading,font_heading,BHIA3,2024-11-13,2024-11-13,2025-02-18,-0.1965601965601966,0.0062460327675006,-0.2028062293276973
8133,LOJAS RENNER S.A.,2015Q1,2015Q2,1.0,963,963,font_heading,font_heading,LREN3,2015-07-30,2015-07-30,2015-10-29,-0.1773697544549561,-0.0855565620653582,-0.0918131923895979
8133,LOJAS RENNER S.A.,2015Q2,2015Q3,0.9911,963,928,font_heading,font_heading,LREN3,2015-10-22,2015-10-22,2016-01-28,-0.165024630193691,-0.191365720689925,0.026341090496234
8133,LOJAS RENNER S.A.,2015Q3,2016Q1,0.1392,928,11318,font_heading,font_heading,LREN3,2016-04-25,2016-04-25,2016-07-22,0.3881748065032457,0.0991168629032865,0.2890579435999592
8133,LOJAS RENNER S.A.,2016Q1,2016Q2,0.9778,11318,12204,font_heading,font_heading,LREN3,2016-07-25,2016-07-25,2016-10-24,0.0326295587106322,0.126372692149647,-0.0937431334390148
8133,LOJAS RENNER S.A.,2016Q2,2016Q3,0.8956,12204,9930,font_heading,font_heading,LREN3,2016-10-24,2016-10-24,2017-01-24,-0.0992565057997859,0.0277896199946643,-0.1270461257944503
8133,LOJAS RENNER S.A.,2016Q3,2017Q1,0.9413,9930,12123,font_heading,font_heading,LREN3,2017-04-25,2017-04-25,2017-07-25,0.1299319727996175,0.0079707314153008,0.1219612413843167
8133,LOJAS RENNER S.A.,2017Q1,2017Q2,0.9699,12123,12101,font_heading,font_heading,LREN3,2017-07-25,2017-07-25,2017-10-24,0.2284768208899641,0.1626763444942354,0.0658004763957287
8133,LOJAS RENNER S.A.,2017Q2,2017Q3,0.9642,12101,12579,font_heading,font_heading,LREN3,2017-10-24,2017-10-24,2018-01-30,0.0107816711474255,0.1065126221018413,-0.0957309509544157
8133,LOJAS RENNER S.A.,2017Q3,2018Q1,0.2705,12579,2881,font_heading,font_heading,LREN3,2018-05-03,2018-05-03,2018-08-02,-0.0561240310208052,-0.0438411759465392,-0.0122828550742659
8133,LOJAS RENNER S.A.,2018Q1,2018Q2,0.2526,2881,10949,font_heading,font_heading,LREN3,2018-07-26,2018-07-26,2018-10-25,0.1443494775967833,0.0589150553350694,0.0854344222617138
8133,LOJAS RENNER S.A.,2018Q2,2018Q3,0.7954,10949,6256,font_heading,font_heading,LREN3,2018-10-25,2018-10-25,2019-02-01,0.2630705395703345,0.1638580501694091,0.0992124894009254
8133,LOJAS RENNER S.A.,2018Q3,2019Q1,0.72,6256,7139,font_heading,font_heading,LREN3,2019-04-25,2019-04-25,2019-07-26,0.1364667393948289,0.0649066622421092,0.0715600771527196
8133,LOJAS RENNER S.A.,2019Q1,2019Q2,0.942,7139,6109,font_heading,font_heading,LREN3,2019-07-31,2019-07-31,2019-10-28,0.0545722711826199,0.0626153472917265,-0.0080430761091065
8133,LOJAS RENNER S.A.,2019Q2,2019Q3,0.9906,6109,6328,font_heading,font_heading,LREN3,2019-10-25,2019-10-25,2020-01-30,0.1722772276122224,0.0760423904519027,0.0962348371603196
8133,LOJAS RENNER S.A.,2019Q3,2020Q1,0.1392,6328,3242,font_heading,font_heading,LREN3,2020-05-21,2020-05-21,2020-08-19,-0.0247731176693913,0.2147083560317482,-0.2394814737011396
8133,LOJAS RENNER S.A.,2020Q3,2021Q1,0.0535,6496,1505,font_heading,font_heading,LREN3,2021-05-13,2021-05-13,2021-08-12,-0.0859020853541502,-4.084307056717584e-05,-0.085861242283583
8133,LOJAS RENNER S.A.,2021Q1,2021Q2,0.2086,1505,704,font_heading,font_heading,LREN3,2021-08-12,2021-08-12,2021-11-12,-0.1209273493045051,-0.1190250485124478,-0.0019023007920572
8133,LOJAS RENNER S.A.,2021Q2,2021Q3,0.0082,704,2156,font_heading,font_heading,LREN3,2021-11-11,2021-11-11,2022-02-11,-0.2528735631811268,0.0555573988934583,-0.3084309620745852
8133,LOJAS RENNER S.A.,2023Q2,2023Q3,0.969,2991,2941,font_heading,font_heading,LREN3,2023-11-09,2023-11-09,2024-02-14,0.0774907745273076,0.0670744544380292,0.0104163200892783
8133,LOJAS RENNER S.A.,2023Q3,2024Q1,0.0513,2941,3599,font_heading,font_heading,LREN3,2024-05-08,2024-05-08,2024-08-06,-0.1543026710202608,-0.0248236631675917,-0.129479007852669
8133,LOJAS RENNER S.A.,2024Q1,2024Q2,0.0562,3599,4751,font_heading,font_heading,LREN3,2024-08-08,2024-08-08,2024-11-05,0.2896551725916765,0.0155437301532523,0.2741114424384241
8133,LOJAS RENNER S.A.,2024Q2,2024Q3,0.9908,4751,4577,font_heading,font_heading,LREN3,2024-11-07,2024-11-07,2025-02-12,-0.2261061948614808,-0.040880787343164,-0.1852254075183168
8451,MARCOPOLO S.A.,2015Q1,2015Q2,0.9956,3233,3241,font_heading,font_heading,POMO4,2015-08-03,2015-08-03,2015-11-03,-0.139737991352479,-0.0415728174510178,-0.0981651739014611
8451,MARCOPOLO S.A.,2015Q2,2015Q3,0.9347,3241,3457,font_heading,font_heading,POMO4,2015-11-03,2015-11-03,2016-02-10,0.1065989848057935,-0.15976074251977,0.2663597273255635
8451,MARCOPOLO S.A.,2015Q3,2016Q1,0.9294,3457,3452,font_heading,font_heading,POMO4,2016-05-02,2016-05-02,2016-07-29,0.2622950821456657,0.0699507519761379,0.1923443301695278
8451,MARCOPOLO S.A.,2016Q1,2016Q2,0.9944,3452,3481,font_heading,font_heading,POMO4,2016-08-08,2016-08-08,2016-11-08,-0.0900900899966744,0.1131638993584327,-0.2032539893551072
8451,MARCOPOLO S.A.,2016Q2,2016Q3,0.9932,3481,3532,font_heading,font_heading,POMO4,2016-11-07,2016-11-07,2017-02-07,-0.0380394807601883,0.002298925944921,-0.0403384067051094
8451,MARCOPOLO S.A.,2016Q3,2017Q1,0.9852,3532,3719,font_heading,font_heading,POMO4,2017-05-08,2017-05-08,2017-08-04,0.3073929958839672,0.0209373250695448,0.2864556708144223
8451,MARCOPOLO S.A.,2017Q1,2017Q2,0.9965,3719,3717,font_heading,font_heading,POMO4,2017-08-07,2017-08-07,2017-11-07,0.0755813950819936,0.0658705092136169,0.0097108858683767
8451,MARCOPOLO S.A.,2017Q2,2017Q3,0.9883,3717,3660,font_heading,font_heading,POMO4,2017-11-06,2017-11-06,2018-02-09,-0.0359897173332496,0.0886534781826435,-0.1246431955158932
8451,MARCOPOLO S.A.,2017Q3,2018Q1,0.8969,3660,3954,font_heading,font_heading,POMO4,2018-05-07,2018-05-07,2018-08-06,-0.0176322417041664,-0.0201133006796154,0.002481058975449
8451,MARCOPOLO S.A.,2018Q1,2018Q2,0.9862,3954,3973,font_heading,font_heading,POMO4,2018-08-06,2018-08-06,2018-11-06,0.0435897437031429,0.0939924560855445,-0.0504027123824015
8451,MARCOPOLO S.A.,2018Q2,2018Q3,0.954,3973,3562,font_heading,font_heading,POMO4,2018-11-05,2018-11-05,2019-02-11,-0.1044770795080649,0.0537371526379559,-0.1582142321460209
8451,MARCOPOLO S.A.,2018Q3,2019Q1,0.9774,3562,3530,font_heading,font_heading,POMO4,2019-05-06,2019-05-06,2019-08-05,0.002739726180972,0.053565011863129,-0.0508252856821569
8451,MARCOPOLO S.A.,2019Q1,2019Q2,0.9867,3530,3554,font_heading,font_heading,POMO4,2019-08-05,2019-08-05,2019-10-31,-0.0081967214090298,0.0711504148942334,-0.0793471363032632
8451,MARCOPOLO S.A.,2019Q2,2019Q3,0.9963,3554,3571,font_heading,font_heading,POMO4,2019-11-04,2019-11-04,2020-02-07,0.3324324325008911,0.0458818911318605,0.2865505413690306
8451,MARCOPOLO S.A.,2019Q3,2020Q1,0.1372,3571,703,font_heading,font_heading,POMO4,2020-05-25,2020-05-25,2020-08-21,0.0441176470945068,0.1851176253871544,-0.1409999782926476
8451,MARCOPOLO S.A.,2020Q1,2020Q2,1.0,703,703,font_heading,font_heading,POMO4,2020-08-03,2020-08-03,2020-11-03,-0.1413427561656157,-0.0666176213167363,-0.0747251348488794
8451,MARCOPOLO S.A.,2020Q2,2020Q3,1.0,703,703,font_heading,font_heading,POMO4,2020-11-03,2020-11-03,2021-02-05,0.193415637817609,0.2527674859613555,-0.0593518481437465
8451,MARCOPOLO S.A.,2020Q3,2021Q1,0.1385,703,3445,font_heading,font_heading,POMO4,2021-05-03,2021-05-03,2021-08-02,0.2123552125382148,0.0277348747767376,0.1846203377614772
8451,MARCOPOLO S.A.,2021Q1,2021Q2,0.9717,3445,3312,font_heading,font_heading,POMO4,2021-08-02,2021-08-02,2021-11-01,-0.1496815286235951,-0.1384710242128889,-0.0112105044107062
8451,MARCOPOLO S.A.,2021Q2,2021Q3,0.9959,3312,3314,font_heading,font_heading,POMO4,2021-11-03,2021-11-03,2022-02-03,0.2022058819907546,0.0575576555565739,0.1446482264341806
8451,MARCOPOLO S.A.,2021Q3,2022Q1,0.994,3314,3278,font_heading,font_heading,POMO4,2022-05-02,2022-05-02,2022-07-29,-0.0783582089221429,-0.032576840814924,-0.0457813681072188
8451,MARCOPOLO S.A.,2022Q1,2022Q2,0.9927,3278,3132,font_heading,font_heading,POMO4,2022-08-01,2022-08-01,2022-10-31,0.1755102042179759,0.1351136139976607,0.0403965902203151
8451,MARCOPOLO S.A.,2022Q2,2022Q3,0.9957,3132,3132,font_heading,font_heading,POMO4,2022-11-03,2022-11-03,2023-02-02,0.0472972972792185,-0.0577923897715891,0.1050896870508076
8451,MARCOPOLO S.A.,2022Q3,2023Q1,0.9861,3132,3301,font_heading,font_heading,POMO4,2023-05-02,2023-05-02,2023-07-31,0.4250681200027324,0.1963762282693635,0.2286918917333689
8451,MARCOPOLO S.A.,2023Q1,2023Q2,0.9963,3301,3281,font_heading,font_heading,POMO4,2023-08-01,2023-08-01,2023-10-31,0.0076923078699999,-0.0668439391236452,0.0745362469936452
8451,MARCOPOLO S.A.,2023Q2,2023Q3,0.1379,3281,703,font_heading,font_heading,POMO4,2023-10-31,2023-10-31,2024-02-02,0.5667938930865042,0.1240774671707218,0.4427164259157823
8451,MARCOPOLO S.A.,2023Q3,2024Q1,0.1442,703,3115,font_heading,font_heading,POMO4,2024-05-02,2024-05-02,2024-07-31,-0.0858433734690266,0.0041657538314496,-0.0900091273004762
8451,MARCOPOLO S.A.,2024Q1,2024Q2,0.9911,3115,3136,font_heading,font_heading,POMO4,2024-08-01,2024-08-01,2024-10-29,0.3970588234871204,0.0261770664648797,0.3708817570222407
8451,MARCOPOLO S.A.,2024Q2,2024Q3,0.9957,3136,3125,font_heading,font_heading,POMO4,2024-10-31,2024-10-31,2025-02-05,-0.0460992908386985,-0.0322192021436809,-0.0138800886950176
8656,METALURGICA GERDAU S.A.,2015Q2,2015Q3,0.7703,7487,6427,font_heading,font_heading,GOAU4,2015-10-29,2015-10-29,2016-02-04,-0.482071713235047,-0.1053428405804723,-0.3767288726545746
8656,METALURGICA GERDAU S.A.,2015Q3,2016Q2,0.8732,6427,6680,font_heading,font_heading,GOAU4,2016-08-10,2016-08-10,2016-11-10,0.6677524427788857,0.0752142752484286,0.5925381675304571
8656,METALURGICA GERDAU S.A.,2016Q2,2016Q3,0.9653,6680,7725,font_heading,font_heading,GOAU4,2016-11-09,2016-11-09,2017-02-09,0.0983935743783681,0.0269786069078399,0.0714149674705282
8656,METALURGICA GERDAU S.A.,2018Q2,2018Q3,0.9979,8169,8105,font_heading,font_heading,GOAU4,2018-11-07,2018-11-07,2019-02-13,-0.1200480191404309,0.0926649972324937,-0.2127130163729247
8656,METALURGICA GERDAU S.A.,2021Q2,2021Q3,0.9765,3155,3242,font_heading,font_heading,GOAU4,2021-10-27,2021-10-27,2022-01-28,-0.089563862924467,0.0521515450377056,-0.1417154079621727
8656,METALURGICA GERDAU S.A.,2021Q3,2022Q1,0.8583,3242,3500,font_heading,font_heading,GOAU4,2022-05-05,2022-05-05,2022-08-03,-0.1682322800540543,-0.0145246832058629,-0.1537075968481913
8656,METALURGICA GERDAU S.A.,2023Q1,2023Q2,0.9681,24196,33136,font_heading,font_heading,GOAU4,2023-08-08,2023-08-08,2023-11-08,-0.1412958626678701,0.0007257521691113,-0.1420216148369814
8656,METALURGICA GERDAU S.A.,2023Q2,2023Q3,0.9954,33136,34618,font_heading,font_heading,GOAU4,2023-11-06,2023-11-06,2024-02-07,-0.0606617646687132,0.0972602248139742,-0.1579219894826874
8656,METALURGICA GERDAU S.A.,2023Q3,2024Q1,0.3587,34618,2706,font_heading,font_heading,GOAU4,2024-07-12,2024-07-12,2024-10-09,0.0065237650778668,0.0082630330051176,-0.0017392679272507
8656,METALURGICA GERDAU S.A.,2024Q1,2024Q2,0.142,2706,1625,font_heading,font_heading,GOAU4,2024-07-31,2024-07-31,2024-10-28,-0.0404515521251783,0.0278943949169228,-0.0683459470421011
8656,METALURGICA GERDAU S.A.,2024Q2,2024Q3,0.9792,1625,1602,font_heading,font_heading,GOAU4,2024-11-05,2024-11-05,2025-02-10,-0.0558766858986029,-0.0389477329649493,-0.0169289529336535
8672,IGUATEMI S.A.,2015Q1,2015Q2,0.839,1072,1074,font_heading,font_heading,IGTI11,2015-08-14,2021-11-22,2022-02-21,-0.0909526089037817,0.0940335599340282,-0.18498616883781
8672,IGUATEMI S.A.,2015Q2,2015Q3,0.8432,1074,1079,font_heading,font_heading,IGTI11,2015-11-15,2021-11-22,2022-02-21,-0.0909526089037817,0.0940335599340282,-0.18498616883781
8672,IGUATEMI S.A.,2015Q3,2016Q1,0.8767,1079,990,font_heading,font_heading,IGTI11,2016-05-13,2021-11-22,2022-02-21,-0.0909526089037817,0.0940335599340282,-0.18498616883781
8672,IGUATEMI S.A.,2016Q1,2016Q2,0.9853,990,997,font_heading,font_heading,IGTI11,2016-08-12,2021-11-22,2022-02-21,-0.0909526089037817,0.0940335599340282,-0.18498616883781
8672,IGUATEMI S.A.,2016Q2,2016Q3,0.968,997,1035,font_heading,font_heading,IGTI11,2016-11-10,2021-11-22,2022-02-21,-0.0909526089037817,0.0940335599340282,-0.18498616883781
8672,IGUATEMI S.A.,2016Q3,2017Q1,0.9848,1035,1017,font_heading,font_heading,IGTI11,2017-05-11,2021-11-22,2022-02-21,-0.0909526089037817,0.0940335599340282,-0.18498616883781
8672,IGUATEMI S.A.,2017Q1,2017Q2,0.1808,1017,1462,font_heading,font_heading,IGTI11,2017-08-10,2021-11-22,2022-02-21,-0.0909526089037817,0.0940335599340282,-0.18498616883781
8672,IGUATEMI S.A.,2017Q2,2017Q3,0.9969,1462,1472,font_heading,font_heading,IGTI11,2017-11-13,2021-11-22,2022-02-21,-0.0909526089037817,0.0940335599340282,-0.18498616883781
8672,IGUATEMI S.A.,2017Q3,2018Q1,0.5623,1472,1710,font_heading,font_heading,IGTI11,2018-05-10,2021-11-22,2022-02-21,-0.0909526089037817,0.0940335599340282,-0.18498616883781
8672,IGUATEMI S.A.,2018Q1,2018Q2,0.9867,1710,1743,font_heading,font_heading,IGTI11,2018-08-08,2021-11-22,2022-02-21,-0.0909526089037817,0.0940335599340282,-0.18498616883781
8672,IGUATEMI S.A.,2018Q2,2018Q3,0.9964,1743,1785,font_heading,font_heading,IGTI11,2018-11-13,2021-11-22,2022-02-21,-0.0909526089037817,0.0940335599340282,-0.18498616883781
8672,IGUATEMI S.A.,2018Q3,2020Q2,0.9497,1785,1927,font_heading,font_heading,IGTI11,2020-08-11,2021-11-22,2022-02-21,-0.0909526089037817,0.0940335599340282,-0.18498616883781
8672,IGUATEMI S.A.,2020Q2,2020Q3,0.9988,1927,1934,font_heading,font_heading,IGTI11,2020-11-12,2021-11-22,2022-02-21,-0.0909526089037817,0.0940335599340282,-0.18498616883781
8672,IGUATEMI S.A.,2020Q3,2021Q1,0.985,1934,1936,font_heading,font_heading,IGTI11,2021-05-13,2021-11-22,2022-02-21,-0.0909526089037817,0.0940335599340282,-0.18498616883781
8672,IGUATEMI S.A.,2021Q1,2021Q2,0.999,1936,1932,font_heading,font_heading,IGTI11,2021-08-12,2021-11-22,2022-02-21,-0.0909526089037817,0.0940335599340282,-0.18498616883781
8672,IGUATEMI S.A.,2021Q2,2021Q3,0.9794,1932,1659,font_heading,font_heading,IGTI11,2021-11-10,2021-11-22,2022-02-21,-0.0909526089037817,0.0940335599340282,-0.18498616883781
8672,IGUATEMI S.A.,2021Q3,2023Q2,0.5528,1659,4949,font_heading,font_heading,IGTI11,2023-08-01,2023-08-01,2023-10-31,-0.1048171275646744,-0.0668439391236452,-0.0379731884410291
8672,IGUATEMI S.A.,2023Q2,2023Q3,0.9969,4949,4905,font_heading,font_heading,IGTI11,2023-11-07,2023-11-07,2024-02-08,0.132507149666349,0.0750314878937412,0.0574756617726077
8672,IGUATEMI S.A.,2023Q3,2024Q1,0.8882,4905,4543,font_heading,font_heading,IGTI11,2024-05-02,2024-05-02,2024-07-31,-0.024976873265495,0.0041657538314496,-0.0291426270969447
8672,IGUATEMI S.A.,2024Q1,2024Q2,0.533,4543,5955,font_heading,font_heading,IGTI11,2024-08-06,2024-08-06,2024-11-01,-0.0462833099579244,0.014683602248257,-0.0609669122061814
8672,IGUATEMI S.A.,2024Q2,2024Q3,0.9706,5955,6555,font_heading,font_heading,IGTI11,2024-11-05,2024-11-05,2025-02-10,-0.1135391923990498,-0.0389477329649493,-0.0745914594341005
10456,Alpargatas S.A.,2015Q3,2016Q2,0.8033,4719,4732,font_heading,font_heading,ALPA4,2016-08-09,2016-08-09,2016-11-09,-0.1114155251141552,0.0965317551349544,-0.2079472802491097
10456,Alpargatas S.A.,2016Q2,2016Q3,0.928,4732,5307,font_heading,font_heading,ALPA4,2016-11-04,2016-11-04,2017-02-06,-0.0116618075801749,0.038873418607207,-0.050535226187382
10456,Alpargatas S.A.,2016Q3,2017Q1,0.9103,5307,5562,font_heading,font_heading,ALPA4,2017-05-05,2017-05-05,2017-08-03,0.1661341853035143,0.0162441696229769,0.1498900156805374
10456,Alpargatas S.A.,2017Q1,2017Q2,0.9996,5562,5566,font_heading,font_heading,ALPA4,2017-08-04,2017-08-04,2017-11-06,0.1719702098849018,0.1108076805906546,0.0611625292942472
10456,Alpargatas S.A.,2017Q2,2017Q3,0.9488,5566,6161,font_heading,font_heading,ALPA4,2017-11-13,2017-11-13,2018-02-20,-0.0024330900243308,0.1839082267761496,-0.1863413168004805
10456,Alpargatas S.A.,2017Q3,2018Q1,0.9845,6161,6842,font_heading,font_heading,ALPA4,2018-05-14,2018-05-14,2018-08-13,-0.1572022160664818,-0.0907607794660679,-0.0664414366004139
10456,Alpargatas S.A.,2019Q2,2019Q3,0.9394,6158,5666,font_heading,font_heading,ALPA4,2019-11-08,2019-11-08,2020-02-13,0.3027357811375089,0.0746397346440086,0.2280960464935002
10456,Alpargatas S.A.,2019Q3,2020Q1,0.7107,5666,6318,font_heading,font_heading,ALPA4,2020-05-05,2020-05-05,2020-08-03,0.1717210007581502,0.293934701534325,-0.1222137007761747
10456,Alpargatas S.A.,2020Q1,2020Q3,0.864,6318,7510,font_heading,font_heading,ALPA4,2020-11-04,2020-11-04,2021-02-08,-0.0687455705173635,0.2230536583342197,-0.2917992288515832
10456,Alpargatas S.A.,2023Q1,2023Q2,0.9419,417,400,font_heading,font_heading,ALPA4,2023-08-03,2023-08-03,2023-11-03,-0.0077691453940066,-0.0201168015098298,0.0123476561158232
10456,Alpargatas S.A.,2023Q2,2023Q3,0.9412,400,385,font_heading,font_heading,ALPA4,2023-11-08,2023-11-08,2024-02-09,-0.0159817351598173,0.0742513614451554,-0.0902330966049728
10456,Alpargatas S.A.,2023Q3,2024Q1,0.9705,385,395,font_heading,font_heading,ALPA4,2024-05-09,2024-05-09,2024-08-07,-0.1435742971887551,-0.0052614769798875,-0.1383128202088676
10456,Alpargatas S.A.,2024Q1,2024Q2,0.9694,395,370,font_heading,font_heading,ALPA4,2024-08-08,2024-08-08,2024-11-05,-0.1546391752577319,0.0155437301532523,-0.1701829054109843
10456,Alpargatas S.A.,2024Q2,2024Q3,0.9694,370,380,font_heading,font_heading,ALPA4,2024-11-07,2024-11-07,2025-02-12,-0.0888575458392101,-0.040880787343164,-0.0479767584960461
11312,Oi S.A. - Em Recuperação Judicial,2016Q3,2017Q1,0.8361,1751,2003,font_heading,font_heading,OIBR3,2017-05-10,2017-05-10,2017-08-08,0.0349999999695709,0.0081545983925994,0.0268454015769714
11312,Oi S.A. - Em Recuperação Judicial,2017Q1,2017Q2,0.848,2003,2132,font_heading,font_heading,OIBR3,2017-08-09,2017-08-09,2017-11-09,0.1362530412568501,0.0777234758846692,0.0585295653721809
11312,Oi S.A. - Em Recuperação Judicial,2017Q2,2017Q3,1.0,2132,2135,font_heading,font_heading,OIBR3,2017-11-13,2017-11-13,2018-02-20,-0.1872246694893568,0.1839082267761496,-0.3711328962655064
11312,Oi S.A. - Em Recuperação Judicial,2017Q3,2018Q1,0.3969,2135,3179,font_heading,font_heading,OIBR3,2018-05-29,2018-05-29,2018-08-28,-0.1411764706303513,0.0184193969974226,-0.159595867627774
11312,Oi S.A. - Em Recuperação Judicial,2018Q1,2018Q2,0.9569,3179,3037,font_heading,font_heading,OIBR3,2018-08-13,2018-08-13,2018-11-13,-0.1438127089741292,0.0957161263515942,-0.2395288353257234
11312,Oi S.A. - Em Recuperação Judicial,2018Q2,2018Q3,0.9259,3037,2934,font_heading,font_heading,OIBR3,2018-11-14,2018-11-14,2019-02-20,-0.1343668399811686,0.1229658453473681,-0.2573326853285367
11312,Oi S.A. - Em Recuperação Judicial,2018Q3,2019Q1,0.6742,2934,1657,font_heading,font_heading,OIBR3,2019-05-14,2019-05-14,2019-08-13,0.0206896551724138,0.1216935939584182,-0.1010039387860044
11312,Oi S.A. - Em Recuperação Judicial,2019Q1,2019Q2,0.9969,1657,1632,font_heading,font_heading,OIBR3,2019-08-14,2019-08-14,2019-11-11,-0.3310344827586207,0.0808853158850166,-0.4119197986436373
11312,Oi S.A. - Em Recuperação Judicial,2019Q2,2019Q3,0.9091,1632,1430,font_heading,font_heading,OIBR3,2019-12-02,2019-12-02,2020-03-06,-0.032608695652174,-0.1003511500278165,0.0677424543756425
11312,Oi S.A. - Em Recuperação Judicial,2019Q3,2020Q1,0.9688,1430,1478,font_heading,font_heading,OIBR3,2020-06-16,2020-06-16,2020-09-14,0.8877551020408163,0.0720971415197735,0.8156579605210428
11312,Oi S.A. - Em Recuperação Judicial,2020Q1,2020Q2,0.9932,1478,1499,font_heading,font_heading,OIBR3,2020-08-14,2020-08-14,2020-11-16,0.1296296296296295,0.0500862821708179,0.0795433474588116
11312,Oi S.A. - Em Recuperação Judicial,2020Q2,2020Q3,0.9951,1499,1499,font_heading,font_heading,OIBR3,2020-11-12,2020-11-12,2021-02-18,0.1834319526627219,0.1628372537644011,0.0205946988983207
11312,Oi S.A. - Em Recuperação Judicial,2020Q3,2021Q1,0.9949,1499,1513,font_heading,font_heading,OIBR3,2021-07-07,2021-07-07,2021-10-06,-0.4012738853503184,-0.1295804374017024,-0.2716934479486159
11312,Oi S.A. - Em Recuperação Judicial,2021Q1,2021Q2,0.9701,1513,1654,font_heading,font_heading,OIBR3,2021-08-11,2021-08-11,2021-11-11,-0.1351351351351351,-0.1184835625908494,-0.0166515725442856
11312,Oi S.A. - Em Recuperação Judicial,2021Q2,2021Q3,0.9933,1654,1657,font_heading,font_heading,OIBR3,2021-11-10,2021-11-10,2022-02-10,-0.0392156862745098,0.0698351787260076,-0.1090508650005175
11312,Oi S.A. - Em Recuperação Judicial,2021Q3,2022Q1,0.9634,1657,1501,font_heading,font_heading,OIBR3,2022-06-29,2022-06-29,2022-09-27,-0.2909090909090909,0.0878802564665206,-0.3787893473756115
11312,Oi S.A. - Em Recuperação Judicial,2022Q1,2022Q2,0.994,1501,1469,font_heading,font_heading,OIBR3,2022-08-11,2022-08-11,2022-11-11,-0.6610169491525424,0.0231097120489138,-0.6841266612014563
11312,Oi S.A. - Em Recuperação Judicial,2022Q2,2022Q3,0.9782,1469,1450,font_heading,font_heading,OIBR3,2022-11-09,2022-11-09,2023-02-08,-0.4304347826086957,-0.0319475006579057,-0.39848728195079
11312,Oi S.A. - Em Recuperação Judicial,2022Q3,2023Q1,0.9789,1450,1430,font_heading,font_heading,OIBR3,2023-06-14,2023-06-14,2023-09-12,-0.3551401869158879,-0.0092438176694024,-0.3458963692464855
11312,Oi S.A. - Em Recuperação Judicial,2023Q1,2023Q2,0.9688,1430,1507,font_heading,font_heading,OIBR3,2023-08-10,2023-08-10,2023-11-10,-0.3700000000000001,0.0187456484855039,-0.3887456484855041
11312,Oi S.A. - Em Recuperação Judicial,2023Q2,2023Q3,0.9497,1507,1507,font_heading,font_heading,OIBR3,2023-11-08,2023-11-08,2024-02-09,0.4776119402985075,0.0742513614451554,0.4033605788533521
11312,Oi S.A. - Em Recuperação Judicial,2023Q3,2024Q1,0.9473,1507,1518,font_heading,font_heading,OIBR3,2024-05-08,2024-05-08,2024-08-06,-0.3750000000000001,-0.0248236631675917,-0.3501763368324083
12653,KLABIN S.A.,2015Q2,2015Q3,0.9482,11160,11384,font_heading,font_heading,KLBN11,2015-10-26,2015-10-26,2016-02-01,-0.1142732051956618,-0.140634942422386,0.0263617372267241
12653,KLABIN S.A.,2015Q3,2016Q1,0.9127,11384,12730,font_heading,font_heading,KLBN11,2016-09-06,2016-09-06,2016-12-08,0.0377471542731837,0.0090992033187071,0.0286479509544765
12653,KLABIN S.A.,2016Q1,2016Q2,0.9583,12730,12985,font_heading,font_heading,KLBN11,2016-09-06,2016-09-06,2016-12-08,0.0377471542731837,0.0090992033187071,0.0286479509544765
12653,KLABIN S.A.,2016Q2,2016Q3,0.9301,12985,14512,font_heading,font_heading,KLBN11,2016-11-09,2016-11-09,2017-02-09,-0.0084360803820799,0.0269786069078399,-0.0354146872899199
12653,KLABIN S.A.,2016Q3,2017Q1,0.9038,14512,13812,font_heading,font_heading,KLBN11,2017-05-15,2017-05-15,2017-08-11,0.0087774293814895,-0.0162922701239693,0.0250696995054588
12653,KLABIN S.A.,2017Q1,2017Q2,0.9527,13812,14100,font_heading,font_heading,KLBN11,2017-08-09,2017-08-09,2017-11-09,0.1950912525478607,0.0777234758846692,0.1173677766631915
12653,KLABIN S.A.,2021Q2,2021Q3,0.9626,18500,17713,font_heading,font_heading,KLBN11,2021-10-26,2021-10-26,2022-01-27,0.0364474236533913,0.0581859363596135,-0.0217385127062221
12653,KLABIN S.A.,2021Q3,2022Q1,0.8693,17713,17920,font_heading,font_heading,KLBN11,2022-05-03,2022-05-03,2022-08-01,-0.0683317623320381,-0.0403931958228106,-0.0279385665092275
12653,KLABIN S.A.,2022Q1,2022Q2,0.7293,17920,19616,font_heading,font_heading,KLBN11,2022-07-27,2022-07-27,2022-10-26,0.0873586841541629,0.1116527777175329,-0.0242940935633699
12653,KLABIN S.A.,2022Q2,2022Q3,0.6896,19616,9589,font_heading,font_heading,KLBN11,2022-10-26,2022-10-26,2023-01-26,-0.0888468810711394,0.0125373579586143,-0.1013842390297538
12653,KLABIN S.A.,2022Q3,2023Q1,0.7734,9589,11437,font_heading,font_heading,KLBN11,2023-05-03,2023-05-03,2023-08-01,0.1432160800793791,0.1910791359556545,-0.0478630558762753
12653,KLABIN S.A.,2023Q1,2023Q2,0.9302,11437,10951,font_heading,font_heading,KLBN11,2023-08-01,2023-08-01,2023-10-31,-0.0593406592494287,-0.0668439391236452,0.0075032798742165
12653,KLABIN S.A.,2023Q2,2023Q3,0.9817,10951,10529,font_heading,font_heading,KLBN11,2023-10-25,2023-10-25,2024-01-29,-0.0275395036113191,0.1389053812564162,-0.1664448848677354
12653,KLABIN S.A.,2023Q3,2024Q1,0.6228,10529,2404,font_heading,font_heading,KLBN11,2024-04-25,2024-04-25,2024-07-25,0.0129462364292263,0.0104978451702819,0.0024483912589443
12653,KLABIN S.A.,2024Q1,2024Q2,0.9888,2404,2440,font_heading,font_heading,KLBN11,2024-07-30,2024-07-30,2024-10-25,-0.0548752833517783,0.0297616419192732,-0.0846369252710516
12653,KLABIN S.A.,2024Q2,2024Q3,0.6356,2440,12189,font_heading,font_heading,KLBN11,2024-11-07,2024-11-07,2025-02-12,-0.0089538170641326,-0.040880787343164,0.0319269702790313
13986,SUZANO S.A.,2015Q1,2015Q2,0.9312,7598,8997,font_heading,font_heading,SUZB3,2015-08-12,2017-11-10,2018-02-19,0.0744163424124513,0.1749734361117008,-0.1005570936992494
13986,SUZANO S.A.,2015Q2,2015Q3,0.9746,8997,9424,font_heading,font_heading,SUZB3,2015-11-12,2017-11-10,2018-02-19,0.0744163424124513,0.1749734361117008,-0.1005570936992494
13986,SUZANO S.A.,2015Q3,2016Q1,0.9609,9424,9806,font_heading,font_heading,SUZB3,2016-04-27,2017-11-10,2018-02-19,0.0744163424124513,0.1749734361117008,-0.1005570936992494
13986,SUZANO S.A.,2020Q1,2020Q2,0.9496,10003,11422,font_heading,font_heading,SUZB3,2020-08-13,2020-08-13,2020-11-13,0.0895741556534506,0.0424285739882102,0.0471455816652404
13986,SUZANO S.A.,2024Q1,2024Q2,0.9727,2795,2844,font_heading,font_heading,SUZB3,2024-08-08,2024-08-08,2024-11-05,0.1287313432835821,0.0155437301532523,0.1131876131303297
13986,SUZANO S.A.,2024Q2,2024Q3,0.9911,2844,2868,font_heading,font_heading,SUZB3,2024-10-24,2024-10-24,2025-01-29,0.0836236933797909,-0.0510108832412845,0.1346345766210754
14176,Eletropaulo Metropolitana Eletricidade de São Paulo S.A.,2015Q1,2015Q2,0.8452,1968,1702,font_heading,font_heading,ELPL4,2015-08-07,2015-08-07,2015-11-09,-0.3945392491467577,-0.0490434630811251,-0.3454957860656326
14176,Eletropaulo Metropolitana Eletricidade de São Paulo S.A.,2015Q2,2015Q3,0.9655,1702,1969,font_heading,font_heading,ELPL4,2015-11-04,2015-11-04,2016-02-11,-0.2686567164179105,-0.1758914779050976,-0.0927652385128129
14176,Eletropaulo Metropolitana Eletricidade de São Paulo S.A.,2015Q3,2016Q1,0.7838,1969,1562,font_heading,font_heading,ELPL4,2016-05-06,2016-05-06,2016-08-04,0.6290726817042607,0.1136178980475202,0.5154547836567405
14176,Eletropaulo Metropolitana Eletricidade de São Paulo S.A.,2016Q1,2016Q2,0.1898,1562,59814,font_heading,font_heading,ELPL4,2016-08-04,2016-08-04,2016-11-04,-0.2684615384615385,0.0695299449299222,-0.3379914833914608
14176,Eletropaulo Metropolitana Eletricidade de São Paulo S.A.,2016Q2,2016Q3,0.9862,59814,64948,font_heading,font_heading,ELPL4,2016-11-03,2016-11-03,2017-02-03,0.2687366167023555,0.0518826102017209,0.2168540065006345
14176,Eletropaulo Metropolitana Eletricidade de São Paulo S.A.,2016Q3,2017Q1,0.2263,64948,3356,font_heading,font_heading,ELPL4,2017-05-05,2017-05-05,2017-08-03,-0.0307390451275342,0.0162441696229769,-0.0469832147505111
14176,Eletropaulo Metropolitana Eletricidade de São Paulo S.A.,2017Q1,2017Q2,0.5383,3356,1686,font_heading,font_heading,ELPL4,2017-08-07,2017-08-07,2017-11-07,-0.0106666666666667,0.0658705092136169,-0.0765371758802836
14311,CIA PARANAENSE DE ENERGIA - COPEL,2015Q1,2015Q2,0.982,17296,17197,font_heading,font_heading,CPLE3,2015-08-13,2015-08-13,2015-11-13,-0.0727272727272727,-0.0310881767947515,-0.0416390959325212
14311,CIA PARANAENSE DE ENERGIA - COPEL,2015Q2,2015Q3,0.748,17197,14449,font_heading,font_heading,CPLE3,2015-11-11,2015-11-11,2016-02-18,-0.2949002217294899,-0.1187162182691559,-0.176184003460334
14311,CIA PARANAENSE DE ENERGIA - COPEL,2015Q3,2016Q1,0.9772,14449,16197,font_heading,font_heading,CPLE3,2016-05-12,2016-05-12,2016-08-10,0.1169931180518792,0.0690903230798936,0.0479027949719856
14311,CIA PARANAENSE DE ENERGIA - COPEL,2016Q1,2016Q2,0.9983,16197,16419,font_heading,font_heading,CPLE3,2016-08-11,2016-08-11,2016-11-11,-0.0367441860465115,0.0151620329275157,-0.0519062189740272
14311,CIA PARANAENSE DE ENERGIA - COPEL,2016Q2,2016Q3,0.9946,16419,16925,font_heading,font_heading,CPLE3,2016-11-10,2016-11-10,2017-02-10,-0.0067510548523206,0.0804490648512703,-0.0872001197035909
14311,CIA PARANAENSE DE ENERGIA - COPEL,2016Q3,2017Q1,0.9736,16925,19032,font_heading,font_heading,CPLE3,2018-06-13,2018-06-13,2018-09-12,-0.0396341463414634,0.0416332684572682,-0.0812674147987316
14311,CIA PARANAENSE DE ENERGIA - COPEL,2017Q1,2017Q2,0.9652,19032,18852,font_heading,font_heading,CPLE3,2018-06-13,2018-06-13,2018-09-12,-0.0396341463414634,0.0416332684572682,-0.0812674147987316
14311,CIA PARANAENSE DE ENERGIA - COPEL,2017Q2,2017Q3,0.9962,18852,19476,font_heading,font_heading,CPLE3,2018-06-13,2018-06-13,2018-09-12,-0.0396341463414634,0.0416332684572682,-0.0812674147987316
14311,CIA PARANAENSE DE ENERGIA - COPEL,2017Q3,2018Q1,0.9936,19476,18522,font_heading,font_heading,CPLE3,2018-05-15,2018-05-15,2018-08-14,-0.1253012048192772,-0.0766859836941953,-0.0486152211250818
14311,CIA PARANAENSE DE ENERGIA - COPEL,2018Q1,2018Q2,0.9968,18522,18870,font_heading,font_heading,CPLE3,2018-08-14,2018-08-14,2018-11-14,0.4964187327823692,0.0937754724396076,0.4026432603427616
14311,CIA PARANAENSE DE ENERGIA - COPEL,2018Q2,2018Q3,0.9885,18870,19917,font_heading,font_heading,CPLE3,2018-11-08,2018-11-08,2019-02-14,0.222429906542056,0.1447668906833006,0.0776630158587554
14311,CIA PARANAENSE DE ENERGIA - COPEL,2018Q3,2019Q1,0.9838,19917,21511,font_heading,font_heading,CPLE3,2020-12-17,2020-12-17,2021-03-25,-0.0196365767878076,-0.0392791183353257,0.0196425415475181
14311,CIA PARANAENSE DE ENERGIA - COPEL,2019Q1,2019Q2,0.9592,21511,19486,font_heading,font_heading,CPLE3,2019-08-14,2019-08-14,2019-11-11,0.0957405236420474,0.0808853158850166,0.0148552077570307
14311,CIA PARANAENSE DE ENERGIA - COPEL,2019Q2,2019Q3,0.9418,19486,20306,font_heading,font_heading,CPLE3,2019-11-12,2019-11-12,2020-02-17,0.4532871972318339,0.0801677921820009,0.373119405049833
14311,CIA PARANAENSE DE ENERGIA - COPEL,2019Q3,2020Q1,0.9742,20306,19893,font_heading,font_heading,CPLE3,2020-05-14,2020-05-14,2020-08-12,0.1388414055080722,0.2924535262959589,-0.1536121207878866
14311,CIA PARANAENSE DE ENERGIA - COPEL,2020Q1,2020Q2,0.9964,19893,19456,font_heading,font_heading,CPLE3,2020-08-13,2020-08-13,2020-11-13,0.0913364674278038,0.0424285739882102,0.0489078934395936
14311,CIA PARANAENSE DE ENERGIA - COPEL,2020Q2,2020Q3,0.9934,19456,20208,font_heading,font_heading,CPLE3,2020-11-12,2020-11-12,2021-02-18,0.027633562217384,0.1628372537644011,-0.1352036915470171
14311,CIA PARANAENSE DE ENERGIA - COPEL,2020Q3,2021Q1,0.9889,20208,18958,font_heading,font_heading,CPLE3,2021-05-05,2021-05-05,2021-08-04,0.0685185185185184,0.0187076525428464,0.0498108659756719
14311,CIA PARANAENSE DE ENERGIA - COPEL,2021Q1,2021Q2,0.9998,18958,19024,font_heading,font_heading,CPLE3,2021-08-11,2021-08-11,2021-11-11,-0.0541455160744501,-0.1184835625908494,0.0643380465163993
14311,CIA PARANAENSE DE ENERGIA - COPEL,2021Q2,2022Q1,0.9607,19024,19377,font_heading,font_heading,CPLE3,2022-05-11,2022-05-11,2022-08-09,0.1421232876712328,0.0407497732212356,0.1013735144499972
14311,CIA PARANAENSE DE ENERGIA - COPEL,2022Q1,2022Q2,0.9949,19377,19883,font_heading,font_heading,CPLE3,2022-08-09,2022-08-09,2022-11-09,0.1289355322338832,0.0453657833955585,0.0835697488383246
14311,CIA PARANAENSE DE ENERGIA - COPEL,2022Q2,2022Q3,0.9952,19883,20590,font_heading,font_heading,CPLE3,2022-11-10,2022-11-10,2023-02-09,-0.0936639118457299,-0.0161002285938952,-0.0775636832518347
14311,CIA PARANAENSE DE ENERGIA - COPEL,2022Q3,2023Q1,0.9698,20590,21800,font_heading,font_heading,CPLE3,2023-06-07,2023-06-07,2023-09-05,0.1678622668579628,0.0159595581053504,0.1519027087526123
14311,CIA PARANAENSE DE ENERGIA - COPEL,2023Q1,2023Q2,0.9747,21800,24083,font_heading,font_heading,CPLE3,2023-08-14,2023-08-14,2023-11-14,0.0116279069767442,0.0544151569798871,-0.0427872500031429
14311,CIA PARANAENSE DE ENERGIA - COPEL,2023Q2,2023Q3,0.9938,24083,24628,font_heading,font_heading,CPLE3,2023-11-08,2023-11-08,2024-02-09,0.0923261390887288,0.0742513614451554,0.0180747776435734
14311,CIA PARANAENSE DE ENERGIA - COPEL,2023Q3,2024Q1,0.9798,24628,21187,font_heading,font_heading,CPLE3,2024-05-08,2024-05-08,2024-08-06,0.0735981308411213,-0.0248236631675917,0.098421794008713
14311,CIA PARANAENSE DE ENERGIA - COPEL,2024Q1,2024Q2,0.9526,21187,19037,font_heading,font_heading,CPLE3,2024-08-07,2024-08-07,2024-11-04,-0.0546448087431693,0.0235339870451749,-0.0781787957883443
14311,CIA PARANAENSE DE ENERGIA - COPEL,2024Q2,2024Q3,0.4471,19037,5747,font_heading,font_heading,CPLE3,2024-11-06,2024-11-06,2025-02-11,0.061248527679623,-0.0293020795004361,0.0905506071800592
14320,USINAS SID DE MINAS GERAIS S.A.-USIMINAS,2016Q2,2016Q3,0.2642,2518,9218,font_heading,font_heading,USIM5,2016-10-28,2016-10-28,2017-01-31,0.1339092872570195,0.0056470748494386,0.1282622124075809
14320,USINAS SID DE MINAS GERAIS S.A.-USIMINAS,2016Q3,2017Q1,0.3866,9218,3134,font_heading,font_heading,USIM5,2017-04-20,2017-04-20,2017-07-21,0.2252475247524752,0.014484802688556,0.2107627220639192
14320,USINAS SID DE MINAS GERAIS S.A.-USIMINAS,2017Q3,2018Q1,0.4162,7162,2984,font_heading,font_heading,USIM5,2018-05-09,2018-05-09,2018-08-08,-0.2057761732851984,-0.0606866464551503,-0.1450895268300481
14320,USINAS SID DE MINAS GERAIS S.A.-USIMINAS,2018Q1,2018Q2,0.7569,2984,3495,font_heading,font_heading,USIM5,2018-07-27,2018-07-27,2018-10-26,0.0994535519125683,0.0732948021751405,0.0261587497374278
14320,USINAS SID DE MINAS GERAIS S.A.-USIMINAS,2018Q2,2018Q3,0.7558,3495,2795,font_heading,font_heading,USIM5,2018-10-26,2018-10-26,2019-02-04,-0.0278330019880717,0.1501257526405488,-0.1779587546286205
14320,USINAS SID DE MINAS GERAIS S.A.-USIMINAS,2018Q3,2019Q1,0.8866,2795,2766,font_heading,font_heading,USIM5,2019-04-18,2019-04-18,2019-07-22,0.0188470066518846,0.0990845041978991,-0.0802374975460145
14320,USINAS SID DE MINAS GERAIS S.A.-USIMINAS,2019Q1,2019Q2,0.6395,2766,3887,font_heading,font_heading,USIM5,2019-07-26,2019-07-26,2019-10-23,-0.1519274376417233,0.0459516684189387,-0.197879106060662
14320,USINAS SID DE MINAS GERAIS S.A.-USIMINAS,2019Q2,2019Q3,0.5256,3887,8749,font_heading,font_heading,USIM5,2019-10-25,2019-10-25,2020-01-30,0.3513139695712308,0.0760423904519027,0.2752715791193281
14320,USINAS SID DE MINAS GERAIS S.A.-USIMINAS,2019Q3,2020Q1,0.5478,8749,2411,font_heading,font_heading,USIM5,2020-05-22,2020-05-22,2020-08-20,1.065677966101695,0.2348051147083092,0.8308728513933858
14320,USINAS SID DE MINAS GERAIS S.A.-USIMINAS,2020Q1,2020Q2,0.9199,2411,2477,font_heading,font_heading,USIM5,2020-07-30,2020-07-30,2020-10-29,0.3690621193666259,-0.0802461129411181,0.4493082323077441
14320,USINAS SID DE MINAS GERAIS S.A.-USIMINAS,2020Q2,2020Q3,0.9288,2477,2495,font_heading,font_heading,USIM5,2020-10-29,2020-10-29,2021-02-03,0.1583629893238434,0.2396152664218733,-0.0812522770980299
14320,USINAS SID DE MINAS GERAIS S.A.-USIMINAS,2020Q3,2021Q1,0.9309,2495,2395,font_heading,font_heading,USIM5,2021-04-23,2021-04-23,2021-07-23,-0.0880361173814898,0.0375235854026787,-0.1255597027841686
14320,USINAS SID DE MINAS GERAIS S.A.-USIMINAS,2021Q1,2021Q2,0.9357,2395,2412,font_heading,font_heading,USIM5,2021-07-30,2021-07-30,2021-10-29,-0.3558580456976179,-0.1502459877312781,-0.2056120579663397
14320,USINAS SID DE MINAS GERAIS S.A.-USIMINAS,2021Q2,2021Q3,0.9288,2412,2424,font_heading,font_heading,USIM5,2021-10-29,2021-10-29,2022-02-01,0.2520754716981133,0.0939858286962476,0.1580896430018656
14443,CIA SANEAMENTO BASICO EST SAO PAULO,2015Q1,2015Q2,0.0834,200,181,font_heading,font_heading,SBSP3,2015-08-13,2015-08-13,2015-11-13,0.1816418877983117,-0.0310881767947515,0.2127300645930632
14443,CIA SANEAMENTO BASICO EST SAO PAULO,2015Q2,2015Q3,0.0468,181,496,font_heading,font_heading,SBSP3,2015-11-12,2015-11-12,2016-02-19,0.2385730213422554,-0.1139027779021993,0.3524757992444548
14443,CIA SANEAMENTO BASICO EST SAO PAULO,2015Q3,2016Q1,0.0617,496,115,font_heading,font_heading,SBSP3,2016-05-12,2016-05-12,2016-08-10,0.0522899386580746,0.0690903230798936,-0.0168003844218189
14443,CIA SANEAMENTO BASICO EST SAO PAULO,2016Q1,2016Q2,0.1425,115,355,font_heading,font_heading,SBSP3,2016-08-12,2016-08-12,2016-11-14,-0.0665308893425493,0.0233119565353496,-0.089842845877899
14443,CIA SANEAMENTO BASICO EST SAO PAULO,2016Q2,2016Q3,0.0398,355,10898,font_heading,font_heading,SBSP3,2016-11-10,2016-11-10,2017-02-10,0.0862809917408342,0.0804490648512703,0.0058319268895639
14443,CIA SANEAMENTO BASICO EST SAO PAULO,2016Q3,2017Q1,0.0422,10898,263,font_heading,font_heading,SBSP3,2017-05-12,2017-05-12,2017-08-10,0.0506778566181709,-0.0180271918388719,0.0687050484570428
14443,CIA SANEAMENTO BASICO EST SAO PAULO,2017Q1,2017Q2,0.0414,263,10597,font_heading,font_heading,SBSP3,2017-08-14,2017-08-14,2017-11-14,-0.0862282878051743,0.0372254910546525,-0.1234537788598268
14443,CIA SANEAMENTO BASICO EST SAO PAULO,2017Q2,2017Q3,0.9711,10597,12570,font_heading,font_heading,SBSP3,2017-11-14,2017-11-14,2018-02-21,0.2423625252996122,0.2149648881867674,0.0273976371128448
14443,CIA SANEAMENTO BASICO EST SAO PAULO,2017Q3,2018Q1,0.9648,12570,14579,font_heading,font_heading,SBSP3,2018-05-10,2018-05-10,2018-08-09,-0.1311422064533838,-0.0826125188094272,-0.0485296876439566
14443,CIA SANEAMENTO BASICO EST SAO PAULO,2018Q1,2018Q2,0.9771,14579,13664,font_heading,font_heading,SBSP3,2018-08-09,2018-08-09,2018-11-09,0.0134831461563849,0.0872590502817198,-0.0737759041253349
14443,CIA SANEAMENTO BASICO EST SAO PAULO,2018Q2,2018Q3,0.9916,13664,13584,font_heading,font_heading,SBSP3,2018-11-08,2018-11-08,2019-02-14,0.4838235294427104,0.1447668906833006,0.3390566387594098
14443,CIA SANEAMENTO BASICO EST SAO PAULO,2018Q3,2019Q1,0.9743,13584,12784,font_heading,font_heading,SBSP3,2019-05-09,2019-05-09,2019-08-08,0.1830543932860304,0.0981706683571033,0.0848837249289271
14443,CIA SANEAMENTO BASICO EST SAO PAULO,2019Q1,2019Q2,0.0893,12784,653,font_heading,font_heading,SBSP3,2019-08-14,2019-08-14,2019-11-11,-0.0496783414723903,0.0808853158850166,-0.130563657357407
14443,CIA SANEAMENTO BASICO EST SAO PAULO,2019Q2,2019Q3,0.1173,653,15108,font_heading,font_heading,SBSP3,2019-11-14,2019-11-14,2020-02-19,0.2812259057319748,0.0934777569542659,0.1877481487777088
14443,CIA SANEAMENTO BASICO EST SAO PAULO,2019Q3,2020Q1,0.9393,15108,12885,font_heading,font_heading,SBSP3,2020-05-14,2020-05-14,2020-08-12,0.4068261082580271,0.2924535262959589,0.1143725819620682
14443,CIA SANEAMENTO BASICO EST SAO PAULO,2020Q1,2020Q2,0.4133,12885,2465,font_heading,font_heading,SBSP3,2020-08-13,2020-08-13,2020-11-13,-0.2049910869396609,0.0424285739882102,-0.2474196609278711
14443,CIA SANEAMENTO BASICO EST SAO PAULO,2020Q2,2020Q3,0.463,2465,16139,font_heading,font_heading,SBSP3,2020-11-12,2020-11-12,2021-02-18,-0.1086033520261703,0.1628372537644011,-0.2714406057905715
14443,CIA SANEAMENTO BASICO EST SAO PAULO,2020Q3,2021Q1,0.9518,16139,14373,font_heading,font_heading,SBSP3,2021-05-13,2021-05-13,2021-08-12,-0.1642406598509647,-4.084307056717584e-05,-0.1641998167803975
14443,CIA SANEAMENTO BASICO EST SAO PAULO,2021Q1,2021Q2,0.9939,14373,14894,font_heading,font_heading,SBSP3,2021-08-12,2021-08-12,2021-11-12,0.0464441220033695,-0.1190250485124478,0.1654691705158174
14443,CIA SANEAMENTO BASICO EST SAO PAULO,2021Q2,2021Q3,0.9764,14894,17860,font_heading,font_heading,SBSP3,2021-11-11,2021-11-11,2022-02-11,-0.0238288653743724,0.0555573988934583,-0.0793862642678308
14443,CIA SANEAMENTO BASICO EST SAO PAULO,2021Q3,2022Q1,0.972,17860,16500,font_heading,font_heading,SBSP3,2022-05-06,2022-05-06,2022-08-04,0.0621315192553391,0.0072049455018337,0.0549265737535054
14443,CIA SANEAMENTO BASICO EST SAO PAULO,2022Q1,2022Q2,0.9929,16500,17083,font_heading,font_heading,SBSP3,2022-08-11,2022-08-11,2022-11-11,0.2336530083947958,0.0231097120489138,0.2105432963458819
14443,CIA SANEAMENTO BASICO EST SAO PAULO,2022Q2,2022Q3,0.9695,17083,20079,font_heading,font_heading,SBSP3,2022-11-10,2022-11-10,2023-02-09,-0.0602670516707238,-0.0161002285938952,-0.0441668230768286
14443,CIA SANEAMENTO BASICO EST SAO PAULO,2022Q3,2023Q1,0.9448,20079,14784,font_heading,font_heading,SBSP3,2023-05-11,2023-05-11,2023-08-09,0.1000825421639586,0.0937807833994111,0.0063017587645475
14443,CIA SANEAMENTO BASICO EST SAO PAULO,2023Q1,2023Q2,0.9618,14784,17837,font_heading,font_heading,SBSP3,2023-08-10,2023-08-10,2023-11-10,0.1499247554946425,0.0187456484855039,0.1311791070091386
14443,CIA SANEAMENTO BASICO EST SAO PAULO,2023Q2,2023Q3,0.9942,17837,18233,font_heading,font_heading,SBSP3,2023-11-09,2023-11-09,2024-02-14,0.2923756550636909,0.0670744544380292,0.2253012006256616
14443,CIA SANEAMENTO BASICO EST SAO PAULO,2023Q3,2024Q1,0.9494,18233,16899,font_heading,font_heading,SBSP3,2024-05-09,2024-05-09,2024-08-07,0.1596415955757495,-0.0052614769798875,0.164903072555637
14443,CIA SANEAMENTO BASICO EST SAO PAULO,2024Q1,2024Q2,0.9732,16899,20296,font_heading,font_heading,SBSP3,2024-08-09,2024-08-09,2024-11-06,-0.06051577119953,-0.0020952483179712,-0.0584205228815587
14443,CIA SANEAMENTO BASICO EST SAO PAULO,2024Q2,2024Q3,0.9849,20296,22674,font_heading,font_heading,SBSP3,2024-11-11,2024-11-11,2025-02-14,0.1036280681511103,0.0026971144183673,0.1009309537327429
14460,CYRELA BRAZIL REALTY S.A.EMPREEND E PART,2015Q1,2015Q2,0.8684,9529,8582,font_heading,font_heading,CYRE3,2015-08-13,2015-08-13,2015-11-13,0.1119311193111931,-0.0310881767947515,0.1430192961059446
14460,CYRELA BRAZIL REALTY S.A.EMPREEND E PART,2015Q2,2015Q3,0.9787,8582,8642,font_heading,font_heading,CYRE3,2015-11-12,2015-11-12,2016-02-19,-0.1046255506607929,-0.1139027779021993,0.0092772272414064
14460,CYRELA BRAZIL REALTY S.A.EMPREEND E PART,2015Q3,2016Q2,0.9472,8642,8037,font_heading,font_heading,CYRE3,2016-08-09,2016-08-09,2016-11-09,-0.0180505415162454,0.0965317551349544,-0.1145822966511999
14460,CYRELA BRAZIL REALTY S.A.EMPREEND E PART,2016Q2,2017Q2,0.9561,8037,7498,font_heading,font_heading,CYRE3,2017-08-10,2017-08-10,2017-11-10,0.0041493775933609,0.0772262814908446,-0.0730769038974836
14460,CYRELA BRAZIL REALTY S.A.EMPREEND E PART,2017Q2,2018Q1,0.5692,7498,6679,font_heading,font_heading,CYRE3,2018-05-10,2018-05-10,2018-08-09,-0.0813253012048192,-0.0826125188094272,0.0012872176046079
14460,CYRELA BRAZIL REALTY S.A.EMPREEND E PART,2018Q3,2019Q1,0.8798,8019,7593,font_heading,font_heading,CYRE3,2019-05-09,2019-05-09,2019-08-08,0.5118840579710147,0.0981706683571033,0.4137133896139113
14460,CYRELA BRAZIL REALTY S.A.EMPREEND E PART,2019Q1,2019Q2,0.9694,7593,7566,font_heading,font_heading,CYRE3,2019-08-08,2019-08-08,2019-11-05,0.0640337423312882,0.0442183273911975,0.0198154149400906
14460,CYRELA BRAZIL REALTY S.A.EMPREEND E PART,2019Q2,2019Q3,0.9875,7566,7275,font_heading,font_heading,CYRE3,2019-11-07,2019-11-07,2020-02-12,0.1759226083840919,0.0647331735726943,0.1111894348113975
14460,CYRELA BRAZIL REALTY S.A.EMPREEND E PART,2019Q3,2020Q1,0.9685,7275,7192,font_heading,font_heading,CYRE3,2020-05-14,2020-05-14,2020-08-12,0.790168745414527,0.2924535262959589,0.4977152191185681
14460,CYRELA BRAZIL REALTY S.A.EMPREEND E PART,2023Q1,2023Q2,1.0,628,628,font_heading,font_heading,CYRE3,2023-08-10,2023-08-10,2023-11-10,-0.1830873554048664,0.0187456484855039,-0.2018330038903704
14460,CYRELA BRAZIL REALTY S.A.EMPREEND E PART,2023Q2,2023Q3,1.0,628,628,font_heading,font_heading,CYRE3,2023-11-09,2023-11-09,2024-02-14,0.1261845386533664,0.0670744544380292,0.0591100842153371
14826,Companhia Brasileira de Distribuição (GPA),2015Q1,2015Q2,1.0,127,127,font_heading,font_heading,PCAR3,2016-10-28,2017-01-03,2020-03-23,0.5626086958251955,0.0284044848863109,0.5342042109388845
14826,Companhia Brasileira de Distribuição (GPA),2015Q2,2015Q3,1.0,127,127,font_heading,font_heading,PCAR3,2016-10-27,2017-01-03,2020-03-23,0.5626086958251955,0.0284044848863109,0.5342042109388845
14826,Companhia Brasileira de Distribuição (GPA),2015Q3,2016Q1,1.0,127,127,font_heading,font_heading,PCAR3,2016-07-28,2017-01-03,2020-03-23,0.5626086958251955,0.0284044848863109,0.5342042109388845
14826,Companhia Brasileira de Distribuição (GPA),2016Q1,2016Q2,1.0,127,127,font_heading,font_heading,PCAR3,2016-08-02,2017-01-03,2020-03-23,0.5626086958251955,0.0284044848863109,0.5342042109388845
14826,Companhia Brasileira de Distribuição (GPA),2016Q2,2016Q3,1.0,127,127,font_heading,font_heading,PCAR3,2016-10-27,2017-01-03,2020-03-23,0.5626086958251955,0.0284044848863109,0.5342042109388845
14826,Companhia Brasileira de Distribuição (GPA),2018Q1,2018Q2,0.9802,4960,4964,font_heading,font_heading,PCAR3,2018-07-24,2018-10-23,2020-04-07,-0.2264439478641935,-0.1048292714551214,-0.121614676409072
14826,Companhia Brasileira de Distribuição (GPA),2018Q2,2018Q3,0.9686,4964,5253,font_heading,font_heading,PCAR3,2018-10-25,2019-01-28,2020-04-08,-0.2979470270449103,-0.1762214612398407,-0.1217255658050695
14826,Companhia Brasileira de Distribuição (GPA),2022Q1,2022Q2,0.9834,4863,4859,font_heading,font_heading,PCAR3,2022-07-27,2022-07-27,2022-10-26,0.2003676470588236,0.1116527777175329,0.0887148693412906
14826,Companhia Brasileira de Distribuição (GPA),2022Q2,2022Q3,0.9686,4859,5034,font_heading,font_heading,PCAR3,2022-11-03,2022-11-03,2023-02-02,-0.1287744227353462,-0.0577923897715891,-0.070982032963757
15253,ENERGISA S.A.,2015Q1,2015Q2,0.9889,33682,33662,font_heading,font_heading,ENGI11,2015-08-14,2015-08-14,2016-01-29,-0.0333333334115839,-0.1494981625358542,0.1161648291242702
15253,ENERGISA S.A.,2015Q2,2015Q3,0.9952,33662,34119,font_heading,font_heading,ENGI11,2015-11-13,2015-11-18,2016-04-19,0.0449999999251307,0.1322734959707461,-0.0872734960456154
15253,ENERGISA S.A.,2015Q3,2016Q1,0.7639,34119,34472,font_heading,font_heading,ENGI11,2016-07-05,2016-07-05,2016-10-03,0.1948424073351509,0.146964243656769,0.0478781636783818
15253,ENERGISA S.A.,2016Q1,2016Q2,0.9636,34472,34807,font_heading,font_heading,ENGI11,2016-08-12,2016-08-12,2016-11-14,-0.0589053804269973,0.0233119565353496,-0.082217336962347
15253,ENERGISA S.A.,2016Q2,2016Q3,0.9841,34807,33719,font_heading,font_heading,ENGI11,2016-11-11,2016-11-11,2017-02-13,0.0617283947523037,0.131525318454414,-0.0697969237021103
15253,ENERGISA S.A.,2016Q3,2017Q1,0.9853,33719,32442,font_heading,font_heading,ENGI11,2017-07-20,2017-07-20,2017-10-19,0.0316686968793822,0.1747072054244955,-0.1430385085451133
15253,ENERGISA S.A.,2017Q1,2017Q2,0.9816,32442,34116,font_heading,font_heading,ENGI11,2017-08-18,2017-08-18,2017-11-22,0.0743801654964939,0.0844671282663698,-0.0100869627698758
15253,ENERGISA S.A.,2017Q2,2017Q3,0.9776,34116,36203,font_heading,font_heading,ENGI11,2017-11-14,2017-11-14,2018-02-21,0.3382113824274135,0.2149648881867674,0.1232464942406461
15253,ENERGISA S.A.,2017Q3,2018Q1,0.9632,36203,33257,font_heading,font_heading,ENGI11,2018-05-10,2018-05-10,2018-08-09,-0.1180124224262246,-0.0826125188094272,-0.0353999036167974
15253,ENERGISA S.A.,2018Q1,2018Q2,0.9946,33257,34631,font_heading,font_heading,ENGI11,2018-08-08,2018-08-08,2018-11-08,0.2213793105560484,0.0817219339571988,0.1396573765988495
15253,ENERGISA S.A.,2018Q2,2018Q3,0.9957,34631,36085,font_heading,font_heading,ENGI11,2018-11-08,2018-11-08,2019-02-14,0.1825686404438438,0.1447668906833006,0.0378017497605431
15253,ENERGISA S.A.,2018Q3,2019Q1,0.8485,36085,25744,font_heading,font_heading,ENGI11,2019-05-09,2019-05-09,2019-08-08,0.1800515101489077,0.0981706683571033,0.0818808417918044
15253,ENERGISA S.A.,2019Q1,2019Q2,0.5106,25744,8772,font_heading,font_heading,ENGI11,2019-08-08,2019-08-08,2019-11-05,-0.0855158730521621,0.0442183273911975,-0.1297342004433597
15253,ENERGISA S.A.,2019Q2,2019Q3,0.9585,8772,9009,font_heading,font_heading,ENGI11,2019-11-07,2019-11-07,2020-02-12,0.231914447623392,0.0647331735726943,0.1671812740506977
15253,ENERGISA S.A.,2019Q3,2020Q1,0.9077,9009,14191,font_heading,font_heading,ENGI11,2021-05-17,2021-05-17,2021-08-16,-0.0400351959058488,-0.0305669847704372,-0.0094682111354115
15253,ENERGISA S.A.,2020Q1,2020Q2,0.9339,14191,13642,font_heading,font_heading,ENGI11,2020-08-28,2020-08-28,2020-11-30,0.0183807438929561,0.0660880002427972,-0.047707256349841
15253,ENERGISA S.A.,2020Q2,2020Q3,0.8732,13642,14642,font_heading,font_heading,ENGI11,2020-11-12,2020-11-12,2021-02-18,0.1109616677999285,0.1628372537644011,-0.0518755859644726
15253,ENERGISA S.A.,2020Q3,2021Q1,0.9607,14642,15408,font_heading,font_heading,ENGI11,2021-05-17,2021-05-17,2021-08-16,-0.0400351959058488,-0.0305669847704372,-0.0094682111354115
15253,ENERGISA S.A.,2021Q1,2021Q2,0.9949,15408,15652,font_heading,font_heading,ENGI11,2021-08-12,2021-08-12,2021-11-12,0.0554070473133556,-0.1190250485124478,0.1744320958258035
15253,ENERGISA S.A.,2021Q2,2021Q3,0.9953,15652,15673,font_heading,font_heading,ENGI11,2021-11-23,2021-11-23,2022-02-22,0.0027192386357255,0.0891233916897611,-0.0864041530540355
15253,ENERGISA S.A.,2021Q3,2022Q1,0.2026,15673,944,font_heading,font_heading,ENGI11,2022-05-12,2022-05-12,2022-08-10,0.0044444443999009,0.0430336035509923,-0.0385891591510914
15253,ENERGISA S.A.,2022Q1,2022Q2,0.2064,944,17756,font_heading,font_heading,ENGI11,2022-08-22,2022-08-22,2022-11-23,-0.0447119518281322,-0.0150169415477011,-0.029695010280431
15253,ENERGISA S.A.,2022Q2,2022Q3,0.9894,17756,18294,font_heading,font_heading,ENGI11,2022-11-11,2022-11-11,2023-02-10,-0.1241646905232268,-0.0371945674027596,-0.0869701231204672
15253,ENERGISA S.A.,2022Q3,2023Q1,0.9755,18294,16453,font_heading,font_heading,ENGI11,2023-05-11,2023-05-11,2023-08-09,0.0745575220370478,0.0937807833994111,-0.0192232613623632
15253,ENERGISA S.A.,2023Q1,2023Q2,0.9216,16453,16639,font_heading,font_heading,ENGI11,2023-08-10,2023-08-10,2023-11-10,0.0338669950745866,0.0187456484855039,0.0151213465890827
15253,ENERGISA S.A.,2023Q2,2023Q3,0.1888,16639,912,font_heading,font_heading,ENGI11,2023-11-09,2023-11-09,2024-02-14,0.0498747914899728,0.0670744544380292,-0.0171996629480564
15253,ENERGISA S.A.,2023Q3,2024Q1,0.1853,912,17077,font_heading,font_heading,ENGI11,2024-08-14,2024-08-14,2024-11-11,-0.1469370862077647,-0.0408345000954862,-0.1061025861122784
15253,ENERGISA S.A.,2024Q1,2024Q2,0.9805,17077,18308,font_heading,font_heading,ENGI11,2024-08-07,2024-08-07,2024-11-04,-0.035530726124493,0.0235339870451749,-0.0590647131696679
15253,ENERGISA S.A.,2024Q2,2024Q3,0.9904,18308,19734,font_heading,font_heading,ENGI11,2024-11-14,2024-11-14,2025-02-19,-0.0129124820414676,-0.003778026098742,-0.0091344559427256
16101,Gafisa S.A.,2016Q1,2016Q2,1.0,1068,1063,font_heading,font_heading,GFSA3,2016-08-11,2016-08-11,2016-11-11,-0.0140186915295668,0.0151620329275157,-0.0291807244570825
16101,Gafisa S.A.,2016Q2,2016Q3,1.0,1063,1041,font_heading,font_heading,GFSA3,2016-11-08,2016-11-08,2017-02-08,0.0232558138523357,0.0105633495475523,0.0126924643047834
16101,Gafisa S.A.,2023Q3,2024Q1,0.8312,8478,7480,font_heading,font_heading,GFSA3,2024-05-15,2024-05-15,2024-08-13,-0.3702928870292887,0.034136235791051,-0.4044291228203398
16101,Gafisa S.A.,2024Q1,2024Q2,0.9721,7480,7350,font_heading,font_heading,GFSA3,2024-08-08,2024-08-08,2024-11-05,-0.4983922829581994,0.0155437301532523,-0.5139360131114518
16306,Rossi Residencial S.A. - Em Recuperação Judicial,2015Q1,2015Q2,0.8486,6491,5405,font_heading,font_heading,RSID3,2015-08-12,2015-08-12,2015-11-12,0.08,-0.0310917674921804,0.1110917674921805
16306,Rossi Residencial S.A. - Em Recuperação Judicial,2015Q2,2015Q3,0.9514,5405,5864,font_heading,font_heading,RSID3,2015-11-10,2015-11-10,2016-02-17,-0.040909090909091,-0.0990281252211535,0.0581190343120625
16306,Rossi Residencial S.A. - Em Recuperação Judicial,2015Q3,2016Q1,0.0876,5864,2327,font_heading,font_heading,RSID3,2016-05-12,2016-05-12,2016-08-10,0.1022727272727272,0.0690903230798936,0.0331824041928336
16306,Rossi Residencial S.A. - Em Recuperação Judicial,2017Q3,2018Q1,0.0706,666,812,font_heading,font_heading,RSID3,2018-05-14,2018-05-14,2018-08-13,-0.3075684380032205,-0.0907607794660679,-0.2168076585371525
16306,Rossi Residencial S.A. - Em Recuperação Judicial,2018Q1,2018Q2,0.868,812,1336,font_heading,font_heading,RSID3,2018-08-13,2018-08-13,2018-11-13,0.2069767441860464,0.0957161263515942,0.1112606178344521
16306,Rossi Residencial S.A. - Em Recuperação Judicial,2018Q2,2018Q3,1.0,1336,1339,font_heading,font_heading,RSID3,2018-11-13,2018-11-13,2019-02-19,-0.0192678227360307,0.1500933119360257,-0.1693611346720565
16306,Rossi Residencial S.A. - Em Recuperação Judicial,2018Q3,2019Q1,0.5757,1339,1220,font_heading,font_heading,RSID3,2019-05-14,2019-05-14,2019-08-13,0.2235576923076923,0.1216935939584182,0.101864098349274
16306,Rossi Residencial S.A. - Em Recuperação Judicial,2019Q1,2019Q2,1.0,1220,1223,font_heading,font_heading,RSID3,2019-08-14,2019-08-14,2019-11-11,-0.2294776119402984,0.0808853158850166,-0.3103629278253151
16306,Rossi Residencial S.A. - Em Recuperação Judicial,2019Q2,2019Q3,1.0,1223,1220,font_heading,font_heading,RSID3,2019-11-13,2019-11-13,2020-02-18,1.3456790123456792,0.084077880445031,1.2616011319006482
16306,Rossi Residencial S.A. - Em Recuperação Judicial,2019Q3,2020Q1,0.9939,1220,1200,font_heading,font_heading,RSID3,2020-06-09,2020-06-09,2020-09-08,-0.072512647554806,0.0341495381489054,-0.1066621857037114
16306,Rossi Residencial S.A. - Em Recuperação Judicial,2023Q2,2024Q1,0.8015,449,478,font_heading,font_heading,RSID3,2024-06-24,2024-06-24,2024-09-19,-0.4018691588785046,0.085502037884827,-0.4873711967633316
16306,Rossi Residencial S.A. - Em Recuperação Judicial,2024Q1,2024Q2,0.9557,478,456,font_heading,font_heading,RSID3,2024-08-15,2024-08-15,2024-11-12,-0.1071428571428572,-0.0481172973450845,-0.0590255597977726
17329,ENGIE BRASIL ENERGIA S.A.,2015Q1,2016Q2,0.6779,9040,3320,font_heading,font_heading,EGIE3,2016-07-28,2016-07-28,2016-10-27,-0.0169491525423729,0.1338056354372694,-0.1507547879796423
17329,ENGIE BRASIL ENERGIA S.A.,2016Q2,2016Q3,0.0305,3320,191,font_heading,font_heading,EGIE3,2016-10-27,2016-10-27,2017-01-30,-0.1229064038793102,0.0008129246141994,-0.1237193284935097
17329,ENGIE BRASIL ENERGIA S.A.,2016Q3,2017Q1,0.0215,191,2178,font_heading,font_heading,EGIE3,2017-04-25,2017-04-25,2017-07-25,0.0161151079113504,0.0079707314153008,0.0081443764960495
17329,ENGIE BRASIL ENERGIA S.A.,2017Q1,2017Q2,0.9439,2178,2415,font_heading,font_heading,EGIE3,2017-07-27,2017-07-27,2017-10-26,0.0262332480039919,0.1626745742552782,-0.1364413262512862
17329,ENGIE BRASIL ENERGIA S.A.,2017Q2,2017Q3,0.9274,2415,2767,font_heading,font_heading,EGIE3,2017-10-26,2017-10-26,2018-02-01,0.0027785492492127,0.1264736709999887,-0.123695121750776
17329,ENGIE BRASIL ENERGIA S.A.,2017Q3,2018Q1,0.4864,2767,2758,font_heading,font_heading,EGIE3,2018-04-19,2018-04-19,2018-07-20,-0.0464437367334423,-0.0845095547575942,0.0380658180241518
17329,ENGIE BRASIL ENERGIA S.A.,2018Q1,2018Q2,0.8992,2758,2577,font_heading,font_heading,EGIE3,2018-08-08,2018-08-08,2018-11-08,0.096148593212237,0.0817219339571988,0.0144266592550381
17329,ENGIE BRASIL ENERGIA S.A.,2018Q2,2018Q3,0.9628,2577,2805,font_heading,font_heading,EGIE3,2018-10-31,2018-10-31,2019-02-07,0.3316582918130224,0.079864521630613,0.2517937701824093
17329,ENGIE BRASIL ENERGIA S.A.,2018Q3,2019Q1,0.8731,2805,3246,font_heading,font_heading,EGIE3,2019-05-08,2019-05-08,2019-08-07,0.1245551601305285,0.0751678328342395,0.049387327296289
17329,ENGIE BRASIL ENERGIA S.A.,2019Q1,2019Q2,1.0,3246,3358,font_heading,font_heading,EGIE3,2019-08-06,2019-08-06,2019-11-01,-0.051958762890883,0.0590415186607378,-0.1110002815516209
17329,ENGIE BRASIL ENERGIA S.A.,2019Q2,2019Q3,0.9614,3358,3520,font_heading,font_heading,EGIE3,2019-11-05,2019-11-05,2020-02-10,0.0861431365560831,0.0354243508494376,0.0507187857066455
17329,ENGIE BRASIL ENERGIA S.A.,2019Q3,2020Q1,0.9856,3520,3589,font_heading,font_heading,EGIE3,2020-06-24,2020-06-24,2020-09-22,-0.0035394054744473,0.030899147846475,-0.0344385533209223
17329,ENGIE BRASIL ENERGIA S.A.,2020Q1,2020Q2,0.9686,3589,3530,font_heading,font_heading,EGIE3,2020-07-30,2020-07-30,2020-10-29,-0.0973807925589987,-0.0802461129411181,-0.0171346796178806
17329,ENGIE BRASIL ENERGIA S.A.,2020Q2,2020Q3,0.9026,3530,4116,font_heading,font_heading,EGIE3,2020-11-05,2020-11-05,2021-02-09,0.0362586604602188,0.1858060533153882,-0.1495473928551693
17329,ENGIE BRASIL ENERGIA S.A.,2020Q3,2021Q1,0.8543,4116,4327,font_heading,font_heading,EGIE3,2021-05-05,2021-05-05,2021-08-04,-0.0594379508609519,0.0187076525428464,-0.0781456034037983
17329,ENGIE BRASIL ENERGIA S.A.,2021Q1,2021Q2,0.0935,4327,1764,font_heading,font_heading,EGIE3,2021-08-05,2021-08-05,2021-11-05,0.0646900267924528,-0.1381919467196873,0.2028819735121402
17329,ENGIE BRASIL ENERGIA S.A.,2021Q2,2021Q3,0.9388,1764,1838,font_heading,font_heading,EGIE3,2021-11-04,2021-11-04,2022-02-04,0.0248806233739573,0.0854140942321155,-0.0605334708581581
17329,ENGIE BRASIL ENERGIA S.A.,2021Q3,2022Q1,0.8621,1838,1707,font_heading,font_heading,EGIE3,2022-05-05,2022-05-05,2022-08-03,0.0352856456999246,-0.0145246832058629,0.0498103289057876
17329,ENGIE BRASIL ENERGIA S.A.,2022Q1,2022Q3,0.8095,1707,1162,font_heading,font_heading,EGIE3,2022-11-08,2022-11-08,2023-02-07,-0.0671660423902955,-0.0717165538843505,0.0045505114940549
17329,ENGIE BRASIL ENERGIA S.A.,2022Q3,2023Q1,0.0645,1162,601,font_heading,font_heading,EGIE3,2023-05-04,2023-05-04,2023-08-02,0.0406007977412905,0.1828676358467302,-0.1422668381054397
17329,ENGIE BRASIL ENERGIA S.A.,2023Q1,2023Q2,0.9939,601,644,font_heading,font_heading,EGIE3,2023-08-08,2023-08-08,2023-11-08,-0.041608876699029,0.0007257521691113,-0.0423346288681403
17329,ENGIE BRASIL ENERGIA S.A.,2023Q2,2023Q3,1.0,644,642,font_heading,font_heading,EGIE3,2023-11-06,2023-11-06,2024-02-07,0.0056262229452055,0.0972602248139742,-0.0916340018687686
17329,ENGIE BRASIL ENERGIA S.A.,2023Q3,2024Q1,0.989,642,562,font_heading,font_heading,EGIE3,2024-05-07,2024-05-07,2024-08-05,0.0515216868390586,-0.0305001575723579,0.0820218444114165
17329,ENGIE BRASIL ENERGIA S.A.,2024Q1,2024Q2,0.0632,562,460,font_heading,font_heading,EGIE3,2024-08-07,2024-08-07,2024-11-04,-0.0539437896718871,0.0235339870451749,-0.0774777767170621
17329,ENGIE BRASIL ENERGIA S.A.,2024Q2,2024Q3,0.9154,460,672,font_heading,font_heading,EGIE3,2024-11-05,2024-11-05,2025-02-10,-0.1455241741642435,-0.0389477329649493,-0.1065764411992942
17450,RUMO S.A.,2015Q2,2015Q3,0.9264,2879,3267,font_heading,font_heading,RAIL3,2015-11-13,2015-11-13,2016-02-22,-0.6852646638054363,-0.0705586597943463,-0.6147060040110899
17450,RUMO S.A.,2015Q3,2016Q1,0.3168,3267,3655,font_heading,font_heading,RAIL3,2016-05-12,2016-05-12,2016-08-10,0.4522727272727271,0.0690903230798936,0.3831824041928335
17450,RUMO S.A.,2016Q1,2016Q2,0.8557,3655,4343,font_heading,font_heading,RAIL3,2016-08-12,2016-08-12,2016-11-14,-0.2335766423357663,0.0233119565353496,-0.256888598871116
17450,RUMO S.A.,2016Q2,2016Q3,0.7135,4343,3694,font_heading,font_heading,RAIL3,2016-11-10,2016-11-10,2017-02-10,0.3672131147540984,0.0804490648512703,0.2867640499028281
17450,RUMO S.A.,2016Q3,2017Q1,0.3786,3694,2993,font_heading,font_heading,RAIL3,2017-05-10,2017-05-10,2017-08-08,0.1185567010309278,0.0081545983925994,0.1104021026383283
17450,RUMO S.A.,2017Q1,2017Q2,0.9534,2993,2966,font_heading,font_heading,RAIL3,2017-08-09,2017-08-09,2017-11-09,0.1368715083798883,0.0777234758846692,0.0591480324952191
17450,RUMO S.A.,2017Q2,2017Q3,0.9839,2966,2774,font_heading,font_heading,RAIL3,2017-11-08,2017-11-08,2018-02-15,0.0595238095238095,0.133499356468723,-0.0739755469449134
17450,RUMO S.A.,2017Q3,2018Q1,0.9875,2774,2805,font_heading,font_heading,RAIL3,2018-05-08,2018-05-08,2018-08-07,0.0340136054421769,-0.0314567774140643,0.0654703828562413
17450,RUMO S.A.,2018Q1,2018Q2,0.9981,2805,2839,font_heading,font_heading,RAIL3,2018-08-13,2018-08-13,2018-11-13,0.1465277777777778,0.0957161263515942,0.0508116514261836
17450,RUMO S.A.,2018Q2,2018Q3,0.9939,2839,2890,font_heading,font_heading,RAIL3,2018-11-08,2018-11-08,2019-02-14,0.2063882063882063,0.1447668906833006,0.0616213157049057
17450,RUMO S.A.,2018Q3,2019Q1,0.9542,2890,2958,font_heading,font_heading,RAIL3,2019-05-09,2019-05-09,2019-08-08,0.3129682997118155,0.0981706683571033,0.2147976313547122
17450,RUMO S.A.,2019Q1,2019Q2,0.9851,2958,3093,font_heading,font_heading,RAIL3,2019-08-12,2019-08-12,2019-11-07,0.0582999554962173,0.075213510840385,-0.0169135553441677
17450,RUMO S.A.,2019Q2,2019Q3,0.9858,3093,2911,font_heading,font_heading,RAIL3,2019-11-11,2019-11-11,2020-02-14,-0.033585222502099,0.0554899351650035,-0.0890751576671026
17450,RUMO S.A.,2019Q3,2020Q1,0.9633,2911,3049,font_heading,font_heading,RAIL3,2020-05-27,2020-05-27,2020-08-25,-0.0110874200426438,0.1611364896172378,-0.1722239096598816
17450,RUMO S.A.,2020Q1,2020Q2,0.9362,3049,2820,font_heading,font_heading,RAIL3,2020-08-13,2020-08-13,2020-11-13,-0.1235240690281561,0.0424285739882102,-0.1659526430163663
17450,RUMO S.A.,2020Q2,2020Q3,0.0635,2820,3185,font_heading,font_heading,RAIL3,2020-11-11,2020-11-11,2021-02-17,0.0079840319361277,0.1483363567745197,-0.140352324838392
17450,RUMO S.A.,2020Q3,2021Q1,0.0574,3185,2664,font_heading,font_heading,RAIL3,2021-05-13,2021-05-13,2021-08-12,-0.0623501199040767,-4.084307056717584e-05,-0.0623092768335096
17450,RUMO S.A.,2021Q1,2021Q2,0.986,2664,2686,font_heading,font_heading,RAIL3,2021-08-12,2021-08-12,2021-11-12,-0.1421994884910487,-0.1190250485124478,-0.0231744399786008
17450,RUMO S.A.,2023Q2,2023Q3,0.1979,3062,5875,font_heading,font_heading,RAIL3,2023-11-09,2023-11-09,2024-02-14,0.0428884026258205,0.0670744544380292,-0.0241860518122087
17450,RUMO S.A.,2023Q3,2024Q1,0.7346,5875,8225,font_heading,font_heading,RAIL3,2024-05-09,2024-05-09,2024-08-07,0.1329423264907134,-0.0052614769798875,0.138203803470601
17450,RUMO S.A.,2024Q1,2024Q2,0.9042,8225,11154,font_heading,font_heading,RAIL3,2024-08-14,2024-08-14,2024-11-11,-0.1565440547476475,-0.0408345000954862,-0.1157095546521612
17450,RUMO S.A.,2024Q2,2024Q3,0.9151,11154,8295,font_heading,font_heading,RAIL3,2024-11-07,2024-11-07,2025-02-12,-0.0761194029850746,-0.040880787343164,-0.0352386156419106
17671,TELEFÔNICA BRASIL S.A,2015Q1,2015Q2,0.8976,20891,27854,font_heading,font_heading,VIVT3,2015-07-29,2015-07-29,2015-10-28,-0.1380697050938337,-0.0697438598041522,-0.0683258452896815
17671,TELEFÔNICA BRASIL S.A,2015Q2,2015Q3,0.962,27854,29328,font_heading,font_heading,VIVT3,2015-11-04,2015-11-04,2016-02-12,-0.1176470588235294,-0.1656263558449887,0.0479792970214593
17671,TELEFÔNICA BRASIL S.A,2015Q3,2016Q1,0.8991,29328,26755,font_heading,font_heading,VIVT3,2016-04-27,2016-04-27,2016-07-26,0.050415512465374,0.0423102776948693,0.0081052347705046
17671,TELEFÔNICA BRASIL S.A,2016Q1,2016Q2,0.7575,26755,17007,font_heading,font_heading,VIVT3,2016-07-26,2016-07-26,2016-10-25,-0.0242616033755275,0.1247465119248363,-0.1490081153003638
17671,TELEFÔNICA BRASIL S.A,2016Q2,2016Q3,0.9848,17007,17299,font_heading,font_heading,VIVT3,2016-10-25,2016-10-25,2017-01-26,-0.0062162162162161,0.0363953076901397,-0.0426115239063559
17671,TELEFÔNICA BRASIL S.A,2016Q3,2017Q1,0.5109,17299,6260,font_heading,font_heading,VIVT3,2017-05-09,2017-05-09,2017-08-07,0.0355013550135501,0.0250761681875661,0.0104251868259839
17671,TELEFÔNICA BRASIL S.A,2017Q1,2017Q2,0.9528,6260,6813,font_heading,font_heading,VIVT3,2017-07-26,2017-07-26,2017-10-25,0.1255006675567422,0.1793640634130726,-0.0538633958563303
17671,TELEFÔNICA BRASIL S.A,2017Q2,2017Q3,0.9515,6813,7123,font_heading,font_heading,VIVT3,2017-10-25,2017-10-25,2018-01-31,0.0332147093712928,0.1074924811985944,-0.0742777718273015
17671,TELEFÔNICA BRASIL S.A,2017Q3,2018Q1,0.852,7123,5699,font_heading,font_heading,VIVT3,2018-04-25,2018-04-25,2018-07-26,-0.0859835100117787,-0.0663071367788046,-0.0196763732329741
17671,TELEFÔNICA BRASIL S.A,2018Q1,2018Q2,0.9544,5699,5916,font_heading,font_heading,VIVT3,2018-07-25,2018-07-25,2018-10-24,-0.1094102885821831,0.0354723201913185,-0.1448826087735016
17671,TELEFÔNICA BRASIL S.A,2018Q2,2018Q3,0.9513,5916,6089,font_heading,font_heading,VIVT3,2018-10-30,2018-10-30,2019-02-06,0.0411416816662382,0.0891960254453809,-0.0480543437791427
17671,TELEFÔNICA BRASIL S.A,2018Q3,2019Q1,0.861,6089,5681,font_heading,font_heading,VIVT3,2019-05-09,2019-05-09,2019-08-08,0.1176470588235294,0.0981706683571033,0.0194763904664261
17671,TELEFÔNICA BRASIL S.A,2019Q1,2019Q2,0.9529,5681,5947,font_heading,font_heading,VIVT3,2019-07-24,2019-07-24,2019-10-21,0.0125550660792952,0.0182751549901796,-0.0057200889108843
17671,TELEFÔNICA BRASIL S.A,2019Q2,2019Q3,0.9315,5947,5541,font_heading,font_heading,VIVT3,2019-11-04,2019-11-04,2020-02-07,0.1482300884955751,0.0458818911318605,0.1023481973637145
17671,TELEFÔNICA BRASIL S.A,2019Q3,2020Q1,0.8911,5541,5846,font_heading,font_heading,VIVT3,2020-05-06,2020-05-06,2020-08-04,0.020766129032258,0.2801820001295159,-0.2594158710972578
17671,TELEFÔNICA BRASIL S.A,2020Q1,2020Q2,0.959,5846,6151,font_heading,font_heading,VIVT3,2020-07-29,2020-07-29,2020-10-28,-0.1562376237623762,-0.096931211720635,-0.0593064120417412
17671,TELEFÔNICA BRASIL S.A,2020Q2,2020Q3,0.9377,6151,6655,font_heading,font_heading,VIVT3,2020-10-27,2020-10-27,2021-02-01,0.0563477460901564,0.1798296560612995,-0.123481909971143
17671,TELEFÔNICA BRASIL S.A,2020Q3,2021Q1,0.2292,6655,364,font_heading,font_heading,VIVT3,2021-05-11,2021-05-11,2021-08-10,-0.0639269406392692,-0.0061931942525296,-0.0577337463867396
17671,TELEFÔNICA BRASIL S.A,2021Q1,2021Q2,0.9849,364,364,font_heading,font_heading,VIVT3,2021-07-27,2021-07-27,2021-10-26,0.0980632507967638,-0.1459931276298123,0.2440563784265761
17671,TELEFÔNICA BRASIL S.A,2021Q2,2021Q3,0.9838,364,367,font_heading,font_heading,VIVT3,2021-10-27,2021-10-27,2022-01-28,0.0959856470060549,0.0521515450377056,0.0438341019683492
17671,TELEFÔNICA BRASIL S.A,2021Q3,2022Q1,0.0759,367,184,font_heading,font_heading,VIVT3,2022-05-10,2022-05-10,2022-08-08,-0.0999999999999999,0.0513270592534531,-0.1513270592534531
17671,TELEFÔNICA BRASIL S.A,2022Q1,2022Q2,1.0,184,184,font_heading,font_heading,VIVT3,2022-08-04,2022-08-04,2022-11-04,-0.0923552806009722,0.1158086968051099,-0.2081639774060821
17671,TELEFÔNICA BRASIL S.A,2022Q2,2022Q3,0.3289,184,1355,font_heading,font_heading,VIVT3,2022-10-25,2022-10-25,2023-01-25,0.0108585858585859,-0.0031015761838171,0.013960162042403
17671,TELEFÔNICA BRASIL S.A,2022Q3,2023Q1,0.0513,1355,602,font_heading,font_heading,VIVT3,2023-05-09,2023-05-09,2023-08-07,0.0361151781356761,0.1145123787199502,-0.0783972005842741
17671,TELEFÔNICA BRASIL S.A,2023Q1,2023Q2,0.9949,602,602,font_heading,font_heading,VIVT3,2023-07-25,2023-07-25,2023-10-24,0.1072982116964715,-0.0675847939848421,0.1748830056813137
17671,TELEFÔNICA BRASIL S.A,2023Q2,2023Q3,0.8716,602,656,font_heading,font_heading,VIVT3,2023-10-31,2023-10-31,2024-02-02,0.1584880636604773,0.1240774671707218,0.0344105964897554
17671,TELEFÔNICA BRASIL S.A,2023Q3,2024Q1,0.4756,656,9277,font_heading,font_heading,VIVT3,2024-05-07,2024-05-07,2024-08-05,-0.0168878166465621,-0.0305001575723579,0.0136123409257957
17671,TELEFÔNICA BRASIL S.A,2024Q1,2024Q2,0.9249,9277,10123,font_heading,font_heading,VIVT3,2024-07-29,2024-07-29,2024-10-24,0.1144041450777202,0.0245214284937851,0.0898827165839351
17671,TELEFÔNICA BRASIL S.A,2024Q2,2024Q3,0.923,10123,11573,font_heading,font_heading,VIVT3,2024-11-05,2024-11-05,2025-02-10,-0.0503583553376084,-0.0389477329649493,-0.0114106223726591
17892,Santos Brasil Participações S.A.,2015Q1,2015Q2,0.9976,3948,3991,font_heading,font_heading,STBP3,2015-08-05,2016-08-22,2016-11-23,0.0289855072463769,0.0727687740865374,-0.0437832668401605
17892,Santos Brasil Participações S.A.,2015Q2,2015Q3,0.9449,3991,4884,font_heading,font_heading,STBP3,2015-10-28,2016-08-22,2016-11-23,0.0289855072463769,0.0727687740865374,-0.0437832668401605
17892,Santos Brasil Participações S.A.,2015Q3,2016Q1,0.8648,4884,5720,font_heading,font_heading,STBP3,2016-05-09,2016-08-22,2016-11-23,0.0289855072463769,0.0727687740865374,-0.0437832668401605
17892,Santos Brasil Participações S.A.,2016Q1,2016Q2,0.9731,5720,6291,font_heading,font_heading,STBP3,2016-08-03,2016-08-22,2016-11-23,0.0289855072463769,0.0727687740865374,-0.0437832668401605
17892,Santos Brasil Participações S.A.,2016Q2,2016Q3,0.9483,6291,6780,font_heading,font_heading,STBP3,2016-11-09,2016-11-09,2017-02-09,-0.3398058252427184,0.0269786069078399,-0.3667844321505583
17892,Santos Brasil Participações S.A.,2016Q3,2017Q2,0.8814,6780,6464,font_heading,font_heading,STBP3,2017-08-09,2017-08-09,2017-11-09,0.48989898989899,0.0777234758846692,0.4121755140143208
17892,Santos Brasil Participações S.A.,2017Q2,2017Q3,0.9971,6464,6415,font_heading,font_heading,STBP3,2017-11-13,2017-11-13,2018-02-20,0.268456375838926,0.1839082267761496,0.0845481490627764
17892,Santos Brasil Participações S.A.,2017Q3,2018Q1,0.915,6415,6274,font_heading,font_heading,STBP3,2018-06-18,2018-06-18,2018-09-17,0.1470588235294119,0.0998946783866385,0.0471641451427733
17892,Santos Brasil Participações S.A.,2018Q1,2018Q2,0.9191,6274,5846,font_heading,font_heading,STBP3,2018-08-08,2018-08-08,2018-11-08,0.2280701754385965,0.0817219339571988,0.1463482414813977
17892,Santos Brasil Participações S.A.,2018Q2,2018Q3,0.8324,5846,4949,font_heading,font_heading,STBP3,2018-11-12,2018-11-12,2019-02-18,0.2114285714285715,0.128444648154276,0.0829839232742954
17892,Santos Brasil Participações S.A.,2018Q3,2019Q1,0.859,4949,4840,font_heading,font_heading,STBP3,2019-05-14,2019-05-14,2019-08-13,0.5844155844155843,0.1216935939584182,0.462721990457166
17892,Santos Brasil Participações S.A.,2019Q1,2019Q2,0.9205,4840,7178,font_heading,font_heading,STBP3,2019-08-13,2019-08-13,2019-11-08,0.237704918032787,0.0419121099327683,0.1957928081000186
17892,Santos Brasil Participações S.A.,2019Q2,2019Q3,0.9632,7178,7195,font_heading,font_heading,STBP3,2019-11-12,2019-11-12,2020-02-17,-0.0957592339261285,0.0801677921820009,-0.1759270261081295
17892,Santos Brasil Participações S.A.,2019Q3,2020Q1,0.752,7195,6878,font_heading,font_heading,STBP3,2020-05-12,2020-05-12,2020-08-10,0.5835777126099708,0.3283923158467201,0.2551853967632507
17892,Santos Brasil Participações S.A.,2020Q1,2020Q2,0.9824,6878,7139,font_heading,font_heading,STBP3,2020-08-11,2020-08-11,2020-11-11,-0.1981651376146789,0.0257836600948966,-0.2239487977095755
17892,Santos Brasil Participações S.A.,2020Q2,2020Q3,0.9874,7139,7342,font_heading,font_heading,STBP3,2020-11-10,2020-11-10,2021-02-12,0.5218390804597703,0.136691496546583,0.3851475839131872
17892,Santos Brasil Participações S.A.,2020Q3,2021Q1,0.9663,7342,7187,font_heading,font_heading,STBP3,2021-05-11,2021-05-11,2021-08-10,0.2189189189189189,-0.0061931942525296,0.2251121131714485
17892,Santos Brasil Participações S.A.,2021Q1,2021Q2,0.9924,7187,7132,font_heading,font_heading,STBP3,2021-08-10,2021-08-10,2021-11-10,-0.3425720620842571,-0.1328529611553678,-0.2097191009288893
17892,Santos Brasil Participações S.A.,2024Q1,2024Q2,0.9971,5633,5633,font_heading,font_heading,STBP3,2024-08-07,2024-08-07,2024-11-04,-0.0839913854989231,0.0235339870451749,-0.1075253725440981
17973,COGNA EDUCAÇÃO S.A.,2015Q2,2015Q3,0.9503,2119,2039,font_heading,font_heading,COGN3,2015-11-12,2015-11-12,2016-02-19,-0.0983916745042421,-0.1139027779021993,0.0155111033979572
17973,COGNA EDUCAÇÃO S.A.,2015Q3,2016Q1,0.459,2039,1941,font_heading,font_heading,COGN3,2016-05-12,2016-05-12,2016-08-10,0.2337133552064214,0.0690903230798936,0.1646230321265278
17973,COGNA EDUCAÇÃO S.A.,2016Q3,2017Q1,0.7632,2103,3029,font_heading,font_heading,COGN3,2017-05-12,2017-05-12,2017-08-10,-0.0367553867437403,-0.0180271918388719,-0.0187281949048684
17973,COGNA EDUCAÇÃO S.A.,2017Q1,2017Q2,0.9862,3029,2984,font_heading,font_heading,COGN3,2017-08-11,2017-08-11,2017-11-13,0.1086820743000254,0.0759603192406492,0.0327217550593761
17973,COGNA EDUCAÇÃO S.A.,2017Q2,2017Q3,0.9948,2984,2965,font_heading,font_heading,COGN3,2017-11-10,2017-11-10,2018-02-19,-0.0977142860515591,0.1749734361117008,-0.27268772216326
17973,COGNA EDUCAÇÃO S.A.,2017Q3,2018Q1,0.9713,2965,2702,font_heading,font_heading,COGN3,2018-05-14,2018-05-14,2018-08-13,-0.0396396395441117,-0.0907607794660679,0.0511211399219562
17973,COGNA EDUCAÇÃO S.A.,2018Q1,2018Q2,0.9992,2702,2715,font_heading,font_heading,COGN3,2018-08-14,2018-08-14,2018-11-14,0.0073597056392389,0.0937754724396076,-0.0864157668003686
17973,COGNA EDUCAÇÃO S.A.,2018Q2,2018Q3,0.8638,2715,4751,font_heading,font_heading,COGN3,2018-11-09,2018-11-09,2019-02-15,0.0512077294884174,0.1387731443775723,-0.0875654148891549
17973,COGNA EDUCAÇÃO S.A.,2018Q3,2019Q1,0.7055,4751,4421,font_heading,font_heading,COGN3,2019-05-15,2019-05-15,2019-08-14,0.2086864403345618,0.0942396399873219,0.1144468003472398
17973,COGNA EDUCAÇÃO S.A.,2023Q3,2024Q1,0.9895,8374,8310,font_heading,font_heading,COGN3,2024-05-08,2024-05-08,2024-08-06,-0.3652173914623818,-0.0248236631675917,-0.3403937282947901
17973,COGNA EDUCAÇÃO S.A.,2024Q1,2024Q2,0.9626,8310,7250,font_heading,font_heading,COGN3,2024-08-07,2024-08-07,2024-11-04,-0.0194805192857142,0.0235339870451749,-0.0430145063308892
17973,COGNA EDUCAÇÃO S.A.,2024Q2,2024Q3,0.9915,7250,7041,font_heading,font_heading,COGN3,2024-11-07,2024-11-07,2025-02-12,0.1408450705534616,-0.040880787343164,0.1817258578966256
18376,ISA ENERGIA BRASIL S.A,2015Q1,2015Q2,0.9822,11688,11150,font_heading,font_heading,ISAE4,2015-07-30,2015-07-30,2015-10-29,0.0508347869551175,-0.0855565620653582,0.1363913490204757
18376,ISA ENERGIA BRASIL S.A,2015Q2,2015Q3,0.9985,11150,11135,font_heading,font_heading,ISAE4,2015-10-26,2015-10-26,2016-02-01,0.1522012578036031,-0.140634942422386,0.2928362002259892
18376,ISA ENERGIA BRASIL S.A,2015Q3,2016Q1,0.9507,11135,10774,font_heading,font_heading,ISAE4,2016-04-28,2016-04-28,2016-07-27,0.2077338129496404,0.0467830658293311,0.1609507471203093
18376,ISA ENERGIA BRASIL S.A,2016Q1,2016Q2,0.9899,10774,11462,font_heading,font_heading,ISAE4,2016-09-08,2016-09-08,2016-12-09,-0.0910425844346548,0.0044654256582004,-0.0955080100928552
18376,ISA ENERGIA BRASIL S.A,2016Q2,2016Q3,0.9955,11462,11735,font_heading,font_heading,ISAE4,2016-10-28,2016-10-28,2017-01-31,-0.0579294522512187,0.0056470748494386,-0.0635765271006573
18376,ISA ENERGIA BRASIL S.A,2016Q3,2017Q1,0.9624,11735,12357,font_heading,font_heading,ISAE4,2017-04-27,2017-04-27,2017-07-27,0.1006239001759718,0.0092897657651807,0.0913341344107911
18376,ISA ENERGIA BRASIL S.A,2017Q1,2017Q2,0.9899,12357,12693,font_heading,font_heading,ISAE4,2017-08-01,2017-08-01,2017-10-31,-0.0471414242728185,0.1171482508855359,-0.1642896751583544
18376,ISA ENERGIA BRASIL S.A,2017Q2,2017Q3,0.8906,12693,18611,font_heading,font_heading,ISAE4,2017-10-30,2017-10-30,2018-02-05,-0.0126846739292644,0.0943946244094613,-0.1070792983387257
18376,ISA ENERGIA BRASIL S.A,2017Q3,2018Q1,0.9894,18611,18436,font_heading,font_heading,ISAE4,2018-05-15,2018-05-15,2018-08-14,-0.0834348355663825,-0.0766859836941953,-0.0067488518721872
18376,ISA ENERGIA BRASIL S.A,2018Q1,2018Q2,0.9877,18436,19587,font_heading,font_heading,ISAE4,2018-07-31,2018-07-31,2018-10-30,0.052820345614607,0.0967588789911897,-0.0439385333765827
18376,ISA ENERGIA BRASIL S.A,2018Q2,2018Q3,0.9709,19587,22939,font_heading,font_heading,ISAE4,2018-10-29,2018-10-29,2019-02-05,0.2627514078841513,0.17321073822588,0.0895406696582712
18376,ISA ENERGIA BRASIL S.A,2018Q3,2019Q1,0.6962,22939,14185,font_heading,font_heading,ISAE4,2019-04-29,2019-04-29,2019-07-30,0.1480787253983131,0.0701237943501122,0.0779549310482008
18376,ISA ENERGIA BRASIL S.A,2019Q1,2019Q2,0.828,14185,8671,font_heading,font_heading,ISAE4,2019-07-30,2019-07-30,2019-10-25,-0.0604081632653061,0.0430475028368022,-0.1034556661021084
18376,ISA ENERGIA BRASIL S.A,2020Q2,2020Q3,0.9932,14766,15080,font_heading,font_heading,ISAE4,2020-10-29,2020-10-29,2021-02-03,0.121404399323181,0.2396152664218733,-0.1182108670986923
18376,ISA ENERGIA BRASIL S.A,2020Q3,2021Q1,0.9332,15080,16204,font_heading,font_heading,ISAE4,2021-04-29,2021-04-29,2021-07-29,-0.083116883116883,0.0467209008397482,-0.1298377839566312
18376,ISA ENERGIA BRASIL S.A,2021Q1,2021Q2,0.997,16204,16442,font_heading,font_heading,ISAE4,2021-07-29,2021-07-29,2021-10-28,-0.0178065560501821,-0.1589044564275263,0.1410979003773442
18376,ISA ENERGIA BRASIL S.A,2021Q2,2021Q3,0.993,16442,16279,font_heading,font_heading,ISAE4,2021-10-28,2021-10-28,2022-01-31,-0.0045323444581788,0.0609105760032451,-0.0654429204614239
18376,ISA ENERGIA BRASIL S.A,2021Q3,2022Q1,0.6891,16279,7635,font_heading,font_heading,ISAE4,2022-05-03,2022-05-03,2022-08-01,-0.0903402424716464,-0.0403931958228106,-0.0499470466488357
18376,ISA ENERGIA BRASIL S.A,2022Q1,2022Q2,0.9989,7635,7684,font_heading,font_heading,ISAE4,2022-07-28,2022-07-28,2022-10-27,0.0187553282182437,0.1173927104449599,-0.0986373822267161
18376,ISA ENERGIA BRASIL S.A,2022Q2,2022Q3,0.8953,7684,10898,font_heading,font_heading,ISAE4,2022-10-27,2022-10-27,2023-01-27,-0.0460251046025104,-0.0202772556636923,-0.025747848938818
18376,ISA ENERGIA BRASIL S.A,2024Q1,2024Q2,0.9953,6647,7026,font_heading,font_heading,ISAE4,2024-07-31,2024-07-31,2024-10-28,-0.0036644951140064,0.0278943949169228,-0.0315588900309292
18376,ISA ENERGIA BRASIL S.A,2024Q2,2024Q3,0.1792,7026,432,font_heading,font_heading,ISAE4,2024-10-30,2024-10-30,2025-02-04,-0.0261972984036021,-0.0420387183553375,0.0158414199517353
18465,ULTRAPAR PARTICIPACOES S.A.,2015Q1,2015Q2,0.9897,16407,16674,font_heading,font_heading,UGPA3,2015-08-05,2015-08-05,2015-11-05,-0.0358301594018903,-0.0445542181947835,0.0087240587928931
18465,ULTRAPAR PARTICIPACOES S.A.,2015Q2,2015Q3,0.9979,16674,16862,font_heading,font_heading,UGPA3,2015-11-04,2015-11-04,2016-02-11,-0.1779893264099235,-0.1758914779050976,-0.0020978485048258
18465,ULTRAPAR PARTICIPACOES S.A.,2015Q3,2016Q1,0.9481,16862,14668,font_heading,font_heading,UGPA3,2016-05-11,2016-05-11,2016-08-09,0.0085164835164834,0.0933383948210595,-0.084821911304576
18465,ULTRAPAR PARTICIPACOES S.A.,2016Q1,2016Q2,0.9899,14668,15719,font_heading,font_heading,UGPA3,2016-08-10,2016-08-10,2016-11-10,-0.0824927456128229,0.0752142752484286,-0.1577070208612515
18465,ULTRAPAR PARTICIPACOES S.A.,2016Q2,2016Q3,0.9883,15719,15892,font_heading,font_heading,UGPA3,2016-11-09,2016-11-09,2017-02-09,-0.0154298310066127,0.0269786069078399,-0.0424084379144527
18465,ULTRAPAR PARTICIPACOES S.A.,2016Q3,2017Q1,0.9518,15892,15696,font_heading,font_heading,UGPA3,2017-05-10,2017-05-10,2017-08-08,-0.0540005281225243,0.0081545983925994,-0.0621551265151237
18465,ULTRAPAR PARTICIPACOES S.A.,2017Q1,2017Q2,0.9814,15696,17508,font_heading,font_heading,UGPA3,2017-08-09,2017-08-09,2017-11-09,0.035954113038612,0.0777234758846692,-0.0417693628460571
18465,ULTRAPAR PARTICIPACOES S.A.,2017Q2,2017Q3,0.9975,17508,17924,font_heading,font_heading,UGPA3,2017-11-08,2017-11-08,2018-02-15,0.0241120041483018,0.133499356468723,-0.1093873523204211
18465,ULTRAPAR PARTICIPACOES S.A.,2017Q3,2018Q1,0.0978,17924,1532,font_heading,font_heading,UGPA3,2018-05-02,2018-05-02,2018-08-01,-0.3396540252827676,-0.062041638570884,-0.2776123867118836
18465,ULTRAPAR PARTICIPACOES S.A.,2018Q1,2018Q2,0.0794,1532,20333,font_heading,font_heading,UGPA3,2018-08-02,2018-08-02,2018-11-01,0.0362997658079624,0.1102803243078034,-0.0739805584998409
18465,ULTRAPAR PARTICIPACOES S.A.,2018Q2,2018Q3,0.9906,20333,20546,font_heading,font_heading,UGPA3,2018-11-07,2018-11-07,2019-02-13,0.2605617720940856,0.0926649972324937,0.1678967748615918
18465,ULTRAPAR PARTICIPACOES S.A.,2018Q3,2019Q1,0.2436,20546,3013,font_heading,font_heading,UGPA3,2019-05-15,2019-05-15,2019-08-14,-0.1302501179801793,0.0942396399873219,-0.2244897579675013
18465,ULTRAPAR PARTICIPACOES S.A.,2019Q1,2019Q2,1.0,3013,3013,font_heading,font_heading,UGPA3,2019-08-14,2019-08-14,2019-11-11,0.1123168746608789,0.0808853158850166,0.0314315587758622
18465,ULTRAPAR PARTICIPACOES S.A.,2019Q2,2019Q3,0.2403,3013,19684,font_heading,font_heading,UGPA3,2019-11-06,2019-11-06,2020-02-11,0.2838874680306906,0.0646953401710221,0.2191921278596684
18465,ULTRAPAR PARTICIPACOES S.A.,2019Q3,2020Q1,0.7641,19684,7714,font_heading,font_heading,UGPA3,2020-05-13,2020-05-13,2020-08-11,0.3954005934718099,0.3137650728666541,0.0816355206051557
18465,ULTRAPAR PARTICIPACOES S.A.,2020Q1,2020Q2,0.8147,7714,22558,font_heading,font_heading,UGPA3,2020-08-12,2020-08-12,2020-11-12,0.072883172561629,0.0038113825405561,0.0690717900210728
18465,ULTRAPAR PARTICIPACOES S.A.,2020Q2,2020Q3,0.9782,22558,21936,font_heading,font_heading,UGPA3,2020-11-04,2020-11-04,2021-02-08,0.3904428904428905,0.2230536583342197,0.1673892321086707
18465,ULTRAPAR PARTICIPACOES S.A.,2020Q3,2021Q1,0.8067,21936,9637,font_heading,font_heading,UGPA3,2021-05-05,2021-05-05,2021-08-04,-0.2048690858980248,0.0187076525428464,-0.2235767384408713
18465,ULTRAPAR PARTICIPACOES S.A.,2021Q1,2021Q2,0.9507,9637,7475,font_heading,font_heading,UGPA3,2021-08-11,2021-08-11,2021-11-11,-0.2259365994236312,-0.1184835625908494,-0.1074530368327817
18465,ULTRAPAR PARTICIPACOES S.A.,2021Q2,2021Q3,1.0,7475,7475,font_heading,font_heading,UGPA3,2021-11-03,2021-11-03,2022-02-03,0.1024498886414253,0.0575576555565739,0.0448922330848513
18465,ULTRAPAR PARTICIPACOES S.A.,2021Q3,2022Q1,0.3012,7475,5413,font_heading,font_heading,UGPA3,2022-05-11,2022-05-11,2022-08-09,0.1178396072013092,0.0407497732212356,0.0770898339800736
18465,ULTRAPAR PARTICIPACOES S.A.,2022Q1,2022Q2,0.7703,5413,8463,font_heading,font_heading,UGPA3,2022-08-03,2022-08-03,2022-11-03,0.0586924219910847,0.126443945671526,-0.0677515236804413
18465,ULTRAPAR PARTICIPACOES S.A.,2022Q2,2022Q3,0.9675,8463,9135,font_heading,font_heading,UGPA3,2022-11-09,2022-11-09,2023-02-08,-0.0250737463126843,-0.0319475006579057,0.0068737543452214
18465,ULTRAPAR PARTICIPACOES S.A.,2022Q3,2023Q1,0.6364,9135,7202,font_heading,font_heading,UGPA3,2023-05-03,2023-05-03,2023-08-01,0.3107734806629834,0.1910791359556545,0.1196943447073288
18465,ULTRAPAR PARTICIPACOES S.A.,2023Q1,2023Q2,0.7879,7202,7429,font_heading,font_heading,UGPA3,2023-08-09,2023-08-09,2023-11-09,0.2227438706311946,0.0052814500142177,0.2174624206169768
18465,ULTRAPAR PARTICIPACOES S.A.,2023Q2,2023Q3,0.8518,7429,10529,font_heading,font_heading,UGPA3,2023-11-08,2023-11-08,2024-02-09,0.255508474576271,0.0742513614451554,0.1812571131311156
18465,ULTRAPAR PARTICIPACOES S.A.,2023Q3,2024Q1,0.1924,10529,1823,font_heading,font_heading,UGPA3,2024-05-08,2024-05-08,2024-08-06,-0.1746268656716417,-0.0248236631675917,-0.14980320250405
18465,ULTRAPAR PARTICIPACOES S.A.,2024Q1,2024Q2,0.1223,1823,5318,font_heading,font_heading,UGPA3,2024-08-07,2024-08-07,2024-11-04,-0.1138551695269987,0.0235339870451749,-0.1373891565721736
18465,ULTRAPAR PARTICIPACOES S.A.,2024Q2,2024Q3,0.6856,5318,2676,font_heading,font_heading,UGPA3,2024-11-13,2024-11-13,2025-02-18,-0.1628585318424891,0.0062460327675006,-0.1691045646099898
18627,Cia. de Saneamento do Paraná (Sanepar),2015Q1,2015Q2,0.9907,19968,22095,font_heading,font_heading,SAPR11,2015-08-13,2017-11-22,2018-02-27,-0.1165674603174603,0.166624417814621,-0.2831918781320813
18627,Cia. de Saneamento do Paraná (Sanepar),2015Q2,2015Q3,0.9359,22095,25557,font_heading,font_heading,SAPR11,2015-11-11,2017-11-22,2018-02-27,-0.1165674603174603,0.166624417814621,-0.2831918781320813
18627,Cia. de Saneamento do Paraná (Sanepar),2015Q3,2016Q1,0.561,25557,7451,font_heading,font_heading,SAPR11,2016-05-12,2017-11-22,2018-02-27,-0.1165674603174603,0.166624417814621,-0.2831918781320813
18627,Cia. de Saneamento do Paraná (Sanepar),2016Q1,2016Q2,0.9954,7451,7402,font_heading,font_heading,SAPR11,2016-08-03,2017-11-22,2018-02-27,-0.1165674603174603,0.166624417814621,-0.2831918781320813
18627,Cia. de Saneamento do Paraná (Sanepar),2016Q2,2016Q3,0.9767,7402,8520,font_heading,font_heading,SAPR11,2016-12-14,2017-11-22,2018-02-27,-0.1165674603174603,0.166624417814621,-0.2831918781320813
18627,Cia. de Saneamento do Paraná (Sanepar),2016Q3,2017Q1,0.2117,8520,153,font_heading,font_heading,SAPR11,2017-05-09,2017-11-22,2018-02-27,-0.1165674603174603,0.166624417814621,-0.2831918781320813
18627,Cia. de Saneamento do Paraná (Sanepar),2017Q1,2017Q2,1.0,153,153,font_heading,font_heading,SAPR11,2017-08-08,2017-11-22,2018-02-27,-0.1165674603174603,0.166624417814621,-0.2831918781320813
18627,Cia. de Saneamento do Paraná (Sanepar),2017Q2,2017Q3,1.0,153,153,font_heading,font_heading,SAPR11,2017-11-29,2017-11-29,2018-03-06,-0.0208144799962326,0.1781635464429725,-0.1989780264392051
18627,Cia. de Saneamento do Paraná (Sanepar),2017Q3,2018Q1,1.0,153,153,font_heading,font_heading,SAPR11,2018-05-08,2018-05-08,2018-08-07,-0.2168421052631578,-0.0314567774140643,-0.1853853278490934
18627,Cia. de Saneamento do Paraná (Sanepar),2018Q1,2018Q2,1.0,153,153,font_heading,font_heading,SAPR11,2018-08-07,2018-08-07,2018-11-07,0.1762992829301075,0.0917006735325935,0.0845986093975139
18627,Cia. de Saneamento do Paraná (Sanepar),2020Q1,2020Q2,0.9728,16056,16387,font_heading,font_heading,SAPR11,2020-08-07,2020-08-07,2020-11-09,-0.1292561983471074,0.0071968513896794,-0.1364530497367868
18627,Cia. de Saneamento do Paraná (Sanepar),2021Q1,2021Q2,0.9989,18207,18339,font_heading,font_heading,SAPR11,2021-08-12,2021-08-12,2021-11-12,0.02991452991453,-0.1190250485124478,0.1489395784269779
18627,Cia. de Saneamento do Paraná (Sanepar),2021Q2,2021Q3,0.9979,18339,18436,font_heading,font_heading,SAPR11,2021-11-11,2021-11-11,2022-02-11,0.0045592705167172,0.0555573988934583,-0.0509981283767411
18627,Cia. de Saneamento do Paraná (Sanepar),2021Q3,2022Q1,0.9912,18436,19207,font_heading,font_heading,SAPR11,2022-05-05,2022-05-05,2022-08-03,-0.005197505197505,-0.0145246832058629,0.0093271780083579
18627,Cia. de Saneamento do Paraná (Sanepar),2022Q1,2022Q2,0.9976,19207,19251,font_heading,font_heading,SAPR11,2022-08-04,2022-08-04,2022-11-04,-0.0222452146921883,0.1158086968051099,-0.1380539114972983
18627,Cia. de Saneamento do Paraná (Sanepar),2022Q2,2022Q3,0.9958,19251,19053,font_heading,font_heading,SAPR11,2022-11-03,2022-11-03,2023-02-02,-0.1150353178607467,-0.0577923897715891,-0.0572429280891575
18627,Cia. de Saneamento do Paraná (Sanepar),2022Q3,2023Q1,0.9942,19053,18465,font_heading,font_heading,SAPR11,2023-05-11,2023-05-11,2023-08-09,0.0502028397565923,0.0937807833994111,-0.0435779436428187
18627,Cia. de Saneamento do Paraná (Sanepar),2023Q1,2023Q2,0.9949,18465,19123,font_heading,font_heading,SAPR11,2023-08-10,2023-08-10,2023-11-10,0.1797101449275364,0.0187456484855039,0.1609644964420324
18627,Cia. de Saneamento do Paraná (Sanepar),2023Q2,2023Q3,0.9983,19123,19203,font_heading,font_heading,SAPR11,2023-11-08,2023-11-08,2024-02-09,0.1924061433447097,0.0742513614451554,0.1181547818995543
18627,Cia. de Saneamento do Paraná (Sanepar),2023Q3,2024Q1,0.9011,19203,14653,font_heading,font_heading,SAPR11,2024-05-09,2024-05-09,2024-08-07,0.0711638250555966,-0.0052614769798875,0.0764253020354841
18627,Cia. de Saneamento do Paraná (Sanepar),2024Q1,2024Q2,0.9966,14653,15034,font_heading,font_heading,SAPR11,2024-08-08,2024-08-08,2024-11-05,-0.0766538326916346,0.0155437301532523,-0.092197562844887
18627,Cia. de Saneamento do Paraná (Sanepar),2024Q2,2024Q3,0.9967,15034,14984,font_heading,font_heading,SAPR11,2024-11-07,2024-11-07,2025-02-12,0.044230769230769,-0.040880787343164,0.0851115565739331
18660,CPFL ENERGIA S.A.,2015Q1,2015Q2,0.5488,707,281,font_heading,font_heading,CPFE3,2015-08-13,2015-08-13,2015-11-13,-0.0788732392560468,-0.0310881767947515,-0.0477850624612953
18660,CPFL ENERGIA S.A.,2015Q2,2015Q3,1.0,281,281,font_heading,font_heading,CPFE3,2015-11-12,2015-11-12,2016-02-19,0.0166666670252322,-0.1139027779021993,0.1305694449274316
18660,CPFL ENERGIA S.A.,2015Q3,2016Q1,0.7887,281,445,font_heading,font_heading,CPFE3,2016-05-12,2016-05-12,2016-08-10,0.1199999999999998,0.0690903230798936,0.0509096769201062
18660,CPFL ENERGIA S.A.,2016Q1,2016Q2,1.0,445,445,font_heading,font_heading,CPFE3,2016-08-11,2016-08-11,2016-11-11,0.0336685614341931,0.0151620329275157,0.0185065285066774
18660,CPFL ENERGIA S.A.,2016Q2,2016Q3,1.0,445,445,font_heading,font_heading,CPFE3,2016-11-10,2016-11-10,2017-02-10,0.0654362416107381,0.0804490648512703,-0.0150128232405322
18660,CPFL ENERGIA S.A.,2016Q3,2017Q1,0.9962,445,458,font_heading,font_heading,CPFE3,2017-08-07,2017-08-07,2017-11-07,0.0215373189751206,0.0658705092136169,-0.0443331902384962
18660,CPFL ENERGIA S.A.,2017Q1,2017Q2,0.4211,458,4018,font_heading,font_heading,CPFE3,2017-08-10,2017-08-10,2017-11-10,0.0230055658627088,0.0772262814908446,-0.0542207156281357
18660,CPFL ENERGIA S.A.,2017Q2,2017Q3,0.7688,4018,7020,font_heading,font_heading,CPFE3,2017-11-13,2017-11-13,2018-02-20,-0.169989126495107,0.1839082267761496,-0.3538973532712566
18660,CPFL ENERGIA S.A.,2017Q3,2018Q1,0.6272,7020,4940,font_heading,font_heading,CPFE3,2018-05-15,2018-05-15,2018-08-14,0.0,-0.0766859836941953,0.0766859836941953
18660,CPFL ENERGIA S.A.,2018Q1,2018Q2,0.7597,4940,6637,font_heading,font_heading,CPFE3,2018-08-14,2018-08-14,2018-11-14,0.2095890410958905,0.0937754724396076,0.1158135686562829
18660,CPFL ENERGIA S.A.,2018Q2,2018Q3,0.9519,6637,5980,font_heading,font_heading,CPFE3,2018-11-12,2018-11-12,2019-02-18,0.2177263969171483,0.128444648154276,0.0892817487628723
18660,CPFL ENERGIA S.A.,2018Q3,2019Q1,0.8944,5980,6086,font_heading,font_heading,CPFE3,2019-05-08,2019-05-08,2019-08-07,0.1262007287181186,0.0751678328342395,0.051032895883879
18660,CPFL ENERGIA S.A.,2019Q1,2019Q2,0.9864,6086,6428,font_heading,font_heading,CPFE3,2019-08-13,2019-08-13,2019-11-08,-0.043723973825104,0.0419121099327683,-0.0856360837578724
18660,CPFL ENERGIA S.A.,2019Q2,2019Q3,0.6738,6428,12126,font_heading,font_heading,CPFE3,2019-11-12,2019-11-12,2020-02-17,0.1959247648902822,0.0801677921820009,0.1157569727082812
18660,CPFL ENERGIA S.A.,2019Q3,2020Q1,0.6346,12126,5940,font_heading,font_heading,CPFE3,2020-05-14,2020-05-14,2020-08-12,0.028960817717206,0.2924535262959589,-0.2634927085787528
18660,CPFL ENERGIA S.A.,2020Q1,2020Q2,0.9452,5940,6277,font_heading,font_heading,CPFE3,2020-08-13,2020-08-13,2020-11-13,0.0268456375838925,0.0424285739882102,-0.0155829364043176
18660,CPFL ENERGIA S.A.,2020Q2,2020Q3,0.9664,6277,6600,font_heading,font_heading,CPFE3,2020-11-12,2020-11-12,2021-02-18,0.1026936026936027,0.1628372537644011,-0.0601436510707984
18660,CPFL ENERGIA S.A.,2021Q2,2021Q3,0.6238,6153,14855,font_heading,font_heading,CPFE3,2021-11-11,2021-11-11,2022-02-11,0.0288873038516406,0.0555573988934583,-0.0266700950418177
18660,CPFL ENERGIA S.A.,2021Q3,2022Q1,0.5614,14855,6129,font_heading,font_heading,CPFE3,2022-05-12,2022-05-12,2022-08-10,-0.0035377358490567,0.0430336035509923,-0.046571339400049
18660,CPFL ENERGIA S.A.,2022Q1,2022Q2,0.683,6129,3112,font_heading,font_heading,CPFE3,2022-08-11,2022-08-11,2022-11-11,0.0372614359285066,0.0231097120489138,0.0141517238795927
18660,CPFL ENERGIA S.A.,2022Q2,2022Q3,0.9945,3112,3131,font_heading,font_heading,CPFE3,2022-11-10,2022-11-10,2023-02-09,-0.0914893617021276,-0.0161002285938952,-0.0753891331082323
18660,CPFL ENERGIA S.A.,2022Q3,2023Q1,0.8601,3131,1505,font_heading,font_heading,CPFE3,2023-05-11,2023-05-11,2023-08-09,0.0808457711442787,0.0937807833994111,-0.0129350122551323
18660,CPFL ENERGIA S.A.,2023Q1,2023Q2,0.9976,1505,1508,font_heading,font_heading,CPFE3,2023-08-10,2023-08-10,2023-11-10,0.0267780017276129,0.0187456484855039,0.0080323532421089
18660,CPFL ENERGIA S.A.,2023Q2,2023Q3,0.9949,1508,1511,font_heading,font_heading,CPFE3,2023-11-09,2023-11-09,2024-02-14,0.0165809033733563,0.0670744544380292,-0.0504935510646729
18660,CPFL ENERGIA S.A.,2023Q3,2024Q1,0.7533,1511,2091,font_heading,font_heading,CPFE3,2024-05-09,2024-05-09,2024-08-07,0.0070400979491886,-0.0052614769798875,0.0123015749290762
18660,CPFL ENERGIA S.A.,2024Q1,2024Q2,0.9341,2091,1996,font_heading,font_heading,CPFE3,2024-08-08,2024-08-08,2024-11-05,-0.0012154360376784,0.0155437301532523,-0.0167591661909308
18660,CPFL ENERGIA S.A.,2024Q2,2024Q3,0.503,1996,5917,font_heading,font_heading,CPFE3,2024-11-07,2024-11-07,2025-02-12,0.0287480680061824,-0.040880787343164,0.0696288553493464
18724,BRADESPAR S.A.,2015Q1,2015Q2,0.9959,856,856,font_heading,font_heading,BRAP4,2015-08-12,2015-08-12,2015-11-12,-0.2674180327684239,-0.0310917674921804,-0.2363262652762434
18724,BRADESPAR S.A.,2015Q2,2015Q3,0.9069,856,1007,font_heading,font_heading,BRAP4,2015-11-12,2015-11-12,2016-02-19,-0.4279720281908461,-0.1139027779021993,-0.3140692502886467
18724,BRADESPAR S.A.,2015Q3,2016Q1,0.2967,1007,25551,font_heading,font_heading,BRAP4,2016-05-12,2016-05-12,2016-08-10,0.421621621610917,0.0690903230798936,0.3525312985310234
18724,BRADESPAR S.A.,2016Q1,2016Q2,0.9596,25551,28925,font_heading,font_heading,BRAP4,2016-08-12,2016-08-12,2016-11-14,0.4323809522090378,0.0233119565353496,0.4090689956736881
18724,BRADESPAR S.A.,2016Q2,2016Q3,0.9608,28925,32067,font_heading,font_heading,BRAP4,2016-11-11,2016-11-11,2017-02-13,0.6412587413255095,0.131525318454414,0.5097334228710955
18724,BRADESPAR S.A.,2016Q3,2017Q1,0.8725,32067,35427,font_heading,font_heading,BRAP4,2017-05-12,2017-05-12,2017-08-10,0.3245033113350486,-0.0180271918388719,0.3425305031739205
18724,BRADESPAR S.A.,2017Q1,2017Q2,0.953,35427,40342,font_heading,font_heading,BRAP4,2017-08-11,2017-08-11,2017-11-13,0.0067539045765951,0.0759603192406492,-0.069206414664054
18724,BRADESPAR S.A.,2018Q1,2018Q2,0.9708,38789,43053,font_heading,font_heading,BRAP4,2018-08-13,2018-08-13,2018-11-13,0.2149433432365235,0.0957161263515942,0.1192272168849293
18724,BRADESPAR S.A.,2018Q2,2018Q3,0.9732,43053,44427,font_heading,font_heading,BRAP4,2018-11-13,2018-11-13,2019-02-19,-0.1856601573557337,0.1500933119360257,-0.3357534692917594
18724,BRADESPAR S.A.,2018Q3,2019Q1,0.6286,44427,47988,font_heading,font_heading,BRAP4,2019-05-14,2019-05-14,2019-08-13,-0.0033670035082205,0.1216935939584182,-0.1250605974666387
18724,BRADESPAR S.A.,2019Q3,2020Q1,0.3004,43156,1979,font_heading,font_heading,BRAP4,2020-05-14,2020-05-14,2020-08-12,0.3598145287064691,0.2924535262959589,0.0673610024105102
18724,BRADESPAR S.A.,2020Q1,2020Q2,0.9959,1979,1979,font_heading,font_heading,BRAP4,2020-08-13,2020-08-13,2020-11-13,0.0963716201887152,0.0424285739882102,0.053943046200505
18724,BRADESPAR S.A.,2020Q2,2020Q3,0.9419,1979,2495,font_heading,font_heading,BRAP4,2020-11-12,2020-11-12,2021-02-18,0.3775401072552862,0.1628372537644011,0.214702853490885
18821,MOTIVA INFRAESTRUTURA DE MOBILIDADE S.A.,2015Q1,2015Q2,0.938,6222,9476,font_heading,font_heading,MOTV3,2015-08-10,2015-08-10,2015-11-10,-0.1011863224005582,-0.0637535712114765,-0.0374327511890817
18821,MOTIVA INFRAESTRUTURA DE MOBILIDADE S.A.,2015Q2,2015Q3,0.884,9476,5287,font_heading,font_heading,MOTV3,2015-10-27,2015-10-27,2016-02-02,-0.0195121951219512,-0.1795546410248506,0.1600424459028994
18821,MOTIVA INFRAESTRUTURA DE MOBILIDADE S.A.,2015Q3,2016Q1,0.2412,5287,60426,font_heading,font_heading,MOTV3,2016-05-10,2016-05-10,2016-08-08,0.1302469135802468,0.0860079467263703,0.0442389668538765
18821,MOTIVA INFRAESTRUTURA DE MOBILIDADE S.A.,2016Q1,2016Q2,0.9839,60426,69159,font_heading,font_heading,MOTV3,2016-08-11,2016-08-11,2016-11-11,-0.2122222222222222,0.0151620329275157,-0.2273842551497379
18821,MOTIVA INFRAESTRUTURA DE MOBILIDADE S.A.,2016Q2,2016Q3,0.9942,69159,68458,font_heading,font_heading,MOTV3,2016-11-03,2016-11-03,2017-02-03,-0.0012376237623762,0.0518826102017209,-0.0531202339640971
18821,MOTIVA INFRAESTRUTURA DE MOBILIDADE S.A.,2016Q3,2017Q1,0.2253,68458,4700,font_heading,font_heading,MOTV3,2017-05-11,2017-05-11,2017-08-09,-0.0710743801652892,0.0019757877165349,-0.0730501678818241
18821,MOTIVA INFRAESTRUTURA DE MOBILIDADE S.A.,2017Q1,2017Q2,0.2273,4700,827,font_heading,font_heading,MOTV3,2017-08-14,2017-08-14,2017-11-14,-0.0332344213649853,0.0372254910546525,-0.0704599124196379
18821,MOTIVA INFRAESTRUTURA DE MOBILIDADE S.A.,2017Q2,2017Q3,0.0893,827,166,font_heading,font_heading,MOTV3,2017-10-26,2017-10-26,2018-02-01,-0.1453647833241909,0.1264736709999887,-0.2718384543241796
18821,MOTIVA INFRAESTRUTURA DE MOBILIDADE S.A.,2017Q3,2018Q1,0.248,166,6120,font_heading,font_heading,MOTV3,2018-05-10,2018-05-10,2018-08-09,-0.134003350083752,-0.0826125188094272,-0.0513908312743248
18821,MOTIVA INFRAESTRUTURA DE MOBILIDADE S.A.,2018Q1,2018Q2,0.9926,6120,6532,font_heading,font_heading,MOTV3,2018-08-14,2018-08-14,2018-11-14,-0.001924927815207,0.0937754724396076,-0.0957004002548146
18821,MOTIVA INFRAESTRUTURA DE MOBILIDADE S.A.,2018Q2,2018Q3,0.9959,6532,6813,font_heading,font_heading,MOTV3,2018-10-25,2018-10-25,2019-02-01,0.4453125,0.1638580501694091,0.2814544498305908
18821,MOTIVA INFRAESTRUTURA DE MOBILIDADE S.A.,2018Q3,2019Q1,0.2182,6813,2921,font_heading,font_heading,MOTV3,2019-04-29,2019-04-29,2019-07-30,0.3125541125541125,0.0701237943501122,0.2424303182040001
18821,MOTIVA INFRAESTRUTURA DE MOBILIDADE S.A.,2019Q1,2019Q2,0.8669,2921,3926,font_heading,font_heading,MOTV3,2019-08-08,2019-08-08,2019-11-05,0.0953002610966058,0.0442183273911975,0.0510819337054082
18821,MOTIVA INFRAESTRUTURA DE MOBILIDADE S.A.,2019Q2,2019Q3,0.9786,3926,3840,font_heading,font_heading,MOTV3,2019-10-28,2019-10-28,2020-01-31,0.0799289520426287,0.0515172326460362,0.0284117193965924
18821,MOTIVA INFRAESTRUTURA DE MOBILIDADE S.A.,2019Q3,2020Q1,0.8227,3840,3389,font_heading,font_heading,MOTV3,2020-05-14,2020-05-14,2020-08-12,0.2085514834205932,0.2924535262959589,-0.0839020428753656
18821,MOTIVA INFRAESTRUTURA DE MOBILIDADE S.A.,2020Q1,2020Q2,0.8287,3389,5971,font_heading,font_heading,MOTV3,2020-08-13,2020-08-13,2020-11-13,-0.1391941391941392,0.0424285739882102,-0.1816227131823494
18821,MOTIVA INFRAESTRUTURA DE MOBILIDADE S.A.,2020Q2,2020Q3,0.9982,5971,5980,font_heading,font_heading,MOTV3,2020-11-11,2020-11-11,2021-02-17,0.0032232070910556,0.1483363567745197,-0.1451131496834641
18821,MOTIVA INFRAESTRUTURA DE MOBILIDADE S.A.,2020Q3,2021Q1,0.6867,5980,10418,font_heading,font_heading,MOTV3,2021-05-13,2021-05-13,2021-08-12,-0.1045899172310006,-4.084307056717584e-05,-0.1045490741604334
18821,MOTIVA INFRAESTRUTURA DE MOBILIDADE S.A.,2021Q1,2021Q2,0.9665,10418,12874,font_heading,font_heading,MOTV3,2021-08-12,2021-08-12,2021-11-12,-0.007563025210084,-0.1190250485124478,0.1114620233023638
18821,MOTIVA INFRAESTRUTURA DE MOBILIDADE S.A.,2021Q2,2021Q3,0.9738,12874,14142,font_heading,font_heading,MOTV3,2021-11-19,2021-11-19,2022-02-18,0.0714879467996676,0.095548387334714,-0.0240604405350464
18821,MOTIVA INFRAESTRUTURA DE MOBILIDADE S.A.,2021Q3,2022Q1,0.8898,14142,19374,font_heading,font_heading,MOTV3,2022-05-12,2022-05-12,2022-08-10,0.1464605370219691,0.0430336035509923,0.1034269334709767
18821,MOTIVA INFRAESTRUTURA DE MOBILIDADE S.A.,2022Q1,2022Q2,0.8584,19374,11714,font_heading,font_heading,MOTV3,2022-08-11,2022-08-11,2022-11-11,-0.1715116279069767,0.0231097120489138,-0.1946213399558906
18821,MOTIVA INFRAESTRUTURA DE MOBILIDADE S.A.,2022Q2,2022Q3,0.9928,11714,12364,font_heading,font_heading,MOTV3,2022-11-10,2022-11-10,2023-02-09,-0.0133214920071048,-0.0161002285938952,0.0027787365867903
18821,MOTIVA INFRAESTRUTURA DE MOBILIDADE S.A.,2023Q2,2023Q3,0.8379,10309,12043,font_heading,font_heading,MOTV3,2023-10-31,2023-10-31,2024-02-02,0.0976627712854758,0.1240774671707218,-0.026414695885246
18821,MOTIVA INFRAESTRUTURA DE MOBILIDADE S.A.,2023Q3,2024Q1,0.9675,12043,11227,font_heading,font_heading,MOTV3,2024-05-06,2024-05-06,2024-08-02,0.016,-0.0203291633742831,0.0363291633742831
18821,MOTIVA INFRAESTRUTURA DE MOBILIDADE S.A.,2024Q1,2024Q2,0.997,11227,11550,font_heading,font_heading,MOTV3,2024-07-29,2024-07-29,2024-10-24,-0.0209508460918613,0.0245214284937851,-0.0454722745856465
19445,CIA SANEAMENTO DE MINAS GERAIS-COPASA MG,2018Q3,2019Q1,0.9841,7627,7868,font_heading,font_heading,CSMG3,2019-04-25,2019-04-25,2019-07-26,-0.0228787877272726,0.0649066622421092,-0.0877854499693819
19445,CIA SANEAMENTO DE MINAS GERAIS-COPASA MG,2019Q1,2019Q2,0.7527,7868,11650,font_heading,font_heading,CSMG3,2019-07-26,2019-07-26,2019-10-23,0.033028376487358,0.0459516684189387,-0.0129232919315807
19445,CIA SANEAMENTO DE MINAS GERAIS-COPASA MG,2019Q2,2019Q3,0.9996,11650,11658,font_heading,font_heading,CSMG3,2019-10-31,2019-10-31,2020-02-05,0.028300488660794,0.0821536693782305,-0.0538531807174365
19445,CIA SANEAMENTO DE MINAS GERAIS-COPASA MG,2019Q3,2020Q1,0.1304,11658,1740,font_heading,font_heading,CSMG3,2020-04-30,2020-04-30,2020-07-30,0.1204166668749999,0.3043604635635977,-0.1839437966885977
19445,CIA SANEAMENTO DE MINAS GERAIS-COPASA MG,2020Q1,2020Q2,0.9988,1740,1731,font_heading,font_heading,CSMG3,2020-07-30,2020-07-30,2020-10-29,-0.1825957608436972,-0.0802461129411181,-0.102349647902579
19445,CIA SANEAMENTO DE MINAS GERAIS-COPASA MG,2020Q2,2020Q3,0.9865,1731,1751,font_heading,font_heading,CSMG3,2020-10-30,2020-10-30,2021-02-04,0.1046728969381605,0.2693749175114208,-0.1647020205732603
19445,CIA SANEAMENTO DE MINAS GERAIS-COPASA MG,2020Q3,2021Q1,1.0,1751,1750,font_heading,font_heading,CSMG3,2021-05-04,2021-05-04,2021-08-03,-0.1959885386819484,0.0498212586652166,-0.2458097973471651
19445,CIA SANEAMENTO DE MINAS GERAIS-COPASA MG,2021Q1,2021Q2,0.9406,1750,1962,font_heading,font_heading,CSMG3,2021-08-02,2021-08-02,2021-11-01,0.0078966259870782,-0.1384710242128889,0.1463676501999672
19445,CIA SANEAMENTO DE MINAS GERAIS-COPASA MG,2021Q2,2021Q3,1.0,1962,1962,font_heading,font_heading,CSMG3,2021-11-03,2021-11-03,2022-02-03,-0.0806115357887421,0.0575576555565739,-0.1381691913453161
19445,CIA SANEAMENTO DE MINAS GERAIS-COPASA MG,2021Q3,2022Q1,0.162,1962,8399,font_heading,font_heading,CSMG3,2022-05-03,2022-05-03,2022-08-01,-0.0153225806451612,-0.0403931958228106,0.0250706151776494
19445,CIA SANEAMENTO DE MINAS GERAIS-COPASA MG,2022Q1,2022Q2,0.856,8399,7156,font_heading,font_heading,CSMG3,2022-08-02,2022-08-02,2022-11-01,0.2934782608695652,0.1312571290913367,0.1622211317782285
19445,CIA SANEAMENTO DE MINAS GERAIS-COPASA MG,2022Q2,2022Q3,0.9806,7156,7087,font_heading,font_heading,CSMG3,2022-11-03,2022-11-03,2023-02-02,-0.0333551340745584,-0.0577923897715891,0.0244372556970307
19445,CIA SANEAMENTO DE MINAS GERAIS-COPASA MG,2022Q3,2023Q1,0.8292,7087,4642,font_heading,font_heading,CSMG3,2023-05-02,2023-05-02,2023-07-31,0.1850117096018735,0.1963762282693635,-0.0113645186674899
19445,CIA SANEAMENTO DE MINAS GERAIS-COPASA MG,2023Q1,2023Q2,0.9249,4642,4729,font_heading,font_heading,CSMG3,2023-07-31,2023-07-31,2023-10-30,-0.2154150197628457,-0.0771791865345589,-0.1382358332282868
19445,CIA SANEAMENTO DE MINAS GERAIS-COPASA MG,2023Q2,2023Q3,0.9385,4729,5644,font_heading,font_heading,CSMG3,2023-10-26,2023-10-26,2024-01-30,0.2898376428141913,0.1099956036434521,0.1798420391707391
19445,CIA SANEAMENTO DE MINAS GERAIS-COPASA MG,2023Q3,2024Q1,0.9262,5644,6113,font_heading,font_heading,CSMG3,2024-04-29,2024-04-29,2024-07-29,0.0640655105973024,-0.0031246518011249,0.0671901623984274
19445,CIA SANEAMENTO DE MINAS GERAIS-COPASA MG,2024Q1,2024Q2,0.9713,6113,5665,font_heading,font_heading,CSMG3,2024-07-30,2024-07-30,2024-10-25,0.0194394213381554,0.0297616419192732,-0.0103222205811177
19445,CIA SANEAMENTO DE MINAS GERAIS-COPASA MG,2024Q2,2024Q3,0.9357,5665,7823,font_heading,font_heading,CSMG3,2024-11-04,2024-11-04,2025-02-07,0.003451251078516,-0.0451702830001106,0.0486215340786266
19453,Ecorodovias Infraestrutura e Logística S.A.,2015Q1,2015Q2,0.9101,12645,13830,font_heading,font_heading,ECOR3,2015-08-14,2015-08-14,2015-11-16,-0.0857142857142857,-0.0139244820022392,-0.0717898037120464
19453,Ecorodovias Infraestrutura e Logística S.A.,2015Q2,2015Q3,0.9959,13830,14428,font_heading,font_heading,ECOR3,2015-11-10,2015-11-10,2016-02-17,-0.2694300518134714,-0.0990281252211535,-0.1704019265923179
19453,Ecorodovias Infraestrutura e Logística S.A.,2015Q3,2016Q1,0.9527,14428,19175,font_heading,font_heading,ECOR3,2016-05-12,2016-05-12,2016-08-10,0.0213032581453633,0.0690903230798936,-0.0477870649345302
19453,Ecorodovias Infraestrutura e Logística S.A.,2016Q1,2016Q2,0.896,19175,13527,font_heading,font_heading,ECOR3,2016-08-11,2016-08-11,2016-11-11,-0.0297619047619047,0.0151620329275157,-0.0449239376894204
19453,Ecorodovias Infraestrutura e Logística S.A.,2016Q2,2016Q3,0.9612,13527,14022,font_heading,font_heading,ECOR3,2016-11-10,2016-11-10,2017-02-10,0.0904761904761903,0.0804490648512703,0.01002712562492
19453,Ecorodovias Infraestrutura e Logística S.A.,2016Q3,2017Q1,0.9621,14022,14461,font_heading,font_heading,ECOR3,2017-05-08,2017-05-08,2017-08-04,0.1196581196581196,0.0209373250695448,0.0987207945885748
19453,Ecorodovias Infraestrutura e Logística S.A.,2017Q1,2017Q2,0.4717,14461,31038,font_heading,font_heading,ECOR3,2017-07-27,2017-07-27,2017-10-26,0.1248860528714674,0.1626745742552782,-0.0377885213838107
19453,Ecorodovias Infraestrutura e Logística S.A.,2017Q2,2017Q3,0.9949,31038,31691,font_heading,font_heading,ECOR3,2017-11-09,2017-11-09,2018-02-16,-0.1112076455256297,0.1589713466306159,-0.2701789921562457
19453,Ecorodovias Infraestrutura e Logística S.A.,2017Q3,2018Q1,0.8494,31691,26118,font_heading,font_heading,ECOR3,2018-04-25,2018-04-25,2018-07-26,-0.1445026178010472,-0.0663071367788046,-0.0781954810222426
19453,Ecorodovias Infraestrutura e Logística S.A.,2018Q1,2018Q2,0.9995,26118,26299,font_heading,font_heading,ECOR3,2018-07-26,2018-07-26,2018-10-25,0.0636474908200734,0.0589150553350694,0.004732435485004
19453,Ecorodovias Infraestrutura e Logística S.A.,2018Q2,2018Q3,0.9389,26299,26123,font_heading,font_heading,ECOR3,2018-10-30,2018-10-30,2019-02-06,0.1645702306079666,0.0891960254453809,0.0753742051625856
19453,Ecorodovias Infraestrutura e Logística S.A.,2018Q3,2019Q1,0.9855,26123,30524,font_heading,font_heading,ECOR3,2019-04-29,2019-04-29,2019-07-30,0.4218181818181818,0.0701237943501122,0.3516943874680696
19453,Ecorodovias Infraestrutura e Logística S.A.,2019Q1,2019Q2,0.9963,30524,34215,font_heading,font_heading,ECOR3,2019-07-25,2019-07-25,2019-10-22,0.3036837376460017,0.0460427491802608,0.2576409884657409
19453,Ecorodovias Infraestrutura e Logística S.A.,2019Q2,2019Q3,0.9944,34215,34092,font_heading,font_heading,ECOR3,2019-10-29,2019-10-29,2020-02-03,0.2987012987012987,0.0657599787274199,0.2329413199738788
19453,Ecorodovias Infraestrutura e Logística S.A.,2021Q1,2021Q2,0.5536,6815,4652,font_heading,font_heading,ECOR3,2021-08-03,2021-08-03,2021-11-03,-0.1781716417910448,-0.1453324157914737,-0.0328392259995711
19453,Ecorodovias Infraestrutura e Logística S.A.,2021Q2,2021Q3,0.9913,4652,4655,font_heading,font_heading,ECOR3,2021-10-25,2021-10-25,2022-01-26,-0.140893470790378,0.0236824785642766,-0.1645759493546547
19453,Ecorodovias Infraestrutura e Logística S.A.,2021Q3,2022Q1,0.757,4655,6710,font_heading,font_heading,ECOR3,2022-05-05,2022-05-05,2022-08-03,-0.0862619808306709,-0.0145246832058629,-0.0717372976248079
19453,Ecorodovias Infraestrutura e Logística S.A.,2022Q1,2022Q2,0.8897,6710,9370,font_heading,font_heading,ECOR3,2022-07-28,2022-07-28,2022-10-27,-0.0394265232974909,0.1173927104449599,-0.1568192337424508
19453,Ecorodovias Infraestrutura e Logística S.A.,2022Q2,2022Q3,0.1726,9370,326,font_heading,font_heading,ECOR3,2022-11-07,2022-11-07,2023-02-06,-0.2513562386980109,-0.0574014412739807,-0.1939547974240302
19453,Ecorodovias Infraestrutura e Logística S.A.,2024Q1,2024Q2,0.7204,3653,8281,font_heading,font_heading,ECOR3,2024-07-31,2024-07-31,2024-10-28,0.008462623413258,0.0278943949169228,-0.0194317715036647
19453,Ecorodovias Infraestrutura e Logística S.A.,2024Q2,2024Q3,0.9942,8281,8474,font_heading,font_heading,ECOR3,2024-11-07,2024-11-07,2025-02-12,-0.2883787661406025,-0.040880787343164,-0.2474979787974385
19550,NATURA COSMETICOS S.A.,2015Q2,2015Q3,0.9969,9227,9285,font_heading,font_heading,NATU3,2015-10-22,2015-10-22,2016-01-28,-0.0184684684684685,-0.191365720689925,0.1728972522214565
19550,NATURA COSMETICOS S.A.,2016Q2,2016Q3,0.9994,10655,10663,font_heading,font_heading,NATU3,2016-10-26,2016-10-26,2017-01-27,-0.1909374999999999,0.034598764228009,-0.225536264228009
19550,NATURA COSMETICOS S.A.,2016Q3,2017Q1,0.9788,10663,10630,font_heading,font_heading,NATU3,2017-04-26,2017-04-26,2017-07-26,-0.2757294004488618,0.0022917915473361,-0.278021191996198
19550,NATURA COSMETICOS S.A.,2020Q1,2020Q2,0.8837,6165,6071,font_heading,font_heading,NATU3,2020-08-27,2020-08-27,2020-11-27,0.0440788137314644,0.0989019474556665,-0.054823133724202
19550,NATURA COSMETICOS S.A.,2020Q2,2020Q3,0.1604,6071,107,font_heading,font_heading,NATU3,2020-11-13,2020-11-13,2021-02-19,0.0297864001567704,0.1308932135252045,-0.101106813368434
19550,NATURA COSMETICOS S.A.,2020Q3,2021Q1,1.0,107,179,font_heading,font_heading,NATU3,2021-05-12,2021-05-12,2021-08-11,0.1173490924440692,0.0195999449670174,0.0977491474770517
19550,NATURA COSMETICOS S.A.,2021Q1,2022Q1,1.0,179,167,font_heading,font_heading,NATU3,2022-05-19,2022-05-19,2022-08-17,-0.1685066821615339,0.0626375049740564,-0.2311441871355903
19550,NATURA COSMETICOS S.A.,2022Q1,2022Q2,1.0,167,106,font_heading,font_heading,NATU3,2022-08-11,2022-08-11,2022-11-11,-0.1914626490897676,0.0231097120489138,-0.2145723611386815
19550,NATURA COSMETICOS S.A.,2022Q2,2023Q1,1.0,106,106,font_heading,font_heading,NATU3,2023-05-15,2023-05-15,2023-08-11,0.3320783132530123,0.0828771249368975,0.2492011883161147
19550,NATURA COSMETICOS S.A.,2023Q1,2023Q2,1.0,106,167,font_heading,font_heading,NATU3,2023-08-15,2023-08-15,2023-11-16,-0.1741293532338308,0.0728907333662618,-0.2470200866000926
19550,NATURA COSMETICOS S.A.,2023Q2,2023Q3,1.0,167,167,font_heading,font_heading,NATU3,2023-11-13,2023-11-13,2024-02-16,0.1741007194244603,0.0690615252847828,0.1050391941396775
19550,NATURA COSMETICOS S.A.,2023Q3,2024Q1,1.0,167,167,font_heading,font_heading,NATU3,2024-05-14,2024-05-14,2024-08-12,0.0393401015228425,0.0202342145682203,0.0191058869546221
19550,NATURA COSMETICOS S.A.,2024Q1,2024Q2,1.0,167,167,font_heading,font_heading,NATU3,2024-08-12,2024-08-12,2024-11-07,-0.1379731379731379,-0.0109384140291146,-0.1270347239440232
19550,NATURA COSMETICOS S.A.,2024Q2,2024Q3,1.0,167,167,font_heading,font_heading,NATU3,2024-11-08,2024-11-08,2025-02-13,-0.1018582243633859,-0.0233092753020032,-0.0785489490613827
19739,LOCALIZA RENT A CAR S.A.,2015Q1,2015Q2,0.3029,5711,487,font_heading,font_heading,RENT3,2015-07-23,2015-07-23,2015-10-22,-0.133969600563283,-0.0408477746838121,-0.0931218258794708
19739,LOCALIZA RENT A CAR S.A.,2015Q2,2015Q3,0.7393,487,784,font_heading,font_heading,RENT3,2015-10-22,2015-10-22,2016-01-28,-0.155102040801362,-0.191365720689925,0.036263679888563
19739,LOCALIZA RENT A CAR S.A.,2015Q3,2016Q1,0.1664,784,261,font_heading,font_heading,RENT3,2016-04-25,2016-04-25,2016-07-22,0.2626098277236321,0.0991168629032865,0.1634929648203456
19739,LOCALIZA RENT A CAR S.A.,2016Q1,2016Q2,0.2045,261,739,font_heading,font_heading,RENT3,2016-07-21,2016-07-21,2016-10-20,0.1585531683146286,0.1270510362633468,0.0315021320512818
19739,LOCALIZA RENT A CAR S.A.,2016Q2,2016Q3,0.6593,739,951,font_heading,font_heading,RENT3,2016-10-20,2016-10-20,2017-01-20,-0.134976525530328,0.0107041512206316,-0.1456806767509596
19739,LOCALIZA RENT A CAR S.A.,2016Q3,2017Q1,0.0982,951,50,font_heading,font_heading,RENT3,2017-04-26,2017-04-26,2017-07-26,0.2335948154864591,0.0022917915473361,0.2313030239391229
19739,LOCALIZA RENT A CAR S.A.,2017Q1,2017Q2,0.0783,50,831,font_heading,font_heading,RENT3,2017-07-20,2017-07-20,2017-10-19,0.202190225337731,0.1747072054244955,0.0274830199132354
19739,LOCALIZA RENT A CAR S.A.,2017Q2,2017Q3,0.9975,831,905,font_heading,font_heading,RENT3,2017-11-06,2017-11-06,2018-02-09,0.2538488456838557,0.0886534781826435,0.1651953675012121
19739,LOCALIZA RENT A CAR S.A.,2017Q3,2018Q1,0.385,905,1194,font_heading,font_heading,RENT3,2018-04-26,2018-04-26,2018-07-27,-0.1589291764811795,-0.0754440678280035,-0.083485108653176
19739,LOCALIZA RENT A CAR S.A.,2018Q1,2018Q2,0.9226,1194,712,font_heading,font_heading,RENT3,2018-07-26,2018-07-26,2018-10-25,0.0224144709438138,0.0589150553350694,-0.0365005843912555
19739,LOCALIZA RENT A CAR S.A.,2018Q2,2018Q3,0.9959,712,942,font_heading,font_heading,RENT3,2018-10-24,2018-10-24,2019-01-31,0.3188118810427589,0.1725206576746771,0.1462912233680817
19739,LOCALIZA RENT A CAR S.A.,2018Q3,2019Q1,0.332,942,245,font_heading,font_heading,RENT3,2019-04-25,2019-04-25,2019-07-26,0.2603498541641069,0.0649066622421092,0.1954431919219976
19739,LOCALIZA RENT A CAR S.A.,2019Q1,2019Q2,0.3358,245,1029,font_heading,font_heading,RENT3,2019-08-01,2019-08-01,2019-10-29,-0.0768716575950687,0.0531735828031871,-0.1300452403982559
19739,LOCALIZA RENT A CAR S.A.,2019Q2,2019Q3,0.9956,1029,1371,font_heading,font_heading,RENT3,2019-10-23,2019-10-23,2020-01-28,0.2515772872463304,0.083086301741805,0.1684909855045253
19739,LOCALIZA RENT A CAR S.A.,2019Q3,2020Q1,0.5619,1371,11197,font_heading,font_heading,RENT3,2020-05-14,2020-05-14,2020-08-12,0.7224308639038743,0.2924535262959589,0.4299773376079154
19739,LOCALIZA RENT A CAR S.A.,2020Q1,2020Q2,0.9886,11197,11897,font_heading,font_heading,RENT3,2020-07-29,2020-07-29,2020-10-28,0.3878411360358467,-0.096931211720635,0.4847723477564817
19739,LOCALIZA RENT A CAR S.A.,2020Q2,2020Q3,0.9832,11897,12064,font_heading,font_heading,RENT3,2020-10-27,2020-10-27,2021-02-01,-0.0096019823887101,0.1798296560612995,-0.1894316384500096
19739,LOCALIZA RENT A CAR S.A.,2020Q3,2021Q1,0.0284,12064,233,font_heading,font_heading,RENT3,2021-05-03,2021-05-03,2021-08-02,-0.0458586803336823,0.0277348747767376,-0.0735935551104199
19739,LOCALIZA RENT A CAR S.A.,2021Q1,2021Q2,0.0183,233,4804,font_heading,font_heading,RENT3,2021-07-29,2021-07-29,2021-10-28,-0.315099120513673,-0.1589044564275263,-0.1561946640861466
19739,LOCALIZA RENT A CAR S.A.,2021Q2,2021Q3,0.9983,4804,4814,font_heading,font_heading,RENT3,2021-11-09,2021-11-09,2022-02-09,0.1439516130131066,0.0656304046010103,0.0783212084120963
19739,LOCALIZA RENT A CAR S.A.,2021Q3,2022Q1,0.7865,4814,3467,font_heading,font_heading,RENT3,2022-05-02,2022-05-02,2022-07-29,0.1192927920458835,-0.032576840814924,0.1518696328608075
19739,LOCALIZA RENT A CAR S.A.,2022Q1,2022Q2,0.7679,3467,4708,font_heading,font_heading,RENT3,2022-08-11,2022-08-11,2022-11-11,0.0229418318380045,0.0231097120489138,-0.0001678802109092
19739,LOCALIZA RENT A CAR S.A.,2022Q2,2022Q3,0.861,4708,6540,font_heading,font_heading,RENT3,2022-12-16,2022-12-16,2023-03-20,0.068565205219242,-0.0187914719359257,0.0873566771551678
19739,LOCALIZA RENT A CAR S.A.,2022Q3,2023Q1,0.8388,6540,3773,font_heading,font_heading,RENT3,2023-05-15,2023-05-15,2023-08-11,0.0873326803304015,0.0828771249368975,0.0044555553935039
19739,LOCALIZA RENT A CAR S.A.,2023Q1,2023Q2,0.9712,3773,4746,font_heading,font_heading,RENT3,2023-08-14,2023-08-14,2023-11-14,-0.0808801718879125,0.0544151569798871,-0.1352953288677997
19739,LOCALIZA RENT A CAR S.A.,2023Q2,2023Q3,0.9755,4746,5975,font_heading,font_heading,RENT3,2023-11-13,2023-11-13,2024-02-16,-0.0612345259952522,0.0690615252847828,-0.130296051280035
19739,LOCALIZA RENT A CAR S.A.,2023Q3,2024Q1,0.8287,5975,5978,font_heading,font_heading,RENT3,2024-05-10,2024-05-10,2024-08-08,0.0334509765262944,0.0083175045182362,0.0251334720080582
19739,LOCALIZA RENT A CAR S.A.,2024Q1,2024Q2,0.892,5978,8700,font_heading,font_heading,RENT3,2024-08-13,2024-08-13,2024-11-08,-0.1496881496881497,-0.0345033235781484,-0.1151848261100012
19739,LOCALIZA RENT A CAR S.A.,2024Q2,2024Q3,0.9862,8700,8466,font_heading,font_heading,RENT3,2024-11-11,2024-11-11,2025-02-14,-0.2574583039699318,0.0026971144183673,-0.2601554183882992
19836,COSAN S.A.,2015Q1,2015Q2,0.1318,4420,1633,font_heading,font_heading,CSAN3,2015-08-12,2015-08-12,2015-11-12,0.2926829268292683,-0.0310917674921804,0.3237746943214488
19836,COSAN S.A.,2015Q2,2015Q3,0.9916,1633,1624,font_heading,font_heading,CSAN3,2015-11-11,2015-11-11,2016-02-18,-0.0524271844660194,-0.1187162182691559,0.0662890338031364
19836,COSAN S.A.,2015Q3,2016Q1,0.0306,1624,2547,font_heading,font_heading,CSAN3,2016-05-12,2016-05-12,2016-08-10,0.0200119474313023,0.0690903230798936,-0.0490783756485913
19836,COSAN S.A.,2016Q1,2016Q2,0.9213,2547,2852,font_heading,font_heading,CSAN3,2016-08-10,2016-08-10,2016-11-10,0.1918008784773062,0.0752142752484286,0.1165866032288776
19836,COSAN S.A.,2016Q2,2016Q3,0.9224,2852,2554,font_heading,font_heading,CSAN3,2016-11-09,2016-11-09,2017-02-09,-0.0161137440758293,0.0269786069078399,-0.0430923509836692
19836,COSAN S.A.,2016Q3,2017Q1,0.9173,2554,2256,font_heading,font_heading,CSAN3,2017-05-10,2017-05-10,2017-08-08,-0.0292164674634795,0.0081545983925994,-0.0373710658560789
19836,COSAN S.A.,2017Q1,2017Q2,0.9423,2256,2121,font_heading,font_heading,CSAN3,2017-08-09,2017-08-09,2017-11-09,0.0256977065487704,0.0777234758846692,-0.0520257693358987
19836,COSAN S.A.,2017Q2,2017Q3,0.9415,2121,2213,font_heading,font_heading,CSAN3,2017-11-10,2017-11-10,2018-02-19,0.2313844456701599,0.1749734361117008,0.0564110095584591
19836,COSAN S.A.,2017Q3,2018Q1,0.9216,2213,2337,font_heading,font_heading,CSAN3,2018-05-15,2018-05-15,2018-08-14,-0.0693928128872367,-0.0766859836941953,0.0072931708069585
19836,COSAN S.A.,2018Q1,2018Q2,0.9125,2337,2215,font_heading,font_heading,CSAN3,2018-08-08,2018-08-08,2018-11-08,-0.1506329113924051,0.0817219339571988,-0.2323548453496039
19836,COSAN S.A.,2018Q2,2018Q3,0.9529,2215,2229,font_heading,font_heading,CSAN3,2018-11-07,2018-11-07,2019-02-13,0.217926689576174,0.0926649972324937,0.1252616923436802
19836,COSAN S.A.,2018Q3,2019Q1,0.0525,2229,3717,font_heading,font_heading,CSAN3,2019-05-13,2019-05-13,2019-08-12,0.1712744436952122,0.1110764670726707,0.0601979766225415
19836,COSAN S.A.,2019Q1,2019Q2,0.9919,3717,3792,font_heading,font_heading,CSAN3,2019-08-12,2019-08-12,2019-11-07,0.1487238533870658,0.075213510840385,0.0735103425466807
19836,COSAN S.A.,2019Q2,2019Q3,0.9631,3792,3725,font_heading,font_heading,CSAN3,2019-11-12,2019-11-12,2020-02-17,0.4072916666666666,0.0801677921820009,0.3271238744846656
19836,COSAN S.A.,2019Q3,2020Q1,0.0325,3725,2403,font_heading,font_heading,CSAN3,2020-05-29,2020-05-29,2020-08-27,0.2592255125284739,0.1512656547134359,0.107959857815038
19836,COSAN S.A.,2020Q1,2020Q2,0.9181,2403,2542,font_heading,font_heading,CSAN3,2020-08-10,2020-08-10,2020-11-10,-0.1231317544263049,0.0156843524788654,-0.1388161069051704
19836,COSAN S.A.,2020Q2,2020Q3,0.9026,2542,2710,font_heading,font_heading,CSAN3,2020-11-13,2020-11-13,2021-02-19,0.1191993880673127,0.1308932135252045,-0.0116938254578917
19836,COSAN S.A.,2021Q2,2021Q3,0.965,8854,9589,font_heading,font_heading,CSAN3,2021-11-12,2021-11-12,2022-02-14,0.0549502605400284,0.07114010179571,-0.0161898412556815
19836,COSAN S.A.,2021Q3,2022Q1,0.9557,9589,9561,font_heading,font_heading,CSAN3,2022-05-13,2022-05-13,2022-08-11,0.0667016806722688,0.0261284210924039,0.0405732595798649
19836,COSAN S.A.,2022Q1,2022Q3,0.902,9561,11118,font_heading,font_heading,CSAN3,2023-02-28,2023-02-28,2023-05-31,0.0013351134846462,0.0324318822688196,-0.0310967687841734
19836,COSAN S.A.,2022Q3,2023Q1,0.1122,11118,269,font_heading,font_heading,CSAN3,2023-05-16,2023-05-16,2023-08-14,0.1880503144654088,0.0796337641902928,0.1084165502751159
19836,COSAN S.A.,2023Q1,2023Q2,0.1751,269,8451,font_heading,font_heading,CSAN3,2023-08-15,2023-08-15,2023-11-16,-0.0092190889370933,0.0728907333662618,-0.0821098223033551
19836,COSAN S.A.,2023Q2,2023Q3,0.9816,8451,10499,font_heading,font_heading,CSAN3,2023-11-13,2023-11-13,2024-02-16,0.0628507295173963,0.0690615252847828,-0.0062107957673864
19836,COSAN S.A.,2023Q3,2024Q1,0.9499,10499,12123,font_heading,font_heading,CSAN3,2024-05-28,2024-05-28,2024-08-26,0.0115273775216138,0.105907406022029,-0.0943800285004152
19836,COSAN S.A.,2024Q1,2024Q2,0.9878,12123,12634,font_heading,font_heading,CSAN3,2024-08-14,2024-08-14,2024-11-11,-0.1391561806069577,-0.0408345000954862,-0.0983216805114715
19836,COSAN S.A.,2024Q2,2024Q3,0.9923,12634,12035,font_heading,font_heading,CSAN3,2024-11-13,2024-11-13,2025-02-18,-0.3202099737532808,0.0062460327675006,-0.3264560065207815
19879,Light S.A. - Em Recuperação Judicial,2017Q2,2017Q3,0.4815,1555,473,font_heading,font_heading,LIGT3,2017-11-14,2017-11-14,2018-02-21,-0.0935334872979215,0.2149648881867674,-0.3084983754846889
19879,Light S.A. - Em Recuperação Judicial,2018Q3,2019Q1,0.5564,512,20075,font_heading,font_heading,LIGT3,2019-05-15,2019-05-15,2019-08-14,-0.0610104861773117,0.0942396399873219,-0.1552501261646337
19879,Light S.A. - Em Recuperação Judicial,2019Q1,2019Q2,0.6941,20075,321,font_heading,font_heading,LIGT3,2019-08-15,2019-08-15,2019-11-12,0.0067079463364294,0.0776744398750173,-0.0709664935385878
19879,Light S.A. - Em Recuperação Judicial,2019Q2,2019Q3,0.7108,321,21982,font_heading,font_heading,LIGT3,2019-11-13,2019-11-13,2020-02-18,0.1460446247464504,0.084077880445031,0.0619667443014193
19879,Light S.A. - Em Recuperação Judicial,2019Q3,2020Q1,0.9757,21982,9124,font_heading,font_heading,LIGT3,2020-05-07,2020-05-07,2020-08-05,0.8421052631578947,0.3159713497059662,0.5261339134519285
19879,Light S.A. - Em Recuperação Judicial,2020Q1,2020Q2,0.9993,9124,9242,font_heading,font_heading,LIGT3,2020-08-13,2020-08-13,2020-11-13,0.4326196473551635,0.0424285739882102,0.3901910733669533
19879,Light S.A. - Em Recuperação Judicial,2020Q2,2020Q3,0.6099,9242,836,font_heading,font_heading,LIGT3,2020-11-12,2020-11-12,2021-02-18,-0.0628152223750572,0.1628372537644011,-0.2256524761394583
19879,Light S.A. - Em Recuperação Judicial,2020Q3,2021Q1,0.7077,836,413,font_heading,font_heading,LIGT3,2021-05-13,2021-05-13,2021-08-12,-0.1253749250149971,-4.084307056717584e-05,-0.1253340819444299
19879,Light S.A. - Em Recuperação Judicial,2021Q1,2021Q2,0.0107,413,82,font_heading,font_heading,LIGT3,2021-08-12,2021-08-12,2021-11-12,-0.1961591220850479,-0.1190250485124478,-0.0771340735726
19879,Light S.A. - Em Recuperação Judicial,2021Q2,2021Q3,0.6187,82,67,font_heading,font_heading,LIGT3,2021-11-24,2021-11-24,2022-02-23,-0.152027027027027,0.0716976326372524,-0.2237246596642795
19879,Light S.A. - Em Recuperação Judicial,2021Q3,2022Q1,0.1333,67,328,font_heading,font_heading,LIGT3,2022-05-12,2022-05-12,2022-08-10,-0.234256926952141,0.0430336035509923,-0.2772905305031334
19879,Light S.A. - Em Recuperação Judicial,2022Q1,2022Q2,0.1784,328,130,font_heading,font_heading,LIGT3,2022-08-11,2022-08-11,2022-11-11,-0.0293609671848014,0.0231097120489138,-0.0524706792337152
19879,Light S.A. - Em Recuperação Judicial,2022Q2,2022Q3,1.0,130,132,font_heading,font_heading,LIGT3,2022-11-11,2022-11-11,2023-02-10,-0.5516014234875445,-0.0371945674027596,-0.5144068560847849
19879,Light S.A. - Em Recuperação Judicial,2023Q3,2024Q1,0.884,14225,5515,font_heading,font_heading,LIGT3,2024-05-15,2024-05-15,2024-08-13,-0.1067961165048545,0.034136235791051,-0.1409323522959056
19879,Light S.A. - Em Recuperação Judicial,2024Q1,2024Q2,0.9091,5515,5295,font_heading,font_heading,LIGT3,2024-08-14,2024-08-14,2024-11-11,0.0103092783505156,-0.0408345000954862,0.0511437784460019
19879,Light S.A. - Em Recuperação Judicial,2024Q2,2024Q3,0.9978,5295,5169,font_heading,font_heading,LIGT3,2024-11-13,2024-11-13,2025-02-18,-0.1279826464208244,0.0062460327675006,-0.1342286791883251
19909,BR Malls Participações S.A.,2016Q1,2016Q2,0.1512,47,397,font_heading,font_heading,BRML3,2016-08-11,2016-08-11,2016-11-11,-0.2292118585345736,0.0151620329275157,-0.2443738914620893
19909,BR Malls Participações S.A.,2016Q2,2016Q3,0.0569,397,168,font_heading,font_heading,BRML3,2016-11-14,2016-11-14,2017-02-14,0.4208530807849733,0.1182655111364112,0.302587569648562
19909,BR Malls Participações S.A.,2020Q1,2020Q2,0.9173,1642,1829,font_heading,font_heading,BRML3,2020-08-13,2020-08-13,2020-11-13,-0.0174002047082907,0.0424285739882102,-0.0598287786965009
19909,BR Malls Participações S.A.,2020Q2,2020Q3,0.5892,1829,1527,font_heading,font_heading,BRML3,2020-11-12,2020-11-12,2021-02-18,-0.034375,0.1628372537644011,-0.1972122537644012
19992,TOTVS S.A.,2015Q1,2015Q2,0.9819,3005,3010,font_heading,font_heading,TOTS3,2015-08-05,2015-08-05,2015-11-05,0.0443307757885762,-0.0445542181947835,0.0888849939833598
19992,TOTVS S.A.,2015Q2,2015Q3,0.9414,3010,3301,font_heading,font_heading,TOTS3,2015-10-28,2015-10-28,2016-02-03,-0.0812688815955494,-0.153014547232239,0.0717456656366896
19992,TOTVS S.A.,2015Q3,2016Q1,0.7105,3301,2636,font_heading,font_heading,TOTS3,2016-05-04,2016-05-04,2016-08-02,0.1306009030520807,0.0686848274497267,0.061916075602354
19992,TOTVS S.A.,2016Q1,2016Q2,0.979,2636,2658,font_heading,font_heading,TOTS3,2016-08-03,2016-08-03,2016-11-03,-0.1377171218245293,0.0818765416698275,-0.2195936634943568
19992,TOTVS S.A.,2016Q2,2016Q3,0.946,2658,2792,font_heading,font_heading,TOTS3,2016-11-03,2016-11-03,2017-02-03,-0.0460431655019409,0.0518826102017209,-0.0979257757036619
19992,TOTVS S.A.,2016Q3,2017Q1,0.7679,2792,2956,font_heading,font_heading,TOTS3,2017-05-03,2017-05-03,2017-08-01,0.0545774647163879,0.0063916755858115,0.0481857891305763
19992,TOTVS S.A.,2017Q1,2017Q2,0.9489,2956,3005,font_heading,font_heading,TOTS3,2017-08-02,2017-08-02,2017-11-01,0.1194029850746267,0.0996149755146234,0.0197880095600033
19992,TOTVS S.A.,2017Q2,2017Q3,0.8201,3005,4235,font_heading,font_heading,TOTS3,2017-11-08,2017-11-08,2018-02-15,-0.1266006985234576,0.133499356468723,-0.2601000549921807
19992,TOTVS S.A.,2017Q3,2018Q1,0.8359,4235,4609,font_heading,font_heading,TOTS3,2018-05-09,2018-05-09,2018-08-08,-0.0885245904299918,-0.0606866464551503,-0.0278379439748415
19992,TOTVS S.A.,2018Q1,2018Q2,0.9838,4609,4652,font_heading,font_heading,TOTS3,2018-08-01,2018-08-01,2018-10-31,-0.1563025210031493,0.1024177933246031,-0.2587203143277524
19992,TOTVS S.A.,2018Q2,2018Q3,0.9813,4652,4706,font_heading,font_heading,TOTS3,2018-11-13,2018-11-13,2019-02-19,0.4126315784668364,0.1500933119360257,0.2625382665308107
19992,TOTVS S.A.,2018Q3,2019Q1,0.8958,4706,5927,font_heading,font_heading,TOTS3,2019-05-08,2019-05-08,2019-08-07,0.2554430376568499,0.0751678328342395,0.1802752048226104
19992,TOTVS S.A.,2019Q1,2019Q2,0.9582,5927,5881,font_heading,font_heading,TOTS3,2019-08-07,2019-08-07,2019-11-04,0.2488404918330309,0.0583455922414732,0.1904948995915576
19992,TOTVS S.A.,2019Q2,2019Q3,0.9566,5881,5774,font_heading,font_heading,TOTS3,2019-11-06,2019-11-06,2020-02-11,0.2225292585789127,0.0646953401710221,0.1578339184078905
19992,TOTVS S.A.,2022Q1,2022Q2,0.9909,2134,2098,font_heading,font_heading,TOTS3,2022-08-03,2022-08-03,2022-11-03,0.1899153478100845,0.126443945671526,0.0634714021385585
19992,TOTVS S.A.,2022Q2,2023Q1,0.8918,2098,1929,font_heading,font_heading,TOTS3,2023-05-08,2023-05-08,2023-08-04,0.0720555961960496,0.1269828082512472,-0.0549272120551975
20010,EQUATORIAL S.A.,2015Q1,2015Q2,0.8903,8435,9816,font_heading,font_heading,EQTL3,2015-08-13,2015-08-13,2015-11-13,0.1208955224953987,-0.0310881767947515,0.1519836992901502
20010,EQUATORIAL S.A.,2015Q2,2015Q3,0.9433,9816,9272,font_heading,font_heading,EQTL3,2015-11-03,2015-11-03,2016-02-10,0.0317505719747877,-0.15976074251977,0.1915113144945577
20010,EQUATORIAL S.A.,2015Q3,2016Q1,0.8479,9272,7818,font_heading,font_heading,EQTL3,2016-05-12,2016-05-12,2016-08-10,0.1661166113512922,0.0690903230798936,0.0970262882713985
20010,EQUATORIAL S.A.,2023Q1,2023Q2,0.3454,215,12128,font_heading,font_heading,EQTL3,2023-08-11,2023-08-11,2023-11-13,0.0311728395674708,0.0198621710015336,0.0113106685659372
20087,EMBRAER S.A.,2016Q1,2018Q1,0.9383,8724,8208,font_heading,font_heading,EMBJ3,2018-04-27,2018-04-27,2018-07-30,-0.1505757307351638,-0.0713643850296826,-0.0792113457054811
20087,EMBRAER S.A.,2018Q1,2018Q2,0.9901,8208,8416,font_heading,font_heading,EMBJ3,2018-07-31,2018-07-31,2018-10-30,0.055064935064935,0.0967588789911897,-0.0416939439262546
20087,EMBRAER S.A.,2018Q2,2018Q3,0.9462,8416,7094,font_heading,font_heading,EMBJ3,2018-10-30,2018-10-30,2019-02-06,-0.0649926144756277,0.0891960254453809,-0.1541886399210087
20257,TRANSMISSORA ALIANÇA DE ENERGIA ELÉTRICA S.A.,2015Q1,2015Q2,1.0,47,47,font_heading,font_heading,TAEE11,2015-08-19,2015-08-19,2015-11-19,-0.0296220633299284,0.0332808238275672,-0.0629028871574957
20257,TRANSMISSORA ALIANÇA DE ENERGIA ELÉTRICA S.A.,2015Q2,2015Q3,1.0,47,47,font_heading,font_heading,TAEE11,2015-11-05,2015-11-05,2016-02-12,-0.1316046966731898,-0.1714727486307089,0.039868051957519
20257,TRANSMISSORA ALIANÇA DE ENERGIA ELÉTRICA S.A.,2015Q3,2016Q1,0.0952,47,16362,font_heading,font_heading,TAEE11,2016-05-04,2016-05-04,2016-08-02,0.1992918563480021,0.0686848274497267,0.1306070288982754
20257,TRANSMISSORA ALIANÇA DE ENERGIA ELÉTRICA S.A.,2016Q1,2016Q2,0.9709,16362,14755,font_heading,font_heading,TAEE11,2016-08-08,2016-08-08,2016-11-08,-0.1098807495741056,0.1131638993584327,-0.2230446489325384
20257,TRANSMISSORA ALIANÇA DE ENERGIA ELÉTRICA S.A.,2016Q2,2016Q3,0.8345,14755,11824,font_heading,font_heading,TAEE11,2016-11-08,2016-11-08,2017-02-08,0.0181818181818183,0.0105633495475523,0.0076184686342659
20257,TRANSMISSORA ALIANÇA DE ENERGIA ELÉTRICA S.A.,2016Q3,2017Q1,0.1077,11824,233,font_heading,font_heading,TAEE11,2017-05-05,2017-05-05,2017-08-03,0.04,0.0162441696229769,0.0237558303770231
20257,TRANSMISSORA ALIANÇA DE ENERGIA ELÉTRICA S.A.,2017Q1,2017Q2,1.0,233,233,font_heading,font_heading,TAEE11,2017-08-09,2017-08-09,2017-11-09,-0.149748322147651,0.0777234758846692,-0.2274717980323202
20257,TRANSMISSORA ALIANÇA DE ENERGIA ELÉTRICA S.A.,2017Q2,2017Q3,1.0,233,233,font_heading,font_heading,TAEE11,2017-11-08,2017-11-08,2018-02-15,0.0177865612648222,0.133499356468723,-0.1157127952039007
20257,TRANSMISSORA ALIANÇA DE ENERGIA ELÉTRICA S.A.,2017Q3,2018Q1,0.1152,233,8988,font_heading,font_heading,TAEE11,2018-05-09,2018-05-09,2018-08-08,0.0084577114427859,-0.0606866464551503,0.0691443578979362
20257,TRANSMISSORA ALIANÇA DE ENERGIA ELÉTRICA S.A.,2018Q1,2018Q2,0.9486,8988,9857,font_heading,font_heading,TAEE11,2018-08-06,2018-08-06,2018-11-06,0.1313976377952754,0.0939924560855445,0.0374051817097309
20257,TRANSMISSORA ALIANÇA DE ENERGIA ELÉTRICA S.A.,2018Q2,2018Q3,0.9588,9857,11358,font_heading,font_heading,TAEE11,2018-11-06,2018-11-06,2019-02-12,0.1004784688995217,0.0845784520664061,0.0159000168331155
20257,TRANSMISSORA ALIANÇA DE ENERGIA ELÉTRICA S.A.,2018Q3,2019Q1,0.796,11358,7560,font_heading,font_heading,TAEE11,2019-05-14,2019-05-14,2019-08-13,0.1198443579766537,0.1216935939584182,-0.0018492359817645
20257,TRANSMISSORA ALIANÇA DE ENERGIA ELÉTRICA S.A.,2019Q1,2019Q2,0.9659,7560,9565,font_heading,font_heading,TAEE11,2019-08-06,2019-08-06,2019-11-01,-0.0045154567558179,0.0590415186607378,-0.0635569754165558
20257,TRANSMISSORA ALIANÇA DE ENERGIA ELÉTRICA S.A.,2019Q2,2019Q3,0.9924,9565,10122,font_heading,font_heading,TAEE11,2019-11-13,2019-11-13,2020-02-18,0.1091872791519434,0.084077880445031,0.0251093987069124
20257,TRANSMISSORA ALIANÇA DE ENERGIA ELÉTRICA S.A.,2019Q3,2020Q1,0.747,10122,2839,font_heading,font_heading,TAEE11,2020-05-14,2020-05-14,2020-08-12,0.0492592592592591,0.2924535262959589,-0.2431942670366997
20257,TRANSMISSORA ALIANÇA DE ENERGIA ELÉTRICA S.A.,2020Q1,2020Q2,0.9964,2839,2925,font_heading,font_heading,TAEE11,2020-08-12,2020-08-12,2020-11-12,0.1143663960465937,0.0038113825405561,0.1105550135060375
20257,TRANSMISSORA ALIANÇA DE ENERGIA ELÉTRICA S.A.,2020Q2,2020Q3,0.8124,2925,7627,font_heading,font_heading,TAEE11,2020-11-11,2020-11-11,2021-02-17,0.055519268451992,0.1483363567745197,-0.0928170883225276
20257,TRANSMISSORA ALIANÇA DE ENERGIA ELÉTRICA S.A.,2020Q3,2021Q1,0.994,7627,7156,font_heading,font_heading,TAEE11,2021-05-05,2021-05-05,2021-08-04,-0.0192067847343477,0.0187076525428464,-0.0379144372771942
20257,TRANSMISSORA ALIANÇA DE ENERGIA ELÉTRICA S.A.,2021Q1,2021Q2,0.9892,7156,8196,font_heading,font_heading,TAEE11,2021-08-11,2021-08-11,2021-11-11,-0.0733063700707786,-0.1184835625908494,0.0451771925200708
20257,TRANSMISSORA ALIANÇA DE ENERGIA ELÉTRICA S.A.,2021Q2,2022Q1,0.6433,8196,9321,font_heading,font_heading,TAEE11,2022-05-12,2022-05-12,2022-08-10,0.0596758349705304,0.0430336035509923,0.016642231419538
20257,TRANSMISSORA ALIANÇA DE ENERGIA ELÉTRICA S.A.,2024Q1,2024Q2,0.994,11000,11290,font_heading,font_heading,TAEE11,2024-08-13,2024-08-13,2024-11-08,-0.0124364047484455,-0.0345033235781484,0.0220669188297029
20257,TRANSMISSORA ALIANÇA DE ENERGIA ELÉTRICA S.A.,2024Q2,2024Q3,0.5275,11290,84874,font_heading,font_heading,TAEE11,2024-11-06,2024-11-06,2025-02-11,-0.0398728691129731,-0.0293020795004361,-0.0105707896125369
20478,PDG Realty S.A. Empreendimentos e Participações,2015Q1,2015Q2,0.9891,2718,2790,font_heading,font_heading,PDGR3,2015-07-31,2015-07-31,2015-10-30,-0.83,-0.0982202416328629,-0.731779758367137
20478,PDG Realty S.A. Empreendimentos e Participações,2015Q2,2015Q3,0.9899,2790,2802,font_heading,font_heading,PDGR3,2015-11-04,2015-11-04,2016-02-11,0.701834862385321,-0.1758914779050976,0.8777263402904186
20478,PDG Realty S.A. Empreendimentos e Participações,2015Q3,2016Q1,0.5239,2802,12730,font_heading,font_heading,PDGR3,2016-05-11,2016-05-11,2016-08-09,-0.074585635359116,0.0933383948210595,-0.1679240301801755
20478,PDG Realty S.A. Empreendimentos e Participações,2016Q1,2016Q2,0.9543,12730,12463,font_heading,font_heading,PDGR3,2016-08-10,2016-08-10,2016-11-10,-0.2077922077922077,0.0752142752484286,-0.2830064830406363
20478,PDG Realty S.A. Empreendimentos e Participações,2016Q2,2016Q3,0.9268,12463,13176,font_heading,font_heading,PDGR3,2016-11-15,2016-11-16,2017-02-15,0.8277777777777777,0.1187679519783961,0.7090098257993815
20478,PDG Realty S.A. Empreendimentos e Participações,2016Q3,2017Q1,0.7898,13176,10134,font_heading,font_heading,PDGR3,2017-05-15,2017-05-15,2017-08-11,-0.0789473684210526,-0.0162922701239693,-0.0626550982970832
20478,PDG Realty S.A. Empreendimentos e Participações,2017Q1,2017Q2,0.8868,10134,11342,font_heading,font_heading,PDGR3,2017-08-15,2017-08-15,2017-11-16,0.0619047619047619,0.0608097738969992,0.0010949880077626
20478,PDG Realty S.A. Empreendimentos e Participações,2017Q2,2017Q3,0.9749,11342,11454,font_heading,font_heading,PDGR3,2017-11-03,2017-11-03,2018-02-08,-0.1324786324786324,0.1030517042316745,-0.235530336710307
20478,PDG Realty S.A. Empreendimentos e Participações,2017Q3,2018Q1,0.8555,11454,9790,font_heading,font_heading,PDGR3,2018-05-17,2018-05-17,2018-08-16,-0.5194805194805194,-0.0813569882070436,-0.4381235312734758
20478,PDG Realty S.A. Empreendimentos e Participações,2018Q1,2018Q2,0.9815,9790,9363,font_heading,font_heading,PDGR3,2018-08-14,2018-08-14,2018-11-14,0.4342105263157894,0.0937754724396076,0.3404350538761818
20478,PDG Realty S.A. Empreendimentos e Participações,2018Q2,2018Q3,0.9765,9363,8975,font_heading,font_heading,PDGR3,2018-11-14,2018-11-14,2019-02-20,-0.3201834862385321,0.1229658453473681,-0.4431493315859002
20494,Iguatemi Empresa de Shopping Centers S/A (pre-restructuring entity),2015Q1,2015Q2,0.9628,22239,22293,font_heading,font_heading,IGTA3,2015-08-10,2015-08-10,2015-11-10,-0.0513043478260869,-0.0637535712114765,0.0124492233853895
20494,Iguatemi Empresa de Shopping Centers S/A (pre-restructuring entity),2015Q2,2015Q3,0.9445,22293,23604,font_heading,font_heading,IGTA3,2015-11-10,2015-11-10,2016-02-17,-0.0513290559120074,-0.0990281252211535,0.0476990693091461
20494,Iguatemi Empresa de Shopping Centers S/A (pre-restructuring entity),2015Q3,2016Q1,0.9341,23604,24819,font_heading,font_heading,IGTA3,2016-05-10,2016-05-10,2016-08-08,0.1423220973782772,0.0860079467263703,0.0563141506519069
20494,Iguatemi Empresa de Shopping Centers S/A (pre-restructuring entity),2016Q1,2016Q2,0.9584,24819,21838,font_heading,font_heading,IGTA3,2016-08-09,2016-08-09,2016-11-09,-0.0521172638436481,0.0965317551349544,-0.1486490189786026
20494,Iguatemi Empresa de Shopping Centers S/A (pre-restructuring entity),2016Q2,2016Q3,0.9724,21838,22481,font_heading,font_heading,IGTA3,2016-11-08,2016-11-08,2017-02-08,0.0338983050847456,0.0105633495475523,0.0233349555371933
20516,São Martinho S.A.,2021Q2,2021Q3,0.4264,1722,6654,font_heading,font_heading,SMTO3,2021-11-08,2021-11-08,2022-02-08,-0.1304139746350801,0.0711323689675802,-0.2015463436026603
20516,São Martinho S.A.,2021Q3,2022Q2,0.9433,6654,5904,font_heading,font_heading,SMTO3,2022-08-08,2022-08-08,2022-11-08,-0.1844321812372931,0.0715675049978197,-0.2559996862351128
20516,São Martinho S.A.,2022Q2,2023Q2,0.9826,5904,6416,font_heading,font_heading,SMTO3,2023-08-14,2023-08-14,2023-11-14,0.0104864549956307,0.0544151569798871,-0.0439287019842564
20516,São Martinho S.A.,2023Q2,2023Q3,0.9716,6416,6516,font_heading,font_heading,SMTO3,2023-11-09,2023-11-09,2024-02-14,-0.2422125181950509,0.0670744544380292,-0.3092869726330802
20516,São Martinho S.A.,2023Q3,2024Q2,0.5236,6516,2845,font_heading,font_heading,SMTO3,2024-08-12,2024-08-12,2024-11-07,-0.1211703958691909,-0.0109384140291146,-0.1102319818400763
20516,São Martinho S.A.,2024Q2,2024Q3,0.9937,2845,2745,font_heading,font_heading,SMTO3,2024-11-11,2024-11-11,2025-02-14,-0.0979849861714737,0.0026971144183673,-0.1006821005898411
20524,Even Construtora e Incorporadora S/A,2015Q1,2015Q2,0.9042,3886,3064,font_heading,font_heading,EVEN3,2015-08-07,2015-08-07,2015-11-09,0.3036303630363037,-0.0490434630811251,0.3526738261174289
20524,Even Construtora e Incorporadora S/A,2015Q2,2015Q3,0.9159,3064,3516,font_heading,font_heading,EVEN3,2015-12-07,2015-12-07,2016-03-14,0.1200000000000001,0.0805931534384281,0.039406846561572
20524,Even Construtora e Incorporadora S/A,2015Q3,2016Q1,0.8893,3516,3374,font_heading,font_heading,EVEN3,2016-05-12,2016-05-12,2016-08-10,0.0853080568720379,0.0690903230798936,0.0162177337921443
20524,Even Construtora e Incorporadora S/A,2016Q1,2016Q2,0.976,3374,3152,font_heading,font_heading,EVEN3,2016-08-11,2016-08-11,2016-11-11,-0.1578947368421053,0.0151620329275157,-0.173056769769621
20524,Even Construtora e Incorporadora S/A,2020Q1,2020Q2,0.8852,2733,1819,font_heading,font_heading,EVEN3,2020-07-30,2020-07-30,2020-10-29,-0.2806191117092866,-0.0802461129411181,-0.2003729987681685
20524,Even Construtora e Incorporadora S/A,2024Q1,2024Q2,0.9122,3601,3872,font_heading,font_heading,EVEN3,2024-08-14,2024-08-14,2024-11-11,-0.1020092735703246,-0.0408345000954862,-0.0611747734748383
20524,Even Construtora e Incorporadora S/A,2024Q2,2024Q3,0.9668,3872,3866,font_heading,font_heading,EVEN3,2024-11-11,2024-11-11,2025-02-14,0.0430292598967296,0.0026971144183673,0.0403321454783622
20745,SLC AGRICOLA S.A.,2018Q2,2019Q2,0.9133,6009,6947,font_heading,font_heading,SLCE3,2019-11-21,2019-11-21,2020-02-26,0.1789647576844024,-0.0165437636690242,0.1955085213534266
20745,SLC AGRICOLA S.A.,2020Q3,2021Q2,0.7956,5798,8183,font_heading,font_heading,SLCE3,2021-08-12,2021-08-12,2021-11-12,0.0558620693829026,-0.1190250485124478,0.1748871178953505
20745,SLC AGRICOLA S.A.,2021Q2,2021Q3,0.9998,8183,8188,font_heading,font_heading,SLCE3,2021-11-10,2021-11-10,2022-02-10,0.1153318073974756,0.0698351787260076,0.0454966286714679
20745,SLC AGRICOLA S.A.,2021Q3,2022Q1,0.9414,8188,5969,font_heading,font_heading,SLCE3,2022-05-13,2022-05-13,2022-08-11,-0.1527216773083469,0.0261284210924039,-0.1788500984007509
20745,SLC AGRICOLA S.A.,2022Q1,2022Q2,0.9932,5969,5931,font_heading,font_heading,SLCE3,2022-08-10,2022-08-10,2022-11-10,-0.0081781011169054,-0.0041755960134894,-0.0040025051034159
20745,SLC AGRICOLA S.A.,2022Q2,2023Q1,0.6767,5931,3080,font_heading,font_heading,SLCE3,2023-05-15,2023-05-15,2023-08-11,0.1992723198992443,0.0828771249368975,0.1163951949623467
20745,SLC AGRICOLA S.A.,2023Q1,2023Q2,1.0,3080,3074,font_heading,font_heading,SLCE3,2023-08-10,2023-08-10,2023-11-10,-0.1258741258521198,0.0187456484855039,-0.1446197743376238
20745,SLC AGRICOLA S.A.,2023Q2,2023Q3,0.9931,3074,3074,font_heading,font_heading,SLCE3,2023-11-08,2023-11-08,2024-02-09,-0.0010405822713424,0.0742513614451554,-0.0752919437164978
20770,EZ Tec Empreendimentos e Participações S/A,2021Q1,2021Q2,0.9857,1059,1065,font_heading,font_heading,EZTC3,2021-08-12,2021-08-12,2021-11-12,-0.2068173113783094,-0.1190250485124478,-0.0877922628658615
20770,EZ Tec Empreendimentos e Participações S/A,2021Q2,2021Q3,0.9757,1065,1105,font_heading,font_heading,EZTC3,2021-11-11,2021-11-11,2022-02-11,-0.1526048870520185,0.0555573988934583,-0.2081622859454769
20770,EZ Tec Empreendimentos e Participações S/A,2021Q3,2022Q1,0.8549,1105,1196,font_heading,font_heading,EZTC3,2022-05-12,2022-05-12,2022-08-10,0.1566118215842227,0.0430336035509923,0.1135782180332303
20770,EZ Tec Empreendimentos e Participações S/A,2022Q1,2022Q2,0.6598,1196,2617,font_heading,font_heading,EZTC3,2022-08-11,2022-08-11,2022-11-11,-0.0801757276984933,0.0231097120489138,-0.1032854397474072
20770,EZ Tec Empreendimentos e Participações S/A,2022Q2,2022Q3,0.9884,2617,2536,font_heading,font_heading,EZTC3,2022-11-10,2022-11-10,2023-02-09,-0.2436489606423861,-0.0161002285938952,-0.2275487320484909
20770,EZ Tec Empreendimentos e Participações S/A,2022Q3,2023Q1,0.9015,2536,3183,font_heading,font_heading,EZTC3,2023-05-11,2023-05-11,2023-08-09,0.4103041587840454,0.0937807833994111,0.3165233753846344
20770,EZ Tec Empreendimentos e Participações S/A,2023Q1,2023Q2,0.9957,3183,3220,font_heading,font_heading,EZTC3,2023-08-10,2023-08-10,2023-11-10,-0.2795604394226122,0.0187456484855039,-0.2983060879081162
20770,EZ Tec Empreendimentos e Participações S/A,2023Q2,2023Q3,0.9847,3220,3190,font_heading,font_heading,EZTC3,2023-11-09,2023-11-09,2024-02-14,-0.0711633664603099,0.0670744544380292,-0.1382378208983392
20770,EZ Tec Empreendimentos e Participações S/A,2023Q3,2024Q1,0.9792,3190,3318,font_heading,font_heading,EZTC3,2024-05-02,2024-05-02,2024-07-31,-0.0448950035605594,0.0041657538314496,-0.0490607573920091
20770,EZ Tec Empreendimentos e Participações S/A,2024Q1,2024Q2,0.9152,3318,4100,font_heading,font_heading,EZTC3,2024-08-01,2024-08-01,2024-10-29,0.0398467425610664,0.0261770664648797,0.0136696760961867
20770,EZ Tec Empreendimentos e Participações S/A,2024Q2,2024Q3,0.9983,4100,4105,font_heading,font_heading,EZTC3,2024-10-31,2024-10-31,2025-02-05,-0.1009305657307466,-0.0322192021436809,-0.0687113635870657
20788,MARFRIG GLOBAL FOODS S.A.,2016Q1,2016Q2,0.982,16909,19362,font_heading,font_heading,MBRF3,2016-08-11,2016-08-11,2016-11-11,0.0605504587155962,0.0151620329275157,0.0453884257880805
20788,MARFRIG GLOBAL FOODS S.A.,2016Q2,2016Q3,0.9964,19362,20154,font_heading,font_heading,MBRF3,2016-11-10,2016-11-10,2017-02-10,0.3688212927756655,0.0804490648512703,0.2883722279243952
20788,MARFRIG GLOBAL FOODS S.A.,2016Q3,2017Q1,0.978,20154,17274,font_heading,font_heading,MBRF3,2017-05-11,2017-05-11,2017-08-09,-0.1036745406824146,0.0019757877165349,-0.1056503283989496
20788,MARFRIG GLOBAL FOODS S.A.,2017Q1,2017Q2,0.2424,17274,740,font_heading,font_heading,MBRF3,2017-08-14,2017-08-14,2017-11-14,-0.0535966149506347,0.0372254910546525,-0.0908221060052872
20788,MARFRIG GLOBAL FOODS S.A.,2017Q2,2017Q3,0.4989,740,128,font_heading,font_heading,MBRF3,2018-03-27,2018-03-27,2018-06-27,0.4227353463587922,-0.1574914342953929,0.5802267806541851
20788,MARFRIG GLOBAL FOODS S.A.,2017Q3,2018Q1,1.0,128,117,font_heading,font_heading,MBRF3,2018-05-14,2018-05-14,2018-08-13,-0.0483460559796438,-0.0907607794660679,0.0424147234864241
20788,MARFRIG GLOBAL FOODS S.A.,2018Q1,2018Q2,1.0,117,117,font_heading,font_heading,MBRF3,2018-08-14,2018-08-14,2018-11-14,-0.1256983240223462,0.0937754724396076,-0.2194737964619538
20788,MARFRIG GLOBAL FOODS S.A.,2018Q2,2018Q3,0.1393,117,6389,font_heading,font_heading,MBRF3,2018-11-05,2018-11-05,2019-02-11,-0.1322188449848024,0.0537371526379559,-0.1859559976227583
20788,MARFRIG GLOBAL FOODS S.A.,2018Q3,2019Q1,0.1393,6389,117,font_heading,font_heading,MBRF3,2019-05-15,2019-05-15,2019-08-14,0.2314960629921261,0.0942396399873219,0.1372564230048041
20788,MARFRIG GLOBAL FOODS S.A.,2019Q1,2019Q2,0.1244,117,2326,font_heading,font_heading,MBRF3,2019-08-22,2019-08-22,2019-11-21,0.32640586797066,0.0748455424537026,0.2515603255169574
20788,MARFRIG GLOBAL FOODS S.A.,2019Q2,2019Q3,0.9892,2326,2495,font_heading,font_heading,MBRF3,2019-11-11,2019-11-11,2020-02-14,0.0364768683274021,0.0554899351650035,-0.0190130668376014
20788,MARFRIG GLOBAL FOODS S.A.,2020Q2,2020Q3,0.2086,2439,117,font_heading,font_heading,MBRF3,2020-11-11,2020-11-11,2021-02-17,0.0173796791443849,0.1483363567745197,-0.1309566776301347
20788,MARFRIG GLOBAL FOODS S.A.,2020Q3,2021Q1,0.1796,117,2413,font_heading,font_heading,MBRF3,2021-05-11,2021-05-11,2021-08-10,-0.0559845559845558,-0.0061931942525296,-0.0497913617320262
20788,MARFRIG GLOBAL FOODS S.A.,2021Q1,2021Q2,0.9108,2413,2273,font_heading,font_heading,MBRF3,2021-08-11,2021-08-11,2021-11-11,0.3280853224987301,-0.1184835625908494,0.4465688850895796
20788,MARFRIG GLOBAL FOODS S.A.,2021Q2,2021Q3,0.5653,2273,6189,font_heading,font_heading,MBRF3,2021-10-26,2021-10-26,2022-01-27,-0.0902072328321821,0.0581859363596135,-0.1483931691917956
20788,MARFRIG GLOBAL FOODS S.A.,2021Q3,2022Q1,0.5814,6189,2156,font_heading,font_heading,MBRF3,2022-05-03,2022-05-03,2022-08-01,-0.274628508530545,-0.0403931958228106,-0.2342353127077343
20788,MARFRIG GLOBAL FOODS S.A.,2022Q1,2022Q2,0.8119,2156,4781,font_heading,font_heading,MBRF3,2022-08-11,2022-08-11,2022-11-11,-0.1384615384615385,0.0231097120489138,-0.1615712505104524
20788,MARFRIG GLOBAL FOODS S.A.,2022Q2,2022Q3,0.8553,4781,2719,font_heading,font_heading,MBRF3,2022-11-10,2022-11-10,2023-02-09,-0.3795013850415513,-0.0161002285938952,-0.363401156447656
20788,MARFRIG GLOBAL FOODS S.A.,2022Q3,2023Q1,0.65,2719,5380,font_heading,font_heading,MBRF3,2023-05-15,2023-05-15,2023-08-11,0.1951588502269288,0.0828771249368975,0.1122817252900312
20788,MARFRIG GLOBAL FOODS S.A.,2023Q3,2024Q1,0.6186,6718,2731,font_heading,font_heading,MBRF3,2024-05-15,2024-05-15,2024-08-13,0.1481481481481481,0.034136235791051,0.114011912357097
20788,MARFRIG GLOBAL FOODS S.A.,2024Q1,2024Q2,0.6815,2731,7139,font_heading,font_heading,MBRF3,2024-08-14,2024-08-14,2024-11-11,0.2003117692907248,-0.0408345000954862,0.2411462693862111
20788,MARFRIG GLOBAL FOODS S.A.,2024Q2,2024Q3,0.6005,7139,4428,font_heading,font_heading,MBRF3,2024-11-13,2024-11-13,2025-02-18,-0.0999359385009608,0.0062460327675006,-0.1061819712684615
20915,MRV ENGENHARIA E PARTICIPACOES S.A.,2015Q1,2015Q2,1.0,119,119,font_heading,font_heading,MRVE3,2015-08-14,2015-08-14,2015-11-16,0.2700729927007297,-0.0139244820022392,0.283997474702969
20915,MRV ENGENHARIA E PARTICIPACOES S.A.,2019Q3,2020Q1,1.0,119,119,font_heading,font_heading,MRVE3,2020-05-28,2020-05-28,2020-08-26,0.177142857142857,0.157312859743558,0.019829997399299
20915,MRV ENGENHARIA E PARTICIPACOES S.A.,2020Q3,2021Q1,0.0194,119,1930,font_heading,font_heading,MRVE3,2021-05-12,2021-05-12,2021-08-11,-0.1922388059701493,0.0195999449670174,-0.2118387509371667
20915,MRV ENGENHARIA E PARTICIPACOES S.A.,2021Q1,2021Q2,0.0194,1930,119,font_heading,font_heading,MRVE3,2021-08-11,2021-08-11,2021-11-11,-0.0783444198078343,-0.1184835625908494,0.0401391427830151
20915,MRV ENGENHARIA E PARTICIPACOES S.A.,2021Q2,2021Q3,1.0,119,119,font_heading,font_heading,MRVE3,2021-11-10,2021-11-10,2022-02-10,-0.013039934800326,0.0698351787260076,-0.0828751135263337
20915,MRV ENGENHARIA E PARTICIPACOES S.A.,2021Q3,2022Q1,1.0,119,119,font_heading,font_heading,MRVE3,2023-07-06,2023-07-06,2023-10-04,-0.2706883217324053,-0.032516306055659,-0.2381720156767462
20915,MRV ENGENHARIA E PARTICIPACOES S.A.,2022Q1,2022Q2,1.0,119,119,font_heading,font_heading,MRVE3,2023-08-08,2023-08-08,2023-11-08,-0.3378474697077691,0.0007257521691113,-0.3385732218768804
20915,MRV ENGENHARIA E PARTICIPACOES S.A.,2022Q2,2022Q3,1.0,119,119,font_heading,font_heading,MRVE3,2023-11-06,2023-11-06,2024-02-07,-0.1823204419889502,0.0972602248139742,-0.2795806668029245
20915,MRV ENGENHARIA E PARTICIPACOES S.A.,2022Q3,2023Q1,1.0,119,119,font_heading,font_heading,MRVE3,2023-07-06,2023-07-06,2023-10-04,-0.2706883217324053,-0.032516306055659,-0.2381720156767462
20915,MRV ENGENHARIA E PARTICIPACOES S.A.,2023Q1,2023Q2,1.0,119,119,font_heading,font_heading,MRVE3,2023-08-09,2023-08-09,2023-11-09,-0.3076363636363637,0.0052814500142177,-0.3129178136505814
20915,MRV ENGENHARIA E PARTICIPACOES S.A.,2023Q2,2023Q3,1.0,119,119,font_heading,font_heading,MRVE3,2023-11-08,2023-11-08,2024-02-09,-0.2292787944025833,0.0742513614451554,-0.3035301558477388
20931,MINERVA S.A.,2017Q3,2018Q1,0.2506,1172,4982,font_heading,font_heading,BEEF3,2018-05-11,2018-05-11,2018-08-10,-0.1041666666666666,-0.1021574337454849,-0.0020092329211817
20931,MINERVA S.A.,2019Q1,2019Q2,0.9067,2442,3403,font_heading,font_heading,BEEF3,2019-07-25,2019-07-25,2019-10-22,0.2421784472769408,0.0460427491802608,0.1961356980966799
20931,MINERVA S.A.,2019Q2,2019Q3,0.9961,3403,3399,font_heading,font_heading,BEEF3,2019-11-12,2019-11-12,2020-02-17,0.0497000856898028,0.0801677921820009,-0.0304677064921981
20931,MINERVA S.A.,2019Q3,2020Q1,0.9647,3399,4343,font_heading,font_heading,BEEF3,2020-04-28,2020-04-28,2020-07-28,0.2386554621848737,0.2803621300264427,-0.0417066678415689
20931,MINERVA S.A.,2021Q3,2022Q1,0.9636,17612,18384,font_heading,font_heading,BEEF3,2022-05-11,2022-05-11,2022-08-09,-0.0384615384615384,0.0407497732212356,-0.079211311682774
20931,MINERVA S.A.,2022Q1,2022Q2,0.9903,18384,18288,font_heading,font_heading,BEEF3,2022-08-10,2022-08-10,2022-11-10,0.0701480904130944,-0.0041755960134894,0.0743236864265839
20931,MINERVA S.A.,2022Q2,2022Q3,0.9843,18288,20503,font_heading,font_heading,BEEF3,2022-11-09,2022-11-09,2023-02-08,-0.0628053035589671,-0.0319475006579057,-0.0308578029010614
20931,MINERVA S.A.,2022Q3,2023Q1,0.9885,20503,20620,font_heading,font_heading,BEEF3,2023-05-09,2023-05-09,2023-08-07,0.163198247535597,0.1145123787199502,0.0486858688156468
20931,MINERVA S.A.,2023Q1,2023Q2,0.9934,20620,20937,font_heading,font_heading,BEEF3,2023-08-09,2023-08-09,2023-11-09,-0.3655813953488371,0.0052814500142177,-0.3708628453630549
20931,MINERVA S.A.,2023Q2,2023Q3,0.9911,20937,21008,font_heading,font_heading,BEEF3,2023-11-08,2023-11-08,2024-02-09,-0.1687817258883247,0.0742513614451554,-0.2430330873334801
20931,MINERVA S.A.,2023Q3,2024Q1,0.958,21008,25158,font_heading,font_heading,BEEF3,2024-05-08,2024-05-08,2024-08-06,0.0888157894736842,-0.0248236631675917,0.113639452641276
20931,MINERVA S.A.,2024Q1,2024Q2,0.9943,25158,25233,font_heading,font_heading,BEEF3,2024-08-07,2024-08-07,2024-11-04,-0.1455331412103746,0.0235339870451749,-0.1690671282555496
20931,MINERVA S.A.,2024Q2,2024Q3,0.9944,25233,25016,font_heading,font_heading,BEEF3,2024-11-06,2024-11-06,2025-02-11,-0.2271186440677964,-0.0293020795004361,-0.1978165645673603
20982,MULTIPLAN - EMPREEND IMOBILIARIOS S.A.,2015Q1,2015Q2,0.0452,1254,22493,font_heading,font_heading,MULT3,2015-07-30,2015-07-30,2015-10-29,-0.0725538051757439,-0.0855565620653582,0.0130027568896142
20982,MULTIPLAN - EMPREEND IMOBILIARIOS S.A.,2015Q2,2015Q3,0.995,22493,22621,font_heading,font_heading,MULT3,2015-10-28,2015-10-28,2016-02-03,-0.0266940451745379,-0.153014547232239,0.126320502057701
20982,MULTIPLAN - EMPREEND IMOBILIARIOS S.A.,2015Q3,2016Q1,0.9799,22621,24444,font_heading,font_heading,MULT3,2016-04-27,2016-04-27,2016-07-26,0.0746140651672397,0.0423102776948693,0.0323037874723703
20982,MULTIPLAN - EMPREEND IMOBILIARIOS S.A.,2016Q1,2016Q2,0.9872,24444,21566,font_heading,font_heading,MULT3,2016-07-28,2016-07-28,2016-10-27,0.0105532459243056,0.1338056354372694,-0.1232523895129638
20982,MULTIPLAN - EMPREEND IMOBILIARIOS S.A.,2016Q2,2016Q3,0.0407,21566,1269,font_heading,font_heading,MULT3,2016-10-31,2016-10-31,2017-02-01,-0.0207778533972811,-0.0013614270848671,-0.0194164263124139
20982,MULTIPLAN - EMPREEND IMOBILIARIOS S.A.,2016Q3,2017Q1,0.9617,1269,1310,font_heading,font_heading,MULT3,2017-04-26,2017-04-26,2017-07-26,0.0357995226676908,0.0022917915473361,0.0335077311203546
20982,MULTIPLAN - EMPREEND IMOBILIARIOS S.A.,2017Q1,2017Q2,1.0,1310,1310,font_heading,font_heading,MULT3,2017-07-27,2017-07-27,2017-10-26,0.0413694718913879,0.1626745742552782,-0.1213051023638902
20982,MULTIPLAN - EMPREEND IMOBILIARIOS S.A.,2017Q2,2017Q3,0.0521,1310,20226,font_heading,font_heading,MULT3,2017-10-30,2017-10-30,2018-02-05,-0.0037385765721045,0.0943946244094613,-0.0981332009815658
20982,MULTIPLAN - EMPREEND IMOBILIARIOS S.A.,2021Q1,2021Q2,0.1487,5634,26339,font_heading,font_heading,MULT3,2021-07-28,2021-07-28,2021-10-27,-0.211077191452246,-0.1577574290146642,-0.0533197624375817
20982,MULTIPLAN - EMPREEND IMOBILIARIOS S.A.,2021Q2,2021Q3,0.9976,26339,26567,font_heading,font_heading,MULT3,2021-10-27,2021-10-27,2022-01-28,0.175787728026534,0.0521515450377056,0.1236361829888283
20982,MULTIPLAN - EMPREEND IMOBILIARIOS S.A.,2021Q3,2022Q1,0.9916,26567,25534,font_heading,font_heading,MULT3,2022-05-04,2022-05-04,2022-08-02,-0.0560709963695038,-0.0459836442788481,-0.0100873520906556
20982,MULTIPLAN - EMPREEND IMOBILIARIOS S.A.,2022Q1,2022Q2,0.9983,25534,25807,font_heading,font_heading,MULT3,2022-07-28,2022-07-28,2022-10-27,-0.0097560975609757,0.1173927104449599,-0.1271488080059356
20982,MULTIPLAN - EMPREEND IMOBILIARIOS S.A.,2022Q2,2022Q3,0.9507,25807,21759,font_heading,font_heading,MULT3,2022-11-03,2022-11-03,2023-02-02,-0.1379310344827586,-0.0577923897715891,-0.0801386447111695
20982,MULTIPLAN - EMPREEND IMOBILIARIOS S.A.,2022Q3,2023Q1,0.9905,21759,21399,font_heading,font_heading,MULT3,2024-02-09,2024-02-09,2024-05-14,-0.1051835035944003,0.0038257162429107,-0.109009219837311
20982,MULTIPLAN - EMPREEND IMOBILIARIOS S.A.,2023Q1,2023Q2,0.4181,21399,82798,font_heading,font_heading,MULT3,2023-07-27,2023-07-27,2023-10-26,-0.0153022188217292,-0.0434435839627487,0.0281413651410195
20982,MULTIPLAN - EMPREEND IMOBILIARIOS S.A.,2023Q2,2023Q3,0.749,82798,47219,font_heading,font_heading,MULT3,2023-10-27,2023-10-27,2024-01-31,0.1081941129673826,0.1275441996057416,-0.0193500866383589
20982,MULTIPLAN - EMPREEND IMOBILIARIOS S.A.,2023Q3,2024Q1,0.8806,47219,36466,font_heading,font_heading,MULT3,2024-04-25,2024-04-25,2024-07-25,0.0294755093194625,0.0104978451702819,0.0189776641491805
20982,MULTIPLAN - EMPREEND IMOBILIARIOS S.A.,2024Q1,2024Q2,0.9877,36466,39991,font_heading,font_heading,MULT3,2024-07-25,2024-07-25,2024-10-22,0.0686315789473683,0.0317360079374953,0.036895571009873
20982,MULTIPLAN - EMPREEND IMOBILIARIOS S.A.,2024Q2,2024Q3,0.9903,39991,41316,font_heading,font_heading,MULT3,2024-10-24,2024-10-24,2025-01-29,-0.1417761847869374,-0.0510108832412845,-0.0907653015456528
20990,Americanas S.A. - Em Recuperação Judicial,2022Q3,2023Q1,0.7187,6718,5323,font_heading,font_heading,AMER3,2024-02-26,2024-02-26,2024-05-27,0.1,-0.0394522604710088,0.1394522604710089
20990,Americanas S.A. - Em Recuperação Judicial,2023Q1,2023Q2,0.9941,5323,5329,font_heading,font_heading,AMER3,2024-02-26,2024-02-26,2024-05-27,0.1,-0.0394522604710088,0.1394522604710089
20990,Americanas S.A. - Em Recuperação Judicial,2023Q2,2023Q3,0.9906,5329,5292,font_heading,font_heading,AMER3,2024-02-26,2024-02-26,2024-05-27,0.1,-0.0394522604710088,0.1394522604710089
20990,Americanas S.A. - Em Recuperação Judicial,2023Q3,2024Q1,0.64,5292,5847,font_heading,font_heading,AMER3,2024-08-14,2024-08-14,2024-11-11,-0.8948484848484848,-0.0408345000954862,-0.8540139847529985
20990,Americanas S.A. - Em Recuperação Judicial,2024Q1,2024Q2,0.9986,5847,5877,font_heading,font_heading,AMER3,2024-08-14,2024-08-14,2024-11-11,-0.8948484848484848,-0.0408345000954862,-0.8540139847529985
20990,Americanas S.A. - Em Recuperação Judicial,2024Q2,2024Q3,0.5299,5877,1893,font_heading,font_heading,AMER3,2024-11-13,2024-11-13,2025-02-18,0.6547619047619047,0.0062460327675006,0.648515871994404
21016,YDUQS PARTICIPACOES S.A.,2015Q1,2015Q2,0.9522,3500,3463,font_heading,font_heading,YDUQ3,2015-08-06,2015-08-06,2015-11-06,0.2054263565891472,-0.0618419989714329,0.2672683555605801
21016,YDUQS PARTICIPACOES S.A.,2015Q2,2015Q3,0.9345,3463,4071,font_heading,font_heading,YDUQ3,2015-11-05,2015-11-05,2016-02-12,-0.2924924924924924,-0.1714727486307089,-0.1210197438617834
21016,YDUQS PARTICIPACOES S.A.,2015Q3,2016Q1,0.7585,4071,3430,font_heading,font_heading,YDUQ3,2016-05-05,2016-05-05,2016-08-03,0.5902964959568731,0.1046208862836901,0.4856756096731829
21016,YDUQS PARTICIPACOES S.A.,2020Q1,2020Q2,0.5688,2366,2543,font_heading,font_heading,YDUQ3,2020-08-26,2020-08-26,2020-11-26,0.0544240400667779,0.0953994591924853,-0.0409754191257074
21016,YDUQS PARTICIPACOES S.A.,2020Q2,2020Q3,0.5789,2543,930,font_heading,font_heading,YDUQ3,2020-11-09,2020-11-09,2021-02-11,0.2648070309514712,0.1524865536603528,0.1123204772911183
21016,YDUQS PARTICIPACOES S.A.,2020Q3,2021Q1,0.6873,930,2617,font_heading,font_heading,YDUQ3,2021-05-12,2021-05-12,2021-08-11,-0.0735994141340168,0.0195999449670174,-0.0931993591010342
21016,YDUQS PARTICIPACOES S.A.,2021Q1,2021Q2,0.6531,2617,1565,font_heading,font_heading,YDUQ3,2021-08-16,2021-08-16,2021-11-17,-0.0538720538720539,-0.1361937901844797,0.0823217363124257
21091,Dexco S.A. (formerly Duratex),2015Q1,2015Q2,0.473,4421,36769,font_heading,font_heading,DXCO3,2015-07-28,2015-07-28,2015-10-27,-0.0642857143545589,-0.0515840214831779,-0.012701692871381
21091,Dexco S.A. (formerly Duratex),2015Q2,2015Q3,0.9798,36769,36222,font_heading,font_heading,DXCO3,2015-10-29,2015-10-29,2016-02-04,-0.1240063591320371,-0.1053428405804723,-0.0186635185515647
21091,Dexco S.A. (formerly Duratex),2015Q3,2016Q1,0.9571,36222,38758,font_heading,font_heading,DXCO3,2016-04-28,2016-04-28,2016-07-27,0.2250000001312848,0.0467830658293311,0.1782169343019537
21091,Dexco S.A. (formerly Duratex),2016Q1,2016Q2,0.7528,38758,17947,font_heading,font_heading,DXCO3,2016-08-01,2016-08-01,2016-10-31,-0.1095041322178098,0.1439282990836523,-0.2534324313014622
21091,Dexco S.A. (formerly Duratex),2016Q2,2016Q3,0.9619,17947,17216,font_heading,font_heading,DXCO3,2016-10-28,2016-10-28,2017-01-31,-0.1441543700733378,0.0056470748494386,-0.1498014449227764
21091,Dexco S.A. (formerly Duratex),2016Q3,2017Q1,0.6464,17216,36035,font_heading,font_heading,DXCO3,2017-04-26,2017-04-26,2017-07-26,-0.1209406494372806,0.0022917915473361,-0.1232324409846168
21091,Dexco S.A. (formerly Duratex),2017Q1,2017Q2,0.98,36035,39169,font_heading,font_heading,DXCO3,2017-08-10,2017-08-10,2017-11-10,0.2226562499028099,0.0772262814908446,0.1454299684119653
21091,Dexco S.A. (formerly Duratex),2017Q2,2017Q3,0.9731,39169,39420,font_heading,font_heading,DXCO3,2017-10-27,2017-10-27,2018-02-02,0.0258964143512336,0.1061606400256081,-0.0802642256743744
21091,Dexco S.A. (formerly Duratex),2017Q3,2018Q1,0.5199,39420,4968,font_heading,font_heading,DXCO3,2018-05-02,2018-05-02,2018-08-01,-0.0502325582387451,-0.062041638570884,0.0118090803321389
21091,Dexco S.A. (formerly Duratex),2018Q1,2018Q2,0.4679,4968,41813,font_heading,font_heading,DXCO3,2018-08-01,2018-08-01,2018-10-31,0.1253672870572768,0.1024177933246031,0.0229494937326737
21091,Dexco S.A. (formerly Duratex),2018Q2,2018Q3,0.986,41813,42607,font_heading,font_heading,DXCO3,2018-11-05,2018-11-05,2019-02-11,0.0350584306748049,0.0537371526379559,-0.018678721963151
21091,Dexco S.A. (formerly Duratex),2018Q3,2019Q1,0.9326,42607,38091,font_heading,font_heading,DXCO3,2019-05-06,2019-05-06,2019-08-05,0.2826086955823064,0.053565011863129,0.2290436837191773
21091,Dexco S.A. (formerly Duratex),2019Q1,2019Q2,0.9792,38091,39009,font_heading,font_heading,DXCO3,2019-07-31,2019-07-31,2019-10-28,0.0572792362863701,0.0626153472917265,-0.0053361110053564
21091,Dexco S.A. (formerly Duratex),2019Q2,2019Q3,0.9262,39009,39868,font_heading,font_heading,DXCO3,2019-10-29,2019-10-29,2020-02-03,0.183206106822847,0.0657599787274199,0.1174461280954271
21091,Dexco S.A. (formerly Duratex),2019Q3,2020Q1,0.9384,39868,44675,font_heading,font_heading,DXCO3,2020-05-06,2020-05-06,2020-08-04,0.6543589740089921,0.2801820001295159,0.3741769738794762
21091,Dexco S.A. (formerly Duratex),2020Q1,2020Q2,0.503,44675,9497,font_heading,font_heading,DXCO3,2020-07-29,2020-07-29,2020-10-28,0.2971204186241181,-0.096931211720635,0.3940516303447531
21091,Dexco S.A. (formerly Duratex),2020Q2,2020Q3,0.3413,9497,46871,font_heading,font_heading,DXCO3,2020-11-03,2020-11-03,2021-02-05,0.1250000002646873,0.2527674859613555,-0.1277674856966681
21091,Dexco S.A. (formerly Duratex),2020Q3,2021Q1,0.98,46871,48150,font_heading,font_heading,DXCO3,2021-04-29,2021-04-29,2021-07-29,-0.0255009113257157,0.0467209008397482,-0.0722218121654639
21091,Dexco S.A. (formerly Duratex),2021Q1,2021Q3,0.8948,48150,51632,font_heading,font_heading,DXCO3,2021-10-27,2021-10-27,2022-01-28,-0.0004776121247191,0.0521515450377056,-0.0526291571624248
21091,Dexco S.A. (formerly Duratex),2021Q3,2022Q1,0.9669,51632,49307,font_heading,font_heading,DXCO3,2022-04-27,2022-04-27,2022-07-26,-0.2520259321982657,-0.0875878845941224,-0.1644380476041432
21091,Dexco S.A. (formerly Duratex),2022Q1,2022Q2,0.9821,49307,50609,font_heading,font_heading,DXCO3,2022-07-27,2022-07-27,2022-10-26,-0.1117886179042467,0.1116527777175329,-0.2234413956217796
21091,Dexco S.A. (formerly Duratex),2022Q2,2022Q3,0.9905,50609,49627,font_heading,font_heading,DXCO3,2022-10-26,2022-10-26,2023-01-26,-0.0862700228833597,0.0125373579586143,-0.098807380841974
21091,Dexco S.A. (formerly Duratex),2022Q3,2023Q1,0.4239,49627,6873,font_heading,font_heading,DXCO3,2023-05-23,2023-05-23,2023-08-21,-0.033175355448979,0.0409431473339996,-0.0741185027829787
21091,Dexco S.A. (formerly Duratex),2023Q1,2023Q2,0.4542,6873,51089,font_heading,font_heading,DXCO3,2023-08-02,2023-08-02,2023-11-01,-0.1748502994553321,-0.0480375764363547,-0.1268127230189774
21091,Dexco S.A. (formerly Duratex),2023Q2,2023Q3,0.961,51089,42750,font_heading,font_heading,DXCO3,2023-11-07,2023-11-07,2024-02-08,0.0119205296734143,0.0750314878937412,-0.0631109582203268
21091,Dexco S.A. (formerly Duratex),2023Q3,2024Q1,0.941,42750,50232,font_heading,font_heading,DXCO3,2024-05-08,2024-05-08,2024-08-06,-0.0860495437773747,-0.0248236631675917,-0.0612258806097829
21091,Dexco S.A. (formerly Duratex),2024Q1,2024Q2,0.9722,50232,50134,font_heading,font_heading,DXCO3,2024-08-07,2024-08-07,2024-11-04,0.1310810811487801,0.0235339870451749,0.1075470941036051
21091,Dexco S.A. (formerly Duratex),2024Q2,2024Q3,0.979,50134,51331,font_heading,font_heading,DXCO3,2024-11-06,2024-11-06,2025-02-11,-0.2666666665880701,-0.0293020795004361,-0.2373645870876339
21237,ENEVA S.A,2015Q1,2015Q2,0.8736,28828,22551,font_heading,font_heading,ENEV3,2015-08-13,2015-08-13,2015-11-13,0.1486434037762074,-0.0310881767947515,0.1797315805709589
21237,ENEVA S.A,2015Q2,2015Q3,0.9649,22551,21836,font_heading,font_heading,ENEV3,2015-11-12,2015-11-12,2016-02-19,-0.4285714285714286,-0.1139027779021993,-0.3146686506692292
21237,ENEVA S.A,2015Q3,2016Q1,0.8532,21836,16097,font_heading,font_heading,ENEV3,2016-05-12,2016-05-12,2016-08-10,0.058064516129032,0.0690903230798936,-0.0110258069508615
21237,ENEVA S.A,2016Q1,2016Q2,0.9015,16097,19823,font_heading,font_heading,ENEV3,2016-08-12,2016-08-12,2016-11-14,0.0061016949152541,0.0233119565353496,-0.0172102616200955
21237,ENEVA S.A,2016Q2,2016Q3,0.4711,19823,6052,font_heading,font_heading,ENEV3,2016-11-11,2016-11-11,2017-02-13,-0.1577444682369735,0.131525318454414,-0.2892697866913876
21237,ENEVA S.A,2016Q3,2017Q2,0.7327,6052,7232,font_heading,font_heading,ENEV3,2017-09-16,2017-09-18,2017-12-20,-0.0773333333333333,-0.0345225140909228,-0.0428108192424104
21237,ENEVA S.A,2017Q2,2017Q3,0.9418,7232,6926,font_heading,font_heading,ENEV3,2017-11-09,2017-11-09,2018-02-16,0.0638297872340425,0.1589713466306159,-0.0951415593965734
21237,ENEVA S.A,2017Q3,2018Q1,0.919,6926,7528,font_heading,font_heading,ENEV3,2018-05-10,2018-05-10,2018-08-09,-0.0928725701943845,-0.0826125188094272,-0.0102600513849573
21237,ENEVA S.A,2018Q1,2018Q2,0.878,7528,8141,font_heading,font_heading,ENEV3,2018-08-08,2018-08-08,2018-11-08,0.078125,0.0817219339571988,-0.0035969339571988
21237,ENEVA S.A,2018Q2,2018Q3,0.9665,8141,9083,font_heading,font_heading,ENEV3,2018-11-08,2018-11-08,2019-02-14,0.3478260869565217,0.1447668906833006,0.2030591962732211
21237,ENEVA S.A,2018Q3,2019Q1,0.8246,9083,7946,font_heading,font_heading,ENEV3,2019-05-08,2019-05-08,2019-08-07,0.2718072289156628,0.0751678328342395,0.1966393960814232
21237,ENEVA S.A,2019Q1,2019Q2,0.9667,7946,8840,font_heading,font_heading,ENEV3,2019-08-14,2019-08-14,2019-11-11,0.3417293233082705,0.0808853158850166,0.2608440074232538
21237,ENEVA S.A,2019Q2,2019Q3,0.9059,8840,7259,font_heading,font_heading,ENEV3,2019-11-05,2019-11-05,2020-02-10,0.2909316001238007,0.0354243508494376,0.2555072492743631
21237,ENEVA S.A,2019Q3,2020Q1,0.8473,7259,7012,font_heading,font_heading,ENEV3,2020-05-15,2020-05-15,2020-08-13,0.462202380952381,0.2953194711167146,0.1668829098356663
21237,ENEVA S.A,2020Q1,2020Q2,0.559,7012,1674,font_heading,font_heading,ENEV3,2020-08-11,2020-08-11,2020-11-11,0.1545325491786655,0.0257836600948966,0.1287488890837689
21237,ENEVA S.A,2020Q2,2020Q3,0.0446,1674,544,font_heading,font_heading,ENEV3,2020-11-12,2020-11-12,2021-02-18,0.245222361135917,0.1628372537644011,0.0823851073715158
21237,ENEVA S.A,2020Q3,2021Q1,0.0385,544,1584,font_heading,font_heading,ENEV3,2021-05-12,2021-05-12,2021-08-11,0.0444444444444445,0.0195999449670174,0.024844499477427
21237,ENEVA S.A,2021Q1,2021Q2,0.9669,1584,1626,font_heading,font_heading,ENEV3,2021-09-30,2021-09-30,2022-01-04,-0.2161505768063144,-0.0672690623730054,-0.148881514433309
21237,ENEVA S.A,2021Q2,2021Q3,0.3469,1626,6153,font_heading,font_heading,ENEV3,2021-11-04,2021-11-04,2022-02-04,-0.1041666666666667,0.0854140942321155,-0.1895807608987822
21237,ENEVA S.A,2021Q3,2022Q1,0.9212,6153,6367,font_heading,font_heading,ENEV3,2022-05-12,2022-05-12,2022-08-10,0.1794871794871795,0.0430336035509923,0.1364535759361871
21237,ENEVA S.A,2022Q1,2022Q2,0.911,6367,5934,font_heading,font_heading,ENEV3,2022-08-11,2022-08-11,2022-11-11,-0.1530019367333764,0.0231097120489138,-0.1761116487822903
21237,ENEVA S.A,2022Q2,2022Q3,0.2659,5934,5533,font_heading,font_heading,ENEV3,2022-11-10,2022-11-10,2023-02-09,-0.1298405466970387,-0.0161002285938952,-0.1137403181031434
21237,ENEVA S.A,2022Q3,2023Q1,0.1796,5533,8618,font_heading,font_heading,ENEV3,2023-05-16,2023-05-16,2023-08-14,0.0957627118644066,0.0796337641902928,0.0161289476741137
21350,DIRECIONAL ENGENHARIA S.A.,2015Q1,2015Q2,0.9605,1750,1683,font_heading,font_heading,DIRR3,2015-08-10,2015-08-10,2015-11-10,0.090909090589176,-0.0637535712114765,0.1546626618006525
21350,DIRECIONAL ENGENHARIA S.A.,2015Q2,2015Q3,0.9557,1683,1654,font_heading,font_heading,DIRR3,2015-11-11,2015-11-11,2016-02-18,-0.010152284012729,-0.1187162182691559,0.1085639342564268
21350,DIRECIONAL ENGENHARIA S.A.,2015Q3,2016Q1,0.8792,1654,2107,font_heading,font_heading,DIRR3,2016-05-09,2016-05-09,2016-08-05,0.0787671231029509,0.1308307676376989,-0.0520636445347479
21350,DIRECIONAL ENGENHARIA S.A.,2016Q1,2016Q2,0.2202,2107,7173,font_heading,font_heading,DIRR3,2016-08-08,2016-08-08,2016-11-08,-0.1613418531691146,0.1131638993584327,-0.2745057525275474
21350,DIRECIONAL ENGENHARIA S.A.,2016Q2,2016Q3,0.211,7173,2094,font_heading,font_heading,DIRR3,2016-11-16,2016-11-16,2017-02-15,0.2888888886666667,0.1187679519783961,0.1701209366882705
21350,DIRECIONAL ENGENHARIA S.A.,2016Q3,2017Q1,0.9272,2094,2076,font_heading,font_heading,DIRR3,2017-05-11,2017-05-11,2017-08-09,-0.0743801652769619,0.0019757877165349,-0.0763559529934968
21350,DIRECIONAL ENGENHARIA S.A.,2017Q1,2017Q2,0.1675,2076,56107,font_heading,font_heading,DIRR3,2017-08-10,2017-08-10,2017-11-10,-0.0017857146425382,0.0772262814908446,-0.0790119961333829
21350,DIRECIONAL ENGENHARIA S.A.,2017Q2,2017Q3,0.8434,56107,3361,font_heading,font_heading,DIRR3,2017-11-14,2017-11-14,2018-02-21,0.1054545458373554,0.2149648881867674,-0.1095103423494119
21350,DIRECIONAL ENGENHARIA S.A.,2017Q3,2018Q1,0.8088,3361,10428,font_heading,font_heading,DIRR3,2018-05-14,2018-05-14,2018-08-13,0.1509740259985348,-0.0907607794660679,0.2417348054646028
21350,DIRECIONAL ENGENHARIA S.A.,2018Q1,2018Q2,0.1272,10428,865,font_heading,font_heading,DIRR3,2018-08-13,2018-08-13,2018-11-13,-0.0084626234144516,0.0957161263515942,-0.1041787497660459
21350,DIRECIONAL ENGENHARIA S.A.,2018Q2,2018Q3,0.5427,865,1110,font_heading,font_heading,DIRR3,2018-11-08,2018-11-08,2019-02-14,0.2850746270574738,0.1447668906833006,0.1403077363741731
21431,HYPERA S.A.,2015Q1,2015Q2,0.9655,7562,7563,font_heading,font_heading,HYPE3,2015-07-24,2015-07-24,2015-10-23,-0.1596220785678767,-0.0334903347185601,-0.1261317438493165
21431,HYPERA S.A.,2015Q2,2015Q3,0.9786,7563,7718,font_heading,font_heading,HYPE3,2015-10-30,2015-10-30,2016-02-05,0.3840000000000001,-0.1150395846241522,0.4990395846241523
21431,HYPERA S.A.,2015Q3,2016Q1,0.8312,7718,5656,font_heading,font_heading,HYPE3,2016-04-27,2016-04-27,2016-07-26,-0.0974114441416894,0.0423102776948693,-0.1397217218365588
21431,HYPERA S.A.,2016Q1,2016Q2,0.9132,5656,5440,font_heading,font_heading,HYPE3,2016-07-22,2016-07-22,2016-10-21,0.1072124756335284,0.1246621175929019,-0.0174496419593734
21431,HYPERA S.A.,2016Q2,2016Q3,0.9259,5440,4773,font_heading,font_heading,HYPE3,2016-10-28,2016-10-28,2017-01-31,0.0382615156017829,0.0056470748494386,0.0326144407523443
21431,HYPERA S.A.,2016Q3,2017Q1,0.8648,4773,3916,font_heading,font_heading,HYPE3,2017-04-28,2017-04-28,2017-07-28,-0.091816367265469,0.0014354026749434,-0.0932517699404125
21431,HYPERA S.A.,2017Q1,2017Q2,0.9643,3916,4086,font_heading,font_heading,HYPE3,2017-07-28,2017-07-28,2017-10-27,0.2454212454212454,0.1599853306549463,0.085435914766299
21431,HYPERA S.A.,2017Q2,2017Q3,0.9674,4086,3800,font_heading,font_heading,HYPE3,2017-10-27,2017-10-27,2018-02-02,0.0826470588235293,0.1061606400256081,-0.0235135812020788
21431,HYPERA S.A.,2017Q3,2018Q1,0.3782,3800,9258,font_heading,font_heading,HYPE3,2018-04-26,2018-04-26,2018-07-27,-0.1054637865311308,-0.0754440678280035,-0.0300197187031273
21431,HYPERA S.A.,2018Q1,2018Q2,0.9336,9258,7286,font_heading,font_heading,HYPE3,2018-07-27,2018-07-27,2018-10-26,0.0511363636363635,0.0732948021751405,-0.0221584385387769
21431,HYPERA S.A.,2018Q2,2018Q3,0.9777,7286,7571,font_heading,font_heading,HYPE3,2018-10-26,2018-10-26,2019-02-04,0.0810810810810811,0.1501257526405488,-0.0690446715594677
21431,HYPERA S.A.,2018Q3,2019Q1,0.8256,7571,5860,font_heading,font_heading,HYPE3,2019-04-26,2019-04-26,2019-07-29,0.198501872659176,0.075299856477885,0.123202016181291
21431,HYPERA S.A.,2019Q1,2019Q2,0.9653,5860,6156,font_heading,font_heading,HYPE3,2019-07-26,2019-07-26,2019-10-23,0.1260669730794485,0.0459516684189387,0.0801153046605098
21431,HYPERA S.A.,2019Q2,2019Q3,0.9794,6156,6136,font_heading,font_heading,HYPE3,2019-10-25,2019-10-25,2020-01-30,0.0278341548274863,0.0760423904519027,-0.0482082356244164
21431,HYPERA S.A.,2019Q3,2020Q1,0.8797,6136,7475,font_heading,font_heading,HYPE3,2020-04-24,2020-04-24,2020-07-24,0.1412862379206929,0.3590969195656321,-0.2178106816449392
21431,HYPERA S.A.,2020Q1,2020Q2,0.9456,7475,8644,font_heading,font_heading,HYPE3,2020-07-24,2020-07-24,2020-10-23,-0.0910948905109487,-0.0109570469693773,-0.0801378435415713
21431,HYPERA S.A.,2020Q2,2020Q3,0.9532,8644,9222,font_heading,font_heading,HYPE3,2020-10-23,2020-10-23,2021-01-28,0.0986186957918404,0.1740419198931855,-0.075423224101345
21431,HYPERA S.A.,2020Q3,2021Q1,0.9399,9222,9632,font_heading,font_heading,HYPE3,2021-04-23,2021-04-23,2021-07-23,0.0165358744394619,0.0375235854026787,-0.0209877109632168
21431,HYPERA S.A.,2021Q1,2021Q2,0.9071,9632,9214,font_heading,font_heading,HYPE3,2021-07-23,2021-07-23,2021-10-22,-0.2291149710504549,-0.149989468446843,-0.0791255026036119
21431,HYPERA S.A.,2021Q2,2021Q3,0.9706,9214,10058,font_heading,font_heading,HYPE3,2021-10-22,2021-10-22,2022-01-25,0.0536480686695277,0.0367613398712918,0.0168867287982359
21431,HYPERA S.A.,2021Q3,2022Q1,0.9329,10058,10531,font_heading,font_heading,HYPE3,2022-04-28,2022-04-28,2022-07-27,0.0445609436435123,-0.0771569275075994,0.1217178711511117
21431,HYPERA S.A.,2022Q1,2022Q2,0.9897,10531,10878,font_heading,font_heading,HYPE3,2022-07-28,2022-07-28,2022-10-27,0.1854778957767349,0.1173927104449599,0.0680851853317749
21431,HYPERA S.A.,2022Q2,2022Q3,0.9586,10878,12533,font_heading,font_heading,HYPE3,2022-10-27,2022-10-27,2023-01-27,-0.0693749999999999,-0.0202772556636923,-0.0490977443363076
21431,HYPERA S.A.,2022Q3,2023Q1,0.9667,12533,12567,font_heading,font_heading,HYPE3,2023-04-27,2023-04-27,2023-07-27,0.2244444444444442,0.1658159847365965,0.0586284597078476
21431,HYPERA S.A.,2023Q1,2023Q2,0.9909,12567,13254,font_heading,font_heading,HYPE3,2023-07-27,2023-07-27,2023-10-26,-0.2243647912885662,-0.0434435839627487,-0.1809212073258175
21431,HYPERA S.A.,2023Q2,2023Q3,0.9944,13254,13471,font_heading,font_heading,HYPE3,2023-10-26,2023-10-26,2024-01-30,-0.0868675051184556,0.1099956036434521,-0.1968631087619078
21431,HYPERA S.A.,2023Q3,2024Q1,0.9815,13471,14570,font_heading,font_heading,HYPE3,2024-04-26,2024-04-26,2024-07-26,0.0336252189141856,0.0076365169067262,0.0259887020074593
21431,HYPERA S.A.,2024Q1,2024Q2,0.9874,14570,15891,font_heading,font_heading,HYPE3,2024-07-25,2024-07-25,2024-10-22,0.0075268817204301,0.0317360079374953,-0.0242091262170651
21431,HYPERA S.A.,2024Q2,2024Q3,0.9986,15891,15889,font_heading,font_heading,HYPE3,2024-11-13,2024-11-13,2025-02-18,-0.0082244799225931,0.0062460327675006,-0.0144705126900938
21881,FLEURY S.A.,2015Q1,2015Q2,0.9696,7784,7779,font_heading,font_heading,FLRY3,2015-07-30,2015-07-30,2015-10-29,-0.0973401244624231,-0.0855565620653582,-0.0117835623970649
21881,FLEURY S.A.,2015Q2,2015Q3,0.1408,7779,12659,font_heading,font_heading,FLRY3,2015-10-29,2015-10-29,2016-02-04,-0.0990595611209401,-0.1053428405804723,0.0062832794595322
21881,FLEURY S.A.,2015Q3,2016Q1,0.7415,12659,11809,font_heading,font_heading,FLRY3,2016-04-28,2016-04-28,2016-07-27,0.3042553194254525,0.0467830658293311,0.2574722535961213
21881,FLEURY S.A.,2019Q1,2019Q2,0.2949,4046,39453,font_heading,font_heading,FLRY3,2019-07-25,2019-07-25,2019-10-22,0.0357894738581141,0.0460427491802608,-0.0102532753221467
21881,FLEURY S.A.,2019Q2,2019Q3,0.3042,39453,3260,font_heading,font_heading,FLRY3,2019-10-24,2019-10-24,2020-01-29,0.2713178296351253,0.0785027213815625,0.1928151082535627
21881,FLEURY S.A.,2021Q3,2022Q1,0.9959,4940,4754,font_heading,font_heading,FLRY3,2022-05-05,2022-05-05,2022-08-03,0.1362032467064156,-0.0145246832058629,0.1507279299122785
21881,FLEURY S.A.,2022Q1,2022Q2,0.9909,4754,5464,font_heading,font_heading,FLRY3,2022-08-04,2022-08-04,2022-11-04,0.1583412861476967,0.1158086968051099,0.0425325893425867
21881,FLEURY S.A.,2022Q2,2022Q3,0.9927,5464,5480,font_heading,font_heading,FLRY3,2022-11-03,2022-11-03,2023-02-02,-0.1423948223070559,-0.0577923897715891,-0.0846024325354667
21881,FLEURY S.A.,2022Q3,2023Q1,0.9959,5480,5254,font_heading,font_heading,FLRY3,2023-05-04,2023-05-04,2023-08-02,0.134804928480946,0.1828676358467302,-0.0480627073657842
21881,FLEURY S.A.,2023Q1,2023Q3,0.6521,5254,5521,font_heading,font_heading,FLRY3,2023-11-09,2023-11-09,2024-02-14,-0.0304506699147382,0.0670744544380292,-0.0975251243527675
21881,FLEURY S.A.,2023Q3,2024Q1,0.8017,5521,2820,font_heading,font_heading,FLRY3,2024-05-09,2024-05-09,2024-08-07,0.0379661016949153,-0.0052614769798875,0.0432275786748028
21881,FLEURY S.A.,2024Q1,2024Q2,0.8062,2820,5257,font_heading,font_heading,FLRY3,2024-08-08,2024-08-08,2024-11-05,-0.0661953727506426,0.0155437301532523,-0.081739102903895
21881,FLEURY S.A.,2024Q2,2024Q3,0.9966,5257,5242,font_heading,font_heading,FLRY3,2024-11-07,2024-11-07,2025-02-12,-0.1697851697851697,-0.040880787343164,-0.1289043824420057
22187,PRIO S.A.,2015Q1,2015Q2,0.2226,1250,3196,font_heading,font_heading,PRIO3,2015-08-20,2015-08-20,2015-11-23,-0.4363636363636364,0.0321771656252416,-0.468540801988878
22187,PRIO S.A.,2015Q2,2015Q3,0.9909,3196,3199,font_heading,font_heading,PRIO3,2015-11-12,2015-11-12,2016-02-19,-0.165,-0.1139027779021993,-0.0510972220978006
22187,PRIO S.A.,2015Q3,2016Q1,0.8059,3199,2586,font_heading,font_heading,PRIO3,2016-05-12,2016-05-12,2016-08-10,-0.2021108179419525,0.0690903230798936,-0.2712011410218461
22187,PRIO S.A.,2016Q1,2016Q2,0.9966,2586,2615,font_heading,font_heading,PRIO3,2016-08-11,2016-08-11,2016-11-14,-0.0741956664478004,0.0232915954611672,-0.0974872619089676
22187,PRIO S.A.,2019Q3,2020Q1,0.1415,1092,991,font_heading,font_heading,PRIO3,2020-11-04,2020-11-04,2021-02-08,1.5183229813664596,0.2230536583342197,1.2952693230322398
22187,PRIO S.A.,2020Q1,2020Q3,0.5224,991,2050,font_heading,font_heading,PRIO3,2020-11-18,2020-11-18,2021-02-24,1.4677966101694917,0.089980888452775,1.3778157217167166
22187,PRIO S.A.,2020Q3,2021Q2,0.0619,2050,39,font_heading,font_heading,PRIO3,2021-08-02,2021-08-02,2021-11-01,0.3303013075611143,-0.1384710242128889,0.4687723317740032
22187,PRIO S.A.,2021Q2,2021Q3,1.0,39,39,font_heading,font_heading,PRIO3,2021-11-05,2021-11-05,2022-02-07,-0.123322451940515,0.0684209175683905,-0.1917433695089055
22349,AZZAS 2154 S.A.,2015Q1,2015Q2,0.9647,3332,3206,font_heading,font_heading,AZZA3,2015-08-05,2015-08-05,2015-11-05,0.0462287104622871,-0.0445542181947835,0.0907829286570707
22349,AZZAS 2154 S.A.,2015Q2,2015Q3,0.972,3206,3203,font_heading,font_heading,AZZA3,2015-11-05,2015-11-05,2016-02-12,-0.1660465116279069,-0.1714727486307089,0.0054262370028019
22349,AZZAS 2154 S.A.,2015Q3,2016Q1,0.9377,3203,3053,font_heading,font_heading,AZZA3,2016-05-04,2016-05-04,2016-08-02,0.1438524590163934,0.0686848274497267,0.0751676315666667
22349,AZZAS 2154 S.A.,2016Q1,2016Q2,0.9868,3053,3041,font_heading,font_heading,AZZA3,2016-08-03,2016-08-03,2016-11-03,0.072020165646381,0.0818765416698275,-0.0098563760234464
22349,AZZAS 2154 S.A.,2016Q2,2016Q3,0.9853,3041,3045,font_heading,font_heading,AZZA3,2016-11-03,2016-11-03,2017-02-03,0.0345985891837421,0.0518826102017209,-0.0172840210179787
22349,AZZAS 2154 S.A.,2016Q3,2017Q1,0.9712,3045,3113,font_heading,font_heading,AZZA3,2017-05-09,2017-05-09,2017-08-07,0.0411764705882351,0.0250761681875661,0.0161003024006689
22349,AZZAS 2154 S.A.,2017Q1,2017Q2,0.9738,3113,3180,font_heading,font_heading,AZZA3,2017-08-02,2017-08-02,2017-11-01,0.4285714285714284,0.0996149755146234,0.328956453056805
22349,AZZAS 2154 S.A.,2017Q2,2017Q3,0.9822,3180,3195,font_heading,font_heading,AZZA3,2017-10-31,2017-10-31,2018-02-06,0.0844708209693374,0.128996700107888,-0.0445258791385505
22349,AZZAS 2154 S.A.,2017Q3,2018Q1,0.9451,3195,3262,font_heading,font_heading,AZZA3,2018-05-09,2018-05-09,2018-08-08,-0.052156690140845,-0.0606866464551503,0.0085299563143053
22349,AZZAS 2154 S.A.,2018Q1,2018Q2,0.9492,3262,3493,font_heading,font_heading,AZZA3,2018-08-01,2018-08-01,2018-10-31,0.1232227488151658,0.1024177933246031,0.0208049554905627
22349,AZZAS 2154 S.A.,2018Q2,2018Q3,0.9725,3493,3503,font_heading,font_heading,AZZA3,2018-10-31,2018-10-31,2019-02-07,0.0943037974683544,0.079864521630613,0.0144392758377414
22349,AZZAS 2154 S.A.,2021Q3,2022Q1,0.9049,7091,5840,font_heading,font_heading,AZZA3,2022-05-05,2022-05-05,2022-08-03,-0.0061162079510702,-0.0145246832058629,0.0084084752547927
22349,AZZAS 2154 S.A.,2022Q1,2022Q2,0.9554,5840,6177,font_heading,font_heading,AZZA3,2022-08-12,2022-08-12,2022-11-14,-0.0163788300835654,0.0035207963941767,-0.0198996264777422
22349,AZZAS 2154 S.A.,2022Q2,2022Q3,0.9645,6177,6382,font_heading,font_heading,AZZA3,2022-11-08,2022-11-08,2023-02-07,-0.1456052389235649,-0.0717165538843505,-0.0738886850392144
22349,AZZAS 2154 S.A.,2022Q3,2023Q1,0.9433,6382,6137,font_heading,font_heading,AZZA3,2023-05-03,2023-05-03,2023-08-01,0.3195364238410596,0.1910791359556545,0.1284572878854051
22349,AZZAS 2154 S.A.,2023Q1,2023Q2,0.9602,6137,6175,font_heading,font_heading,AZZA3,2023-08-11,2023-08-11,2023-11-13,-0.2742483331236633,0.0198621710015336,-0.294110504125197
22349,AZZAS 2154 S.A.,2023Q2,2023Q3,0.9721,6175,6196,font_heading,font_heading,AZZA3,2023-11-07,2023-11-07,2024-02-08,-0.0634489371903468,0.0750314878937412,-0.1384804250840881
22349,AZZAS 2154 S.A.,2023Q3,2024Q1,0.8972,6196,5209,font_heading,font_heading,AZZA3,2024-05-08,2024-05-08,2024-08-06,-0.0500192381685262,-0.0248236631675917,-0.0251955750009345
22349,AZZAS 2154 S.A.,2024Q1,2024Q2,0.9765,5209,5220,font_heading,font_heading,AZZA3,2024-08-13,2024-08-13,2024-11-08,-0.2594296228150874,-0.0345033235781484,-0.2249262992369389
22349,AZZAS 2154 S.A.,2024Q2,2024Q3,0.7662,5220,9012,font_heading,font_heading,AZZA3,2024-12-17,2024-12-17,2025-03-24,-0.2264639275315432,0.053115510075379,-0.2795794376069223
22357,ALLOS S.A,2021Q1,2021Q2,0.2056,28409,4986,font_heading,font_heading,ALOS3,2021-08-11,2021-08-11,2021-11-11,-0.1806876371616679,-0.1184835625908494,-0.0622040745708184
22357,ALLOS S.A,2022Q3,2023Q1,0.8559,7424,8875,font_heading,font_heading,ALOS3,2023-05-25,2023-05-25,2023-08-23,0.140491958372753,0.0734201582890203,0.0670718000837327
22357,ALLOS S.A,2023Q1,2023Q2,0.9979,8875,8973,font_heading,font_heading,ALOS3,2023-08-14,2023-08-14,2023-11-14,0.0485074626865671,0.0544151569798871,-0.00590769429332
22357,ALLOS S.A,2023Q2,2024Q1,0.5991,8973,6028,font_heading,font_heading,ALOS3,2024-05-09,2024-05-09,2024-08-07,0.0961631860126275,-0.0052614769798875,0.101424662992515
22470,MAGAZINE LUIZA S.A.,2018Q2,2018Q3,0.9555,3341,3317,font_heading,font_heading,MGLU3,2018-11-05,2018-11-05,2019-02-11,-0.044114246070919,0.0537371526379559,-0.097851398708875
22470,MAGAZINE LUIZA S.A.,2023Q3,2024Q1,0.9721,3992,3675,font_heading,font_heading,MGLU3,2024-05-09,2024-05-09,2024-08-07,-0.2700598799910358,-0.0052614769798875,-0.2647984030111483
23264,AMBEV S.A.,2015Q1,2015Q2,0.9891,1645,1666,font_heading,font_heading,ABEV3,2015-07-30,2015-07-30,2015-10-29,0.0047593865679533,-0.0855565620653582,0.0903159486333116
23264,AMBEV S.A.,2015Q2,2015Q3,0.9978,1666,1664,font_heading,font_heading,ABEV3,2015-10-30,2015-10-30,2016-02-05,-0.0497642744892613,-0.1150395846241522,0.0652753101348908
23264,AMBEV S.A.,2019Q1,2019Q2,0.9841,859,852,font_heading,font_heading,ABEV3,2019-07-25,2019-07-25,2019-10-22,-0.0369420215495125,0.0460427491802608,-0.0829847707297734
23264,AMBEV S.A.,2019Q2,2019Q3,1.0,852,854,font_heading,font_heading,ABEV3,2019-10-25,2019-10-25,2020-01-30,0.0420454545454545,0.0760423904519027,-0.0339969359064482
23264,AMBEV S.A.,2019Q3,2020Q1,1.0,854,845,font_heading,font_heading,ABEV3,2020-05-07,2020-05-07,2020-08-05,0.1421143847487003,0.3159713497059662,-0.1738569649572658
23264,AMBEV S.A.,2020Q1,2020Q2,0.852,845,1186,font_heading,font_heading,ABEV3,2020-07-30,2020-07-30,2020-10-29,-0.1140893470790378,-0.0802461129411181,-0.0338432341379196
23264,AMBEV S.A.,2022Q2,2022Q3,1.0,750,741,font_heading,font_heading,ABEV3,2022-10-27,2022-10-27,2023-01-27,-0.1227506426735218,-0.0202772556636923,-0.1024733870098295
23264,AMBEV S.A.,2022Q3,2023Q1,0.9864,741,705,font_heading,font_heading,ABEV3,2023-05-04,2023-05-04,2023-08-02,0.0287081339712917,0.1828676358467302,-0.1541595018754384
23264,AMBEV S.A.,2023Q1,2023Q2,1.0,705,709,font_heading,font_heading,ABEV3,2023-08-03,2023-08-03,2023-11-03,-0.0915926179084074,-0.0201168015098298,-0.0714758163985775
23264,AMBEV S.A.,2023Q2,2023Q3,0.2994,709,1205,font_heading,font_heading,ABEV3,2023-10-31,2023-10-31,2024-02-02,0.0163297045101089,0.1240774671707218,-0.1077477626606129
23264,AMBEV S.A.,2023Q3,2024Q1,0.2981,1205,748,font_heading,font_heading,ABEV3,2024-05-08,2024-05-08,2024-08-06,-0.0131470829909613,-0.0248236631675917,0.0116765801766304
23264,AMBEV S.A.,2024Q1,2024Q2,0.1295,748,312,font_heading,font_heading,ABEV3,2024-08-01,2024-08-01,2024-10-29,0.1056218057921636,0.0261770664648797,0.0794447393272839
23264,AMBEV S.A.,2024Q2,2024Q3,0.1295,312,747,font_heading,font_heading,ABEV3,2024-10-31,2024-10-31,2025-02-05,-0.1439873417721519,-0.0322192021436809,-0.1117681396284709
23272,LOG Commercial Properties e Participações,2015Q1,2015Q2,0.5449,786,9838,font_heading,font_heading,LOGG3,2015-08-12,2018-12-21,2019-03-29,-0.0297142857142856,0.1133923356844424,-0.1431066213987281
23272,LOG Commercial Properties e Participações,2015Q2,2015Q3,0.5017,9838,1318,font_heading,font_heading,LOGG3,2015-11-11,2018-12-21,2019-03-29,-0.0297142857142856,0.1133923356844424,-0.1431066213987281
23272,LOG Commercial Properties e Participações,2015Q3,2016Q1,0.8698,1318,833,font_heading,font_heading,LOGG3,2016-05-10,2018-12-21,2019-03-29,-0.0297142857142856,0.1133923356844424,-0.1431066213987281
23272,LOG Commercial Properties e Participações,2016Q1,2016Q2,0.9906,833,925,font_heading,font_heading,LOGG3,2016-08-05,2018-12-21,2019-03-29,-0.0297142857142856,0.1133923356844424,-0.1431066213987281
23272,LOG Commercial Properties e Participações,2016Q2,2016Q3,0.5787,925,12460,font_heading,font_heading,LOGG3,2016-11-08,2018-12-21,2019-03-29,-0.0297142857142856,0.1133923356844424,-0.1431066213987281
23272,LOG Commercial Properties e Participações,2016Q3,2017Q1,0.4123,12460,1491,font_heading,font_heading,LOGG3,2017-05-11,2018-12-21,2019-03-29,-0.0297142857142856,0.1133923356844424,-0.1431066213987281
23272,LOG Commercial Properties e Participações,2017Q1,2017Q2,0.6569,1491,921,font_heading,font_heading,LOGG3,2017-08-08,2018-12-21,2019-03-29,-0.0297142857142856,0.1133923356844424,-0.1431066213987281
23272,LOG Commercial Properties e Participações,2017Q2,2017Q3,0.916,921,1330,font_heading,font_heading,LOGG3,2017-11-06,2018-12-21,2019-03-29,-0.0297142857142856,0.1133923356844424,-0.1431066213987281
23272,LOG Commercial Properties e Participações,2017Q3,2018Q1,0.829,1330,951,font_heading,font_heading,LOGG3,2018-05-04,2018-12-21,2019-03-29,-0.0297142857142856,0.1133923356844424,-0.1431066213987281
23272,LOG Commercial Properties e Participações,2018Q1,2018Q2,0.9516,951,1542,font_heading,font_heading,LOGG3,2018-08-06,2018-12-21,2019-03-29,-0.0297142857142856,0.1133923356844424,-0.1431066213987281
23272,LOG Commercial Properties e Participações,2018Q2,2018Q3,0.9203,1542,1741,font_heading,font_heading,LOGG3,2018-10-31,2018-12-21,2019-03-29,-0.0297142857142856,0.1133923356844424,-0.1431066213987281
23272,LOG Commercial Properties e Participações,2018Q3,2019Q1,0.8734,1741,1262,font_heading,font_heading,LOGG3,2019-04-25,2019-04-25,2019-07-26,0.3073863636363636,0.0649066622421092,0.2424797013942543
23272,LOG Commercial Properties e Participações,2019Q1,2019Q3,0.0316,1262,1117,font_heading,font_heading,LOGG3,2019-10-30,2019-10-30,2020-02-04,0.3307785397337637,0.0659474667343127,0.2648310729994509
23272,LOG Commercial Properties e Participações,2021Q1,2021Q2,0.9371,1055,1295,font_heading,font_heading,LOGG3,2021-07-28,2021-07-28,2021-10-27,-0.2044142614601019,-0.1577574290146642,-0.0466568324454376
23272,LOG Commercial Properties e Participações,2021Q2,2021Q3,0.9613,1295,1329,font_heading,font_heading,LOGG3,2021-10-27,2021-10-27,2022-01-28,0.1954758856167306,0.0521515450377056,0.143324340579025
23272,LOG Commercial Properties e Participações,2023Q1,2023Q2,0.2646,68,46,font_heading,font_heading,LOGG3,2023-08-03,2023-08-03,2023-11-03,0.0892193308550186,-0.0201168015098298,0.1093361323648485
23272,LOG Commercial Properties e Participações,2023Q2,2023Q3,0.2829,46,66,font_heading,font_heading,LOGG3,2023-10-31,2023-10-31,2024-02-02,-0.0111003861003861,0.1240774671707218,-0.1351778532711079
23310,CVC Brasil Operadora e Agência de Viagens S.A.,2015Q1,2015Q2,0.6186,2601,887,font_heading,font_heading,CVCB3,2015-08-05,2015-08-05,2015-11-05,-0.1693989072556773,-0.0445542181947835,-0.1248446890608937
23310,CVC Brasil Operadora e Agência de Viagens S.A.,2015Q2,2015Q3,0.945,887,1155,font_heading,font_heading,CVCB3,2015-11-11,2015-11-11,2016-02-18,-0.198396793083996,-0.1187162182691559,-0.0796805748148401
23310,CVC Brasil Operadora e Agência de Viagens S.A.,2015Q3,2016Q1,0.8504,1155,1341,font_heading,font_heading,CVCB3,2016-05-05,2016-05-05,2016-08-03,0.2088218870584111,0.1046208862836901,0.1042010007747209
23310,CVC Brasil Operadora e Agência de Viagens S.A.,2016Q1,2016Q2,0.9306,1341,1618,font_heading,font_heading,CVCB3,2016-07-27,2016-07-27,2016-10-26,-0.0539999997001837,0.1226473470806384,-0.1766473467808221
23310,CVC Brasil Operadora e Agência de Viagens S.A.,2016Q2,2016Q3,0.9982,1618,1629,font_heading,font_heading,CVCB3,2016-11-03,2016-11-03,2017-02-03,0.1109715245529252,0.0518826102017209,0.0590889143512043
23310,CVC Brasil Operadora e Agência de Viagens S.A.,2016Q3,2017Q1,0.3641,1629,5457,font_heading,font_heading,CVCB3,2017-05-10,2017-05-10,2017-08-08,0.0959329403260156,0.0081545983925994,0.0877783419334161
23310,CVC Brasil Operadora e Agência de Viagens S.A.,2017Q1,2017Q2,0.9237,5457,6712,font_heading,font_heading,CVCB3,2017-08-09,2017-08-09,2017-11-09,0.1901960784319798,0.0777234758846692,0.1124726025473106
23310,CVC Brasil Operadora e Agência de Viagens S.A.,2017Q2,2017Q3,0.9989,6712,6756,font_heading,font_heading,CVCB3,2017-11-08,2017-11-08,2018-02-15,0.2716763006046301,0.133499356468723,0.1381769441359071
23310,CVC Brasil Operadora e Agência de Viagens S.A.,2017Q3,2018Q1,0.7945,6756,9916,font_heading,font_heading,CVCB3,2018-05-10,2018-05-10,2018-08-09,-0.2040171098979458,-0.0826125188094272,-0.1214045910885186
23310,CVC Brasil Operadora e Agência de Viagens S.A.,2018Q1,2018Q2,0.9461,9916,11766,font_heading,font_heading,CVCB3,2018-08-09,2018-08-09,2018-11-09,0.2957943925732136,0.0872590502817198,0.2085353422914937
23310,CVC Brasil Operadora e Agência de Viagens S.A.,2018Q2,2018Q3,0.8823,11766,21090,font_heading,font_heading,CVCB3,2018-11-09,2018-11-09,2019-02-15,0.1291020554931092,0.1387731443775723,-0.0096710888844631
23310,CVC Brasil Operadora e Agência de Viagens S.A.,2020Q1,2020Q2,0.9749,61156,63761,font_heading,font_heading,CVCB3,2020-10-20,2020-10-20,2021-01-22,0.1791237113402062,0.1675027203157357,0.0116209910244704
23310,CVC Brasil Operadora e Agência de Viagens S.A.,2020Q2,2020Q3,0.278,63761,5073,font_heading,font_heading,CVCB3,2020-11-13,2020-11-13,2021-02-19,0.2890733056708161,0.1308932135252045,0.1581800921456115
23310,CVC Brasil Operadora e Agência de Viagens S.A.,2020Q3,2021Q1,0.7925,5073,8543,font_heading,font_heading,CVCB3,2021-05-14,2021-05-14,2021-08-13,-0.2084864632198985,-0.0056372282365675,-0.2028492349833309
23310,CVC Brasil Operadora e Agência de Viagens S.A.,2021Q1,2021Q2,0.8012,8543,3760,font_heading,font_heading,CVCB3,2021-08-13,2021-08-13,2021-11-16,-0.1759702286018074,-0.1385392398535402,-0.0374309887482672
23310,CVC Brasil Operadora e Agência de Viagens S.A.,2021Q2,2021Q3,0.7864,3760,9085,font_heading,font_heading,CVCB3,2021-11-12,2021-11-12,2022-02-14,-0.1952983725135624,0.07114010179571,-0.2664384743092725
23310,CVC Brasil Operadora e Agência de Viagens S.A.,2021Q3,2022Q1,0.9405,9085,6730,font_heading,font_heading,CVCB3,2022-05-10,2022-05-10,2022-08-08,-0.3322119428090833,0.0513270592534531,-0.3835390020625364
23310,CVC Brasil Operadora e Agência de Viagens S.A.,2022Q1,2022Q2,0.9384,6730,7649,font_heading,font_heading,CVCB3,2022-08-09,2022-08-09,2022-11-09,-0.0664780763790665,0.0453657833955585,-0.111843859774625
23310,CVC Brasil Operadora e Agência de Viagens S.A.,2022Q2,2022Q3,1.0,7649,7650,font_heading,font_heading,CVCB3,2022-11-08,2022-11-08,2023-02-07,-0.3759398496240601,-0.0717165538843505,-0.3042232957397096
23310,CVC Brasil Operadora e Agência de Viagens S.A.,2022Q3,2023Q1,0.8786,7650,5143,font_heading,font_heading,CVCB3,2023-05-09,2023-05-09,2023-08-07,-0.0909090909090909,0.1145123787199502,-0.2054214696290411
23310,CVC Brasil Operadora e Agência de Viagens S.A.,2023Q1,2023Q2,0.8076,5143,8750,font_heading,font_heading,CVCB3,2023-08-08,2023-08-08,2023-11-08,0.076388888888889,0.0007257521691113,0.0756631367197777
23310,CVC Brasil Operadora e Agência de Viagens S.A.,2023Q2,2023Q3,0.9961,8750,8694,font_heading,font_heading,CVCB3,2023-11-03,2023-11-03,2024-02-06,-0.0307692307692307,0.1037266681770483,-0.1344958989462791
23310,CVC Brasil Operadora e Agência de Viagens S.A.,2023Q3,2024Q1,0.9566,8694,7683,font_heading,font_heading,CVCB3,2024-07-01,2024-07-01,2024-09-26,-0.0461538461538461,0.0664836298380819,-0.112637475991928
23310,CVC Brasil Operadora e Agência de Viagens S.A.,2024Q1,2024Q2,0.9989,7683,7635,font_heading,font_heading,CVCB3,2024-08-07,2024-08-07,2024-11-04,0.1276595744680853,0.0235339870451749,0.1041255874229103
23310,CVC Brasil Operadora e Agência de Viagens S.A.,2024Q2,2024Q3,0.7844,7635,7828,font_heading,font_heading,CVCB3,2024-11-12,2024-11-12,2025-02-17,-0.0235849056603775,0.0066861490425245,-0.030271054702902
24260,SMARTFIT ESCOLA DE GINÁSTICA E DANÇA S.A.,2017Q1,2017Q2,0.9988,8170,8173,font_heading,font_heading,SMFT3,2017-10-23,2021-07-14,2021-10-13,-0.2161290321027108,-0.1164317136257343,-0.0996973184769765
24260,SMARTFIT ESCOLA DE GINÁSTICA E DANÇA S.A.,2017Q2,2017Q3,0.9554,8173,10532,font_heading,font_heading,SMFT3,2018-01-19,2021-07-14,2021-10-13,-0.2161290321027108,-0.1164317136257343,-0.0996973184769765
24260,SMARTFIT ESCOLA DE GINÁSTICA E DANÇA S.A.,2017Q3,2018Q1,0.9278,10532,13050,font_heading,font_heading,SMFT3,2018-05-16,2021-07-14,2021-10-13,-0.2161290321027108,-0.1164317136257343,-0.0996973184769765
24260,SMARTFIT ESCOLA DE GINÁSTICA E DANÇA S.A.,2018Q1,2018Q2,0.9842,13050,13368,font_heading,font_heading,SMFT3,2018-08-16,2021-07-14,2021-10-13,-0.2161290321027108,-0.1164317136257343,-0.0996973184769765
24260,SMARTFIT ESCOLA DE GINÁSTICA E DANÇA S.A.,2018Q2,2018Q3,0.9787,13368,14390,font_heading,font_heading,SMFT3,2018-11-15,2021-07-14,2021-10-13,-0.2161290321027108,-0.1164317136257343,-0.0996973184769765
24260,SMARTFIT ESCOLA DE GINÁSTICA E DANÇA S.A.,2018Q3,2019Q1,0.9254,14390,10081,font_heading,font_heading,SMFT3,2019-05-20,2021-07-14,2021-10-13,-0.2161290321027108,-0.1164317136257343,-0.0996973184769765
24260,SMARTFIT ESCOLA DE GINÁSTICA E DANÇA S.A.,2021Q2,2021Q3,0.9988,9878,9842,font_heading,font_heading,SMFT3,2021-11-12,2021-11-12,2022-02-14,-0.2152505444977923,0.07114010179571,-0.2863906462935024
24260,SMARTFIT ESCOLA DE GINÁSTICA E DANÇA S.A.,2021Q3,2022Q1,0.5365,9842,1557,font_heading,font_heading,SMFT3,2022-05-12,2022-05-12,2022-08-10,-0.1231746029643646,0.0430336035509923,-0.166208206515357
24260,SMARTFIT ESCOLA DE GINÁSTICA E DANÇA S.A.,2022Q1,2022Q2,0.1625,1557,168,font_heading,font_heading,SMFT3,2022-08-10,2022-08-10,2022-11-10,0.1513396090646868,-0.0041755960134894,0.1555152050781763
24260,SMARTFIT ESCOLA DE GINÁSTICA E DANÇA S.A.,2022Q2,2022Q3,1.0,168,168,font_heading,font_heading,SMFT3,2022-11-09,2022-11-09,2023-02-08,-0.0767908313324909,-0.0319475006579057,-0.0448433306745852
24260,SMARTFIT ESCOLA DE GINÁSTICA E DANÇA S.A.,2022Q3,2023Q1,0.111,168,784,font_heading,font_heading,SMFT3,2023-05-11,2023-05-11,2023-08-09,0.3933933933751996,0.0937807833994111,0.2996126099757885
24260,SMARTFIT ESCOLA DE GINÁSTICA E DANÇA S.A.,2023Q1,2023Q2,1.0,784,784,font_heading,font_heading,SMFT3,2023-08-09,2023-08-09,2023-11-09,-0.0991379311506808,0.0052814500142177,-0.1044193811648985
24260,SMARTFIT ESCOLA DE GINÁSTICA E DANÇA S.A.,2023Q2,2023Q3,0.8315,784,1337,font_heading,font_heading,SMFT3,2023-11-08,2023-11-08,2024-02-09,0.2013487477595779,0.0742513614451554,0.1270973863144224
24260,SMARTFIT ESCOLA DE GINÁSTICA E DANÇA S.A.,2023Q3,2024Q1,0.2128,1337,1043,font_heading,font_heading,SMFT3,2024-05-09,2024-05-09,2024-08-07,-0.0798980025739862,-0.0052614769798875,-0.0746365255940987
24295,VIBRA ENERGIA S.A.,2021Q1,2021Q2,0.9545,2794,3158,font_heading,font_heading,VBBR3,2021-08-10,2021-08-10,2021-11-10,-0.1959412176493963,-0.1328529611553678,-0.0630882564940285
24295,VIBRA ENERGIA S.A.,2021Q2,2021Q3,0.6141,3158,1795,font_heading,font_heading,VBBR3,2021-11-15,2021-11-16,2022-02-15,0.0577698163342259,0.0998482237116973,-0.0420784073774713
24392,HAPVIDA PARTICIPACOES E INVESTIMENTOS SA,2019Q2,2019Q3,0.0261,774,272,font_heading,font_heading,HAPV3,2019-11-13,2019-11-13,2020-02-18,0.0440785976738997,0.084077880445031,-0.0399992827711312
24392,HAPVIDA PARTICIPACOES E INVESTIMENTOS SA,2019Q3,2020Q1,0.0869,272,4843,font_heading,font_heading,HAPV3,2020-05-20,2020-05-20,2020-08-18,0.2363457763588752,0.2551167033225139,-0.0187709269636386
24392,HAPVIDA PARTICIPACOES E INVESTIMENTOS SA,2022Q1,2022Q2,0.9845,8965,9134,font_heading,font_heading,HAPV3,2022-08-11,2022-08-11,2022-11-11,-0.0469696969696968,0.0231097120489138,-0.0700794090186107
24392,HAPVIDA PARTICIPACOES E INVESTIMENTOS SA,2023Q1,2023Q2,0.884,4650,5262,font_heading,font_heading,HAPV3,2024-11-29,2024-11-29,2025-03-06,-0.2296296296296296,-0.018384020795139,-0.2112456088344906
24392,HAPVIDA PARTICIPACOES E INVESTIMENTOS SA,2023Q2,2023Q3,0.9965,5262,5274,font_heading,font_heading,HAPV3,2024-11-29,2024-11-29,2025-03-06,-0.2296296296296296,-0.018384020795139,-0.2112456088344906
24392,HAPVIDA PARTICIPACOES E INVESTIMENTOS SA,2023Q3,2024Q1,0.7499,5274,14266,font_heading,font_heading,HAPV3,2024-05-21,2024-05-21,2024-08-19,-0.0066964285714284,0.0656646120387045,-0.072361040610133
24392,HAPVIDA PARTICIPACOES E INVESTIMENTOS SA,2024Q1,2024Q2,0.9708,14266,15298,font_heading,font_heading,HAPV3,2024-08-19,2024-08-19,2024-11-14,-0.2876404494382023,-0.0588194050316553,-0.2288210444065469
24392,HAPVIDA PARTICIPACOES E INVESTIMENTOS SA,2024Q2,2024Q3,0.984,15298,15631,font_heading,font_heading,HAPV3,2024-11-12,2024-11-12,2025-02-17,-0.2326283987915408,0.0066861490425245,-0.2393145478340653
24716,VAMOS LOCAÇÃO DE CAMINHÕES. MÁQUINAS E EQUIP. S.A.,2019Q1,2019Q2,0.8923,7559,8737,font_heading,font_heading,VAMO3,2019-08-14,2021-01-29,2021-05-04,0.4264090178005659,0.0229817181299158,0.40342729967065
24716,VAMOS LOCAÇÃO DE CAMINHÕES. MÁQUINAS E EQUIP. S.A.,2019Q2,2019Q3,0.9058,8737,10778,font_heading,font_heading,VAMO3,2019-11-08,2021-01-29,2021-05-04,0.4264090178005659,0.0229817181299158,0.40342729967065
24716,VAMOS LOCAÇÃO DE CAMINHÕES. MÁQUINAS E EQUIP. S.A.,2019Q3,2020Q1,0.8289,10778,12847,font_heading,font_heading,VAMO3,2020-05-14,2021-01-29,2021-05-04,0.4264090178005659,0.0229817181299158,0.40342729967065
24716,VAMOS LOCAÇÃO DE CAMINHÕES. MÁQUINAS E EQUIP. S.A.,2020Q3,2021Q1,0.9104,13523,12970,font_heading,font_heading,VAMO3,2021-04-27,2021-04-27,2021-07-27,0.7925504393533336,0.0437535079840691,0.7487969313692644
24716,VAMOS LOCAÇÃO DE CAMINHÕES. MÁQUINAS E EQUIP. S.A.,2021Q1,2021Q2,0.0533,12970,237,font_heading,font_heading,VAMO3,2021-07-27,2021-07-27,2021-10-26,-0.3137085135125984,-0.1459931276298123,-0.1677153858827861
24716,VAMOS LOCAÇÃO DE CAMINHÕES. MÁQUINAS E EQUIP. S.A.,2021Q2,2021Q3,0.0063,237,3627,font_heading,font_heading,VAMO3,2021-10-28,2021-10-28,2022-01-31,0.0406779661714227,0.0609105760032451,-0.0202326098318224
24716,VAMOS LOCAÇÃO DE CAMINHÕES. MÁQUINAS E EQUIP. S.A.,2021Q3,2022Q1,0.6199,3627,14856,font_heading,font_heading,VAMO3,2022-04-28,2022-04-28,2022-07-27,-0.1007299265993501,-0.0771569275075994,-0.0235729990917507
24716,VAMOS LOCAÇÃO DE CAMINHÕES. MÁQUINAS E EQUIP. S.A.,2022Q1,2022Q2,0.6921,14856,7556,font_heading,font_heading,VAMO3,2022-07-28,2022-07-28,2022-10-27,0.2174603167973459,0.1173927104449599,0.1000676063523859
24716,VAMOS LOCAÇÃO DE CAMINHÕES. MÁQUINAS E EQUIP. S.A.,2022Q2,2022Q3,0.8016,7556,16661,font_heading,font_heading,VAMO3,2022-10-27,2022-10-27,2023-01-27,-0.0730117339245978,-0.0202772556636923,-0.0527344782609054
24805,VIVARA PARTICIPAÇOES S.A,2021Q3,2022Q1,0.871,2703,2074,font_heading,font_heading,VIVA3,2022-05-09,2022-05-09,2022-08-05,0.0319792566983576,0.0312048365704915,0.0007744201278661
24805,VIVARA PARTICIPAÇOES S.A,2022Q1,2022Q2,0.9562,2074,2347,font_heading,font_heading,VIVA3,2022-08-11,2022-08-11,2022-11-11,-0.0609452736318408,0.0231097120489138,-0.0840549856807547
24805,VIVARA PARTICIPAÇOES S.A,2022Q2,2022Q3,0.9359,2347,2668,font_heading,font_heading,VIVA3,2022-11-10,2022-11-10,2023-02-09,-0.0323003055434307,-0.0161002285938952,-0.0162000769495355
24805,VIVARA PARTICIPAÇOES S.A,2022Q3,2023Q1,0.8872,2668,1882,font_heading,font_heading,VIVA3,2023-05-08,2023-05-08,2023-08-04,0.4058988764044944,0.1269828082512472,0.2789160681532472
24805,VIVARA PARTICIPAÇOES S.A,2023Q1,2023Q2,0.9873,1882,1918,font_heading,font_heading,VIVA3,2023-08-07,2023-08-07,2023-11-07,-0.0838343353373414,-0.0009334936065237,-0.0829008417308176
24805,VIVARA PARTICIPAÇOES S.A,2023Q2,2023Q3,0.9059,1918,2538,font_heading,font_heading,VIVA3,2023-11-08,2023-11-08,2024-02-09,0.1691122523844459,0.0742513614451554,0.0948608909392905
24805,VIVARA PARTICIPAÇOES S.A,2023Q3,2024Q1,0.986,2538,2454,font_heading,font_heading,VIVA3,2024-05-06,2024-05-06,2024-08-02,0.0559167750325098,-0.0203291633742831,0.0762459384067929
24805,VIVARA PARTICIPAÇOES S.A,2024Q1,2024Q2,0.9445,2454,2121,font_heading,font_heading,VIVA3,2024-08-08,2024-08-08,2024-11-05,0.0604462474645031,0.0155437301532523,0.0449025173112507
24805,VIVARA PARTICIPAÇOES S.A,2024Q2,2024Q3,0.9538,2121,2639,font_heading,font_heading,VIVA3,2024-11-07,2024-11-07,2025-02-12,-0.2480961923847694,-0.040880787343164,-0.2072154050416054
24821,REDE DOR SÃO LUIZ S.A.,2019Q1,2019Q2,0.984,6035,6653,font_heading,font_heading,RDOR3,2020-11-15,2020-12-10,2021-03-18,0.0019230769230769,-0.0025467166594443,0.0044697935825213
24821,REDE DOR SÃO LUIZ S.A.,2020Q1,2020Q2,0.5963,6601,27178,font_heading,font_heading,RDOR3,2020-11-15,2020-12-10,2021-03-18,0.0019230769230769,-0.0025467166594443,0.0044697935825213
24821,REDE DOR SÃO LUIZ S.A.,2021Q2,2021Q3,0.6615,8440,27255,font_heading,font_heading,RDOR3,2021-11-03,2021-11-03,2022-02-03,-0.2595505617977527,0.0575576555565739,-0.3171082173543267
24821,REDE DOR SÃO LUIZ S.A.,2021Q3,2022Q1,0.8874,27255,22524,font_heading,font_heading,RDOR3,2022-05-12,2022-05-12,2022-08-10,0.1015432098765432,0.0430336035509923,0.0585096063255508
24821,REDE DOR SÃO LUIZ S.A.,2022Q1,2022Q2,0.9684,22524,24669,font_heading,font_heading,RDOR3,2022-08-15,2022-08-15,2022-11-16,-0.2348717948717948,-0.0246713363775454,-0.2102004584942494
24821,REDE DOR SÃO LUIZ S.A.,2022Q2,2022Q3,0.8518,24669,22502,font_heading,font_heading,RDOR3,2022-11-09,2022-11-09,2023-02-08,-0.1136222910216717,-0.0319475006579057,-0.081674790363766
24821,REDE DOR SÃO LUIZ S.A.,2023Q2,2023Q3,0.9882,12350,13900,font_heading,font_heading,RDOR3,2024-03-27,2024-03-27,2024-06-27,0.0661736084079407,-0.0264920790579604,0.0926656874659012
24821,REDE DOR SÃO LUIZ S.A.,2024Q2,2024Q3,0.9997,11779,11753,font_heading,font_heading,RDOR3,2024-11-13,2024-11-13,2025-02-18,0.0214504596527067,0.0062460327675006,0.015204426885206
24910,LWSA S/A (Locaweb),2019Q1,2019Q2,0.3897,9728,2054,font_heading,font_heading,LWSA3,2020-01-14,2020-02-06,2020-05-12,0.1529126213592231,-0.3239695286049137,0.4768821499641368
24910,LWSA S/A (Locaweb),2019Q2,2019Q3,0.3517,2054,12480,font_heading,font_heading,LWSA3,2020-01-14,2020-02-06,2020-05-12,0.1529126213592231,-0.3239695286049137,0.4768821499641368
24910,LWSA S/A (Locaweb),2019Q3,2020Q1,0.2781,12480,2415,font_heading,font_heading,LWSA3,2020-05-13,2020-05-13,2020-08-11,1.2315352697095436,0.3137650728666541,0.9177701968428896
24910,LWSA S/A (Locaweb),2020Q3,2021Q1,0.6516,2796,1537,font_heading,font_heading,LWSA3,2021-05-12,2021-05-12,2021-08-11,0.1192341166231505,0.0195999449670174,0.099634171656133
24910,LWSA S/A (Locaweb),2021Q1,2021Q2,0.9855,1537,1529,font_heading,font_heading,LWSA3,2021-08-11,2021-08-11,2021-11-11,-0.187402799377916,-0.1184835625908494,-0.0689192367870665
24910,LWSA S/A (Locaweb),2021Q2,2021Q3,0.9936,1529,1487,font_heading,font_heading,LWSA3,2021-11-10,2021-11-10,2022-02-10,-0.5342857142857143,0.0698351787260076,-0.6041208930117219
24910,LWSA S/A (Locaweb),2021Q3,2022Q1,0.7468,1487,1620,font_heading,font_heading,LWSA3,2022-05-12,2022-05-12,2022-08-10,0.7504761904761903,0.0430336035509923,0.7074425869251979
24910,LWSA S/A (Locaweb),2023Q1,2023Q2,0.9545,1223,1138,font_heading,font_heading,LWSA3,2023-08-10,2023-08-10,2023-11-10,-0.1974358974358974,0.0187456484855039,-0.2161815459214013
24910,LWSA S/A (Locaweb),2023Q2,2023Q3,0.9628,1138,1212,font_heading,font_heading,LWSA3,2023-11-09,2023-11-09,2024-02-14,-0.1739788199697428,0.0670744544380292,-0.2410532744077721
24910,LWSA S/A (Locaweb),2023Q3,2024Q1,0.5867,1212,1594,font_heading,font_heading,LWSA3,2024-05-09,2024-05-09,2024-08-07,-0.0994152046783625,-0.0052614769798875,-0.0941537276984749
24910,LWSA S/A (Locaweb),2024Q1,2024Q2,0.9793,1594,1633,font_heading,font_heading,LWSA3,2024-08-13,2024-08-13,2024-11-08,-0.0947368421052632,-0.0345033235781484,-0.0602335185271147
24910,LWSA S/A (Locaweb),2024Q2,2024Q3,0.9608,1633,1581,font_heading,font_heading,LWSA3,2024-11-07,2024-11-07,2025-02-12,-0.2892938496583143,-0.040880787343164,-0.2484130623151502
24929,TIM S.A.,2019Q1,2019Q2,0.9831,7140,6776,font_heading,font_heading,TIMS3,2019-11-01,2019-11-01,2020-02-06,0.451134380453752,0.0646458820876263,0.3864884983661256
24929,TIM S.A.,2019Q2,2019Q3,0.9808,6776,7160,font_heading,font_heading,TIMS3,2020-02-06,2020-02-06,2020-05-12,-0.2399278412507516,-0.3239695286049137,0.084041687354162
24929,TIM S.A.,2019Q3,2020Q1,0.7589,7160,5951,font_heading,font_heading,TIMS3,2020-05-05,2020-05-05,2020-08-03,0.0992805755395682,0.293934701534325,-0.1946541259947567
24929,TIM S.A.,2020Q1,2020Q2,0.9488,5951,6836,font_heading,font_heading,TIMS3,2020-07-29,2020-07-29,2020-10-28,-0.173270651443922,-0.096931211720635,-0.076339439723287
24929,TIM S.A.,2020Q2,2020Q3,0.949,6836,7283,font_heading,font_heading,TIMS3,2020-11-03,2020-11-03,2021-02-05,0.1898625429553264,0.2527674859613555,-0.0629049430060291
24929,TIM S.A.,2020Q3,2021Q1,0.79,7283,3942,font_heading,font_heading,TIMS3,2021-05-05,2021-05-05,2021-08-04,-0.0700896495517522,0.0187076525428464,-0.0887973020945986
24929,TIM S.A.,2021Q1,2021Q2,0.8603,3942,5990,font_heading,font_heading,TIMS3,2021-07-26,2021-07-26,2021-10-25,0.0363636363636363,-0.1372125425363952,0.1735761789000316
24929,TIM S.A.,2021Q2,2021Q3,0.984,5990,5976,font_heading,font_heading,TIMS3,2021-10-25,2021-10-25,2022-01-26,0.0593149540517961,0.0236824785642766,0.0356324754875194
24929,TIM S.A.,2021Q3,2022Q1,0.8685,5976,4426,font_heading,font_heading,TIMS3,2022-05-03,2022-05-03,2022-08-01,-0.0830882352941175,-0.0403931958228106,-0.0426950394713069
24929,TIM S.A.,2022Q3,2023Q2,0.8959,5027,4213,font_heading,font_heading,TIMS3,2023-07-31,2023-07-31,2023-10-30,0.0432357043235704,-0.0771791865345589,0.1204148908581294
24929,TIM S.A.,2023Q2,2023Q3,0.9934,4213,4226,font_heading,font_heading,TIMS3,2023-11-06,2023-11-06,2024-02-07,0.133789670192906,0.0972602248139742,0.0365294453789317
24929,TIM S.A.,2023Q3,2024Q1,0.8898,4226,3733,font_heading,font_heading,TIMS3,2024-05-06,2024-05-06,2024-08-02,-0.046900269541779,-0.0203291633742831,-0.0265711061674959
24929,TIM S.A.,2024Q1,2024Q2,0.8989,3733,4406,font_heading,font_heading,TIMS3,2024-07-30,2024-07-30,2024-10-25,0.0354306658521685,0.0297616419192732,0.0056690239328953
24929,TIM S.A.,2024Q2,2024Q3,0.6971,4406,4440,font_heading,font_heading,TIMS3,2024-11-04,2024-11-04,2025-02-07,-0.0684931506849314,-0.0451702830001106,-0.0233228676848208
25100,CURY CONSTRUTORA E INCORPORADORA S.A.,2020Q1,2020Q2,0.9808,3916,4173,font_heading,font_heading,CURY3,2020-08-10,2020-09-21,2020-12-21,0.0792811839323466,0.1941613589423814,-0.1148801750100347
25291,BRAVA ENERGIA S.A.,2020Q3,2021Q1,0.0437,814,1854,font_heading,font_heading,BRAV3,2021-05-13,2021-05-13,2021-08-12,-0.0031830238726791,-4.084307056717584e-05,-0.0031421808021119
25291,BRAVA ENERGIA S.A.,2021Q1,2021Q2,0.9841,1854,1856,font_heading,font_heading,BRAV3,2021-08-04,2021-08-04,2021-11-04,-0.1329987452948556,-0.1509764968673136,0.0179777515724579
25291,BRAVA ENERGIA S.A.,2021Q2,2021Q3,1.0,1856,1853,font_heading,font_heading,BRAV3,2021-11-10,2021-11-10,2022-02-10,0.1301671064204046,0.0698351787260076,0.0603319276943969
25372,SENDAS DISTRIBUIDORA S.A.,2024Q1,2024Q2,0.8703,6714,5204,font_heading,font_heading,ASAI3,2024-08-08,2024-08-08,2024-11-05,-0.2650717703349282,0.0155437301532523,-0.2806155004881806
25372,SENDAS DISTRIBUIDORA S.A.,2024Q2,2024Q3,0.6769,5204,12166,font_heading,font_heading,ASAI3,2024-11-07,2024-11-07,2025-02-12,-0.0124653739612188,-0.040880787343164,0.0284154133819451
25585,CSN MINERAÇÃO S.A.,2020Q1,2020Q2,0.9981,2311,2312,font_heading,font_heading,CMIN3,2021-01-27,2021-02-18,2021-05-20,0.0377777777777776,0.0293779384167496,0.008399839361028
25585,CSN MINERAÇÃO S.A.,2020Q2,2020Q3,0.1948,2312,259,font_heading,font_heading,CMIN3,2021-01-27,2021-02-18,2021-05-20,0.0377777777777776,0.0293779384167496,0.008399839361028
25585,CSN MINERAÇÃO S.A.,2021Q3,2022Q1,0.843,3614,2385,font_heading,font_heading,CMIN3,2022-05-04,2022-05-04,2022-08-02,-0.3225190839694657,-0.0459836442788481,-0.2765354396906175
25585,CSN MINERAÇÃO S.A.,2022Q1,2022Q2,0.1832,2385,281,font_heading,font_heading,CMIN3,2022-08-15,2022-08-15,2022-11-16,-0.0077120822622108,-0.0246713363775454,0.0169592541153346
25585,CSN MINERAÇÃO S.A.,2022Q2,2022Q3,0.3129,281,3712,font_heading,font_heading,CMIN3,2022-10-31,2022-10-31,2023-01-31,0.6181818181818182,-0.0224629920022118,0.64064481018403
25585,CSN MINERAÇÃO S.A.,2022Q3,2023Q1,0.8915,3712,2868,font_heading,font_heading,CMIN3,2023-05-03,2023-05-03,2023-08-01,-0.0156599552572705,0.1910791359556545,-0.2067390912129251
25585,CSN MINERAÇÃO S.A.,2023Q1,2023Q2,0.8383,2868,2766,font_heading,font_heading,CMIN3,2023-08-02,2023-08-02,2023-11-01,0.2337962962962962,-0.0480375764363547,0.281833872732651
25585,CSN MINERAÇÃO S.A.,2023Q2,2023Q3,0.9253,2766,3176,font_heading,font_heading,CMIN3,2023-11-13,2023-11-13,2024-02-16,0.0533980582524271,0.0690615252847828,-0.0156634670323556
25585,CSN MINERAÇÃO S.A.,2023Q3,2024Q1,0.8943,3176,3045,font_heading,font_heading,CMIN3,2024-05-09,2024-05-09,2024-08-07,-0.0511811023622046,-0.0052614769798875,-0.045919625382317
25585,CSN MINERAÇÃO S.A.,2024Q1,2024Q2,0.8969,3045,2969,font_heading,font_heading,CMIN3,2024-08-12,2024-08-12,2024-11-07,0.2555780933062881,-0.0109384140291146,0.2665165073354028
25585,CSN MINERAÇÃO S.A.,2024Q2,2024Q3,0.9685,2969,2982,font_heading,font_heading,CMIN3,2025-01-13,2025-01-13,2025-04-14,0.2282828282828282,0.0877846357350786,0.1404981925477495
25780,PETRORECÔNCAVO S.A.,2021Q3,2022Q1,0.6173,6959,6528,font_heading,font_heading,RECV3,2022-05-05,2022-05-05,2022-08-03,-0.0354609929078013,-0.0145246832058629,-0.0209363097019383
25780,PETRORECÔNCAVO S.A.,2022Q1,2022Q3,0.61,6528,4373,font_heading,font_heading,RECV3,2022-11-10,2022-11-10,2023-02-09,-0.1141141141141139,-0.0161002285938952,-0.0980138855202187
25780,PETRORECÔNCAVO S.A.,2022Q3,2023Q1,0.811,4373,4762,font_heading,font_heading,RECV3,2023-05-12,2023-05-12,2023-08-10,0.2522380200105321,0.0911433709151363,0.1610946490953957
25780,PETRORECÔNCAVO S.A.,2024Q1,2024Q2,0.1713,2870,125,font_heading,font_heading,RECV3,2024-08-08,2024-08-08,2024-11-05,-0.1628585318424891,0.0155437301532523,-0.1784022619957415
25780,PETRORECÔNCAVO S.A.,2024Q2,2024Q3,0.1808,125,7819,font_heading,font_heading,RECV3,2024-11-07,2024-11-07,2025-02-12,-0.0919674039580907,-0.040880787343164,-0.0510866166149267
25917,Raízen S.A.,2020Q2,2020Q3,0.947,3455,3148,font_heading,font_heading,RAIZ4,2021-03-16,2021-08-05,2021-11-05,-0.0676795580110497,-0.1381919467196873,0.0705123887086376
25917,Raízen S.A.,2022Q2,2022Q3,0.9368,6694,8047,font_heading,font_heading,RAIZ4,2022-11-10,2022-11-10,2023-02-09,-0.2019464720194648,-0.0161002285938952,-0.1858462434255695
25917,Raízen S.A.,2022Q3,2023Q2,0.8887,8047,7519,font_heading,font_heading,RAIZ4,2023-08-14,2023-08-14,2023-11-14,-0.0079575596816975,0.0544151569798871,-0.0623727166615847
25917,Raízen S.A.,2023Q2,2023Q3,0.8258,7519,7499,font_heading,font_heading,RAIZ4,2023-11-13,2023-11-13,2024-02-16,0.0156657963446475,0.0690615252847828,-0.0533957289401352
25917,Raízen S.A.,2023Q3,2024Q2,0.8689,7499,7792,font_heading,font_heading,RAIZ4,2024-08-13,2024-08-13,2024-11-08,-0.2064896755162242,-0.0345033235781484,-0.1719863519380757
25917,Raízen S.A.,2024Q2,2024Q3,0.9054,7792,9248,font_heading,font_heading,RAIZ4,2024-11-12,2024-11-12,2025-02-17,-0.3018867924528301,0.0066861490425245,-0.3085729414953546
26620,AUREN ENERGIA S.A.,2022Q1,2022Q2,0.8998,4584,5508,font_heading,font_heading,AURE3,2022-08-11,2022-08-11,2022-11-11,-0.0093457943925233,0.0231097120489138,-0.0324555064414372
26620,AUREN ENERGIA S.A.,2022Q2,2022Q3,0.9906,5508,5446,font_heading,font_heading,AURE3,2022-10-26,2022-10-26,2023-01-26,0.0552486187845302,0.0125373579586143,0.0427112608259159
26620,AUREN ENERGIA S.A.,2022Q3,2023Q1,0.8161,5446,5033,font_heading,font_heading,AURE3,2023-06-05,2023-06-05,2023-09-01,-0.0021520803443327,0.0461118872381991,-0.0482639675825319
26620,AUREN ENERGIA S.A.,2023Q1,2023Q2,0.8781,5033,7085,font_heading,font_heading,AURE3,2023-08-02,2023-08-02,2023-11-01,-0.0460339943342775,-0.0480375764363547,0.0020035821020771
26620,AUREN ENERGIA S.A.,2023Q2,2023Q3,0.9397,7085,6555,font_heading,font_heading,AURE3,2023-10-31,2023-10-31,2024-02-02,-0.0417287630402385,0.1240774671707218,-0.1658062302109604
26620,AUREN ENERGIA S.A.,2023Q3,2024Q1,0.956,6555,5789,font_heading,font_heading,AURE3,2024-05-07,2024-05-07,2024-08-05,-0.004269854824936,-0.0305001575723579,0.0262303027474218
26620,AUREN ENERGIA S.A.,2024Q1,2024Q2,0.956,5789,6208,font_heading,font_heading,AURE3,2024-08-01,2024-08-01,2024-10-29,-0.1611336032388663,0.0261770664648797,-0.1873106697037461
26620,AUREN ENERGIA S.A.,2024Q2,2024Q3,0.9877,6208,6992,font_heading,font_heading,AURE3,2024-10-30,2024-10-30,2025-02-04,-0.2222222222222222,-0.0420387183553375,-0.1801835038668846
