cd_cvm,quarter_curr,year_curr,ticker,window_start,window_end,TextChange,cosine_similarity,BHAR_raw,BHAR_ajustado
2437,2011Q2,2011,AXIA3,2011-08-26,2011-11-29,0.007299999999999973,0.9927,0.02833704496574585,0.02833704496574585
2437,2011Q3,2011,AXIA3,2011-11-16,2012-02-15,0.005900000000000016,0.9941,0.09868418146517488,0.09868418146517488
2437,2012Q1,2012,AXIA3,2012-06-01,2012-08-31,0.4283,0.5717,0.03902223877595934,0.03902223877595934
2437,2012Q2,2012,AXIA3,2012-08-14,2012-11-14,0.015800000000000036,0.9842,-0.31643941126130404,-0.31643941126130404
2437,2012Q3,2012,AXIA3,2012-11-14,2013-02-22,0.8021,0.1979,-0.30644035112702284,-0.30644035112702284
2437,2013Q1,2013,AXIA3,2013-05-15,2013-08-14,0.8755,0.1245,0.4009400517506856,0.4009400517506856
2437,2013Q2,2013,AXIA3,2013-08-14,2013-11-11,0.011700000000000044,0.9883,0.3900103572825522,0.3900103572825522
2437,2013Q3,2013,AXIA3,2013-11-14,2014-02-19,0.26739999999999997,0.7326,-0.042415900269292206,-0.042415900269292206
2437,2014Q1,2014,AXIA3,2014-05-15,2014-08-15,0.41290000000000004,0.5871,-0.21400885560017346,-0.21400885560017346
2437,2014Q2,2014,AXIA3,2014-08-12,2014-11-07,0.00019999999999997797,0.9998,-0.013153508290577709,-0.013153508290577709
2437,2014Q3,2014,AXIA3,2014-11-14,2015-02-20,0.00019999999999997797,0.9998,-0.14744090602584614,-0.14744090602584614
2437,2015Q1,2015,AXIA3,2015-05-15,2015-08-14,0.050799999999999956,0.9492,-0.1070366464604452,-0.1070366464604452
2437,2015Q2,2015,AXIA3,2015-08-14,2015-11-16,0.01849999999999996,0.9815,0.19355560945775308,0.19355560945775308
2437,2015Q3,2015,AXIA3,2015-11-12,2016-02-19,0.03520000000000001,0.9648,0.04208998360463734,0.04208998360463734
2437,2016Q1,2016,AXIA3,2016-05-11,2016-08-09,0.04620000000000002,0.9538,0.7540706063213283,0.7496355521156113
2437,2016Q2,2016,AXIA3,2016-08-15,2016-11-16,0.007399999999999962,0.9926,-0.11303212343016777,-0.11303212343016777
2437,2016Q3,2016,AXIA3,2016-11-09,2017-02-09,0.012499999999999956,0.9875,-0.43363084502744087,-0.43363084502744087
2437,2017Q1,2017,AXIA3,2017-05-12,2017-08-10,0.016700000000000048,0.9833,-0.33912783317890705,-0.33912783317890705
2437,2017Q2,2017,AXIA3,2017-08-14,2017-11-14,0.04239999999999999,0.9576,0.4906644825984048,0.4906644825984048
2437,2017Q3,2017,AXIA3,2017-11-13,2018-02-20,0.06940000000000002,0.9306,-0.052409646271449506,-0.052409646271449506
2437,2018Q1,2018,AXIA3,2018-05-15,2018-08-14,0.18079999999999996,0.8192,-0.0053998739440982435,-0.0053998739440982435
2437,2018Q2,2018,AXIA3,2018-08-14,2018-11-14,0.07279999999999998,0.9272,0.1378245541062586,0.1378245541062586
2437,2018Q3,2018,AXIA3,2018-11-12,2019-02-18,0.049000000000000044,0.951,0.2442473935260352,0.2442473935260352
2437,2019Q1,2019,AXIA3,2019-05-13,2019-08-12,0.35650000000000004,0.6435,0.26061701325876485,0.26061701325876485
2437,2019Q2,2019,AXIA3,2019-08-12,2019-11-07,0.25070000000000003,0.7493,-0.20434654989620715,-0.20434654989620715
2437,2019Q3,2019,AXIA3,2019-11-11,2020-02-14,0.05369999999999997,0.9463,-0.20976495319909705,-0.20976495319909705
2437,2020Q1,2020,AXIA3,2020-05-28,2020-08-26,0.18089999999999995,0.8191,-0.074482181628167,-0.074482181628167
2437,2020Q2,2020,AXIA3,2020-08-12,2020-11-12,0.044399999999999995,0.9556,-0.11928119232527956,-0.11928119232527956
2437,2020Q3,2020,AXIA3,2020-11-11,2021-02-17,0.9319999999999999,0.068,-0.25502755182428716,-0.25502755182428716
2437,2021Q1,2021,AXIA3,2021-06-10,2021-09-09,0.8936,0.1064,-0.06778563333826759,-0.06778563333826759
2437,2021Q2,2021,AXIA3,2021-08-11,2021-11-11,0.44199999999999995,0.558,-0.026617566218598898,-0.026617566218598898
2437,2021Q3,2021,AXIA3,2021-11-16,2022-02-15,0.7881,0.2119,-0.09426052683940589,-0.09426052683940589
2437,2022Q1,2022,AXIA3,2022-06-06,2022-09-02,0.8153,0.1847,0.007383359974406201,0.007383359974406201
2437,2022Q2,2022,AXIA3,2022-08-12,2022-11-14,0.3971,0.6029,-0.10042631851198403,-0.10042631851198403
2437,2022Q3,2022,AXIA3,2022-11-09,2023-02-08,0.3953,0.6047,-0.24248347006253734,-0.24248347006253734
2437,2023Q1,2023,AXIA3,2023-05-04,2023-08-02,0.8154,0.1846,-0.018281086068325125,-0.018281086068325125
2437,2023Q2,2023,AXIA3,2023-08-07,2023-11-07,0.742,0.258,0.17410525998312054,0.17410525998312054
2437,2023Q3,2023,AXIA3,2023-11-08,2024-02-09,0.05010000000000003,0.9499,0.12602286076873237,0.12602286076873237
2437,2024Q1,2024,AXIA3,2024-07-31,2024-10-28,0.9034,0.0966,-0.03243370841021076,-0.03243370841021076
2437,2024Q2,2024,AXIA3,2024-08-22,2024-11-21,0.5507,0.4493,-0.07930229075250239,-0.07930229075250239
2437,2024Q3,2024,AXIA3,2024-11-06,2025-02-11,0.7738,0.2262,0.04350872988679022,0.04350872988679022
2437,2025Q1,2025,AXIA3,2025-05-14,2025-08-12,0.47440000000000004,0.5256,0.04489760011519639,0.04489760011519639
2437,2025Q2,2025,AXIA3,2025-08-06,2025-11-03,0.018000000000000016,0.982,0.4635862980231673,0.4635862980231673
2437,2025Q3,2025,AXIA3,2025-11-05,2026-02-09,0.8121,0.1879,0.1259337825194482,0.1259337825194482
2453,2011Q2,2011,CMIG4,2011-08-22,2011-11-23,0.17920000000000003,0.8208,-0.020872384203941663,-0.020872384203941663
2453,2011Q3,2011,CMIG4,2011-11-14,2012-02-14,0.17290000000000005,0.8271,0.16503023044098986,0.16503023044098986
2453,2012Q1,2012,CMIG4,2012-05-30,2012-08-29,0.2015,0.7985,-0.01189736219119475,-0.01189736219119475
2453,2012Q2,2012,CMIG4,2012-08-14,2012-11-14,0.05900000000000005,0.941,-0.4445643086357668,-0.4445643086357668
2453,2012Q3,2012,CMIG4,2012-11-14,2013-02-22,0.2157,0.7843,-0.04203957859066543,-0.04203957859066543
2453,2013Q1,2013,CMIG4,2013-05-15,2013-08-14,0.46909999999999996,0.5309,0.015236803789973052,0.015236803789973052
2453,2013Q2,2013,CMIG4,2013-08-14,2013-11-11,0.12960000000000005,0.8704,-0.09509828813724464,-0.09509828813724464
2453,2013Q3,2013,CMIG4,2013-11-14,2014-02-19,0.11280000000000001,0.8872,-0.01686110439438504,-0.01686110439438504
2453,2014Q1,2014,CMIG4,2014-05-15,2014-08-15,0.13219999999999998,0.8678,0.10367766214375806,0.10367766214375806
2453,2014Q2,2014,CMIG4,2014-08-13,2014-11-10,0.08499999999999996,0.915,-0.3024987246986911,-0.3024987246986911
2453,2014Q3,2014,CMIG4,2014-11-13,2015-02-19,0.00539999999999996,0.9946,-0.09333064817633252,-0.09333064817633252
2453,2015Q1,2015,CMIG4,2015-05-15,2015-08-14,0.19330000000000003,0.8067,-0.3482709722828613,-0.3482709722828613
2453,2015Q2,2015,CMIG4,2015-08-14,2015-11-16,0.025599999999999956,0.9744,-0.0769096110413019,-0.0769096110413019
2453,2015Q3,2015,CMIG4,2015-11-13,2016-02-22,0.2097,0.7903,0.03578294495813372,0.03578294495813372
2453,2017Q1,2017,CMIG4,2017-05-15,2017-08-11,0.1936,0.8064,-0.11307489085121725,-0.11307489085121725
2453,2017Q2,2017,CMIG4,2017-08-11,2017-11-13,0.16069999999999995,0.8393,-0.16181976732670478,-0.16181976732670478
2453,2017Q3,2017,CMIG4,2017-11-14,2018-02-21,0.02429999999999999,0.9757,-0.028385168993041665,-0.028385168993041665
2453,2018Q1,2018,CMIG4,2018-05-16,2018-08-15,0.13449999999999995,0.8655,0.35238242610217974,0.35238242610217974
2453,2018Q2,2018,CMIG4,2018-11-29,2019-03-07,0.028800000000000048,0.9712,-0.13534165841848078,-0.13534165841848078
2453,2018Q3,2018,CMIG4,2018-11-27,2019-03-01,0.6024,0.3976,-0.1399461540511039,-0.1399461540511039
2453,2019Q1,2019,CMIG4,2019-05-16,2019-08-15,0.06979999999999997,0.9302,-0.02754986452460151,-0.02754986452460151
2453,2019Q2,2019,CMIG4,2019-08-15,2019-11-12,0.7022999999999999,0.2977,-0.22203869491234207,-0.22203869491234207
2453,2019Q3,2019,CMIG4,2019-11-14,2020-02-19,0.6629,0.3371,0.03834656775048617,0.03834656775048617
2453,2020Q1,2020,CMIG4,2020-05-15,2020-08-13,0.054400000000000004,0.9456,-0.013676118633513035,-0.013676118633513035
2453,2020Q2,2020,CMIG4,2020-08-14,2020-11-16,0.027100000000000013,0.9729,0.1186944513498942,0.1186944513498942
2453,2020Q3,2020,CMIG4,2020-11-13,2021-02-19,0.045399999999999996,0.9546,0.02189067790235999,0.02189067790235999
2453,2021Q1,2021,CMIG4,2021-05-14,2021-08-13,0.07489999999999997,0.9251,-0.025012342937015597,-0.025012342937015597
2453,2021Q2,2021,CMIG4,2021-08-16,2021-11-17,0.08550000000000002,0.9145,0.2522189048619694,0.2522189048619694
2453,2021Q3,2021,CMIG4,2021-11-11,2022-02-11,0.017000000000000015,0.983,-0.18564144939256966,-0.18564144939256966
2453,2022Q1,2022,CMIG4,2022-05-13,2022-08-11,0.16869999999999996,0.8313,0.026750116466110807,0.026750116466110807
2453,2022Q2,2022,CMIG4,2022-08-12,2022-11-14,0.05500000000000005,0.945,-0.19034039173197514,-0.19034039173197514
2453,2022Q3,2022,CMIG4,2022-11-11,2023-02-10,0.03200000000000003,0.968,0.05365965527340277,0.05365965527340277
2453,2023Q1,2023,CMIG4,2023-05-04,2023-08-02,0.10999999999999999,0.89,-0.1928924814930415,-0.1928924814930415
2453,2023Q2,2023,CMIG4,2023-08-03,2023-11-03,0.05559999999999998,0.9444,0.05648094658805003,0.05648094658805003
2453,2023Q3,2023,CMIG4,2023-11-09,2024-02-14,0.07069999999999999,0.9293,-0.20388605129173365,-0.20388605129173365
2453,2024Q1,2024,CMIG4,2024-05-10,2024-08-08,0.10099999999999998,0.899,0.06844249175274086,0.06844249175274086
2453,2024Q2,2024,CMIG4,2024-08-13,2024-11-08,0.35750000000000004,0.6425,0.005668527928025968,0.005668527928025968
2453,2024Q3,2024,CMIG4,2024-11-13,2025-02-18,0.35109999999999997,0.6489,-0.020976516319743843,-0.020976516319743843
2453,2025Q1,2025,CMIG4,2025-05-08,2025-08-06,0.8776,0.1224,0.029540751730460224,0.029540751730460224
2453,2025Q2,2025,CMIG4,2025-08-14,2025-11-11,0.899,0.101,0.05927344330632622,0.05927344330632622
2453,2025Q3,2025,CMIG4,2025-11-13,2026-02-19,0.4937,0.5063,-0.06463881535270966,-0.06463881535270966
2461,2011Q2,2011,CLSC4,2011-08-12,2011-11-18,0.7462,0.2538,-0.16749370458901314,-0.16749370458901314
2461,2011Q3,2011,CLSC4,2011-11-11,2012-02-13,0.01319999999999999,0.9868,-0.09079768579237013,-0.09079768579237013
2461,2012Q1,2012,CLSC4,2012-05-15,2012-08-14,0.9422,0.0578,-0.04434228066370138,-0.04434228066370138
2461,2012Q3,2012,CLSC4,2012-11-13,2013-02-21,0.09350000000000003,0.9065,-0.11934396871289943,-0.11934396871289943
2461,2013Q1,2013,CLSC4,2013-05-15,2013-08-14,0.488,0.512,-0.0559302292486209,-0.0559302292486209
2461,2013Q2,2013,CLSC4,2013-08-14,2013-11-11,0.07489999999999997,0.9251,0.13975657832960908,0.13975657832960908
2461,2013Q3,2013,CLSC4,2013-11-18,2014-02-20,0.02410000000000001,0.9759,0.030377213025735372,0.030377213025735372
2461,2014Q1,2014,CLSC4,2014-05-15,2014-08-15,0.11770000000000003,0.8823,-0.0381946827182984,-0.0381946827182984
2461,2014Q2,2014,CLSC4,2014-08-14,2014-11-11,0.19179999999999997,0.8082,0.1117334227352933,0.1117334227352933
2461,2014Q3,2014,CLSC4,2014-11-14,2015-02-20,0.0,1.0,0.0029552218546458064,0.0029552218546458064
2461,2015Q1,2015,CLSC4,2015-05-15,2015-08-14,0.22809999999999997,0.7719,-0.25933658599316445,-0.25933658599316445
2461,2015Q2,2015,CLSC4,2015-08-14,2015-11-16,0.09930000000000005,0.9007,-0.045839859726458876,-0.045839859726458876
2461,2015Q3,2015,CLSC4,2015-11-13,2016-02-22,0.0,1.0,-0.20180760924682173,-0.20180760924682173
2461,2016Q1,2016,CLSC4,2016-05-16,2016-08-12,0.31299999999999994,0.687,0.16161515188167463,0.16161515188167463
2461,2016Q2,2016,CLSC4,2016-08-15,2016-11-16,0.0,1.0,-0.11433229071677298,-0.11433229071677298
2461,2016Q3,2016,CLSC4,2016-11-11,2017-02-13,0.0,1.0,0.25561597420898496,0.25561597420898496
2461,2017Q1,2017,CLSC4,2017-05-15,2017-08-11,0.34950000000000003,0.6505,0.162487436496922,0.162487436496922
2461,2017Q2,2017,CLSC4,2017-08-14,2017-11-14,0.0,1.0,-0.1627473585768624,-0.1627473585768624
2461,2018Q1,2018,CLSC4,2018-05-15,2018-08-20,0.14380000000000004,0.8562,-0.2831374846405639,-0.2831374846405639
2461,2018Q2,2018,CLSC4,2018-08-14,2018-11-22,0.03600000000000003,0.964,0.14329102261093496,0.14329102261093496
2461,2018Q3,2018,CLSC4,2018-11-16,2019-02-21,0.007299999999999973,0.9927,-0.040623135831420965,-0.040623135831420965
2461,2019Q1,2019,CLSC4,2019-05-15,2019-08-19,0.12170000000000003,0.8783,-0.18201893026844485,-0.18201893026844485
2461,2019Q2,2019,CLSC4,2019-08-14,2019-11-13,0.18610000000000004,0.8139,-0.26839705564206295,-0.26839705564206295
2461,2019Q3,2019,CLSC4,2019-11-14,2020-02-19,0.0050000000000000044,0.995,0.6262230092237826,0.6262230092237826
2461,2020Q1,2020,CLSC4,2020-05-08,2020-08-06,0.46099999999999997,0.539,0.1593688215352682,0.1593688215352682
2461,2020Q2,2020,CLSC4,2020-08-14,2020-11-17,0.08799999999999997,0.912,-0.15904399700392968,-0.15904399700392968
2461,2020Q3,2020,CLSC4,2020-11-13,2021-02-19,0.010000000000000009,0.99,-0.1136953839541317,-0.1136953839541317
2461,2021Q1,2021,CLSC4,2021-05-07,2021-08-06,0.04800000000000004,0.952,0.0973516638851466,0.0973516638851466
2461,2021Q2,2021,CLSC4,2021-08-06,2021-11-08,0.09709999999999996,0.9029,-0.18338552429530564,-0.18338552429530564
2461,2021Q3,2021,CLSC4,2022-03-10,2022-06-09,0.01100000000000001,0.989,-0.13418064066391466,-0.13418064066391466
2461,2022Q1,2022,CLSC4,2022-05-20,2022-08-18,0.03469999999999995,0.9653,0.026749686114755367,0.026749686114755367
2461,2022Q2,2022,CLSC4,2022-08-05,2022-11-07,0.009700000000000042,0.9903,0.021149416768736495,0.021149416768736495
2461,2022Q3,2022,CLSC4,2022-11-11,2023-02-10,0.007099999999999995,0.9929,-0.018198200519716656,-0.018198200519716656
2461,2023Q1,2023,CLSC4,2023-05-12,2023-08-10,0.3358,0.6642,0.13636873549146156,0.13636873549146156
2461,2023Q2,2023,CLSC4,2023-08-11,2023-11-13,0.031100000000000017,0.9689,-0.07874190812806658,-0.07874190812806658
2461,2024Q1,2024,CLSC4,2024-05-15,2024-08-13,0.2771,0.7229,-0.010137227428306028,-0.010137227428306028
2461,2024Q2,2024,CLSC4,2024-08-14,2024-11-11,0.016100000000000003,0.9839,0.03330418506183208,0.03330418506183208
2461,2024Q3,2024,CLSC4,2024-11-14,2025-02-19,0.03269999999999995,0.9673,-0.08910376228874084,-0.08910376228874084
2461,2025Q1,2025,CLSC4,2025-05-15,2025-08-13,0.22619999999999996,0.7738,0.11809887595318669,0.11809887595318669
2461,2025Q2,2025,CLSC4,2025-08-14,2025-11-11,0.03639999999999999,0.9636,-0.04656848161705296,-0.04656848161705296
2577,2011Q2,2011,CESP6,2011-08-08,2011-11-08,0.038900000000000046,0.9611,-0.07098480879270375,-0.07098480879270375
2577,2011Q3,2011,CESP6,2011-11-10,2012-02-10,0.9114,0.0886,0.09180019703522357,0.09180019703522357
2577,2012Q1,2012,CESP6,2012-05-11,2012-08-10,0.9147,0.0853,-0.0784280921757996,-0.0784280921757996
2577,2012Q2,2012,CESP6,2012-08-10,2012-11-12,0.02090000000000003,0.9791,-0.5543058319891313,-0.4920335995287716
2577,2012Q3,2012,CESP6,2012-11-09,2013-02-19,0.019299999999999984,0.9807,0.19160520680155368,0.19160520680155368
2577,2013Q1,2013,CESP6,2013-05-09,2013-08-08,0.9159,0.0841,0.03587766764087208,0.03587766764087208
2577,2013Q2,2013,CESP6,2013-08-14,2013-11-11,0.9135,0.0865,-0.0297962242189741,-0.0297962242189741
2577,2013Q3,2013,CESP6,2013-11-14,2014-02-19,0.007900000000000018,0.9921,-0.03291184871070829,-0.03291184871070829
2577,2014Q1,2014,CESP6,2014-05-15,2014-08-15,0.9012,0.0988,-0.1024568148895274,-0.1024568148895274
2577,2014Q2,2014,CESP6,2014-08-14,2014-11-11,0.0,1.0,-0.023097891055159137,-0.023097891055159137
2577,2014Q3,2014,CESP6,2014-11-14,2015-02-20,0.0,1.0,-0.2327758212730282,-0.2327758212730282
2577,2015Q1,2015,CESP6,2015-05-15,2015-08-14,0.0,1.0,-0.048964881356927115,-0.048964881356927115
2577,2015Q2,2015,CESP6,2015-08-14,2015-11-16,0.09709999999999996,0.9029,0.03868944232328597,0.03868944232328597
2577,2015Q3,2015,CESP6,2015-11-13,2016-02-22,0.0,1.0,0.018832331408871195,0.018832331408871195
2577,2016Q1,2016,CESP6,2016-05-13,2016-08-11,0.9646,0.0354,-0.08802007340802864,-0.08802007340802864
2577,2016Q2,2016,CESP6,2016-08-12,2016-11-14,0.0,1.0,0.14054637204243292,0.14054637204243292
2577,2016Q3,2016,CESP6,2016-11-11,2017-02-13,0.0,1.0,0.33734342947277707,0.33734342947277707
2577,2017Q1,2017,CESP6,2017-05-15,2017-08-11,0.6728000000000001,0.3272,-0.07497269077258306,-0.07497269077258306
2577,2017Q2,2017,CESP6,2017-08-11,2017-11-13,0.0,1.0,-0.2738502735223377,-0.2738502735223377
2577,2017Q3,2017,CESP6,2017-11-10,2018-02-19,0.7512,0.2488,0.20507651656273196,0.20507651656273196
2577,2018Q1,2018,CESP6,2018-05-11,2018-08-10,0.7512,0.2488,0.23156198106972492,0.23156198106972492
2577,2018Q2,2018,CESP6,2018-08-14,2018-11-14,0.0,1.0,0.03219742069612219,0.03219742069612219
2577,2018Q3,2018,CESP6,2018-11-21,2019-02-25,0.0,1.0,0.06392406688944785,0.06392406688944785
2577,2019Q1,2019,CESP6,2019-05-13,2019-08-12,0.95,0.05,-0.03331106490322788,-0.03331106490322788
2577,2019Q2,2019,CESP6,2019-08-06,2019-11-01,0.31930000000000003,0.6807,-0.09655980876341153,-0.09655980876341153
2577,2019Q3,2019,CESP6,2019-10-30,2020-02-04,0.18600000000000005,0.814,-0.06291297474011648,-0.06291297474011648
2577,2020Q1,2020,CESP6,2020-05-13,2020-08-11,0.6365000000000001,0.3635,-0.05174774692586359,-0.05174774692586359
2577,2020Q2,2020,CESP6,2020-07-29,2020-10-28,0.6686000000000001,0.3314,-0.08198424058726905,-0.08198424058726905
2577,2020Q3,2020,CESP6,2020-10-28,2021-02-02,0.5489999999999999,0.451,-0.07358371765817251,-0.07358371765817251
2577,2021Q1,2021,CESP6,2021-04-27,2021-07-27,0.6204000000000001,0.3796,-0.05785171931514688,-0.05785171931514688
2577,2021Q2,2021,CESP6,2021-07-29,2021-10-28,0.2631,0.7369,0.28995213207880677,0.28995213207880677
2577,2021Q3,2021,CESP6,2021-10-27,2022-01-28,0.8835,0.1165,-0.08245438997786714,-0.08245438997786714
3980,2011Q2,2011,GGBR4,2011-08-04,2011-11-04,0.24680000000000002,0.7532,0.24132362385661366,0.24132362385661366
3980,2011Q3,2011,GGBR4,2011-11-10,2012-02-10,0.14239999999999997,0.8576,0.08619808484841274,0.08619808484841274
3980,2013Q3,2013,GGBR4,2013-10-31,2014-02-05,0.020100000000000007,0.9799,0.07001973423001728,0.07001973423001728
3980,2015Q2,2015,GGBR4,2015-08-12,2015-11-12,0.3207,0.6793,0.1032797410664621,0.1032797410664621
3980,2015Q3,2015,GGBR4,2015-10-29,2016-02-04,0.2562,0.7438,0.06863722387516158,0.06863722387516158
3980,2016Q2,2016,GGBR4,2016-08-10,2016-11-10,0.11599999999999999,0.884,0.24884403864170723,0.24884403864170723
3980,2021Q3,2021,GGBR4,2021-10-27,2022-01-28,0.035800000000000054,0.9642,-0.03240315886315848,-0.03240315886315848
3980,2022Q1,2022,GGBR4,2022-05-05,2022-08-03,0.0928,0.9072,-0.09646948806205535,-0.09646948806205535
3980,2022Q2,2022,GGBR4,2022-08-03,2022-11-03,0.14839999999999998,0.8516,-0.037106086693064255,-0.037106086693064255
3980,2023Q2,2023,GGBR4,2023-08-08,2023-11-08,0.012900000000000023,0.9871,-0.22357384600385755,-0.22357384600385755
3980,2023Q3,2023,GGBR4,2023-11-06,2024-02-07,0.005099999999999993,0.9949,-0.1550930936880448,-0.1550930936880448
3980,2024Q1,2024,GGBR4,2024-07-12,2024-10-09,0.3277,0.6723,0.1136311949871196,0.1136311949871196
3980,2024Q2,2024,GGBR4,2024-07-31,2024-10-28,0.7395,0.2605,0.052815717408241314,0.052815717408241314
3980,2024Q3,2024,GGBR4,2024-11-05,2025-02-10,0.05710000000000004,0.9429,0.06596735362690698,0.06596735362690698
3980,2025Q1,2025,GGBR4,2025-04-28,2025-07-28,0.7937,0.2063,0.283082987781635,0.283082987781635
3980,2025Q2,2025,GGBR4,2025-07-31,2025-10-28,0.603,0.397,0.09323850352135388,0.09323850352135388
4030,2011Q2,2011,CSNA3,2011-08-02,2011-11-01,0.06340000000000001,0.9366,0.1525303084121581,0.1525303084121581
4030,2011Q3,2011,CSNA3,2011-10-27,2012-01-30,0.11509999999999998,0.8849,0.19916982808303807,0.19916982808303807
4030,2012Q1,2012,CSNA3,2012-05-10,2012-08-09,0.19710000000000005,0.8029,-0.215947952566106,-0.215947952566106
4030,2012Q2,2012,CSNA3,2012-08-14,2012-11-14,0.046499999999999986,0.9535,0.10483668476226393,0.10483668476226393
4030,2012Q3,2012,CSNA3,2012-10-31,2013-02-07,0.1392,0.8608,-0.026506165204351784,-0.026506165204351784
4030,2013Q1,2013,CSNA3,2013-05-15,2013-08-14,0.41269999999999996,0.5873,0.3426901903461923,0.3426901903461923
4030,2013Q2,2013,CSNA3,2013-08-06,2013-11-01,0.344,0.656,0.8539373601351916,0.7496355521156113
4030,2013Q3,2013,CSNA3,2013-11-14,2014-02-19,0.1099,0.8901,-0.07210630793718442,-0.07210630793718442
4030,2014Q1,2014,CSNA3,2014-05-07,2014-08-07,0.7955,0.2045,0.21441133297790316,0.21441133297790316
4030,2014Q2,2014,CSNA3,2014-08-04,2014-10-30,0.8119000000000001,0.1881,-0.29327885752464344,-0.29327885752464344
4030,2014Q3,2014,CSNA3,2014-11-14,2015-02-20,0.01629999999999998,0.9837,-0.3360351803462801,-0.3360351803462801
4030,2015Q1,2015,CSNA3,2015-05-06,2015-08-05,0.16000000000000003,0.84,-0.2727743875733144,-0.2727743875733144
4030,2016Q3,2016,CSNA3,2017-10-30,2018-02-05,0.03369999999999995,0.9663,-0.083628066833628,-0.083628066833628
4030,2022Q1,2022,CSNA3,2022-05-04,2022-08-02,0.1644,0.8356,-0.17758985157151874,-0.17758985157151874
4030,2022Q2,2022,CSNA3,2022-08-15,2022-11-16,0.023800000000000043,0.9762,0.1361625516763314,0.1361625516763314
4030,2022Q3,2022,CSNA3,2022-10-31,2023-01-31,0.058699999999999974,0.9413,0.8887632330716506,0.7496355521156113
4030,2023Q1,2023,CSNA3,2023-05-03,2023-08-01,0.39249999999999996,0.6075,-0.13454974203477033,-0.13454974203477033
4030,2023Q2,2023,CSNA3,2023-08-03,2023-11-03,0.09089999999999998,0.9091,0.059412504422463375,0.059412504422463375
4030,2023Q3,2023,CSNA3,2023-11-13,2024-02-16,0.0,1.0,0.31647950848794015,0.31647950848794015
4030,2024Q1,2024,CSNA3,2024-05-09,2024-08-07,0.24029999999999996,0.7597,-0.16459297825026686,-0.16459297825026686
4057,2011Q2,2011,CRUZ3,2011-07-29,2011-10-28,0.3238,0.6762,-0.03115951603628042,-0.03115951603628042
4057,2011Q3,2011,CRUZ3,2011-10-31,2012-02-01,0.033399999999999985,0.9666,-0.052794221357866156,-0.052794221357866156
4057,2012Q1,2012,CRUZ3,2012-04-26,2012-07-27,0.17459999999999998,0.8254,-0.06925048996672412,-0.06925048996672412
4057,2012Q2,2012,CRUZ3,2012-07-27,2012-10-26,0.6075999999999999,0.3924,-0.19713962223195014,-0.19713962223195014
4057,2012Q3,2012,CRUZ3,2012-10-31,2013-02-07,0.022499999999999964,0.9775,0.1485346520725368,0.1485346520725368
4057,2013Q1,2013,CRUZ3,2013-05-02,2013-08-01,0.5316000000000001,0.4684,-0.0953201798688339,-0.0953201798688339
4057,2013Q2,2013,CRUZ3,2013-07-29,2013-10-24,0.008099999999999996,0.9919,-0.16399833716568146,-0.16399833716568146
4057,2013Q3,2013,CRUZ3,2013-10-21,2014-01-24,0.008700000000000041,0.9913,-0.027790134704995584,-0.027790134704995584
4057,2014Q1,2014,CRUZ3,2014-04-28,2014-07-30,0.4667,0.5333,0.04400270002477713,0.04400270002477713
4057,2014Q2,2014,CRUZ3,2014-07-29,2014-10-24,0.009399999999999964,0.9906,-0.144489163841231,-0.144489163841231
4170,2011Q2,2011,VALE3,2011-07-28,2011-10-27,0.137,0.863,-0.14989377636545897,-0.14989377636545897
4170,2011Q3,2011,VALE3,2011-11-07,2012-02-07,0.08999999999999997,0.91,-0.0884378386885799,-0.0884378386885799
4170,2012Q1,2012,VALE3,2012-04-25,2012-07-26,0.13360000000000005,0.8664,-0.016517455966332917,-0.016517455966332917
4170,2012Q2,2012,VALE3,2012-07-25,2012-10-24,0.049799999999999955,0.9502,-0.04755127974070683,-0.04755127974070683
4170,2012Q3,2012,VALE3,2012-10-24,2013-01-31,0.04800000000000004,0.952,0.10709638432631774,0.10709638432631774
4170,2013Q1,2013,VALE3,2013-04-25,2013-07-26,0.37839999999999996,0.6216,0.07505142423772537,0.07505142423772537
4170,2013Q2,2013,VALE3,2013-08-12,2013-11-07,0.18530000000000002,0.8147,-0.028168230495569824,-0.028168230495569824
4170,2013Q3,2013,VALE3,2013-11-06,2014-02-11,0.07650000000000001,0.9235,0.03412012822318644,0.03412012822318644
4170,2014Q1,2014,VALE3,2014-04-30,2014-08-01,0.24960000000000004,0.7504,0.04642115848026607,0.04642115848026607
4170,2014Q2,2014,VALE3,2014-07-31,2014-10-28,0.04049999999999998,0.9595,-0.08303952977562834,-0.08303952977562834
4170,2014Q3,2014,VALE3,2014-10-30,2015-02-03,0.041100000000000025,0.9589,-0.12119261497153633,-0.12119261497153633
4170,2015Q1,2015,VALE3,2015-04-30,2015-07-31,0.3227,0.6773,0.16235324062174694,0.16235324062174694
4170,2015Q2,2015,VALE3,2015-07-30,2015-10-29,0.18930000000000002,0.8107,0.04964071489466204,0.04964071489466204
4170,2015Q3,2015,VALE3,2015-10-22,2016-01-28,0.06910000000000005,0.9309,-0.163166048818288,-0.163166048818288
4170,2016Q1,2016,VALE3,2016-04-28,2016-07-27,0.15369999999999995,0.8463,0.033472119884841334,0.033472119884841334
4170,2016Q2,2016,VALE3,2016-07-28,2016-10-27,0.06779999999999997,0.9322,-0.018477025838051886,-0.018477025838051886
4170,2016Q3,2016,VALE3,2016-10-27,2017-01-30,0.04820000000000002,0.9518,0.4034363118489628,0.4034363118489628
4170,2017Q1,2017,VALE3,2017-04-27,2017-07-27,0.246,0.754,0.09788604983405458,0.09788604983405458
4170,2017Q2,2017,VALE3,2017-07-27,2017-10-26,0.042100000000000026,0.9579,-0.06532959587659537,-0.06532959587659537
4170,2017Q3,2017,VALE3,2017-10-26,2018-02-01,0.06010000000000004,0.9399,-0.16573528546076666,-0.16573528546076666
4170,2018Q1,2018,VALE3,2018-04-25,2018-07-26,0.20740000000000003,0.7926,-0.0008994687561977299,-0.0008994687561977299
4170,2018Q2,2018,VALE3,2018-07-25,2018-10-24,0.053100000000000036,0.9469,-0.0601620281332057,-0.0601620281332057
4170,2018Q3,2018,VALE3,2018-10-24,2019-01-31,0.020399999999999974,0.9796,-0.30368902336972503,-0.30368902336972503
4170,2019Q1,2019,VALE3,2019-05-09,2019-08-08,0.2992,0.7008,-0.21021382312318126,-0.21021382312318126
4170,2019Q2,2019,VALE3,2020-05-29,2020-08-27,0.0343,0.9657,-0.032572611097753335,-0.032572611097753335
4170,2019Q3,2019,VALE3,2019-10-24,2020-01-29,0.10519999999999996,0.8948,0.03868200396754973,0.03868200396754973
4170,2020Q1,2020,VALE3,2020-04-28,2020-07-28,0.25370000000000004,0.7463,-0.18152790470969304,-0.18152790470969304
4170,2020Q2,2020,VALE3,2020-07-29,2020-10-28,0.05689999999999995,0.9431,0.041210182114038485,0.041210182114038485
4170,2020Q3,2020,VALE3,2020-10-29,2021-02-03,0.1441,0.8559,0.11764664083989707,0.11764664083989707
4170,2021Q2,2021,VALE3,2021-07-29,2021-10-28,0.23629999999999995,0.7637,-0.425912535688694,-0.425912535688694
4170,2021Q3,2021,VALE3,2021-10-28,2022-01-31,0.11329999999999996,0.8867,0.031055746261945183,0.031055746261945183
4170,2022Q1,2022,VALE3,2022-04-29,2022-07-28,0.1633,0.8367,-0.13458016891778524,-0.13458016891778524
4170,2022Q2,2022,VALE3,2022-07-28,2022-10-27,0.11399999999999999,0.886,0.022698352473174088,0.022698352473174088
4170,2022Q3,2022,VALE3,2022-10-27,2023-01-27,0.524,0.476,0.3556839565675387,0.3556839565675387
4170,2023Q1,2023,VALE3,2023-04-26,2023-07-26,0.19579999999999997,0.8042,-0.061701974149032335,-0.061701974149032335
4170,2023Q2,2023,VALE3,2023-07-27,2023-10-26,0.8915,0.1085,-0.03724553771653427,-0.03724553771653427
4170,2023Q3,2023,VALE3,2023-10-26,2024-01-30,0.062100000000000044,0.9379,-0.057031869896333354,-0.057031869896333354
4170,2024Q1,2024,VALE3,2024-04-24,2024-07-24,0.6815,0.3185,0.04979073288863001,0.04979073288863001
4170,2024Q2,2024,VALE3,2024-07-25,2024-10-22,0.03749999999999998,0.9625,0.00893708414354566,0.00893708414354566
4170,2024Q3,2024,VALE3,2024-10-24,2025-01-29,0.06879999999999997,0.9312,-0.01656404552741786,-0.01656404552741786
4170,2025Q1,2025,VALE3,2025-04-25,2025-07-25,0.494,0.506,0.21166760578479682,0.21166760578479682
4170,2025Q2,2025,VALE3,2025-07-31,2025-10-28,0.10399999999999998,0.896,0.16871963214052865,0.16871963214052865
4170,2025Q3,2025,VALE3,2025-10-30,2026-02-03,0.9293,0.0707,0.3233745685751115,0.3233745685751115
4820,2012Q1,2012,BRKM5,2012-05-10,2012-08-09,0.8110999999999999,0.1889,0.13161963292365053,0.13161963292365053
4820,2012Q2,2012,BRKM5,2012-08-14,2012-11-14,0.09730000000000005,0.9027,0.08150729915006738,0.08150729915006738
4820,2012Q3,2012,BRKM5,2012-11-08,2013-02-18,0.6504,0.3496,-0.09197413959089018,-0.09197413959089018
4820,2024Q3,2024,BRKM5,2024-11-07,2025-02-12,0.4998,0.5002,-0.23187352585262655,-0.23187352585262655
5258,2012Q2,2012,RADL3,2012-08-09,2012-11-09,0.0131,0.9869,-0.13895772718042154,-0.13895772718042154
5258,2012Q3,2012,RADL3,2012-11-13,2013-02-21,0.0048000000000000265,0.9952,-0.1826651808898091,-0.1826651808898091
5258,2013Q1,2013,RADL3,2013-05-09,2013-08-08,0.15810000000000002,0.8419,-0.11697781161403276,-0.11697781161403276
5258,2013Q2,2013,RADL3,2013-08-08,2013-11-05,0.006199999999999983,0.9938,-0.13417009105607403,-0.13417009105607403
5258,2013Q3,2013,RADL3,2013-11-07,2014-02-12,0.0030999999999999917,0.9969,0.0002099470055354491,0.0002099470055354491
5258,2014Q1,2014,RADL3,2014-05-08,2014-08-08,0.02959999999999996,0.9704,0.08332756132309105,0.08332756132309105
5258,2014Q2,2014,RADL3,2014-08-07,2014-11-04,0.0043999999999999595,0.9956,0.06934992238931237,0.06934992238931237
5258,2014Q3,2014,RADL3,2014-11-06,2015-02-10,0.0004999999999999449,0.9995,0.1333459364698215,0.1333459364698215
5258,2021Q3,2021,RADL3,2021-11-09,2022-02-09,0.0,1.0,-0.01829234827358961,-0.01829234827358961
5258,2022Q1,2022,RADL3,2022-05-04,2022-08-02,0.0,1.0,0.16011983805269225,0.16011983805269225
5258,2022Q2,2022,RADL3,2022-07-29,2022-10-28,0.41269999999999996,0.5873,0.11817628653598233,0.11817628653598233
5258,2022Q3,2022,RADL3,2022-10-31,2023-01-31,0.043300000000000005,0.9567,-0.03359175679934501,-0.03359175679934501
5258,2023Q1,2023,RADL3,2023-05-03,2023-08-01,0.04290000000000005,0.9571,-0.07395692136796261,-0.07395692136796261
5258,2023Q2,2023,RADL3,2023-08-08,2023-11-08,0.04069999999999996,0.9593,-0.09961942392561829,-0.09961942392561829
5258,2023Q3,2023,RADL3,2023-10-31,2024-02-02,0.13880000000000003,0.8612,-0.10694676642428891,-0.10694676642428891
5258,2024Q1,2024,RADL3,2024-05-07,2024-08-05,0.9462,0.0538,0.1756586614944402,0.1756586614944402
5258,2024Q2,2024,RADL3,2024-08-28,2024-11-27,0.005800000000000027,0.9942,-0.019729167202583886,-0.019729167202583886
5258,2024Q3,2024,RADL3,2024-11-07,2025-02-12,0.0,1.0,-0.17507495026081832,-0.17507495026081832
5258,2025Q1,2025,RADL3,2025-05-06,2025-08-04,0.8792,0.1208,-0.17764624277622576,-0.17764624277622576
5258,2025Q2,2025,RADL3,2025-08-05,2025-10-31,0.8848,0.1152,0.4818633777765555,0.4818633777765555
5258,2025Q3,2025,RADL3,2025-11-04,2026-02-06,0.0,1.0,0.4305540464817246,0.4305540464817246
5410,2012Q1,2012,WEGE3,2012-04-25,2012-07-26,0.09209999999999996,0.9079,-0.015528730900862153,-0.015528730900862153
5410,2012Q2,2012,WEGE3,2012-07-25,2012-10-24,0.0,1.0,0.2850591387728143,0.2850591387728143
5410,2012Q3,2012,WEGE3,2012-10-24,2013-01-31,0.026499999999999968,0.9735,0.018998199452873843,0.018998199452873843
5410,2013Q1,2013,WEGE3,2013-04-24,2013-07-25,0.0242,0.9758,0.07628572321162319,0.07628572321162319
5410,2013Q2,2013,WEGE3,2013-07-31,2013-10-28,0.011399999999999966,0.9886,-0.1361583946286219,-0.1361583946286219
5410,2013Q3,2013,WEGE3,2013-10-30,2014-02-04,0.007299999999999973,0.9927,-0.008111366771040074,-0.008111366771040074
5410,2014Q1,2014,WEGE3,2014-04-24,2014-07-28,0.034599999999999964,0.9654,-0.0712120724873877,-0.0712120724873877
5410,2014Q2,2014,WEGE3,2014-07-23,2014-10-20,0.016199999999999992,0.9838,-0.10232032501363242,-0.10232032501363242
5410,2014Q3,2014,WEGE3,2014-10-29,2015-02-02,0.18210000000000004,0.8179,0.009585567204069667,0.009585567204069667
5410,2015Q1,2015,WEGE3,2015-04-29,2015-07-30,0.05740000000000001,0.9426,0.10332302618793232,0.10332302618793232
5410,2015Q2,2015,WEGE3,2015-07-29,2015-10-28,0.008099999999999996,0.9919,-0.24237388214289846,-0.24237388214289846
5410,2015Q3,2015,WEGE3,2015-10-28,2016-02-03,0.04479999999999995,0.9552,-0.09095437750331836,-0.09095437750331836
5410,2016Q1,2016,WEGE3,2016-04-20,2016-07-20,0.046499999999999986,0.9535,0.009267774434962517,0.009267774434962517
5410,2016Q2,2016,WEGE3,2016-07-27,2016-10-26,0.0,1.0,0.18218713983179158,0.18218713983179158
5410,2016Q3,2016,WEGE3,2016-10-26,2017-01-27,0.0034999999999999476,0.9965,-0.02949572686387536,-0.02949572686387536
5410,2017Q1,2017,WEGE3,2017-04-26,2017-07-26,0.020299999999999985,0.9797,0.0563442335358002,0.0563442335358002
5410,2017Q2,2017,WEGE3,2017-07-19,2017-10-18,0.016800000000000037,0.9832,-0.04840899281046851,-0.04840899281046851
5410,2017Q3,2017,WEGE3,2017-10-25,2018-01-31,0.0047000000000000375,0.9953,-0.020857523485784735,-0.020857523485784735
5410,2018Q1,2018,WEGE3,2018-11-05,2019-02-11,0.0032999999999999696,0.9967,-0.04128029126793609,-0.04128029126793609
5410,2018Q2,2018,WEGE3,2018-08-14,2018-11-14,0.00880000000000003,0.9912,-0.06871470463615792,-0.06871470463615792
5410,2018Q3,2018,WEGE3,2018-10-24,2019-01-31,0.0037000000000000366,0.9963,-0.12864599505285945,-0.12864599505285945
5410,2019Q1,2019,WEGE3,2019-04-24,2019-07-25,0.013700000000000045,0.9863,0.09196274876727295,0.09196274876727295
5410,2019Q2,2019,WEGE3,2019-07-24,2019-10-21,0.0040000000000000036,0.996,-0.05874111729404441,-0.05874111729404441
5410,2019Q3,2019,WEGE3,2019-10-23,2020-01-28,0.012199999999999989,0.9878,0.5265254349447617,0.5265254349447617
5410,2020Q1,2020,WEGE3,2020-04-29,2020-07-29,0.026000000000000023,0.974,0.2068575544183573,0.2068575544183573
5410,2020Q2,2020,WEGE3,2020-07-22,2020-10-21,0.015599999999999947,0.9844,0.043058231092355514,0.043058231092355514
5410,2020Q3,2020,WEGE3,2020-10-21,2021-01-26,0.0,1.0,-0.32354468250827473,-0.32354468250827473
5410,2021Q1,2021,WEGE3,2021-04-28,2021-07-28,0.08050000000000002,0.9195,-0.144709485048917,-0.144709485048917
5410,2021Q2,2021,WEGE3,2021-07-28,2021-10-27,0.018399999999999972,0.9816,0.44938395369277506,0.44938395369277506
5410,2021Q3,2021,WEGE3,2021-10-27,2022-01-28,0.026900000000000035,0.9731,-0.15490376822764795,-0.15490376822764795
5410,2022Q1,2022,WEGE3,2022-04-27,2022-07-26,0.054400000000000004,0.9456,-0.03671238774279406,-0.03671238774279406
5410,2022Q2,2022,WEGE3,2022-07-20,2022-10-19,0.010000000000000009,0.99,0.08604092195845037,0.08604092195845037
5410,2022Q3,2022,WEGE3,2022-10-26,2023-01-26,0.06330000000000002,0.9367,0.146111824040839,0.146111824040839
5410,2023Q1,2023,WEGE3,2023-04-26,2023-07-26,0.02969999999999995,0.9703,-0.13932984646488433,-0.13932984646488433
5410,2023Q2,2023,WEGE3,2023-07-19,2023-10-18,0.0011999999999999789,0.9988,-0.124681889198479,-0.124681889198479
5410,2023Q3,2023,WEGE3,2023-10-25,2024-01-29,0.0009000000000000119,0.9991,-0.10513129738968718,-0.10513129738968718
5410,2024Q1,2024,WEGE3,2024-05-02,2024-07-31,0.048799999999999955,0.9512,0.21727150836909215,0.21727150836909215
5410,2024Q2,2024,WEGE3,2024-07-31,2024-10-28,0.04930000000000001,0.9507,0.15503689693009282,0.15503689693009282
5410,2024Q3,2024,WEGE3,2024-10-30,2025-02-04,0.0024999999999999467,0.9975,-0.13121305831789032,-0.13121305831789032
5410,2025Q1,2025,WEGE3,2025-04-30,2025-07-30,0.0726,0.9274,-0.292798081481609,-0.292798081481609
6173,2019Q2,2019,TASA4,2019-08-22,2019-11-21,0.005099999999999993,0.9949,-0.06185636321215049,-0.06185636321215049
6173,2019Q3,2019,TASA4,2019-11-13,2020-02-18,0.016100000000000003,0.9839,-0.07027553605320258,-0.07027553605320258
6173,2020Q1,2020,TASA4,2020-06-29,2020-09-25,0.048799999999999955,0.9512,0.02085365192146993,0.02085365192146993
6173,2020Q2,2020,TASA4,2020-08-13,2020-11-13,0.05840000000000001,0.9416,0.17639105977825587,0.17639105977825587
6173,2020Q3,2020,TASA4,2020-11-12,2021-02-18,0.08189999999999997,0.9181,0.6230521810996199,0.6230521810996199
6173,2021Q1,2021,TASA4,2021-05-06,2021-08-05,0.007399999999999962,0.9926,-0.3823464024599823,-0.3823464024599823
6173,2021Q2,2021,TASA4,2021-08-10,2021-11-10,0.0343,0.9657,-0.3162226492031368,-0.3162226492031368
6173,2021Q3,2021,TASA4,2021-11-09,2022-02-09,0.005099999999999993,0.9949,-0.4007165931382518,-0.4007165931382518
6173,2022Q1,2022,TASA4,2022-05-10,2022-08-08,0.11270000000000002,0.8873,-0.18462442408049462,-0.18462442408049462
6173,2022Q2,2022,TASA4,2022-08-09,2022-11-09,0.01959999999999995,0.9804,-0.3473205160167532,-0.3473205160167532
6173,2022Q3,2022,TASA4,2022-11-08,2023-02-07,0.02210000000000001,0.9779,0.27960957399153386,0.27960957399153386
6173,2023Q1,2023,TASA4,2023-05-15,2023-08-11,0.08899999999999997,0.911,-0.0846031400184416,-0.0846031400184416
6173,2023Q2,2023,TASA4,2023-08-14,2023-11-14,0.0024999999999999467,0.9975,0.0752358389080392,0.0752358389080392
6173,2023Q3,2023,TASA4,2023-11-07,2024-02-08,0.19589999999999996,0.8041,-0.11341664089324854,-0.11341664089324854
6173,2024Q1,2024,TASA4,2024-05-14,2024-08-12,0.06130000000000002,0.9387,0.004329770964853763,0.004329770964853763
6173,2024Q2,2024,TASA4,2024-08-13,2024-11-08,0.007199999999999984,0.9928,-0.0010040153953453368,-0.0010040153953453368
6173,2024Q3,2024,TASA4,2024-11-12,2025-02-17,0.04700000000000004,0.953,-0.07327648046984303,-0.07327648046984303
6173,2025Q1,2025,TASA4,2025-05-13,2025-08-11,0.11060000000000003,0.8894,-0.38505255963495344,-0.38505255963495344
6173,2025Q2,2025,TASA4,2025-08-12,2025-11-07,0.029299999999999993,0.9707,0.21856089981945126,0.21856089981945126
6343,2011Q2,2011,TUPY3,2011-08-12,2011-12-23,0.010700000000000043,0.9893,-0.1851965338068715,-0.1851965338068715
6343,2011Q3,2011,TUPY3,2011-11-16,2012-03-26,0.16479999999999995,0.8352,-0.08047739535583098,-0.08047739535583098
6343,2012Q1,2012,TUPY3,2012-05-15,2012-08-17,0.09660000000000002,0.9034,0.1979261403687831,0.1979261403687831
6343,2012Q2,2012,TUPY3,2012-08-15,2012-11-29,0.027100000000000013,0.9729,-0.09872707977684803,-0.09872707977684803
6343,2013Q1,2013,TUPY3,2013-05-16,2013-08-16,0.7646,0.2354,-0.08984271879469741,-0.08984271879469741
6343,2013Q2,2013,TUPY3,2013-09-25,2013-12-27,0.5561,0.4439,0.07744537674139429,0.07744537674139429
6343,2013Q3,2013,TUPY3,2013-11-14,2014-02-19,0.21040000000000003,0.7896,0.04458869137839194,0.04458869137839194
6343,2014Q1,2014,TUPY3,2014-05-09,2014-08-11,0.2187,0.7813,-0.013625774274022562,-0.013625774274022562
6343,2014Q2,2014,TUPY3,2014-08-25,2014-11-21,0.010000000000000009,0.99,0.057483969582748706,0.057483969582748706
6343,2014Q3,2014,TUPY3,2014-11-06,2015-02-10,0.254,0.746,-0.09641020687773261,-0.09641020687773261
6343,2015Q2,2015,TUPY3,2015-08-12,2015-11-12,0.14159999999999995,0.8584,0.1293306603513027,0.1293306603513027
6343,2015Q3,2015,TUPY3,2015-11-12,2016-02-19,0.01980000000000004,0.9802,-0.23167915020473107,-0.23167915020473107
6343,2016Q1,2016,TUPY3,2016-05-11,2016-08-09,0.046699999999999964,0.9533,-0.09073111399102352,-0.09073111399102352
6343,2016Q2,2016,TUPY3,2016-08-04,2016-11-04,0.11409999999999998,0.8859,-0.06347920247282524,-0.06347920247282524
6343,2016Q3,2016,TUPY3,2016-11-07,2017-02-07,0.11499999999999999,0.885,-0.030974706911148897,-0.030974706911148897
6343,2017Q1,2017,TUPY3,2017-05-15,2017-08-11,0.062000000000000055,0.938,-0.018082989365311164,-0.018082989365311164
6343,2017Q2,2017,TUPY3,2017-08-14,2017-11-14,0.015000000000000013,0.985,0.05224784917957326,0.05224784917957326
6343,2017Q3,2017,TUPY3,2017-11-24,2018-03-01,0.018900000000000028,0.9811,-0.03136458312831414,-0.03136458312831414
6343,2018Q1,2018,TUPY3,2018-05-08,2018-08-07,0.06389999999999996,0.9361,0.09593463539175007,0.09593463539175007
6343,2018Q2,2018,TUPY3,2018-08-07,2018-11-07,0.00649999999999995,0.9935,-0.1431978306389683,-0.1431978306389683
6343,2018Q3,2018,TUPY3,2018-11-07,2019-02-13,0.0032999999999999696,0.9967,-0.09432089973741653,-0.09432089973741653
6343,2019Q1,2019,TUPY3,2019-05-14,2019-08-13,0.264,0.736,-0.16335695260207617,-0.16335695260207617
6343,2019Q2,2019,TUPY3,2019-08-14,2019-11-11,0.012299999999999978,0.9877,0.11655524262399397,0.11655524262399397
6343,2019Q3,2019,TUPY3,2019-11-11,2020-02-14,0.9437,0.0563,0.1499782920892756,0.1499782920892756
6343,2020Q1,2020,TUPY3,2020-06-29,2020-09-25,0.9634,0.0366,-0.14197113162598973,-0.14197113162598973
6343,2020Q2,2020,TUPY3,2020-08-12,2020-11-12,0.02429999999999999,0.9757,0.08765261574245087,0.08765261574245087
6343,2020Q3,2020,TUPY3,2020-10-28,2021-02-02,0.04300000000000004,0.957,0.11956329823681511,0.11956329823681511
6343,2021Q1,2021,TUPY3,2021-04-28,2021-07-28,0.9651,0.0349,-0.14594001051235872,-0.14594001051235872
6343,2021Q2,2021,TUPY3,2021-08-05,2021-11-05,0.0,1.0,0.12473442063340201,0.12473442063340201
6343,2021Q3,2021,TUPY3,2021-11-10,2022-02-10,0.0,1.0,-0.15065009552894304,-0.15065009552894304
6343,2022Q1,2022,TUPY3,2022-05-12,2022-08-10,0.0,1.0,0.28216721396676214,0.28216721396676214
6343,2022Q2,2022,TUPY3,2022-08-04,2022-11-04,0.0,1.0,0.049815802481627536,0.049815802481627536
6343,2022Q3,2022,TUPY3,2022-11-07,2023-02-06,0.24119999999999997,0.7588,-0.049430350962939795,-0.049430350962939795
6343,2023Q1,2023,TUPY3,2023-05-10,2023-08-08,0.0,1.0,0.08491168088392431,0.08491168088392431
6343,2023Q2,2023,TUPY3,2023-08-14,2023-11-14,0.0,1.0,-0.05640712364180922,-0.05640712364180922
6343,2023Q3,2023,TUPY3,2023-11-13,2024-02-16,0.0,1.0,0.004255442617089322,0.004255442617089322
6343,2024Q1,2024,TUPY3,2024-05-14,2024-08-12,0.0,1.0,-0.07120632584308606,-0.07120632584308606
6343,2024Q2,2024,TUPY3,2024-08-13,2024-11-08,0.0,1.0,-0.021557818939912154,-0.021557818939912154
6343,2024Q3,2024,TUPY3,2024-11-13,2025-02-18,0.0,1.0,-0.11510319577872019,-0.11510319577872019
6343,2025Q1,2025,TUPY3,2025-05-14,2025-08-12,0.0,1.0,-0.02744944736731092,-0.02744944736731092
6343,2025Q2,2025,TUPY3,2025-08-13,2025-11-10,0.0,1.0,-0.19970540245950041,-0.19970540245950041
6505,2011Q2,2011,BHIA3,2011-08-09,2012-05-15,0.27459999999999996,0.7254,-0.29692289136944827,-0.29692289136944827
6505,2011Q3,2011,BHIA3,2011-11-22,2012-09-06,0.48729999999999996,0.5127,-0.11209910757106678,-0.11209910757106678
6505,2012Q1,2012,BHIA3,2012-05-07,2013-04-24,0.5287,0.4713,-0.07597461360232127,-0.07597461360232127
6505,2012Q2,2012,BHIA3,2012-08-09,2013-07-25,0.22350000000000003,0.7765,0.1589015252532624,0.1589015252532624
6505,2012Q3,2012,BHIA3,2012-11-06,2013-10-02,0.2278,0.7722,0.5006242441703477,0.5006242441703477
6505,2013Q1,2013,BHIA3,2013-05-07,2014-01-08,0.045599999999999974,0.9544,0.04834561289233763,0.04834561289233763
6505,2013Q2,2013,BHIA3,2013-07-23,2014-03-07,0.5882000000000001,0.4118,-0.06973921816052753,-0.06973921816052753
6505,2013Q3,2013,BHIA3,2013-10-17,2014-04-29,0.047799999999999954,0.9522,-0.03169036710496309,-0.03169036710496309
6505,2014Q1,2014,BHIA3,2014-04-29,2015-05-08,0.721,0.279,-0.16769305839891246,-0.16769305839891246
6505,2014Q2,2014,BHIA3,2014-07-23,2015-09-11,0.058499999999999996,0.9415,-0.5106668577971585,-0.4920335995287716
6505,2014Q3,2014,BHIA3,2014-11-05,2015-10-09,0.23260000000000003,0.7674,-0.6758792268431855,-0.4920335995287716
6505,2015Q1,2015,BHIA3,2016-10-26,2017-01-27,0.267,0.733,0.15021935980146583,0.15021935980146583
6505,2015Q2,2015,BHIA3,2016-10-26,2017-01-27,0.13449999999999995,0.8655,0.15021935980146583,0.15021935980146583
6505,2015Q3,2015,BHIA3,2016-10-26,2017-01-27,0.036599999999999966,0.9634,0.15021935980146583,0.15021935980146583
6505,2016Q1,2016,BHIA3,2016-08-22,2016-11-29,0.1411,0.8589,0.2559352210304038,0.2559352210304038
6505,2021Q3,2021,BHIA3,2021-11-10,2022-02-10,0.0,1.0,-0.2344505150265015,-0.2344505150265015
6505,2022Q1,2022,BHIA3,2022-05-09,2022-08-05,0.0,1.0,0.30522909155143685,0.30522909155143685
6505,2022Q2,2022,BHIA3,2022-08-11,2022-11-11,0.9841,0.0159,0.2236376696861504,0.2236376696861504
6505,2022Q3,2022,BHIA3,2022-11-10,2023-02-09,0.9841,0.0159,0.009653257390844328,0.009653257390844328
6505,2023Q1,2023,BHIA3,2023-05-04,2023-08-02,0.9446,0.0554,-0.2931458699534899,-0.2931458699534899
6505,2023Q2,2023,BHIA3,2023-08-10,2023-11-10,0.9446,0.0554,-0.6506319447959454,-0.4920335995287716
6505,2023Q3,2023,BHIA3,2023-11-08,2024-02-09,0.6918,0.3082,-0.16245226535678725,-0.16245226535678725
6505,2024Q1,2024,BHIA3,2024-05-08,2024-08-06,0.07210000000000005,0.9279,0.1626154453950832,0.1626154453950832
6505,2024Q2,2024,BHIA3,2024-08-07,2024-11-04,0.44189999999999996,0.5581,0.6129122943905139,0.6129122943905139
6505,2024Q3,2024,BHIA3,2024-11-13,2025-02-18,0.16180000000000005,0.8382,-0.1383537163465698,-0.1383537163465698
6505,2025Q1,2025,BHIA3,2025-05-14,2025-08-12,0.11140000000000005,0.8886,-0.3896821171959488,-0.3896821171959488
6505,2025Q2,2025,BHIA3,2025-08-13,2025-11-10,0.02949999999999997,0.9705,0.20802458516736166,0.20802458516736166
6505,2025Q3,2025,BHIA3,2025-11-12,2026-02-18,0.0363,0.9637,-0.13293807226213927,-0.13293807226213927
7870,2014Q2,2014,KEPL3,2014-08-15,2014-11-12,0.013499999999999956,0.9865,-0.2647484009775316,-0.2647484009775316
7870,2014Q3,2014,KEPL3,2014-11-13,2015-02-19,0.06940000000000002,0.9306,-0.399643973823117,-0.399643973823117
7870,2015Q1,2015,KEPL3,2015-05-11,2015-08-10,0.3821,0.6179,-0.28274639331740115,-0.28274639331740115
7870,2015Q2,2015,KEPL3,2015-08-14,2015-11-16,0.0026000000000000467,0.9974,0.3035711498103624,0.3035711498103624
7870,2015Q3,2015,KEPL3,2015-11-13,2016-02-22,0.0020999999999999908,0.9979,-0.3749750439059759,-0.3749750439059759
7870,2016Q1,2016,KEPL3,2016-05-13,2016-08-11,0.007800000000000029,0.9922,0.4637134777285954,0.4637134777285954
7870,2016Q2,2016,KEPL3,2016-08-12,2016-11-14,0.0022999999999999687,0.9977,-0.2961133129574166,-0.2961133129574166
7870,2016Q3,2016,KEPL3,2016-11-11,2017-02-13,0.0040999999999999925,0.9959,0.43726643465735915,0.43726643465735915
7870,2017Q1,2017,KEPL3,2017-05-12,2017-08-10,0.0039000000000000146,0.9961,-0.21081497189667409,-0.21081497189667409
7870,2017Q2,2017,KEPL3,2017-08-11,2017-11-13,0.0019000000000000128,0.9981,-0.10717072524486582,-0.10717072524486582
7870,2017Q3,2017,KEPL3,2017-11-14,2018-02-21,0.0039000000000000146,0.9961,-0.39601876225217747,-0.39601876225217747
7870,2018Q1,2018,KEPL3,2018-05-10,2018-08-09,0.0036000000000000476,0.9964,0.14523943936801076,0.14523943936801076
7870,2018Q2,2018,KEPL3,2018-08-09,2018-11-09,0.0014999999999999458,0.9985,0.5119689328308628,0.5119689328308628
7870,2019Q1,2019,KEPL3,2019-05-08,2019-08-07,0.008399999999999963,0.9916,-0.022732338902813343,-0.022732338902813343
7870,2019Q2,2019,KEPL3,2019-08-08,2019-11-05,0.0013999999999999568,0.9986,-0.10415399194629815,-0.10415399194629815
7870,2019Q3,2019,KEPL3,2019-11-07,2020-02-12,0.0020999999999999908,0.9979,0.13813341877642937,0.13813341877642937
7870,2020Q1,2020,KEPL3,2020-05-14,2020-08-12,0.8671,0.1329,0.22758481370788664,0.22758481370788664
7870,2020Q2,2020,KEPL3,2020-08-13,2020-11-13,0.006299999999999972,0.9937,-0.2075304496626954,-0.2075304496626954
7870,2020Q3,2020,KEPL3,2020-11-11,2021-02-17,0.005600000000000049,0.9944,-0.2183760204520182,-0.2183760204520182
7870,2021Q1,2021,KEPL3,2021-04-28,2021-07-28,0.16549999999999998,0.8345,-0.10617240704653863,-0.10617240704653863
7870,2021Q2,2021,KEPL3,2021-07-28,2021-10-27,0.0877,0.9123,-0.30479260732367885,-0.30479260732367885
7870,2021Q3,2021,KEPL3,2021-10-27,2022-01-28,0.23399999999999999,0.766,0.06288488858702612,0.06288488858702612
7870,2022Q1,2022,KEPL3,2022-04-27,2022-07-26,0.0816,0.9184,-0.047247471066907964,-0.047247471066907964
7870,2022Q2,2022,KEPL3,2022-07-27,2022-10-26,0.044399999999999995,0.9556,0.10535336630870873,0.10535336630870873
7870,2022Q3,2022,KEPL3,2022-10-26,2023-01-26,0.23029999999999995,0.7697,-0.12481796344525431,-0.12481796344525431
7870,2023Q1,2023,KEPL3,2023-04-26,2023-07-26,0.7501,0.2499,0.06107676689313979,0.06107676689313979
7870,2023Q2,2023,KEPL3,2023-08-02,2023-11-01,0.04500000000000004,0.955,0.12842415384859884,0.12842415384859884
7870,2023Q3,2023,KEPL3,2023-10-31,2024-02-02,0.07279999999999998,0.9272,-0.12502904692212224,-0.12502904692212224
7870,2024Q1,2024,KEPL3,2024-04-29,2024-07-29,0.13360000000000005,0.8664,-0.02118642668777737,-0.02118642668777737
7870,2024Q2,2024,KEPL3,2024-07-31,2024-10-28,0.25060000000000004,0.7494,-0.13110695878143164,-0.13110695878143164
8133,2011Q2,2011,LREN3,2011-08-15,2011-11-16,0.9128000000000001,0.0872,-0.12999042947315886,-0.12999042947315886
8133,2012Q2,2012,LREN3,2012-08-09,2012-11-09,0.0,1.0,0.09878917222042882,0.09878917222042882
8133,2012Q3,2012,LREN3,2012-10-30,2013-02-06,0.0,1.0,-0.04817643109800196,-0.04817643109800196
8133,2013Q1,2013,LREN3,2013-05-08,2013-08-07,0.41859999999999997,0.5814,-0.15255791654545237,-0.15255791654545237
8133,2013Q2,2013,LREN3,2013-08-14,2013-11-11,0.0,1.0,-0.05830211287276266,-0.05830211287276266
8133,2013Q3,2013,LREN3,2013-10-24,2014-01-29,0.0,1.0,-0.033546250910535425,-0.033546250910535425
8133,2014Q1,2014,LREN3,2014-04-29,2014-07-31,0.36150000000000004,0.6385,0.07477673351279024,0.07477673351279024
8133,2014Q2,2014,LREN3,2014-07-22,2014-10-17,0.0,1.0,-0.02689595253765431,-0.02689595253765431
8133,2014Q3,2014,LREN3,2014-10-23,2015-01-27,0.0,1.0,0.16729999342505542,0.16729999342505542
8133,2015Q1,2015,LREN3,2015-04-29,2015-07-30,0.007499999999999951,0.9925,0.10585956313700273,0.10585956313700273
8133,2015Q2,2015,LREN3,2015-07-30,2015-10-29,0.0,1.0,-0.19109267498076699,-0.19109267498076699
8133,2015Q3,2015,LREN3,2015-10-22,2016-01-28,0.010000000000000009,0.99,-0.15425512759069526,-0.15425512759069526
8133,2016Q1,2016,LREN3,2016-04-25,2016-07-22,0.8769,0.1231,0.21130705311046905,0.21130705311046905
8133,2016Q2,2016,LREN3,2016-07-25,2016-10-24,0.02190000000000003,0.9781,-0.16419926385304073,-0.16419926385304073
8133,2016Q3,2016,LREN3,2016-10-24,2017-01-24,0.10670000000000002,0.8933,-0.07506137477015051,-0.07506137477015051
8133,2017Q1,2017,LREN3,2017-04-25,2017-07-25,0.058599999999999985,0.9414,0.028921577980342006,0.028921577980342006
8133,2017Q2,2017,LREN3,2017-07-25,2017-10-24,0.030299999999999994,0.9697,0.016365517559307152,0.016365517559307152
8133,2017Q3,2017,LREN3,2017-10-24,2018-01-30,0.0373,0.9627,-0.0509677177458997,-0.0509677177458997
8133,2018Q1,2018,LREN3,2018-05-03,2018-08-02,0.7365999999999999,0.2634,0.05369050886626736,0.05369050886626736
8133,2018Q2,2018,LREN3,2018-07-26,2018-10-25,0.7509,0.2491,0.13492422827459905,0.13492422827459905
8133,2018Q3,2018,LREN3,2018-10-25,2019-02-01,0.21509999999999996,0.7849,0.05067132362713522,0.05067132362713522
8133,2019Q1,2019,LREN3,2019-04-25,2019-07-26,0.2905,0.7095,0.10328987711283588,0.10328987711283588
8133,2019Q2,2019,LREN3,2019-07-31,2019-10-28,0.06059999999999999,0.9394,-0.12281628057527205,-0.12281628057527205
8133,2019Q3,2019,LREN3,2019-10-25,2020-01-30,0.009600000000000053,0.9904,0.05482023740852893,0.05482023740852893
8133,2020Q1,2020,LREN3,2020-05-21,2020-08-19,0.86,0.14,-0.1963393425496086,-0.1963393425496086
8133,2021Q1,2021,LREN3,2021-05-13,2021-08-12,0.9529,0.0471,-0.07159439275468826,-0.07159439275468826
8133,2021Q2,2021,LREN3,2021-08-12,2021-11-12,0.7927,0.2073,-0.05512198079095909,-0.05512198079095909
8133,2021Q3,2021,LREN3,2021-11-11,2022-02-11,0.9927,0.0073,-0.1685760354478837,-0.1685760354478837
8133,2023Q3,2023,LREN3,2023-11-09,2024-02-14,0.032200000000000006,0.9678,0.2200335604127659,0.2200335604127659
8133,2024Q1,2024,LREN3,2024-05-08,2024-08-06,0.9558,0.0442,-0.008433296322481687,-0.008433296322481687
8133,2024Q2,2024,LREN3,2024-08-08,2024-11-05,0.9504,0.0496,0.29867572874544446,0.29867572874544446
8133,2024Q3,2024,LREN3,2024-11-07,2025-02-12,0.009199999999999986,0.9908,-0.22244039336851462,-0.22244039336851462
8133,2025Q1,2025,LREN3,2025-05-08,2025-08-06,0.17190000000000005,0.8281,-1.2168974957149636e-05,-1.2168974957149636e-05
8133,2025Q2,2025,LREN3,2025-08-14,2025-11-11,0.12439999999999996,0.8756,-0.18347903708263003,-0.18347903708263003
8133,2025Q3,2025,LREN3,2025-11-06,2026-02-10,0.0048000000000000265,0.9952,-0.026025568845679747,-0.026025568845679747
8451,2011Q2,2011,POMO4,2011-08-08,2011-11-08,0.009199999999999986,0.9908,0.18399625698455924,0.18399625698455924
8451,2011Q3,2011,POMO4,2011-11-07,2012-02-07,0.0017000000000000348,0.9983,-0.0968705957131003,-0.0968705957131003
8451,2012Q1,2012,POMO4,2012-05-07,2012-08-06,0.01639999999999997,0.9836,-0.07537752275496334,-0.07537752275496334
8451,2012Q2,2012,POMO4,2012-08-06,2012-11-06,0.005499999999999949,0.9945,-0.014170711033449801,-0.014170711033449801
8451,2012Q3,2012,POMO4,2012-11-05,2013-02-13,0.03420000000000001,0.9658,-0.13011880601409975,-0.13011880601409975
8451,2013Q1,2013,POMO4,2013-05-06,2013-08-05,0.16449999999999998,0.8355,0.07993313372296873,0.07993313372296873
8451,2013Q3,2013,POMO4,2013-11-04,2014-02-07,0.020000000000000018,0.98,0.02749005397371307,0.02749005397371307
8451,2014Q1,2014,POMO4,2014-05-12,2014-08-12,0.04579999999999995,0.9542,-0.024411672292523168,-0.024411672292523168
8451,2014Q2,2014,POMO4,2014-08-11,2014-11-06,0.0010999999999999899,0.9989,0.3191979571419499,0.3191979571419499
8451,2014Q3,2014,POMO4,2014-11-10,2015-02-12,0.019499999999999962,0.9805,-0.27935445944067383,-0.27935445944067383
8451,2015Q1,2015,POMO4,2015-05-04,2015-08-03,0.032399999999999984,0.9676,0.040559129599329946,0.040559129599329946
8451,2015Q2,2015,POMO4,2015-08-03,2015-11-03,0.0042999999999999705,0.9957,0.06588846476564814,0.06588846476564814
8451,2015Q3,2015,POMO4,2015-11-03,2016-02-10,0.06979999999999997,0.9302,0.2788196029894039,0.2788196029894039
8451,2016Q1,2016,POMO4,2016-05-02,2016-07-29,0.07389999999999997,0.9261,0.16593974302396663,0.16593974302396663
8451,2016Q2,2016,POMO4,2016-08-08,2016-11-08,0.005299999999999971,0.9947,-0.22925128034587083,-0.22925128034587083
8451,2016Q3,2016,POMO4,2016-11-07,2017-02-07,0.006399999999999961,0.9936,-0.11686347209774772,-0.11686347209774772
8451,2017Q1,2017,POMO4,2017-05-08,2017-08-04,0.016800000000000037,0.9832,0.38241228954167306,0.38241228954167306
8451,2017Q2,2017,POMO4,2017-08-07,2017-11-07,0.0032999999999999696,0.9967,0.0348019921944307,0.0348019921944307
8451,2017Q3,2017,POMO4,2017-11-06,2018-02-09,0.013299999999999979,0.9867,-0.06374924062240284,-0.06374924062240284
8451,2018Q1,2018,POMO4,2018-05-07,2018-08-06,0.11060000000000003,0.8894,-0.09935411857594467,-0.09935411857594467
8451,2018Q2,2018,POMO4,2018-08-06,2018-11-06,0.013900000000000023,0.9861,0.006375537016783284,0.006375537016783284
8451,2018Q3,2018,POMO4,2018-11-05,2019-02-11,0.04500000000000004,0.955,-0.13597077385735878,-0.13597077385735878
8451,2019Q1,2019,POMO4,2019-05-06,2019-08-05,0.02190000000000003,0.9781,-0.06146664403753088,-0.06146664403753088
8451,2019Q2,2019,POMO4,2019-08-05,2019-10-31,0.012499999999999956,0.9875,-0.0775689053772356,-0.0775689053772356
8451,2019Q3,2019,POMO4,2019-11-04,2020-02-07,0.0034999999999999476,0.9965,0.28992415429913243,0.28992415429913243
8451,2020Q1,2020,POMO4,2020-05-25,2020-08-21,0.868,0.132,-0.20079858503765702,-0.20079858503765702
8451,2020Q2,2020,POMO4,2020-08-03,2020-11-03,0.0,1.0,-0.0685025154230755,-0.0685025154230755
8451,2020Q3,2020,POMO4,2020-11-03,2021-02-05,0.0,1.0,-0.04026539237139637,-0.04026539237139637
8451,2021Q1,2021,POMO4,2021-05-03,2021-08-02,0.8665,0.1335,0.2935857287918393,0.2935857287918393
8451,2021Q2,2021,POMO4,2021-08-02,2021-11-01,0.028900000000000037,0.9711,0.03956846087954369,0.03956846087954369
8451,2021Q3,2021,POMO4,2021-11-03,2022-02-03,0.0039000000000000146,0.9961,0.124633033198295,0.124633033198295
8451,2022Q1,2022,POMO4,2022-05-02,2022-07-29,0.00539999999999996,0.9946,-0.051128565555702665,-0.051128565555702665
8451,2022Q2,2022,POMO4,2022-08-01,2022-10-31,0.007499999999999951,0.9925,-0.024583774585437923,-0.024583774585437923
8451,2022Q3,2022,POMO4,2022-11-03,2023-02-02,0.0040000000000000036,0.996,0.11547320513064463,0.11547320513064463
8451,2023Q1,2023,POMO4,2023-05-02,2023-07-31,0.01539999999999997,0.9846,0.14745167816616211,0.14745167816616211
8451,2023Q2,2023,POMO4,2023-08-01,2023-10-31,0.0034999999999999476,0.9965,-0.08875778535974976,-0.08875778535974976
8451,2023Q3,2023,POMO4,2023-10-31,2024-02-02,0.8674,0.1326,0.18538792845572183,0.18538792845572183
8451,2024Q1,2024,POMO4,2024-05-02,2024-07-31,0.8613,0.1387,-0.21319036626989218,-0.21319036626989218
8451,2024Q2,2024,POMO4,2024-08-01,2024-10-29,0.008099999999999996,0.9919,0.2508392280614451,0.2508392280614451
8451,2024Q3,2024,POMO4,2024-10-31,2025-02-05,0.0040999999999999925,0.9959,-0.1822805815620877,-0.1822805815620877
8451,2025Q1,2025,POMO4,2025-04-29,2025-07-29,0.03720000000000001,0.9628,0.05491737922552886,0.05491737922552886
8451,2025Q2,2025,POMO4,2025-07-31,2025-10-28,0.03869999999999996,0.9613,-0.05640155618886844,-0.05640155618886844
8451,2025Q3,2025,POMO4,2025-10-30,2026-02-03,0.869,0.131,-0.24541634242879196,-0.24541634242879196
8575,2011Q2,2011,LEVE3,2011-08-12,2011-11-14,0.19310000000000005,0.8069,0.03381169021898378,0.03381169021898378
8575,2011Q3,2011,LEVE3,2011-11-09,2012-02-09,0.023399999999999976,0.9766,0.000685399023040878,0.000685399023040878
8575,2012Q1,2012,LEVE3,2012-05-08,2012-08-07,0.0383,0.9617,-0.010934734678050062,-0.010934734678050062
8575,2012Q2,2012,LEVE3,2012-08-06,2012-11-06,0.07110000000000005,0.9289,0.02189967176442642,0.02189967176442642
8575,2012Q3,2012,LEVE3,2012-11-07,2013-02-15,0.06569999999999998,0.9343,-0.09640508643309609,-0.09640508643309609
8575,2013Q1,2013,LEVE3,2013-05-08,2013-08-07,0.037900000000000045,0.9621,-0.054976508005164626,-0.054976508005164626
8575,2013Q2,2013,LEVE3,2013-08-08,2013-11-05,0.07909999999999995,0.9209,-0.048643397733253324,-0.048643397733253324
8575,2013Q3,2013,LEVE3,2013-11-08,2014-02-13,0.0010999999999999899,0.9989,-0.05034880259262253,-0.05034880259262253
8575,2014Q1,2014,LEVE3,2014-05-12,2014-08-12,0.048699999999999966,0.9513,-0.05055814706668604,-0.05055814706668604
8575,2014Q2,2014,LEVE3,2014-08-11,2014-11-06,0.03410000000000002,0.9659,0.21782286854227073,0.21782286854227073
8575,2022Q1,2022,LEVE3,2022-05-11,2022-08-09,0.06879999999999997,0.9312,-0.09479571306897072,-0.09479571306897072
8575,2022Q2,2022,LEVE3,2022-08-10,2022-11-10,0.0807,0.9193,-0.027391316893277673,-0.027391316893277673
8575,2022Q3,2022,LEVE3,2022-11-11,2023-02-10,0.05930000000000002,0.9407,0.5723565101437404,0.5723565101437404
8575,2023Q1,2023,LEVE3,2023-05-10,2023-08-08,0.05830000000000002,0.9417,0.26911164913363383,0.26911164913363383
8575,2023Q2,2023,LEVE3,2023-08-09,2023-11-09,0.054200000000000026,0.9458,-0.3893478728296681,-0.3893478728296681
8575,2023Q3,2023,LEVE3,2023-11-14,2024-02-19,0.030000000000000027,0.97,0.02798824972639946,0.02798824972639946
8575,2024Q1,2024,LEVE3,2024-05-08,2024-08-06,0.33340000000000003,0.6666,0.044425281499135494,0.044425281499135494
8575,2024Q2,2024,LEVE3,2024-08-14,2024-11-11,0.1753,0.8247,-0.06654417875116458,-0.06654417875116458
8575,2024Q3,2024,LEVE3,2024-11-07,2025-02-12,0.11709999999999998,0.8829,-0.0806581261514272,-0.0806581261514272
8575,2025Q1,2025,LEVE3,2025-05-14,2025-08-12,0.21540000000000004,0.7846,-0.13062650176711477,-0.13062650176711477
8575,2025Q2,2025,LEVE3,2025-08-06,2025-11-03,0.07650000000000001,0.9235,0.07220267390043,0.07220267390043
8656,2011Q2,2011,GOAU4,2011-08-04,2011-11-04,0.5817,0.4183,0.1959465424613942,0.1959465424613942
8656,2011Q3,2011,GOAU4,2011-11-10,2012-02-10,0.12380000000000002,0.8762,0.08955631122658714,0.08955631122658714
8656,2015Q2,2015,GOAU4,2015-08-12,2015-11-12,0.4365,0.5635,0.05226251263775272,0.05226251263775272
8656,2015Q3,2015,GOAU4,2015-10-29,2016-02-04,0.21940000000000004,0.7806,-0.047348329199999095,-0.047348329199999095
8656,2016Q2,2016,GOAU4,2016-08-10,2016-11-10,0.12339999999999995,0.8766,0.648072394654893,0.648072394654893
8656,2016Q3,2016,GOAU4,2016-11-09,2017-02-09,0.03300000000000003,0.967,-0.05529565498354139,-0.05529565498354139
8656,2018Q3,2018,GOAU4,2018-11-07,2019-02-13,0.0020999999999999908,0.9979,-0.20906854682532738,-0.20906854682532738
8656,2021Q3,2021,GOAU4,2021-10-27,2022-01-28,0.022199999999999998,0.9778,-0.15078041254295138,-0.15078041254295138
8656,2022Q1,2022,GOAU4,2022-05-05,2022-08-03,0.14449999999999996,0.8555,-0.06902731845015198,-0.06902731845015198
8656,2023Q2,2023,GOAU4,2023-08-08,2023-11-08,0.03269999999999995,0.9673,-0.22595385459817952,-0.22595385459817952
8656,2023Q3,2023,GOAU4,2023-11-06,2024-02-07,0.0048000000000000265,0.9952,-0.17284578859340782,-0.17284578859340782
8656,2024Q1,2024,GOAU4,2024-07-12,2024-10-09,0.6401,0.3599,0.057977255997881505,0.057977255997881505
8656,2024Q2,2024,GOAU4,2024-07-31,2024-10-28,0.8597,0.1403,-0.006727706221730245,-0.006727706221730245
8656,2024Q3,2024,GOAU4,2024-11-05,2025-02-10,0.01970000000000005,0.9803,0.06385417415706951,0.06385417415706951
8656,2025Q1,2025,GOAU4,2025-04-28,2025-07-28,0.8388,0.1612,0.2808059106314933,0.2808059106314933
8656,2025Q2,2025,GOAU4,2025-07-31,2025-10-28,0.8499,0.1501,0.1359155204110738,0.1359155204110738
8656,2025Q3,2025,GOAU4,2025-10-30,2026-02-03,0.9076,0.0924,0.11222376889475316,0.11222376889475316
8672,2023Q2,2023,IGTI11,2023-08-01,2023-10-31,0.4468,0.5532,0.04267576661374428,0.04267576661374428
8672,2023Q3,2023,IGTI11,2023-11-07,2024-02-08,0.0028000000000000247,0.9972,0.10403411803813611,0.10403411803813611
8672,2024Q1,2024,IGTI11,2024-05-02,2024-07-31,0.11529999999999996,0.8847,0.004076969063780078,0.004076969063780078
8672,2024Q2,2024,IGTI11,2024-08-06,2024-11-01,0.5031,0.4969,-0.030851245987730147,-0.030851245987730147
8672,2024Q3,2024,IGTI11,2024-11-05,2025-02-10,0.027800000000000047,0.9722,-0.08228146772833589,-0.08228146772833589
8672,2025Q1,2025,IGTI11,2025-06-06,2025-09-04,0.12390000000000001,0.8761,0.006164775276451984,0.006164775276451984
8672,2025Q2,2025,IGTI11,2025-08-05,2025-10-31,0.030100000000000016,0.9699,0.1364538948220415,0.1364538948220415
9393,2011Q2,2011,PMAM3,2011-08-12,2011-11-14,0.022800000000000042,0.9772,-0.1545707680767786,-0.1545707680767786
9393,2011Q3,2011,PMAM3,2011-11-10,2012-02-10,0.27270000000000005,0.7273,-0.1342352165435935,-0.1342352165435935
9393,2012Q1,2012,PMAM3,2012-05-11,2012-08-10,0.2571,0.7429,0.0005007563389118896,0.0005007563389118896
9393,2012Q2,2012,PMAM3,2012-08-10,2012-11-12,0.1624,0.8376,0.6921242055784669,0.6921242055784669
9393,2012Q3,2012,PMAM3,2012-11-14,2013-02-22,0.24039999999999995,0.7596,0.2579288724720634,0.2579288724720634
9393,2013Q1,2013,PMAM3,2013-04-30,2013-07-31,0.21650000000000003,0.7835,-0.21806750889834658,-0.21806750889834658
9393,2013Q2,2013,PMAM3,2013-07-31,2013-10-28,0.14400000000000002,0.856,-0.16259423479843338,-0.16259423479843338
9393,2013Q3,2013,PMAM3,2013-10-31,2014-02-05,0.18999999999999995,0.81,-0.2507525041281773,-0.2507525041281773
9393,2014Q3,2014,PMAM3,2014-10-31,2015-02-04,0.8661,0.1339,0.1597911261399214,0.1597911261399214
9393,2015Q1,2015,PMAM3,2015-04-27,2015-07-28,0.8325,0.1675,-0.018234455869341026,-0.018234455869341026
9393,2015Q2,2015,PMAM3,2015-07-29,2015-10-28,0.30889999999999995,0.6911,-0.29023455430898193,-0.29023455430898193
9393,2015Q3,2015,PMAM3,2015-10-28,2016-02-03,0.38580000000000003,0.6142,-0.3232679939416143,-0.3232679939416143
9393,2016Q1,2016,PMAM3,2016-04-28,2016-07-27,0.08809999999999996,0.9119,0.03843899030111464,0.03843899030111464
9393,2016Q2,2016,PMAM3,2016-08-23,2016-11-24,0.08840000000000003,0.9116,-0.004647765072821941,-0.004647765072821941
9393,2016Q3,2016,PMAM3,2016-10-26,2017-01-27,0.09819999999999995,0.9018,-0.05381352501333192,-0.05381352501333192
9393,2017Q1,2017,PMAM3,2017-05-15,2017-08-11,0.2399,0.7601,0.3218616011308919,0.3218616011308919
9393,2017Q2,2017,PMAM3,2017-07-25,2017-10-24,0.05449999999999999,0.9455,-0.16086598741883018,-0.16086598741883018
9393,2017Q3,2017,PMAM3,2017-10-26,2018-02-01,0.5795,0.4205,0.06063289974311292,0.06063289974311292
9393,2018Q1,2018,PMAM3,2018-04-27,2018-07-30,0.09360000000000002,0.9064,-0.0009138257816183604,-0.0009138257816183604
9393,2018Q2,2018,PMAM3,2018-07-26,2018-10-25,0.0041999999999999815,0.9958,0.03688080870870247,0.03688080870870247
9393,2018Q3,2018,PMAM3,2018-10-25,2019-02-01,0.01970000000000005,0.9803,-0.26007417684805334,-0.26007417684805334
9393,2019Q1,2019,PMAM3,2019-04-26,2019-07-29,0.10799999999999998,0.892,-0.1516885911612188,-0.1516885911612188
9393,2019Q2,2019,PMAM3,2019-08-12,2019-11-07,0.036599999999999966,0.9634,0.11789172381091606,0.11789172381091606
9393,2019Q3,2019,PMAM3,2019-11-07,2020-02-12,0.11839999999999995,0.8816,-0.27929960687519406,-0.27929960687519406
9393,2020Q1,2020,PMAM3,2020-05-07,2020-08-05,0.05689999999999995,0.9431,0.15987287887629886,0.15987287887629886
9393,2020Q2,2020,PMAM3,2020-08-03,2020-11-03,0.023900000000000032,0.9761,-0.0799922323125638,-0.0799922323125638
9393,2020Q3,2020,PMAM3,2020-10-30,2021-02-04,0.0413,0.9587,-0.00046783719671561474,-0.00046783719671561474
9393,2021Q1,2021,PMAM3,2021-04-29,2021-07-29,0.0252,0.9748,-0.42820309681844815,-0.42820309681844815
9393,2021Q2,2021,PMAM3,2021-07-29,2021-10-28,0.019299999999999984,0.9807,-0.0270891089898595,-0.0270891089898595
9393,2021Q3,2021,PMAM3,2021-11-12,2022-02-14,0.0020999999999999908,0.9979,-0.23030150543238437,-0.23030150543238437
9393,2022Q1,2022,PMAM3,2022-04-28,2022-07-27,0.1997,0.8003,0.24193768607294297,0.24193768607294297
9393,2022Q2,2022,PMAM3,2022-08-12,2022-11-14,0.008900000000000019,0.9911,-0.308153666924161,-0.308153666924161
9393,2022Q3,2022,PMAM3,2022-11-11,2023-02-10,0.0024999999999999467,0.9975,-0.04136847785239073,-0.04136847785239073
9393,2023Q1,2023,PMAM3,2023-05-12,2023-08-10,0.041000000000000036,0.959,0.3032296142788118,0.3032296142788118
9393,2023Q2,2023,PMAM3,2023-08-11,2023-11-13,0.0011999999999999789,0.9988,-0.1077706799097361,-0.1077706799097361
9393,2023Q3,2023,PMAM3,2023-11-10,2024-02-15,0.009800000000000031,0.9902,-0.10850979770923441,-0.10850979770923441
9393,2024Q1,2024,PMAM3,2024-05-10,2024-08-08,0.04369999999999996,0.9563,-0.08792446609465432,-0.08792446609465432
9393,2024Q2,2024,PMAM3,2024-08-09,2024-11-06,0.008399999999999963,0.9916,-0.430159549050946,-0.430159549050946
9393,2024Q3,2024,PMAM3,2024-11-08,2025-02-13,0.08140000000000003,0.9186,0.8581285137383818,0.7496355521156113
9393,2025Q1,2025,PMAM3,2025-05-09,2025-08-07,0.04420000000000002,0.9558,-0.35572058139544105,-0.35572058139544105
9393,2025Q2,2025,PMAM3,2025-08-08,2025-11-05,0.0030999999999999917,0.9969,-0.2872856435758677,-0.2872856435758677
9989,2012Q3,2012,RPMG3,2012-11-27,2013-03-11,0.0010000000000000009,0.999,-0.09310459782102953,-0.09310459782102953
9989,2013Q1,2013,RPMG3,2017-03-01,2017-06-01,0.4397,0.5603,-0.08289315170316192,-0.08289315170316192
9989,2013Q2,2013,RPMG3,2017-03-01,2017-06-01,0.16490000000000005,0.8351,-0.08289315170316192,-0.08289315170316192
9989,2013Q3,2013,RPMG3,2017-03-01,2017-06-01,0.1744,0.8256,-0.08289315170316192,-0.08289315170316192
9989,2014Q1,2014,RPMG3,2017-03-01,2017-06-01,0.027200000000000002,0.9728,-0.08289315170316192,-0.08289315170316192
9989,2014Q2,2014,RPMG3,2017-03-01,2017-06-01,0.0024999999999999467,0.9975,-0.08289315170316192,-0.08289315170316192
9989,2014Q3,2014,RPMG3,2017-03-01,2017-06-01,0.1351,0.8649,-0.08289315170316192,-0.08289315170316192
9989,2015Q1,2015,RPMG3,2017-03-09,2017-06-09,0.27949999999999997,0.7205,-0.07913721700967324,-0.07913721700967324
9989,2015Q2,2015,RPMG3,2017-03-09,2017-06-09,0.0,1.0,-0.07913721700967324,-0.07913721700967324
9989,2015Q3,2015,RPMG3,2017-03-09,2017-06-09,0.0,1.0,-0.07913721700967324,-0.07913721700967324
9989,2016Q1,2016,RPMG3,2016-05-27,2016-08-25,0.12660000000000005,0.8734,0.04502259979233347,0.04502259979233347
9989,2016Q2,2016,RPMG3,2016-08-15,2016-11-17,0.023700000000000054,0.9763,1.5708570616463877,0.7496355521156113
9989,2016Q3,2016,RPMG3,2017-01-16,2017-04-19,0.03600000000000003,0.964,0.08874985260223589,0.08874985260223589
9989,2017Q1,2017,RPMG3,2017-08-21,2017-11-27,0.13549999999999995,0.8645,-0.043560284896167256,-0.043560284896167256
9989,2017Q2,2017,RPMG3,2018-02-26,2018-06-04,0.09199999999999997,0.908,0.08906526895055022,0.08906526895055022
9989,2017Q3,2017,RPMG3,2018-03-08,2018-06-14,0.22809999999999997,0.7719,0.06376414367640915,0.06376414367640915
9989,2018Q1,2018,RPMG3,2018-10-30,2019-02-11,0.4606,0.5394,-0.06091435120346589,-0.06091435120346589
9989,2018Q2,2018,RPMG3,2019-03-06,2019-06-05,0.04949999999999999,0.9505,-0.2913816996457971,-0.2913816996457971
9989,2018Q3,2018,RPMG3,2019-03-11,2019-06-10,0.0,1.0,-0.26267726810100134,-0.26267726810100134
9989,2019Q1,2019,RPMG3,2019-07-19,2019-10-16,0.9652000000000001,0.0348,-0.322967753294935,-0.322967753294935
9989,2019Q2,2019,RPMG3,2019-08-19,2019-11-14,0.9555,0.0445,-0.24941957868231746,-0.24941957868231746
9989,2019Q3,2019,RPMG3,2019-11-27,2020-03-03,0.0,1.0,-0.37654362126636354,-0.37654362126636354
9989,2020Q1,2020,RPMG3,2020-06-29,2020-09-25,0.0,1.0,-0.33917956690569384,-0.33917956690569384
10456,2012Q1,2012,ALPA4,2012-05-04,2012-08-03,0.14149999999999996,0.8585,-0.24146668225580192,-0.24146668225580192
10456,2012Q2,2012,ALPA4,2012-08-06,2012-11-06,0.00990000000000002,0.9901,0.2062082552497877,0.2062082552497877
10456,2012Q3,2012,ALPA4,2012-11-09,2013-02-19,0.0252,0.9748,-0.19677488054708425,-0.19677488054708425
10456,2013Q1,2013,ALPA4,2013-05-10,2013-08-09,0.14149999999999996,0.8585,0.11462653115723032,0.11462653115723032
10456,2013Q2,2013,ALPA4,2013-08-16,2013-11-13,0.010000000000000009,0.99,0.007290201711085631,0.007290201711085631
10456,2014Q1,2014,ALPA4,2014-05-09,2014-08-11,0.08320000000000005,0.9168,-0.1470409044184826,-0.1470409044184826
10456,2014Q2,2014,ALPA4,2014-08-20,2014-11-17,0.0040000000000000036,0.996,-0.12711497256051674,-0.12711497256051674
10456,2014Q3,2014,ALPA4,2014-11-07,2015-02-11,0.0004999999999999449,0.9995,0.21998830765570587,0.21998830765570587
10456,2015Q1,2015,ALPA4,2015-05-08,2015-08-07,0.09499999999999997,0.905,-0.1268486208376537,-0.1268486208376537
10456,2016Q2,2016,ALPA4,2016-08-09,2016-11-09,0.2017,0.7983,-0.22333661980608244,-0.22333661980608244
10456,2016Q3,2016,ALPA4,2016-11-04,2017-02-06,0.07689999999999997,0.9231,-0.1003234828400269,-0.1003234828400269
10456,2017Q1,2017,ALPA4,2017-05-05,2017-08-03,0.0927,0.9073,0.08275400037566105,0.08275400037566105
10456,2017Q2,2017,ALPA4,2017-08-04,2017-11-06,0.00039999999999995595,0.9996,0.021053402132597876,0.021053402132597876
10456,2017Q3,2017,ALPA4,2017-11-13,2018-02-20,0.05169999999999997,0.9483,-0.07623369056862361,-0.07623369056862361
10456,2018Q1,2018,ALPA4,2018-05-14,2018-08-13,0.014900000000000024,0.9851,-0.11739437119247287,-0.11739437119247287
10456,2019Q3,2019,ALPA4,2019-11-08,2020-02-13,0.058499999999999996,0.9415,0.057528558399499774,0.057528558399499774
10456,2020Q1,2020,ALPA4,2020-05-05,2020-08-03,0.28879999999999995,0.7112,-0.14919689421809967,-0.14919689421809967
10456,2020Q3,2020,ALPA4,2020-11-04,2021-02-08,0.14080000000000004,0.8592,-0.28968924030843746,-0.28968924030843746
10456,2023Q2,2023,ALPA4,2023-08-03,2023-11-03,0.05300000000000005,0.947,0.2940133806558931,0.2940133806558931
10456,2023Q3,2023,ALPA4,2023-11-08,2024-02-09,0.05410000000000004,0.9459,0.1144161395299419,0.1144161395299419
10456,2024Q1,2024,ALPA4,2024-05-09,2024-08-07,0.027699999999999947,0.9723,-0.13889110536456273,-0.13889110536456273
10456,2024Q2,2024,ALPA4,2024-08-08,2024-11-05,0.032200000000000006,0.9678,-0.15524086046517804,-0.15524086046517804
10456,2024Q3,2024,ALPA4,2024-11-07,2025-02-12,0.032200000000000006,0.9678,0.029372976591107713,0.029372976591107713
10456,2025Q1,2025,ALPA4,2025-05-08,2025-08-06,0.9155,0.0845,0.21322454774042643,0.21322454774042643
11312,2011Q2,2011,OIBR3,2011-08-15,2011-11-16,0.0,1.0,-0.1357905613203907,-0.1357905613203907
11312,2011Q3,2011,OIBR3,2011-10-27,2012-01-30,0.03839999999999999,0.9616,-0.11633466967707284,-0.11633466967707284
11312,2012Q1,2012,OIBR3,2013-05-15,2013-08-14,0.5178,0.4822,0.05649535865104549,0.05649535865104549
11312,2012Q2,2012,OIBR3,2013-05-15,2013-08-14,0.9567,0.0433,0.05649535865104549,0.05649535865104549
11312,2012Q3,2012,OIBR3,2013-05-15,2013-08-14,0.9566,0.0434,0.05649535865104549,0.05649535865104549
11312,2013Q1,2013,OIBR3,2013-04-30,2013-07-31,0.47350000000000003,0.5265,-0.04197627776552826,-0.04197627776552826
11312,2013Q2,2013,OIBR3,2013-08-14,2013-11-11,0.3033,0.6967,-0.07069163427662017,-0.07069163427662017
11312,2013Q3,2013,OIBR3,2013-11-13,2014-02-18,0.3819,0.6181,0.4954798752998515,0.4954798752998515
11312,2014Q1,2014,OIBR3,2014-05-15,2014-08-15,0.42469999999999997,0.5753,-0.2479138011633223,-0.2479138011633223
11312,2014Q2,2014,OIBR3,2014-08-06,2014-11-03,0.44210000000000005,0.5579,0.6996649390002416,0.6996649390002416
11312,2014Q3,2014,OIBR3,2014-11-13,2015-02-19,0.28979999999999995,0.7102,-0.04968611088016517,-0.04968611088016517
11312,2015Q1,2015,OIBR3,2015-05-07,2015-08-06,0.5788,0.4212,0.1683440776810845,0.1683440776810845
11312,2017Q1,2017,OIBR3,2017-05-10,2017-08-08,0.16690000000000005,0.8331,-0.1706659993271189,-0.1706659993271189
11312,2017Q2,2017,OIBR3,2017-08-09,2017-11-09,0.15259999999999996,0.8474,-0.00601279741770655,-0.00601279741770655
11312,2017Q3,2017,OIBR3,2017-11-13,2018-02-20,0.0,1.0,-0.32865594127489006,-0.32865594127489006
11312,2018Q1,2018,OIBR3,2018-05-29,2018-08-28,0.6185,0.3815,-0.16973322858505324,-0.16973322858505324
11312,2018Q2,2018,OIBR3,2018-08-13,2018-11-13,0.04930000000000001,0.9507,-0.12789632981821908,-0.12789632981821908
11312,2018Q3,2018,OIBR3,2018-11-14,2019-02-20,0.07140000000000002,0.9286,-0.2893815994003315,-0.2893815994003315
11312,2019Q1,2019,OIBR3,2019-05-14,2019-08-13,0.3348,0.6652,0.11442598986086883,0.11442598986086883
11312,2019Q2,2019,OIBR3,2019-08-14,2019-11-11,0.0027000000000000357,0.9973,-0.24421611976379476,-0.24421611976379476
11312,2019Q3,2019,OIBR3,2019-12-02,2020-03-06,0.09089999999999998,0.9091,0.1497630715491336,0.1497630715491336
11312,2020Q1,2020,OIBR3,2020-06-16,2020-09-14,0.031200000000000006,0.9688,0.7367344962518256,0.7367344962518256
11312,2020Q2,2020,OIBR3,2020-08-14,2020-11-16,0.006900000000000017,0.9931,-0.1255706119818113,-0.1255706119818113
11312,2020Q3,2020,OIBR3,2020-11-12,2021-02-18,0.005099999999999993,0.9949,-0.15105890997603166,-0.15105890997603166
11312,2021Q1,2021,OIBR3,2021-07-07,2021-10-06,0.005199999999999982,0.9948,-0.3470492256945532,-0.3470492256945532
11312,2021Q2,2021,OIBR3,2021-08-11,2021-11-11,0.029100000000000015,0.9709,0.07049775142973624,0.07049775142973624
11312,2021Q3,2021,OIBR3,2021-11-10,2022-02-10,0.00649999999999995,0.9935,-0.08470819637785376,-0.08470819637785376
11312,2022Q1,2022,OIBR3,2022-06-29,2022-09-27,0.035599999999999965,0.9644,-0.3290526624952367,-0.3290526624952367
11312,2022Q2,2022,OIBR3,2022-08-11,2022-11-11,0.006099999999999994,0.9939,-0.6163801702258116,-0.4920335995287716
11312,2022Q3,2022,OIBR3,2022-11-09,2023-02-08,0.02090000000000003,0.9791,-0.19134987907105527,-0.19134987907105527
11312,2023Q1,2023,OIBR3,2023-06-14,2023-09-12,0.020199999999999996,0.9798,-0.15086567887178126,-0.15086567887178126
11312,2023Q2,2023,OIBR3,2023-08-10,2023-11-10,0.030399999999999983,0.9696,-0.019265578675834782,-0.019265578675834782
11312,2023Q3,2023,OIBR3,2023-11-08,2024-02-09,0.05149999999999999,0.9485,0.8352787699437882,0.7496355521156113
11312,2024Q1,2024,OIBR3,2024-05-08,2024-08-06,0.05400000000000005,0.946,-0.4701519056662149,-0.4701519056662149
11312,2025Q2,2025,OIBR3,2025-09-04,2025-12-08,0.0,1.0,-0.49091712903639717,-0.49091712903639717
11320,2011Q2,2011,TMAR5,2011-11-10,2012-02-10,0.20330000000000004,0.7967,-0.37966691535229513,-0.37966691535229513
11320,2011Q3,2011,TMAR5,2011-10-27,2012-01-30,0.07150000000000001,0.9285,-0.1835168777580216,-0.1835168777580216
11932,2011Q2,2011,MYPK3,2011-08-10,2011-11-10,0.015900000000000025,0.9841,0.15668434414066423,0.15668434414066423
11932,2011Q3,2011,MYPK3,2011-11-09,2012-02-09,0.09530000000000005,0.9047,0.14497353399634583,0.14497353399634583
11932,2012Q1,2012,MYPK3,2012-05-15,2012-08-14,0.1361,0.8639,-0.19515113765863235,-0.19515113765863235
11932,2012Q2,2012,MYPK3,2012-08-14,2012-11-14,0.1269,0.8731,-0.06252207240396701,-0.06252207240396701
11932,2012Q3,2012,MYPK3,2012-11-08,2013-02-18,0.016100000000000003,0.9839,-0.01650169309712679,-0.01650169309712679
11932,2013Q1,2013,MYPK3,2013-05-15,2013-08-14,0.21299999999999997,0.787,0.34192262586928734,0.34192262586928734
11932,2013Q2,2013,MYPK3,2013-08-14,2013-11-11,0.39680000000000004,0.6032,0.01584657415636359,0.01584657415636359
11932,2013Q3,2013,MYPK3,2013-11-07,2014-02-12,0.023499999999999965,0.9765,-0.1176317895554031,-0.1176317895554031
11932,2014Q2,2014,MYPK3,2014-08-06,2014-11-03,0.17859999999999998,0.8214,0.24500523390651363,0.24500523390651363
11932,2014Q3,2014,MYPK3,2014-11-05,2015-02-09,0.0042999999999999705,0.9957,-0.10563767314679462,-0.10563767314679462
11932,2015Q1,2015,MYPK3,2015-05-07,2015-08-06,0.06869999999999998,0.9313,0.4368859445622939,0.4368859445622939
11932,2015Q2,2015,MYPK3,2015-08-06,2015-11-06,0.16779999999999995,0.8322,0.5097505509857949,0.5097505509857949
11932,2015Q3,2015,MYPK3,2015-11-05,2016-02-12,0.13460000000000005,0.8654,-0.4059507099477313,-0.4059507099477313
11932,2016Q1,2016,MYPK3,2016-05-05,2016-08-03,0.08540000000000003,0.9146,-0.22645773233753863,-0.22645773233753863
11932,2016Q2,2016,MYPK3,2016-08-04,2016-11-04,0.09189999999999998,0.9081,-0.2603826492226502,-0.2603826492226502
11932,2016Q3,2016,MYPK3,2016-11-10,2017-02-10,0.037900000000000045,0.9621,-0.01853351864493824,-0.01853351864493824
11932,2017Q1,2017,MYPK3,2017-05-11,2017-08-09,0.15500000000000003,0.845,0.09181069994451518,0.09181069994451518
11932,2018Q1,2018,MYPK3,2018-05-10,2018-08-09,0.08750000000000002,0.9125,-0.12353756110460656,-0.12353756110460656
11932,2018Q2,2018,MYPK3,2018-08-09,2018-11-09,0.19489999999999996,0.8051,-0.10877416534172502,-0.10877416534172502
11932,2018Q3,2018,MYPK3,2018-11-08,2019-02-14,0.015199999999999991,0.9848,-0.031404537867998794,-0.031404537867998794
11932,2019Q1,2019,MYPK3,2019-05-08,2019-08-07,0.7592,0.2408,-0.07457911638629044,-0.07457911638629044
11932,2019Q2,2019,MYPK3,2019-08-06,2019-11-01,0.0,1.0,-0.14748707197048339,-0.14748707197048339
11932,2019Q3,2019,MYPK3,2019-11-06,2020-02-11,0.0,1.0,0.16677395810894624,0.16677395810894624
11932,2020Q1,2020,MYPK3,2020-05-14,2020-08-12,0.6853,0.3147,-0.1510499493181917,-0.1510499493181917
11932,2020Q2,2020,MYPK3,2020-08-13,2020-11-13,0.2328,0.7672,0.05269575280715433,0.05269575280715433
11932,2020Q3,2020,MYPK3,2020-11-03,2021-02-05,0.025499999999999967,0.9745,-0.1854828912796811,-0.1854828912796811
11932,2021Q1,2021,MYPK3,2021-05-17,2021-08-16,0.11319999999999997,0.8868,0.1055669467340834,0.1055669467340834
11932,2021Q2,2021,MYPK3,2021-08-11,2021-11-11,0.1632,0.8368,0.15383353166372227,0.15383353166372227
11932,2021Q3,2021,MYPK3,2021-11-16,2022-02-15,0.01649999999999996,0.9835,-0.2601447634383175,-0.2601447634383175
11932,2022Q1,2022,MYPK3,2022-05-09,2022-08-05,0.2178,0.7822,0.21429064184711444,0.21429064184711444
11932,2022Q2,2022,MYPK3,2022-08-10,2022-11-10,0.08979999999999999,0.9102,-0.3758106200674518,-0.3758106200674518
11932,2022Q3,2022,MYPK3,2022-11-09,2023-02-08,0.05359999999999998,0.9464,-0.032781734436104104,-0.032781734436104104
11932,2023Q1,2023,MYPK3,2023-05-08,2023-08-04,0.11150000000000004,0.8885,0.04544086767439115,0.04544086767439115
11932,2023Q2,2023,MYPK3,2023-08-09,2023-11-09,0.06730000000000003,0.9327,-0.11099015484163588,-0.11099015484163588
11932,2023Q3,2023,MYPK3,2023-11-08,2024-02-09,0.04249999999999998,0.9575,-0.004385576992460671,-0.004385576992460671
11932,2024Q1,2024,MYPK3,2024-05-08,2024-08-06,0.27170000000000005,0.7283,-0.08271366651107415,-0.08271366651107415
11932,2024Q2,2024,MYPK3,2024-08-05,2024-10-31,0.08209999999999995,0.9179,-0.15165230513122707,-0.15165230513122707
11932,2024Q3,2024,MYPK3,2024-11-06,2025-02-11,0.017100000000000004,0.9829,0.3539563198544222,0.3539563198544222
11932,2025Q1,2025,MYPK3,2025-05-07,2025-08-05,0.06620000000000004,0.9338,0.03424983922152025,0.03424983922152025
11932,2025Q2,2025,MYPK3,2025-08-06,2025-11-03,0.03939999999999999,0.9606,-0.2711352574269177,-0.2711352574269177
12653,2014Q2,2014,KLBN11,2014-07-30,2014-10-27,0.16100000000000003,0.839,0.2019291224638402,0.2019291224638402
12653,2014Q3,2014,KLBN11,2014-10-28,2015-01-30,0.07399999999999995,0.926,0.13556554916109076,0.13556554916109076
12653,2015Q2,2015,KLBN11,2015-07-27,2015-10-26,0.1382,0.8618,-0.09379530193218122,-0.09379530193218122
12653,2015Q3,2015,KLBN11,2015-10-26,2016-02-01,0.05840000000000001,0.9416,-0.2046141855691379,-0.2046141855691379
12653,2016Q1,2016,KLBN11,2016-09-06,2016-12-08,0.09570000000000001,0.9043,0.031831126099470586,0.031831126099470586
12653,2016Q2,2016,KLBN11,2016-09-06,2016-12-08,0.04479999999999995,0.9552,0.031831126099470586,0.031831126099470586
12653,2016Q3,2016,KLBN11,2016-11-09,2017-02-09,0.07630000000000003,0.9237,0.06252676411896263,0.06252676411896263
12653,2017Q1,2017,KLBN11,2017-05-15,2017-08-11,0.10619999999999996,0.8938,0.0383104683841653,0.0383104683841653
12653,2017Q2,2017,KLBN11,2017-08-09,2017-11-09,0.05389999999999995,0.9461,0.21039705064034941,0.21039705064034941
12653,2021Q3,2021,KLBN11,2021-10-26,2022-01-27,0.0403,0.9597,0.0920262641889571,0.0920262641889571
12653,2022Q1,2022,KLBN11,2022-05-03,2022-08-01,0.1472,0.8528,0.0037315705493119466,0.0037315705493119466
12653,2022Q2,2022,KLBN11,2022-07-27,2022-10-26,0.2592,0.7408,0.16817259122536643,0.16817259122536643
12653,2022Q3,2022,KLBN11,2022-10-26,2023-01-26,0.3188,0.6812,-0.06737764466394147,-0.06737764466394147
12653,2023Q1,2023,KLBN11,2023-05-03,2023-08-01,0.23240000000000005,0.7676,0.15189321721739746,0.15189321721739746
12653,2023Q2,2023,KLBN11,2023-08-01,2023-10-31,0.07140000000000002,0.9286,-0.0765124844350279,-0.0765124844350279
12653,2023Q3,2023,KLBN11,2023-10-25,2024-01-29,0.017900000000000027,0.9821,-0.10492039896369676,-0.10492039896369676
12653,2024Q1,2024,KLBN11,2024-04-25,2024-07-25,0.39339999999999997,0.6066,-0.07648253336490707,-0.07648253336490707
12653,2024Q2,2024,KLBN11,2024-07-30,2024-10-25,0.010299999999999976,0.9897,-0.08250559552003256,-0.08250559552003256
12653,2024Q3,2024,KLBN11,2024-11-07,2025-02-12,0.379,0.621,-0.01493783851603303,-0.01493783851603303
12653,2025Q1,2025,KLBN11,2025-05-07,2025-08-05,0.09840000000000004,0.9016,0.030044997348071423,0.030044997348071423
12653,2025Q2,2025,KLBN11,2025-08-05,2025-10-31,0.8625,0.1375,-0.005263900882590988,-0.005263900882590988
12653,2025Q3,2025,KLBN11,2025-11-04,2026-02-06,0.8758,0.1242,0.07523353607346883,0.07523353607346883
13471,2011Q2,2011,PLAS3,2011-07-29,2011-10-28,0.05030000000000001,0.9497,0.1511382728381616,0.1511382728381616
13471,2011Q3,2011,PLAS3,2011-10-28,2012-01-31,0.058499999999999996,0.9415,-0.06262521946776378,-0.06262521946776378
13471,2012Q1,2012,PLAS3,2012-05-14,2012-08-13,0.27669999999999995,0.7233,-0.4082672180392486,-0.4082672180392486
13471,2012Q2,2012,PLAS3,2012-08-07,2012-11-07,0.06579999999999997,0.9342,0.21195059285869955,0.21195059285869955
13471,2012Q3,2012,PLAS3,2012-11-08,2013-02-18,0.014800000000000035,0.9852,-0.2793167679169126,-0.2793167679169126
13471,2013Q1,2013,PLAS3,2013-05-08,2013-08-07,0.0038000000000000256,0.9962,0.6894263895617629,0.6894263895617629
13471,2013Q2,2013,PLAS3,2013-08-13,2013-11-08,0.011399999999999966,0.9886,0.05915553696175557,0.05915553696175557
13471,2013Q3,2013,PLAS3,2013-10-28,2014-01-31,0.0008000000000000229,0.9992,-0.12376969401637183,-0.12376969401637183
13471,2014Q1,2014,PLAS3,2014-05-13,2014-08-15,0.28969999999999996,0.7103,0.13560281714955136,0.13560281714955136
13471,2014Q2,2014,PLAS3,2014-07-18,2014-10-15,0.09950000000000003,0.9005,0.0006524502205491611,0.0006524502205491611
13471,2014Q3,2014,PLAS3,2014-10-28,2015-02-03,0.0030999999999999917,0.9969,-0.0483069270393186,-0.0483069270393186
13471,2015Q1,2015,PLAS3,2015-04-28,2015-07-29,0.05069999999999997,0.9493,1.3611070396895042,0.7496355521156113
13471,2015Q2,2015,PLAS3,2015-07-29,2015-10-30,0.0031999999999999806,0.9968,-0.6376743613999847,-0.4920335995287716
13471,2015Q3,2015,PLAS3,2015-10-27,2016-02-11,0.015100000000000002,0.9849,-0.5453570900079663,-0.4920335995287716
13471,2016Q1,2016,PLAS3,2016-05-11,2016-08-23,0.3459,0.6541,-0.00354284571579222,-0.00354284571579222
13471,2016Q2,2016,PLAS3,2016-08-01,2016-12-02,0.0028000000000000247,0.9972,0.503914902066849,0.503914902066849
13471,2016Q3,2016,PLAS3,2016-11-09,2017-03-20,0.0022999999999999687,0.9977,0.033654366043073036,0.033654366043073036
13471,2017Q1,2017,PLAS3,2017-05-08,2017-09-20,0.07569999999999999,0.9243,0.4250099993250491,0.4250099993250491
13471,2017Q2,2017,PLAS3,2017-08-08,2017-12-26,0.07210000000000005,0.9279,-0.10890298747884364,-0.10890298747884364
13471,2017Q3,2017,PLAS3,2017-10-31,2018-04-23,0.007099999999999995,0.9929,-0.0382929312634126,-0.0382929312634126
13471,2018Q1,2018,PLAS3,2018-04-30,2018-10-10,0.30210000000000004,0.6979,-0.37934679962064666,-0.37934679962064666
13471,2018Q2,2018,PLAS3,2018-08-14,2019-02-11,0.5186999999999999,0.4813,0.6783347958859032,0.6783347958859032
13471,2018Q3,2018,PLAS3,2018-11-07,2019-03-27,0.1269,0.8731,-0.1772800875078948,-0.1772800875078948
13471,2019Q1,2019,PLAS3,2019-05-15,2019-08-16,0.5938,0.4062,0.20218590644474355,0.20218590644474355
13471,2019Q2,2019,PLAS3,2019-08-08,2019-11-11,0.07120000000000004,0.9288,-0.09103307548304018,-0.09103307548304018
13471,2020Q1,2020,PLAS3,2020-06-29,2020-10-07,0.06230000000000002,0.9377,-0.19038438919787004,-0.19038438919787004
13471,2020Q2,2020,PLAS3,2020-08-14,2020-11-27,0.0,1.0,0.14696031711476554,0.14696031711476554
13471,2020Q3,2020,PLAS3,2020-11-11,2021-02-19,0.014399999999999968,0.9856,0.04371376476039712,0.04371376476039712
13471,2021Q1,2021,PLAS3,2021-05-11,2021-08-10,0.03469999999999995,0.9653,-0.26440323730304727,-0.26440323730304727
13471,2021Q2,2021,PLAS3,2021-08-10,2021-12-02,0.014499999999999957,0.9855,-0.48811245331553466,-0.48811245331553466
13471,2021Q3,2021,PLAS3,2021-11-09,2022-04-13,0.026900000000000035,0.9731,-0.29701120992059715,-0.29701120992059715
13471,2022Q1,2022,PLAS3,2022-05-11,2022-10-11,0.277,0.723,-0.21867129529384444,-0.21867129529384444
13471,2022Q2,2022,PLAS3,2022-08-09,2022-12-21,0.10599999999999998,0.894,0.19329406063459564,0.19329406063459564
13471,2023Q1,2023,PLAS3,2023-05-15,2023-12-26,0.266,0.734,-0.25804172989306184,-0.25804172989306184
13471,2023Q2,2023,PLAS3,2023-08-11,2024-02-29,0.03949999999999998,0.9605,-0.09049493283224741,-0.09049493283224741
13471,2023Q3,2023,PLAS3,2023-11-10,2024-03-27,0.03700000000000003,0.963,0.2896319404240246,0.2896319404240246
13471,2024Q1,2024,PLAS3,2024-05-10,2024-10-23,0.0534,0.9466,-0.010011843126829123,-0.010011843126829123
13471,2024Q2,2024,PLAS3,2024-08-14,2025-02-27,0.2459,0.7541,0.29444456317313517,0.29444456317313517
13471,2024Q3,2024,PLAS3,2024-11-12,2025-06-12,0.3338,0.6662,-0.11667531280686594,-0.11667531280686594
13471,2025Q1,2025,PLAS3,2025-05-13,2025-12-02,0.016000000000000014,0.984,-0.2204971868665363,-0.2204971868665363
13986,2020Q2,2020,SUZB3,2020-08-13,2020-11-13,0.05259999999999998,0.9474,-0.06827382140792648,-0.06827382140792648
13986,2024Q2,2024,SUZB3,2024-08-08,2024-11-05,0.028900000000000037,0.9711,0.11274169403968393,0.11274169403968393
13986,2024Q3,2024,SUZB3,2024-10-24,2025-01-29,0.008399999999999963,0.9916,0.1041852477823546,0.1041852477823546
13986,2025Q1,2025,SUZB3,2025-05-08,2025-08-06,0.6033,0.3967,-0.016277740820527353,-0.016277740820527353
13986,2025Q2,2025,SUZB3,2025-08-06,2025-11-03,0.08640000000000003,0.9136,-0.06317180695253166,-0.06317180695253166
13986,2025Q3,2025,SUZB3,2025-11-06,2026-02-10,0.06910000000000005,0.9309,0.041314275754013696,0.041314275754013696
14109,2011Q2,2011,RAPT4,2011-08-09,2011-11-09,0.0012999999999999678,0.9987,-0.07215477765397005,-0.07215477765397005
14109,2011Q3,2011,RAPT4,2011-11-08,2012-02-08,0.007600000000000051,0.9924,-0.08281538523861343,-0.08281538523861343
14109,2012Q1,2012,RAPT4,2012-05-08,2012-08-07,0.1251,0.8749,0.01862109597532946,0.01862109597532946
14109,2012Q2,2012,RAPT4,2012-08-08,2012-11-08,0.0393,0.9607,0.09433344974837565,0.09433344974837565
14109,2012Q3,2012,RAPT4,2012-11-12,2013-02-20,0.04520000000000002,0.9548,0.01563879852071315,0.01563879852071315
14109,2013Q1,2013,RAPT4,2013-05-08,2013-08-07,0.2138,0.7862,-0.06625253603954828,-0.06625253603954828
14109,2013Q2,2013,RAPT4,2013-08-08,2013-11-05,0.012499999999999956,0.9875,-0.05553152654282756,-0.05553152654282756
14109,2013Q3,2013,RAPT4,2013-11-07,2014-02-12,0.008499999999999952,0.9915,-0.24833312464624746,-0.24833312464624746
14109,2014Q1,2014,RAPT4,2014-05-08,2014-08-08,0.17059999999999997,0.8294,-0.06921615201099518,-0.06921615201099518
14109,2014Q2,2014,RAPT4,2014-08-07,2014-11-04,0.015000000000000013,0.985,0.21264097689536832,0.21264097689536832
14109,2014Q3,2014,RAPT4,2014-11-10,2015-02-12,0.5564,0.4436,-0.1924371854787328,-0.1924371854787328
14109,2015Q1,2015,RAPT4,2015-05-13,2015-08-12,0.5991,0.4009,0.04780493520026918,0.04780493520026918
14109,2015Q2,2015,RAPT4,2015-08-12,2015-11-12,0.07950000000000002,0.9205,0.1489247092117547,0.1489247092117547
14109,2015Q3,2015,RAPT4,2015-11-11,2016-02-18,0.11199999999999999,0.888,-0.2143996061154705,-0.2143996061154705
14109,2016Q1,2016,RAPT4,2016-05-12,2016-08-10,0.1533,0.8467,0.2022941971602079,0.2022941971602079
14109,2016Q2,2016,RAPT4,2016-08-11,2016-11-11,0.0030999999999999917,0.9969,-0.18730294300506034,-0.18730294300506034
14109,2017Q2,2017,RAPT4,2017-08-09,2017-11-09,0.10309999999999997,0.8969,0.14251285972486594,0.14251285972486594
14109,2017Q3,2017,RAPT4,2017-11-09,2018-02-16,0.005600000000000049,0.9944,0.10966990339393545,0.10966990339393545
14109,2018Q2,2018,RAPT4,2018-08-08,2018-11-08,0.8812,0.1188,0.007229739102954769,0.007229739102954769
14109,2018Q3,2018,RAPT4,2018-11-08,2019-02-14,0.8876,0.1124,-0.09068894001752692,-0.09068894001752692
14109,2019Q1,2019,RAPT4,2019-05-09,2019-08-08,0.8376,0.1624,-0.0995131454716438,-0.0995131454716438
14109,2020Q1,2020,RAPT4,2020-06-04,2020-09-02,0.6446000000000001,0.3554,-0.12707028008324361,-0.12707028008324361
14109,2020Q2,2020,RAPT4,2020-08-13,2020-11-13,0.05520000000000003,0.9448,0.15891153422304738,0.15891153422304738
14109,2023Q1,2023,RAPT4,2023-05-10,2023-08-08,0.9189,0.0811,0.15363421564618984,0.15363421564618984
14109,2023Q2,2023,RAPT4,2023-08-09,2023-11-09,0.16949999999999998,0.8305,0.025082877735334685,0.025082877735334685
14109,2023Q3,2023,RAPT4,2023-11-09,2024-02-14,0.015599999999999947,0.9844,-0.15905983679908486,-0.15905983679908486
14109,2024Q1,2024,RAPT4,2024-05-08,2024-08-06,0.20479999999999998,0.7952,-0.03152513246347832,-0.03152513246347832
14109,2024Q2,2024,RAPT4,2024-08-07,2024-11-04,0.04090000000000005,0.9591,0.027396059033302445,0.027396059033302445
14109,2024Q3,2024,RAPT4,2024-11-07,2025-02-12,0.033499999999999974,0.9665,-0.06934463023341852,-0.06934463023341852
14109,2025Q1,2025,RAPT4,2025-05-08,2025-08-06,0.14549999999999996,0.8545,-0.2073135091441224,-0.2073135091441224
14109,2025Q2,2025,RAPT4,2025-08-08,2025-11-05,0.08199999999999996,0.918,-0.03776123298782674,-0.03776123298782674
14176,2011Q2,2011,ELPL4,2011-08-10,2011-11-10,0.035699999999999954,0.9643,-0.1605606961159597,-0.1605606961159597
14176,2011Q3,2011,ELPL4,2011-11-09,2012-02-09,0.0046000000000000485,0.9954,0.09977338625157373,0.09977338625157373
14176,2012Q1,2012,ELPL4,2012-05-03,2012-08-02,0.050799999999999956,0.9492,-0.32118887446246747,-0.32118887446246747
14176,2012Q2,2012,ELPL4,2012-08-03,2012-11-05,0.009499999999999953,0.9905,0.10023214822806925,0.10023214822806925
14176,2012Q3,2012,ELPL4,2012-11-06,2013-02-14,0.09150000000000003,0.9085,0.009954908131901252,0.009954908131901252
14176,2013Q1,2013,ELPL4,2013-05-08,2013-08-07,0.7429,0.2571,0.12416711524243951,0.12416711524243951
14176,2013Q2,2013,ELPL4,2013-08-07,2013-11-04,0.0353,0.9647,1.0795750333154732,0.7496355521156113
14176,2013Q3,2013,ELPL4,2013-11-06,2014-02-11,0.014900000000000024,0.9851,0.1267958757147012,0.1267958757147012
14176,2014Q1,2014,ELPL4,2014-05-07,2014-08-07,0.7833,0.2167,0.010354756454395764,0.010354756454395764
14176,2014Q2,2014,ELPL4,2014-08-06,2014-11-03,0.35860000000000003,0.6414,-0.2184299550286899,-0.2184299550286899
14176,2014Q3,2014,ELPL4,2014-11-05,2015-02-09,0.0847,0.9153,0.24733187747073893,0.24733187747073893
14176,2015Q1,2015,ELPL4,2015-05-08,2015-08-07,0.03649999999999998,0.9635,0.003430123384592587,0.003430123384592587
14176,2015Q2,2015,ELPL4,2015-08-07,2015-11-09,0.16279999999999994,0.8372,-0.44410712706351974,-0.44410712706351974
14176,2015Q3,2015,ELPL4,2015-11-04,2016-02-11,0.03700000000000003,0.963,-0.24193819751456103,-0.24193819751456103
14176,2016Q1,2016,ELPL4,2016-05-06,2016-08-04,0.22619999999999996,0.7738,0.20804397955260479,0.20804397955260479
14176,2016Q2,2016,ELPL4,2016-08-04,2016-11-04,0.8235,0.1765,-0.21865464863811612,-0.21865464863811612
14176,2016Q3,2016,ELPL4,2016-11-03,2017-02-03,0.01419999999999999,0.9858,0.14006808539695226,0.14006808539695226
14176,2017Q1,2017,ELPL4,2017-05-05,2017-08-03,0.8028,0.1972,-0.02085676611106657,-0.02085676611106657
14176,2017Q2,2017,ELPL4,2017-08-07,2017-11-07,0.47030000000000005,0.5297,-0.13175267054099682,-0.13175267054099682
14311,2011Q2,2011,CPLE3,2011-08-11,2011-11-23,0.009700000000000042,0.9903,-0.23206851780704807,-0.23206851780704807
14311,2011Q3,2011,CPLE3,2011-11-09,2012-02-15,0.014700000000000046,0.9853,0.13271445126474424,0.13271445126474424
14311,2012Q1,2012,CPLE3,2012-05-15,2012-08-16,0.03590000000000004,0.9641,-0.016949658515102994,-0.016949658515102994
14311,2012Q2,2012,CPLE3,2012-08-14,2012-11-14,0.0042999999999999705,0.9957,-0.4138822547941048,-0.4138822547941048
14311,2012Q3,2012,CPLE3,2012-11-13,2013-02-21,0.358,0.642,0.2334825990086491,0.2334825990086491
14311,2013Q1,2013,CPLE3,2013-05-15,2013-08-14,0.07330000000000003,0.9267,-0.08962548186079455,-0.08962548186079455
14311,2013Q2,2013,CPLE3,2013-08-14,2013-11-11,0.013700000000000045,0.9863,-0.0520304345234226,-0.0520304345234226
14311,2013Q3,2013,CPLE3,2013-11-08,2014-02-13,0.026100000000000012,0.9739,-0.1192393330875724,-0.1192393330875724
14311,2014Q1,2014,CPLE3,2014-05-14,2014-08-14,0.07930000000000004,0.9207,0.09430968274124907,0.09430968274124907
14311,2014Q2,2014,CPLE3,2014-08-13,2014-11-10,0.06289999999999996,0.9371,-0.05331505356748978,-0.05331505356748978
14311,2014Q3,2014,CPLE3,2014-11-13,2015-02-19,0.0029000000000000137,0.9971,-0.00799354060457902,-0.00799354060457902
14311,2015Q1,2015,CPLE3,2015-05-14,2015-08-13,0.07469999999999999,0.9253,0.018609884659169795,0.018609884659169795
14311,2015Q2,2015,CPLE3,2015-08-13,2015-11-13,0.028299999999999992,0.9717,-0.05261416708964417,-0.05261416708964417
14311,2015Q3,2015,CPLE3,2015-11-11,2016-02-18,0.2714,0.7286,-0.19700211450746385,-0.19700211450746385
14311,2016Q1,2016,CPLE3,2016-05-12,2016-08-10,0.022599999999999953,0.9774,-0.013039278396996257,-0.013039278396996257
14311,2016Q2,2016,CPLE3,2016-08-11,2016-11-11,0.0017000000000000348,0.9983,0.03997616774182067,0.03997616774182067
14311,2016Q3,2016,CPLE3,2016-11-10,2017-02-10,0.005800000000000027,0.9942,-0.10564419085038057,-0.10564419085038057
14311,2017Q1,2017,CPLE3,2018-06-13,2018-09-12,0.026499999999999968,0.9735,0.011961046588328639,0.011961046588328639
14311,2017Q2,2017,CPLE3,2018-06-13,2018-09-12,0.031299999999999994,0.9687,0.011961046588328639,0.011961046588328639
14311,2017Q3,2017,CPLE3,2018-06-13,2018-09-12,0.0037000000000000366,0.9963,0.011961046588328639,0.011961046588328639
14311,2018Q1,2018,CPLE3,2018-05-15,2018-08-14,0.006099999999999994,0.9939,-0.03182961296769926,-0.03182961296769926
14311,2018Q2,2018,CPLE3,2018-08-14,2018-11-14,0.0028000000000000247,0.9972,0.43666704919378674,0.43666704919378674
14311,2018Q3,2018,CPLE3,2018-11-08,2019-02-14,0.011499999999999955,0.9885,0.08818252725629461,0.08818252725629461
14311,2019Q1,2019,CPLE3,2020-12-17,2021-03-25,0.015900000000000025,0.9841,-0.02679083302968932,-0.02679083302968932
14311,2019Q2,2019,CPLE3,2019-08-14,2019-11-11,0.041000000000000036,0.959,-0.12977307943293181,-0.12977307943293181
14311,2019Q3,2019,CPLE3,2019-11-12,2020-02-17,0.05789999999999995,0.9421,0.19972548666618462,0.19972548666618462
14311,2020Q1,2020,CPLE3,2020-05-14,2020-08-12,0.030000000000000027,0.97,-0.21154367182043177,-0.21154367182043177
14311,2020Q2,2020,CPLE3,2020-08-13,2020-11-13,0.0040999999999999925,0.9959,0.00891057383232785,0.00891057383232785
14311,2020Q3,2020,CPLE3,2020-11-12,2021-02-18,0.008099999999999996,0.9919,-0.12149266929192126,-0.12149266929192126
14311,2021Q1,2021,CPLE3,2021-05-05,2021-08-04,0.0131,0.9869,0.11410620887503975,0.11410620887503975
14311,2021Q2,2021,CPLE3,2021-08-11,2021-11-11,0.00019999999999997797,0.9998,0.08280771985712732,0.08280771985712732
14311,2022Q1,2022,CPLE3,2022-05-11,2022-08-09,0.04690000000000005,0.9531,0.029817772686454358,0.029817772686454358
14311,2022Q2,2022,CPLE3,2022-08-09,2022-11-09,0.005900000000000016,0.9941,0.06443703002535583,0.06443703002535583
14311,2022Q3,2022,CPLE3,2022-11-10,2023-02-09,0.005499999999999949,0.9945,-0.13521651554352965,-0.13521651554352965
14311,2023Q1,2023,CPLE3,2023-06-07,2023-09-05,0.03610000000000002,0.9639,0.15125480204863173,0.15125480204863173
14311,2023Q2,2023,CPLE3,2023-08-14,2023-11-14,0.028699999999999948,0.9713,-0.042432826371628596,-0.042432826371628596
14311,2023Q3,2023,CPLE3,2023-11-08,2024-02-09,0.007099999999999995,0.9929,-0.030153853524248708,-0.030153853524248708
14311,2024Q1,2024,CPLE3,2024-05-08,2024-08-06,0.022399999999999975,0.9776,0.10884198878831364,0.10884198878831364
14311,2024Q2,2024,CPLE3,2024-08-07,2024-11-04,0.051899999999999946,0.9481,-0.10497195221590305,-0.10497195221590305
14311,2024Q3,2024,CPLE3,2024-11-06,2025-02-11,0.5415,0.4585,0.10589312333218115,0.10589312333218115
14311,2025Q2,2025,CPLE3,2025-08-06,2025-11-03,0.28049999999999997,0.7195,0.12607117997181572,0.12607117997181572
14311,2025Q3,2025,CPLE3,2025-11-12,2026-02-18,0.021199999999999997,0.9788,-0.10293166179742996,-0.10293166179742996
14320,2011Q2,2011,USIM5,2011-08-02,2011-11-01,0.06000000000000005,0.94,0.27232309272792166,0.27232309272792166
14320,2011Q3,2011,USIM5,2011-11-08,2012-02-08,0.026000000000000023,0.974,0.02974219795289823,0.02974219795289823
14320,2012Q1,2012,USIM5,2012-04-23,2012-07-24,0.909,0.091,-0.38866784904926943,-0.38866784904926943
14320,2012Q2,2012,USIM5,2012-07-30,2012-10-29,0.4051,0.5949,0.4534980079190485,0.4534980079190485
14320,2012Q3,2012,USIM5,2012-11-01,2013-02-08,0.14839999999999998,0.8516,-0.011968955239664902,-0.011968955239664902
14320,2013Q1,2013,USIM5,2013-04-26,2013-07-29,0.3762,0.6238,-0.1413816000602406,-0.1413816000602406
14320,2013Q2,2013,USIM5,2013-07-26,2013-10-23,0.17120000000000002,0.8288,0.10851624995870313,0.10851624995870313
14320,2013Q3,2013,USIM5,2013-10-30,2014-02-04,0.13129999999999997,0.8687,0.1544292627253112,0.1544292627253112
14320,2014Q1,2014,USIM5,2014-04-24,2014-07-28,0.406,0.594,-0.19888897699789365,-0.19888897699789365
14320,2014Q2,2014,USIM5,2014-07-24,2014-10-21,0.3611,0.6389,-0.0802220519799639,-0.0802220519799639
14320,2014Q3,2014,USIM5,2014-10-29,2015-02-02,0.09799999999999998,0.902,-0.38552703407511313,-0.38552703407511313
14320,2016Q3,2016,USIM5,2016-10-28,2017-01-31,0.7393000000000001,0.2607,0.11504048511015696,0.11504048511015696
14320,2017Q1,2017,USIM5,2017-04-20,2017-07-21,0.6127,0.3873,0.2920780647591015,0.2920780647591015
14320,2018Q1,2018,USIM5,2018-05-09,2018-08-08,0.6111,0.3889,-0.21954667374428705,-0.21954667374428705
14320,2018Q2,2018,USIM5,2018-07-27,2018-10-26,0.25660000000000005,0.7434,-0.08855746523616326,-0.08855746523616326
14320,2018Q3,2018,USIM5,2018-10-26,2019-02-04,0.2582,0.7418,-0.2050677131457026,-0.2050677131457026
14320,2019Q1,2019,USIM5,2019-04-18,2019-07-22,0.11040000000000005,0.8896,-0.0545337760017961,-0.0545337760017961
14320,2019Q2,2019,USIM5,2019-07-26,2019-10-23,0.3721,0.6279,-0.010886169909759325,-0.010886169909759325
14320,2019Q3,2019,USIM5,2019-10-25,2020-01-30,0.47519999999999996,0.5248,0.3292148390201777,0.3292148390201777
14320,2020Q1,2020,USIM5,2020-05-22,2020-08-20,0.45330000000000004,0.5467,0.3347399053312963,0.3347399053312963
14320,2020Q2,2020,USIM5,2020-07-30,2020-10-29,0.07669999999999999,0.9233,0.6667472466851123,0.6667472466851123
14320,2020Q3,2020,USIM5,2020-10-29,2021-02-03,0.06799999999999995,0.932,-0.20287239487841902,-0.20287239487841902
14320,2021Q1,2021,USIM5,2021-04-23,2021-07-23,0.06610000000000005,0.9339,-0.2246819444561573,-0.2246819444561573
14320,2021Q2,2021,USIM5,2021-07-30,2021-10-29,0.061799999999999966,0.9382,-0.3999827018124108,-0.3999827018124108
14320,2021Q3,2021,USIM5,2021-10-29,2022-02-01,0.06799999999999995,0.932,0.09048850016092413,0.09048850016092413
14443,2011Q2,2011,SBSP3,2011-08-11,2011-11-11,0.03590000000000004,0.9641,-0.01566389127271106,-0.01566389127271106
14443,2012Q2,2012,SBSP3,2012-08-10,2012-11-12,0.038900000000000046,0.9611,-0.10132745764053319,-0.10132745764053319
14443,2014Q2,2014,SBSP3,2014-08-14,2014-11-11,0.9133,0.0867,0.06472699218665912,0.06472699218665912
14443,2014Q3,2014,SBSP3,2014-11-13,2015-02-19,0.9759,0.0241,-0.10797108068863348,-0.10797108068863348
14443,2015Q1,2015,SBSP3,2015-05-14,2015-08-13,0.7784,0.2216,-0.038842602465763654,-0.038842602465763654
14443,2015Q2,2015,SBSP3,2015-08-13,2015-11-13,0.9259,0.0741,0.20508402886607002,0.20508402886607002
14443,2015Q3,2015,SBSP3,2015-11-12,2016-02-19,0.9675,0.0325,0.35116041146363997,0.35116041146363997
14443,2016Q1,2016,SBSP3,2016-05-12,2016-08-10,0.9549,0.0451,-0.10403054540094336,-0.10403054540094336
14443,2016Q2,2016,SBSP3,2016-08-12,2016-11-14,0.8898,0.1102,-0.17657466009633604,-0.17657466009633604
14443,2016Q3,2016,SBSP3,2016-11-10,2017-02-10,0.9731,0.0269,-0.1785489686762618,-0.1785489686762618
14443,2017Q1,2017,SBSP3,2017-05-12,2017-08-10,0.9674,0.0326,0.11567641323592692,0.11567641323592692
14443,2017Q2,2017,SBSP3,2017-08-14,2017-11-14,0.968,0.032,-0.16922469205787094,-0.16922469205787094
14443,2017Q3,2017,SBSP3,2017-11-14,2018-02-21,0.027800000000000047,0.9722,0.15107652668745541,0.15107652668745541
14443,2018Q1,2018,SBSP3,2018-05-10,2018-08-09,0.035699999999999954,0.9643,-0.11514466802435952,-0.11514466802435952
14443,2018Q2,2018,SBSP3,2018-08-09,2018-11-09,0.022199999999999998,0.9778,0.04306556433942976,0.04306556433942976
14443,2018Q3,2018,SBSP3,2018-11-08,2019-02-14,0.007900000000000018,0.9921,0.3080226738120686,0.3080226738120686
14443,2019Q1,2019,SBSP3,2019-05-09,2019-08-08,0.025800000000000045,0.9742,0.07643372327188969,0.07643372327188969
14443,2019Q2,2019,SBSP3,2019-08-14,2019-11-11,0.9158,0.0842,-0.193138183571668,-0.193138183571668
14443,2019Q3,2019,SBSP3,2019-11-14,2020-02-19,0.887,0.113,0.03385451787060623,0.03385451787060623
14443,2020Q1,2020,SBSP3,2020-05-14,2020-08-12,0.060799999999999965,0.9392,-0.08584926057203635,-0.08584926057203635
14443,2020Q2,2020,SBSP3,2020-08-13,2020-11-13,0.5903,0.4097,-0.23863574642220087,-0.23863574642220087
14443,2020Q3,2020,SBSP3,2020-11-12,2021-02-18,0.5467,0.4533,-0.25119177844363005,-0.25119177844363005
14443,2021Q1,2021,SBSP3,2021-05-13,2021-08-12,0.04830000000000001,0.9517,-0.06932349423634643,-0.06932349423634643
14443,2021Q2,2021,SBSP3,2021-08-12,2021-11-12,0.005499999999999949,0.9945,0.30416354256150724,0.30416354256150724
14443,2021Q3,2021,SBSP3,2021-11-11,2022-02-11,0.02200000000000002,0.978,0.005979750972104014,0.005979750972104014
14443,2022Q1,2022,SBSP3,2022-05-06,2022-08-04,0.026100000000000012,0.9739,0.0033501244519831275,0.0033501244519831275
14443,2022Q2,2022,SBSP3,2022-08-11,2022-11-11,0.007000000000000006,0.993,0.1068254482071489,0.1068254482071489
14443,2022Q3,2022,SBSP3,2022-11-10,2023-02-09,0.03049999999999997,0.9695,-0.13183857945717736,-0.13183857945717736
14443,2023Q1,2023,SBSP3,2023-05-11,2023-08-09,0.05410000000000004,0.9459,-0.05614406796211735,-0.05614406796211735
14443,2023Q2,2023,SBSP3,2023-08-10,2023-11-10,0.03739999999999999,0.9626,0.1260709353838625,0.1260709353838625
14443,2023Q3,2023,SBSP3,2023-11-09,2024-02-14,0.005499999999999949,0.9945,0.19599349901615026,0.19599349901615026
14443,2024Q1,2024,SBSP3,2024-05-09,2024-08-07,0.05030000000000001,0.9497,0.08227099067382393,0.08227099067382393
14443,2024Q2,2024,SBSP3,2024-08-09,2024-11-06,0.025900000000000034,0.9741,-0.14863656836310912,-0.14863656836310912
14443,2024Q3,2024,SBSP3,2024-11-11,2025-02-14,0.014700000000000046,0.9853,0.04578289695408988,0.04578289695408988
14443,2025Q1,2025,SBSP3,2025-05-12,2025-08-08,0.06889999999999996,0.9311,-0.13043785441794675,-0.13043785441794675
14443,2025Q2,2025,SBSP3,2025-08-15,2025-11-12,0.5191,0.4809,0.08009757085644464,0.08009757085644464
14443,2025Q3,2025,SBSP3,2025-11-10,2026-02-12,0.4085,0.5915,-0.02307074351234617,-0.02307074351234617
14460,2012Q1,2012,CYRE3,2012-05-14,2012-08-13,0.9273,0.0727,0.090389061902993,0.090389061902993
14460,2012Q2,2012,CYRE3,2012-08-13,2012-11-13,0.042300000000000004,0.9577,-0.12106492272090208,-0.12106492272090208
14460,2012Q3,2012,CYRE3,2012-11-13,2013-02-21,0.029100000000000015,0.9709,-0.1474556444521964,-0.1474556444521964
14460,2013Q2,2013,CYRE3,2013-08-14,2013-11-11,0.04300000000000004,0.957,-0.11148777307975966,-0.11148777307975966
14460,2013Q3,2013,CYRE3,2013-11-13,2014-02-18,0.060699999999999976,0.9393,-0.05360101475462642,-0.05360101475462642
14460,2014Q1,2014,CYRE3,2014-05-14,2014-08-14,0.08660000000000001,0.9134,-0.028904139238958848,-0.028904139238958848
14460,2014Q3,2014,CYRE3,2014-11-13,2015-02-19,0.08009999999999995,0.9199,0.21358505221221713,0.21358505221221713
14460,2015Q1,2015,CYRE3,2015-05-14,2015-08-13,0.1251,0.8749,-0.11815679327458672,-0.11815679327458672
14460,2015Q2,2015,CYRE3,2015-08-13,2015-11-13,0.1261,0.8739,0.2522964547415767,0.2522964547415767
14460,2015Q3,2015,CYRE3,2015-11-12,2016-02-19,0.020299999999999985,0.9797,0.009138220075765258,0.009138220075765258
14460,2016Q2,2016,CYRE3,2016-08-09,2016-11-09,0.05179999999999996,0.9482,-0.11530609359652533,-0.11530609359652533
14460,2017Q2,2017,CYRE3,2017-08-10,2017-11-10,0.04679999999999995,0.9532,-0.05219737789812895,-0.05219737789812895
14460,2018Q1,2018,CYRE3,2018-05-10,2018-08-09,0.44889999999999997,0.5511,0.1542430513468902,0.1542430513468902
14460,2019Q1,2019,CYRE3,2019-05-09,2019-08-08,0.11980000000000002,0.8802,0.43143636573645106,0.43143636573645106
14460,2019Q2,2019,CYRE3,2019-08-08,2019-11-05,0.030000000000000027,0.97,-0.06239498083577,-0.06239498083577
14460,2019Q3,2019,CYRE3,2019-11-07,2020-02-12,0.011900000000000022,0.9881,-0.07107696931053764,-0.07107696931053764
14460,2020Q1,2020,CYRE3,2020-05-14,2020-08-12,0.031000000000000028,0.969,0.12673855018448665,0.12673855018448665
14460,2023Q2,2023,CYRE3,2023-08-10,2023-11-10,0.0,1.0,-0.2029399908738404,-0.2029399908738404
14460,2023Q3,2023,CYRE3,2023-11-09,2024-02-14,0.0,1.0,0.04106695170481056,0.04106695170481056
14621,2014Q2,2014,NETC4,2014-08-14,2014-11-17,0.853,0.147,-0.2524242069927375,-0.2524242069927375
14826,2022Q2,2022,PCAR3,2022-07-27,2022-10-26,0.016000000000000014,0.984,0.2716624213176222,0.2716624213176222
14826,2022Q3,2022,PCAR3,2022-11-03,2023-02-02,0.03080000000000005,0.9692,-0.027023054765445087,-0.027023054765445087
14826,2023Q1,2023,PCAR3,2023-05-03,2023-08-01,0.07789999999999997,0.9221,0.16959530749030005,0.16959530749030005
14826,2023Q2,2023,PCAR3,2023-07-26,2023-10-25,0.018199999999999994,0.9818,-0.4671220682291577,-0.4671220682291577
14826,2023Q3,2023,PCAR3,2023-10-30,2024-02-01,0.6137,0.3863,0.2218387817738363,0.2218387817738363
14826,2024Q1,2024,PCAR3,2024-07-17,2024-10-14,0.6119,0.3881,0.32125118432574906,0.32125118432574906
14826,2024Q2,2024,PCAR3,2024-08-06,2024-11-01,0.019000000000000017,0.981,0.0335020503920056,0.0335020503920056
14826,2024Q3,2024,PCAR3,2024-11-05,2025-02-10,0.04490000000000005,0.9551,-0.08143720687787537,-0.08143720687787537
14826,2025Q1,2025,PCAR3,2025-05-05,2025-08-01,0.060799999999999965,0.9392,-0.2880564025313349,-0.2880564025313349
14826,2025Q2,2025,PCAR3,2025-08-05,2025-10-31,0.0252,0.9748,-0.01765393337330845,-0.01765393337330845
14826,2025Q3,2025,PCAR3,2025-11-04,2026-02-06,0.03969999999999996,0.9603,-0.06051076180093029,-0.06051076180093029
15253,2011Q2,2011,ENGI11,2012-02-28,2012-10-22,0.25339999999999996,0.7466,0.01140323618908834,0.01140323618908834
15253,2011Q3,2011,ENGI11,2012-02-17,2012-10-18,0.043300000000000005,0.9567,0.03197773760700451,0.03197773760700451
15253,2012Q1,2012,ENGI11,2012-07-06,2013-02-04,0.19030000000000002,0.8097,0.14017755008940247,0.14017755008940247
15253,2012Q2,2012,ENGI11,2012-08-22,2013-02-22,0.4769,0.5231,0.26609761936997467,0.26609761936997467
15253,2012Q3,2012,ENGI11,2012-11-08,2013-06-25,0.6666000000000001,0.3334,0.018654100848993105,0.018654100848993105
15253,2013Q1,2013,ENGI11,2013-05-17,2013-10-21,0.023800000000000043,0.9762,-0.07337016478858749,-0.07337016478858749
15253,2014Q2,2014,ENGI11,2014-09-19,2015-07-13,0.04610000000000003,0.9539,-0.03358015023629557,-0.03358015023629557
15253,2014Q3,2014,ENGI11,2015-01-27,2015-08-13,0.02200000000000002,0.978,0.190366323744527,0.190366323744527
15253,2015Q1,2015,ENGI11,2015-05-19,2015-10-26,0.04259999999999997,0.9574,-0.01962476630484744,-0.01962476630484744
15253,2015Q2,2015,ENGI11,2015-08-14,2016-01-29,0.011900000000000022,0.9881,-0.008182319281768824,-0.008182319281768824
15253,2015Q3,2015,ENGI11,2015-11-18,2016-04-19,0.0050000000000000044,0.995,-0.1871798859114836,-0.1871798859114836
15253,2016Q1,2016,ENGI11,2016-07-05,2016-10-03,0.22940000000000005,0.7706,0.0014414700952862791,0.0014414700952862791
15253,2016Q2,2016,ENGI11,2016-08-12,2016-11-14,0.036800000000000055,0.9632,-0.21186631634150876,-0.21186631634150876
15253,2016Q3,2016,ENGI11,2016-11-11,2017-02-13,0.016100000000000003,0.9839,-0.19238148867271332,-0.19238148867271332
15253,2017Q1,2017,ENGI11,2017-07-20,2017-10-19,0.015199999999999991,0.9848,-0.15310464137704538,-0.15310464137704538
15253,2017Q2,2017,ENGI11,2017-08-18,2017-11-22,0.02100000000000002,0.979,-0.03669527565249342,-0.03669527565249342
15253,2017Q3,2017,ENGI11,2017-11-14,2018-02-21,0.025599999999999956,0.9744,0.25326243091563727,0.25326243091563727
15253,2018Q1,2018,ENGI11,2018-05-10,2018-08-09,0.03739999999999999,0.9626,-0.10131571417264518,-0.10131571417264518
15253,2018Q2,2018,ENGI11,2018-08-08,2018-11-08,0.005299999999999971,0.9947,0.11356271649259919,0.11356271649259919
15253,2018Q3,2018,ENGI11,2018-11-08,2019-02-14,0.0040999999999999925,0.9959,-0.029451192808526483,-0.029451192808526483
15253,2019Q1,2019,ENGI11,2019-05-09,2019-08-08,0.1492,0.8508,0.05763302403600301,0.05763302403600301
15253,2019Q2,2019,ENGI11,2019-08-08,2019-11-05,0.4941,0.5059,-0.15680461333724582,-0.15680461333724582
15253,2019Q3,2019,ENGI11,2019-11-07,2020-02-12,0.04959999999999998,0.9504,0.11791357662304702,0.11791357662304702
15253,2020Q1,2020,ENGI11,2021-05-17,2021-08-16,0.09140000000000004,0.9086,0.022455602850087075,0.022455602850087075
15253,2020Q2,2020,ENGI11,2020-08-28,2020-11-30,0.06689999999999996,0.9331,0.014717719779948846,0.014717719779948846
15253,2020Q3,2020,ENGI11,2020-11-12,2021-02-18,0.12419999999999998,0.8758,-0.04982141861907574,-0.04982141861907574
15253,2021Q1,2021,ENGI11,2021-05-17,2021-08-16,0.04190000000000005,0.9581,0.022455602850087075,0.022455602850087075
15253,2021Q2,2021,ENGI11,2021-08-12,2021-11-12,0.0050000000000000044,0.995,0.25686033187824564,0.25686033187824564
15253,2021Q3,2021,ENGI11,2021-11-23,2022-02-22,0.0049000000000000155,0.9951,-0.026504548924213833,-0.026504548924213833
15253,2022Q1,2022,ENGI11,2022-05-12,2022-08-10,0.8057,0.1943,-0.10381144171123335,-0.10381144171123335
15253,2022Q2,2022,ENGI11,2022-08-22,2022-11-23,0.8006,0.1994,-0.057610891183585866,-0.057610891183585866
15253,2022Q3,2022,ENGI11,2022-11-11,2023-02-10,0.011199999999999988,0.9888,-0.1111568200857167,-0.1111568200857167
15253,2023Q1,2023,ENGI11,2023-05-11,2023-08-09,0.024599999999999955,0.9754,0.00774524797103382,0.00774524797103382
15253,2023Q2,2023,ENGI11,2023-08-10,2023-11-10,0.09079999999999999,0.9092,0.02653989635591536,0.02653989635591536
15253,2023Q3,2023,ENGI11,2023-11-09,2024-02-14,0.8129,0.1871,-0.012885138293728504,-0.012885138293728504
15253,2024Q1,2024,ENGI11,2024-08-14,2024-11-11,0.8186,0.1814,-0.05918891477622623,-0.05918891477622623
15253,2024Q2,2024,ENGI11,2024-08-07,2024-11-04,0.021199999999999997,0.9788,-0.02824685526720283,-0.02824685526720283
15253,2024Q3,2024,ENGI11,2024-11-14,2025-02-19,0.00990000000000002,0.9901,0.0716748962704401,0.0716748962704401
15253,2025Q1,2025,ENGI11,2025-05-08,2025-08-06,0.10089999999999999,0.8991,0.025619489524314032,0.025619489524314032
15253,2025Q2,2025,ENGI11,2025-08-07,2025-11-04,0.011399999999999966,0.9886,0.07681883862596339,0.07681883862596339
15253,2025Q3,2025,ENGI11,2025-11-06,2026-02-10,0.00770000000000004,0.9923,-0.03759328222933167,-0.03759328222933167
15539,2020Q1,2020,NEOE3,2020-04-27,2020-07-27,0.7504,0.2496,-0.18659276349794607,-0.18659276349794607
15539,2020Q2,2020,NEOE3,2020-07-21,2020-10-20,0.013599999999999945,0.9864,-0.2189917330712915,-0.2189917330712915
15539,2020Q3,2020,NEOE3,2020-10-20,2021-01-22,0.053200000000000025,0.9468,-0.07020876299589018,-0.07020876299589018
15539,2021Q1,2021,NEOE3,2021-05-13,2021-08-12,0.5546,0.4454,0.039857066486995274,0.039857066486995274
15539,2021Q2,2021,NEOE3,2021-07-20,2021-10-19,0.0,1.0,0.017883595392035323,0.017883595392035323
15539,2021Q3,2021,NEOE3,2021-10-25,2022-01-26,0.0,1.0,0.0814001376096587,0.0814001376096587
15539,2022Q1,2022,NEOE3,2022-04-27,2022-07-26,0.0,1.0,-0.09116157183672502,-0.09116157183672502
15539,2022Q2,2022,NEOE3,2022-07-26,2022-10-25,0.0,1.0,-0.018138932731416313,-0.018138932731416313
15539,2022Q3,2022,NEOE3,2022-10-25,2023-01-25,0.0,1.0,-0.10225933555555955,-0.10225933555555955
15539,2023Q1,2023,NEOE3,2023-04-25,2023-07-25,0.6058,0.3942,0.26378446077751594,0.26378446077751594
15539,2023Q2,2023,NEOE3,2023-07-25,2023-10-24,0.19569999999999999,0.8043,-0.1906394463453257,-0.1906394463453257
15539,2023Q3,2023,NEOE3,2023-10-25,2024-01-29,0.8180000000000001,0.182,0.02173884934365833,0.02173884934365833
15539,2024Q1,2024,NEOE3,2024-06-13,2024-09-10,0.0,1.0,0.02117537549721593,0.02117537549721593
15539,2024Q2,2024,NEOE3,2024-07-23,2024-10-18,0.6179,0.3821,0.07868962779246669,0.07868962779246669
15539,2024Q3,2024,NEOE3,2024-10-22,2025-01-27,0.0,1.0,-0.029419275782694876,-0.029419275782694876
15636,2011Q2,2011,CGAS5,2011-07-25,2011-10-24,0.047599999999999976,0.9524,-0.13034826963935242,-0.13034826963935242
15636,2011Q3,2011,CGAS5,2011-10-24,2012-01-24,0.06540000000000001,0.9346,0.10480927767392823,0.10480927767392823
15636,2012Q1,2012,CGAS5,2012-05-02,2012-08-01,0.18999999999999995,0.81,-0.01732450020377274,-0.01732450020377274
15636,2012Q2,2012,CGAS5,2012-07-25,2012-10-24,0.0121,0.9879,0.1561227298897394,0.1561227298897394
15636,2012Q3,2012,CGAS5,2012-10-30,2013-02-06,0.012199999999999989,0.9878,-0.003092194958145722,-0.003092194958145722
15636,2013Q1,2013,CGAS5,2013-07-05,2013-10-03,0.0928,0.9072,0.1426429707416499,0.1426429707416499
15636,2013Q2,2013,CGAS5,2013-08-06,2013-11-01,0.013399999999999967,0.9866,-0.04870859938892791,-0.04870859938892791
15636,2013Q3,2013,CGAS5,2013-11-05,2014-02-10,0.023599999999999954,0.9764,-0.14318076934480894,-0.14318076934480894
15636,2014Q1,2014,CGAS5,2014-05-12,2014-08-12,0.1352,0.8648,0.09862675150241618,0.09862675150241618
15636,2014Q2,2014,CGAS5,2014-08-12,2014-11-07,0.062100000000000044,0.9379,-0.022113223853447272,-0.022113223853447272
15636,2014Q3,2014,CGAS5,2014-11-04,2015-02-06,0.15990000000000004,0.8401,0.013563443896448701,0.013563443896448701
15636,2015Q1,2015,CGAS5,2015-05-05,2015-08-04,0.09230000000000005,0.9077,-0.22658138620067347,-0.22658138620067347
15636,2015Q2,2015,CGAS5,2015-08-10,2015-11-10,0.397,0.603,0.08597174578919398,0.08597174578919398
15636,2015Q3,2015,CGAS5,2015-11-05,2016-02-12,0.0013999999999999568,0.9986,0.1491215483551669,0.1491215483551669
15636,2016Q1,2016,CGAS5,2016-05-11,2016-08-09,0.5161,0.4839,0.15133083591025187,0.15133083591025187
15636,2016Q2,2016,CGAS5,2016-08-09,2016-11-09,0.01090000000000002,0.9891,-0.03259026324726244,-0.03259026324726244
15636,2016Q3,2016,CGAS5,2016-10-28,2017-01-31,0.017299999999999982,0.9827,-0.1424673818945401,-0.1424673818945401
15636,2017Q1,2017,CGAS5,2017-05-08,2017-08-04,0.42469999999999997,0.5753,-0.03718829262201384,-0.03718829262201384
15636,2017Q2,2017,CGAS5,2017-08-08,2017-11-08,0.039000000000000035,0.961,0.1280384419189886,0.1280384419189886
15636,2017Q3,2017,CGAS5,2017-11-07,2018-02-14,0.06579999999999997,0.9342,0.2335937398539245,0.2335937398539245
15636,2019Q1,2019,CGAS5,2019-05-07,2019-08-07,0.28859999999999997,0.7114,-0.19442538011478105,-0.19442538011478105
15636,2019Q2,2019,CGAS5,2019-08-07,2019-11-07,0.013299999999999979,0.9867,0.12574300920462766,0.12574300920462766
15636,2019Q3,2019,CGAS5,2019-11-06,2020-02-11,0.018100000000000005,0.9819,0.8416022126158802,0.7496355521156113
15636,2020Q1,2020,CGAS5,2020-05-25,2020-08-21,0.017299999999999982,0.9827,-0.21403089722790625,-0.21403089722790625
15636,2021Q1,2021,CGAS5,2021-05-12,2021-08-11,0.3657,0.6343,-0.00823900434260183,-0.00823900434260183
15636,2023Q1,2023,CGAS5,2023-05-15,2023-08-22,0.11529999999999996,0.8847,-0.021072275983973987,-0.021072275983973987
15636,2023Q2,2023,CGAS5,2023-08-11,2023-11-16,0.06020000000000003,0.9398,0.0021134545012997386,0.0021134545012997386
15636,2023Q3,2023,CGAS5,2023-11-13,2024-02-16,0.0040999999999999925,0.9959,-0.11014577079695609,-0.11014577079695609
16101,2011Q2,2011,GFSA3,2011-08-11,2011-11-11,0.08009999999999995,0.9199,-0.1819149391570899,-0.1819149391570899
16101,2011Q3,2011,GFSA3,2011-11-24,2012-02-27,0.010199999999999987,0.9898,-0.10192015099129081,-0.10192015099129081
16101,2012Q1,2012,GFSA3,2012-05-08,2012-08-07,0.1481,0.8519,-0.0898669614822507,-0.0898669614822507
16101,2012Q2,2012,GFSA3,2012-08-10,2012-11-12,0.01749999999999996,0.9825,0.2244536755481228,0.2244536755481228
16101,2012Q3,2012,GFSA3,2012-11-12,2013-02-20,0.021700000000000053,0.9783,0.07518954081617468,0.07518954081617468
16101,2013Q1,2013,GFSA3,2013-05-10,2013-08-09,0.31720000000000004,0.6828,-0.19384468701528845,-0.19384468701528845
16101,2013Q2,2013,GFSA3,2013-08-12,2013-11-07,0.08209999999999995,0.9179,-0.0380862397327999,-0.0380862397327999
16101,2013Q3,2013,GFSA3,2013-11-05,2014-02-10,0.03620000000000001,0.9638,0.278130560807885,0.278130560807885
16101,2014Q1,2014,GFSA3,2014-05-09,2014-08-11,0.12760000000000005,0.8724,-0.17477781975355022,-0.17477781975355022
16101,2014Q2,2014,GFSA3,2014-08-08,2014-11-05,0.04279999999999995,0.9572,0.11733344100353804,0.11733344100353804
16101,2014Q3,2014,GFSA3,2014-11-07,2015-02-11,0.06389999999999996,0.9361,0.013581830887036128,0.013581830887036128
16101,2016Q2,2016,GFSA3,2016-08-11,2016-11-11,0.0,1.0,0.15772467513906485,0.15772467513906485
16101,2016Q3,2016,GFSA3,2016-11-08,2017-02-08,0.0,1.0,3.744024540908164e-05,3.744024540908164e-05
16101,2024Q1,2024,GFSA3,2024-05-15,2024-08-13,0.17759999999999998,0.8224,-0.31646098524297417,-0.31646098524297417
16101,2024Q2,2024,GFSA3,2024-08-08,2024-11-05,0.03180000000000005,0.9682,-0.4732942064849629,-0.4732942064849629
16101,2025Q2,2025,GFSA3,2025-08-14,2025-11-11,0.13160000000000005,0.8684,-0.46532199792466755,-0.46532199792466755
16101,2025Q3,2025,GFSA3,2025-11-13,2026-02-19,0.01759999999999995,0.9824,-0.32905490644274893,-0.32905490644274893
16292,2011Q2,2011,BRFS3,2011-08-11,2011-11-11,0.29500000000000004,0.705,0.01062378422638055,0.01062378422638055
16292,2014Q3,2014,BRFS3,2014-10-30,2015-02-03,0.0046000000000000485,0.9954,0.020057572436654958,0.020057572436654958
16306,2013Q2,2013,RSID3,2013-08-14,2013-11-11,0.06920000000000004,0.9308,0.027962930401222108,0.027962930401222108
16306,2013Q3,2013,RSID3,2013-11-13,2014-02-18,0.09030000000000005,0.9097,0.008073641340985427,0.008073641340985427
16306,2014Q1,2014,RSID3,2014-05-14,2014-08-14,0.11760000000000004,0.8824,-0.17100913917024874,-0.17100913917024874
16306,2014Q2,2014,RSID3,2014-08-15,2014-11-12,0.1472,0.8528,0.29834921476614906,0.29834921476614906
16306,2014Q3,2014,RSID3,2014-11-14,2015-02-20,0.03859999999999997,0.9614,0.10488386136914052,0.10488386136914052
16306,2015Q1,2015,RSID3,2015-05-14,2015-08-13,0.248,0.752,-0.48330363603189785,-0.48330363603189785
16306,2015Q2,2015,RSID3,2015-08-12,2015-11-12,0.15290000000000004,0.8471,0.5071903956125492,0.5071903956125492
16306,2015Q3,2015,RSID3,2015-11-10,2016-02-17,0.05049999999999999,0.9495,0.39504977953984843,0.39504977953984843
16306,2016Q1,2016,RSID3,2016-05-12,2016-08-10,0.9189,0.0811,-0.4019191731608639,-0.4019191731608639
16306,2017Q2,2017,RSID3,2017-08-14,2017-11-14,0.9121,0.0879,-0.27898117856289784,-0.27898117856289784
16306,2017Q3,2017,RSID3,2017-11-13,2018-02-20,0.9649,0.0351,-0.33373643439287715,-0.33373643439287715
16306,2018Q1,2018,RSID3,2018-05-14,2018-08-13,0.9649,0.0351,-0.07102881406315509,-0.07102881406315509
16306,2018Q2,2018,RSID3,2018-08-13,2018-11-13,0.0,1.0,0.2480780684883186,0.2480780684883186
16306,2018Q3,2018,RSID3,2018-11-13,2019-02-19,0.0,1.0,-0.14368405381214755,-0.14368405381214755
16306,2019Q1,2019,RSID3,2019-05-14,2019-08-13,0.7492,0.2508,0.14745317862536034,0.14745317862536034
16306,2019Q2,2019,RSID3,2019-08-14,2019-11-11,0.7492,0.2508,-0.2158501928813712,-0.2158501928813712
16306,2019Q3,2019,RSID3,2019-11-13,2020-02-18,0.0,1.0,1.2326868431975373,0.7496355521156113
16306,2020Q1,2020,RSID3,2020-06-09,2020-09-08,0.0,1.0,-0.05655986522164769,-0.05655986522164769
16306,2020Q3,2020,RSID3,2020-11-11,2021-02-17,0.829,0.171,0.7746486353976669,0.7496355521156113
16306,2021Q1,2021,RSID3,2021-05-12,2021-08-11,0.4065,0.5935,-0.2811718843196843,-0.2811718843196843
16306,2021Q2,2021,RSID3,2021-08-11,2021-11-11,0.38959999999999995,0.6104,-0.14613321311424643,-0.14613321311424643
16306,2023Q2,2023,RSID3,2023-08-09,2023-11-09,0.8001,0.1999,-0.10537745150495392,-0.10537745150495392
16306,2024Q1,2024,RSID3,2024-06-24,2024-09-19,0.1977,0.8023,-0.4915344664021155,-0.4915344664021155
16306,2024Q2,2024,RSID3,2024-08-15,2024-11-12,0.042100000000000026,0.9579,-0.05015497014242487,-0.05015497014242487
17329,2011Q2,2011,EGIE3,2011-07-29,2011-10-28,0.9895,0.0105,0.002675380869946231,0.002675380869946231
17329,2011Q3,2011,EGIE3,2011-11-04,2012-02-06,0.1824,0.8176,-0.06715012224926753,-0.06715012224926753
17329,2012Q1,2012,EGIE3,2012-05-04,2012-08-03,0.09199999999999997,0.908,0.04509423246169364,0.04509423246169364
17329,2012Q2,2012,EGIE3,2012-07-26,2012-10-25,0.024800000000000044,0.9752,-0.06692637027715853,-0.06692637027715853
17329,2012Q3,2012,EGIE3,2012-10-25,2013-02-01,0.03949999999999998,0.9605,-0.006954025691464527,-0.006954025691464527
17329,2013Q3,2013,EGIE3,2013-10-25,2014-01-30,0.12290000000000001,0.8771,-0.04990323882314829,-0.04990323882314829
17329,2014Q3,2014,EGIE3,2014-10-24,2015-01-28,0.26549999999999996,0.7345,0.011239902850179506,0.011239902850179506
17329,2015Q1,2015,EGIE3,2015-04-24,2015-07-27,0.4204,0.5796,0.04194605748641078,0.04194605748641078
17329,2016Q2,2016,EGIE3,2016-07-28,2016-10-27,0.31699999999999995,0.683,-0.1383350492877904,-0.1383350492877904
17329,2016Q3,2016,EGIE3,2016-10-27,2017-01-30,0.9711,0.0289,-0.11009064784096256,-0.11009064784096256
17329,2017Q1,2017,EGIE3,2017-04-25,2017-07-25,0.979,0.021,0.05031341072838447,0.05031341072838447
17329,2017Q2,2017,EGIE3,2017-07-27,2017-10-26,0.05600000000000005,0.944,-0.020380733154948816,-0.020380733154948816
17329,2017Q3,2017,EGIE3,2017-10-26,2018-02-01,0.07399999999999995,0.926,0.022073474575660113,0.022073474575660113
17329,2018Q1,2018,EGIE3,2018-04-19,2018-07-20,0.5248999999999999,0.4751,0.016131192280499196,0.016131192280499196
17329,2018Q2,2018,EGIE3,2018-08-08,2018-11-08,0.09850000000000003,0.9015,0.03837474157709764,0.03837474157709764
17329,2018Q3,2018,EGIE3,2018-10-31,2019-02-07,0.03849999999999998,0.9615,0.2447336762280874,0.2447336762280874
17329,2019Q1,2019,EGIE3,2019-05-08,2019-08-07,0.11570000000000003,0.8843,0.027352625399804653,0.027352625399804653
17329,2019Q2,2019,EGIE3,2019-08-06,2019-11-01,0.0,1.0,-0.15436191196533444,-0.15436191196533444
17329,2019Q3,2019,EGIE3,2019-11-05,2020-02-10,0.03720000000000001,0.9628,-0.007553444375287266,-0.007553444375287266
17329,2020Q1,2020,EGIE3,2020-06-24,2020-09-22,0.01419999999999999,0.9858,-0.029468658208245513,-0.029468658208245513
17329,2020Q2,2020,EGIE3,2020-07-30,2020-10-29,0.03059999999999996,0.9694,-0.023519879977343616,-0.023519879977343616
17329,2020Q3,2020,EGIE3,2020-11-05,2021-02-09,0.08889999999999998,0.9111,-0.040416038568964696,-0.040416038568964696
17329,2021Q1,2021,EGIE3,2021-05-05,2021-08-04,0.14029999999999998,0.8597,-0.05745046286224442,-0.05745046286224442
17329,2021Q2,2021,EGIE3,2021-08-05,2021-11-05,0.9136,0.0864,0.208942274067619,0.208942274067619
17329,2021Q3,2021,EGIE3,2021-11-04,2022-02-04,0.059799999999999964,0.9402,0.025545105883017838,0.025545105883017838
17329,2022Q1,2022,EGIE3,2022-05-05,2022-08-03,0.13390000000000002,0.8661,-0.004675750339200202,-0.004675750339200202
17329,2022Q2,2022,EGIE3,2022-08-02,2022-11-01,0.13980000000000004,0.8602,-0.19613428767541774,-0.19613428767541774
17329,2022Q3,2022,EGIE3,2022-11-08,2023-02-07,0.05669999999999997,0.9433,-0.0454689628309215,-0.0454689628309215
17329,2023Q1,2023,EGIE3,2023-05-04,2023-08-02,0.9396,0.0604,-0.018790289557051754,-0.018790289557051754
17329,2023Q2,2023,EGIE3,2023-08-08,2023-11-08,0.005800000000000027,0.9942,-0.029843647011130958,-0.029843647011130958
17329,2023Q3,2023,EGIE3,2023-11-06,2024-02-07,0.0,1.0,-0.06181154879792461,-0.06181154879792461
17329,2024Q1,2024,EGIE3,2024-05-07,2024-08-05,0.010000000000000009,0.99,0.053233564377824116,0.053233564377824116
17329,2024Q2,2024,EGIE3,2024-08-07,2024-11-04,0.9363,0.0637,-0.07277672168661864,-0.07277672168661864
17329,2024Q3,2024,EGIE3,2024-11-05,2025-02-10,0.08999999999999997,0.91,-0.10990539093598117,-0.10990539093598117
17329,2025Q1,2025,EGIE3,2025-05-07,2025-08-05,0.1855,0.8145,0.01287085895401252,0.01287085895401252
17329,2025Q2,2025,EGIE3,2025-08-07,2025-11-04,0.4897,0.5103,0.010417918593887299,0.010417918593887299
17329,2025Q3,2025,EGIE3,2025-11-06,2026-02-10,0.13460000000000005,0.8654,0.07428843615195624,0.07428843615195624
17450,2015Q3,2015,RAIL3,2015-11-13,2016-02-22,0.07410000000000005,0.9259,-0.5792140987897936,-0.4920335995287716
17450,2016Q1,2016,RAIL3,2016-05-12,2016-08-10,0.6825,0.3175,0.20614128831396883,0.20614128831396883
17450,2016Q2,2016,RAIL3,2016-08-12,2016-11-14,0.1502,0.8498,-0.11998348221660826,-0.11998348221660826
17450,2016Q3,2016,RAIL3,2016-11-10,2017-02-10,0.28359999999999996,0.7164,0.19767910105409126,0.19767910105409126
17450,2017Q1,2017,RAIL3,2017-05-10,2017-08-08,0.6219,0.3781,-0.00135668953854029,-0.00135668953854029
17450,2017Q2,2017,RAIL3,2017-08-09,2017-11-09,0.04690000000000005,0.9531,-0.09875844027926906,-0.09875844027926906
17450,2017Q3,2017,RAIL3,2017-11-08,2018-02-15,0.015800000000000036,0.9842,-0.11005668809967206,-0.11005668809967206
17450,2018Q1,2018,RAIL3,2018-05-08,2018-08-07,0.0121,0.9879,0.04235873482646624,0.04235873482646624
17450,2018Q2,2018,RAIL3,2018-08-13,2018-11-13,0.0017000000000000348,0.9983,0.023382184970634157,0.023382184970634157
17450,2018Q3,2018,RAIL3,2018-11-08,2019-02-14,0.00660000000000005,0.9934,-0.029462342249470863,-0.029462342249470863
17450,2019Q1,2019,RAIL3,2019-05-09,2019-08-08,0.04579999999999995,0.9542,0.0751294178698294,0.0751294178698294
17450,2019Q2,2019,RAIL3,2019-08-12,2019-11-07,0.01529999999999998,0.9847,-0.049747047580410264,-0.049747047580410264
17450,2019Q3,2019,RAIL3,2019-11-11,2020-02-14,0.014599999999999946,0.9854,-0.12282403777017714,-0.12282403777017714
17450,2020Q1,2020,RAIL3,2020-05-27,2020-08-25,0.03700000000000003,0.963,-0.09965734636924517,-0.09965734636924517
17450,2020Q2,2020,RAIL3,2020-08-13,2020-11-13,0.06130000000000002,0.9387,-0.17439294569792874,-0.17439294569792874
17450,2020Q3,2020,RAIL3,2020-11-11,2021-02-17,0.9414,0.0586,-0.10058845155437779,-0.10058845155437779
17450,2021Q1,2021,RAIL3,2021-05-13,2021-08-12,0.9457,0.0543,0.019928432796222806,0.019928432796222806
17450,2021Q2,2021,RAIL3,2021-08-12,2021-11-12,0.013700000000000045,0.9863,0.016753413991100086,0.016753413991100086
17450,2023Q3,2023,RAIL3,2023-11-09,2024-02-14,0.8074,0.1926,-0.05391754196907794,-0.05391754196907794
17450,2024Q1,2024,RAIL3,2024-05-09,2024-08-07,0.27170000000000005,0.7283,0.1057545078448856,0.1057545078448856
17450,2024Q2,2024,RAIL3,2024-08-14,2024-11-11,0.0948,0.9052,-0.09870574074060434,-0.09870574074060434
17450,2024Q3,2024,RAIL3,2024-11-07,2025-02-12,0.08530000000000004,0.9147,-0.017768217506618056,-0.017768217506618056
17450,2025Q1,2025,RAIL3,2025-05-08,2025-08-06,0.42710000000000004,0.5729,-0.08095444223066761,-0.08095444223066761
17450,2025Q2,2025,RAIL3,2025-08-07,2025-11-04,0.07930000000000004,0.9207,-0.04030943829522715,-0.04030943829522715
17450,2025Q3,2025,RAIL3,2025-11-14,2026-02-20,0.72,0.28,-0.0027058083873060523,-0.0027058083873060523
17671,2011Q2,2011,VIVT3,2011-07-27,2011-10-26,0.5692999999999999,0.4307,0.03248069380563212,0.03248069380563212
17671,2011Q3,2011,VIVT3,2011-11-10,2012-02-10,0.04190000000000005,0.9581,-0.16906701907191313,-0.16906701907191313
17671,2012Q1,2012,VIVT3,2012-05-10,2012-08-09,0.10119999999999996,0.8988,-0.15239403573613175,-0.15239403573613175
17671,2012Q2,2012,VIVT3,2012-07-25,2012-10-24,0.07089999999999996,0.9291,-0.07407147878458342,-0.07407147878458342
17671,2012Q3,2012,VIVT3,2012-11-06,2013-02-14,0.021100000000000008,0.9789,0.1629670665819445,0.1629670665819445
17671,2013Q1,2013,VIVT3,2013-05-07,2013-08-06,0.05710000000000004,0.9429,-0.07565081818474617,-0.07565081818474617
17671,2013Q2,2013,VIVT3,2014-12-23,2015-03-30,0.030299999999999994,0.9697,0.013767838733571791,0.013767838733571791
17671,2013Q3,2013,VIVT3,2013-11-07,2014-02-12,0.05900000000000005,0.941,0.030908697589419498,0.030908697589419498
17671,2014Q1,2014,VIVT3,2014-05-08,2014-08-08,0.17290000000000005,0.8271,-0.08004590653165178,-0.08004590653165178
17671,2014Q2,2014,VIVT3,2014-07-30,2014-10-27,0.03849999999999998,0.9615,0.10437156715390472,0.10437156715390472
17671,2014Q3,2014,VIVT3,2014-11-11,2015-02-13,0.05510000000000004,0.9449,0.16729025515621032,0.16729025515621032
17671,2015Q1,2015,VIVT3,2015-05-13,2015-08-12,0.08750000000000002,0.9125,-0.022077016974426433,-0.022077016974426433
17671,2015Q2,2015,VIVT3,2015-07-29,2015-10-28,0.11450000000000005,0.8855,-0.04577756805507793,-0.04577756805507793
17671,2015Q3,2015,VIVT3,2015-11-04,2016-02-12,0.038799999999999946,0.9612,0.0007666707814719675,0.0007666707814719675
17671,2016Q1,2016,VIVT3,2016-04-27,2016-07-26,0.10399999999999998,0.896,-0.01971459364377781,-0.01971459364377781
17671,2016Q2,2016,VIVT3,2016-07-26,2016-10-25,0.24260000000000004,0.7574,-0.12475908706415517,-0.12475908706415517
17671,2016Q3,2016,VIVT3,2016-10-25,2017-01-26,0.015599999999999947,0.9844,-0.000992518347905369,-0.000992518347905369
17671,2017Q1,2017,VIVT3,2017-05-09,2017-08-07,0.48050000000000004,0.5195,-0.01194959971732057,-0.01194959971732057
17671,2017Q2,2017,VIVT3,2017-07-26,2017-10-25,0.044399999999999995,0.9556,0.05915326942633259,0.05915326942633259
17671,2017Q3,2017,VIVT3,2017-10-25,2018-01-31,0.048699999999999966,0.9513,-0.05791725332406983,-0.05791725332406983
17671,2018Q1,2018,VIVT3,2018-04-25,2018-07-26,0.1422,0.8578,-0.0993456608250346,-0.0993456608250346
17671,2018Q2,2018,VIVT3,2018-07-25,2018-10-24,0.04190000000000005,0.9581,-0.1606434856507516,-0.1606434856507516
17671,2018Q3,2018,VIVT3,2018-10-30,2019-02-06,0.046699999999999964,0.9533,0.10470945835680578,0.10470945835680578
17671,2019Q1,2019,VIVT3,2019-05-09,2019-08-08,0.14080000000000004,0.8592,0.1077299316066298,0.1077299316066298
17671,2019Q2,2019,VIVT3,2019-07-24,2019-10-21,0.04390000000000005,0.9561,-0.03278072427067591,-0.03278072427067591
17671,2019Q3,2019,VIVT3,2019-11-04,2020-02-07,0.06230000000000002,0.9377,0.11348890158580982,0.11348890158580982
17671,2020Q1,2020,VIVT3,2020-05-06,2020-08-04,0.10799999999999998,0.892,-0.18744281712986421,-0.18744281712986421
17671,2020Q2,2020,VIVT3,2020-07-29,2020-10-28,0.0383,0.9617,-0.15457094658423154,-0.15457094658423154
17671,2020Q3,2020,VIVT3,2020-10-27,2021-02-01,0.060899999999999954,0.9391,-0.040259525252451245,-0.040259525252451245
17671,2021Q1,2021,VIVT3,2021-05-11,2021-08-10,0.7785,0.2215,0.021044970887657,0.021044970887657
17671,2021Q2,2021,VIVT3,2021-07-27,2021-10-26,0.014499999999999957,0.9855,0.26567348010957637,0.26567348010957637
17671,2021Q3,2021,VIVT3,2021-10-27,2022-01-28,0.015499999999999958,0.9845,0.029137942894308155,0.029137942894308155
17671,2022Q1,2022,VIVT3,2022-05-10,2022-08-08,0.9246,0.0754,-0.1862915284556852,-0.1862915284556852
17671,2022Q2,2022,VIVT3,2022-08-04,2022-11-04,0.0,1.0,-0.151631130864036,-0.151631130864036
17671,2022Q3,2022,VIVT3,2022-10-25,2023-01-25,0.6733,0.3267,0.0342178468789871,0.0342178468789871
17671,2023Q1,2023,VIVT3,2023-05-09,2023-08-07,0.9584,0.0416,0.00865472427782965,0.00865472427782965
17671,2023Q2,2023,VIVT3,2023-07-25,2023-10-24,0.0047000000000000375,0.9953,0.2535659612645367,0.2535659612645367
17671,2023Q3,2023,VIVT3,2023-10-31,2024-02-02,0.13980000000000004,0.8602,-0.0014490789804348925,-0.0014490789804348925
17671,2024Q1,2024,VIVT3,2024-05-07,2024-08-05,0.5391,0.4609,-0.010012386946243623,-0.010012386946243623
17671,2024Q2,2024,VIVT3,2024-07-29,2024-10-24,0.08140000000000003,0.9186,0.043526193922257095,0.043526193922257095
17671,2024Q3,2024,VIVT3,2024-11-05,2025-02-10,0.08009999999999995,0.9199,-0.059327907485042464,-0.059327907485042464
17671,2025Q1,2025,VIVT3,2025-05-12,2025-08-08,0.7309,0.2691,0.1532990329462176,0.1532990329462176
17671,2025Q2,2025,VIVT3,2025-07-28,2025-10-23,0.028900000000000037,0.9711,0.021275116223362645,0.021275116223362645
17671,2025Q3,2025,VIVT3,2025-10-30,2026-02-03,0.029299999999999993,0.9707,-0.009948580102200455,-0.009948580102200455
17892,2017Q2,2017,STBP3,2017-08-09,2017-11-09,0.13729999999999998,0.8627,0.48172522526806283,0.48172522526806283
17892,2017Q3,2017,STBP3,2017-11-13,2018-02-20,0.10809999999999997,0.8919,0.3139701000010253,0.3139701000010253
17892,2018Q1,2018,STBP3,2018-06-18,2018-09-17,0.12070000000000003,0.8793,0.13923674020300436,0.13923674020300436
17892,2018Q2,2018,STBP3,2018-08-08,2018-11-08,0.10250000000000004,0.8975,0.1887366147975269,0.1887366147975269
17892,2018Q3,2018,STBP3,2018-11-12,2019-02-18,0.12760000000000005,0.8724,0.05826930849147116,0.05826930849147116
17892,2019Q1,2019,STBP3,2019-05-14,2019-08-13,0.14749999999999996,0.8525,0.28975772967518143,0.28975772967518143
17892,2019Q2,2019,STBP3,2019-08-13,2019-11-08,0.08209999999999995,0.9179,0.020050296220578412,0.020050296220578412
17892,2019Q3,2019,STBP3,2019-11-12,2020-02-17,0.04600000000000004,0.954,-0.3282583445413636,-0.3282583445413636
17892,2020Q1,2020,STBP3,2020-05-12,2020-08-10,0.28900000000000003,0.711,-0.04947250011570126,-0.04947250011570126
17892,2020Q2,2020,STBP3,2020-08-11,2020-11-11,0.018100000000000005,0.9819,-0.15448475679333096,-0.15448475679333096
17892,2020Q3,2020,STBP3,2020-11-10,2021-02-12,0.013800000000000034,0.9862,0.40274739529032666,0.40274739529032666
17892,2021Q1,2021,STBP3,2021-05-11,2021-08-10,0.03290000000000004,0.9671,0.03402981004638961,0.03402981004638961
17892,2021Q2,2021,STBP3,2021-08-10,2021-11-10,0.008299999999999974,0.9917,-0.29365334555663114,-0.29365334555663114
17892,2024Q2,2024,STBP3,2024-08-07,2024-11-04,0.0030000000000000027,0.997,-0.18244111368414295,-0.18244111368414295
17973,2011Q2,2011,COGN3,2011-08-10,2011-11-10,0.02949999999999997,0.9705,0.07852505106271535,0.07852505106271535
17973,2011Q3,2011,COGN3,2011-11-09,2012-02-09,0.2792,0.7208,0.05758564217358808,0.05758564217358808
17973,2013Q2,2013,COGN3,2013-08-08,2013-11-05,0.06430000000000002,0.9357,-0.0778304612735039,-0.0778304612735039
17973,2013Q3,2013,COGN3,2013-12-05,2014-03-12,0.0037000000000000366,0.9963,0.05103878952260099,0.05103878952260099
17973,2014Q1,2014,COGN3,2014-05-13,2014-08-13,0.11260000000000003,0.8874,-0.10807357746644153,-0.10807357746644153
17973,2014Q2,2014,COGN3,2014-08-14,2014-11-11,0.07909999999999995,0.9209,-0.025283741580714447,-0.025283741580714447
17973,2014Q3,2014,COGN3,2014-11-14,2015-02-20,0.44099999999999995,0.559,-0.4007758707139818,-0.4007758707139818
17973,2015Q3,2015,COGN3,2015-11-12,2016-02-19,0.049799999999999955,0.9502,0.020638888183875714,0.020638888183875714
17973,2016Q1,2016,COGN3,2016-05-12,2016-08-10,0.5654,0.4346,0.20046991485141774,0.20046991485141774
17973,2017Q1,2017,COGN3,2017-05-12,2017-08-10,0.249,0.751,-0.003520876854902766,-0.003520876854902766
17973,2017Q2,2017,COGN3,2017-08-11,2017-11-13,0.014000000000000012,0.986,0.07874147276175902,0.07874147276175902
17973,2017Q3,2017,COGN3,2017-11-10,2018-02-19,0.005600000000000049,0.9944,-0.20879107147713805,-0.20879107147713805
17973,2018Q1,2018,COGN3,2018-05-14,2018-08-13,0.02980000000000005,0.9702,0.16148168840245702,0.16148168840245702
17973,2018Q2,2018,COGN3,2018-08-14,2018-11-14,0.0008000000000000229,0.9992,0.01459022988081049,0.01459022988081049
17973,2018Q3,2018,COGN3,2018-11-09,2019-02-15,0.14100000000000001,0.859,-0.10819882184859397,-0.10819882184859397
17973,2019Q1,2019,COGN3,2019-05-15,2019-08-14,0.30789999999999995,0.6921,0.16314117238592352,0.16314117238592352
17973,2024Q1,2024,COGN3,2024-05-08,2024-08-06,0.009600000000000053,0.9904,-0.244019584901902,-0.244019584901902
17973,2024Q2,2024,COGN3,2024-08-07,2024-11-04,0.03259999999999996,0.9674,0.17305838477969826,0.17305838477969826
17973,2024Q3,2024,COGN3,2024-11-07,2025-02-12,0.007499999999999951,0.9925,0.4080632733088867,0.4080632733088867
17973,2025Q1,2025,COGN3,2025-05-08,2025-08-06,0.02300000000000002,0.977,-0.33161813376655913,-0.33161813376655913
17973,2025Q2,2025,COGN3,2025-08-06,2025-11-03,0.0004999999999999449,0.9995,0.09663165970803589,0.09663165970803589
17973,2025Q3,2025,COGN3,2025-11-06,2026-02-10,0.0024999999999999467,0.9975,-0.1759855260531321,-0.1759855260531321
18112,2011Q2,2011,AMBV3,2011-08-11,2011-11-11,0.09970000000000001,0.9003,0.1050018092658287,0.1050018092658287
18112,2011Q3,2011,AMBV3,2011-11-09,2012-02-09,0.16500000000000004,0.835,-0.010173935272795864,-0.010173935272795864
18112,2012Q2,2012,AMBV3,2012-07-31,2012-10-30,0.7811,0.2189,-0.027102943308927818,-0.027102943308927818
18112,2012Q3,2012,AMBV3,2012-10-31,2013-02-07,0.17100000000000004,0.829,0.184701294867323,0.184701294867323
18112,2013Q1,2013,AMBV3,2013-04-30,2013-07-31,0.4226,0.5774,0.11880717904497673,0.11880717904497673
18350,2011Q3,2011,GETI4,2011-11-10,2012-02-10,0.10440000000000005,0.8956,-0.06267847540130178,-0.06267847540130178
18350,2012Q1,2012,GETI4,2012-05-03,2012-08-02,0.05559999999999998,0.9444,0.10788911621810904,0.10788911621810904
18350,2012Q2,2012,GETI4,2012-08-03,2012-11-05,0.020100000000000007,0.9799,-0.17228454759037204,-0.17228454759037204
18350,2012Q3,2012,GETI4,2012-11-06,2013-02-14,0.021700000000000053,0.9783,-0.1003324579302819,-0.1003324579302819
18350,2013Q1,2013,GETI4,2013-05-08,2013-08-07,0.36839999999999995,0.6316,0.11693548702489331,0.11693548702489331
18350,2013Q2,2013,GETI4,2013-08-07,2013-11-04,0.07320000000000004,0.9268,-0.09348192140380618,-0.09348192140380618
18350,2013Q3,2013,GETI4,2013-11-06,2014-02-11,0.01319999999999999,0.9868,-0.12968581858428507,-0.12968581858428507
18350,2015Q2,2015,GETI4,2015-08-14,2015-11-16,0.08489999999999998,0.9151,-0.1817445668988047,-0.1817445668988047
18376,2012Q3,2012,ISAE4,2012-11-12,2013-02-20,0.04059999999999997,0.9594,0.25408415174949317,0.25408415174949317
18376,2013Q1,2013,ISAE4,2013-05-16,2013-08-15,0.14880000000000004,0.8512,0.05459709150165071,0.05459709150165071
18376,2013Q2,2013,ISAE4,2013-08-14,2013-11-11,0.08660000000000001,0.9134,-0.1729381118637967,-0.1729381118637967
18376,2014Q1,2014,ISAE4,2014-05-15,2014-08-15,0.12070000000000003,0.8793,0.2744243345584976,0.2744243345584976
18376,2014Q2,2014,ISAE4,2014-07-30,2014-10-27,0.006299999999999972,0.9937,0.5000451291415637,0.5000451291415637
18376,2014Q3,2014,ISAE4,2014-10-30,2015-02-03,0.0029000000000000137,0.9971,0.17355629409709405,0.17355629409709405
18376,2015Q1,2015,ISAE4,2015-04-29,2015-07-30,0.015800000000000036,0.9842,-0.11772184625520732,-0.11772184625520732
18376,2015Q2,2015,ISAE4,2015-07-30,2015-10-29,0.017199999999999993,0.9828,-0.01340874973881745,-0.01340874973881745
18376,2015Q3,2015,ISAE4,2015-10-26,2016-02-01,0.0014999999999999458,0.9985,0.1542314024343503,0.1542314024343503
18376,2016Q1,2016,ISAE4,2016-04-28,2016-07-27,0.05249999999999999,0.9475,0.013032464891977513,0.013032464891977513
18376,2016Q2,2016,ISAE4,2016-09-08,2016-12-09,0.01090000000000002,0.9891,-0.2076647459762616,-0.2076647459762616
18376,2016Q3,2016,ISAE4,2016-10-28,2017-01-31,0.0048000000000000265,0.9952,-0.22235495524752158,-0.22235495524752158
18376,2017Q1,2017,ISAE4,2017-04-27,2017-07-27,0.03920000000000001,0.9608,0.08301693253643938,0.08301693253643938
18376,2017Q2,2017,ISAE4,2017-08-01,2017-10-31,0.010399999999999965,0.9896,-0.08216653309346422,-0.08216653309346422
18376,2017Q3,2017,ISAE4,2017-10-30,2018-02-05,0.11660000000000004,0.8834,-0.036503334823225764,-0.036503334823225764
18376,2018Q1,2018,ISAE4,2018-05-15,2018-08-14,0.011299999999999977,0.9887,-0.08233286945933016,-0.08233286945933016
18376,2018Q2,2018,ISAE4,2018-07-31,2018-10-30,0.014000000000000012,0.986,0.07399750961322371,0.07399750961322371
18376,2018Q3,2018,ISAE4,2018-10-29,2019-02-05,0.032299999999999995,0.9677,0.1955763328296316,0.1955763328296316
18376,2019Q1,2019,ISAE4,2019-04-29,2019-07-30,0.32799999999999996,0.672,0.07126202685329108,0.07126202685329108
18376,2019Q2,2019,ISAE4,2019-07-30,2019-10-25,0.18369999999999997,0.8163,-0.1315271272743973,-0.1315271272743973
18376,2020Q3,2020,ISAE4,2020-10-29,2021-02-03,0.007399999999999962,0.9926,0.0026198516039670494,0.0026198516039670494
18376,2021Q1,2021,ISAE4,2021-04-29,2021-07-29,0.07340000000000002,0.9266,-0.1166851704868852,-0.1166851704868852
18376,2021Q2,2021,ISAE4,2021-07-29,2021-10-28,0.0030000000000000027,0.997,0.03948862025271027,0.03948862025271027
18376,2021Q3,2021,ISAE4,2021-10-28,2022-01-31,0.007000000000000006,0.993,-0.06378422917860949,-0.06378422917860949
18376,2022Q1,2022,ISAE4,2022-05-03,2022-08-01,0.3215,0.6785,-0.07976171599894155,-0.07976171599894155
18376,2022Q2,2022,ISAE4,2022-07-28,2022-10-27,0.0010999999999999899,0.9989,-0.02561924688631867,-0.02561924688631867
18376,2022Q3,2022,ISAE4,2022-10-27,2023-01-27,0.10850000000000004,0.8915,-0.04773832174338888,-0.04773832174338888
18376,2024Q2,2024,ISAE4,2024-07-31,2024-10-28,0.0046000000000000485,0.9954,-0.03564007846675343,-0.03564007846675343
18376,2024Q3,2024,ISAE4,2024-10-30,2025-02-04,0.825,0.175,0.0043450517842704706,0.0043450517842704706
18376,2025Q1,2025,ISAE4,2025-04-29,2025-07-29,0.8159,0.1841,-0.05695993779733066,-0.05695993779733066
18376,2025Q2,2025,ISAE4,2025-07-30,2025-10-27,0.8366,0.1634,0.12234517167871584,0.12234517167871584
18376,2025Q3,2025,ISAE4,2025-10-29,2026-02-02,0.39580000000000004,0.6042,0.08631629431582288,0.08631629431582288
18465,2011Q2,2011,UGPA3,2011-08-10,2011-11-10,0.0675,0.9325,0.14027510390517062,0.14027510390517062
18465,2011Q3,2011,UGPA3,2011-11-09,2012-02-09,0.012900000000000023,0.9871,-0.03459185688790456,-0.03459185688790456
18465,2012Q1,2012,UGPA3,2012-05-02,2012-08-01,0.04949999999999999,0.9505,0.043091524215556065,0.043091524215556065
18465,2012Q2,2012,UGPA3,2012-08-01,2012-10-31,0.015100000000000002,0.9849,-0.20508541305742511,-0.20508541305742511
18465,2013Q2,2013,UGPA3,2013-07-31,2013-10-28,0.022499999999999964,0.9775,0.005159755592570647,0.005159755592570647
18465,2013Q3,2013,UGPA3,2013-11-06,2014-02-11,0.006700000000000039,0.9933,-0.12418670127434905,-0.12418670127434905
18465,2014Q1,2014,UGPA3,2014-05-14,2014-08-14,0.038799999999999946,0.9612,-0.07072979354653108,-0.07072979354653108
18465,2014Q2,2014,UGPA3,2014-08-06,2014-11-03,0.006199999999999983,0.9938,0.01870186992298062,0.01870186992298062
18465,2014Q3,2014,UGPA3,2014-11-05,2015-02-09,0.010299999999999976,0.9897,0.1680275653715957,0.1680275653715957
18465,2015Q1,2015,UGPA3,2015-05-06,2015-08-05,0.08209999999999995,0.9179,0.06347104416861327,0.06347104416861327
18465,2015Q2,2015,UGPA3,2015-08-05,2015-11-05,0.010299999999999976,0.9897,-0.07227287342436306,-0.07227287342436306
18465,2015Q3,2015,UGPA3,2015-11-04,2016-02-11,0.0020999999999999908,0.9979,-0.13315038550855895,-0.13315038550855895
18465,2016Q1,2016,UGPA3,2016-05-11,2016-08-09,0.049699999999999966,0.9503,-0.04342017298649892,-0.04342017298649892
18465,2016Q2,2016,UGPA3,2016-08-10,2016-11-10,0.00990000000000002,0.9901,-0.1395258725341686,-0.1395258725341686
18465,2016Q3,2016,UGPA3,2016-11-09,2017-02-09,0.011499999999999955,0.9885,0.004976929005645392,0.004976929005645392
18465,2017Q1,2017,UGPA3,2017-05-10,2017-08-08,0.04730000000000001,0.9527,-0.0019705968359226,-0.0019705968359226
18465,2017Q2,2017,UGPA3,2017-08-09,2017-11-09,0.01990000000000003,0.9801,-0.013475594124766288,-0.013475594124766288
18465,2017Q3,2017,UGPA3,2017-11-08,2018-02-15,0.0023999999999999577,0.9976,0.0012542016468291006,0.0012542016468291006
18465,2018Q1,2018,UGPA3,2018-05-02,2018-08-01,0.9081,0.0919,-0.2256774909832292,-0.2256774909832292
18465,2018Q2,2018,UGPA3,2018-08-02,2018-11-01,0.9253,0.0747,0.20206723834332463,0.20206723834332463
18465,2018Q3,2018,UGPA3,2018-11-07,2019-02-13,0.00880000000000003,0.9912,0.35642399438905503,0.35642399438905503
18465,2019Q1,2019,UGPA3,2019-05-15,2019-08-14,0.785,0.215,-0.02116334253776797,-0.02116334253776797
18465,2019Q2,2019,UGPA3,2019-08-14,2019-11-11,0.0,1.0,0.10838120587797251,0.10838120587797251
18465,2019Q3,2019,UGPA3,2019-11-06,2020-02-11,0.7893,0.2107,0.25750547268512003,0.25750547268512003
18465,2020Q1,2020,UGPA3,2020-05-13,2020-08-11,0.23299999999999998,0.767,-0.017164695978933775,-0.017164695978933775
18465,2020Q2,2020,UGPA3,2020-08-12,2020-11-12,0.18420000000000003,0.8158,0.021422115309616352,0.021422115309616352
18465,2020Q3,2020,UGPA3,2020-11-04,2021-02-08,0.021499999999999964,0.9785,0.048904476589594736,0.048904476589594736
18465,2021Q1,2021,UGPA3,2021-05-05,2021-08-04,0.19599999999999995,0.804,-0.24725888546216523,-0.24725888546216523
18465,2021Q2,2021,UGPA3,2021-08-11,2021-11-11,0.05910000000000004,0.9409,-0.042817777910004406,-0.042817777910004406
18465,2021Q3,2021,UGPA3,2021-11-03,2022-02-03,0.0,1.0,0.21027288201799443,0.21027288201799443
18465,2022Q1,2022,UGPA3,2022-05-11,2022-08-09,0.6856,0.3144,0.09470773608095095,0.09470773608095095
18465,2022Q2,2022,UGPA3,2022-08-03,2022-11-03,0.238,0.762,-0.10521498958097797,-0.10521498958097797
18465,2022Q3,2022,UGPA3,2022-11-09,2023-02-08,0.033299999999999996,0.9667,0.051005809165437066,0.051005809165437066
18465,2023Q1,2023,UGPA3,2023-05-03,2023-08-01,0.3779,0.6221,0.02140966966722413,0.02140966966722413
18465,2023Q2,2023,UGPA3,2023-08-09,2023-11-09,0.21919999999999995,0.7808,0.13298449678514745,0.13298449678514745
18465,2023Q3,2023,UGPA3,2023-11-08,2024-02-09,0.1572,0.8428,0.07297196638746084,0.07297196638746084
18465,2024Q1,2024,UGPA3,2024-05-08,2024-08-06,0.8117,0.1883,-0.22118108612746756,-0.22118108612746756
18465,2024Q2,2024,UGPA3,2024-08-07,2024-11-04,0.8823,0.1177,-0.09920061309075934,-0.09920061309075934
18465,2024Q3,2024,UGPA3,2024-11-13,2025-02-18,0.3156,0.6844,-0.10114688689730489,-0.10114688689730489
18465,2025Q1,2025,UGPA3,2025-05-07,2025-08-05,0.028800000000000048,0.9712,0.09529752339224418,0.09529752339224418
18465,2025Q2,2025,UGPA3,2025-08-13,2025-11-10,0.1078,0.8922,0.3384924765319415,0.3384924765319415
18465,2025Q3,2025,UGPA3,2025-11-12,2026-02-18,0.0413,0.9587,0.10550323027791397,0.10550323027791397
18627,2018Q1,2018,SAPR11,2018-05-08,2018-08-07,0.0,1.0,-0.19895141008200934,-0.19895141008200934
18627,2018Q2,2018,SAPR11,2018-08-07,2018-11-07,0.0,1.0,0.25517250186587903,0.25517250186587903
18627,2020Q2,2020,SAPR11,2020-08-07,2020-11-09,0.027599999999999958,0.9724,-0.11074981967424391,-0.11074981967424391
18627,2021Q2,2021,SAPR11,2021-08-12,2021-11-12,0.0010999999999999899,0.9989,0.22736681089836086,0.22736681089836086
18627,2021Q3,2021,SAPR11,2021-11-11,2022-02-11,0.0020999999999999908,0.9979,0.10037173498309726,0.10037173498309726
18627,2022Q1,2022,SAPR11,2022-05-05,2022-08-03,0.008600000000000052,0.9914,-0.007061739637759801,-0.007061739637759801
18627,2022Q2,2022,SAPR11,2022-08-04,2022-11-04,0.0023999999999999577,0.9976,-0.11661764232047345,-0.11661764232047345
18627,2022Q3,2022,SAPR11,2022-11-03,2023-02-02,0.0039000000000000146,0.9961,-0.0814308970227483,-0.0814308970227483
18627,2023Q1,2023,SAPR11,2023-05-11,2023-08-09,0.005800000000000027,0.9942,-0.049802239967866146,-0.049802239967866146
18627,2023Q2,2023,SAPR11,2023-08-10,2023-11-10,0.005099999999999993,0.9949,0.16697805320830206,0.16697805320830206
18627,2023Q3,2023,SAPR11,2023-11-08,2024-02-09,0.0018000000000000238,0.9982,0.07493916716083304,0.07493916716083304
18627,2024Q1,2024,SAPR11,2024-05-09,2024-08-07,0.09619999999999995,0.9038,0.0520171326539729,0.0520171326539729
18627,2024Q2,2024,SAPR11,2024-08-08,2024-11-05,0.0031999999999999806,0.9968,-0.1860360603212886,-0.1860360603212886
18627,2024Q3,2024,SAPR11,2024-11-07,2025-02-12,0.0030999999999999917,0.9969,0.04023250038225745,0.04023250038225745
18627,2025Q1,2025,SAPR11,2025-05-08,2025-08-06,0.13870000000000005,0.8613,0.02263709451749496,0.02263709451749496
18627,2025Q2,2025,SAPR11,2025-08-07,2025-11-04,0.0010999999999999899,0.9989,-0.059100940149635295,-0.059100940149635295
18627,2025Q3,2025,SAPR11,2025-11-06,2026-02-10,0.016599999999999948,0.9834,0.2016610456107224,0.2016610456107224
18660,2011Q2,2011,CPFE3,2011-08-10,2011-11-10,0.9386,0.0614,-0.015998079962187828,-0.015998079962187828
18660,2011Q3,2011,CPFE3,2011-11-10,2012-02-10,0.0,1.0,0.03948947778104461,0.03948947778104461
18660,2012Q1,2012,CPFE3,2012-05-07,2012-08-06,0.8648,0.1352,-0.1099867474922932,-0.1099867474922932
18660,2012Q2,2012,CPFE3,2012-08-06,2012-11-06,0.14100000000000001,0.859,0.014620616099878525,0.014620616099878525
18660,2012Q3,2012,CPFE3,2012-11-05,2013-02-13,0.09809999999999997,0.9019,-0.18071597119876825,-0.18071597119876825
18660,2013Q1,2013,CPFE3,2013-05-09,2013-08-08,0.35919999999999996,0.6408,0.05564966717173325,0.05564966717173325
18660,2013Q2,2013,CPFE3,2013-08-14,2013-11-11,0.024599999999999955,0.9754,-0.17576158518670237,-0.17576158518670237
18660,2014Q1,2014,CPFE3,2014-05-12,2014-08-12,0.8339,0.1661,0.057229567436269946,0.057229567436269946
18660,2014Q3,2014,CPFE3,2014-11-13,2015-02-19,0.7561,0.2439,-0.0007922556987880469,-0.0007922556987880469
18660,2015Q1,2015,CPFE3,2015-05-08,2015-08-07,0.7722,0.2278,0.01980576902268294,0.01980576902268294
18660,2015Q2,2015,CPFE3,2015-08-13,2015-11-13,0.45099999999999996,0.549,-0.05872292701005877,-0.05872292701005877
18660,2015Q3,2015,CPFE3,2015-11-12,2016-02-19,0.0,1.0,0.15542762151807232,0.15542762151807232
18660,2016Q1,2016,CPFE3,2016-05-12,2016-08-10,0.22250000000000003,0.7775,0.01633482507845252,0.01633482507845252
18660,2016Q2,2016,CPFE3,2016-08-11,2016-11-11,0.0,1.0,-0.0021227004559849494,-0.0021227004559849494
18660,2016Q3,2016,CPFE3,2016-11-10,2017-02-10,0.0,1.0,-0.04000883400199806,-0.04000883400199806
18660,2017Q1,2017,CPFE3,2017-08-07,2017-11-07,0.0038000000000000256,0.9962,-0.018685692996586845,-0.018685692996586845
18660,2017Q2,2017,CPFE3,2017-08-10,2017-11-10,0.5915,0.4085,-0.01787218488657405,-0.01787218488657405
18660,2017Q3,2017,CPFE3,2017-11-13,2018-02-20,0.237,0.763,-0.19540716205933528,-0.19540716205933528
18660,2018Q1,2018,CPFE3,2018-05-15,2018-08-14,0.3802,0.6198,0.040054469066969745,0.040054469066969745
18660,2018Q2,2018,CPFE3,2018-08-14,2018-11-14,0.2459,0.7541,0.24666159112305874,0.24666159112305874
18660,2018Q3,2018,CPFE3,2018-11-12,2019-02-18,0.047699999999999965,0.9523,0.142333874955195,0.142333874955195
18660,2019Q1,2019,CPFE3,2019-05-08,2019-08-07,0.10940000000000005,0.8906,0.01796970334078618,0.01796970334078618
18660,2019Q2,2019,CPFE3,2019-08-13,2019-11-08,0.013499999999999956,0.9865,-0.14528083560793015,-0.14528083560793015
18660,2019Q3,2019,CPFE3,2019-11-12,2020-02-17,0.33109999999999995,0.6689,0.1080587953751091,0.1080587953751091
18660,2020Q1,2020,CPFE3,2020-05-14,2020-08-12,0.371,0.629,-0.17297696657509054,-0.17297696657509054
18660,2020Q2,2020,CPFE3,2020-08-13,2020-11-13,0.05500000000000005,0.945,0.01863438366072523,0.01863438366072523
18660,2020Q3,2020,CPFE3,2020-11-12,2021-02-18,0.035699999999999954,0.9643,0.008242887355984108,0.008242887355984108
18660,2021Q3,2021,CPFE3,2021-11-11,2022-02-11,0.37470000000000003,0.6253,0.07274700903975617,0.07274700903975617
18660,2022Q1,2022,CPFE3,2022-05-12,2022-08-10,0.44299999999999995,0.557,-0.1158601641794218,-0.1158601641794218
18660,2022Q2,2022,CPFE3,2022-08-11,2022-11-11,0.33499999999999996,0.665,-0.07884021828857313,-0.07884021828857313
18660,2022Q3,2022,CPFE3,2022-11-10,2023-02-09,0.00539999999999996,0.9946,-0.15140369816705268,-0.15140369816705268
18660,2023Q1,2023,CPFE3,2023-05-11,2023-08-09,0.14080000000000004,0.8592,0.02979232809823751,0.02979232809823751
18660,2023Q2,2023,CPFE3,2023-08-10,2023-11-10,0.0021999999999999797,0.9978,0.015058421866712468,0.015058421866712468
18660,2023Q3,2023,CPFE3,2023-11-09,2024-02-14,0.0048000000000000265,0.9952,-0.045075961915367335,-0.045075961915367335
18660,2024Q1,2024,CPFE3,2024-05-09,2024-08-07,0.25370000000000004,0.7463,0.049041869013816575,0.049041869013816575
18660,2024Q2,2024,CPFE3,2024-08-08,2024-11-05,0.06610000000000005,0.9339,0.0030131552009315943,0.0030131552009315943
18660,2024Q3,2024,CPFE3,2024-11-07,2025-02-12,0.48860000000000003,0.5114,0.09774333679498004,0.09774333679498004
18660,2025Q2,2025,CPFE3,2025-08-14,2025-11-11,0.5116,0.4884,0.052994785575750436,0.052994785575750436
18660,2025Q3,2025,CPFE3,2025-11-13,2026-02-19,0.009499999999999953,0.9905,-0.026057391921023965,-0.026057391921023965
18724,2011Q2,2011,BRAP4,2011-08-12,2011-11-14,0.9875,0.0125,-0.12027723805719004,-0.12027723805719004
18724,2011Q3,2011,BRAP4,2011-11-14,2012-02-14,0.014399999999999968,0.9856,-0.05536467880684948,-0.05536467880684948
18724,2012Q1,2012,BRAP4,2012-05-15,2012-08-14,1.0,0.0,-0.09823568790858295,-0.09823568790858295
18724,2012Q2,2012,BRAP4,2012-08-14,2012-11-14,0.024399999999999977,0.9756,0.012909205437587223,0.012909205437587223
18724,2012Q3,2012,BRAP4,2012-11-14,2013-02-22,0.047699999999999965,0.9523,-0.033332030601035734,-0.033332030601035734
18724,2013Q1,2013,BRAP4,2013-05-15,2013-08-14,0.007099999999999995,0.9929,0.22038751556699476,0.22038751556699476
18724,2013Q2,2013,BRAP4,2013-08-14,2013-11-11,0.10450000000000004,0.8955,-0.036054106922180806,-0.036054106922180806
18724,2013Q3,2013,BRAP4,2013-11-14,2014-02-19,0.016599999999999948,0.9834,0.09929802954171407,0.09929802954171407
18724,2014Q1,2014,BRAP4,2014-05-15,2014-08-15,0.1533,0.8467,0.10271416072372852,0.10271416072372852
18724,2014Q2,2014,BRAP4,2014-08-14,2014-11-11,0.0036000000000000476,0.9964,-0.2684423351573745,-0.2684423351573745
18724,2014Q3,2014,BRAP4,2014-11-12,2015-02-18,0.05030000000000001,0.9497,0.0808810034528229,0.0808810034528229
18724,2015Q1,2015,BRAP4,2015-05-13,2015-08-12,0.0042999999999999705,0.9957,0.12932018484354812,0.12932018484354812
18724,2015Q2,2015,BRAP4,2015-08-12,2015-11-12,0.0040999999999999925,0.9959,-0.1060670171906617,-0.1060670171906617
18724,2015Q3,2015,BRAP4,2015-11-12,2016-02-19,0.09260000000000002,0.9074,-0.2090197199633913,-0.2090197199633913
18724,2016Q1,2016,BRAP4,2016-05-12,2016-08-10,0.7221,0.2779,0.34215338436928255,0.34215338436928255
18724,2016Q2,2016,BRAP4,2016-08-12,2016-11-14,0.043300000000000005,0.9567,0.31481442144680805,0.31481442144680805
18724,2016Q3,2016,BRAP4,2016-11-11,2017-02-13,0.039000000000000035,0.961,0.34080434754380273,0.34080434754380273
18724,2017Q1,2017,BRAP4,2017-05-12,2017-08-10,0.13039999999999996,0.8696,-0.011058736690233495,-0.011058736690233495
18724,2017Q2,2017,BRAP4,2017-08-11,2017-11-13,0.050000000000000044,0.95,-0.14777425166044844,-0.14777425166044844
18724,2018Q2,2018,BRAP4,2018-08-13,2018-11-13,0.02949999999999997,0.9705,0.06387447920295575,0.06387447920295575
18724,2018Q3,2018,BRAP4,2018-11-13,2019-02-19,0.028000000000000025,0.972,-0.26146143652411713,-0.26146143652411713
18724,2019Q1,2019,BRAP4,2019-05-14,2019-08-13,0.41659999999999997,0.5834,-0.15579711557198406,-0.15579711557198406
18724,2020Q1,2020,BRAP4,2020-05-14,2020-08-12,0.729,0.271,-0.06904330221669197,-0.06904330221669197
18724,2020Q2,2020,BRAP4,2020-08-13,2020-11-13,0.0040000000000000036,0.996,-0.08427622312768623,-0.08427622312768623
18724,2020Q3,2020,BRAP4,2020-11-12,2021-02-18,0.06399999999999995,0.936,0.050975727452419406,0.050975727452419406
18821,2011Q2,2011,MOTV3,2011-08-11,2011-11-11,0.45320000000000005,0.5468,-0.04317905730991367,-0.04317905730991367
18821,2011Q3,2011,MOTV3,2011-11-10,2012-02-10,0.4001,0.5999,-0.019557645477787267,-0.019557645477787267
18821,2012Q1,2012,MOTV3,2012-05-15,2012-08-14,0.25639999999999996,0.7436,0.17798035587241823,0.17798035587241823
18821,2012Q2,2012,MOTV3,2012-08-13,2012-11-13,0.1341,0.8659,-0.07071689544342863,-0.07071689544342863
18821,2012Q3,2012,MOTV3,2012-11-13,2013-02-21,0.1281,0.8719,-0.019996426800411582,-0.019996426800411582
18821,2013Q1,2013,MOTV3,2013-05-14,2013-08-13,0.6816,0.3184,-0.12904948859355259,-0.12904948859355259
18821,2013Q2,2013,MOTV3,2013-08-12,2013-11-07,0.6524,0.3476,-0.07476157171324793,-0.07476157171324793
18821,2013Q3,2013,MOTV3,2013-10-28,2014-01-31,0.022599999999999953,0.9774,-0.09121208515031187,-0.09121208515031187
18821,2014Q1,2014,MOTV3,2014-05-12,2014-08-12,0.9853,0.0147,-0.00808228041463499,-0.00808228041463499
18821,2014Q2,2014,MOTV3,2014-08-11,2014-11-06,0.9878,0.0122,-0.024233867544557253,-0.024233867544557253
18821,2014Q3,2014,MOTV3,2014-10-28,2015-01-30,0.0040000000000000036,0.996,0.04315848012149548,0.04315848012149548
18821,2015Q1,2015,MOTV3,2015-05-14,2015-08-13,0.07489999999999997,0.9251,0.1508757986385192,0.1508757986385192
18821,2015Q2,2015,MOTV3,2015-08-10,2015-11-10,0.06140000000000001,0.9386,0.06897275779438305,0.06897275779438305
18821,2015Q3,2015,MOTV3,2015-10-27,2016-02-02,0.11050000000000004,0.8895,0.1252277104943902,0.1252277104943902
18821,2016Q1,2016,MOTV3,2016-05-10,2016-08-08,0.7632,0.2368,-0.08025367124280802,-0.08025367124280802
18821,2016Q2,2016,MOTV3,2016-08-11,2016-11-11,0.017100000000000004,0.9829,-0.19034914107239265,-0.19034914107239265
18821,2016Q3,2016,MOTV3,2016-11-03,2017-02-03,0.005600000000000049,0.9944,-0.019741928669862796,-0.019741928669862796
18821,2017Q1,2017,MOTV3,2017-05-11,2017-08-09,0.7799,0.2201,-0.023798728685378134,-0.023798728685378134
18821,2017Q2,2017,MOTV3,2017-08-14,2017-11-14,0.7625,0.2375,-0.04760046642035998,-0.04760046642035998
18821,2017Q3,2017,MOTV3,2017-10-26,2018-02-01,0.9322,0.0678,-0.1710584967217298,-0.1710584967217298
18821,2018Q1,2018,MOTV3,2018-05-10,2018-08-09,0.8251999999999999,0.1748,0.13207025655095062,0.13207025655095062
18821,2018Q2,2018,MOTV3,2018-08-14,2018-11-14,0.008099999999999996,0.9919,0.07010405159237276,0.07010405159237276
18821,2018Q3,2018,MOTV3,2018-10-25,2019-02-01,0.0041999999999999815,0.9958,0.2915560661440131,0.2915560661440131
18821,2019Q1,2019,MOTV3,2019-04-29,2019-07-30,0.7844,0.2156,0.36656418176045924,0.36656418176045924
18821,2019Q2,2019,MOTV3,2019-08-08,2019-11-05,0.13260000000000005,0.8674,-0.047346436336698994,-0.047346436336698994
18821,2019Q3,2019,MOTV3,2019-10-28,2020-01-31,0.022299999999999986,0.9777,-0.02922824630043297,-0.02922824630043297
18821,2020Q1,2020,MOTV3,2020-05-14,2020-08-12,0.17600000000000005,0.824,-0.11419830301287459,-0.11419830301287459
18821,2020Q2,2020,MOTV3,2020-08-13,2020-11-13,0.16290000000000004,0.8371,-0.16213417155535648,-0.16213417155535648
18821,2020Q3,2020,MOTV3,2020-11-11,2021-02-17,0.0016000000000000458,0.9984,-0.13776126256678956,-0.13776126256678956
18821,2021Q1,2021,MOTV3,2021-05-13,2021-08-12,0.3073,0.6927,-0.06556100405828402,-0.06556100405828402
18821,2021Q2,2021,MOTV3,2021-08-12,2021-11-12,0.031399999999999983,0.9686,0.15599096182601024,0.15599096182601024
18821,2021Q3,2021,MOTV3,2021-11-19,2022-02-18,0.02510000000000001,0.9749,0.00026329055620721853,0.00026329055620721853
18821,2022Q1,2022,MOTV3,2022-05-12,2022-08-10,0.10860000000000003,0.8914,-0.024663283712748174,-0.024663283712748174
18821,2022Q2,2022,MOTV3,2022-08-11,2022-11-11,0.1321,0.8679,-0.23375807133677406,-0.23375807133677406
18821,2022Q3,2022,MOTV3,2022-11-10,2023-02-09,0.00770000000000004,0.9923,-0.0511844011660314,-0.0511844011660314
18821,2023Q1,2023,MOTV3,2023-05-04,2023-08-02,0.15369999999999995,0.8463,-0.23467303177394716,-0.23467303177394716
18821,2023Q2,2023,MOTV3,2023-08-03,2023-11-03,0.021299999999999986,0.9787,-0.00943902465786195,-0.00943902465786195
18821,2023Q3,2023,MOTV3,2023-10-31,2024-02-02,0.14939999999999998,0.8506,-0.03280093847904275,-0.03280093847904275
18821,2024Q1,2024,MOTV3,2024-05-06,2024-08-02,0.03320000000000001,0.9668,0.046112567404882565,0.046112567404882565
18821,2024Q2,2024,MOTV3,2024-07-29,2024-10-24,0.0030999999999999917,0.9969,-0.021305355572431073,-0.021305355572431073
18821,2025Q2,2025,MOTV3,2025-07-29,2025-10-24,0.0,1.0,0.21580814070041043,0.21580814070041043
18821,2025Q3,2025,MOTV3,2025-10-29,2026-02-02,0.7868999999999999,0.2131,-0.053818012399192705,-0.053818012399192705
18961,2011Q2,2011,AEDU3,2011-08-30,2011-12-01,0.008700000000000041,0.9913,-0.2817952248199711,-0.2817952248199711
18961,2011Q3,2011,AEDU3,2011-11-14,2012-02-14,0.09330000000000005,0.9067,0.18166807550918573,0.18166807550918573
18961,2012Q2,2012,AEDU3,2012-08-08,2012-11-08,0.2672,0.7328,0.07531511180227635,0.07531511180227635
18961,2012Q3,2012,AEDU3,2012-11-06,2013-02-14,0.007000000000000006,0.993,0.07914248571639626,0.07914248571639626
18961,2013Q1,2013,AEDU3,2013-05-15,2013-08-14,0.8139000000000001,0.1861,-0.010666301455686256,-0.010666301455686256
18961,2013Q2,2013,AEDU3,2013-08-14,2013-11-11,0.18400000000000005,0.816,-0.08237211774588626,-0.08237211774588626
18961,2013Q3,2013,AEDU3,2013-11-14,2014-02-19,0.06679999999999997,0.9332,-0.10396624721697201,-0.10396624721697201
18970,2011Q2,2011,TIET11,2011-08-11,2011-11-11,0.09040000000000004,0.9096,-0.027135533405355905,-0.027135533405355905
18970,2011Q3,2011,TIET11,2011-11-10,2012-02-10,0.006099999999999994,0.9939,-0.06267847540130189,-0.06267847540130189
18970,2012Q1,2012,TIET11,2012-05-10,2012-08-09,0.06159999999999999,0.9384,0.003088248282283379,0.003088248282283379
18970,2012Q2,2012,TIET11,2012-09-18,2012-12-20,0.0011999999999999789,0.9988,-0.029562270432064164,-0.029562270432064164
18970,2012Q3,2012,TIET11,2012-11-07,2013-02-15,0.05740000000000001,0.9426,-0.09130010369549424,-0.09130010369549424
18970,2013Q1,2013,TIET11,2013-05-10,2013-08-09,0.14400000000000002,0.856,0.03463140526843267,0.03463140526843267
18970,2013Q2,2013,TIET11,2013-08-09,2013-11-06,0.007600000000000051,0.9924,-0.06788199033353126,-0.06788199033353126
18970,2013Q3,2013,TIET11,2013-11-08,2014-02-13,0.0013999999999999568,0.9986,-0.017694278665934093,-0.017694278665934093
18970,2014Q1,2014,TIET11,2014-05-07,2014-08-07,0.006199999999999983,0.9938,-0.01863445756989135,-0.01863445756989135
18970,2014Q2,2014,TIET11,2014-08-06,2014-11-03,0.0024999999999999467,0.9975,0.04701532573773859,0.04701532573773859
18970,2014Q3,2014,TIET11,2014-11-06,2015-02-10,0.0049000000000000155,0.9951,-0.05158099679310946,-0.05158099679310946
18970,2015Q1,2015,TIET11,2015-05-08,2015-08-07,0.20420000000000005,0.7958,0.04340968375802068,0.04340968375802068
18970,2015Q2,2015,TIET11,2015-08-07,2015-11-09,0.4797,0.5203,-0.11034186174018257,-0.11034186174018257
18970,2015Q3,2015,TIET11,2015-11-04,2016-02-11,0.6415,0.3585,0.08012052601459563,0.08012052601459563
18970,2016Q3,2016,TIET11,2016-11-03,2017-02-03,0.06640000000000001,0.9336,-0.10509998600820125,-0.10509998600820125
18970,2017Q2,2017,TIET11,2017-08-07,2017-11-07,0.07850000000000001,0.9215,-0.11924452249495077,-0.11924452249495077
18970,2019Q1,2019,TIET11,2019-05-06,2019-08-05,0.07079999999999997,0.9292,0.17358899038278586,0.17358899038278586
18970,2020Q2,2020,TIET11,2020-08-05,2020-11-05,0.05469999999999997,0.9453,0.010442523111468649,0.010442523111468649
18970,2020Q3,2020,TIET11,2020-11-05,2021-02-09,0.009399999999999964,0.9906,-0.0991321060602971,-0.0991321060602971
19445,2011Q2,2011,CSMG3,2011-08-10,2011-11-10,0.006900000000000017,0.9931,-0.024478501116219076,-0.024478501116219076
19445,2011Q3,2011,CSMG3,2011-11-21,2012-02-22,0.028100000000000014,0.9719,0.1568065222322288,0.1568065222322288
19445,2012Q1,2012,CSMG3,2012-05-07,2012-08-06,0.021100000000000008,0.9789,0.02979385468972251,0.02979385468972251
19445,2012Q2,2012,CSMG3,2012-08-06,2012-11-06,0.02400000000000002,0.976,-0.1964746166860487,-0.1964746166860487
19445,2012Q3,2012,CSMG3,2012-11-07,2013-02-15,0.026100000000000012,0.9739,-0.030056374553867116,-0.030056374553867116
19445,2013Q1,2013,CSMG3,2013-10-21,2014-01-24,0.3163,0.6837,-0.023709742562593616,-0.023709742562593616
19445,2013Q2,2013,CSMG3,2013-10-21,2014-01-24,0.08389999999999997,0.9161,-0.023709742562593616,-0.023709742562593616
19445,2013Q3,2013,CSMG3,2013-11-05,2014-02-10,0.38660000000000005,0.6134,0.0219099812568726,0.0219099812568726
19445,2014Q1,2014,CSMG3,2014-05-06,2014-08-06,0.18289999999999995,0.8171,0.14397610295326735,0.14397610295326735
19445,2014Q2,2014,CSMG3,2014-08-01,2014-10-29,0.17459999999999998,0.8254,-0.2546759694327365,-0.2546759694327365
19445,2014Q3,2014,CSMG3,2014-10-31,2015-02-04,0.025399999999999978,0.9746,-0.38858428115607846,-0.38858428115607846
19445,2019Q1,2019,CSMG3,2019-04-25,2019-07-26,0.01639999999999997,0.9836,-0.03438054701239557,-0.03438054701239557
19445,2019Q2,2019,CSMG3,2019-07-26,2019-10-23,0.24270000000000003,0.7573,0.09016910399062716,0.09016910399062716
19445,2019Q3,2019,CSMG3,2019-10-31,2020-02-05,0.00039999999999995595,0.9996,-0.11170235408289908,-0.11170235408289908
19445,2020Q1,2020,CSMG3,2020-04-30,2020-07-30,0.8821,0.1179,-0.13729992315683182,-0.13729992315683182
19445,2020Q2,2020,CSMG3,2020-07-30,2020-10-29,0.0010999999999999899,0.9989,-0.0775874410020706,-0.0775874410020706
19445,2020Q3,2020,CSMG3,2020-10-30,2021-02-04,0.013000000000000012,0.987,-0.0021687760406897683,-0.0021687760406897683
19445,2021Q1,2021,CSMG3,2021-05-04,2021-08-03,0.0,1.0,-0.2253977575391164,-0.2253977575391164
19445,2021Q2,2021,CSMG3,2021-08-02,2021-11-01,0.062000000000000055,0.938,0.2146668919726311,0.2146668919726311
19445,2021Q3,2021,CSMG3,2021-11-03,2022-02-03,0.0,1.0,-0.08141879587876377,-0.08141879587876377
19445,2022Q1,2022,CSMG3,2022-05-03,2022-08-01,0.8552,0.1448,-0.0020584113573760554,-0.0020584113573760554
19445,2022Q2,2022,CSMG3,2022-08-02,2022-11-01,0.13980000000000004,0.8602,0.11857857596232879,0.11857857596232879
19445,2022Q3,2022,CSMG3,2022-11-03,2023-02-02,0.020499999999999963,0.9795,-0.020331970411860856,-0.020331970411860856
19445,2023Q1,2023,CSMG3,2023-05-02,2023-07-31,0.17579999999999996,0.8242,-0.09782984026850383,-0.09782984026850383
19445,2023Q2,2023,CSMG3,2023-07-31,2023-10-30,0.07579999999999998,0.9242,-0.2275823821520936,-0.2275823821520936
19445,2023Q3,2023,CSMG3,2023-10-26,2024-01-30,0.06140000000000001,0.9386,0.17082069873830052,0.17082069873830052
19445,2024Q1,2024,CSMG3,2024-04-29,2024-07-29,0.07609999999999995,0.9239,0.012704626310352518,0.012704626310352518
19445,2024Q2,2024,CSMG3,2024-07-30,2024-10-25,0.030200000000000005,0.9698,-0.022537213944768708,-0.022537213944768708
19445,2024Q3,2024,CSMG3,2024-11-04,2025-02-07,0.06299999999999994,0.937,-0.08249597777079498,-0.08249597777079498
19445,2025Q1,2025,CSMG3,2025-05-14,2025-08-12,0.12170000000000003,0.8783,0.2567039925704484,0.2567039925704484
19445,2025Q2,2025,CSMG3,2025-08-04,2025-10-30,0.044300000000000006,0.9557,0.34885740232910845,0.34885740232910845
19445,2025Q3,2025,CSMG3,2025-11-03,2026-02-05,0.07979999999999998,0.9202,0.16880269232413103,0.16880269232413103
19453,2011Q2,2011,ECOR3,2011-08-09,2011-11-09,0.18579999999999997,0.8142,-0.04874138497588831,-0.04874138497588831
19453,2011Q3,2011,ECOR3,2011-11-08,2012-02-08,0.026800000000000046,0.9732,-0.06457730730493982,-0.06457730730493982
19453,2012Q1,2012,ECOR3,2012-05-14,2012-08-13,0.7382,0.2618,0.043955282010710306,0.043955282010710306
19453,2012Q2,2012,ECOR3,2012-08-09,2012-11-09,0.03400000000000003,0.966,0.059929517600391335,0.059929517600391335
19453,2012Q3,2012,ECOR3,2012-11-06,2013-02-14,0.04379999999999995,0.9562,-0.04714460526097797,-0.04714460526097797
19453,2013Q1,2013,ECOR3,2013-05-15,2013-08-14,0.6496,0.3504,-0.08044097730768551,-0.08044097730768551
19453,2013Q2,2013,ECOR3,2013-08-07,2013-11-04,0.6669,0.3331,-0.10711717945744315,-0.10711717945744315
19453,2013Q3,2013,ECOR3,2013-11-05,2014-02-10,0.0016000000000000458,0.9984,-0.07585520666625267,-0.07585520666625267
19453,2014Q1,2014,ECOR3,2014-05-06,2014-08-06,0.0363,0.9637,0.09019882659631584,0.09019882659631584
19453,2014Q2,2014,ECOR3,2014-08-07,2014-11-04,0.0034999999999999476,0.9965,-0.2608593073965757,-0.2608593073965757
19453,2015Q1,2015,ECOR3,2015-05-11,2015-08-10,0.16349999999999998,0.8365,-0.052609921036424256,-0.052609921036424256
19453,2015Q2,2015,ECOR3,2015-08-14,2015-11-16,0.10140000000000005,0.8986,0.08057065892415793,0.08057065892415793
19453,2015Q3,2015,ECOR3,2015-11-10,2016-02-17,0.0040999999999999925,0.9959,-0.13031738158252215,-0.13031738158252215
19453,2016Q1,2016,ECOR3,2016-05-12,2016-08-10,0.052100000000000035,0.9479,-0.09977919299406124,-0.09977919299406124
19453,2016Q2,2016,ECOR3,2016-08-11,2016-11-11,0.1099,0.8901,-0.02657593381223511,-0.02657593381223511
19453,2016Q3,2016,ECOR3,2016-11-10,2017-02-10,0.043200000000000016,0.9568,0.004446501332228792,0.004446501332228792
19453,2017Q1,2017,ECOR3,2017-05-08,2017-08-04,0.0393,0.9607,0.13082426724364482,0.13082426724364482
19453,2017Q2,2017,ECOR3,2017-07-27,2017-10-26,0.5312,0.4688,-0.15959173840295282,-0.15959173840295282
19453,2017Q3,2017,ECOR3,2017-11-09,2018-02-16,0.005099999999999993,0.9949,-0.08799686236916748,-0.08799686236916748
19453,2018Q1,2018,ECOR3,2018-04-25,2018-07-26,0.15239999999999998,0.8476,0.05296034530353677,0.05296034530353677
19453,2018Q2,2018,ECOR3,2018-07-26,2018-10-25,0.0007000000000000339,0.9993,0.12964459344925316,0.12964459344925316
19453,2018Q3,2018,ECOR3,2018-10-30,2019-02-06,0.06140000000000001,0.9386,0.04357868375290663,0.04357868375290663
19453,2019Q1,2019,ECOR3,2019-04-29,2019-07-30,0.014599999999999946,0.9854,0.420878173913769,0.420878173913769
19453,2019Q2,2019,ECOR3,2019-07-25,2019-10-22,0.0040000000000000036,0.996,0.24787447296699505,0.24787447296699505
19453,2019Q3,2019,ECOR3,2019-10-29,2020-02-03,0.00649999999999995,0.9935,0.0979326062919248,0.0979326062919248
19453,2021Q2,2021,ECOR3,2021-08-03,2021-11-03,0.4554,0.5446,0.10750776601235468,0.10750776601235468
19453,2021Q3,2021,ECOR3,2021-10-25,2022-01-26,0.009000000000000008,0.991,-0.037108108129196404,-0.037108108129196404
19453,2022Q1,2022,ECOR3,2022-05-05,2022-08-03,0.249,0.751,0.033660008525452145,0.033660008525452145
19453,2022Q2,2022,ECOR3,2022-07-28,2022-10-27,0.11329999999999996,0.8867,-0.09905777955204786,-0.09905777955204786
19453,2022Q3,2022,ECOR3,2022-11-07,2023-02-06,0.8762,0.1238,-0.08773190653849361,-0.08773190653849361
19453,2024Q2,2024,ECOR3,2024-07-31,2024-10-28,0.2953,0.7047,0.008317685000303943,0.008317685000303943
19453,2024Q3,2024,ECOR3,2024-11-07,2025-02-12,0.006199999999999983,0.9938,-0.2189635442748461,-0.2189635442748461
19453,2025Q1,2025,ECOR3,2025-05-08,2025-08-06,0.35209999999999997,0.6479,-0.1852739329596378,-0.1852739329596378
19453,2025Q2,2025,ECOR3,2025-07-30,2025-10-27,0.031200000000000006,0.9688,0.1587425351207905,0.1587425351207905
19453,2025Q3,2025,ECOR3,2025-11-11,2026-02-13,0.07689999999999997,0.9231,0.09062792230494043,0.09062792230494043
19550,2014Q1,2014,NATU3,2014-04-23,2014-07-25,0.05410000000000004,0.9459,-0.10889688334372039,-0.10889688334372039
19550,2014Q2,2014,NATU3,2014-07-23,2014-10-20,0.0018000000000000238,0.9982,0.050994042353308844,0.050994042353308844
19550,2014Q3,2014,NATU3,2014-10-24,2015-01-28,0.0018000000000000238,0.9982,0.09027673572115869,0.09027673572115869
19550,2015Q3,2015,NATU3,2015-10-22,2016-01-28,0.0026000000000000467,0.9974,0.23140953709158918,0.23140953709158918
19550,2016Q3,2016,NATU3,2016-10-26,2017-01-27,0.00039999999999995595,0.9996,-0.2255216697937138,-0.2255216697937138
19550,2017Q1,2017,NATU3,2017-04-26,2017-07-26,0.023299999999999987,0.9767,-0.28278109629917625,-0.28278109629917625
19550,2017Q2,2017,NATU3,2017-07-26,2017-10-25,0.731,0.269,0.24448869204745627,0.24448869204745627
19550,2020Q2,2020,NATU3,2020-08-27,2020-11-27,0.11529999999999996,0.8847,-0.16625986303799467,-0.16625986303799467
19550,2020Q3,2020,NATU3,2020-11-13,2021-02-19,0.8382000000000001,0.1618,-0.2563172457038392,-0.2563172457038392
19550,2021Q1,2021,NATU3,2021-05-12,2021-08-11,0.0,1.0,0.003254452590367718,0.003254452590367718
19550,2022Q1,2022,NATU3,2022-05-19,2022-08-17,0.0,1.0,-0.07505573581513414,-0.07505573581513414
19550,2022Q2,2022,NATU3,2022-08-11,2022-11-11,0.0,1.0,0.05573112188069995,0.05573112188069995
19550,2023Q1,2023,NATU3,2023-05-15,2023-08-11,0.0,1.0,0.21174709331275188,0.21174709331275188
19550,2023Q2,2023,NATU3,2023-08-15,2023-11-16,0.0,1.0,-0.1935295410880724,-0.1935295410880724
19550,2023Q3,2023,NATU3,2023-11-13,2024-02-16,0.0,1.0,0.05388326765458307,0.05388326765458307
19550,2024Q1,2024,NATU3,2024-05-14,2024-08-12,0.0,1.0,-0.12715609768806468,-0.12715609768806468
19550,2024Q2,2024,NATU3,2024-08-12,2024-11-07,0.0,1.0,-0.10402533543758108,-0.10402533543758108
19550,2024Q3,2024,NATU3,2024-11-08,2025-02-13,0.0,1.0,-0.01868513254548354,-0.01868513254548354
19550,2025Q1,2025,NATU3,2025-05-12,2025-08-08,0.0,1.0,0.1708227659762238,0.1708227659762238
19550,2025Q2,2025,NATU3,2025-08-11,2025-11-06,0.0,1.0,0.121080385174269,0.121080385174269
19550,2025Q3,2025,NATU3,2025-11-10,2026-02-12,0.0,1.0,0.05234356488104375,0.05234356488104375
19615,2011Q3,2011,GRND3,2012-04-12,2012-07-13,0.02510000000000001,0.9749,0.13018655959065395,0.13018655959065395
19615,2012Q1,2012,GRND3,2012-04-25,2012-07-26,0.049000000000000044,0.951,0.24578819112351935,0.24578819112351935
19615,2012Q2,2012,GRND3,2012-07-26,2012-10-25,0.012599999999999945,0.9874,0.23389960198233983,0.23389960198233983
19615,2012Q3,2012,GRND3,2012-10-25,2013-02-01,0.011900000000000022,0.9881,0.04035396336997121,0.04035396336997121
19615,2013Q1,2013,GRND3,2013-04-25,2013-07-26,0.050799999999999956,0.9492,-0.20383652209137482,-0.20383652209137482
19615,2013Q2,2013,GRND3,2013-07-25,2013-10-22,0.14580000000000004,0.8542,-0.2581102194293725,-0.2581102194293725
19615,2013Q3,2013,GRND3,2013-10-24,2014-01-29,0.0008000000000000229,0.9992,-0.22831174394852616,-0.22831174394852616
19615,2014Q1,2014,GRND3,2014-04-24,2014-07-28,0.01639999999999997,0.9836,-0.04271036652392113,-0.04271036652392113
19615,2014Q2,2014,GRND3,2014-07-24,2014-10-21,0.0019000000000000128,0.9981,0.42471777453924164,0.42471777453924164
19615,2014Q3,2014,GRND3,2014-10-24,2015-01-28,0.0007000000000000339,0.9993,0.07684704409719467,0.07684704409719467
19615,2015Q1,2015,GRND3,2015-04-23,2015-07-24,0.008499999999999952,0.9915,0.034311762326372675,0.034311762326372675
19615,2015Q3,2015,GRND3,2015-10-22,2016-01-28,0.0047000000000000375,0.9953,-0.09462319758449567,-0.09462319758449567
19615,2016Q1,2016,GRND3,2016-04-28,2016-07-27,0.008700000000000041,0.9913,-0.09669468020525074,-0.09669468020525074
19615,2016Q2,2016,GRND3,2016-07-28,2016-10-27,0.0007000000000000339,0.9993,0.09460273175912914,0.09460273175912914
19615,2016Q3,2016,GRND3,2016-10-20,2017-01-20,0.0007000000000000339,0.9993,-0.03201279044202998,-0.03201279044202998
19615,2017Q1,2017,GRND3,2017-04-27,2017-07-27,0.0014999999999999458,0.9985,0.1314734576745309,0.1314734576745309
19615,2017Q2,2017,GRND3,2017-07-27,2017-10-26,0.0007000000000000339,0.9993,-0.25483752218080713,-0.25483752218080713
19615,2017Q3,2017,GRND3,2017-10-26,2018-02-01,0.0007000000000000339,0.9993,0.010047550360375412,0.010047550360375412
19615,2019Q1,2019,GRND3,2019-04-25,2019-07-26,0.24970000000000003,0.7503,-0.08873154474446654,-0.08873154474446654
19615,2019Q2,2019,GRND3,2019-08-01,2019-10-29,0.0,1.0,0.3352484562991018,0.3352484562991018
19615,2019Q3,2019,GRND3,2019-10-24,2020-01-29,0.04610000000000003,0.9539,0.07893272544199026,0.07893272544199026
19615,2020Q1,2020,GRND3,2021-03-04,2021-06-04,0.265,0.735,0.2347795749865178,0.2347795749865178
19615,2020Q2,2020,GRND3,2021-03-04,2021-06-04,0.0047000000000000375,0.9953,0.2347795749865178,0.2347795749865178
19615,2020Q3,2020,GRND3,2021-03-04,2021-06-04,0.0013999999999999568,0.9986,0.2347795749865178,0.2347795749865178
19615,2021Q1,2021,GRND3,2021-04-29,2021-07-29,0.236,0.764,0.3684401116606284,0.3684401116606284
19615,2021Q2,2021,GRND3,2021-07-29,2021-10-28,0.017100000000000004,0.9829,-0.10225331683180616,-0.10225331683180616
19615,2021Q3,2021,GRND3,2021-10-28,2022-01-31,0.05989999999999995,0.9401,-0.030488076584727297,-0.030488076584727297
19615,2022Q1,2022,GRND3,2022-04-28,2022-07-27,0.031399999999999983,0.9686,-0.16742903055064162,-0.16742903055064162
19615,2022Q2,2022,GRND3,2022-08-04,2022-11-04,0.035699999999999954,0.9643,-0.12528199249518923,-0.12528199249518923
19615,2022Q3,2022,GRND3,2022-10-27,2023-01-27,0.012299999999999978,0.9877,0.03268559457183362,0.03268559457183362
19615,2023Q1,2023,GRND3,2023-05-11,2023-08-09,0.631,0.369,0.09228944256511862,0.09228944256511862
19615,2023Q2,2023,GRND3,2023-08-10,2023-11-10,0.0021999999999999797,0.9978,-0.06831439071889944,-0.06831439071889944
19615,2023Q3,2023,GRND3,2023-11-09,2024-02-14,0.0040999999999999925,0.9959,-0.056131606835391645,-0.056131606835391645
19615,2024Q1,2024,GRND3,2024-05-09,2024-08-07,0.0043999999999999595,0.9956,0.0769366436572283,0.0769366436572283
19615,2024Q2,2024,GRND3,2024-08-08,2024-11-05,0.0017000000000000348,0.9983,-0.09274708452444735,-0.09274708452444735
19615,2024Q3,2024,GRND3,2024-11-07,2025-02-12,0.008199999999999985,0.9918,0.12234300970897549,0.12234300970897549
19615,2025Q1,2025,GRND3,2025-05-08,2025-08-06,0.0021999999999999797,0.9978,-0.11869091935270648,-0.11869091935270648
19615,2025Q2,2025,GRND3,2025-08-07,2025-11-04,0.0016000000000000458,0.9984,0.07032126770257485,0.07032126770257485
19739,2011Q2,2011,RENT3,2011-07-25,2011-10-24,0.5435,0.4565,-0.058338582566984876,-0.058338582566984876
19739,2011Q3,2011,RENT3,2011-10-24,2012-01-24,0.11150000000000004,0.8885,-0.10318062550476703,-0.10318062550476703
19739,2012Q1,2012,RENT3,2012-05-09,2012-08-08,0.3074,0.6926,0.05012479888208743,0.05012479888208743
19739,2012Q2,2012,RENT3,2012-07-30,2012-10-29,0.051100000000000034,0.9489,-0.08578536261375846,-0.08578536261375846
19739,2012Q3,2012,RENT3,2012-10-26,2013-02-04,0.05359999999999998,0.9464,-0.015970111660369657,-0.015970111660369657
19739,2013Q1,2013,RENT3,2013-04-25,2013-07-26,0.12390000000000001,0.8761,-0.0738433891024306,-0.0738433891024306
19739,2013Q2,2013,RENT3,2013-08-06,2013-11-01,0.0030999999999999917,0.9969,-0.009183370941220126,-0.009183370941220126
19739,2013Q3,2013,RENT3,2013-10-24,2014-01-29,0.06169999999999998,0.9383,-0.08904156666822494,-0.08904156666822494
19739,2014Q1,2014,RENT3,2014-04-16,2014-07-22,0.18379999999999996,0.8162,0.02470342641682466,0.02470342641682466
19739,2014Q2,2014,RENT3,2014-07-25,2014-10-22,0.06669999999999998,0.9333,-0.023501264702753044,-0.023501264702753044
19739,2014Q3,2014,RENT3,2014-10-23,2015-01-27,0.06169999999999998,0.9383,0.12821058070222247,0.12821058070222247
19739,2015Q1,2015,RENT3,2015-04-24,2015-07-27,0.06140000000000001,0.9386,-0.21718272180059328,-0.21718272180059328
19739,2015Q2,2015,RENT3,2015-07-23,2015-10-22,0.731,0.269,-0.10224320679241894,-0.10224320679241894
19739,2015Q3,2015,RENT3,2015-10-22,2016-01-28,0.28400000000000003,0.716,0.0032525087869719194,0.0032525087869719194
19739,2016Q1,2016,RENT3,2016-04-25,2016-07-22,0.8571,0.1429,0.09821001972137489,0.09821001972137489
19739,2016Q2,2016,RENT3,2016-07-21,2016-10-20,0.8241,0.1759,-0.038074056102921805,-0.038074056102921805
19739,2016Q3,2016,RENT3,2016-10-20,2017-01-20,0.38980000000000004,0.6102,-0.09768622007498551,-0.09768622007498551
19739,2017Q1,2017,RENT3,2017-04-26,2017-07-26,0.9587,0.0413,0.1418217251531262,0.1418217251531262
19739,2017Q2,2017,RENT3,2017-07-20,2017-10-19,0.9646,0.0354,-0.06695594791813775,-0.06695594791813775
19739,2017Q3,2017,RENT3,2017-11-06,2018-02-09,0.0022999999999999687,0.9977,0.17184094225251978,0.17184094225251978
19739,2018Q1,2018,RENT3,2018-04-26,2018-07-27,0.6638,0.3362,-0.2029341622794648,-0.2029341622794648
19739,2018Q2,2018,RENT3,2018-07-26,2018-10-25,0.08989999999999998,0.9101,-0.05088410502101581,-0.05088410502101581
19739,2018Q3,2018,RENT3,2018-10-24,2019-01-31,0.0042999999999999705,0.9957,-0.03049088917742493,-0.03049088917742493
19739,2019Q1,2019,RENT3,2019-04-25,2019-07-26,0.6742,0.3258,0.09272793070132779,0.09272793070132779
19739,2019Q2,2019,RENT3,2019-08-01,2019-10-29,0.6733,0.3267,-0.20675896826391438,-0.20675896826391438
19739,2019Q3,2019,RENT3,2019-10-23,2020-01-28,0.0040999999999999925,0.9959,0.011496098358243056,0.011496098358243056
19739,2020Q1,2020,RENT3,2020-05-14,2020-08-12,0.42579999999999996,0.5742,0.288994960558586,0.288994960558586
19739,2020Q2,2020,RENT3,2020-07-29,2020-10-28,0.01090000000000002,0.9891,0.4100000309294194,0.4100000309294194
19739,2020Q3,2020,RENT3,2020-10-27,2021-02-01,0.016100000000000003,0.9839,-0.24800498012109984,-0.24800498012109984
19739,2021Q1,2021,RENT3,2021-05-03,2021-08-02,0.9732,0.0268,-0.19175852097940227,-0.19175852097940227
19739,2021Q2,2021,RENT3,2021-07-29,2021-10-28,0.9828,0.0172,-0.11636455202937135,-0.11636455202937135
19739,2021Q3,2021,RENT3,2021-11-09,2022-02-09,0.0014999999999999458,0.9985,0.3145392284683799,0.3145392284683799
19739,2022Q1,2022,RENT3,2022-05-02,2022-07-29,0.21909999999999996,0.7809,0.20909237060171715,0.20909237060171715
19739,2022Q2,2022,RENT3,2022-08-11,2022-11-11,0.23409999999999997,0.7659,-0.06956221493633052,-0.06956221493633052
19739,2022Q3,2022,RENT3,2022-12-16,2023-03-20,0.14629999999999999,0.8537,0.005278871967752341,0.005278871967752341
19739,2023Q1,2023,RENT3,2023-05-15,2023-08-11,0.1563,0.8437,-0.10079888773780454,-0.10079888773780454
19739,2023Q2,2023,RENT3,2023-08-14,2023-11-14,0.026800000000000046,0.9732,-0.11704012617262127,-0.11704012617262127
19739,2023Q3,2023,RENT3,2023-11-13,2024-02-16,0.02400000000000002,0.976,-0.0843901278224023,-0.0843901278224023
19739,2024Q1,2024,RENT3,2024-05-10,2024-08-08,0.16710000000000003,0.8329,0.011537100791441102,0.011537100791441102
19739,2024Q2,2024,RENT3,2024-08-13,2024-11-08,0.11209999999999998,0.8879,-0.04102593065539595,-0.04102593065539595
19739,2024Q3,2024,RENT3,2024-11-11,2025-02-14,0.0131,0.9869,-0.1784005535924973,-0.1784005535924973
19739,2025Q2,2025,RENT3,2025-08-11,2025-11-06,0.03320000000000001,0.9668,0.12659251903512914,0.12659251903512914
19771,2011Q3,2011,ARTR3,2011-11-10,2012-02-10,0.005099999999999993,0.9949,0.12894111178661194,0.12894111178661194
19771,2012Q1,2012,ARTR3,2012-05-10,2012-08-09,0.5605,0.4395,0.03227508665932777,0.03227508665932777
19771,2012Q2,2012,ARTR3,2012-08-14,2012-11-14,0.030000000000000027,0.97,-0.055635509361457336,-0.055635509361457336
19771,2012Q3,2012,ARTR3,2013-01-30,2013-05-03,0.06499999999999995,0.935,-0.010888287628369908,-0.010888287628369908
19771,2013Q1,2013,ARTR3,2013-05-07,2013-08-06,0.0716,0.9284,-0.016024626809156395,-0.016024626809156395
19771,2013Q2,2013,ARTR3,2013-08-08,2013-11-05,0.008700000000000041,0.9913,-0.2541819516639786,-0.2541819516639786
19771,2013Q3,2013,ARTR3,2013-11-13,2014-02-18,0.042200000000000015,0.9578,-0.04807783779426411,-0.04807783779426411
19771,2014Q1,2014,ARTR3,2014-05-08,2014-08-08,0.15769999999999995,0.8423,-0.04193653039904799,-0.04193653039904799
19771,2014Q2,2014,ARTR3,2014-08-07,2014-11-04,0.04149999999999998,0.9585,-0.1312466022300297,-0.1312466022300297
19771,2014Q3,2014,ARTR3,2014-11-06,2015-02-10,0.006399999999999961,0.9936,-0.11717775000362662,-0.11717775000362662
19771,2015Q1,2015,ARTR3,2015-05-15,2015-08-14,0.8553,0.1447,0.4427053126167533,0.4427053126167533
19771,2015Q2,2015,ARTR3,2015-08-06,2015-11-06,0.0,1.0,0.18765738182301583,0.18765738182301583
19771,2015Q3,2015,ARTR3,2015-11-13,2016-02-22,0.0,1.0,0.11612341232661905,0.11612341232661905
19836,2013Q3,2013,CSAN3,2013-11-06,2014-02-11,0.008499999999999952,0.9915,-0.13418530451245858,-0.13418530451245858
19836,2014Q1,2014,CSAN3,2014-05-13,2014-08-13,0.4848,0.5152,-0.04080344596482943,-0.04080344596482943
19836,2014Q2,2014,CSAN3,2014-08-15,2014-11-12,0.011199999999999988,0.9888,0.08129440631989548,0.08129440631989548
19836,2014Q3,2014,CSAN3,2014-11-05,2015-02-09,0.030100000000000016,0.9699,-0.08534087122809264,-0.08534087122809264
19836,2015Q1,2015,CSAN3,2015-06-16,2015-09-15,0.8691,0.1309,-0.1273349453828715,-0.1273349453828715
19836,2015Q2,2015,CSAN3,2015-08-12,2015-11-12,0.879,0.121,0.42390338341813827,0.42390338341813827
19836,2015Q3,2015,CSAN3,2015-11-11,2016-02-18,0.007800000000000029,0.9922,0.09078057978789245,0.09078057978789245
19836,2016Q1,2016,CSAN3,2016-05-12,2016-08-10,0.9718,0.0282,-0.07599307767497532,-0.07599307767497532
19836,2016Q2,2016,CSAN3,2016-08-10,2016-11-10,0.07389999999999997,0.9261,0.03811956425680596,0.03811956425680596
19836,2016Q3,2016,CSAN3,2016-11-09,2017-02-09,0.07340000000000002,0.9266,-0.14562507238351774,-0.14562507238351774
19836,2017Q1,2017,CSAN3,2017-05-10,2017-08-08,0.0867,0.9133,-0.0684504579155698,-0.0684504579155698
19836,2017Q2,2017,CSAN3,2017-08-09,2017-11-09,0.06279999999999997,0.9372,-0.03309234316639087,-0.03309234316639087
19836,2017Q3,2017,CSAN3,2017-11-10,2018-02-19,0.054400000000000004,0.9456,0.09044105508579259,0.09044105508579259
19836,2018Q1,2018,CSAN3,2018-05-15,2018-08-14,0.07630000000000003,0.9237,0.04027073915134838,0.04027073915134838
19836,2018Q2,2018,CSAN3,2018-08-08,2018-11-08,0.08540000000000003,0.9146,-0.2174470081910176,-0.2174470081910176
19836,2018Q3,2018,CSAN3,2018-11-07,2019-02-13,0.04520000000000002,0.9548,0.09386784512868585,0.09386784512868585
19836,2019Q1,2019,CSAN3,2019-05-13,2019-08-12,0.9502,0.0498,0.08180628760849773,0.08180628760849773
19836,2019Q2,2019,CSAN3,2019-08-12,2019-11-07,0.007900000000000018,0.9921,0.021440354718312182,0.021440354718312182
19836,2019Q3,2019,CSAN3,2019-11-12,2020-02-17,0.036900000000000044,0.9631,0.134361911865724,0.134361911865724
19836,2020Q1,2020,CSAN3,2020-05-29,2020-08-27,0.9715,0.0285,-0.019998781426605605,-0.019998781426605605
19836,2020Q2,2020,CSAN3,2020-08-10,2020-11-10,0.07899999999999996,0.921,-0.24177048284328406,-0.24177048284328406
19836,2020Q3,2020,CSAN3,2020-11-13,2021-02-19,0.0948,0.9052,-0.08637004770941348,-0.08637004770941348
19836,2021Q3,2021,CSAN3,2021-11-12,2022-02-14,0.0353,0.9647,-0.022548455791684185,-0.022548455791684185
19836,2022Q1,2022,CSAN3,2022-05-13,2022-08-11,0.04510000000000003,0.9549,0.04805590865434817,0.04805590865434817
19836,2022Q3,2022,CSAN3,2023-02-28,2023-05-31,0.10270000000000001,0.8973,0.0723170610904873,0.0723170610904873
19836,2023Q1,2023,CSAN3,2023-05-16,2023-08-14,0.8828,0.1172,0.1597022287197154,0.1597022287197154
19836,2023Q2,2023,CSAN3,2023-08-15,2023-11-16,0.7883,0.2117,-0.08502934236508153,-0.08502934236508153
19836,2023Q3,2023,CSAN3,2023-11-13,2024-02-16,0.018299999999999983,0.9817,-0.048886117829161746,-0.048886117829161746
19836,2024Q1,2024,CSAN3,2024-05-28,2024-08-26,0.05159999999999998,0.9484,-0.09394739408649488,-0.09394739408649488
19836,2024Q2,2024,CSAN3,2024-08-14,2024-11-11,0.012299999999999978,0.9877,0.018003077156959257,0.018003077156959257
19836,2024Q3,2024,CSAN3,2024-11-13,2025-02-18,0.00770000000000004,0.9923,-0.21624094749402423,-0.21624094749402423
19836,2025Q1,2025,CSAN3,2025-05-15,2025-08-13,0.6518999999999999,0.3481,0.05810241169271846,0.05810241169271846
19836,2025Q2,2025,CSAN3,2025-08-14,2025-11-11,0.7174,0.2826,0.32751581713969347,0.32751581713969347
19879,2012Q2,2012,LIGT3,2012-08-14,2012-11-14,0.00990000000000002,0.9901,-0.12284552517308045,-0.12284552517308045
19879,2012Q3,2012,LIGT3,2012-11-09,2013-02-19,0.044499999999999984,0.9555,-0.0683252466027987,-0.0683252466027987
19879,2013Q1,2013,LIGT3,2013-05-10,2013-08-09,0.08560000000000001,0.9144,0.021692056760068246,0.021692056760068246
19879,2013Q2,2013,LIGT3,2013-08-13,2013-11-08,0.07120000000000004,0.9288,0.18306183256004394,0.18306183256004394
19879,2013Q3,2013,LIGT3,2013-11-08,2014-02-13,0.00990000000000002,0.9901,-0.08713229802696298,-0.08713229802696298
19879,2014Q1,2014,LIGT3,2014-05-15,2014-08-15,0.06740000000000002,0.9326,0.08584064455058282,0.08584064455058282
19879,2014Q2,2014,LIGT3,2014-08-13,2014-11-10,0.02190000000000003,0.9781,0.009930799854144468,0.009930799854144468
19879,2014Q3,2014,LIGT3,2014-11-13,2015-02-19,0.3103,0.6897,-0.2922659084478596,-0.2922659084478596
19879,2017Q3,2017,LIGT3,2017-11-14,2018-02-21,0.49660000000000004,0.5034,-0.18743176221070013,-0.18743176221070013
19879,2019Q1,2019,LIGT3,2019-05-15,2019-08-14,0.4014,0.5986,-0.03687258916931635,-0.03687258916931635
19879,2019Q2,2019,LIGT3,2019-08-15,2019-11-12,0.26249999999999996,0.7375,-0.10291241068879098,-0.10291241068879098
19879,2019Q3,2019,LIGT3,2019-11-13,2020-02-18,0.24770000000000003,0.7523,0.0391894188506412,0.0391894188506412
19879,2020Q1,2020,LIGT3,2020-05-07,2020-08-05,0.022499999999999964,0.9775,0.191045220687591,0.191045220687591
19879,2020Q2,2020,LIGT3,2020-08-13,2020-11-13,0.0006000000000000449,0.9994,0.3549822777574363,0.3549822777574363
19879,2020Q3,2020,LIGT3,2020-11-12,2021-02-18,0.35340000000000005,0.6466,-0.26512914886842687,-0.26512914886842687
19879,2021Q1,2021,LIGT3,2021-05-13,2021-08-12,0.27359999999999995,0.7264,-0.08523236616106045,-0.08523236616106045
19879,2021Q2,2021,LIGT3,2021-08-12,2021-11-12,0.9891,0.0109,-0.060617776625695785,-0.060617776625695785
19879,2021Q3,2021,LIGT3,2021-11-24,2022-02-23,0.41200000000000003,0.588,-0.05813030473431502,-0.05813030473431502
19879,2022Q1,2022,LIGT3,2022-05-12,2022-08-10,0.8566,0.1434,-0.32009570493771267,-0.32009570493771267
19879,2022Q2,2022,LIGT3,2022-08-11,2022-11-11,0.8049,0.1951,0.1665906160286108,0.1665906160286108
19879,2022Q3,2022,LIGT3,2022-11-11,2023-02-10,0.0,1.0,-0.39031185308005445,-0.39031185308005445
19879,2024Q1,2024,LIGT3,2024-05-15,2024-08-13,0.10650000000000004,0.8935,-0.19379250396611913,-0.19379250396611913
19879,2024Q2,2024,LIGT3,2024-08-14,2024-11-11,0.08409999999999995,0.9159,0.19903188921299608,0.19903188921299608
19879,2024Q3,2024,LIGT3,2024-11-13,2025-02-18,0.0019000000000000128,0.9981,-0.13759334258742428,-0.13759334258742428
19879,2025Q1,2025,LIGT3,2025-05-14,2025-08-12,0.14190000000000003,0.8581,0.8735639965922228,0.7496355521156113
19879,2025Q2,2025,LIGT3,2025-08-12,2025-11-07,0.9388,0.0612,-0.29864232227164933,-0.29864232227164933
19909,2012Q1,2012,BRML3,2012-04-26,2012-07-27,0.30469999999999997,0.6953,0.016868336246167903,0.016868336246167903
19909,2012Q2,2012,BRML3,2012-10-18,2013-01-24,0.4889,0.5111,-0.14663057622316267,-0.14663057622316267
19909,2012Q3,2012,BRML3,2012-11-13,2013-02-21,0.013599999999999945,0.9864,-0.09300221082665983,-0.09300221082665983
19909,2013Q1,2013,BRML3,2013-05-07,2013-08-06,0.02949999999999997,0.9705,-0.0605492969146737,-0.0605492969146737
19909,2014Q2,2014,BRML3,2014-08-04,2014-10-30,0.4095,0.5905,0.02172788747386023,0.02172788747386023
19909,2014Q3,2014,BRML3,2014-11-04,2015-02-06,0.01880000000000004,0.9812,0.04780260490763877,0.04780260490763877
19909,2015Q1,2015,BRML3,2015-05-05,2015-08-04,0.9597,0.0403,-0.11917105740432687,-0.11917105740432687
19909,2016Q2,2016,BRML3,2016-08-11,2016-11-11,0.8486,0.1514,-0.27748897821838125,-0.27748897821838125
19909,2016Q3,2016,BRML3,2016-11-14,2017-02-14,0.9519,0.0481,0.2056138128534417,0.2056138128534417
19909,2020Q2,2020,BRML3,2020-08-13,2020-11-13,0.08450000000000002,0.9155,-0.06437323972791376,-0.06437323972791376
19909,2020Q3,2020,BRML3,2020-11-12,2021-02-18,0.42190000000000005,0.5781,-0.12401601891566838,-0.12401601891566838
19992,2011Q2,2011,TOTS3,2011-07-27,2011-10-26,0.03620000000000001,0.9638,0.0019371454708856373,0.0019371454708856373
19992,2011Q3,2011,TOTS3,2011-10-26,2012-01-27,0.04849999999999999,0.9515,-0.08201467389792472,-0.08201467389792472
19992,2012Q1,2012,TOTS3,2012-04-25,2012-07-26,0.641,0.359,0.13330633106444978,0.13330633106444978
19992,2012Q2,2012,TOTS3,2012-07-25,2012-10-24,0.012700000000000045,0.9873,-0.05705552087066745,-0.05705552087066745
19992,2012Q3,2012,TOTS3,2012-11-01,2013-02-08,0.08140000000000003,0.9186,-0.05607639398937114,-0.05607639398937114
19992,2013Q1,2013,TOTS3,2013-05-02,2013-08-01,0.10299999999999998,0.897,0.025376631595336985,0.025376631595336985
19992,2013Q2,2013,TOTS3,2013-07-31,2013-10-28,0.011900000000000022,0.9881,0.025422484641661525,0.025422484641661525
19992,2013Q3,2013,TOTS3,2013-10-30,2014-02-04,0.34750000000000003,0.6525,-0.004258105412380142,-0.004258105412380142
19992,2014Q1,2014,TOTS3,2014-04-29,2014-07-31,0.20779999999999998,0.7922,0.0934407375396864,0.0934407375396864
19992,2014Q2,2014,TOTS3,2014-07-30,2014-10-27,0.03269999999999995,0.9673,-0.028967980595637877,-0.028967980595637877
19992,2014Q3,2014,TOTS3,2014-10-29,2015-02-02,0.011199999999999988,0.9888,0.019625114752492623,0.019625114752492623
19992,2015Q1,2015,TOTS3,2015-05-06,2015-08-05,0.16710000000000003,0.8329,-0.07930210512617175,-0.07930210512617175
19992,2015Q2,2015,TOTS3,2015-08-05,2015-11-05,0.01739999999999997,0.9826,0.0458867131230567,0.0458867131230567
19992,2015Q3,2015,TOTS3,2015-10-28,2016-02-03,0.0595,0.9405,-0.09021760194981854,-0.09021760194981854
19992,2016Q1,2016,TOTS3,2016-05-04,2016-08-02,0.2953,0.7047,0.08360737448773747,0.08360737448773747
19992,2016Q2,2016,TOTS3,2016-08-03,2016-11-03,0.021100000000000008,0.9789,-0.1564603468054988,-0.1564603468054988
19992,2016Q3,2016,TOTS3,2016-11-03,2017-02-03,0.05510000000000004,0.9449,0.07183258664497627,0.07183258664497627
19992,2017Q1,2017,TOTS3,2017-05-03,2017-08-01,0.24309999999999998,0.7569,0.07899431355145348,0.07899431355145348
19992,2017Q2,2017,TOTS3,2017-08-02,2017-11-01,0.04849999999999999,0.9515,0.06885411233799954,0.06885411233799954
19992,2017Q3,2017,TOTS3,2017-11-08,2018-02-15,0.18410000000000004,0.8159,-0.1263748378520534,-0.1263748378520534
19992,2018Q1,2018,TOTS3,2018-05-09,2018-08-08,0.16759999999999997,0.8324,-0.07366882803774022,-0.07366882803774022
19992,2018Q2,2018,TOTS3,2018-08-01,2018-10-31,0.015700000000000047,0.9843,-0.1643955202023456,-0.1643955202023456
19992,2018Q3,2018,TOTS3,2018-11-13,2019-02-19,0.018000000000000016,0.982,0.31609875312549374,0.31609875312549374
19992,2019Q1,2019,TOTS3,2019-05-08,2019-08-07,0.10570000000000002,0.8943,0.04807626140826837,0.04807626140826837
19992,2019Q2,2019,TOTS3,2019-08-07,2019-11-04,0.04379999999999995,0.9562,0.03181449422198912,0.03181449422198912
19992,2019Q3,2019,TOTS3,2019-11-06,2020-02-11,0.04410000000000003,0.9559,-0.027859147041740973,-0.027859147041740973
19992,2020Q1,2020,TOTS3,2022-05-25,2022-08-23,0.5311,0.4689,0.09926733598843174,0.09926733598843174
19992,2020Q2,2020,TOTS3,2022-05-25,2022-08-23,0.15700000000000003,0.843,0.09926733598843174,0.09926733598843174
19992,2020Q3,2020,TOTS3,2022-05-25,2022-08-23,0.06830000000000003,0.9317,0.09926733598843174,0.09926733598843174
19992,2022Q2,2022,TOTS3,2022-08-03,2022-11-03,0.009399999999999964,0.9906,-0.039005976410056764,-0.039005976410056764
19992,2023Q1,2023,TOTS3,2023-05-08,2023-08-04,0.11429999999999996,0.8857,-0.01125294807687871,-0.01125294807687871
19992,2025Q1,2025,TOTS3,2025-05-08,2025-08-06,0.10070000000000001,0.8993,0.021985434310860974,0.021985434310860974
19992,2025Q2,2025,TOTS3,2025-08-06,2025-11-03,0.016100000000000003,0.9839,-0.17551429622599146,-0.17551429622599146
19992,2025Q3,2025,TOTS3,2025-11-05,2026-02-09,0.009299999999999975,0.9907,-0.20856434737233964,-0.20856434737233964
20010,2011Q2,2011,EQTL3,2011-07-29,2011-10-28,0.779,0.221,-0.05751519882892253,-0.05751519882892253
20010,2011Q3,2011,EQTL3,2011-11-03,2012-02-03,0.0,1.0,0.049465229069038275,0.049465229069038275
20010,2012Q3,2012,EQTL3,2012-12-03,2013-03-11,0.0,1.0,0.0670631263585224,0.0670631263585224
20010,2013Q1,2013,EQTL3,2013-05-15,2013-08-14,0.8238,0.1762,-0.189464069218244,-0.189464069218244
20010,2013Q2,2013,EQTL3,2013-08-14,2013-11-11,0.6204000000000001,0.3796,0.05134410400377609,0.05134410400377609
20010,2013Q3,2013,EQTL3,2013-11-01,2014-02-06,0.27549999999999997,0.7245,-0.039758614882131726,-0.039758614882131726
20010,2014Q1,2014,EQTL3,2014-05-08,2014-08-08,0.7623,0.2377,0.14313589186439213,0.14313589186439213
20010,2014Q2,2014,EQTL3,2014-08-08,2014-11-05,0.6914,0.3086,0.009803921238594526,0.009803921238594526
20010,2014Q3,2014,EQTL3,2014-10-31,2015-02-04,0.11199999999999999,0.888,0.02648449188217339,0.02648449188217339
20010,2015Q1,2015,EQTL3,2015-05-07,2015-08-06,0.11429999999999996,0.8857,-0.01054516424066343,-0.01054516424066343
20010,2015Q2,2015,EQTL3,2015-08-13,2015-11-13,0.11229999999999996,0.8877,0.05910925934636735,0.05910925934636735
20010,2015Q3,2015,EQTL3,2015-11-03,2016-02-10,0.05720000000000003,0.9428,-0.022552483180488636,-0.022552483180488636
20010,2016Q1,2016,EQTL3,2016-05-12,2016-08-10,0.16049999999999998,0.8395,-0.05389437403936803,-0.05389437403936803
20010,2023Q2,2023,EQTL3,2023-08-11,2023-11-13,0.6402,0.3598,-0.020468888970840093,-0.020468888970840093
20028,2011Q2,2011,VLID3,2011-08-10,2011-11-10,0.0,1.0,0.06676100769255089,0.06676100769255089
20028,2011Q3,2011,VLID3,2011-11-09,2012-02-09,0.0,1.0,0.05821958445977482,0.05821958445977482
20028,2012Q1,2012,VLID3,2012-05-09,2012-08-08,0.6843,0.3157,0.05076265261945179,0.05076265261945179
20028,2012Q2,2012,VLID3,2012-08-14,2012-11-14,0.0,1.0,-0.08952419199139694,-0.08952419199139694
20028,2012Q3,2012,VLID3,2012-11-07,2013-02-15,0.0,1.0,-0.11813254964907571,-0.11813254964907571
20028,2013Q1,2013,VLID3,2013-05-15,2013-08-14,0.0,1.0,-0.05205742444143857,-0.05205742444143857
20028,2013Q2,2013,VLID3,2013-08-14,2013-11-11,0.02510000000000001,0.9749,0.08076171553603229,0.08076171553603229
20028,2013Q3,2013,VLID3,2013-12-18,2014-03-25,0.0,1.0,0.12269748009087911,0.12269748009087911
20028,2014Q1,2014,VLID3,2014-05-05,2014-08-05,0.0,1.0,0.022754184706586633,0.022754184706586633
20028,2014Q2,2014,VLID3,2014-08-04,2014-10-30,0.016700000000000048,0.9833,0.03668545834068504,0.03668545834068504
20028,2014Q3,2014,VLID3,2014-11-10,2015-02-12,0.0,1.0,0.07365331305475831,0.07365331305475831
20028,2015Q1,2015,VLID3,2015-05-05,2015-08-04,0.9847,0.0153,-0.04727770204340709,-0.04727770204340709
20028,2015Q2,2015,VLID3,2015-08-03,2015-11-03,0.9847,0.0153,-0.14714419722453453,-0.14714419722453453
20028,2015Q3,2015,VLID3,2015-11-03,2016-02-10,0.0,1.0,-0.1802373414864924,-0.1802373414864924
20028,2016Q1,2016,VLID3,2016-05-12,2016-08-10,0.9116,0.0884,-0.18545733440819379,-0.18545733440819379
20028,2016Q2,2016,VLID3,2016-08-15,2016-11-16,0.9601,0.0399,-0.097528230948843,-0.097528230948843
20028,2018Q2,2018,VLID3,2018-08-08,2018-11-08,0.020000000000000018,0.98,-0.2270690069482555,-0.2270690069482555
20028,2018Q3,2018,VLID3,2018-11-07,2019-02-13,0.02959999999999996,0.9704,0.16082341887414353,0.16082341887414353
20028,2019Q1,2019,VLID3,2019-05-08,2019-08-07,0.1844,0.8156,-0.2846247230912282,-0.2846247230912282
20028,2019Q2,2019,VLID3,2019-08-06,2019-11-01,0.03820000000000001,0.9618,-0.00021669930268786164,-0.00021669930268786164
20028,2019Q3,2019,VLID3,2019-10-31,2020-02-05,0.008499999999999952,0.9915,0.2603195109743588,0.2603195109743588
20028,2020Q1,2020,VLID3,2020-05-21,2020-08-19,0.05630000000000002,0.9437,-0.08139928441281397,-0.08139928441281397
20028,2020Q2,2020,VLID3,2020-08-06,2020-11-06,0.19099999999999995,0.809,-0.1346176680446275,-0.1346176680446275
20028,2020Q3,2020,VLID3,2020-11-05,2021-02-09,0.8815,0.1185,0.06214405329250483,0.06214405329250483
20028,2021Q1,2021,VLID3,2021-05-12,2021-08-11,0.8815,0.1185,-0.1420452192195435,-0.1420452192195435
20028,2021Q2,2021,VLID3,2021-08-11,2021-11-11,0.22529999999999994,0.7747,0.3664361144626149,0.3664361144626149
20028,2021Q3,2021,VLID3,2021-11-10,2022-02-10,0.2148,0.7852,0.3040900365964039,0.3040900365964039
20028,2022Q1,2022,VLID3,2022-05-10,2022-08-08,0.22799999999999998,0.772,0.10793461003695337,0.10793461003695337
20028,2022Q2,2022,VLID3,2022-08-10,2022-11-10,0.1834,0.8166,-0.09833380790260238,-0.09833380790260238
20028,2022Q3,2022,VLID3,2022-11-08,2023-02-07,0.12280000000000002,0.8772,-0.1645078703454762,-0.1645078703454762
20028,2023Q1,2023,VLID3,2023-05-09,2023-08-07,0.08250000000000002,0.9175,0.016435057430372213,0.016435057430372213
20028,2023Q2,2023,VLID3,2023-08-14,2023-11-14,0.0232,0.9768,0.1304151197578587,0.1304151197578587
20028,2023Q3,2023,VLID3,2023-11-07,2024-02-08,0.11550000000000005,0.8845,0.09639941091088766,0.09639941091088766
20028,2024Q1,2024,VLID3,2024-05-08,2024-08-06,0.0948,0.9052,-0.08071885430185954,-0.08071885430185954
20028,2024Q2,2024,VLID3,2024-08-07,2024-11-04,0.011299999999999977,0.9887,0.36444626569727645,0.36444626569727645
20028,2024Q3,2024,VLID3,2024-11-06,2025-02-11,0.02100000000000002,0.979,-0.10743554262797328,-0.10743554262797328
20028,2025Q1,2025,VLID3,2025-05-07,2025-08-05,0.03600000000000003,0.964,-0.4835697631500837,-0.4835697631500837
20028,2025Q2,2025,VLID3,2025-08-06,2025-11-03,0.03959999999999997,0.9604,-0.08240418080343759,-0.08240418080343759
20060,2011Q3,2011,LUPA3,2011-11-09,2012-02-09,0.008299999999999974,0.9917,-0.20736186913765586,-0.20736186913765586
20060,2012Q1,2012,LUPA3,2012-05-15,2012-08-14,0.03190000000000004,0.9681,-0.09950224000398034,-0.09950224000398034
20060,2012Q3,2012,LUPA3,2012-11-14,2013-02-22,0.047900000000000054,0.9521,-0.18916659537743286,-0.18916659537743286
20060,2013Q1,2013,LUPA3,2013-05-15,2013-08-14,0.12619999999999998,0.8738,-0.33123771510497446,-0.33123771510497446
20060,2013Q2,2013,LUPA3,2013-08-14,2013-11-11,0.010800000000000032,0.9892,1.1674684707286933,0.7496355521156113
20060,2013Q3,2013,LUPA3,2013-11-14,2014-02-20,0.08989999999999998,0.9101,-0.031844762808768134,-0.031844762808768134
20060,2014Q1,2014,LUPA3,2014-05-15,2014-08-15,0.8955,0.1045,-0.053748346651067314,-0.053748346651067314
20060,2019Q1,2019,LUPA3,2019-05-15,2019-08-14,0.042300000000000004,0.9577,0.1034805277382489,0.1034805277382489
20060,2019Q2,2019,LUPA3,2019-08-14,2019-11-11,0.0023999999999999577,0.9976,-0.07773759847290063,-0.07773759847290063
20060,2019Q3,2019,LUPA3,2019-11-14,2020-02-19,0.04290000000000005,0.9571,0.9607526937561421,0.7496355521156113
20060,2020Q1,2020,LUPA3,2020-05-14,2020-08-12,0.042100000000000026,0.9579,-0.03009117851329013,-0.03009117851329013
20060,2020Q2,2020,LUPA3,2020-08-28,2020-11-30,0.0012999999999999678,0.9987,-0.375269779785361,-0.375269779785361
20060,2020Q3,2020,LUPA3,2020-11-12,2021-02-18,0.0014999999999999458,0.9985,-0.15100593961841724,-0.15100593961841724
20060,2021Q1,2021,LUPA3,2021-05-14,2021-08-13,0.4094,0.5906,-0.6693283473634548,-0.4920335995287716
20060,2021Q2,2021,LUPA3,2021-08-13,2021-11-16,0.0050000000000000044,0.995,-0.30818173703076934,-0.30818173703076934
20060,2021Q3,2021,LUPA3,2021-11-17,2022-02-16,0.005299999999999971,0.9947,-0.4613354476925533,-0.4613354476925533
20060,2022Q1,2022,LUPA3,2022-05-27,2022-08-25,0.11939999999999995,0.8806,-0.2095065764428159,-0.2095065764428159
20060,2022Q2,2022,LUPA3,2022-08-15,2022-11-16,0.0040000000000000036,0.996,-0.25709076150611454,-0.25709076150611454
20060,2022Q3,2022,LUPA3,2022-11-10,2023-02-09,0.005600000000000049,0.9944,0.7619243193416922,0.7496355521156113
20060,2023Q1,2023,LUPA3,2023-05-18,2023-08-16,0.7746999999999999,0.2253,-0.2096889840222388,-0.2096889840222388
20060,2023Q2,2023,LUPA3,2023-08-14,2023-11-14,0.7131000000000001,0.2869,-0.14168149712613898,-0.14168149712613898
20060,2024Q1,2024,LUPA3,2024-05-15,2024-08-13,0.26880000000000004,0.7312,0.31449962089566563,0.31449962089566563
20060,2024Q2,2024,LUPA3,2024-08-14,2024-11-11,0.0012999999999999678,0.9987,0.02508907016704609,0.02508907016704609
20060,2024Q3,2024,LUPA3,2024-11-14,2025-02-19,0.2956,0.7044,0.07805581651176241,0.07805581651176241
20060,2025Q1,2025,LUPA3,2025-05-14,2025-08-12,0.049699999999999966,0.9503,-0.20853888470715143,-0.20853888470715143
20060,2025Q2,2025,LUPA3,2025-09-01,2025-11-28,0.17500000000000004,0.825,-0.21949451176692625,-0.21949451176692625
20087,2014Q1,2014,EMBJ3,2014-04-30,2014-08-01,0.023399999999999976,0.9766,0.09342726932006618,0.09342726932006618
20087,2014Q2,2014,EMBJ3,2014-07-31,2014-10-28,0.015199999999999991,0.9848,0.07740044274405378,0.07740044274405378
20087,2014Q3,2014,EMBJ3,2014-11-06,2015-02-10,0.02969999999999995,0.9703,-0.11228754286579479,-0.11228754286579479
20087,2016Q1,2016,EMBJ3,2016-05-31,2016-08-26,0.05569999999999997,0.9443,-0.12838688451380043,-0.12838688451380043
20087,2018Q1,2018,EMBJ3,2018-04-27,2018-07-30,0.059699999999999975,0.9403,-0.20725590256315063,-0.20725590256315063
20087,2018Q2,2018,EMBJ3,2018-07-31,2018-10-30,0.008499999999999952,0.9915,-0.09453403886617984,-0.09453403886617984
20087,2018Q3,2018,EMBJ3,2018-10-30,2019-02-06,0.05149999999999999,0.9485,-0.047606812712047364,-0.047606812712047364
20168,2011Q3,2011,OGXP3,2011-11-10,2012-02-10,0.20840000000000003,0.7916,0.09049968891001603,0.09049968891001603
20168,2012Q1,2012,OGXP3,2012-05-14,2012-08-13,0.5522,0.4478,-0.5400103087261516,-0.4920335995287716
20168,2012Q2,2012,OGXP3,2012-08-14,2012-11-14,0.00539999999999996,0.9946,-0.18640790587986222,-0.18640790587986222
20168,2012Q3,2012,OGXP3,2012-11-08,2013-02-18,0.0041999999999999815,0.9958,-0.16310289808069467,-0.16310289808069467
20168,2013Q1,2013,OGXP3,2013-05-10,2013-08-09,0.018399999999999972,0.9816,-0.37921503249717914,-0.37921503249717914
20168,2013Q2,2013,OGXP3,2013-08-14,2013-11-11,0.015900000000000025,0.9841,-0.5379025520521076,-0.4920335995287716
20168,2013Q3,2013,OGXP3,2013-11-27,2014-02-28,0.011199999999999988,0.9888,1.0200702849337753,0.7496355521156113
20168,2014Q1,2014,OGXP3,2014-05-29,2014-08-29,0.25029999999999997,0.7497,0.5866834474816478,0.5866834474816478
20168,2014Q2,2014,OGXP3,2014-08-15,2014-11-12,0.036599999999999966,0.9634,-0.4434206978658656,-0.4434206978658656
20168,2014Q3,2014,OGXP3,2014-12-23,2015-03-30,0.7596,0.2404,0.12338797340321328,0.12338797340321328
20168,2015Q1,2015,OGXP3,2015-05-14,2015-08-13,0.9264,0.0736,-0.14725721715724516,-0.14725721715724516
20168,2015Q2,2015,OGXP3,2015-08-13,2015-11-13,0.09519999999999995,0.9048,-0.02905017896258799,-0.02905017896258799
20168,2015Q3,2015,OGXP3,2015-11-16,2016-02-23,0.4181,0.5819,-0.12899469781646156,-0.12899469781646156
20168,2016Q1,2016,OGXP3,2016-05-13,2016-08-11,0.7703,0.2297,-0.7735894715870847,-0.4920335995287716
20168,2016Q2,2016,OGXP3,2016-08-16,2016-11-17,0.041200000000000014,0.9588,-0.487723330787286,-0.487723330787286
20168,2016Q3,2016,OGXP3,2016-11-11,2017-02-13,0.04379999999999995,0.9562,-0.6273327810201474,-0.4920335995287716
20257,2012Q2,2012,TAEE11,2012-10-10,2013-01-17,0.03280000000000005,0.9672,-0.19981445638162398,-0.19981445638162398
20257,2012Q3,2012,TAEE11,2012-11-14,2013-02-22,0.01959999999999995,0.9804,-0.12616105890113072,-0.12616105890113072
20257,2013Q1,2013,TAEE11,2013-05-15,2013-08-14,0.10289999999999999,0.8971,0.03921071137704968,0.03921071137704968
20257,2013Q2,2013,TAEE11,2013-08-14,2013-11-11,0.1864,0.8136,-0.11924573144655148,-0.11924573144655148
20257,2013Q3,2013,TAEE11,2013-11-13,2014-02-18,0.9193,0.0807,-0.11074840444211975,-0.11074840444211975
20257,2014Q1,2014,TAEE11,2014-05-14,2014-08-14,0.0,1.0,0.0986232566392733,0.0986232566392733
20257,2014Q2,2014,TAEE11,2014-08-13,2014-11-10,0.7721,0.2279,-0.170320145392175,-0.170320145392175
20257,2014Q3,2014,TAEE11,2014-11-10,2015-02-12,0.0,1.0,0.18136904142479304,0.18136904142479304
20257,2015Q1,2015,TAEE11,2015-05-11,2015-08-10,0.7721,0.2279,0.0037269647742328438,0.0037269647742328438
20257,2015Q2,2015,TAEE11,2015-08-19,2015-11-19,0.0,1.0,-0.00243038390087702,-0.00243038390087702
20257,2015Q3,2015,TAEE11,2015-11-05,2016-02-12,0.0,1.0,-0.13806027391164655,-0.13806027391164655
20257,2016Q1,2016,TAEE11,2016-05-04,2016-08-02,0.9004,0.0996,0.08977637758055468,0.08977637758055468
20257,2016Q2,2016,TAEE11,2016-08-08,2016-11-08,0.03069999999999995,0.9693,-0.12679864261444973,-0.12679864261444973
20257,2016Q3,2016,TAEE11,2016-11-08,2017-02-08,0.16900000000000004,0.831,0.001989360222269587,0.001989360222269587
20257,2017Q1,2017,TAEE11,2017-05-05,2017-08-03,0.8875,0.1125,-0.002891014276628745,-0.002891014276628745
20257,2017Q2,2017,TAEE11,2017-08-09,2017-11-09,0.0,1.0,-0.173038076643803,-0.173038076643803
20257,2017Q3,2017,TAEE11,2017-11-08,2018-02-15,0.0,1.0,0.007311124158072557,0.007311124158072557
20257,2018Q1,2018,TAEE11,2018-05-09,2018-08-08,0.8783,0.1217,0.10028123141337253,0.10028123141337253
20257,2018Q2,2018,TAEE11,2018-08-06,2018-11-06,0.05469999999999997,0.9453,0.11278438812437042,0.11278438812437042
20257,2018Q3,2018,TAEE11,2018-11-06,2019-02-12,0.04169999999999996,0.9583,0.030794119933473585,0.030794119933473585
20257,2019Q1,2019,TAEE11,2019-05-14,2019-08-13,0.2147,0.7853,0.04557722245728746,0.04557722245728746
20257,2019Q2,2019,TAEE11,2019-08-06,2019-11-01,0.03480000000000005,0.9652,-0.027272904190215108,-0.027272904190215108
20257,2019Q3,2019,TAEE11,2019-11-13,2020-02-18,0.008000000000000007,0.992,0.012176256735762614,0.012176256735762614
20257,2020Q1,2020,TAEE11,2020-05-14,2020-08-12,0.2509,0.7491,-0.07687363796403768,-0.07687363796403768
20257,2020Q2,2020,TAEE11,2020-08-12,2020-11-12,0.0037000000000000366,0.9963,0.09922546151015332,0.09922546151015332
20257,2020Q3,2020,TAEE11,2020-11-11,2021-02-17,0.18030000000000002,0.8197,0.009765841376411677,0.009765841376411677
20257,2021Q1,2021,TAEE11,2021-05-05,2021-08-04,0.005800000000000027,0.9942,-0.1662427433754522,-0.1662427433754522
20257,2021Q2,2021,TAEE11,2021-08-11,2021-11-11,0.011099999999999999,0.9889,-0.09900322923658622,-0.09900322923658622
20257,2022Q1,2022,TAEE11,2022-05-12,2022-08-10,0.3527,0.6473,-0.0020203415810809977,-0.0020203415810809977
20257,2024Q2,2024,TAEE11,2024-08-13,2024-11-08,0.006399999999999961,0.9936,0.0028096950382998642,0.0028096950382998642
20257,2024Q3,2024,TAEE11,2024-11-06,2025-02-11,0.4737,0.5263,-0.012010222849384244,-0.012010222849384244
20257,2025Q1,2025,TAEE11,2025-05-07,2025-08-05,0.4786,0.5214,-0.06804937352275975,-0.06804937352275975
20257,2025Q2,2025,TAEE11,2025-08-13,2025-11-10,0.031000000000000028,0.969,0.21225157233588532,0.21225157233588532
20257,2025Q3,2025,TAEE11,2025-11-11,2026-02-13,0.010199999999999987,0.9898,-0.004719013478730272,-0.004719013478730272
20338,2011Q2,2011,MDIA3,2011-07-25,2011-10-24,0.08340000000000003,0.9166,0.04221830562615714,0.04221830562615714
20338,2011Q3,2011,MDIA3,2011-10-31,2012-02-01,0.005299999999999971,0.9947,0.04793996268384282,0.04793996268384282
20338,2012Q1,2012,MDIA3,2012-04-23,2012-07-24,0.0605,0.9395,0.08969115671960282,0.08969115671960282
20338,2012Q2,2012,MDIA3,2012-07-27,2012-10-26,0.8793,0.1207,0.10824496929659144,0.10824496929659144
20338,2012Q3,2012,MDIA3,2012-10-26,2013-02-04,0.009299999999999975,0.9907,0.009211802483689802,0.009211802483689802
20338,2013Q1,2013,MDIA3,2013-05-07,2013-08-06,0.5442,0.4558,-0.04871245165401217,-0.04871245165401217
20338,2013Q2,2013,MDIA3,2013-07-30,2013-10-25,0.0007000000000000339,0.9993,-0.03436894282442926,-0.03436894282442926
20338,2013Q3,2013,MDIA3,2013-10-28,2014-01-31,0.0008000000000000229,0.9992,-0.2029343413972643,-0.2029343413972643
20338,2014Q1,2014,MDIA3,2014-05-05,2014-08-05,0.832,0.168,-0.11830935490718386,-0.11830935490718386
20338,2014Q2,2014,MDIA3,2014-07-28,2014-10-23,0.016800000000000037,0.9832,0.02000071632233258,0.02000071632233258
20338,2014Q3,2014,MDIA3,2014-10-27,2015-01-29,0.02180000000000004,0.9782,-0.07954909659439513,-0.07954909659439513
20338,2015Q1,2015,MDIA3,2015-04-27,2015-07-28,0.20520000000000005,0.7948,-0.04462924630617948,-0.04462924630617948
20338,2015Q2,2015,MDIA3,2015-07-27,2015-10-26,0.020100000000000007,0.9799,-0.06324952417156982,-0.06324952417156982
20338,2015Q3,2015,MDIA3,2015-10-26,2016-02-01,0.010800000000000032,0.9892,-0.04684728663047322,-0.04684728663047322
20338,2016Q1,2016,MDIA3,2016-05-02,2016-07-29,0.0131,0.9869,0.3679967501937449,0.3679967501937449
20338,2016Q2,2016,MDIA3,2016-08-04,2016-11-04,0.011299999999999977,0.9887,-0.0829429213094478,-0.0829429213094478
20338,2016Q3,2016,MDIA3,2016-10-31,2017-02-01,0.5891,0.4109,-0.12954110635843252,-0.12954110635843252
20338,2017Q1,2017,MDIA3,2017-05-05,2017-08-03,0.5922000000000001,0.4078,-0.1279447681348962,-0.1279447681348962
20338,2017Q2,2017,MDIA3,2017-08-07,2017-11-07,0.010000000000000009,0.99,-0.18136961971177368,-0.18136961971177368
20338,2017Q3,2017,MDIA3,2017-10-30,2018-02-05,0.008600000000000052,0.9914,0.21423687634030064,0.21423687634030064
20338,2018Q1,2018,MDIA3,2018-05-14,2018-08-13,0.08530000000000004,0.9147,-0.03187218113293078,-0.03187218113293078
20338,2018Q2,2018,MDIA3,2018-08-13,2018-11-13,0.07989999999999997,0.9201,0.14348694529755068,0.14348694529755068
20338,2018Q3,2018,MDIA3,2018-11-14,2019-02-20,0.05510000000000004,0.9449,-0.05968942114810394,-0.05968942114810394
20338,2019Q1,2019,MDIA3,2019-05-10,2019-08-09,0.08240000000000003,0.9176,0.013754322413740416,0.013754322413740416
20338,2019Q2,2019,MDIA3,2019-08-09,2019-11-06,0.017199999999999993,0.9828,-0.1395231157368565,-0.1395231157368565
20338,2019Q3,2019,MDIA3,2019-11-08,2020-02-13,0.0042999999999999705,0.9957,0.20412796968393443,0.20412796968393443
20338,2020Q1,2020,MDIA3,2020-05-08,2020-08-06,0.10109999999999997,0.8989,0.13365688167411593,0.13365688167411593
20338,2020Q2,2020,MDIA3,2020-08-07,2020-11-09,0.09089999999999998,0.9091,-0.14129369505546674,-0.14129369505546674
20338,2020Q3,2020,MDIA3,2020-11-06,2021-02-10,0.01639999999999997,0.9836,-0.22275778997264561,-0.22275778997264561
20338,2021Q1,2021,MDIA3,2021-05-07,2021-08-06,0.14090000000000003,0.8591,0.3839042512324391,0.3839042512324391
20338,2021Q2,2021,MDIA3,2021-08-06,2021-11-08,0.030200000000000005,0.9698,0.2834638901139406,0.2834638901139406
20338,2021Q3,2021,MDIA3,2021-11-05,2022-02-07,0.03990000000000005,0.9601,-0.20989276099417642,-0.20989276099417642
20338,2022Q1,2022,MDIA3,2022-05-13,2022-08-11,0.12429999999999997,0.8757,0.20484682271509858,0.20484682271509858
20338,2022Q2,2022,MDIA3,2022-08-12,2022-11-14,0.26880000000000004,0.7312,0.23763389503035737,0.23763389503035737
20338,2022Q3,2022,MDIA3,2022-11-11,2023-02-10,0.08399999999999996,0.916,-0.19063708523142608,-0.19063708523142608
20338,2023Q1,2023,MDIA3,2023-05-12,2023-08-10,0.2892,0.7108,0.10214266352165091,0.10214266352165091
20338,2023Q3,2023,MDIA3,2023-11-10,2024-02-15,0.04259999999999997,0.9574,0.1402370848611083,0.1402370848611083
20338,2024Q1,2024,MDIA3,2024-05-10,2024-08-08,0.5844,0.4156,-0.17136601082864,-0.17136601082864
20338,2024Q3,2024,MDIA3,2024-11-08,2025-02-13,0.015599999999999947,0.9844,-0.027033132589018183,-0.027033132589018183
20338,2025Q1,2025,MDIA3,2025-05-02,2025-07-31,0.6331,0.3669,0.14507068051889593,0.14507068051889593
20338,2025Q2,2025,MDIA3,2025-08-08,2025-11-05,0.9509,0.0491,0.17962607038791245,0.17962607038791245
20354,2011Q2,2011,TESA3,2011-08-12,2011-11-14,0.12890000000000001,0.8711,-0.05093464315919538,-0.05093464315919538
20354,2012Q3,2012,TESA3,2012-11-13,2013-02-21,0.7017,0.2983,0.3000665746433768,0.3000665746433768
20362,2014Q2,2014,POSI3,2014-08-06,2014-11-03,0.9132,0.0868,0.4631728365998531,0.4631728365998531
20362,2014Q3,2014,POSI3,2014-11-10,2015-02-12,0.06630000000000003,0.9337,0.2873081888090925,0.2873081888090925
20435,2012Q1,2012,TCSA3,2012-05-14,2012-08-13,0.8756,0.1244,0.04730412536903228,0.04730412536903228
20435,2012Q2,2012,TCSA3,2012-08-16,2012-11-19,0.8745,0.1255,-0.13400378145199165,-0.13400378145199165
20435,2012Q3,2012,TCSA3,2012-11-13,2013-02-21,0.0042999999999999705,0.9957,0.03472087548490399,0.03472087548490399
20435,2013Q1,2013,TCSA3,2013-05-24,2013-08-23,0.13670000000000004,0.8633,-0.09040977340706269,-0.09040977340706269
20435,2013Q2,2013,TCSA3,2013-07-30,2013-10-25,0.010299999999999976,0.9897,-0.11303365219503092,-0.11303365219503092
20435,2013Q3,2013,TCSA3,2013-10-31,2014-02-05,0.028699999999999948,0.9713,-0.14261180206626856,-0.14261180206626856
20435,2014Q1,2014,TCSA3,2014-04-29,2014-07-31,0.17069999999999996,0.8293,-0.06866843891265029,-0.06866843891265029
20435,2014Q2,2014,TCSA3,2014-08-05,2014-10-31,0.006399999999999961,0.9936,-0.05080290964869516,-0.05080290964869516
20435,2014Q3,2014,TCSA3,2014-10-29,2015-02-02,0.05930000000000002,0.9407,-0.08608945274105906,-0.08608945274105906
20435,2015Q1,2015,TCSA3,2015-04-29,2015-07-30,0.028100000000000014,0.9719,0.05070190847601652,0.05070190847601652
20435,2015Q2,2015,TCSA3,2015-10-07,2016-01-13,0.05369999999999997,0.9463,0.10727273706847185,0.10727273706847185
20435,2015Q3,2015,TCSA3,2015-11-12,2016-02-19,0.011800000000000033,0.9882,-0.10306613307919155,-0.10306613307919155
20435,2016Q1,2016,TCSA3,2016-05-13,2016-08-11,0.0958,0.9042,-0.1817661449446224,-0.1817661449446224
20435,2016Q3,2016,TCSA3,2016-11-10,2017-02-10,0.012900000000000023,0.9871,0.3509314175924654,0.3509314175924654
20435,2017Q1,2017,TCSA3,2017-05-10,2017-08-08,0.06820000000000004,0.9318,-0.11564324387298108,-0.11564324387298108
20435,2017Q2,2017,TCSA3,2018-01-29,2018-05-02,0.03920000000000001,0.9608,-0.08372775881616179,-0.08372775881616179
20435,2017Q3,2017,TCSA3,2018-01-29,2018-05-02,0.06359999999999999,0.9364,-0.08372775881616179,-0.08372775881616179
20435,2018Q3,2018,TCSA3,2018-11-08,2019-02-14,0.07489999999999997,0.9251,-0.05694698250188934,-0.05694698250188934
20435,2019Q1,2019,TCSA3,2019-05-09,2019-08-08,0.07450000000000001,0.9255,0.06620360472370002,0.06620360472370002
20435,2019Q2,2019,TCSA3,2019-08-08,2019-11-05,0.03200000000000003,0.968,0.04959052596929436,0.04959052596929436
20435,2019Q3,2019,TCSA3,2019-11-08,2020-02-13,0.01849999999999996,0.9815,0.16581825788383853,0.16581825788383853
20435,2025Q2,2025,TCSA3,2025-08-14,2025-11-11,0.051000000000000045,0.949,-0.19728306530057826,-0.19728306530057826
20478,2011Q2,2011,PDGR3,2011-08-24,2011-11-25,0.0014999999999999458,0.9985,-0.06986583731088447,-0.06986583731088447
20478,2011Q3,2011,PDGR3,2011-12-16,2012-03-20,0.0026000000000000467,0.9974,-0.05112965624251009,-0.05112965624251009
20478,2012Q1,2012,PDGR3,2012-05-14,2012-08-13,0.6183000000000001,0.3817,-0.14606639565616308,-0.14606639565616308
20478,2012Q2,2012,PDGR3,2012-08-13,2012-11-13,0.8533,0.1467,0.038477299743153726,0.038477299743153726
20478,2013Q1,2013,PDGR3,2013-05-09,2013-08-08,0.8434,0.1566,0.10059429462898706,0.10059429462898706
20478,2013Q2,2013,PDGR3,2013-08-09,2013-11-06,0.9517,0.0483,0.2253288123918311,0.2253288123918311
20478,2013Q3,2013,PDGR3,2013-11-06,2014-02-11,0.1734,0.8266,-0.1163223906775478,-0.1163223906775478
20478,2014Q1,2014,PDGR3,2014-05-09,2014-08-11,0.6039,0.3961,-0.015161881006858668,-0.015161881006858668
20478,2014Q2,2014,PDGR3,2014-07-31,2014-10-28,0.47950000000000004,0.5205,0.2075934174502303,0.2075934174502303
20478,2014Q3,2014,PDGR3,2014-10-30,2015-02-03,0.4649,0.5351,-0.22075663898218534,-0.22075663898218534
20478,2015Q1,2015,PDGR3,2015-05-06,2015-08-05,0.08109999999999995,0.9189,-0.32229952432174025,-0.32229952432174025
20478,2015Q2,2015,PDGR3,2015-07-31,2015-10-30,0.010299999999999976,0.9897,-0.7900467700397289,-0.4920335995287716
20478,2015Q3,2015,PDGR3,2015-11-04,2016-02-11,0.010000000000000009,0.99,3.2249708200226266,0.7496355521156113
20478,2016Q1,2016,PDGR3,2016-05-11,2016-08-09,0.4786,0.5214,-0.30437928125427627,-0.30437928125427627
20478,2016Q2,2016,PDGR3,2016-08-10,2016-11-10,0.04910000000000003,0.9509,-0.11163642907581184,-0.11163642907581184
20478,2016Q3,2016,PDGR3,2016-11-16,2017-02-15,0.07630000000000003,0.9237,-0.04487809863708847,-0.04487809863708847
20478,2017Q1,2017,PDGR3,2017-05-15,2017-08-11,0.22519999999999996,0.7748,0.07543141539006903,0.07543141539006903
20478,2017Q2,2017,PDGR3,2017-08-15,2017-11-16,0.12350000000000005,0.8765,0.14942683586003436,0.14942683586003436
20478,2017Q3,2017,PDGR3,2017-11-03,2018-02-08,0.027800000000000047,0.9722,-0.32424737991763297,-0.32424737991763297
20478,2018Q1,2018,PDGR3,2018-05-17,2018-08-16,0.15659999999999996,0.8434,-0.4218341416455048,-0.4218341416455048
20478,2018Q2,2018,PDGR3,2018-08-14,2018-11-14,0.01980000000000004,0.9802,0.8898470045082494,0.7496355521156113
20478,2018Q3,2018,PDGR3,2018-11-14,2019-02-20,0.026599999999999957,0.9734,-0.3681688085446907,-0.3681688085446907
20494,2014Q1,2014,IGTA3,2014-05-06,2014-08-06,0.055400000000000005,0.9446,0.04850232237794061,0.04850232237794061
20494,2014Q2,2014,IGTA3,2014-08-12,2014-11-07,0.1583,0.8417,0.02361284093695093,0.02361284093695093
20494,2014Q3,2014,IGTA3,2014-11-03,2015-02-05,0.026699999999999946,0.9733,0.21914341318579744,0.21914341318579744
20494,2015Q1,2015,IGTA3,2015-05-11,2015-08-10,0.08440000000000003,0.9156,-0.14623977284517908,-0.14623977284517908
20494,2015Q2,2015,IGTA3,2015-08-10,2015-11-10,0.04169999999999996,0.9583,0.006343140314548634,0.006343140314548634
20494,2015Q3,2015,IGTA3,2015-11-10,2016-02-17,0.059699999999999975,0.9403,-0.0026028427107885888,-0.0026028427107885888
20494,2016Q1,2016,IGTA3,2016-05-10,2016-08-08,0.06910000000000005,0.9309,0.01940749855659174,0.01940749855659174
20494,2016Q2,2016,IGTA3,2016-08-09,2016-11-09,0.042200000000000015,0.9578,-0.13971843274380003,-0.13971843274380003
20494,2016Q3,2016,IGTA3,2016-11-08,2017-02-08,0.02729999999999999,0.9727,0.029641249900079325,0.029641249900079325
20516,2014Q3,2014,SMTO3,2014-11-10,2015-02-12,0.07320000000000004,0.9268,0.022861874353308664,0.022861874353308664
20516,2021Q3,2021,SMTO3,2021-11-08,2022-02-08,0.6082000000000001,0.3918,-0.24243990665224602,-0.24243990665224602
20516,2022Q2,2022,SMTO3,2022-08-08,2022-11-08,0.05669999999999997,0.9433,-0.29336088961523354,-0.29336088961523354
20516,2023Q2,2023,SMTO3,2023-08-14,2023-11-14,0.01639999999999997,0.9836,-0.08169145014763335,-0.08169145014763335
20516,2023Q3,2023,SMTO3,2023-11-09,2024-02-14,0.028200000000000003,0.9718,-0.3825748485973012,-0.3825748485973012
20516,2024Q2,2024,SMTO3,2024-08-12,2024-11-07,0.5109,0.4891,-0.08823016258828553,-0.08823016258828553
20516,2024Q3,2024,SMTO3,2024-11-11,2025-02-14,0.006299999999999972,0.9937,-0.017511040225204444,-0.017511040225204444
20516,2025Q2,2025,SMTO3,2025-08-11,2025-11-06,0.17310000000000003,0.8269,-0.16679734101724764,-0.16679734101724764
20524,2011Q2,2011,EVEN3,2011-08-10,2011-11-10,0.026100000000000012,0.9739,-0.15967812603196374,-0.15967812603196374
20524,2011Q3,2011,EVEN3,2011-11-09,2012-02-09,0.04259999999999997,0.9574,0.060022484457131764,0.060022484457131764
20524,2012Q1,2012,EVEN3,2012-05-07,2012-08-06,0.07930000000000004,0.9207,-0.017500297157777678,-0.017500297157777678
20524,2012Q2,2012,EVEN3,2012-08-07,2012-11-07,0.028800000000000048,0.9712,0.04851051456148947,0.04851051456148947
20524,2012Q3,2012,EVEN3,2012-12-11,2013-03-19,0.0046000000000000485,0.9954,0.008380744568249776,0.008380744568249776
20524,2013Q1,2013,EVEN3,2013-05-08,2013-08-07,0.08730000000000004,0.9127,0.010852623483246893,0.010852623483246893
20524,2013Q2,2013,EVEN3,2013-08-12,2013-11-07,0.010199999999999987,0.9898,-0.09025672292370446,-0.09025672292370446
20524,2013Q3,2013,EVEN3,2013-11-06,2014-02-11,0.025499999999999967,0.9745,0.012462956378028522,0.012462956378028522
20524,2014Q1,2014,EVEN3,2014-05-07,2014-08-07,0.12670000000000003,0.8733,-0.16368319977793588,-0.16368319977793588
20524,2014Q2,2014,EVEN3,2014-08-12,2014-11-07,0.012900000000000023,0.9871,0.07783677594169269,0.07783677594169269
20524,2014Q3,2014,EVEN3,2014-11-13,2015-02-19,0.006299999999999972,0.9937,0.048251742605107006,0.048251742605107006
20524,2015Q1,2015,EVEN3,2015-05-07,2015-08-06,0.8871,0.1129,-0.1882319584352109,-0.1882319584352109
20524,2015Q2,2015,EVEN3,2015-08-07,2015-11-09,0.10560000000000003,0.8944,0.6295272552868452,0.6295272552868452
20524,2015Q3,2015,EVEN3,2015-12-07,2016-03-14,0.08479999999999999,0.9152,-0.039886243529764775,-0.039886243529764775
20524,2016Q1,2016,EVEN3,2016-05-12,2016-08-10,0.10980000000000001,0.8902,-0.10908199410044839,-0.10908199410044839
20524,2016Q2,2016,EVEN3,2016-08-11,2016-11-11,0.02300000000000002,0.977,-0.17121141980712984,-0.17121141980712984
20524,2020Q2,2020,EVEN3,2020-07-30,2020-10-29,0.11650000000000005,0.8835,-0.2606457909705798,-0.2606457909705798
20524,2024Q2,2024,EVEN3,2024-08-14,2024-11-11,0.08809999999999996,0.9119,-0.06683016305080058,-0.06683016305080058
20524,2024Q3,2024,EVEN3,2024-11-11,2025-02-14,0.03290000000000004,0.9671,0.09874396047987877,0.09874396047987877
20524,2025Q1,2025,EVEN3,2025-05-30,2025-08-28,0.11009999999999998,0.8899,-0.03412688694846888,-0.03412688694846888
20575,2015Q2,2015,JBSS3,2015-08-13,2015-11-13,0.022800000000000042,0.9772,-0.19926856349076183,-0.19926856349076183
20575,2015Q3,2015,JBSS3,2015-11-11,2016-02-18,0.4679,0.5321,-0.1885547058886775,-0.1885547058886775
20575,2016Q1,2016,JBSS3,2016-08-05,2016-11-07,0.060799999999999965,0.9392,-0.16021481317538766,-0.16021481317538766
20575,2023Q3,2023,JBSS3,2023-11-13,2024-02-16,0.0043999999999999595,0.9956,0.007951675511758793,0.007951675511758793
20575,2024Q1,2024,JBSS3,2024-05-14,2024-08-12,0.0363,0.9637,0.27137939340119943,0.27137939340119943
20575,2024Q2,2024,JBSS3,2024-08-13,2024-11-08,0.0010999999999999899,0.9989,-0.05459463427236311,-0.05459463427236311
20575,2024Q3,2024,JBSS3,2024-11-13,2025-02-18,0.0014999999999999458,0.9985,-0.18683141246460633,-0.18683141246460633
20605,2011Q2,2011,JHSF3,2011-08-15,2011-11-16,0.012399999999999967,0.9876,-0.19797400878503102,-0.19797400878503102
20605,2011Q3,2011,JHSF3,2011-11-10,2012-02-10,0.00880000000000003,0.9912,0.20891233047439894,0.20891233047439894
20605,2012Q1,2012,JHSF3,2012-05-15,2012-08-14,0.08140000000000003,0.9186,0.12553589786273456,0.12553589786273456
20605,2012Q2,2012,JHSF3,2012-08-14,2012-11-14,0.009299999999999975,0.9907,-0.04939382083420463,-0.04939382083420463
20605,2012Q3,2012,JHSF3,2012-11-12,2013-02-20,0.022800000000000042,0.9772,-0.19795973307853165,-0.19795973307853165
20605,2013Q1,2013,JHSF3,2013-05-14,2013-08-13,0.018000000000000016,0.982,-0.09486107667257626,-0.09486107667257626
20605,2013Q2,2013,JHSF3,2013-08-14,2013-11-11,0.005600000000000049,0.9944,-0.239356679862066,-0.239356679862066
20605,2013Q3,2013,JHSF3,2013-11-14,2014-02-19,0.00649999999999995,0.9935,0.07334892912626922,0.07334892912626922
20605,2014Q1,2014,JHSF3,2014-05-13,2014-08-13,0.22009999999999996,0.7799,0.24314462696381844,0.24314462696381844
20605,2014Q2,2014,JHSF3,2014-08-13,2014-11-10,0.0023999999999999577,0.9976,0.0029961261011011153,0.0029961261011011153
20605,2014Q3,2014,JHSF3,2014-11-13,2015-02-19,0.009600000000000053,0.9904,0.060732185104420244,0.060732185104420244
20605,2022Q1,2022,JHSF3,2022-05-12,2022-08-10,0.497,0.503,-0.22465456056504562,-0.22465456056504562
20605,2022Q2,2022,JHSF3,2022-08-12,2022-11-14,0.14800000000000002,0.852,-0.03806461071822509,-0.03806461071822509
20605,2025Q2,2025,JHSF3,2025-08-15,2025-11-12,0.06399999999999995,0.936,0.1931071453518567,0.1931071453518567
20605,2025Q3,2025,JHSF3,2025-11-13,2026-02-19,0.0024999999999999467,0.9975,0.20298723564939092,0.20298723564939092
20621,2012Q2,2012,FHER3,2012-08-28,2012-11-30,0.43720000000000003,0.5628,-0.49708039003162807,-0.4920335995287716
20621,2012Q3,2012,FHER3,2012-11-09,2013-02-19,0.4114,0.5886,0.07419912230646508,0.07419912230646508
20621,2013Q1,2013,FHER3,2013-05-09,2013-08-08,0.43820000000000003,0.5618,-0.23657795301234474,-0.23657795301234474
20621,2013Q2,2013,FHER3,2013-08-08,2013-11-05,0.38859999999999995,0.6114,0.05792063197915187,0.05792063197915187
20621,2013Q3,2013,FHER3,2013-11-07,2014-02-12,0.040100000000000025,0.9599,-0.02021886214808577,-0.02021886214808577
20621,2014Q1,2014,FHER3,2014-05-08,2014-08-08,0.09750000000000003,0.9025,0.799353157835603,0.7496355521156113
20621,2014Q2,2014,FHER3,2014-08-07,2014-11-04,0.05300000000000005,0.947,-0.13358502967742414,-0.13358502967742414
20621,2015Q1,2015,FHER3,2015-05-14,2015-08-13,0.16769999999999996,0.8323,-0.35175818396126846,-0.35175818396126846
20621,2015Q2,2015,FHER3,2015-08-13,2015-11-13,0.02090000000000003,0.9791,0.10370165292855815,0.10370165292855815
20621,2015Q3,2015,FHER3,2015-11-12,2016-02-19,0.020000000000000018,0.98,-0.03816539640390648,-0.03816539640390648
20621,2016Q1,2016,FHER3,2016-05-12,2016-08-10,0.06940000000000002,0.9306,0.6070806898673391,0.6070806898673391
20621,2016Q2,2016,FHER3,2016-08-05,2016-11-07,0.017900000000000027,0.9821,-0.26352677242481726,-0.26352677242481726
20621,2016Q3,2016,FHER3,2016-11-04,2017-02-06,0.01870000000000005,0.9813,-0.0864836515807903,-0.0864836515807903
20621,2017Q1,2017,FHER3,2017-05-05,2017-08-03,0.24309999999999998,0.7569,-0.3431887991151581,-0.3431887991151581
20621,2017Q2,2017,FHER3,2017-08-10,2017-11-10,0.042200000000000015,0.9578,-0.2602584900316005,-0.2602584900316005
20621,2017Q3,2017,FHER3,2017-11-09,2018-02-16,0.04179999999999995,0.9582,-0.19273460544856202,-0.19273460544856202
20621,2018Q1,2018,FHER3,2018-05-15,2018-08-14,0.0595,0.9405,0.7734794222224513,0.7496355521156113
20621,2018Q3,2018,FHER3,2018-11-14,2019-02-20,0.05830000000000002,0.9417,-0.6783282076404447,-0.4920335995287716
20621,2019Q1,2019,FHER3,2019-05-14,2019-08-13,0.17900000000000005,0.821,0.17257628206252495,0.17257628206252495
20621,2019Q2,2019,FHER3,2019-09-18,2019-12-18,0.15049999999999997,0.8495,1.033012776572289,0.7496355521156113
20621,2019Q3,2019,FHER3,2019-11-12,2020-02-17,0.03049999999999997,0.9695,0.5847047918647377,0.5847047918647377
20621,2020Q1,2020,FHER3,2020-06-15,2020-09-11,0.3637,0.6363,-0.32710374699974043,-0.32710374699974043
20621,2020Q2,2020,FHER3,2020-08-28,2020-11-30,0.15080000000000005,0.8492,-0.25155335844920057,-0.25155335844920057
20621,2020Q3,2020,FHER3,2020-11-13,2021-02-19,0.10319999999999996,0.8968,0.3360765179261096,0.3360765179261096
20621,2021Q1,2021,FHER3,2021-05-14,2021-08-13,0.4302,0.5698,-0.5129246699873359,-0.4920335995287716
20702,2011Q2,2011,VIVR3,2011-08-15,2011-11-16,0.033499999999999974,0.9665,0.1591564210433023,0.1591564210433023
20702,2011Q3,2011,VIVR3,2011-11-14,2012-02-14,0.04459999999999997,0.9554,0.0958133300747317,0.0958133300747317
20702,2012Q1,2012,VIVR3,2012-05-15,2012-08-14,0.2561,0.7439,-0.33994642637136374,-0.33994642637136374
20702,2012Q2,2012,VIVR3,2012-08-14,2012-11-14,0.08579999999999999,0.9142,-0.16403766085632843,-0.16403766085632843
20702,2012Q3,2012,VIVR3,2012-11-14,2013-02-22,0.07820000000000005,0.9218,0.039212038069030175,0.039212038069030175
20702,2013Q1,2013,VIVR3,2013-05-22,2013-08-21,0.11080000000000001,0.8892,-0.6185018862834537,-0.4920335995287716
20702,2013Q2,2013,VIVR3,2013-08-14,2013-11-11,0.013800000000000034,0.9862,1.4533604556223922,0.7496355521156113
20702,2013Q3,2013,VIVR3,2013-11-14,2014-02-19,0.06620000000000004,0.9338,-0.3046268413470655,-0.3046268413470655
20702,2014Q1,2014,VIVR3,2014-05-15,2014-08-15,0.16400000000000003,0.836,0.2551879529474208,0.2551879529474208
20702,2014Q2,2014,VIVR3,2014-08-14,2014-11-11,0.05720000000000003,0.9428,-0.45538130872639837,-0.45538130872639837
20702,2014Q3,2014,VIVR3,2014-11-14,2015-02-20,0.021299999999999986,0.9787,-0.35123624714711865,-0.35123624714711865
20702,2015Q1,2015,VIVR3,2015-05-15,2015-08-14,0.03410000000000002,0.9659,-0.3099036775084615,-0.3099036775084615
20702,2015Q2,2015,VIVR3,2015-08-14,2015-11-16,0.0048000000000000265,0.9952,-0.19668101555604078,-0.19668101555604078
20702,2015Q3,2015,VIVR3,2015-11-13,2016-02-22,0.01880000000000004,0.9812,-0.09581984847477365,-0.09581984847477365
20702,2016Q1,2016,VIVR3,2016-05-13,2016-08-11,0.030000000000000027,0.97,-0.36149191531159197,-0.36149191531159197
20702,2016Q2,2016,VIVR3,2016-08-12,2016-11-16,0.014700000000000046,0.9853,-0.7627847754772467,-0.4920335995287716
20702,2016Q3,2016,VIVR3,2016-11-14,2017-02-14,0.07379999999999998,0.9262,-0.3742124199554562,-0.3742124199554562
20702,2018Q2,2018,VIVR3,2018-08-14,2018-11-14,0.4577,0.5423,1.9379357164345286,0.7496355521156113
20702,2023Q1,2023,VIVR3,2024-07-01,2024-09-26,0.9536,0.0464,-0.3427742620620746,-0.3427742620620746
20702,2023Q2,2023,VIVR3,2024-03-28,2024-06-28,0.5575,0.4425,-0.14880485342001004,-0.14880485342001004
20702,2023Q3,2023,VIVR3,2024-03-28,2024-06-28,0.0016000000000000458,0.9984,-0.14880485342001004,-0.14880485342001004
20702,2024Q1,2024,VIVR3,2024-05-14,2024-08-12,0.3711,0.6289,-0.17184841826835173,-0.17184841826835173
20702,2024Q2,2024,VIVR3,2024-08-13,2024-11-08,0.05610000000000004,0.9439,-0.40162235351637365,-0.40162235351637365
20702,2024Q3,2024,VIVR3,2024-11-14,2025-02-19,0.0030999999999999917,0.9969,-0.07333644189315935,-0.07333644189315935
20702,2025Q1,2025,VIVR3,2025-09-17,2025-12-16,0.1048,0.8952,-0.19602147638788314,-0.19602147638788314
20745,2019Q2,2019,SLCE3,2019-11-21,2020-02-26,0.08809999999999996,0.9119,0.3187793576836959,0.3187793576836959
20745,2021Q2,2021,SLCE3,2021-08-12,2021-11-12,0.20750000000000002,0.7925,0.07480340101344685,0.07480340101344685
20745,2021Q3,2021,SLCE3,2021-11-10,2022-02-10,0.00019999999999997797,0.9998,-0.0615499073204675,-0.0615499073204675
20745,2022Q1,2022,SLCE3,2022-05-13,2022-08-11,0.05940000000000001,0.9406,-0.17082525803253468,-0.17082525803253468
20745,2022Q2,2022,SLCE3,2022-08-10,2022-11-10,0.006199999999999983,0.9938,-0.07437834315164804,-0.07437834315164804
20745,2023Q1,2023,SLCE3,2023-05-15,2023-08-11,0.34119999999999995,0.6588,0.2788262741854093,0.2788262741854093
20745,2023Q2,2023,SLCE3,2023-08-10,2023-11-10,0.0,1.0,-0.16781389093393106,-0.16781389093393106
20745,2023Q3,2023,SLCE3,2023-11-08,2024-02-09,0.007800000000000029,0.9922,-0.013856266584166721,-0.013856266584166721
20745,2025Q2,2025,SLCE3,2025-08-14,2025-11-11,0.014900000000000024,0.9851,-0.04743955441378567,-0.04743955441378567
20745,2025Q3,2025,SLCE3,2025-11-24,2026-02-27,0.3518,0.6482,0.11318021873615902,0.11318021873615902
20770,2011Q2,2011,EZTC3,2011-08-08,2011-11-08,0.024499999999999966,0.9755,-0.11465531587394318,-0.11465531587394318
20770,2011Q3,2011,EZTC3,2011-11-08,2012-02-08,0.0029000000000000137,0.9971,0.006985809184457681,0.006985809184457681
20770,2012Q1,2012,EZTC3,2012-05-15,2012-08-14,0.07040000000000002,0.9296,0.029235215350981836,0.029235215350981836
20770,2012Q2,2012,EZTC3,2012-08-13,2012-11-13,0.019100000000000006,0.9809,-0.0007249707939238625,-0.0007249707939238625
20770,2012Q3,2012,EZTC3,2012-11-09,2013-02-19,0.01880000000000004,0.9812,-0.16859419096134387,-0.16859419096134387
20770,2021Q2,2021,EZTC3,2021-08-12,2021-11-12,0.01419999999999999,0.9858,0.08152327805509452,0.08152327805509452
20770,2021Q3,2021,EZTC3,2021-11-11,2022-02-11,0.02400000000000002,0.976,0.11436506957957304,0.11436506957957304
20770,2022Q1,2022,EZTC3,2022-05-12,2022-08-10,0.15690000000000004,0.8431,0.035325784139430993,0.035325784139430993
20770,2022Q2,2022,EZTC3,2022-08-11,2022-11-11,0.3396,0.6604,-0.014021432501782671,-0.014021432501782671
20770,2022Q3,2022,EZTC3,2022-11-10,2023-02-09,0.012499999999999956,0.9875,-0.22065706865038404,-0.22065706865038404
20770,2023Q1,2023,EZTC3,2023-05-11,2023-08-09,0.10599999999999998,0.894,0.06654050865910222,0.06654050865910222
20770,2023Q2,2023,EZTC3,2023-08-10,2023-11-10,0.0042999999999999705,0.9957,-0.22735551303235157,-0.22735551303235157
20770,2023Q3,2023,EZTC3,2023-11-09,2024-02-14,0.015900000000000025,0.9841,-0.052622084204020925,-0.052622084204020925
20770,2024Q1,2024,EZTC3,2024-05-02,2024-07-31,0.021100000000000008,0.9789,0.06127587935699541,0.06127587935699541
20770,2024Q2,2024,EZTC3,2024-08-01,2024-10-29,0.08579999999999999,0.9142,0.12933389525776606,0.12933389525776606
20770,2024Q3,2024,EZTC3,2024-10-31,2025-02-05,0.0017000000000000348,0.9983,-0.029889180616111122,-0.029889180616111122
20770,2025Q1,2025,EZTC3,2025-05-15,2025-08-13,0.16779999999999995,0.8322,0.06370003843596805,0.06370003843596805
20770,2025Q2,2025,EZTC3,2025-08-07,2025-11-04,0.0039000000000000146,0.9961,0.23717813695933887,0.23717813695933887
20770,2025Q3,2025,EZTC3,2025-11-13,2026-02-19,0.0009000000000000119,0.9991,-0.07585522424216384,-0.07585522424216384
20788,2011Q3,2011,MBRF3,2011-11-11,2012-02-13,0.00029999999999996696,0.9997,0.387575841183019,0.387575841183019
20788,2012Q1,2012,MBRF3,2012-11-27,2013-03-05,0.022599999999999953,0.9774,-0.3578688313909789,-0.3578688313909789
20788,2012Q2,2012,MBRF3,2012-11-27,2013-03-05,0.02969999999999995,0.9703,-0.3578688313909789,-0.3578688313909789
20788,2012Q3,2012,MBRF3,2012-11-27,2013-03-05,0.0010999999999999899,0.9989,-0.3578688313909789,-0.3578688313909789
20788,2013Q1,2013,MBRF3,2013-05-14,2013-08-13,0.015000000000000013,0.985,0.05592929681031822,0.05592929681031822
20788,2013Q2,2013,MBRF3,2013-11-13,2014-02-18,0.010099999999999998,0.9899,0.040305094875769276,0.040305094875769276
20788,2013Q3,2013,MBRF3,2013-11-13,2014-02-18,0.21509999999999996,0.7849,0.040305094875769276,0.040305094875769276
20788,2016Q2,2016,MBRF3,2016-08-11,2016-11-11,0.017900000000000027,0.9821,0.03935552730305347,0.03935552730305347
20788,2016Q3,2016,MBRF3,2016-11-10,2017-02-10,0.0036000000000000476,0.9964,0.36387328083420334,0.36387328083420334
20788,2017Q1,2017,MBRF3,2017-05-11,2017-08-09,0.022399999999999975,0.9776,-0.1480581701058591,-0.1480581701058591
20788,2017Q2,2017,MBRF3,2017-08-14,2017-11-14,0.7505,0.2495,-0.09000768612010801,-0.09000768612010801
20788,2017Q3,2017,MBRF3,2018-03-27,2018-06-27,0.5115000000000001,0.4885,0.7063028133596301,0.7063028133596301
20788,2018Q1,2018,MBRF3,2018-05-14,2018-08-13,0.0,1.0,0.02459531164631512,0.02459531164631512
20788,2018Q2,2018,MBRF3,2018-08-14,2018-11-14,0.0,1.0,-0.26350607202026044,-0.26350607202026044
20788,2018Q3,2018,MBRF3,2018-11-05,2019-02-11,0.8613999999999999,0.1386,-0.21809074700683473,-0.21809074700683473
20788,2019Q1,2019,MBRF3,2019-05-15,2019-08-14,0.8613999999999999,0.1386,0.12627456684466098,0.12627456684466098
20788,2019Q2,2019,MBRF3,2019-08-22,2019-11-21,0.8714,0.1286,0.309767969584702,0.309767969584702
20788,2019Q3,2019,MBRF3,2019-11-11,2020-02-14,0.010800000000000032,0.9892,-0.13470643834695006,-0.13470643834695006
20788,2020Q3,2020,MBRF3,2020-11-11,2021-02-17,0.7855,0.2145,-0.2453558630417546,-0.2453558630417546
20788,2021Q1,2021,MBRF3,2021-05-11,2021-08-10,0.8143,0.1857,-0.17201870718779033,-0.17201870718779033
20788,2021Q2,2021,MBRF3,2021-08-11,2021-11-11,0.09209999999999996,0.9079,0.37163427046985653,0.37163427046985653
20788,2021Q3,2021,MBRF3,2021-10-26,2022-01-27,0.4433,0.5567,-0.18791336055390007,-0.18791336055390007
20788,2022Q1,2022,MBRF3,2022-05-03,2022-08-01,0.42689999999999995,0.5731,-0.2798440191127535,-0.2798440191127535
20788,2022Q2,2022,MBRF3,2022-08-11,2022-11-11,0.19189999999999996,0.8081,-0.06881503715540183,-0.06881503715540183
20788,2022Q3,2022,MBRF3,2022-11-10,2023-02-09,0.1462,0.8538,-0.2770180913601703,-0.2770180913601703
20788,2023Q1,2023,MBRF3,2023-05-15,2023-08-11,0.3671,0.6329,0.37034207596040125,0.37034207596040125
20788,2024Q1,2024,MBRF3,2024-05-15,2024-08-13,0.3861,0.6139,0.17207637387340102,0.17207637387340102
20788,2024Q2,2024,MBRF3,2024-08-14,2024-11-11,0.3187,0.6813,0.12738333142373381,0.12738333142373381
20788,2024Q3,2024,MBRF3,2024-11-13,2025-02-18,0.40349999999999997,0.5965,-0.26391947772746893,-0.26391947772746893
20788,2025Q1,2025,MBRF3,2025-05-15,2025-08-13,0.2993,0.7007,0.04841121907085055,0.04841121907085055
20788,2025Q2,2025,MBRF3,2025-08-14,2025-11-11,0.05559999999999998,0.9444,-0.2641821335558494,-0.2641821335558494
20842,2013Q2,2013,MAGG3,2013-08-08,2013-11-05,0.007499999999999951,0.9925,-0.19340031200075458,-0.19340031200075458
20842,2015Q1,2015,MAGG3,2015-05-14,2015-08-13,0.24009999999999998,0.7599,0.22762432982185365,0.22762432982185365
20842,2015Q2,2015,MAGG3,2015-08-14,2015-11-16,0.045399999999999996,0.9546,0.055604949746262955,0.055604949746262955
20842,2015Q3,2015,MAGG3,2015-11-12,2016-02-19,0.13039999999999996,0.8696,0.11159351692501196,0.11159351692501196
20842,2016Q1,2016,MAGG3,2016-05-13,2016-08-11,0.09550000000000003,0.9045,0.1495994945969279,0.1495994945969279
20842,2016Q2,2016,MAGG3,2016-08-10,2016-11-10,0.010800000000000032,0.9892,0.3431783544270546,0.3431783544270546
20842,2016Q3,2016,MAGG3,2016-11-10,2017-02-10,0.024900000000000033,0.9751,-0.060101473733400246,-0.060101473733400246
20842,2017Q1,2017,MAGG3,2017-05-09,2017-08-07,0.1865,0.8135,0.24273141950864163,0.24273141950864163
20842,2017Q2,2017,MAGG3,2017-08-11,2017-11-13,0.023900000000000032,0.9761,-0.006783593547939448,-0.006783593547939448
20842,2017Q3,2017,MAGG3,2017-11-13,2018-02-20,0.0131,0.9869,0.0011808564416344591,0.0011808564416344591
20842,2018Q1,2018,MAGG3,2018-05-09,2018-08-08,0.16390000000000005,0.8361,-0.16627521388039268,-0.16627521388039268
20842,2018Q2,2018,MAGG3,2018-08-15,2018-11-16,0.019199999999999995,0.9808,-0.3389640933345115,-0.3389640933345115
20915,2011Q2,2011,MRVE3,2011-08-10,2011-11-10,0.9783,0.0217,-0.1288479580108951,-0.1288479580108951
20915,2012Q2,2012,MRVE3,2012-08-13,2012-11-13,0.5791999999999999,0.4208,-0.16843424756124104,-0.16843424756124104
20915,2012Q3,2012,MRVE3,2012-11-08,2013-02-18,0.022599999999999953,0.9774,-0.012686477406708141,-0.012686477406708141
20915,2013Q1,2013,MRVE3,2013-05-24,2013-08-23,0.10640000000000005,0.8936,0.4317739443313984,0.4317739443313984
20915,2013Q2,2013,MRVE3,2013-08-16,2013-11-13,0.34609999999999996,0.6539,0.3188177350561636,0.3188177350561636
20915,2013Q3,2013,MRVE3,2013-11-11,2014-02-14,0.07499999999999996,0.925,0.027966735214537186,0.027966735214537186
20915,2014Q1,2014,MRVE3,2014-05-14,2014-08-14,0.14870000000000005,0.8513,0.07257455797497903,0.07257455797497903
20915,2014Q2,2014,MRVE3,2014-08-25,2014-11-21,0.055300000000000016,0.9447,0.24595373283058675,0.24595373283058675
20915,2014Q3,2014,MRVE3,2014-11-12,2015-02-18,0.04800000000000004,0.952,0.08457700522403999,0.08457700522403999
20915,2015Q1,2015,MRVE3,2015-05-12,2015-08-11,0.9708,0.0292,-0.02413927663555704,-0.02413927663555704
20915,2015Q2,2015,MRVE3,2015-08-14,2015-11-16,0.0,1.0,0.27502382058040964,0.27502382058040964
20915,2020Q1,2020,MRVE3,2020-05-28,2020-08-26,0.0,1.0,-0.1598155907041845,-0.1598155907041845
20915,2020Q2,2020,MRVE3,2020-08-14,2020-11-16,0.9791,0.0209,0.17852665804363999,0.17852665804363999
20915,2020Q3,2020,MRVE3,2020-11-11,2021-02-17,0.9791,0.0209,-0.24106282340743024,-0.24106282340743024
20915,2021Q1,2021,MRVE3,2021-05-12,2021-08-11,0.9862,0.0138,-0.1792583661486833,-0.1792583661486833
20915,2021Q2,2021,MRVE3,2021-08-11,2021-11-11,0.9862,0.0138,0.15197529006779575,0.15197529006779575
20915,2021Q3,2021,MRVE3,2021-11-10,2022-02-10,0.0,1.0,0.17421392978329608,0.17421392978329608
20915,2022Q1,2022,MRVE3,2023-07-06,2023-10-04,0.0,1.0,-0.09318503137115908,-0.09318503137115908
20915,2022Q2,2022,MRVE3,2023-08-08,2023-11-08,0.0,1.0,-0.24813900329048588,-0.24813900329048588
20915,2022Q3,2022,MRVE3,2023-11-06,2024-02-07,0.0,1.0,-0.2412405372634342,-0.2412405372634342
20915,2023Q1,2023,MRVE3,2023-07-06,2023-10-04,0.0,1.0,-0.09318503137115908,-0.09318503137115908
20915,2023Q2,2023,MRVE3,2023-08-09,2023-11-09,0.0,1.0,-0.2232027620521524,-0.2232027620521524
20915,2023Q3,2023,MRVE3,2023-11-08,2024-02-09,0.0,1.0,-0.2557887507154514,-0.2557887507154514
20931,2011Q2,2011,BEEF3,2011-08-15,2011-11-16,0.007099999999999995,0.9929,-0.1602405893422273,-0.1602405893422273
20931,2011Q3,2011,BEEF3,2011-11-03,2012-02-03,0.9855,0.0145,0.07071452706994408,0.07071452706994408
20931,2012Q1,2012,BEEF3,2013-03-20,2013-06-20,0.9754,0.0246,-0.23040626845643364,-0.23040626845643364
20931,2013Q1,2013,BEEF3,2013-05-09,2013-08-08,0.8498,0.1502,-0.25863489143229834,-0.25863489143229834
20931,2013Q2,2013,BEEF3,2013-08-14,2013-11-11,0.0,1.0,-0.062370738801256875,-0.062370738801256875
20931,2013Q3,2013,BEEF3,2013-11-13,2014-02-18,0.0,1.0,0.059298272159062915,0.059298272159062915
20931,2014Q1,2014,BEEF3,2014-05-07,2014-08-07,0.8551,0.1449,0.21370140621126432,0.21370140621126432
20931,2014Q2,2014,BEEF3,2014-07-31,2014-10-28,0.030399999999999983,0.9696,0.17889663801814848,0.17889663801814848
20931,2014Q3,2014,BEEF3,2014-11-07,2015-02-11,0.02839999999999998,0.9716,-0.3468855202197122,-0.3468855202197122
20931,2018Q1,2018,BEEF3,2018-05-11,2018-08-10,0.8001,0.1999,-0.0439419569132633,-0.0439419569132633
20931,2019Q2,2019,BEEF3,2019-07-25,2019-10-22,0.09360000000000002,0.9064,0.10495430343021206,0.10495430343021206
20931,2019Q3,2019,BEEF3,2019-11-12,2020-02-17,0.0034999999999999476,0.9965,-0.20212072441916273,-0.20212072441916273
20931,2020Q1,2020,BEEF3,2020-04-28,2020-07-28,0.03500000000000003,0.965,0.019573379530546386,0.019573379530546386
20931,2022Q1,2022,BEEF3,2022-05-11,2022-08-09,0.039000000000000035,0.961,-0.136660294233249,-0.136660294233249
20931,2022Q2,2022,BEEF3,2022-08-10,2022-11-10,0.009499999999999953,0.9905,-0.09637573747905626,-0.09637573747905626
20931,2022Q3,2022,BEEF3,2022-11-09,2023-02-08,0.01649999999999996,0.9835,-0.1551403484376086,-0.1551403484376086
20931,2023Q1,2023,BEEF3,2023-05-09,2023-08-07,0.0121,0.9879,0.25152423879496344,0.25152423879496344
20931,2023Q2,2023,BEEF3,2023-08-09,2023-11-09,0.006700000000000039,0.9933,-0.34118360510669754,-0.34118360510669754
20931,2023Q3,2023,BEEF3,2023-11-08,2024-02-09,0.00880000000000003,0.9912,-0.16431517551716923,-0.16431517551716923
20931,2024Q1,2024,BEEF3,2024-05-08,2024-08-06,0.044300000000000006,0.9557,0.18549603297832307,0.18549603297832307
20931,2024Q2,2024,BEEF3,2024-08-07,2024-11-04,0.005600000000000049,0.9944,-0.03478327510653911,-0.03478327510653911
20931,2024Q3,2024,BEEF3,2024-11-06,2025-02-11,0.00539999999999996,0.9946,-0.08224285229802497,-0.08224285229802497
20931,2025Q1,2025,BEEF3,2025-05-07,2025-08-05,0.015100000000000002,0.9849,-0.14973939701138572,-0.14973939701138572
20931,2025Q2,2025,BEEF3,2025-08-06,2025-11-03,0.008600000000000052,0.9914,0.4204254807946526,0.4204254807946526
20931,2025Q3,2025,BEEF3,2025-11-05,2026-02-09,0.006800000000000028,0.9932,-0.2657684037722088,-0.2657684037722088
20982,2013Q2,2013,MULT3,2013-07-26,2013-10-23,0.011499999999999955,0.9885,-0.0015403191233842595,-0.0015403191233842595
20982,2013Q3,2013,MULT3,2013-10-29,2014-02-03,0.034399999999999986,0.9656,-0.08272405797423976,-0.08272405797423976
20982,2014Q1,2014,MULT3,2014-05-06,2014-08-06,0.0042999999999999705,0.9957,0.08397171270869452,0.08397171270869452
20982,2014Q2,2014,MULT3,2014-07-28,2014-10-23,0.008099999999999996,0.9919,-0.1204039562884105,-0.1204039562884105
20982,2014Q3,2014,MULT3,2014-10-30,2015-02-03,0.0023999999999999577,0.9976,0.1866808300852849,0.1866808300852849
20982,2015Q1,2015,MULT3,2015-04-29,2015-07-30,0.9459,0.0541,-0.13431083045869796,-0.13431083045869796
20982,2015Q2,2015,MULT3,2015-07-30,2015-10-29,0.9561,0.0439,0.039881617779469414,0.039881617779469414
20982,2015Q3,2015,MULT3,2015-10-28,2016-02-03,0.0048000000000000265,0.9952,0.03537826964386692,0.03537826964386692
20982,2016Q1,2016,MULT3,2016-04-27,2016-07-26,0.021299999999999986,0.9787,0.003358782875356958,0.003358782875356958
20982,2016Q2,2016,MULT3,2016-07-28,2016-10-27,0.012900000000000023,0.9871,-0.14924314627512536,-0.14924314627512536
20982,2016Q3,2016,MULT3,2016-10-31,2017-02-01,0.961,0.039,-0.011479519352938228,-0.011479519352938228
20982,2017Q1,2017,MULT3,2017-04-26,2017-07-26,0.04159999999999997,0.9584,-0.007164454415064081,-0.007164454415064081
20982,2017Q2,2017,MULT3,2017-07-27,2017-10-26,0.0,1.0,-0.10773043907547009,-0.10773043907547009
20982,2017Q3,2017,MULT3,2017-10-30,2018-02-05,0.95,0.05,0.0020061161179960596,0.0020061161179960596
20982,2021Q2,2021,MULT3,2021-07-28,2021-10-27,0.8684000000000001,0.1316,-0.07106462860377705,-0.07106462860377705
20982,2021Q3,2021,MULT3,2021-10-27,2022-01-28,0.0022999999999999687,0.9977,0.16317449552689856,0.16317449552689856
20982,2022Q1,2022,MULT3,2022-05-04,2022-08-02,0.008299999999999974,0.9917,-0.018372251952386787,-0.018372251952386787
20982,2022Q2,2022,MULT3,2022-07-28,2022-10-27,0.0016000000000000458,0.9984,-0.23768592321849635,-0.23768592321849635
20982,2022Q3,2022,MULT3,2022-11-03,2023-02-02,0.04849999999999999,0.9515,-0.12190295983832677,-0.12190295983832677
20982,2023Q1,2023,MULT3,2024-02-09,2024-05-14,0.009800000000000031,0.9902,-0.132276154654987,-0.132276154654987
20982,2023Q2,2023,MULT3,2023-07-27,2023-10-26,0.6147,0.3853,0.07726353297463806,0.07726353297463806
20982,2023Q3,2023,MULT3,2023-10-27,2024-01-31,0.28069999999999995,0.7193,-0.05007445824114709,-0.05007445824114709
20982,2024Q1,2024,MULT3,2024-04-25,2024-07-25,0.1291,0.8709,0.043181243261498414,0.043181243261498414
20982,2024Q2,2024,MULT3,2024-07-25,2024-10-22,0.013299999999999979,0.9867,0.04576312097860069,0.04576312097860069
20982,2024Q3,2024,MULT3,2024-10-24,2025-01-29,0.00990000000000002,0.9901,-0.11605482895559671,-0.11605482895559671
20982,2025Q1,2025,MULT3,2025-04-25,2025-07-25,0.3658,0.6342,-0.04608710894598489,-0.04608710894598489
20982,2025Q2,2025,MULT3,2025-07-24,2025-10-21,0.0048000000000000265,0.9952,0.05453733809128991,0.05453733809128991
20982,2025Q3,2025,MULT3,2025-10-30,2026-02-03,0.010199999999999987,0.9898,0.10647232217604663,0.10647232217604663
20990,2011Q2,2011,AMER3,2011-08-10,2011-11-10,0.0004999999999999449,0.9995,0.01807284968329137,0.01807284968329137
20990,2011Q3,2011,AMER3,2011-11-10,2012-02-10,0.006099999999999994,0.9939,-0.09280194547341092,-0.09280194547341092
20990,2012Q1,2012,AMER3,2012-05-08,2012-08-07,0.24470000000000003,0.7553,0.22863702344609038,0.22863702344609038
20990,2012Q2,2012,AMER3,2012-08-14,2012-11-14,0.3506,0.6494,0.5917412582596226,0.5917412582596226
20990,2012Q3,2012,AMER3,2012-11-13,2013-02-21,0.16259999999999997,0.8374,0.2619537590604344,0.2619537590604344
20990,2013Q1,2013,AMER3,2013-05-09,2013-08-08,0.07920000000000005,0.9208,0.22689614694160087,0.22689614694160087
20990,2013Q2,2013,AMER3,2013-08-14,2013-11-11,0.005499999999999949,0.9945,-0.19284805171510067,-0.19284805171510067
20990,2014Q2,2014,AMER3,2014-08-13,2014-11-10,0.28879999999999995,0.7112,-0.03856678840624761,-0.03856678840624761
20990,2014Q3,2014,AMER3,2014-12-12,2015-03-19,0.0494,0.9506,-0.4298435255629127,-0.4298435255629127
20990,2023Q1,2023,AMER3,2024-02-26,2024-05-27,0.28290000000000004,0.7171,0.36874136946273306,0.36874136946273306
20990,2023Q2,2023,AMER3,2024-02-26,2024-05-27,0.005499999999999949,0.9945,0.36874136946273306,0.36874136946273306
20990,2023Q3,2023,AMER3,2024-02-26,2024-05-27,0.009199999999999986,0.9908,0.36874136946273306,0.36874136946273306
20990,2024Q1,2024,AMER3,2024-08-14,2024-11-11,0.3628,0.6372,-0.9027882308097136,-0.4920335995287716
20990,2024Q2,2024,AMER3,2024-08-14,2024-11-11,0.0012999999999999678,0.9987,-0.9027882308097136,-0.4920335995287716
20990,2024Q3,2024,AMER3,2024-11-13,2025-02-18,0.48129999999999995,0.5187,1.7507443177950748,0.7496355521156113
20990,2025Q1,2025,AMER3,2025-05-14,2025-08-12,0.46519999999999995,0.5348,-1.1457293538481599,-0.4920335995287716
20990,2025Q2,2025,AMER3,2025-08-12,2025-11-07,0.02400000000000002,0.976,0.07629290918094545,0.07629290918094545
20990,2025Q3,2025,AMER3,2025-11-12,2026-02-18,0.05230000000000001,0.9477,-0.14592960327263882,-0.14592960327263882
21016,2014Q1,2014,YDUQ3,2014-05-08,2014-08-08,0.02980000000000005,0.9702,-0.06480102480869754,-0.06480102480869754
21016,2014Q2,2014,YDUQ3,2014-08-07,2014-11-04,0.04059999999999997,0.9594,-0.07234531012342982,-0.07234531012342982
21016,2014Q3,2014,YDUQ3,2014-11-07,2015-02-11,0.057499999999999996,0.9425,-0.4722036359554763,-0.4722036359554763
21016,2015Q1,2015,YDUQ3,2015-05-07,2015-08-06,0.31989999999999996,0.6801,-0.24466340248473006,-0.24466340248473006
21016,2015Q2,2015,YDUQ3,2015-08-06,2015-11-06,0.04910000000000003,0.9509,0.606527566230709,0.606527566230709
21016,2015Q3,2015,YDUQ3,2015-11-05,2016-02-12,0.0665,0.9335,-0.1925699911815444,-0.1925699911815444
21016,2016Q1,2016,YDUQ3,2016-05-05,2016-08-03,0.26170000000000004,0.7383,0.5497638413000372,0.5497638413000372
21016,2020Q2,2020,YDUQ3,2020-08-26,2020-11-26,0.4223,0.5777,-0.03774357736887268,-0.03774357736887268
21016,2020Q3,2020,YDUQ3,2020-11-09,2021-02-11,0.4246,0.5754,0.2735668470278396,0.2735668470278396
21016,2021Q1,2021,YDUQ3,2021-05-12,2021-08-11,0.31820000000000004,0.6818,-0.002916795004359929,-0.002916795004359929
21016,2021Q2,2021,YDUQ3,2021-08-16,2021-11-17,0.35629999999999995,0.6437,0.1258102452908627,0.1258102452908627
21091,2011Q2,2011,DXCO3,2011-08-01,2011-10-31,0.4819,0.5181,-0.14852150325446611,-0.14852150325446611
21091,2011Q3,2011,DXCO3,2011-11-03,2012-02-03,0.007000000000000006,0.993,0.15029614354216503,0.15029614354216503
21091,2012Q1,2012,DXCO3,2012-04-26,2012-07-27,0.18930000000000002,0.8107,0.1356111558555273,0.1356111558555273
21091,2012Q2,2012,DXCO3,2012-07-27,2012-10-26,0.010299999999999976,0.9897,0.043516565716416045,0.043516565716416045
21091,2012Q3,2012,DXCO3,2012-10-25,2013-02-01,0.007800000000000029,0.9922,-0.16334701415786357,-0.16334701415786357
21091,2013Q1,2013,DXCO3,2013-04-22,2013-07-23,0.6609,0.3391,-0.026827694609129482,-0.026827694609129482
21091,2013Q2,2013,DXCO3,2013-07-22,2013-10-17,0.0,1.0,-0.13378652987394557,-0.13378652987394557
21091,2013Q3,2013,DXCO3,2013-10-28,2014-01-31,0.0,1.0,-0.06948256680164677,-0.06948256680164677
21091,2014Q1,2014,DXCO3,2014-04-23,2014-07-25,0.766,0.234,-0.1725822061248642,-0.1725822061248642
21091,2015Q1,2015,DXCO3,2015-04-28,2015-07-29,0.4728,0.5272,-0.11694565539849267,-0.11694565539849267
21091,2015Q2,2015,DXCO3,2015-07-28,2015-10-27,0.5188999999999999,0.4811,0.001549585094607231,0.001549585094607231
21091,2015Q3,2015,DXCO3,2015-10-29,2016-02-04,0.022599999999999953,0.9774,0.0006861915956581921,0.0006861915956581921
21091,2016Q1,2016,DXCO3,2016-04-28,2016-07-27,0.04520000000000002,0.9548,0.07628962780467252,0.07628962780467252
21091,2016Q2,2016,DXCO3,2016-08-01,2016-10-31,0.26180000000000003,0.7382,-0.28296743179118045,-0.28296743179118045
21091,2016Q3,2016,DXCO3,2016-10-28,2017-01-31,0.03739999999999999,0.9626,-0.13411680411561722,-0.13411680411561722
21091,2017Q1,2017,DXCO3,2017-04-26,2017-07-26,0.3759,0.6241,-0.12118935544087106,-0.12118935544087106
21091,2017Q2,2017,DXCO3,2017-08-10,2017-11-10,0.02070000000000005,0.9793,0.2546161452290898,0.2546161452290898
21091,2017Q3,2017,DXCO3,2017-10-27,2018-02-02,0.02849999999999997,0.9715,-0.02864873553055236,-0.02864873553055236
21091,2018Q1,2018,DXCO3,2018-05-02,2018-08-01,0.4669,0.5331,0.1000423350141495,0.1000423350141495
21091,2018Q2,2018,DXCO3,2018-08-01,2018-10-31,0.5208999999999999,0.4791,0.019340249853968317,0.019340249853968317
21091,2018Q3,2018,DXCO3,2018-11-05,2019-02-11,0.014800000000000035,0.9852,-0.11074018300751876,-0.11074018300751876
21091,2019Q1,2019,DXCO3,2019-05-06,2019-08-05,0.07289999999999996,0.9271,0.21471873535369346,0.21471873535369346
21091,2019Q2,2019,DXCO3,2019-07-31,2019-10-28,0.02180000000000004,0.9782,-0.013341509798825424,-0.013341509798825424
21091,2019Q3,2019,DXCO3,2019-10-29,2020-02-03,0.08189999999999997,0.9181,0.050877399339961826,0.050877399339961826
21091,2020Q1,2020,DXCO3,2020-05-06,2020-08-04,0.06299999999999994,0.937,0.0706196475162828,0.0706196475162828
21091,2020Q2,2020,DXCO3,2020-07-29,2020-10-28,0.5001,0.4999,0.3486337299428792,0.3486337299428792
21091,2020Q3,2020,DXCO3,2020-11-03,2021-02-05,0.6572,0.3428,-0.25451376471314,-0.25451376471314
21091,2021Q1,2021,DXCO3,2021-04-29,2021-07-29,0.020399999999999974,0.9796,-0.16212292498626724,-0.16212292498626724
21091,2021Q3,2021,DXCO3,2021-10-27,2022-01-28,0.1269,0.8731,0.11386630413513443,0.11386630413513443
21091,2022Q1,2022,DXCO3,2022-04-27,2022-07-26,0.03500000000000003,0.965,-0.07272866325159344,-0.07272866325159344
21091,2022Q2,2022,DXCO3,2022-07-27,2022-10-26,0.018199999999999994,0.9818,-0.12010772166629846,-0.12010772166629846
21091,2022Q3,2022,DXCO3,2022-10-26,2023-01-26,0.009000000000000008,0.991,0.0181632931228064,0.0181632931228064
21091,2023Q1,2023,DXCO3,2023-05-23,2023-08-21,0.5916,0.4084,-0.06904982657761394,-0.06904982657761394
21091,2023Q2,2023,DXCO3,2023-08-02,2023-11-01,0.5627,0.4373,-0.0030474533012390115,-0.0030474533012390115
21091,2023Q3,2023,DXCO3,2023-11-07,2024-02-08,0.04039999999999999,0.9596,-0.005646488666030014,-0.005646488666030014
21091,2024Q1,2024,DXCO3,2024-05-08,2024-08-06,0.06140000000000001,0.9386,-0.03890703483233671,-0.03890703483233671
21091,2024Q2,2024,DXCO3,2024-08-07,2024-11-04,0.02859999999999996,0.9714,0.17612558490011732,0.17612558490011732
21091,2024Q3,2024,DXCO3,2024-11-06,2025-02-11,0.02200000000000002,0.978,-0.2226785851099814,-0.2226785851099814
21091,2025Q1,2025,DXCO3,2025-05-07,2025-08-05,0.5670999999999999,0.4329,0.058075524271709256,0.058075524271709256
21148,2018Q1,2018,TEND3,2018-05-10,2018-08-09,0.2518,0.7482,-0.46235692889428404,-0.46235692889428404
21148,2018Q2,2018,TEND3,2018-08-13,2018-11-13,0.053200000000000025,0.9468,-0.11546787027698613,-0.11546787027698613
21148,2018Q3,2018,TEND3,2018-11-08,2019-02-14,0.09870000000000001,0.9013,0.07246683746971261,0.07246683746971261
21148,2019Q1,2019,TEND3,2019-05-09,2019-08-08,0.016100000000000003,0.9839,0.18653331128735218,0.18653331128735218
21148,2019Q2,2019,TEND3,2019-08-08,2019-11-05,0.268,0.732,-0.09669790956082336,-0.09669790956082336
21148,2019Q3,2019,TEND3,2019-11-07,2020-02-12,0.0023999999999999577,0.9976,0.11079940069800998,0.11079940069800998
21148,2020Q1,2020,TEND3,2020-05-14,2020-08-12,0.07540000000000002,0.9246,0.0656553300144953,0.0656553300144953
21148,2020Q2,2020,TEND3,2020-08-06,2020-11-06,0.03810000000000002,0.9619,-0.10357862939059759,-0.10357862939059759
21148,2020Q3,2020,TEND3,2020-11-05,2021-02-09,0.01100000000000001,0.989,-0.2748351709963497,-0.2748351709963497
21148,2022Q2,2022,TEND3,2022-08-04,2022-11-04,0.7242,0.2758,0.6779862357433357,0.6779862357433357
21148,2022Q3,2022,TEND3,2022-11-03,2023-02-02,0.0039000000000000146,0.9961,0.12897004434878334,0.12897004434878334
21148,2024Q3,2024,TEND3,2024-11-06,2025-02-11,0.9215,0.0785,-0.014072684723428819,-0.014072684723428819
21180,2011Q2,2011,NEXP3,2011-08-15,2011-11-16,0.0,1.0,-0.18780284532260816,-0.18780284532260816
21180,2019Q3,2019,NEXP3,2019-11-06,2020-02-11,0.0016000000000000458,0.9984,-0.11610791213418692,-0.11610791213418692
21180,2020Q1,2020,NEXP3,2020-06-29,2020-09-25,0.025900000000000034,0.9741,-0.05987787987783466,-0.05987787987783466
21180,2020Q2,2020,NEXP3,2020-07-31,2020-10-30,0.0,1.0,-0.04065763118999555,-0.04065763118999555
21180,2020Q3,2020,NEXP3,2020-11-13,2021-02-19,0.0,1.0,0.2979515774183843,0.2979515774183843
21180,2021Q1,2021,NEXP3,2021-05-14,2021-08-13,0.7339,0.2661,0.014744354325240572,0.014744354325240572
21180,2021Q2,2021,NEXP3,2021-08-17,2021-11-18,0.1099,0.8901,-0.24704630607961786,-0.24704630607961786
21180,2021Q3,2021,NEXP3,2021-11-11,2022-02-11,0.0,1.0,-0.11322641735175354,-0.11322641735175354
21180,2022Q1,2022,NEXP3,2022-05-12,2022-08-10,0.9582,0.0418,-0.4303755053876557,-0.4303755053876557
21180,2022Q2,2022,NEXP3,2022-08-11,2022-11-11,0.0,1.0,-0.018888405254567253,-0.018888405254567253
21180,2022Q3,2022,NEXP3,2022-11-10,2023-02-09,0.0,1.0,-0.3445818470704931,-0.3445818470704931
21180,2023Q1,2023,NEXP3,2023-05-15,2023-08-11,0.9164,0.0836,1.2833875969218536,0.7496355521156113
21180,2023Q2,2023,NEXP3,2023-11-16,2024-02-22,0.0,1.0,0.17349821023939027,0.17349821023939027
21180,2023Q3,2023,NEXP3,2023-11-10,2024-02-19,0.0,1.0,0.09421998117830666,0.09421998117830666
21180,2024Q1,2024,NEXP3,2024-07-08,2024-10-03,0.0,1.0,0.06914091105534026,0.06914091105534026
21180,2024Q2,2024,NEXP3,2024-08-16,2024-11-13,0.03380000000000005,0.9662,0.20545436012839335,0.20545436012839335
21180,2024Q3,2024,NEXP3,2024-11-07,2025-02-12,0.0,1.0,-0.13905850033477984,-0.13905850033477984
21180,2025Q1,2025,NEXP3,2025-05-15,2025-08-25,0.1975,0.8025,-0.10917878258568137,-0.10917878258568137
21180,2025Q2,2025,NEXP3,2025-08-14,2025-12-09,0.0037000000000000366,0.9963,-0.19182913557963266,-0.19182913557963266
21237,2011Q2,2011,ENEV3,2011-08-12,2011-11-14,0.16920000000000002,0.8308,-0.12410028834781839,-0.12410028834781839
21237,2011Q3,2011,ENEV3,2011-11-10,2012-02-10,0.6075999999999999,0.3924,-0.006924994257526129,-0.006924994257526129
21237,2012Q1,2012,ENEV3,2012-05-14,2012-08-13,0.6699999999999999,0.33,-0.2921539253783455,-0.2921539253783455
21237,2012Q2,2012,ENEV3,2012-08-14,2012-11-14,0.09209999999999996,0.9079,-0.09821952458589112,-0.09821952458589112
21237,2012Q3,2012,ENEV3,2012-11-09,2013-02-19,0.01649999999999996,0.9835,-0.08849952024882246,-0.08849952024882246
21237,2013Q1,2013,ENEV3,2013-05-08,2013-08-07,0.08879999999999999,0.9112,-0.06360781328059883,-0.06360781328059883
21237,2013Q2,2013,ENEV3,2013-08-13,2013-11-08,0.027100000000000013,0.9729,-0.3877499671291479,-0.3877499671291479
21237,2013Q3,2013,ENEV3,2013-11-13,2014-02-18,0.13070000000000004,0.8693,-0.23559514921256208,-0.23559514921256208
21237,2014Q1,2014,ENEV3,2014-05-13,2014-08-13,0.0907,0.9093,0.3838706749701959,0.3838706749701959
21237,2014Q2,2014,ENEV3,2014-08-13,2014-11-10,0.3508,0.6492,-0.06190513937438025,-0.06190513937438025
21237,2014Q3,2014,ENEV3,2014-11-14,2015-02-20,0.13360000000000005,0.8664,-0.3253075454995511,-0.3253075454995511
21237,2015Q1,2015,ENEV3,2015-05-14,2015-08-13,0.3779,0.6221,0.577597262092598,0.577597262092598
21237,2015Q2,2015,ENEV3,2015-08-13,2015-11-13,0.13139999999999996,0.8686,0.34315247914933167,0.34315247914933167
21237,2015Q3,2015,ENEV3,2015-11-12,2016-02-19,0.041000000000000036,0.959,-0.44494043243824877,-0.44494043243824877
21237,2016Q1,2016,ENEV3,2016-05-12,2016-08-10,0.16510000000000002,0.8349,-0.2003924913431271,-0.2003924913431271
21237,2016Q2,2016,ENEV3,2016-08-12,2016-11-14,0.12360000000000004,0.8764,0.07611818512803015,0.07611818512803015
21237,2016Q3,2016,ENEV3,2016-11-11,2017-02-13,0.5453,0.4547,-0.31299271810681484,-0.31299271810681484
21237,2017Q2,2017,ENEV3,2017-09-18,2017-12-20,0.2613,0.7387,-0.14867088209918056,-0.14867088209918056
21237,2017Q3,2017,ENEV3,2017-11-09,2018-02-16,0.05810000000000004,0.9419,0.024561586525082557,0.024561586525082557
21237,2018Q1,2018,ENEV3,2018-05-10,2018-08-09,0.07940000000000003,0.9206,-0.018840103738790748,-0.018840103738790748
21237,2018Q2,2018,ENEV3,2018-08-08,2018-11-08,0.12180000000000002,0.8782,0.13329121687777779,0.13329121687777779
21237,2018Q3,2018,ENEV3,2018-11-08,2019-02-14,0.03210000000000002,0.9679,0.28036702468803343,0.28036702468803343
21237,2019Q1,2019,ENEV3,2019-05-08,2019-08-07,0.17669999999999997,0.8233,0.10541889915080649,0.10541889915080649
21237,2019Q2,2019,ENEV3,2019-08-14,2019-11-11,0.03280000000000005,0.9672,0.11935243501419479,0.11935243501419479
21237,2019Q3,2019,ENEV3,2019-11-05,2020-02-10,0.09030000000000005,0.9097,0.0508566295265136,0.0508566295265136
21237,2020Q1,2020,ENEV3,2020-05-15,2020-08-13,0.15810000000000002,0.8419,-0.03119059921854972,-0.03119059921854972
21237,2020Q2,2020,ENEV3,2020-08-11,2020-11-11,0.4476,0.5524,-0.01591910673826491,-0.01591910673826491
21237,2020Q3,2020,ENEV3,2020-11-12,2021-02-18,0.9606,0.0394,-0.08895437204001821,-0.08895437204001821
21237,2021Q1,2021,ENEV3,2021-05-12,2021-08-11,0.9672,0.0328,-0.0872453536472062,-0.0872453536472062
21237,2021Q2,2021,ENEV3,2021-09-30,2022-01-04,0.032299999999999995,0.9677,-0.1588901867185648,-0.1588901867185648
21237,2021Q3,2021,ENEV3,2021-11-04,2022-02-04,0.6634,0.3366,-0.10674051315091038,-0.10674051315091038
21237,2022Q1,2022,ENEV3,2022-05-12,2022-08-10,0.07150000000000001,0.9285,0.06917563512902136,0.06917563512902136
21237,2022Q2,2022,ENEV3,2022-08-11,2022-11-11,0.08389999999999997,0.9161,-0.19274434874162438,-0.19274434874162438
21237,2022Q3,2022,ENEV3,2022-11-10,2023-02-09,0.748,0.252,-0.09265715410319098,-0.09265715410319098
21237,2023Q1,2023,ENEV3,2023-05-16,2023-08-14,0.8302,0.1698,0.020427096516697052,0.020427096516697052
21237,2025Q2,2025,ENEV3,2025-08-13,2025-11-10,0.013000000000000012,0.987,0.28433442389987507,0.28433442389987507
21237,2025Q3,2025,ENEV3,2025-11-11,2026-02-13,0.022599999999999953,0.9774,-0.03750687047690915,-0.03750687047690915
21342,2011Q2,2011,OSXB3,2011-07-28,2011-10-27,0.011199999999999988,0.9888,0.0033828445843531174,0.0033828445843531174
21342,2011Q3,2011,OSXB3,2011-10-27,2012-01-30,0.023499999999999965,0.9765,-0.01584565246618852,-0.01584565246618852
21342,2013Q1,2013,OSXB3,2013-05-15,2013-08-14,0.035599999999999965,0.9644,-0.36870657090833514,-0.36870657090833514
21342,2013Q2,2013,OSXB3,2013-08-14,2013-11-12,0.2531,0.7469,0.22957249676403135,0.22957249676403135
21342,2013Q3,2013,OSXB3,2013-12-19,2014-03-26,0.246,0.754,0.9754063105493425,0.7496355521156113
21342,2014Q1,2014,OSXB3,2014-07-07,2014-10-03,0.09179999999999999,0.9082,-0.5933151415541542,-0.4920335995287716
21342,2014Q2,2014,OSXB3,2014-08-14,2014-11-11,0.0004999999999999449,0.9995,-0.5425139940763299,-0.4920335995287716
21342,2014Q3,2014,OSXB3,2014-11-27,2015-03-04,0.012800000000000034,0.9872,-0.4729705233255773,-0.4729705233255773
21342,2015Q1,2015,OSXB3,2015-06-15,2015-09-14,0.042300000000000004,0.9577,-0.4221942176153366,-0.4221942176153366
21342,2015Q2,2015,OSXB3,2015-08-14,2015-11-16,0.006800000000000028,0.9932,-0.3427880619150163,-0.3427880619150163
21342,2015Q3,2015,OSXB3,2015-11-13,2016-02-23,0.124,0.876,0.13537950962697387,0.13537950962697387
21342,2016Q1,2016,OSXB3,2017-06-13,2017-10-17,0.36639999999999995,0.6336,-0.16959133221684297,-0.16959133221684297
21342,2016Q2,2016,OSXB3,2017-06-13,2017-10-17,0.29490000000000005,0.7051,-0.16959133221684297,-0.16959133221684297
21342,2016Q3,2016,OSXB3,2017-06-13,2017-10-17,0.29469999999999996,0.7053,-0.16959133221684297,-0.16959133221684297
21342,2017Q1,2017,OSXB3,2017-07-31,2017-12-11,0.01990000000000003,0.9801,-0.09655105046789969,-0.09655105046789969
21342,2017Q2,2017,OSXB3,2017-08-31,2018-01-10,0.0,1.0,-0.3847284827332219,-0.3847284827332219
21342,2017Q3,2017,OSXB3,2017-12-14,2018-03-29,0.0,1.0,0.036937189036746254,0.036937189036746254
21342,2018Q2,2018,OSXB3,2018-08-14,2018-12-14,0.19889999999999997,0.8011,-0.22833257045953237,-0.22833257045953237
21342,2018Q3,2018,OSXB3,2018-11-14,2019-03-08,0.0,1.0,0.20357721636288306,0.20357721636288306
21342,2019Q1,2019,OSXB3,2019-05-10,2019-09-02,0.0,1.0,-0.11686104128609764,-0.11686104128609764
21342,2019Q2,2019,OSXB3,2019-08-14,2019-11-11,0.0,1.0,0.2148619850182636,0.2148619850182636
21342,2019Q3,2019,OSXB3,2019-11-08,2020-02-13,0.0,1.0,0.12012784846519842,0.12012784846519842
21342,2020Q1,2020,OSXB3,2020-05-18,2020-08-14,0.34230000000000005,0.6577,-0.0568277928391725,-0.0568277928391725
21342,2020Q2,2020,OSXB3,2020-08-14,2020-11-17,0.3124,0.6876,1.1305140438293848,0.7496355521156113
21342,2020Q3,2020,OSXB3,2020-11-13,2021-02-19,9.999999999998899e-05,0.9999,-0.24950615828322154,-0.24950615828322154
21342,2021Q1,2021,OSXB3,2021-05-13,2021-08-12,0.0020999999999999908,0.9979,-0.7856233865515223,-0.4920335995287716
21342,2021Q2,2021,OSXB3,2021-08-13,2021-11-16,9.999999999998899e-05,0.9999,-0.29941155054234725,-0.29941155054234725
21342,2021Q3,2021,OSXB3,2021-11-12,2022-02-14,0.15180000000000005,0.8482,0.03835382644062224,0.03835382644062224
21342,2022Q1,2022,OSXB3,2022-05-13,2022-08-11,0.016700000000000048,0.9833,0.011892331869780781,0.011892331869780781
21342,2022Q2,2022,OSXB3,2022-08-12,2022-11-14,0.0047000000000000375,0.9953,0.18161289286818438,0.18161289286818438
21342,2022Q3,2022,OSXB3,2022-11-11,2023-02-10,9.999999999998899e-05,0.9999,-0.15029985045139427,-0.15029985045139427
21342,2023Q1,2023,OSXB3,2023-05-12,2023-08-10,0.010099999999999998,0.9899,-0.011954456013696158,-0.011954456013696158
21342,2023Q2,2023,OSXB3,2023-08-11,2023-11-14,0.01749999999999996,0.9825,0.19488488223042588,0.19488488223042588
21342,2024Q2,2024,OSXB3,2024-08-14,2024-11-11,0.010499999999999954,0.9895,0.2722277337352048,0.2722277337352048
21342,2025Q2,2025,OSXB3,2025-08-14,2025-11-13,0.12039999999999995,0.8796,-0.1401645499107711,-0.1401645499107711
21350,2011Q3,2011,DIRR3,2011-11-10,2012-02-10,0.033299999999999996,0.9667,0.20087300888477055,0.20087300888477055
21350,2012Q1,2012,DIRR3,2012-05-16,2012-08-15,0.3377,0.6623,-0.015510431478187203,-0.015510431478187203
21350,2012Q2,2012,DIRR3,2012-08-06,2012-11-06,0.10109999999999997,0.8989,0.24841372846670673,0.24841372846670673
21350,2012Q3,2012,DIRR3,2012-11-06,2013-02-14,0.0756,0.9244,0.16141683006173824,0.16141683006173824
21350,2013Q3,2013,DIRR3,2013-11-11,2014-02-14,0.03269999999999995,0.9673,-0.1360068128824029,-0.1360068128824029
21350,2014Q1,2014,DIRR3,2014-05-13,2014-08-13,0.04930000000000001,0.9507,0.026360542999067205,0.026360542999067205
21350,2014Q3,2014,DIRR3,2014-11-13,2015-02-19,0.019499999999999962,0.9805,-0.10654139252441386,-0.10654139252441386
21350,2015Q1,2015,DIRR3,2015-05-15,2015-08-14,0.7416,0.2584,-0.20356768674634995,-0.20356768674634995
21350,2015Q2,2015,DIRR3,2015-08-10,2015-11-10,0.04630000000000001,0.9537,0.41465902678366184,0.41465902678366184
21350,2015Q3,2015,DIRR3,2015-11-11,2016-02-18,0.04530000000000001,0.9547,0.33777925845236223,0.33777925845236223
21350,2016Q1,2016,DIRR3,2016-05-09,2016-08-05,0.1259,0.8741,-0.17675040827631283,-0.17675040827631283
21350,2016Q2,2016,DIRR3,2016-08-08,2016-11-08,0.7762,0.2238,-0.2929781049053497,-0.2929781049053497
21350,2016Q3,2016,DIRR3,2016-11-16,2017-02-15,0.7863,0.2137,-0.018892513458806603,-0.018892513458806603
21350,2017Q1,2017,DIRR3,2017-05-11,2017-08-09,0.07469999999999999,0.9253,0.0075917910592364635,0.0075917910592364635
21350,2017Q2,2017,DIRR3,2017-08-10,2017-11-10,0.8391,0.1609,-0.010244482609146677,-0.010244482609146677
21350,2017Q3,2017,DIRR3,2017-11-14,2018-02-21,0.16180000000000005,0.8382,-0.09246846697133926,-0.09246846697133926
21350,2018Q1,2018,DIRR3,2018-05-14,2018-08-13,0.19220000000000004,0.8078,0.396528475955205,0.396528475955205
21350,2018Q2,2018,DIRR3,2018-08-13,2018-11-13,0.8757,0.1243,-0.06845980028407062,-0.06845980028407062
21350,2018Q3,2018,DIRR3,2018-11-08,2019-02-14,0.472,0.528,0.0865425868080616,0.0865425868080616
21350,2022Q2,2022,DIRR3,2022-08-08,2022-11-08,0.025000000000000022,0.975,0.05545895083071084,0.05545895083071084
21350,2022Q3,2022,DIRR3,2022-11-07,2023-02-06,0.011499999999999955,0.9885,-0.060514518969190134,-0.060514518969190134
21350,2023Q1,2023,DIRR3,2023-06-22,2023-09-20,0.08199999999999996,0.918,0.010951095162431645,0.010951095162431645
21350,2023Q2,2023,DIRR3,2023-08-07,2023-11-07,0.09670000000000001,0.9033,-0.12268182056878985,-0.12268182056878985
21350,2023Q3,2023,DIRR3,2023-11-07,2024-02-08,0.17220000000000002,0.8278,0.11727266398190084,0.11727266398190084
21431,2011Q2,2011,HYPE3,2011-08-15,2011-11-16,0.03920000000000001,0.9608,-0.22630006422224103,-0.22630006422224103
21431,2011Q3,2011,HYPE3,2011-11-07,2012-02-07,0.010399999999999965,0.9896,0.5996999651461803,0.5996999651461803
21431,2012Q1,2012,HYPE3,2012-06-11,2012-09-10,0.30210000000000004,0.6979,0.12060660242247812,0.12060660242247812
21431,2012Q2,2012,HYPE3,2012-08-13,2012-11-13,0.050000000000000044,0.95,0.0007581009454755705,0.0007581009454755705
21431,2013Q1,2013,HYPE3,2013-05-03,2013-08-02,0.10640000000000005,0.8936,0.07003680034999693,0.07003680034999693
21431,2013Q2,2013,HYPE3,2013-08-02,2013-10-30,0.008099999999999996,0.9919,0.019368219600018888,0.019368219600018888
21431,2013Q3,2013,HYPE3,2013-11-01,2014-02-06,0.014900000000000024,0.9851,-0.17112159294430118,-0.17112159294430118
21431,2014Q1,2014,HYPE3,2014-04-25,2014-07-29,0.04310000000000003,0.9569,0.08495839061790544,0.08495839061790544
21431,2014Q2,2014,HYPE3,2014-07-25,2014-10-22,0.02510000000000001,0.9749,-0.02821431500770022,-0.02821431500770022
21431,2014Q3,2014,HYPE3,2014-10-24,2015-01-28,0.033299999999999996,0.9667,0.24538138814678123,0.24538138814678123
21431,2015Q1,2015,HYPE3,2015-04-24,2015-07-27,0.03990000000000005,0.9601,-0.014593843198243417,-0.014593843198243417
21431,2015Q2,2015,HYPE3,2015-07-24,2015-10-23,0.03390000000000004,0.9661,-0.18515482565365404,-0.18515482565365404
21431,2015Q3,2015,HYPE3,2015-10-30,2016-02-05,0.021399999999999975,0.9786,0.4152290070411555,0.4152290070411555
21431,2016Q1,2016,HYPE3,2016-04-27,2016-07-26,0.16690000000000005,0.8331,-0.23888804693922827,-0.23888804693922827
21431,2016Q2,2016,HYPE3,2016-07-22,2016-10-21,0.09570000000000001,0.9043,-0.017462332995681562,-0.017462332995681562
21431,2016Q3,2016,HYPE3,2016-10-28,2017-01-31,0.08230000000000004,0.9177,-0.03922029022266549,-0.03922029022266549
21431,2017Q1,2017,HYPE3,2017-04-28,2017-07-28,0.13759999999999994,0.8624,-0.10171994024775621,-0.10171994024775621
21431,2017Q2,2017,HYPE3,2017-07-28,2017-10-27,0.033399999999999985,0.9666,0.11004754676575557,0.11004754676575557
21431,2017Q3,2017,HYPE3,2017-10-27,2018-02-02,0.03080000000000005,0.9692,0.05071630502204627,0.05071630502204627
21431,2018Q1,2018,HYPE3,2018-04-26,2018-07-27,0.637,0.363,-0.07156947532590052,-0.07156947532590052
21431,2018Q2,2018,HYPE3,2018-07-27,2018-10-26,0.06659999999999999,0.9334,0.043870338787192376,0.043870338787192376
21431,2018Q3,2018,HYPE3,2018-10-26,2019-02-04,0.01959999999999995,0.9804,-0.05118252480925867,-0.05118252480925867
21431,2019Q1,2019,HYPE3,2019-04-26,2019-07-29,0.1724,0.8276,0.3559624849271035,0.3559624849271035
21431,2019Q2,2019,HYPE3,2019-07-26,2019-10-23,0.03249999999999997,0.9675,0.11653925743479743,0.11653925743479743
21431,2019Q3,2019,HYPE3,2019-10-25,2020-01-30,0.018000000000000016,0.982,-0.010886466751805157,-0.010886466751805157
21431,2020Q1,2020,HYPE3,2020-04-24,2020-07-24,0.11599999999999999,0.884,-0.1517489419302558,-0.1517489419302558
21431,2020Q2,2020,HYPE3,2020-07-24,2020-10-23,0.05300000000000005,0.947,-0.11899292823310959,-0.11899292823310959
21431,2020Q3,2020,HYPE3,2020-10-23,2021-01-28,0.04679999999999995,0.9532,-0.0066184789922293374,-0.0066184789922293374
21431,2021Q1,2021,HYPE3,2021-04-23,2021-07-23,0.0595,0.9405,-0.027485964866180157,-0.027485964866180157
21431,2021Q2,2021,HYPE3,2021-07-23,2021-10-22,0.09770000000000001,0.9023,0.008303913044954703,0.008303913044954703
21431,2021Q3,2021,HYPE3,2021-10-22,2022-01-25,0.02849999999999997,0.9715,0.07473290834724144,0.07473290834724144
21431,2022Q1,2022,HYPE3,2022-04-28,2022-07-27,0.07110000000000005,0.9289,0.13356791826549497,0.13356791826549497
21431,2022Q2,2022,HYPE3,2022-07-28,2022-10-27,0.00990000000000002,0.9901,-0.0066820569120508155,-0.0066820569120508155
21431,2022Q3,2022,HYPE3,2022-10-27,2023-01-27,0.04159999999999997,0.9584,-0.1457644132550967,-0.1457644132550967
21431,2023Q1,2023,HYPE3,2023-04-27,2023-07-27,0.03520000000000001,0.9648,0.10439979985320758,0.10439979985320758
21431,2023Q2,2023,HYPE3,2023-07-27,2023-10-26,0.009700000000000042,0.9903,-0.20302797597403133,-0.20302797597403133
21431,2023Q3,2023,HYPE3,2023-10-26,2024-01-30,0.005700000000000038,0.9943,-0.07634985858926635,-0.07634985858926635
21431,2024Q1,2024,HYPE3,2024-04-26,2024-07-26,0.019199999999999995,0.9808,0.10256594276411768,0.10256594276411768
21431,2024Q2,2024,HYPE3,2024-07-25,2024-10-22,0.013700000000000045,0.9863,0.08022168902635696,0.08022168902635696
21431,2024Q3,2024,HYPE3,2024-11-13,2025-02-18,0.0013999999999999568,0.9986,0.07720912320909523,0.07720912320909523
21431,2025Q1,2025,HYPE3,2025-04-23,2025-07-23,0.03649999999999998,0.9635,0.5398973966753213,0.5398973966753213
21431,2025Q2,2025,HYPE3,2025-08-06,2025-11-03,0.011900000000000022,0.9881,0.022946979311626148,0.022946979311626148
21431,2025Q3,2025,HYPE3,2025-10-28,2026-01-30,0.018000000000000016,0.982,0.0965873186473265,0.0965873186473265
21490,2015Q3,2015,ALUP11,2015-11-13,2016-02-22,0.019199999999999995,0.9808,-0.1166291624661342,-0.1166291624661342
21490,2016Q1,2016,ALUP11,2016-05-12,2016-08-10,0.041200000000000014,0.9588,0.04216922017577551,0.04216922017577551
21490,2016Q2,2016,ALUP11,2016-08-11,2016-11-11,0.021599999999999953,0.9784,0.02256403724673328,0.02256403724673328
21490,2016Q3,2016,ALUP11,2016-11-11,2017-02-13,0.017199999999999993,0.9828,0.08014973513190671,0.08014973513190671
21490,2017Q1,2017,ALUP11,2017-05-15,2017-08-11,0.08589999999999998,0.9141,-0.04137719411538421,-0.04137719411538421
21490,2017Q2,2017,ALUP11,2017-08-14,2017-11-14,0.0009000000000000119,0.9991,-0.07660270142119519,-0.07660270142119519
21490,2017Q3,2017,ALUP11,2017-11-09,2018-02-16,0.006199999999999983,0.9938,0.04128935563443337,0.04128935563443337
21490,2018Q1,2018,ALUP11,2019-05-14,2019-08-13,0.04420000000000002,0.9558,0.023908705674938746,0.023908705674938746
21490,2018Q2,2018,ALUP11,2019-05-27,2019-08-26,0.009299999999999975,0.9907,0.0063058280012706636,0.0063058280012706636
21490,2018Q3,2018,ALUP11,2019-07-12,2019-10-09,0.009499999999999953,0.9905,-0.17188356515848235,-0.17188356515848235
21490,2019Q1,2019,ALUP11,2019-05-22,2019-08-21,0.20889999999999997,0.7911,0.048351973880010224,0.048351973880010224
21490,2019Q2,2019,ALUP11,2019-08-13,2019-11-08,0.0042999999999999705,0.9957,-0.20516167849284028,-0.20516167849284028
21490,2019Q3,2019,ALUP11,2019-11-13,2020-02-18,0.09589999999999999,0.9041,0.0689118180155257,0.0689118180155257
21490,2020Q1,2020,ALUP11,2020-06-01,2020-08-28,0.02969999999999995,0.9703,-0.15512264251063945,-0.15512264251063945
21490,2020Q2,2020,ALUP11,2020-08-12,2020-11-12,0.013800000000000034,0.9862,-0.008592084232480812,-0.008592084232480812
21490,2020Q3,2020,ALUP11,2020-11-11,2021-02-17,0.009499999999999953,0.9905,-0.034948122937059845,-0.034948122937059845
21490,2021Q1,2021,ALUP11,2021-05-10,2021-08-09,0.22360000000000002,0.7764,-0.10403214567635166,-0.10403214567635166
21490,2021Q2,2021,ALUP11,2021-08-09,2021-11-09,0.19220000000000004,0.8078,0.049415996560457254,0.049415996560457254
21490,2021Q3,2021,ALUP11,2021-11-09,2022-02-09,9.999999999998899e-05,0.9999,0.002959041475200763,0.002959041475200763
21490,2022Q1,2022,ALUP11,2022-05-10,2022-08-08,0.0050000000000000044,0.995,-0.008329241634081552,-0.008329241634081552
21490,2022Q3,2022,ALUP11,2022-11-09,2023-02-08,0.047599999999999976,0.9524,0.043747141523861055,0.043747141523861055
21490,2023Q1,2023,ALUP11,2023-05-10,2023-08-08,0.01849999999999996,0.9815,-0.0979623526560709,-0.0979623526560709
21490,2023Q2,2023,ALUP11,2023-08-09,2023-11-09,0.1068,0.8932,0.0563778478268675,0.0563778478268675
21490,2023Q3,2023,ALUP11,2023-11-09,2024-02-14,0.00039999999999995595,0.9996,-0.08485255359598887,-0.08485255359598887
21490,2024Q2,2024,ALUP11,2024-08-08,2024-11-05,0.020499999999999963,0.9795,-0.12247921863675615,-0.12247921863675615
21490,2024Q3,2024,ALUP11,2024-11-07,2025-02-12,0.0049000000000000155,0.9951,0.00407301084578382,0.00407301084578382
21490,2025Q1,2025,ALUP11,2025-05-08,2025-08-06,0.021199999999999997,0.9788,0.0019117116100750842,0.0019117116100750842
21490,2025Q2,2025,ALUP11,2025-08-14,2025-11-11,0.0040999999999999925,0.9959,0.14532356619300946,0.14532356619300946
21776,2011Q3,2011,PRTX3,2011-11-07,2012-02-07,0.9528,0.0472,0.40623220063668697,0.40623220063668697
21776,2012Q1,2012,PRTX3,2012-05-09,2012-08-08,0.7854,0.2146,0.17284846293287237,0.17284846293287237
21881,2011Q2,2011,FLRY3,2011-08-04,2011-11-04,0.1179,0.8821,-0.03512470703226256,-0.03512470703226256
21881,2011Q3,2011,FLRY3,2011-11-03,2012-02-03,0.12339999999999995,0.8766,-0.06663305609605041,-0.06663305609605041
21881,2012Q1,2012,FLRY3,2012-05-03,2012-08-02,0.43779999999999997,0.5622,-0.049745996814114735,-0.049745996814114735
21881,2012Q2,2012,FLRY3,2012-08-02,2012-11-01,0.04300000000000004,0.957,0.08003402867538822,0.08003402867538822
21881,2012Q3,2012,FLRY3,2012-10-31,2013-02-07,0.02969999999999995,0.9703,-0.0601357628248268,-0.0601357628248268
21881,2013Q1,2013,FLRY3,2013-05-03,2013-08-02,0.24219999999999997,0.7578,0.08716808318905023,0.08716808318905023
21881,2013Q2,2013,FLRY3,2013-08-01,2013-10-29,0.1008,0.8992,-0.05481594461871819,-0.05481594461871819
21881,2013Q3,2013,FLRY3,2013-10-31,2014-02-05,0.030399999999999983,0.9696,0.1245274118693167,0.1245274118693167
21881,2015Q1,2015,FLRY3,2015-04-29,2015-07-30,0.07310000000000005,0.9269,-0.0003086615002935167,-0.0003086615002935167
21881,2015Q2,2015,FLRY3,2015-07-30,2015-10-29,0.031100000000000017,0.9689,-0.09183929231066412,-0.09183929231066412
21881,2015Q3,2015,FLRY3,2015-10-29,2016-02-04,0.885,0.115,-0.1390695427601334,-0.1390695427601334
21881,2016Q1,2016,FLRY3,2016-04-28,2016-07-27,0.2683,0.7317,0.1702007104651515,0.1702007104651515
21881,2019Q2,2019,FLRY3,2019-07-25,2019-10-22,0.7174,0.2826,0.05685625546356965,0.05685625546356965
21881,2019Q3,2019,FLRY3,2019-10-24,2020-01-29,0.7038,0.2962,0.15479398035411496,0.15479398035411496
21881,2020Q1,2020,FLRY3,2020-05-14,2020-08-12,0.053100000000000036,0.9469,0.04925465530644968,0.04925465530644968
21881,2022Q1,2022,FLRY3,2022-05-05,2022-08-03,0.0041999999999999815,0.9958,0.2823813109535629,0.2823813109535629
21881,2022Q2,2022,FLRY3,2022-08-04,2022-11-04,0.009099999999999997,0.9909,0.06274578083864801,0.06274578083864801
21881,2022Q3,2022,FLRY3,2022-11-03,2023-02-02,0.008099999999999996,0.9919,-0.08203012915357166,-0.08203012915357166
21881,2023Q1,2023,FLRY3,2023-05-04,2023-08-02,0.0040000000000000036,0.996,-0.04079395978545264,-0.04079395978545264
21881,2023Q3,2023,FLRY3,2023-11-09,2024-02-14,0.35309999999999997,0.6469,-0.06541508485273728,-0.06541508485273728
21881,2024Q1,2024,FLRY3,2024-05-09,2024-08-07,0.19820000000000004,0.8018,-0.007027423997723381,-0.007027423997723381
21881,2024Q2,2024,FLRY3,2024-08-08,2024-11-05,0.2128,0.7872,-0.041361983419306636,-0.041361983419306636
21881,2024Q3,2024,FLRY3,2024-11-07,2025-02-12,0.0030999999999999917,0.9969,-0.08000512261750481,-0.08000512261750481
21881,2025Q1,2025,FLRY3,2025-05-08,2025-08-06,0.21940000000000004,0.7806,0.19806486678881985,0.19806486678881985
21881,2025Q2,2025,FLRY3,2025-08-07,2025-11-04,0.013599999999999945,0.9864,-0.03972539284669607,-0.03972539284669607
21881,2025Q3,2025,FLRY3,2025-11-06,2026-02-10,0.013299999999999979,0.9867,0.11929551780605752,0.11929551780605752
22012,2012Q2,2012,MILS3,2012-08-08,2012-11-08,0.009399999999999964,0.9906,-0.08186182890469351,-0.08186182890469351
22012,2012Q3,2012,MILS3,2012-11-08,2013-02-18,0.22740000000000005,0.7726,-0.02257696360962902,-0.02257696360962902
22012,2013Q1,2013,MILS3,2013-05-08,2013-08-07,0.005099999999999993,0.9949,-0.17137435442140847,-0.17137435442140847
22012,2013Q2,2013,MILS3,2013-08-06,2013-11-01,0.0030999999999999917,0.9969,0.06347834382710538,0.06347834382710538
22012,2013Q3,2013,MILS3,2013-11-06,2014-02-11,0.00880000000000003,0.9912,0.02257937205474514,0.02257937205474514
22012,2014Q1,2014,MILS3,2014-05-06,2014-08-06,0.01739999999999997,0.9826,-0.20141293426604723,-0.20141293426604723
22012,2014Q2,2014,MILS3,2014-08-06,2014-11-03,0.07550000000000001,0.9245,-0.22200412020804705,-0.22200412020804705
22012,2014Q3,2014,MILS3,2014-11-05,2015-02-09,0.0017000000000000348,0.9983,-0.4076802613824284,-0.4076802613824284
22012,2015Q1,2015,MILS3,2015-05-06,2015-08-05,0.08979999999999999,0.9102,0.4908399504982537,0.4908399504982537
22012,2015Q2,2015,MILS3,2015-08-05,2015-11-05,0.0030999999999999917,0.9969,0.061421456010756215,0.061421456010756215
22012,2015Q3,2015,MILS3,2015-11-05,2016-02-12,0.0012999999999999678,0.9987,-0.2993629890088466,-0.2993629890088466
22012,2016Q1,2016,MILS3,2016-05-05,2016-08-03,0.08130000000000004,0.9187,-0.04710290428286101,-0.04710290428286101
22012,2016Q2,2016,MILS3,2016-08-03,2016-11-03,0.008099999999999996,0.9919,-0.23123839900260834,-0.23123839900260834
22012,2016Q3,2016,MILS3,2016-11-07,2017-02-07,0.050799999999999956,0.9492,-0.13951620874791038,-0.13951620874791038
22012,2017Q1,2017,MILS3,2017-05-10,2017-08-08,0.1492,0.8508,0.1596547411407956,0.1596547411407956
22012,2017Q2,2017,MILS3,2017-08-08,2017-11-08,0.005099999999999993,0.9949,0.0605008589400966,0.0605008589400966
22012,2017Q3,2017,MILS3,2017-11-08,2018-02-15,0.022700000000000053,0.9773,-0.16779169498164126,-0.16779169498164126
22012,2018Q1,2018,MILS3,2018-05-09,2018-08-08,0.07340000000000002,0.9266,-0.174059924767484,-0.174059924767484
22012,2018Q2,2018,MILS3,2018-08-08,2018-11-08,0.0040000000000000036,0.996,0.36319619020327343,0.36319619020327343
22012,2018Q3,2018,MILS3,2018-11-07,2019-02-13,0.018199999999999994,0.9818,0.45985020739903737,0.45985020739903737
22012,2019Q1,2019,MILS3,2019-05-09,2019-08-08,0.06620000000000004,0.9338,0.1537770986768081,0.1537770986768081
22012,2019Q2,2019,MILS3,2019-08-14,2019-11-11,0.16569999999999996,0.8343,-0.3582905819188371,-0.3582905819188371
22012,2019Q3,2019,MILS3,2019-11-13,2020-02-18,0.007199999999999984,0.9928,-0.0884692784938752,-0.0884692784938752
22012,2020Q1,2020,MILS3,2020-05-14,2020-08-12,0.031100000000000017,0.9689,0.17538635896664667,0.17538635896664667
22012,2020Q2,2020,MILS3,2020-08-13,2020-11-13,0.011099999999999999,0.9889,-0.16194191523617296,-0.16194191523617296
22012,2020Q3,2020,MILS3,2020-11-12,2021-02-18,0.016100000000000003,0.9839,-0.11784461016761716,-0.11784461016761716
22012,2021Q1,2021,MILS3,2021-05-13,2021-08-12,0.20330000000000004,0.7967,-0.2900521470613633,-0.2900521470613633
22012,2021Q2,2021,MILS3,2021-08-12,2021-11-12,0.009499999999999953,0.9905,-0.07797277811210734,-0.07797277811210734
22012,2021Q3,2021,MILS3,2021-11-11,2022-02-11,0.03979999999999995,0.9602,0.09147368230850272,0.09147368230850272
22012,2022Q1,2022,MILS3,2022-05-11,2022-08-09,0.08379999999999999,0.9162,0.03349773976093484,0.03349773976093484
22012,2022Q2,2022,MILS3,2022-08-15,2022-11-16,0.007000000000000006,0.993,0.3746521839229535,0.3746521839229535
22012,2022Q3,2022,MILS3,2022-11-10,2023-02-09,0.04290000000000005,0.9571,-0.31415251064088545,-0.31415251064088545
22012,2023Q1,2023,MILS3,2023-05-15,2023-08-11,0.04410000000000003,0.9559,0.07323371512188714,0.07323371512188714
22012,2023Q2,2023,MILS3,2023-08-10,2023-11-10,0.022700000000000053,0.9773,-0.15362948856539793,-0.15362948856539793
22012,2024Q1,2024,MILS3,2024-05-08,2024-08-06,0.7004,0.2996,-0.2978808238817958,-0.2978808238817958
22012,2024Q2,2024,MILS3,2024-08-13,2024-11-08,0.12139999999999995,0.8786,-0.03380336744192747,-0.03380336744192747
22012,2024Q3,2024,MILS3,2024-11-06,2025-02-11,0.017000000000000015,0.983,-0.0586241004254735,-0.0586241004254735
22012,2025Q1,2025,MILS3,2025-05-07,2025-08-05,0.14190000000000003,0.8581,0.007793035238027324,0.007793035238027324
22012,2025Q2,2025,MILS3,2025-08-12,2025-11-07,0.007099999999999995,0.9929,0.08269392539850862,0.08269392539850862
22055,2011Q2,2011,AMAR3,2011-08-03,2011-11-03,0.18769999999999998,0.8123,0.060287074516973016,0.060287074516973016
22055,2011Q3,2011,AMAR3,2011-11-07,2012-02-07,0.12250000000000005,0.8775,-0.03971670072195177,-0.03971670072195177
22055,2012Q1,2012,AMAR3,2012-05-03,2012-08-02,0.2077,0.7923,0.11906130710344587,0.11906130710344587
22055,2012Q2,2012,AMAR3,2012-08-02,2012-11-01,0.050000000000000044,0.95,0.17535149447997478,0.17535149447997478
22055,2012Q3,2012,AMAR3,2012-10-31,2013-02-07,0.06999999999999995,0.93,0.03183964733374123,0.03183964733374123
22055,2013Q1,2013,AMAR3,2013-04-30,2013-07-31,0.07210000000000005,0.9279,-0.3043508508010436,-0.3043508508010436
22055,2014Q1,2014,AMAR3,2014-05-08,2014-08-08,0.07630000000000003,0.9237,0.27340021437005824,0.27340021437005824
22055,2014Q2,2014,AMAR3,2014-08-07,2014-11-04,0.09150000000000003,0.9085,0.012793798454638683,0.012793798454638683
22055,2014Q3,2014,AMAR3,2014-11-06,2015-02-10,0.049799999999999955,0.9502,0.2513881608832407,0.2513881608832407
22055,2015Q1,2015,AMAR3,2015-05-04,2015-08-03,0.4134,0.5866,-0.435447030055919,-0.435447030055919
22055,2015Q2,2015,AMAR3,2015-09-21,2015-12-22,0.028200000000000003,0.9718,-0.27720749847789683,-0.27720749847789683
22055,2015Q3,2015,AMAR3,2015-10-27,2016-02-02,0.17079999999999995,0.8292,-0.22508386060972718,-0.22508386060972718
22055,2016Q1,2016,AMAR3,2016-05-02,2016-08-01,0.03320000000000001,0.9668,-0.1901430936298255,-0.1901430936298255
22055,2017Q2,2017,AMAR3,2017-08-10,2017-11-10,0.015900000000000025,0.9841,-0.02030781705170015,-0.02030781705170015
22055,2017Q3,2017,AMAR3,2017-10-26,2018-02-01,0.015900000000000025,0.9841,-0.086830226737169,-0.086830226737169
22055,2019Q2,2019,AMAR3,2019-08-09,2019-11-06,0.3752,0.6248,-0.028848780841680965,-0.028848780841680965
22055,2019Q3,2019,AMAR3,2019-11-07,2020-02-12,0.5724,0.4276,-0.11466538853047337,-0.11466538853047337
22055,2020Q1,2020,AMAR3,2020-05-29,2020-08-27,0.7541,0.2459,-0.27572388055077346,-0.27572388055077346
22055,2020Q2,2020,AMAR3,2020-08-24,2020-11-24,0.38660000000000005,0.6134,-0.12685572627353103,-0.12685572627353103
22055,2020Q3,2020,AMAR3,2020-11-09,2021-02-11,0.02749999999999997,0.9725,-0.2703067047869969,-0.2703067047869969
22055,2022Q1,2022,AMAR3,2022-05-25,2022-08-23,0.051899999999999946,0.9481,0.07479937927825464,0.07479937927825464
22055,2022Q2,2022,AMAR3,2022-08-11,2022-11-11,0.026699999999999946,0.9733,-0.16108227417148613,-0.16108227417148613
22055,2022Q3,2022,AMAR3,2022-11-10,2023-02-09,0.0017000000000000348,0.9983,-0.38112007776198453,-0.38112007776198453
22055,2023Q1,2023,AMAR3,2023-05-15,2023-08-11,0.9631,0.0369,0.11790530194217741,0.11790530194217741
22055,2023Q2,2023,AMAR3,2023-08-09,2023-11-09,0.9678,0.0322,0.1871855370231843,0.1871855370231843
22055,2023Q3,2023,AMAR3,2023-11-16,2024-02-20,0.013399999999999967,0.9866,-0.01640385422395174,-0.01640385422395174
22055,2024Q1,2024,AMAR3,2024-09-09,2024-12-09,0.2157,0.7843,0.025103946635349095,0.025103946635349095
22055,2024Q2,2024,AMAR3,2024-09-13,2024-12-13,0.03090000000000004,0.9691,0.0862883259117424,0.0862883259117424
22055,2024Q3,2024,AMAR3,2024-11-12,2025-02-17,0.03190000000000004,0.9681,0.7225982793748369,0.7225982793748369
22055,2025Q1,2025,AMAR3,2025-05-15,2025-08-13,0.06979999999999997,0.9302,-0.35026360972713566,-0.35026360972713566
22055,2025Q2,2025,AMAR3,2025-08-11,2025-11-06,0.06520000000000004,0.9348,-0.10216043560444021,-0.10216043560444021
22136,2015Q3,2015,TERI3,2015-11-10,2016-02-17,0.010099999999999998,0.9899,1.3478452007559518,0.7496355521156113
22187,2012Q2,2012,PRIO3,2012-08-09,2012-11-09,1.0,0.0,0.6236244643537148,0.6236244643537148
22187,2012Q3,2012,PRIO3,2012-11-12,2013-02-20,0.22440000000000004,0.7756,-0.26716373789732684,-0.26716373789732684
22187,2015Q1,2015,PRIO3,2015-05-14,2015-08-13,0.8658,0.1342,-0.19841874660127645,-0.19841874660127645
22187,2015Q2,2015,PRIO3,2015-08-20,2015-11-23,0.8027,0.1973,-0.3979831022704392,-0.3979831022704392
22187,2015Q3,2015,PRIO3,2015-11-12,2016-02-19,0.01090000000000002,0.9891,0.20050885743232083,0.20050885743232083
22187,2016Q1,2016,PRIO3,2016-05-12,2016-08-10,0.20489999999999997,0.7951,-0.31107815652225357,-0.31107815652225357
22187,2016Q2,2016,PRIO3,2016-08-11,2016-11-14,0.0030999999999999917,0.9969,-0.22288104131628372,-0.22288104131628372
22187,2020Q1,2020,PRIO3,2020-11-04,2021-02-08,0.8648,0.1352,0.40214340485276145,0.40214340485276145
22187,2020Q3,2020,PRIO3,2020-11-18,2021-02-24,0.482,0.518,0.46961597972448965,0.46961597972448965
22187,2021Q2,2021,PRIO3,2021-08-02,2021-11-01,0.9365,0.0635,0.3178332743408874,0.3178332743408874
22187,2021Q3,2021,PRIO3,2021-11-05,2022-02-07,0.0,1.0,-0.3075898140292668,-0.3075898140292668
22187,2024Q1,2024,PRIO3,2024-05-07,2024-08-05,0.1189,0.8811,-0.154989000769591,-0.154989000769591
22187,2024Q2,2024,PRIO3,2024-08-06,2024-11-01,0.0038000000000000256,0.9962,-0.10998988897939288,-0.10998988897939288
22187,2025Q3,2025,PRIO3,2025-11-04,2026-02-06,0.08940000000000003,0.9106,0.37272107810218724,0.37272107810218724
22349,2012Q1,2012,AZZA3,2012-05-02,2012-08-01,0.09430000000000005,0.9057,0.10016451710397911,0.10016451710397911
22349,2014Q3,2014,AZZA3,2014-10-29,2015-02-02,0.011700000000000044,0.9883,0.16628508966648758,0.16628508966648758
22349,2015Q1,2015,AZZA3,2015-05-06,2015-08-05,0.0252,0.9748,-0.1529776614322197,-0.1529776614322197
22349,2015Q2,2015,AZZA3,2015-08-05,2015-11-05,0.03590000000000004,0.9641,0.1926651269946642,0.1926651269946642
22349,2015Q3,2015,AZZA3,2015-11-05,2016-02-12,0.025699999999999945,0.9743,-0.08568774989693517,-0.08568774989693517
22349,2016Q1,2016,AZZA3,2016-05-04,2016-08-02,0.0605,0.9395,-0.10107894749538693,-0.10107894749538693
22349,2016Q2,2016,AZZA3,2016-08-03,2016-11-03,0.012199999999999989,0.9878,-0.031608198318323955,-0.031608198318323955
22349,2016Q3,2016,AZZA3,2016-11-03,2017-02-03,0.013700000000000045,0.9863,0.05844969249056353,0.05844969249056353
22349,2017Q1,2017,AZZA3,2017-05-09,2017-08-07,0.02859999999999996,0.9714,0.02461035029430625,0.02461035029430625
22349,2017Q2,2017,AZZA3,2017-08-02,2017-11-01,0.02529999999999999,0.9747,0.15206352360244613,0.15206352360244613
22349,2017Q3,2017,AZZA3,2017-10-31,2018-02-06,0.01639999999999997,0.9836,0.011739399148391172,0.011739399148391172
22349,2018Q1,2018,AZZA3,2018-05-09,2018-08-08,0.05269999999999997,0.9473,0.029963249852625884,0.029963249852625884
22349,2018Q2,2018,AZZA3,2018-08-01,2018-10-31,0.05020000000000002,0.9498,0.14482529803997202,0.14482529803997202
22349,2018Q3,2018,AZZA3,2018-10-31,2019-02-07,0.02529999999999999,0.9747,-0.043341244137830026,-0.043341244137830026
22349,2022Q1,2022,AZZA3,2022-05-05,2022-08-03,0.09999999999999998,0.9,-0.05709931579782335,-0.05709931579782335
22349,2022Q2,2022,AZZA3,2022-08-12,2022-11-14,0.04159999999999997,0.9584,0.010916160550371812,0.010916160550371812
22349,2022Q3,2022,AZZA3,2022-11-08,2023-02-07,0.03359999999999996,0.9664,-0.0794345660532233,-0.0794345660532233
22349,2023Q1,2023,AZZA3,2023-05-03,2023-08-01,0.05500000000000005,0.945,0.06560487087944078,0.06560487087944078
22349,2023Q2,2023,AZZA3,2023-08-11,2023-11-13,0.03810000000000002,0.9619,-0.24656256075381866,-0.24656256075381866
22349,2023Q3,2023,AZZA3,2023-11-07,2024-02-08,0.026499999999999968,0.9735,0.05510740883269016,0.05510740883269016
22349,2024Q1,2024,AZZA3,2024-05-08,2024-08-06,0.10599999999999998,0.894,0.012885406554858037,0.012885406554858037
22349,2024Q2,2024,AZZA3,2024-08-13,2024-11-08,0.02300000000000002,0.977,-0.08800326978838702,-0.08800326978838702
22349,2024Q3,2024,AZZA3,2024-12-17,2025-03-24,0.24780000000000002,0.7522,-0.1618803074712023,-0.1618803074712023
22349,2025Q1,2025,AZZA3,2025-05-07,2025-08-05,0.11599999999999999,0.884,0.16137745072046128,0.16137745072046128
22349,2025Q3,2025,AZZA3,2025-11-10,2026-02-12,0.03869999999999996,0.9613,-0.08702106002280618,-0.08702106002280618
22357,2011Q2,2011,ALOS3,2011-08-10,2011-11-10,0.08950000000000002,0.9105,-0.09440070010849932,-0.09440070010849932
22357,2011Q3,2011,ALOS3,2011-11-08,2012-02-08,0.007099999999999995,0.9929,-0.06297443803424174,-0.06297443803424174
22357,2012Q1,2012,ALOS3,2012-05-10,2012-08-09,0.04630000000000001,0.9537,-0.15909919538011807,-0.15909919538011807
22357,2012Q2,2012,ALOS3,2012-08-09,2012-11-09,0.011199999999999988,0.9888,-0.015617736420784012,-0.015617736420784012
22357,2012Q3,2012,ALOS3,2012-11-05,2013-02-13,0.053100000000000036,0.9469,-0.20317122687903733,-0.20317122687903733
22357,2013Q1,2013,ALOS3,2013-05-08,2013-08-07,0.03480000000000005,0.9652,-0.07950849386101322,-0.07950849386101322
22357,2013Q3,2013,ALOS3,2013-11-06,2014-02-11,0.03190000000000004,0.9681,-0.1060223462480041,-0.1060223462480041
22357,2014Q1,2014,ALOS3,2014-05-14,2014-08-14,0.07189999999999996,0.9281,0.13120629980618514,0.13120629980618514
22357,2014Q2,2014,ALOS3,2014-08-13,2014-11-10,0.020499999999999963,0.9795,0.0321073513580048,0.0321073513580048
22357,2014Q3,2014,ALOS3,2014-11-05,2015-02-09,0.014599999999999946,0.9854,0.005290295024928504,0.005290295024928504
22357,2021Q2,2021,ALOS3,2021-08-11,2021-11-11,0.8102,0.1898,-0.13631620774577702,-0.13631620774577702
22357,2023Q1,2023,ALOS3,2023-05-25,2023-08-23,0.1412,0.8588,-0.027611878420002678,-0.027611878420002678
22357,2023Q2,2023,ALOS3,2023-08-14,2023-11-14,0.0018000000000000238,0.9982,-0.009893801944214853,-0.009893801944214853
22357,2024Q1,2024,ALOS3,2024-05-09,2024-08-07,0.4174,0.5826,0.10880587222251648,0.10880587222251648
22365,2011Q2,2011,ENAT3,2011-08-10,2011-11-10,0.03810000000000002,0.9619,-0.024543535697329033,-0.024543535697329033
22365,2011Q3,2011,ENAT3,2011-11-09,2012-02-09,0.2118,0.7882,-0.2783406121720373,-0.2783406121720373
22365,2012Q1,2012,ENAT3,2012-05-09,2012-08-08,0.19530000000000003,0.8047,-0.09190443200740506,-0.09190443200740506
22365,2012Q2,2012,ENAT3,2012-08-15,2012-11-16,0.31420000000000003,0.6858,0.3947435180733938,0.3947435180733938
22365,2012Q3,2012,ENAT3,2012-11-08,2013-02-18,0.0,1.0,0.09373674834181478,0.09373674834181478
22365,2014Q2,2014,ENAT3,2014-08-13,2014-11-10,0.15239999999999998,0.8476,0.1670350667501963,0.1670350667501963
22365,2014Q3,2014,ENAT3,2014-11-12,2015-02-18,0.18269999999999997,0.8173,-0.17972797269710217,-0.17972797269710217
22365,2015Q1,2015,ENAT3,2016-03-10,2016-06-10,0.3248,0.6752,-0.20024986531037148,-0.20024986531037148
22365,2015Q2,2015,ENAT3,2016-03-10,2016-06-10,0.010000000000000009,0.99,-0.20024986531037148,-0.20024986531037148
22365,2015Q3,2015,ENAT3,2016-03-10,2016-06-10,0.007000000000000006,0.993,-0.20024986531037148,-0.20024986531037148
22365,2016Q1,2016,ENAT3,2016-05-11,2016-08-09,0.03369999999999995,0.9663,0.3872668202898051,0.3872668202898051
22365,2016Q2,2016,ENAT3,2016-08-10,2016-11-10,0.012499999999999956,0.9875,-0.15119059706948912,-0.15119059706948912
22365,2016Q3,2016,ENAT3,2016-11-09,2017-02-09,0.005900000000000016,0.9941,0.19627170714355802,0.19627170714355802
22365,2017Q3,2017,ENAT3,2017-11-08,2018-02-15,0.0028000000000000247,0.9972,-0.031067131767827938,-0.031067131767827938
22365,2018Q1,2018,ENAT3,2018-05-09,2018-08-08,0.005099999999999993,0.9949,0.18171007778482728,0.18171007778482728
22365,2018Q2,2018,ENAT3,2018-08-08,2018-11-08,0.0027000000000000357,0.9973,-0.3154002663809945,-0.3154002663809945
22365,2018Q3,2018,ENAT3,2018-11-12,2019-02-18,0.0029000000000000137,0.9971,-0.0702842251690099,-0.0702842251690099
22365,2019Q1,2019,ENAT3,2019-05-08,2019-08-07,0.027100000000000013,0.9729,-0.35727842612975524,-0.35727842612975524
22365,2019Q2,2019,ENAT3,2019-08-07,2019-11-04,0.0023999999999999577,0.9976,0.14941686017343114,0.14941686017343114
22365,2019Q3,2019,ENAT3,2019-11-11,2020-02-14,0.0026000000000000467,0.9974,0.01987584324540781,0.01987584324540781
22365,2021Q3,2021,ENAT3,2021-11-10,2022-02-10,0.04469999999999996,0.9553,-0.07866709336728761,-0.07866709336728761
22365,2022Q1,2022,ENAT3,2022-05-12,2022-08-10,0.14190000000000003,0.8581,-0.3263154571507666,-0.3263154571507666
22365,2022Q2,2022,ENAT3,2022-08-11,2022-11-11,0.050000000000000044,0.95,-0.2837290432523224,-0.2837290432523224
22365,2023Q2,2023,ENAT3,2023-08-03,2023-11-03,0.0028000000000000247,0.9972,0.4752472527768068,0.4752472527768068
22365,2023Q3,2023,ENAT3,2023-11-10,2024-02-15,0.0524,0.9476,0.13943459294727378,0.13943459294727378
22470,2011Q3,2011,MGLU3,2011-11-16,2012-02-15,0.19840000000000002,0.8016,-0.05003896007584685,-0.05003896007584685
22470,2012Q1,2012,MGLU3,2012-05-14,2012-08-13,0.3406,0.6594,-0.043695778084535286,-0.043695778084535286
22470,2012Q2,2012,MGLU3,2012-08-14,2012-11-14,0.08089999999999997,0.9191,-0.001574330354638609,-0.001574330354638609
22470,2012Q3,2012,MGLU3,2012-11-12,2013-02-20,0.01980000000000004,0.9802,-0.027625940721066278,-0.027625940721066278
22470,2013Q1,2013,MGLU3,2013-05-13,2013-08-12,0.13180000000000003,0.8682,-0.11473081973781218,-0.11473081973781218
22470,2013Q2,2013,MGLU3,2013-08-12,2013-11-07,0.006399999999999961,0.9936,0.8034155131479139,0.7496355521156113
22470,2013Q3,2013,MGLU3,2013-10-31,2014-02-05,0.016199999999999992,0.9838,0.15565964876755434,0.15565964876755434
22470,2014Q1,2014,MGLU3,2014-05-08,2014-08-08,0.07289999999999996,0.9271,-0.008998796896936057,-0.008998796896936057
22470,2014Q2,2014,MGLU3,2014-07-31,2014-10-28,0.07210000000000005,0.9279,-0.07220965618387165,-0.07220965618387165
22470,2014Q3,2014,MGLU3,2014-10-30,2015-02-03,0.026699999999999946,0.9733,0.08488396247131003,0.08488396247131003
22470,2018Q3,2018,MGLU3,2018-11-05,2019-02-11,0.04590000000000005,0.9541,-0.3465597885718892,-0.3465597885718892
22470,2023Q1,2023,MGLU3,2023-05-15,2023-08-11,0.6819999999999999,0.318,-0.4610715364006256,-0.4610715364006256
22470,2024Q1,2024,MGLU3,2024-05-09,2024-08-07,0.027100000000000013,0.9729,-0.04373433383195957,-0.04373433383195957
22470,2024Q2,2024,MGLU3,2024-08-09,2024-11-06,0.01200000000000001,0.988,-0.03068991555583156,-0.03068991555583156
22470,2024Q3,2024,MGLU3,2024-11-07,2025-02-12,0.7845,0.2155,0.023250557093756674,0.023250557093756674
22470,2025Q1,2025,MGLU3,2025-05-08,2025-08-06,0.7589,0.2411,-0.27589197248556974,-0.27589197248556974
22470,2025Q2,2025,MGLU3,2025-08-07,2025-11-04,0.3155,0.6845,0.18596726699131483,0.18596726699131483
22470,2025Q3,2025,MGLU3,2025-11-06,2026-02-10,0.0026000000000000467,0.9974,0.35907484950695645,0.35907484950695645
23035,2013Q2,2013,LINX3,2013-08-07,2013-11-04,0.032299999999999995,0.9677,-0.06011389957310087,-0.06011389957310087
23035,2013Q3,2013,LINX3,2013-11-07,2014-02-12,0.0009000000000000119,0.9991,-0.09544267231352,-0.09544267231352
23035,2014Q1,2014,LINX3,2014-05-08,2014-08-08,0.05810000000000004,0.9419,-0.03955967855755149,-0.03955967855755149
23035,2014Q2,2014,LINX3,2014-08-07,2014-11-04,0.05069999999999997,0.9493,-0.015640028148724894,-0.015640028148724894
23035,2014Q3,2014,LINX3,2014-11-06,2015-02-10,0.02749999999999997,0.9725,-0.12783647357632566,-0.12783647357632566
23035,2015Q1,2015,LINX3,2015-05-07,2015-08-06,0.10099999999999998,0.899,0.06494417328517477,0.06494417328517477
23035,2015Q2,2015,LINX3,2015-08-06,2015-11-06,0.012499999999999956,0.9875,0.042775763621110574,0.042775763621110574
23035,2015Q3,2015,LINX3,2015-11-05,2016-02-12,0.006399999999999961,0.9936,0.024859091819286805,0.024859091819286805
23035,2016Q1,2016,LINX3,2016-05-09,2016-08-05,0.07420000000000004,0.9258,-0.0021275884318635585,-0.0021275884318635585
23035,2016Q2,2016,LINX3,2016-08-08,2016-11-08,0.0010000000000000009,0.999,-0.07578526597762336,-0.07578526597762336
23035,2016Q3,2016,LINX3,2016-11-07,2017-02-07,0.008499999999999952,0.9915,-0.0038638291028685323,-0.0038638291028685323
23035,2017Q1,2017,LINX3,2017-05-16,2017-08-14,0.1713,0.8287,-0.030502630021659538,-0.030502630021659538
23035,2017Q2,2017,LINX3,2017-08-07,2017-11-07,0.0040000000000000036,0.996,0.13154381764021927,0.13154381764021927
23035,2017Q3,2017,LINX3,2017-11-06,2018-02-09,0.005499999999999949,0.9945,-0.05792060037650648,-0.05792060037650648
23035,2018Q2,2018,LINX3,2018-08-28,2018-11-30,0.10740000000000005,0.8926,0.5655213617422576,0.5655213617422576
23035,2018Q3,2018,LINX3,2018-11-12,2019-02-18,0.010000000000000009,0.99,-0.015094066758335911,-0.015094066758335911
23221,2014Q1,2014,SEER3,2014-05-15,2014-08-15,0.5252,0.4748,-0.022257892501104548,-0.022257892501104548
23221,2014Q2,2014,SEER3,2014-08-14,2014-11-11,0.05469999999999997,0.9453,0.07914105106806679,0.07914105106806679
23221,2014Q3,2014,SEER3,2014-11-17,2015-02-23,0.06279999999999997,0.9372,-0.45399640227544935,-0.45399640227544935
23221,2015Q1,2015,SEER3,2015-05-15,2015-08-14,0.0353,0.9647,-0.2046679083342695,-0.2046679083342695
23221,2015Q2,2015,SEER3,2015-08-14,2015-11-16,0.20209999999999995,0.7979,-0.10760342324891992,-0.10760342324891992
23221,2015Q3,2015,SEER3,2015-11-18,2016-02-25,0.16279999999999994,0.8372,0.23145996435049887,0.23145996435049887
23221,2016Q1,2016,SEER3,2016-05-06,2016-08-04,0.12319999999999998,0.8768,0.32772375437322077,0.32772375437322077
23221,2016Q2,2016,SEER3,2016-08-05,2016-11-07,0.02529999999999999,0.9747,0.19728462091867116,0.19728462091867116
23221,2016Q3,2016,SEER3,2016-11-04,2017-02-06,0.0030000000000000027,0.997,-0.17522500580067346,-0.17522500580067346
23221,2017Q1,2017,SEER3,2017-05-05,2017-08-03,0.060899999999999954,0.9391,-0.06942915791412785,-0.06942915791412785
23221,2017Q2,2017,SEER3,2017-08-04,2017-11-06,0.009000000000000008,0.991,-0.033709120542628535,-0.033709120542628535
23221,2017Q3,2017,SEER3,2017-11-08,2018-02-15,0.040200000000000014,0.9598,0.004956482118449346,0.004956482118449346
23221,2018Q1,2018,SEER3,2018-05-09,2018-08-08,0.14470000000000005,0.8553,0.4033708063339929,0.4033708063339929
23221,2018Q2,2018,SEER3,2018-08-09,2018-11-09,0.0037000000000000366,0.9963,-0.05421730506620992,-0.05421730506620992
23221,2018Q3,2018,SEER3,2018-11-07,2019-02-13,0.0032999999999999696,0.9967,0.2721937105342622,0.2721937105342622
23221,2019Q3,2019,SEER3,2019-11-12,2020-02-17,0.00660000000000005,0.9934,0.08504159632500974,0.08504159632500974
23221,2020Q1,2020,SEER3,2020-05-15,2020-08-13,0.014100000000000001,0.9859,-0.18333481000898566,-0.18333481000898566
23221,2020Q2,2020,SEER3,2020-08-24,2020-11-24,0.07240000000000002,0.9276,0.03209571867444172,0.03209571867444172
23221,2020Q3,2020,SEER3,2020-11-13,2021-02-19,0.0032999999999999696,0.9967,0.07400324334559705,0.07400324334559705
23221,2021Q1,2021,SEER3,2021-05-14,2021-08-13,0.021199999999999997,0.9788,0.12768208072155973,0.12768208072155973
23221,2021Q2,2021,SEER3,2021-08-13,2021-11-16,0.042200000000000015,0.9578,-0.21005915046332047,-0.21005915046332047
23221,2021Q3,2021,SEER3,2021-11-12,2022-02-14,0.14870000000000005,0.8513,0.11761628053596795,0.11761628053596795
23221,2022Q1,2022,SEER3,2022-05-13,2022-08-11,0.4736,0.5264,-0.29592384162618535,-0.29592384162618535
23221,2022Q2,2022,SEER3,2022-08-12,2022-11-14,0.21950000000000003,0.7805,0.2368098177383613,0.2368098177383613
23221,2022Q3,2022,SEER3,2023-01-20,2023-04-25,0.21840000000000004,0.7816,-0.04975642559378379,-0.04975642559378379
23221,2023Q1,2023,SEER3,2023-05-15,2023-08-11,0.3429,0.6571,0.5711118855812904,0.5711118855812904
23221,2023Q2,2023,SEER3,2023-08-14,2023-11-14,0.34019999999999995,0.6598,0.13886535851119342,0.13886535851119342
23221,2023Q3,2023,SEER3,2023-11-14,2024-02-19,0.025900000000000034,0.9741,-0.08087905510206028,-0.08087905510206028
23221,2024Q1,2024,SEER3,2024-05-10,2024-08-08,0.5136000000000001,0.4864,-0.15260898739224849,-0.15260898739224849
23221,2024Q2,2024,SEER3,2024-08-12,2024-11-07,0.0030999999999999917,0.9969,0.35490604772326884,0.35490604772326884
23221,2024Q3,2024,SEER3,2024-11-12,2025-02-17,0.05889999999999995,0.9411,-0.328212672536939,-0.328212672536939
23221,2025Q1,2025,SEER3,2025-05-14,2025-08-12,0.01980000000000004,0.9802,-0.10615703346223515,-0.10615703346223515
23221,2025Q2,2025,SEER3,2025-08-14,2025-11-11,0.05940000000000001,0.9406,-0.02056017213968775,-0.02056017213968775
23248,2014Q1,2014,ANIM3,2014-05-08,2014-08-08,0.8901,0.1099,-0.25478065770150127,-0.25478065770150127
23248,2014Q2,2014,ANIM3,2014-08-11,2014-11-06,0.8904,0.1096,0.05333944831767745,0.05333944831767745
23248,2014Q3,2014,ANIM3,2014-11-12,2015-02-18,0.03190000000000004,0.9681,-0.3880380770209255,-0.3880380770209255
23248,2015Q1,2015,ANIM3,2015-05-07,2015-08-06,0.933,0.067,-0.22148719784639959,-0.22148719784639959
23248,2015Q2,2015,ANIM3,2015-08-05,2015-11-05,0.9346,0.0654,0.15062539983424883,0.15062539983424883
23248,2015Q3,2015,ANIM3,2015-11-09,2016-02-16,0.9453,0.0547,0.1207216287254429,0.1207216287254429
23248,2016Q1,2016,ANIM3,2016-05-12,2016-08-10,0.14959999999999996,0.8504,0.4331346767397537,0.4331346767397537
23248,2016Q2,2016,ANIM3,2016-08-11,2016-11-11,0.9383,0.0617,-0.08135731114398737,-0.08135731114398737
23248,2016Q3,2016,ANIM3,2016-11-08,2017-02-08,0.9523,0.0477,0.0664038632011803,0.0664038632011803
23248,2017Q1,2017,ANIM3,2017-05-10,2017-08-08,0.18510000000000004,0.8149,0.15527257637473846,0.15527257637473846
23248,2017Q2,2017,ANIM3,2017-08-10,2017-11-10,0.9509,0.0491,0.27582873739628155,0.27582873739628155
23248,2021Q2,2021,ANIM3,2021-08-16,2021-11-17,0.13959999999999995,0.8604,-0.153628930882178,-0.153628930882178
23248,2023Q1,2023,ANIM3,2023-05-15,2023-08-11,0.27969999999999995,0.7203,0.7491969203809792,0.7491969203809792
23248,2023Q2,2023,ANIM3,2023-08-14,2023-11-14,0.10089999999999999,0.8991,-0.16077793470901391,-0.16077793470901391
23248,2023Q3,2023,ANIM3,2023-11-10,2024-02-15,0.017800000000000038,0.9822,0.5871833670825353,0.5871833670825353
23248,2024Q1,2024,ANIM3,2024-05-13,2024-08-09,0.07179999999999997,0.9282,-0.09005587693877737,-0.09005587693877737
23248,2024Q2,2024,ANIM3,2024-08-21,2024-11-19,0.15339999999999998,0.8466,-0.26611760715929345,-0.26611760715929345
23248,2024Q3,2024,ANIM3,2024-11-06,2025-02-11,0.027100000000000013,0.9729,-0.09614875284551327,-0.09614875284551327
23248,2025Q2,2025,ANIM3,2025-08-07,2025-11-04,0.07220000000000004,0.9278,-0.19713327160099603,-0.19713327160099603
23264,2013Q3,2013,ABEV3,2013-10-31,2014-02-05,0.005900000000000016,0.9941,0.09632908196728285,0.09632908196728285
23264,2014Q1,2014,ABEV3,2014-05-07,2014-08-07,0.2259,0.7741,-0.12074115581370692,-0.12074115581370692
23264,2014Q2,2014,ABEV3,2014-07-31,2014-10-28,0.31379999999999997,0.6862,-0.007700824243939142,-0.007700824243939142
23264,2014Q3,2014,ABEV3,2014-10-31,2015-02-04,0.0007000000000000339,0.9993,0.14056901240716346,0.14056901240716346
23264,2015Q1,2015,ABEV3,2015-05-06,2015-08-05,0.3268,0.6732,0.11525214348018142,0.11525214348018142
23264,2015Q2,2015,ABEV3,2015-07-30,2015-10-29,0.01090000000000002,0.9891,0.03627243435267058,0.03627243435267058
23264,2015Q3,2015,ABEV3,2015-10-30,2016-02-05,0.0021999999999999797,0.9978,-0.04502677375588704,-0.04502677375588704
23264,2019Q2,2019,ABEV3,2019-07-25,2019-10-22,0.019299999999999984,0.9807,0.02588097232617459,0.02588097232617459
23264,2019Q3,2019,ABEV3,2019-10-25,2020-01-30,0.0,1.0,-0.07588002118559711,-0.07588002118559711
23264,2020Q1,2020,ABEV3,2020-05-07,2020-08-05,0.0,1.0,0.13265105283334133,0.13265105283334133
23264,2020Q2,2020,ABEV3,2020-07-30,2020-10-29,0.15100000000000002,0.849,-0.04622380873668852,-0.04622380873668852
23264,2022Q3,2022,ABEV3,2022-10-27,2023-01-27,0.0,1.0,-0.11791607227796919,-0.11791607227796919
23264,2023Q1,2023,ABEV3,2023-05-04,2023-08-02,0.013599999999999945,0.9864,-0.058612988367456986,-0.058612988367456986
23264,2023Q2,2023,ABEV3,2023-08-03,2023-11-03,0.0,1.0,-0.10151238775743021,-0.10151238775743021
23264,2023Q3,2023,ABEV3,2023-10-31,2024-02-02,0.7044,0.2956,0.01127861419624665,0.01127861419624665
23264,2024Q1,2024,ABEV3,2024-05-08,2024-08-06,0.7052,0.2948,0.05985490630232704,0.05985490630232704
23264,2024Q2,2024,ABEV3,2024-08-01,2024-10-29,0.8712,0.1288,0.1715620738200878,0.1715620738200878
23264,2024Q3,2024,ABEV3,2024-10-31,2025-02-05,0.8712,0.1288,-0.11494171613498738,-0.11494171613498738
23264,2025Q1,2025,ABEV3,2025-05-08,2025-08-06,0.7715,0.2285,-0.07098359936606535,-0.07098359936606535
23264,2025Q2,2025,ABEV3,2025-07-31,2025-10-28,0.7715,0.2285,-0.13570839403148927,-0.13570839403148927
23264,2025Q3,2025,ABEV3,2025-10-30,2026-02-03,0.0,1.0,0.21702131219486387,0.21702131219486387
23272,2019Q2,2019,LOGG3,2019-08-01,2019-10-29,0.07350000000000001,0.9265,-0.131420399502843,-0.131420399502843
23272,2019Q3,2019,LOGG3,2019-10-30,2020-02-04,0.9745,0.0255,0.1692607522470908,0.1692607522470908
23272,2021Q2,2021,LOGG3,2021-07-28,2021-10-27,0.06220000000000003,0.9378,0.06805110509380685,0.06805110509380685
23272,2021Q3,2021,LOGG3,2021-10-27,2022-01-28,0.04159999999999997,0.9584,0.30834060129626306,0.30834060129626306
23272,2023Q2,2023,LOGG3,2023-08-03,2023-11-03,0.7206,0.2794,0.24499180129372555,0.24499180129372555
23272,2023Q3,2023,LOGG3,2023-10-31,2024-02-02,0.712,0.288,-0.10316815054936634,-0.10316815054936634
23310,2014Q2,2014,CVCB3,2014-08-11,2014-11-06,0.03920000000000001,0.9608,0.08570480879963172,0.08570480879963172
23310,2014Q3,2014,CVCB3,2014-10-20,2015-01-22,0.032200000000000006,0.9678,-0.016066946247558778,-0.016066946247558778
23310,2015Q1,2015,CVCB3,2015-05-05,2015-08-04,0.376,0.624,0.07818984568841891,0.07818984568841891
23310,2015Q2,2015,CVCB3,2015-08-05,2015-11-05,0.3871,0.6129,-0.2101592729855014,-0.2101592729855014
23310,2015Q3,2015,CVCB3,2015-11-11,2016-02-18,0.05249999999999999,0.9475,-0.19028444778389708,-0.19028444778389708
23310,2016Q1,2016,CVCB3,2016-05-05,2016-08-03,0.1483,0.8517,-0.047583079521297145,-0.047583079521297145
23310,2016Q2,2016,CVCB3,2016-07-27,2016-10-26,0.06899999999999995,0.931,-0.20197022348544258,-0.20197022348544258
23310,2016Q3,2016,CVCB3,2016-11-03,2017-02-03,0.0013999999999999568,0.9986,-0.005208027032039264,-0.005208027032039264
23310,2017Q1,2017,CVCB3,2017-05-10,2017-08-08,0.6419,0.3581,0.03959347593045881,0.03959347593045881
23310,2017Q2,2017,CVCB3,2017-08-09,2017-11-09,0.07569999999999999,0.9243,-0.012674334952642807,-0.012674334952642807
23310,2017Q3,2017,CVCB3,2017-11-08,2018-02-15,0.0010000000000000009,0.999,0.2326773491301879,0.2326773491301879
23310,2018Q1,2018,CVCB3,2018-05-10,2018-08-09,0.20920000000000005,0.7908,-0.20149272372921379,-0.20149272372921379
23310,2018Q2,2018,CVCB3,2018-08-09,2018-11-09,0.055499999999999994,0.9445,0.20965135276676627,0.20965135276676627
23310,2018Q3,2018,CVCB3,2018-11-09,2019-02-15,0.12660000000000005,0.8734,-0.17186905466303348,-0.17186905466303348
23310,2019Q1,2019,CVCB3,2019-05-09,2019-08-08,0.4838,0.5162,-0.2369564633415263,-0.2369564633415263
23310,2019Q2,2019,CVCB3,2019-08-08,2019-11-05,0.0635,0.9365,-0.051350722769370916,-0.051350722769370916
23310,2019Q3,2019,CVCB3,2019-11-08,2020-02-13,0.0474,0.9526,-0.35268483802704453,-0.35268483802704453
23310,2020Q1,2020,CVCB3,2020-09-30,2021-01-05,0.5532,0.4468,0.0027583146269791747,0.0027583146269791747
23310,2020Q2,2020,CVCB3,2020-10-20,2021-01-22,0.023499999999999965,0.9765,0.1628181076326587,0.1628181076326587
23310,2020Q3,2020,CVCB3,2020-11-13,2021-02-19,0.756,0.244,0.3762276790586079,0.3762276790586079
23310,2021Q1,2021,CVCB3,2021-05-14,2021-08-13,0.21089999999999998,0.7891,-0.24685072769994187,-0.24685072769994187
23310,2021Q2,2021,CVCB3,2021-08-13,2021-11-16,0.20650000000000002,0.7935,-0.07357883306750912,-0.07357883306750912
23310,2021Q3,2021,CVCB3,2021-11-12,2022-02-14,0.2249,0.7751,-0.28055979976015877,-0.28055979976015877
23310,2022Q1,2022,CVCB3,2022-05-10,2022-08-08,0.06289999999999996,0.9371,-0.3941796407883269,-0.3941796407883269
23310,2022Q2,2022,CVCB3,2022-08-09,2022-11-09,0.06259999999999999,0.9374,-0.13647114227962331,-0.13647114227962331
23310,2022Q3,2022,CVCB3,2022-11-08,2023-02-07,0.0,1.0,-0.05384870536476838,-0.05384870536476838
23310,2023Q1,2023,CVCB3,2023-05-09,2023-08-07,0.13119999999999998,0.8688,-0.13194387767726856,-0.13194387767726856
23310,2023Q2,2023,CVCB3,2023-08-08,2023-11-08,0.21440000000000003,0.7856,0.602733885900943,0.602733885900943
23310,2023Q3,2023,CVCB3,2023-11-03,2024-02-06,0.0040999999999999925,0.9959,0.17189010536081328,0.17189010536081328
23310,2024Q1,2024,CVCB3,2024-07-01,2024-09-26,0.045499999999999985,0.9545,-0.21683772858786166,-0.21683772858786166
23310,2024Q2,2024,CVCB3,2024-08-07,2024-11-04,0.0010000000000000009,0.999,0.30316373645459316,0.30316373645459316
23310,2024Q3,2024,CVCB3,2024-11-12,2025-02-17,0.23260000000000003,0.7674,0.016888712813670992,0.016888712813670992
23310,2025Q1,2025,CVCB3,2025-05-13,2025-08-11,0.021700000000000053,0.9783,-0.22497015982057778,-0.22497015982057778
23310,2025Q2,2025,CVCB3,2025-08-12,2025-11-07,0.00019999999999997797,0.9998,-0.31476044203192044,-0.31476044203192044
23310,2025Q3,2025,CVCB3,2025-11-11,2026-02-13,0.013000000000000012,0.987,0.3848744418990666,0.3848744418990666
23450,2015Q3,2015,RUMO3,2015-11-05,2016-02-12,0.032200000000000006,0.9678,-0.5511136992714417,-0.4920335995287716
23450,2016Q1,2016,RUMO3,2016-05-04,2016-08-02,0.34750000000000003,0.6525,0.18752356827770034,0.18752356827770034
23450,2016Q2,2016,RUMO3,2016-08-10,2016-11-10,0.7821,0.2179,0.013110413016910849,0.013110413016910849
23450,2016Q3,2016,RUMO3,2016-11-09,2017-02-09,0.10829999999999995,0.8917,0.16423348721534703,0.16423348721534703
23485,2015Q1,2015,RLOG3,2015-05-06,2015-08-05,0.4616,0.5384,0.041561242351468186,0.041561242351468186
23485,2015Q2,2015,RLOG3,2015-08-13,2015-11-13,0.624,0.376,-0.14766975837275587,-0.14766975837275587
23485,2016Q1,2016,RLOG3,2016-05-04,2016-08-02,0.3437,0.6563,0.3207098058233786,0.3207098058233786
23485,2016Q2,2016,RLOG3,2016-08-10,2016-11-10,0.7821,0.2179,0.09351380700320688,0.09351380700320688
23485,2016Q3,2016,RLOG3,2016-11-09,2017-02-09,0.10829999999999995,0.8917,0.2428672625668209,0.2428672625668209
23485,2017Q1,2017,RLOG3,2017-05-10,2017-08-08,0.5813999999999999,0.4186,-0.012636447060442757,-0.012636447060442757
23485,2017Q3,2017,RLOG3,2017-11-08,2018-02-15,0.5207999999999999,0.4792,-0.10281439798900205,-0.10281439798900205
23485,2018Q1,2018,RLOG3,2018-05-08,2018-08-07,0.8999,0.1001,-0.036244781416086336,-0.036244781416086336
23485,2018Q2,2018,RLOG3,2018-08-13,2018-11-13,0.8923,0.1077,0.052713016295538484,0.052713016295538484
23485,2019Q1,2019,RLOG3,2019-05-10,2019-08-09,0.9155,0.0845,0.1137617804137998,0.1137617804137998
23574,2014Q2,2014,MEAL3,2015-03-24,2015-06-25,0.0026000000000000467,0.9974,0.713239706140431,0.713239706140431
23574,2014Q3,2014,MEAL3,2015-03-24,2015-06-25,0.0012999999999999678,0.9987,0.713239706140431,0.713239706140431
23574,2017Q3,2017,MEAL3,2017-10-26,2018-02-01,0.036800000000000055,0.9632,-0.1892836458690944,-0.1892836458690944
23574,2018Q1,2018,MEAL3,2018-05-11,2018-08-10,0.07550000000000001,0.9245,-0.08889439958052492,-0.08889439958052492
23574,2020Q2,2020,MEAL3,2020-08-31,2020-12-01,0.006299999999999972,0.9937,0.22437559103274363,0.22437559103274363
23574,2020Q3,2020,MEAL3,2020-11-16,2021-02-22,0.1501,0.8499,0.10443019726813207,0.10443019726813207
23574,2022Q2,2022,MEAL3,2022-08-11,2022-11-11,0.047699999999999965,0.9523,0.25051865924407224,0.25051865924407224
23574,2024Q3,2024,MEAL3,2024-11-13,2025-02-18,0.0011999999999999789,0.9988,-0.28910088996123473,-0.28910088996123473
23574,2025Q1,2025,MEAL3,2025-05-21,2025-08-19,0.18389999999999995,0.8161,0.074199734522578,0.074199734522578
23825,2017Q2,2017,MOVI3,2017-08-08,2017-11-08,0.7754,0.2246,-0.41453333219545385,-0.41453333219545385
23825,2017Q3,2017,MOVI3,2017-11-08,2018-02-15,0.5423,0.4577,-0.0608603834707413,-0.0608603834707413
23825,2018Q1,2018,MOVI3,2018-05-28,2018-08-27,0.4676,0.5324,-0.0348879488152517,-0.0348879488152517
23825,2018Q2,2018,MOVI3,2018-08-08,2018-11-08,0.08560000000000001,0.9144,0.4253595304649149,0.4253595304649149
23825,2018Q3,2018,MOVI3,2019-01-16,2019-04-18,0.14380000000000004,0.8562,0.1818248156433222,0.1818248156433222
23825,2019Q1,2019,MOVI3,2019-04-30,2019-07-31,0.13849999999999996,0.8615,0.068166080433671,0.068166080433671
23825,2019Q2,2019,MOVI3,2019-08-28,2019-11-27,0.20530000000000004,0.7947,-0.10072908666382285,-0.10072908666382285
23825,2019Q3,2019,MOVI3,2019-11-18,2020-02-20,0.3024,0.6976,0.01196792687179804,0.01196792687179804
23825,2020Q1,2020,MOVI3,2020-05-25,2020-08-21,0.22250000000000003,0.7775,2.809961857286325e-05,2.809961857286325e-05
23825,2020Q2,2020,MOVI3,2020-08-12,2020-11-12,0.11699999999999999,0.883,0.002313271993711563,0.002313271993711563
23825,2020Q3,2020,MOVI3,2020-11-10,2021-02-12,0.5323,0.4677,-0.2662962100960411,-0.2662962100960411
23825,2021Q1,2021,MOVI3,2021-05-03,2021-08-02,0.31699999999999995,0.683,0.17889391912699848,0.17889391912699848
23825,2021Q2,2021,MOVI3,2021-07-30,2021-10-29,0.17279999999999995,0.8272,-0.17427837872498553,-0.17427837872498553
23825,2021Q3,2021,MOVI3,2021-10-28,2022-01-31,0.10019999999999996,0.8998,0.09418516033993574,0.09418516033993574
23825,2022Q1,2022,MOVI3,2022-05-05,2022-08-03,0.7323999999999999,0.2676,-0.19304440827003388,-0.19304440827003388
23825,2022Q2,2022,MOVI3,2022-08-01,2022-10-31,0.12029999999999996,0.8797,-0.11787251199788418,-0.11787251199788418
23825,2022Q3,2022,MOVI3,2022-11-07,2023-02-06,0.1079,0.8921,-0.397111276858651,-0.397111276858651
23825,2024Q2,2024,MOVI3,2024-08-06,2024-11-01,0.024599999999999955,0.9754,0.008113438500775061,0.008113438500775061
23825,2024Q3,2024,MOVI3,2024-11-07,2025-02-12,0.07089999999999996,0.9291,-0.27570097182860276,-0.27570097182860276
24260,2022Q1,2022,SMFT3,2022-05-12,2022-08-10,0.4719,0.5281,-0.21457988776799652,-0.21457988776799652
24260,2022Q2,2022,SMFT3,2022-08-10,2022-11-10,0.8741,0.1259,0.3939503102862407,0.3939503102862407
24260,2022Q3,2022,SMFT3,2022-11-09,2023-02-08,0.0,1.0,0.1413788878372031,0.1413788878372031
24260,2023Q1,2023,SMFT3,2023-05-11,2023-08-09,0.8964,0.1036,0.16343084052936852,0.16343084052936852
24260,2023Q2,2023,SMFT3,2023-08-09,2023-11-09,0.0,1.0,-0.11094283299003982,-0.11094283299003982
24260,2023Q3,2023,SMFT3,2023-11-08,2024-02-09,0.17600000000000005,0.824,0.10397820077824749,0.10397820077824749
24260,2024Q1,2024,SMFT3,2024-05-09,2024-08-07,0.8041,0.1959,-0.20566241131913499,-0.20566241131913499
24260,2025Q1,2025,SMFT3,2025-05-08,2025-08-06,0.8089,0.1911,-0.13755923073782927,-0.13755923073782927
24260,2025Q2,2025,SMFT3,2025-08-07,2025-11-04,0.0,1.0,0.10273745176096982,0.10273745176096982
24260,2025Q3,2025,SMFT3,2025-11-06,2026-02-10,0.7865,0.2135,-0.17622840837886877,-0.17622840837886877
24295,2021Q2,2021,VBBR3,2021-08-10,2021-11-10,0.04849999999999999,0.9515,-0.12839765760331334,-0.12839765760331334
24295,2021Q3,2021,VBBR3,2021-11-16,2022-02-15,0.4052,0.5948,-0.006668909792321598,-0.006668909792321598
24295,2025Q2,2025,VBBR3,2025-08-11,2025-11-06,0.5203,0.4797,0.11215617506839037,0.11215617506839037
24295,2025Q3,2025,VBBR3,2025-11-05,2026-02-09,0.05789999999999995,0.9421,0.3592388004031126,0.3592388004031126
24392,2019Q3,2019,HAPV3,2019-11-13,2020-02-18,0.9798,0.0202,-0.2145893212559492,-0.2145893212559492
24392,2020Q1,2020,HAPV3,2020-05-20,2020-08-18,0.9211,0.0789,-0.04954335844528113,-0.04954335844528113
24392,2022Q2,2022,HAPV3,2022-08-11,2022-11-11,0.016100000000000003,0.9839,0.058581675181331505,0.058581675181331505
24392,2023Q2,2023,HAPV3,2024-11-29,2025-03-06,0.11760000000000004,0.8824,-0.10402700874491444,-0.10402700874491444
24392,2023Q3,2023,HAPV3,2024-11-29,2025-03-06,0.0030000000000000027,0.997,-0.10402700874491444,-0.10402700874491444
24392,2024Q1,2024,HAPV3,2024-05-21,2024-08-19,0.2459,0.7541,-0.15754336605664054,-0.15754336605664054
24392,2024Q2,2024,HAPV3,2024-08-19,2024-11-14,0.02969999999999995,0.9703,-0.14835526018307243,-0.14835526018307243
24392,2024Q3,2024,HAPV3,2024-11-12,2025-02-17,0.014900000000000024,0.9851,-0.1209692391959355,-0.1209692391959355
24392,2025Q1,2025,HAPV3,2025-05-12,2025-08-08,0.025599999999999956,0.9744,0.33156142052168835,0.33156142052168835
24694,2020Q1,2020,SBFG3,2020-06-29,2020-09-25,0.05820000000000003,0.9418,-0.4111321467062856,-0.4111321467062856
24694,2021Q1,2021,SBFG3,2021-05-13,2021-08-12,0.2791,0.7209,0.2904614569730102,0.2904614569730102
24694,2022Q1,2022,SBFG3,2022-05-12,2022-08-10,0.38449999999999995,0.6155,-0.18380296822940967,-0.18380296822940967
24694,2022Q2,2022,SBFG3,2022-08-01,2022-10-31,0.19930000000000003,0.8007,-0.2993463629963462,-0.2993463629963462
24694,2022Q3,2022,SBFG3,2022-11-01,2023-02-01,0.014100000000000001,0.9859,-0.3609868142335373,-0.3609868142335373
24694,2023Q1,2023,SBFG3,2023-05-08,2023-08-04,0.13829999999999998,0.8617,0.36055416087282954,0.36055416087282954
24716,2021Q2,2021,VAMO3,2021-07-27,2021-10-26,0.9503,0.0497,-0.43392534075644806,-0.43392534075644806
24716,2021Q3,2021,VAMO3,2021-10-28,2022-01-31,0.9943,0.0057,-0.14083673631927174,-0.14083673631927174
24716,2022Q1,2022,VAMO3,2022-04-28,2022-07-27,0.3782,0.6218,0.048736777884075266,0.048736777884075266
24716,2022Q2,2022,VAMO3,2022-07-28,2022-10-27,0.30779999999999996,0.6922,-0.05759318239586486,-0.05759318239586486
24716,2022Q3,2022,VAMO3,2022-10-27,2023-01-27,0.19720000000000004,0.8028,0.01759550337200544,0.01759550337200544
24716,2023Q1,2023,VAMO3,2023-04-26,2023-07-26,0.06299999999999994,0.937,-0.3663833603258364,-0.3663833603258364
24716,2023Q2,2023,VAMO3,2023-08-03,2023-11-03,0.01870000000000005,0.9813,-0.10696873816300645,-0.10696873816300645
24716,2023Q3,2023,VAMO3,2023-10-31,2024-02-02,0.012199999999999989,0.9878,0.037162488275907624,0.037162488275907624
24716,2024Q1,2024,VAMO3,2024-05-07,2024-08-05,0.011299999999999977,0.9887,0.37536354037260056,0.37536354037260056
24716,2024Q2,2024,VAMO3,2024-08-09,2024-11-06,0.007499999999999951,0.9925,-0.1952327691581196,-0.1952327691581196
24716,2024Q3,2024,VAMO3,2024-11-12,2025-02-17,0.005600000000000049,0.9944,0.11282980974032975,0.11282980974032975
24716,2025Q1,2025,VAMO3,2025-05-07,2025-08-05,0.4837,0.5163,-0.06812137742088031,-0.06812137742088031
24716,2025Q2,2025,VAMO3,2025-08-11,2025-11-06,0.043399999999999994,0.9566,-0.07353077810757502,-0.07353077810757502
24716,2025Q3,2025,VAMO3,2025-11-11,2026-02-13,0.0826,0.9174,0.3867727881110734,0.3867727881110734
24805,2022Q1,2022,VIVA3,2022-05-09,2022-08-05,0.1402,0.8598,-0.09160047584346143,-0.09160047584346143
24805,2022Q2,2022,VIVA3,2022-08-11,2022-11-11,0.04679999999999995,0.9532,-0.02538583220419266,-0.02538583220419266
24805,2022Q3,2022,VIVA3,2022-11-10,2023-02-09,0.06699999999999995,0.933,0.007278034995867655,0.007278034995867655
24805,2023Q1,2023,VIVA3,2023-05-08,2023-08-04,0.12,0.88,0.09847860733556146,0.09847860733556146
24805,2023Q2,2023,VIVA3,2023-08-07,2023-11-07,0.013800000000000034,0.9862,-0.02606398262330112,-0.02606398262330112
24805,2023Q3,2023,VIVA3,2023-11-08,2024-02-09,0.10019999999999996,0.8998,0.113262374764729,0.113262374764729
24805,2024Q1,2024,VIVA3,2024-05-06,2024-08-02,0.01429999999999998,0.9857,0.04045439838924625,0.04045439838924625
24805,2024Q2,2024,VIVA3,2024-08-08,2024-11-05,0.05940000000000001,0.9406,0.08826376520387202,0.08826376520387202
24805,2024Q3,2024,VIVA3,2024-11-07,2025-02-12,0.048900000000000055,0.9511,-0.19405926049563982,-0.19405926049563982
24821,2021Q2,2021,RDOR3,2021-08-03,2021-11-03,0.1099,0.8901,0.00999833217958912,0.00999833217958912
24821,2021Q3,2021,RDOR3,2021-11-03,2022-02-03,0.34950000000000003,0.6505,-0.19935384014099433,-0.19935384014099433
24821,2022Q1,2022,RDOR3,2022-05-12,2022-08-10,0.11380000000000001,0.8862,0.19863497891836013,0.19863497891836013
24821,2022Q2,2022,RDOR3,2022-08-15,2022-11-16,0.030399999999999983,0.9696,-0.0136185188892739,-0.0136185188892739
24821,2022Q3,2022,RDOR3,2022-11-09,2023-02-08,0.14329999999999998,0.8567,0.09764940714539971,0.09764940714539971
24821,2023Q3,2023,RDOR3,2024-03-27,2024-06-27,0.012399999999999967,0.9876,0.11860922483941705,0.11860922483941705
24821,2024Q1,2024,RDOR3,2024-05-06,2024-08-02,0.04079999999999995,0.9592,0.04013174551931953,0.04013174551931953
24821,2024Q2,2024,RDOR3,2024-08-13,2024-11-08,0.0022999999999999687,0.9977,0.1366020869793425,0.1366020869793425
24821,2024Q3,2024,RDOR3,2024-11-13,2025-02-18,0.00029999999999996696,0.9997,-0.00822068002458054,-0.00822068002458054
24821,2025Q1,2025,RDOR3,2025-05-07,2025-08-05,0.01539999999999997,0.9846,0.03627683753425215,0.03627683753425215
24821,2025Q2,2025,RDOR3,2025-08-06,2025-11-03,0.008700000000000041,0.9913,0.17308115926551082,0.17308115926551082
24821,2025Q3,2025,RDOR3,2025-11-05,2026-02-09,0.03269999999999995,0.9673,-0.1413290572844963,-0.1413290572844963
24910,2021Q1,2021,LWSA3,2021-05-12,2021-08-11,0.35509999999999997,0.6449,-0.2894756766758947,-0.2894756766758947
24910,2021Q2,2021,LWSA3,2021-08-11,2021-11-11,0.01539999999999997,0.9846,-0.065711946793794,-0.065711946793794
24910,2021Q3,2021,LWSA3,2021-11-10,2022-02-10,0.006000000000000005,0.994,-0.5450600021458725,-0.4920335995287716
24910,2022Q1,2022,LWSA3,2022-05-12,2022-08-10,0.23909999999999998,0.7609,1.0134968891598035,0.7496355521156113
24910,2023Q2,2023,LWSA3,2023-08-10,2023-11-10,0.049799999999999955,0.9502,-0.028436530202637478,-0.028436530202637478
24910,2023Q3,2023,LWSA3,2023-11-09,2024-02-14,0.04149999999999998,0.9585,-0.17349388990697656,-0.17349388990697656
24910,2024Q1,2024,LWSA3,2024-05-09,2024-08-07,0.4162,0.5838,-0.08387889722072872,-0.08387889722072872
24910,2024Q2,2024,LWSA3,2024-08-13,2024-11-08,0.02310000000000001,0.9769,0.1683163484088035,0.1683163484088035
24910,2024Q3,2024,LWSA3,2024-11-07,2025-02-12,0.03469999999999995,0.9653,-0.16327288885603708,-0.16327288885603708
24910,2025Q1,2025,LWSA3,2025-05-08,2025-08-06,0.022700000000000053,0.9773,0.21406960217671167,0.21406960217671167
24910,2025Q2,2025,LWSA3,2025-08-14,2025-11-11,0.02949999999999997,0.9705,-0.011310926706056046,-0.011310926706056046
24910,2025Q3,2025,LWSA3,2025-11-13,2026-02-19,0.020399999999999974,0.9796,-0.10396481923100398,-0.10396481923100398
24929,2019Q2,2019,TIMS3,2019-11-01,2020-02-06,0.017800000000000038,0.9822,0.42802862006882236,0.42802862006882236
24929,2019Q3,2019,TIMS3,2020-02-06,2020-05-12,0.01970000000000005,0.9803,-0.05103776835324714,-0.05103776835324714
24929,2020Q1,2020,TIMS3,2020-05-05,2020-08-03,0.25239999999999996,0.7476,-0.12420743998159345,-0.12420743998159345
24929,2020Q2,2020,TIMS3,2020-07-29,2020-10-28,0.05520000000000003,0.9448,-0.1703154874123728,-0.1703154874123728
24929,2020Q3,2020,TIMS3,2020-11-03,2021-02-05,0.054300000000000015,0.9457,-0.040211059675132166,-0.040211059675132166
24929,2021Q1,2021,TIMS3,2021-05-05,2021-08-04,0.21740000000000004,0.7826,-0.01937592892296447,-0.01937592892296447
24929,2021Q2,2021,TIMS3,2021-07-26,2021-10-25,0.14859999999999995,0.8514,0.2730662787420819,0.2730662787420819
24929,2021Q3,2021,TIMS3,2021-10-25,2022-01-26,0.01649999999999996,0.9835,0.05614561366643156,0.05614561366643156
24929,2022Q1,2022,TIMS3,2022-05-03,2022-08-01,0.13980000000000004,0.8602,-0.09599619657550362,-0.09599619657550362
24929,2023Q2,2023,TIMS3,2023-07-31,2023-10-30,0.10970000000000002,0.8903,0.04990319631982554,0.04990319631982554
24929,2023Q3,2023,TIMS3,2023-11-06,2024-02-07,0.006399999999999961,0.9936,0.04014929785227128,0.04014929785227128
24929,2024Q1,2024,TIMS3,2024-05-06,2024-08-02,0.1169,0.8831,-0.05445529175522246,-0.05445529175522246
24929,2024Q2,2024,TIMS3,2024-07-30,2024-10-25,0.10529999999999995,0.8947,0.0025546493325745434,0.0025546493325745434
24929,2024Q3,2024,TIMS3,2024-11-04,2025-02-07,0.33399999999999996,0.666,-0.03847465212550827,-0.03847465212550827
24929,2025Q1,2025,TIMS3,2025-06-27,2025-09-24,0.38859999999999995,0.6114,-0.023278842571555436,-0.023278842571555436
24929,2025Q2,2025,TIMS3,2025-07-30,2025-10-27,0.03990000000000005,0.9601,0.18013485537166019,0.18013485537166019
24929,2025Q3,2025,TIMS3,2025-11-03,2026-02-05,0.0028000000000000247,0.9972,-0.066434848873685,-0.066434848873685
24961,2021Q2,2021,AMBP3,2021-08-16,2021-11-17,0.8756,0.1244,-0.28265604891407414,-0.28265604891407414
24961,2021Q3,2021,AMBP3,2021-11-11,2022-02-11,0.048900000000000055,0.9511,-0.13670706759699702,-0.13670706759699702
24961,2022Q1,2022,AMBP3,2022-05-31,2022-08-29,0.15390000000000004,0.8461,-0.1768737827439556,-0.1768737827439556
24961,2023Q1,2023,AMBP3,2023-05-16,2023-08-14,0.9857,0.0143,-0.051333691307507534,-0.051333691307507534
24961,2023Q2,2023,AMBP3,2023-08-14,2023-11-14,0.0,1.0,-0.1763816013314028,-0.1763816013314028
24961,2024Q2,2024,AMBP3,2024-08-16,2024-11-13,0.8361000000000001,0.1639,0.38321431163173925,0.38321431163173925
24961,2024Q3,2024,AMBP3,2024-11-14,2025-02-19,0.24950000000000006,0.7505,-0.6596962498320651,-0.4920335995287716
24961,2025Q1,2025,AMBP3,2025-05-16,2025-08-14,0.05700000000000005,0.943,-0.9548085212865179,-0.4920335995287716
24961,2025Q2,2025,AMBP3,2025-08-14,2025-11-11,0.07640000000000002,0.9236,-0.9868938998428085,-0.4920335995287716
25003,2021Q3,2021,SIMH3,2021-11-10,2022-02-10,0.030100000000000016,0.9699,-0.14603382876476734,-0.14603382876476734
25003,2022Q1,2022,SIMH3,2022-05-05,2022-08-03,0.3667,0.6333,-0.07314279730904694,-0.07314279730904694
25003,2022Q2,2022,SIMH3,2022-08-04,2022-11-04,0.40790000000000004,0.5921,-0.15159744389977048,-0.15159744389977048
25003,2022Q3,2022,SIMH3,2022-11-09,2023-02-08,0.18530000000000002,0.8147,-0.12797623944205738,-0.12797623944205738
25003,2023Q1,2023,SIMH3,2023-05-03,2023-08-01,0.12070000000000003,0.8793,0.03024381145711108,0.03024381145711108
25003,2023Q2,2023,SIMH3,2023-08-10,2023-11-10,0.35840000000000005,0.6416,-0.17818914042382317,-0.17818914042382317
25003,2023Q3,2023,SIMH3,2023-11-08,2024-02-09,0.03590000000000004,0.9641,-0.036157255484666084,-0.036157255484666084
25003,2024Q1,2024,SIMH3,2024-05-09,2024-08-07,0.5845,0.4155,0.022853622137501306,0.022853622137501306
25003,2024Q2,2024,SIMH3,2024-08-08,2024-11-05,0.05049999999999999,0.9495,-0.0770680860553119,-0.0770680860553119
25003,2024Q3,2024,SIMH3,2024-11-12,2025-02-17,0.07540000000000002,0.9246,-0.17654242323448055,-0.17654242323448055
25003,2025Q1,2025,SIMH3,2025-05-08,2025-08-06,0.03939999999999999,0.9606,-0.09822123594677734,-0.09822123594677734
25003,2025Q2,2025,SIMH3,2025-08-12,2025-11-07,0.016800000000000037,0.9832,0.006103867737166979,0.006103867737166979
25089,2021Q3,2021,PETZ3,2021-11-08,2022-02-08,0.013599999999999945,0.9864,-0.12517010794973182,-0.12517010794973182
25089,2023Q3,2023,PETZ3,2023-11-09,2024-02-14,0.9435,0.0565,0.07451325000107145,0.07451325000107145
25089,2024Q3,2024,PETZ3,2024-11-06,2025-02-11,0.011800000000000033,0.9882,-0.2342886171781049,-0.2342886171781049
25186,2021Q1,2021,GMAT3,2021-06-10,2021-09-09,0.026699999999999946,0.9733,0.02835371980941903,0.02835371980941903
25186,2022Q2,2022,GMAT3,2022-08-11,2022-11-11,0.02959999999999996,0.9704,0.407421885337401,0.407421885337401
25186,2022Q3,2022,GMAT3,2022-11-10,2023-02-09,0.012700000000000045,0.9873,-0.07196889232616477,-0.07196889232616477
25186,2023Q1,2023,GMAT3,2023-05-10,2023-08-08,0.08879999999999999,0.9112,0.1292020047390705,0.1292020047390705
25186,2023Q2,2023,GMAT3,2023-08-09,2023-11-09,0.0033999999999999586,0.9966,-0.29082949337216335,-0.29082949337216335
25186,2023Q3,2023,GMAT3,2023-11-28,2024-03-01,0.017800000000000038,0.9822,0.2504179999601439,0.2504179999601439
25186,2025Q1,2025,GMAT3,2025-05-05,2025-08-01,0.06169999999999998,0.9383,0.025251791053773287,0.025251791053773287
25186,2025Q2,2025,GMAT3,2025-08-12,2025-11-07,0.0023999999999999577,0.9976,-0.19762052159843646,-0.19762052159843646
25291,2021Q1,2021,BRAV3,2021-05-13,2021-08-12,0.9642,0.0358,-0.2640169614901202,-0.2640169614901202
25291,2021Q2,2021,BRAV3,2021-08-04,2021-11-04,0.020299999999999985,0.9797,-0.16330080438419703,-0.16330080438419703
25291,2021Q3,2021,BRAV3,2021-11-10,2022-02-10,0.0,1.0,-0.12257189248180533,-0.12257189248180533
25372,2024Q2,2024,ASAI3,2024-08-08,2024-11-05,0.13249999999999995,0.8675,-0.20266427716911517,-0.20266427716911517
25372,2024Q3,2024,ASAI3,2024-11-07,2025-02-12,0.33130000000000004,0.6687,0.19151233775314713,0.19151233775314713
25372,2025Q1,2025,ASAI3,2025-05-08,2025-08-06,0.2912,0.7088,0.21258010503400837,0.21258010503400837
25372,2025Q2,2025,ASAI3,2025-08-07,2025-11-04,0.13280000000000003,0.8672,-0.20987134239665883,-0.20987134239665883
25372,2025Q3,2025,ASAI3,2025-11-06,2026-02-10,0.19899999999999995,0.801,-0.04712986909647088,-0.04712986909647088
25453,2021Q2,2021,INTB3,2021-07-28,2021-10-27,0.0534,0.9466,-0.0173443685351925,-0.0173443685351925
25453,2021Q3,2021,INTB3,2021-10-27,2022-01-28,0.019000000000000017,0.981,-0.051665219617246794,-0.051665219617246794
25453,2022Q1,2022,INTB3,2022-05-02,2022-07-29,0.0504,0.9496,-0.05268163905765655,-0.05268163905765655
25453,2022Q2,2022,INTB3,2022-07-27,2022-10-26,0.24219999999999997,0.7578,-0.0378353343952631,-0.0378353343952631
25453,2022Q3,2022,INTB3,2022-10-31,2023-01-31,0.037799999999999945,0.9622,-0.12623342868808074,-0.12623342868808074
25453,2023Q1,2023,INTB3,2023-05-02,2023-07-31,0.1834,0.8166,-0.10600532503870375,-0.10600532503870375
25453,2023Q2,2023,INTB3,2023-07-28,2023-10-27,0.014399999999999968,0.9856,-0.12128997563102162,-0.12128997563102162
25453,2023Q3,2023,INTB3,2023-10-30,2024-02-01,0.018000000000000016,0.982,0.1299628626037066,0.1299628626037066
25453,2024Q1,2024,INTB3,2024-04-29,2024-07-29,0.04830000000000001,0.9517,0.14829796004563978,0.14829796004563978
25453,2024Q2,2024,INTB3,2024-07-29,2024-10-24,0.018199999999999994,0.9818,-0.09606412042769208,-0.09606412042769208
25453,2024Q3,2024,INTB3,2024-10-28,2025-01-31,0.02180000000000004,0.9782,-0.2819651311581981,-0.2819651311581981
25453,2025Q1,2025,INTB3,2025-05-08,2025-08-06,0.06879999999999997,0.9312,0.02665062560243503,0.02665062560243503
25453,2025Q2,2025,INTB3,2025-07-29,2025-10-24,0.08499999999999996,0.915,-0.14137429190889073,-0.14137429190889073
25585,2022Q1,2022,CMIN3,2022-05-04,2022-08-02,0.16359999999999997,0.8364,-0.1783446184384916,-0.1783446184384916
25585,2022Q2,2022,CMIN3,2022-08-15,2022-11-16,0.8295,0.1705,0.18699643422298085,0.18699643422298085
25585,2022Q3,2022,CMIN3,2022-10-31,2023-01-31,0.6887,0.3113,0.9439200276699322,0.7496355521156113
25585,2023Q1,2023,CMIN3,2023-05-03,2023-08-01,0.10619999999999996,0.8938,-0.2250368927381966,-0.2250368927381966
25585,2023Q2,2023,CMIN3,2023-08-02,2023-11-01,0.1634,0.8366,0.2743369321145528,0.2743369321145528
25585,2023Q3,2023,CMIN3,2023-11-13,2024-02-16,0.07589999999999997,0.9241,-0.08991254479757205,-0.08991254479757205
25585,2024Q1,2024,CMIN3,2024-05-09,2024-08-07,0.10970000000000002,0.8903,-0.024341462789947976,-0.024341462789947976
25585,2024Q2,2024,CMIN3,2024-08-12,2024-11-07,0.10009999999999997,0.8999,0.25925605268396357,0.25925605268396357
25585,2024Q3,2024,CMIN3,2025-01-13,2025-04-14,0.03390000000000004,0.9661,0.16126928717576172,0.16126928717576172
25585,2025Q1,2025,CMIN3,2025-05-08,2025-08-06,0.6117,0.3883,-0.13105966674663805,-0.13105966674663805
25585,2025Q3,2025,CMIN3,2025-11-04,2026-02-06,0.5599000000000001,0.4401,-0.08444324902377731,-0.08444324902377731
25712,2021Q3,2021,GGPS3,2021-11-11,2022-02-11,0.025499999999999967,0.9745,-0.24422526745134499,-0.24422526745134499
25712,2022Q1,2022,GGPS3,2022-05-12,2022-08-10,0.10509999999999997,0.8949,-0.1934709775628134,-0.1934709775628134
25712,2022Q2,2022,GGPS3,2022-08-11,2022-11-11,0.022800000000000042,0.9772,-0.09660906368688504,-0.09660906368688504
25712,2022Q3,2022,GGPS3,2022-11-10,2023-02-09,0.007099999999999995,0.9929,0.05586787487173561,0.05586787487173561
25712,2023Q1,2023,GGPS3,2023-05-05,2023-08-03,0.06720000000000004,0.9328,0.19469668609000945,0.19469668609000945
25712,2024Q1,2024,GGPS3,2024-05-09,2024-08-07,0.00029999999999996696,0.9997,-0.15124231500664287,-0.15124231500664287
25712,2025Q1,2025,GGPS3,2025-05-08,2025-08-06,0.009099999999999997,0.9909,0.07479995830978647,0.07479995830978647
25780,2022Q1,2022,RECV3,2022-05-05,2022-08-03,0.4065,0.5935,-0.1591765217104668,-0.1591765217104668
25780,2022Q3,2022,RECV3,2022-11-10,2023-02-09,0.41759999999999997,0.5824,-0.22063721441510165,-0.22063721441510165
25780,2023Q1,2023,RECV3,2023-05-12,2023-08-10,0.19530000000000003,0.8047,0.23992855757151776,0.23992855757151776
25780,2024Q2,2024,RECV3,2024-08-08,2024-11-05,0.8351999999999999,0.1648,-0.11291979882844261,-0.11291979882844261
25780,2024Q3,2024,RECV3,2024-11-07,2025-02-12,0.8234,0.1766,0.01929727075669163,0.01929727075669163
25780,2025Q1,2025,RECV3,2025-05-08,2025-08-06,0.2905,0.7095,0.07890797208346711,0.07890797208346711
25780,2025Q2,2025,RECV3,2025-08-07,2025-11-04,0.6720999999999999,0.3279,0.04461883891153251,0.04461883891153251
25780,2025Q3,2025,RECV3,2025-11-06,2026-02-10,0.6363,0.3637,-0.08772158073792535,-0.08772158073792535
25917,2022Q3,2022,RAIZ4,2022-11-10,2023-02-09,0.05740000000000001,0.9426,-0.10082626569838127,-0.10082626569838127
25917,2023Q2,2023,RAIZ4,2023-08-14,2023-11-14,0.10729999999999995,0.8927,-0.023376737229065303,-0.023376737229065303
25917,2023Q3,2023,RAIZ4,2023-11-13,2024-02-16,0.17669999999999997,0.8233,-0.07771946111922223,-0.07771946111922223
25917,2024Q2,2024,RAIZ4,2024-08-13,2024-11-08,0.12660000000000005,0.8734,-0.11185787695588834,-0.11185787695588834
25917,2024Q3,2024,RAIZ4,2024-11-12,2025-02-17,0.0928,0.9072,-0.2443328370093475,-0.2443328370093475
25917,2025Q2,2025,RAIZ4,2025-08-13,2025-11-10,0.14190000000000003,0.8581,-0.10835904205748814,-0.10835904205748814
25984,2022Q1,2022,CBAV3,2022-05-09,2022-08-05,0.0817,0.9183,-0.33778089522582777,-0.33778089522582777
25984,2023Q1,2023,CBAV3,2023-05-08,2023-08-04,0.18930000000000002,0.8107,0.09014142500995681,0.09014142500995681
25984,2023Q2,2023,CBAV3,2023-08-07,2023-11-07,0.04930000000000001,0.9507,-0.03199024752194857,-0.03199024752194857
25984,2024Q2,2024,CBAV3,2024-08-07,2024-11-04,0.2581,0.7419,0.1706821805143568,0.1706821805143568
25984,2024Q3,2024,CBAV3,2024-11-06,2025-02-11,0.02949999999999997,0.9705,-0.09254469234890983,-0.09254469234890983
25984,2025Q1,2025,CBAV3,2025-05-08,2025-08-06,0.3349,0.6651,0.07175560830529881,0.07175560830529881
25984,2025Q2,2025,CBAV3,2025-08-06,2025-11-03,0.060799999999999965,0.9392,0.15581111635680966,0.15581111635680966
26123,2022Q1,2022,ONCO3,2022-05-16,2022-08-12,0.39570000000000005,0.6043,-0.03415470761377393,-0.03415470761377393
26123,2022Q2,2022,ONCO3,2022-08-15,2022-11-16,0.1381,0.8619,0.6358071697150409,0.6358071697150409
26123,2023Q1,2023,ONCO3,2023-05-15,2023-08-11,0.4064,0.5936,-0.07203135932829674,-0.07203135932829674
26123,2023Q2,2023,ONCO3,2023-08-14,2023-11-14,0.08830000000000005,0.9117,-0.33714685176274706,-0.33714685176274706
26123,2023Q3,2023,ONCO3,2023-11-13,2024-02-16,0.08660000000000001,0.9134,-0.14131238057032158,-0.14131238057032158
26123,2024Q1,2024,ONCO3,2024-05-13,2024-08-09,0.19479999999999997,0.8052,-0.10869714559516774,-0.10869714559516774
26123,2024Q2,2024,ONCO3,2024-08-13,2024-11-08,0.10799999999999998,0.892,-0.22662615394438057,-0.22662615394438057
26123,2024Q3,2024,ONCO3,2024-11-13,2025-02-18,0.04749999999999999,0.9525,-0.3338670696473063,-0.3338670696473063
26123,2025Q1,2025,ONCO3,2025-05-15,2025-08-13,0.33709999999999996,0.6629,-0.1949567962675064,-0.1949567962675064
26123,2025Q2,2025,ONCO3,2025-08-14,2025-11-11,0.12290000000000001,0.8771,-0.6812595092365777,-0.4920335995287716
26441,2024Q2,2024,SRNA3,2024-08-14,2024-11-11,0.0,1.0,-0.11156026610069014,-0.11156026610069014
26441,2024Q3,2024,SRNA3,2024-11-04,2025-02-07,0.0,1.0,-0.038508094049392816,-0.038508094049392816
26441,2025Q1,2025,SRNA3,2025-05-15,2025-08-13,0.9924,0.0076,-0.0883157360596879,-0.0883157360596879
26441,2025Q2,2025,SRNA3,2025-08-15,2025-11-12,0.006000000000000005,0.994,-0.08324685225787887,-0.08324685225787887
26620,2022Q2,2022,AURE3,2022-08-11,2022-11-11,0.09960000000000002,0.9004,0.0017983141188457896,0.0017983141188457896
26620,2022Q3,2022,AURE3,2022-10-26,2023-01-26,0.008900000000000019,0.9911,0.08103006108479804,0.08103006108479804
26620,2023Q1,2023,AURE3,2023-06-05,2023-09-01,0.18520000000000003,0.8148,-0.042284394081337884,-0.042284394081337884
26620,2023Q2,2023,AURE3,2023-08-02,2023-11-01,0.11280000000000001,0.8872,0.002621068817980632,0.002621068817980632
26620,2023Q3,2023,AURE3,2023-10-31,2024-02-02,0.06259999999999999,0.9374,-0.05174081232548999,-0.05174081232548999
26620,2024Q1,2024,AURE3,2024-05-07,2024-08-05,0.04200000000000004,0.958,0.1502751242203173,0.1502751242203173
26620,2024Q2,2024,AURE3,2024-08-01,2024-10-29,0.04249999999999998,0.9575,-0.1046315223366977,-0.1046315223366977
26620,2024Q3,2024,AURE3,2024-10-30,2025-02-04,0.012700000000000045,0.9873,-0.12158137692005244,-0.12158137692005244
26620,2025Q3,2025,AURE3,2025-11-12,2026-02-18,0.012700000000000045,0.9873,-0.04633867504519973,-0.04633867504519973
27111,2022Q2,2022,XPBR31,2022-12-05,2023-03-07,0.00990000000000002,0.9901,-0.28348979423010057,-0.28348979423010057
27111,2022Q3,2022,XPBR31,2022-12-05,2023-03-07,0.009199999999999986,0.9908,-0.28348979423010057,-0.28348979423010057
27111,2023Q1,2023,XPBR31,2023-05-15,2023-08-11,0.505,0.495,0.4661161394129263,0.4661161394129263
27111,2023Q2,2023,XPBR31,2023-08-14,2023-11-14,0.5014000000000001,0.4986,-0.13647221919603458,-0.13647221919603458
27111,2023Q3,2023,XPBR31,2023-11-14,2024-02-19,0.0024999999999999467,0.9975,0.012233012195962623,0.012233012195962623
27111,2024Q1,2024,XPBR31,2024-05-15,2024-08-13,0.5069,0.4931,-0.22239694865827586,-0.22239694865827586
27111,2024Q2,2024,XPBR31,2024-08-14,2024-11-11,0.014499999999999957,0.9855,0.08177181230213248,0.08177181230213248
27111,2024Q3,2024,XPBR31,2024-11-13,2025-02-18,0.012199999999999989,0.9878,-0.07825657894215643,-0.07825657894215643
27111,2025Q1,2025,XPBR31,2025-05-15,2025-08-13,0.125,0.875,-0.04470145509380763,-0.04470145509380763
27707,2025Q3,2025,AMOB3,2025-11-11,2026-02-13,0.01980000000000004,0.9802,0.14514084221004842,0.14514084221004842
