cd_cvm,year_prev,year_curr,cosine_similarity,chars_prev,chars_curr,ticker,event_date,window_start,window_end,stock_return,ibov_return,abnormal_return
2437,2015,2016,0.9441,369414,320795,AXIA3,2017-03-27,2017-03-27,2018-04-05,0.24235686513462085,0.32501622261107777,-0.08265935747645692
2437,2016,2017,0.9492,320795,326087,AXIA3,2018-03-27,2018-03-27,2019-04-05,0.6125394678389464,0.158697404366287,0.45384206347265943
2437,2017,2018,0.9313,326087,312934,AXIA3,2019-03-27,2019-03-27,2020-03-31,-0.2874904405027696,-0.20547270285974184,-0.08201773764302778
2437,2018,2019,0.8618,312934,692624,AXIA3,2020-03-27,2020-03-27,2021-04-06,0.6603415559772299,0.6001746181810457,0.060166937796184206
2437,2019,2020,0.9297,692624,640997,AXIA3,2021-03-19,2021-03-19,2022-03-24,0.08910295003010238,0.0243614826093399,0.06474146742076248
2437,2020,2021,0.8941,640997,388979,AXIA3,2022-03-18,2022-03-18,2023-03-21,-0.12065031374786084,-0.12412338086656327,0.003473067118702433
2437,2021,2022,0.902,388979,267385,AXIA3,2023-03-13,2023-03-13,2024-03-18,0.29978049545312024,0.23111429096745817,0.06866620448566207
2437,2022,2023,0.8666,267385,237349,AXIA3,2024-05-14,2024-05-14,2025-05-19,0.10355648535564854,0.08653369333144201,0.017022792024206534
2437,2023,2024,0.8724,237349,251026,AXIA3,2025-03-16,2025-03-17,2026-03-19,0.7963813569051086,0.3778580117883765,0.41852334511673206
2453,2015,2016,0.9798,360670,363606,CMIG4,2017-04-11,2017-04-11,2018-04-20,-0.12084656799971338,0.3292475006521929,-0.45009406865190627
2453,2016,2017,0.9651,363606,357785,CMIG4,2018-03-29,2018-03-29,2019-04-09,0.6436915887906693,0.12799342029736582,0.5156981684933035
2453,2017,2018,0.9727,357785,421356,CMIG4,2019-04-01,2019-04-01,2020-04-03,-0.42764578841350065,-0.2760610258035937,-0.15158476260990694
2453,2018,2019,0.9777,421356,419576,CMIG4,2020-04-01,2020-04-01,2021-04-09,0.5536687995806324,0.6581002075621383,-0.10443140798150585
2453,2019,2020,0.9624,419576,490324,CMIG4,2021-03-30,2021-03-30,2022-04-04,0.3069675229082971,0.03791059059045687,0.2690569323178402
2453,2020,2021,0.9734,490324,466601,CMIG4,2022-03-29,2022-03-29,2023-03-30,0.007855191340609302,-0.13582329486593125,0.14367848620654056
2453,2021,2022,0.9772,466601,430756,CMIG4,2023-03-25,2023-03-27,2024-04-02,0.164370982560474,0.27970220266845347,-0.11533122010797947
2453,2022,2023,0.9693,430756,405851,CMIG4,2024-03-21,2024-03-21,2025-03-25,0.14800995023923713,0.030502213000660028,0.1175077372385771
2453,2023,2024,0.9686,405851,412561,CMIG4,2025-03-21,2025-03-21,2026-03-25,0.15370370370370368,0.4010687833182516,-0.2473650796145479
2577,2015,2016,0.9647,208879,214624,CESP6,2017-03-24,2017-03-24,2018-04-04,-0.1537199124726477,0.3211387518700932,-0.47485866434274093
2577,2016,2017,0.9695,214624,255415,CESP6,2018-03-21,2018-03-21,2019-04-01,0.5773324984345649,0.13036366839384828,0.44696883004071664
2577,2017,2018,0.9615,255415,235309,CESP6,2019-03-22,2019-03-22,2020-03-26,0.11260162601626011,-0.17096564095752753,0.28356726697378765
2577,2018,2019,0.8204,235309,134950,CESP6,2020-02-17,2020-02-17,2021-02-25,-0.21599768986427959,-0.02647440661665046,-0.18952328324762913
3980,2015,2016,0.991,203796,201424,GGBR4,2017-02-22,2017-02-22,2018-03-06,0.24485125892212878,0.24877652645337367,-0.0039252675312448915
3980,2016,2017,0.9829,201424,211551,GGBR4,2018-02-28,2018-02-28,2019-03-11,-0.10348977097846523,0.14847682446631705,-0.2519665954447823
3980,2017,2018,0.9855,211551,220360,GGBR4,2019-02-21,2019-02-21,2020-02-28,0.1211920536576292,0.07468441624239275,0.04650763741523645
3980,2018,2019,0.5646,220360,39264,GGBR4,2020-02-19,2020-02-19,2021-03-01,0.3054331870410838,-0.05306297074433397,0.35849615778541777
3980,2019,2020,0.7778,39264,39883,GGBR4,2021-02-24,2021-02-24,2022-02-25,-0.06190125260778345,-0.021837023240179776,-0.040064229367603676
3980,2020,2021,0.5008,39883,221121,GGBR4,2022-02-23,2022-02-23,2023-02-28,0.1661914461614744,-0.0631714220132008,0.22936286817467522
3980,2021,2022,0.9839,221121,226913,GGBR4,2023-03-01,2023-03-01,2024-03-06,-0.23953252022929683,0.23476205845168652,-0.47429457868098335
3980,2022,2023,0.9869,226913,225135,GGBR4,2024-02-20,2024-02-20,2025-02-19,-0.026542055892811556,-0.02006918156647397,-0.006472874326337585
3980,2023,2024,0.9726,225135,239444,GGBR4,2025-02-24,2025-02-24,2026-03-02,0.2784265519360787,0.509608745932461,-0.2311821939963823
4030,2015,2016,0.917,285063,323662,CSNA3,2017-10-28,2017-10-30,2018-11-08,0.14619883040935666,0.14464894143529317,0.0015498889740634958
4030,2016,2017,0.9262,323662,271289,CSNA3,2018-04-06,2018-04-06,2019-04-16,0.8120649651972158,0.11215329987755296,0.6999116653196629
4030,2017,2018,0.9792,271289,273985,CSNA3,2019-02-20,2019-02-20,2020-02-27,0.07400379506641386,0.06669120794789496,0.007312587118518898
4030,2018,2019,0.9764,273985,274698,CSNA3,2020-03-04,2020-03-04,2021-03-11,2.025974025974026,0.07236761850403162,1.9536064074699946
4030,2019,2020,0.7701,274698,108318,CSNA3,2021-02-22,2021-02-22,2022-02-23,-0.3376187814421465,-0.0058587332483045484,-0.33176004819384197
4030,2020,2021,0.7728,108318,277847,CSNA3,2022-03-09,2022-03-09,2023-03-10,-0.4308187343582409,-0.09027312824527123,-0.3405456061129697
4030,2021,2022,0.9608,277847,286438,CSNA3,2023-03-16,2023-03-16,2024-03-21,0.10216508795669821,0.23902925769756478,-0.13686416974086657
4030,2022,2023,0.9668,286438,247953,CSNA3,2024-03-06,2024-03-06,2025-03-10,-0.4798798798798798,-0.03391141438726575,-0.44596846549261404
4030,2023,2024,0.9658,247953,276107,CSNA3,2025-03-12,2025-03-12,2026-03-16,-0.2880755608028336,0.4522069859159479,-0.7402825467187815
4170,2015,2016,0.9052,224509,237390,VALE3,2017-02-23,2017-02-23,2018-03-07,0.29182996683750373,0.2671477714882542,0.024682195349249536
4170,2016,2017,0.9392,237390,227057,VALE3,2018-02-27,2018-02-27,2019-03-08,0.032114937671667176,0.09696172239997858,-0.0648467847283114
4170,2017,2018,0.8964,227057,248583,VALE3,2019-04-18,2019-04-18,2020-04-24,-0.16774438950171167,-0.20351029930134046,0.03576590979962879
4170,2018,2019,0.579,248583,90315,VALE3,2020-03-02,2020-03-02,2021-03-09,1.1283433994823122,0.04412850971719684,1.0842148897651154
4170,2019,2020,0.5645,90315,274603,VALE3,2021-02-25,2021-02-25,2022-03-02,0.0411660223592103,0.025987391716602914,0.015178630642607382
4170,2020,2021,0.9428,274603,306915,VALE3,2022-02-24,2022-02-24,2023-03-01,0.018962759881197222,-0.06458535016932687,0.0835481100505241
4170,2021,2022,0.9321,306915,323774,VALE3,2023-02-16,2023-02-16,2024-02-26,-0.26280973203273905,0.17889147551797113,-0.4417012075507102
4170,2022,2023,0.939,323774,344928,VALE3,2024-02-22,2024-02-22,2025-02-21,-0.13478131508479618,-0.023898010258709745,-0.11088330482608644
4170,2023,2024,0.9444,344928,322916,VALE3,2025-03-17,2025-03-17,2026-03-19,0.34203152364273204,0.3778580117883765,-0.035826488145644486
4820,2015,2016,0.8039,64386,296557,BRKM5,2017-08-15,2017-08-15,2018-08-23,0.5273396424815984,0.10648271753707439,0.420856924944524
4820,2016,2017,0.9885,296557,279551,BRKM5,2018-03-29,2018-03-29,2019-04-09,-0.006041666666666612,0.12799342029736582,-0.13403508696403243
4820,2017,2018,0.8387,279551,93770,BRKM5,2019-03-13,2019-03-13,2020-03-17,-0.6875800256081946,-0.24555801046430126,-0.4420220151438934
4820,2018,2019,0.8316,93770,315972,BRKM5,2020-04-03,2020-04-03,2021-04-13,2.003201024327785,0.7155783147985062,1.2876227095292787
4820,2019,2020,0.7571,315972,133746,BRKM5,2021-03-10,2021-03-10,2022-03-15,0.40330115228900665,-0.033847391419967066,0.4371485437089737
4820,2020,2021,0.7773,133746,343707,BRKM5,2022-03-16,2022-03-16,2023-03-17,-0.5865763008307827,-0.08217712455753146,-0.5043991762732513
4820,2021,2022,0.9889,343707,308708,BRKM5,2023-03-23,2023-03-23,2024-03-28,0.5865384615384615,0.3081883791429354,0.27835008239552606
4820,2022,2023,0.8016,308708,109681,BRKM5,2024-07-01,2024-07-01,2025-07-04,-0.4733257661748014,0.1326631337383588,-0.6059888999131602
4820,2023,2024,0.7925,109681,260453,BRKM5,2025-02-27,2025-02-27,2026-03-05,0.07535986452159182,0.44603640927776955,-0.37067654475617773
5258,2015,2016,0.8694,50853,41986,RADL3,2017-02-16,2017-02-16,2018-02-28,0.20247486477677623,0.2586381562338529,-0.05616329145707666
5258,2016,2017,0.7544,41986,43769,RADL3,2018-02-22,2018-02-22,2019-03-01,-0.22134146391513798,0.09133261311312202,-0.31267407702826
5258,2017,2018,0.7994,43769,48943,RADL3,2019-02-26,2019-02-26,2020-03-04,1.0495569413613808,0.09858046668886544,0.9509764746725153
5258,2018,2019,0.2671,48943,166326,RADL3,2020-02-19,2020-02-19,2021-03-01,-0.05272787785743416,-0.05306297074433397,0.00033509288689981265
5258,2019,2020,0.9354,166326,182671,RADL3,2021-03-09,2021-03-09,2022-03-14,-0.04565217371050889,-0.012602103536295761,-0.03305007017421313
5258,2020,2021,0.5221,182671,251661,RADL3,2022-02-22,2022-02-22,2023-02-27,-0.04000000008933058,-0.063607365636831,0.023607365547500425
5258,2021,2022,0.9492,251661,242447,RADL3,2023-03-07,2023-03-07,2024-03-12,0.18139375820780956,0.22489087138159602,-0.04349711317378646
5258,2022,2023,0.9479,242447,249418,RADL3,2024-03-05,2024-03-05,2025-03-07,-0.29771293395917087,-0.023915106944200737,-0.27379782701497013
5258,2023,2024,0.9618,249418,249898,RADL3,2025-03-20,2025-03-20,2026-03-24,0.22431192645574183,0.38311756516809936,-0.15880563871235753
5410,2015,2016,0.9873,89851,91393,WEGE3,2017-02-22,2017-02-22,2018-03-06,0.32865497067451854,0.24877652645337367,0.07987844422114487
5410,2016,2017,0.9833,91393,94422,WEGE3,2018-02-28,2018-02-28,2019-03-11,0.05399401963171302,0.14847682446631705,-0.09448280483460403
5410,2017,2018,0.9814,94422,100991,WEGE3,2019-04-10,2019-04-10,2020-04-15,1.0731042007637752,-0.17844058759742343,1.2515447883611985
5410,2018,2019,0.9844,100991,96003,WEGE3,2020-02-19,2020-02-19,2021-03-01,0.5977058582548136,-0.05306297074433397,0.6507688289991476
5410,2019,2020,0.9854,96003,96144,WEGE3,2021-02-24,2021-02-24,2022-02-25,-0.32179930795847755,-0.021837023240179776,-0.2999622847182978
5410,2020,2021,0.9819,96144,98694,WEGE3,2022-02-16,2022-02-16,2023-02-17,0.26581469648562295,-0.052126935921261275,0.3179416324068842
5410,2021,2022,0.9764,98694,99119,WEGE3,2023-02-15,2023-02-15,2024-02-23,-0.07458847736625529,0.18082632011236477,-0.25541479747862006
5410,2022,2023,0.9767,99119,103611,WEGE3,2024-02-21,2024-02-21,2025-02-20,0.4223314223314223,-0.018695458441710833,0.4410268807731331
5410,2023,2024,0.9627,103611,112878,WEGE3,2025-02-26,2025-02-26,2026-03-04,-0.01065830721003136,0.48568050435081034,-0.4963388115608417
6505,2015,2016,0.8717,140191,143638,BHIA3,2017-02-23,2017-02-23,2018-03-08,0.893939393939394,0.2597518373102008,0.6341875566291932
6505,2016,2017,0.9138,143638,142991,BHIA3,2018-02-19,2018-02-19,2019-02-26,-0.38372093023255816,0.15107183152891324,-0.5347927617614714
6505,2017,2018,0.8055,142991,158243,BHIA3,2019-02-20,2019-02-20,2020-02-27,1.7024952015355086,0.06669120794789496,1.6358039935876136
6505,2018,2019,0.7641,158243,166276,BHIA3,2020-03-26,2020-03-26,2021-04-05,1.1964912280701756,0.5122758225939992,0.6842154054761764
6505,2019,2020,0.7428,166276,165875,BHIA3,2021-03-02,2021-03-02,2022-03-07,-0.7171381031613977,0.00048108388216583364,-0.7176191870435635
6505,2020,2021,0.7945,165875,164701,BHIA3,2022-03-09,2022-03-09,2023-03-10,-0.46627565982404695,-0.09027312824527123,-0.3760025315787757
6505,2021,2022,0.9027,164701,164368,BHIA3,2023-03-09,2023-03-09,2024-03-14,-0.8348453608247423,0.2152709986438719,-1.050116359468614
6505,2022,2023,0.8896,164368,153589,BHIA3,2024-03-25,2024-03-25,2025-03-27,0.4696969696969697,0.048981391297209464,0.42071557839976026
6505,2023,2024,0.9063,153589,162067,BHIA3,2025-03-12,2025-03-12,2026-03-16,-0.4652014652014652,0.4522069859159479,-0.9174084511174131
8133,2015,2016,0.6631,157314,44337,LREN3,2017-02-09,2017-02-09,2018-02-21,0.6130252097645599,0.3245896360326326,0.2884355737319273
8133,2016,2017,0.6852,44337,153830,LREN3,2018-02-08,2018-02-08,2019-02-19,0.28234617572728893,0.19779369044478323,0.0845524852825057
8133,2017,2018,0.8929,153830,160225,LREN3,2019-02-07,2019-02-07,2020-02-12,0.43748558248365077,0.23588126508186646,0.2016043174017843
8133,2018,2019,0.8952,160225,139213,LREN3,2020-02-06,2020-02-06,2021-02-12,-0.2774357117906425,0.0367976386839135,-0.31423335047455603
8133,2019,2020,0.7729,139213,180180,LREN3,2021-02-11,2021-02-11,2022-02-16,-0.23175932979216318,-0.03452544735394847,-0.1972338824382147
8133,2020,2021,0.6466,180180,150743,LREN3,2022-03-17,2022-03-17,2023-03-20,-0.23755458535043183,-0.10747996508199376,-0.13007462026843808
8133,2021,2022,0.9279,150743,143572,LREN3,2023-02-16,2023-02-16,2024-02-26,-0.21155830766650585,0.17889147551797113,-0.390449783184477
8133,2022,2023,0.9495,143572,138987,LREN3,2024-03-14,2024-03-14,2025-03-18,-0.1778316172514941,0.029640229377452254,-0.20747184662894635
8133,2023,2024,0.945,138987,150333,LREN3,2025-02-20,2025-02-20,2026-02-26,0.17067833698030643,0.49689774137390263,-0.3262194043935962
8451,2015,2016,0.9828,136443,141275,POMO4,2017-02-23,2017-02-23,2018-03-07,0.3693379788830662,0.2671477714882542,0.102190207394812
8451,2016,2017,0.9861,141275,148495,POMO4,2018-02-22,2018-02-22,2019-03-01,0.05602391337279333,0.09133261311312202,-0.035308699740328686
8451,2017,2018,0.9573,148495,144360,POMO4,2019-02-26,2019-02-26,2020-03-04,0.3476070526965591,0.09858046668886544,0.24902658600769367
8451,2018,2019,0.9799,144360,148462,POMO4,2020-02-27,2020-02-27,2021-03-05,-0.4707070706666666,0.11864745323279946,-0.5893545238994661
8451,2019,2020,0.8842,148462,164141,POMO4,2021-02-25,2021-02-25,2022-03-02,0.062015503753019674,0.025987391716602914,0.03602811203641676
8451,2020,2021,0.994,164141,161223,POMO4,2022-02-25,2022-02-25,2023-03-02,0.14137931052218788,-0.08676119571575314,0.22814050623794102
8451,2021,2022,0.9912,161223,154805,POMO4,2023-02-28,2023-02-28,2024-03-05,1.7246835443487418,0.2207734099620584,1.5039101343866834
8451,2022,2023,0.9914,154805,153494,POMO4,2024-02-27,2024-02-27,2025-02-26,0.06480836225512987,-0.05255291296480491,0.11736127521993478
8451,2023,2024,0.9847,153494,155281,POMO4,2025-02-25,2025-02-25,2026-03-03,-0.05714285714285716,0.4534497279319254,-0.5105925850747826
8656,2015,2016,0.9921,205024,204140,GOAU4,2017-02-22,2017-02-22,2018-03-06,0.2988115450487754,0.24877652645337367,0.050035018595401715
8656,2016,2017,0.9872,204140,216159,GOAU4,2018-02-28,2018-02-28,2019-03-11,-0.10152284274008339,0.14847682446631705,-0.24999966720640043
8656,2017,2018,0.9861,216159,218055,GOAU4,2019-02-21,2019-02-21,2020-02-28,0.12129760217686303,0.07468441624239275,0.04661318593447028
8656,2018,2019,0.9854,218055,200372,GOAU4,2020-02-19,2020-02-19,2021-03-01,0.1745562129687348,-0.05306297074433397,0.22761918371306877
8656,2019,2020,0.5159,200372,31584,GOAU4,2021-02-24,2021-02-24,2022-02-25,-0.14742014744080645,-0.021837023240179776,-0.12558312420062667
8656,2020,2021,0.53,31584,209428,GOAU4,2022-02-23,2022-02-23,2023-02-28,0.24308300392418847,-0.0631714220132008,0.3062544259373893
8656,2021,2022,0.9864,209428,214736,GOAU4,2023-03-01,2023-03-01,2024-03-06,-0.23938223942795422,0.23476205845168652,-0.47414429787964074
8656,2022,2023,0.9908,214736,211253,GOAU4,2024-02-20,2024-02-20,2025-02-19,-0.04875621894269855,-0.02006918156647397,-0.028687037376224578
8656,2023,2024,0.9838,211253,223354,GOAU4,2025-02-24,2025-02-24,2026-03-02,0.3840639417044378,0.509608745932461,-0.12554480422802317
8672,2015,2016,0.5959,230573,10759,IGTI11,2017-03-10,2021-11-22,2022-11-24,-0.08472953566299668,0.09507015945673802,-0.1797996951197347
8672,2016,2017,0.5831,10759,194357,IGTI11,2018-03-14,2021-11-22,2022-11-24,-0.08472953566299668,0.09507015945673802,-0.1797996951197347
8672,2017,2018,0.8209,194357,187960,IGTI11,2019-03-14,2021-11-22,2022-11-24,-0.08472953566299668,0.09507015945673802,-0.1797996951197347
8672,2018,2019,0.9631,187960,160307,IGTI11,2020-03-12,2021-11-22,2022-11-24,-0.08472953566299668,0.09507015945673802,-0.1797996951197347
8672,2019,2020,0.5713,160307,7559,IGTI11,2021-03-11,2021-11-22,2022-11-24,-0.08472953566299668,0.09507015945673802,-0.1797996951197347
8672,2020,2021,0.5093,7559,177847,IGTI11,2022-04-18,2022-04-18,2023-04-19,-0.0744630071599045,-0.10177707569330241,0.027314068533397906
8672,2021,2022,0.916,177847,165828,IGTI11,2023-02-28,2023-02-28,2024-03-05,0.2136575271598553,0.2207734099620584,-0.0071158828022030995
8672,2022,2023,0.979,165828,172585,IGTI11,2024-02-20,2024-02-20,2025-02-19,-0.18491691521090758,-0.02006918156647397,-0.1648477336444336
8672,2023,2024,0.9735,172585,168304,IGTI11,2025-02-18,2025-02-18,2026-02-24,0.49088145896656554,0.48983001937809734,0.001051439588468206
9512,2016,2017,0.7963,244209,296098,PETR3,2018-03-16,2018-03-16,2019-03-27,0.3029525032092426,0.08266239806386122,0.2202901051453814
9512,2017,2018,0.943,296098,305009,PETR3,2019-02-27,2019-02-27,2020-03-05,-0.12585588522986646,0.05062199335281181,-0.17647787858267827
9512,2018,2019,0.6325,305009,74579,PETR3,2020-02-19,2020-02-19,2021-03-01,-0.3242247466994166,-0.05306297074433397,-0.2711617759550826
9512,2019,2020,0.6792,74579,114397,PETR3,2021-03-22,2021-03-22,2022-03-25,0.5164644714038129,0.035678471677315304,0.4807859997264976
9512,2020,2021,0.5674,114397,463618,PETR3,2022-02-23,2022-02-23,2023-02-28,-0.20755237045203967,-0.0631714220132008,-0.14438094843883886
9512,2021,2022,0.9741,463618,450628,PETR3,2023-03-02,2023-03-02,2024-03-07,0.47567954220314723,0.2420905136683924,0.23358902853475483
9512,2022,2023,0.9749,450628,456996,PETR3,2024-03-25,2024-03-25,2025-03-27,0.11146838156484451,0.048981391297209464,0.062486990267635045
9512,2023,2024,0.9843,456996,441047,PETR3,2025-02-26,2025-02-26,2026-03-04,0.06040914560770161,0.48568050435081034,-0.42527135874310873
10456,2015,2016,0.9687,135754,126096,ALPA4,2017-03-22,2017-03-22,2018-04-02,0.3710590137429264,0.3328818315230757,0.03817718221985067
10456,2016,2017,0.9638,126096,144787,ALPA4,2018-02-09,2018-02-09,2019-02-20,0.22718691000629332,0.1934037258942356,0.03378318411205772
10456,2017,2018,0.3964,144787,25477,ALPA4,2019-02-15,2019-02-15,2020-02-20,1.2927461139896375,0.1749308465822057,1.1178152674074318
10456,2018,2019,0.4137,25477,179658,ALPA4,2020-02-07,2020-02-07,2021-02-17,0.07500724008108883,0.057884087499110004,0.01712315258197883
10456,2019,2020,0.2073,179658,41079,ALPA4,2021-02-12,2021-02-12,2022-02-17,-0.3067770305225038,-0.049403861985626296,-0.25737316853687753
10456,2020,2021,0.7181,41079,39036,ALPA4,2022-02-23,2022-02-23,2023-02-28,-0.627125345986556,-0.0631714220132008,-0.5639539239733552
10456,2021,2022,0.8914,39036,37426,ALPA4,2023-03-02,2023-03-02,2024-03-07,0.032154340836012985,0.2420905136683924,-0.20993617283237942
10456,2022,2023,0.6996,37426,50057,ALPA4,2024-02-28,2024-02-28,2025-02-27,-0.3647058823529411,-0.04115441053823099,-0.3235514718147101
10456,2023,2024,0.1123,50057,153837,ALPA4,2025-03-11,2025-03-11,2026-03-13,0.7389984825493172,0.43840273473602975,0.30059574781328746
11312,2015,2016,0.9003,270734,251041,OIBR3,2017-03-22,2017-03-22,2018-04-02,-0.06506024121042386,0.3328818315230757,-0.3979420727334996
11312,2016,2017,0.8814,251041,336336,OIBR3,2018-04-12,2018-04-12,2019-04-23,-0.39093059113870865,0.12265071445433029,-0.5135813055930389
11312,2017,2018,0.8981,336336,330557,OIBR3,2019-03-26,2019-03-26,2020-03-30,-0.7127071823204421,-0.216850588446871,-0.49585659387357106
11312,2018,2019,0.8938,330557,265247,OIBR3,2020-03-25,2020-03-25,2021-04-01,2.6346153846153846,0.5376216870874304,2.096993697527954
11312,2019,2020,0.7396,265247,351663,OIBR3,2021-05-10,2021-05-10,2022-05-13,-0.6057142857142856,-0.1229182940755087,-0.48279599163877696
11312,2020,2021,0.9207,351663,336104,OIBR3,2022-05-05,2022-05-05,2023-05-09,-0.8552631578947368,0.017183266876655168,-0.872446424771392
11312,2021,2022,0.8889,336104,304047,OIBR3,2023-05-22,2023-05-22,2024-05-24,-0.46846846846846846,0.12786544832411972,-0.5963339167925882
11312,2022,2023,0.8777,304047,270375,OIBR3,2024-03-27,2024-03-27,2025-03-31,-0.8515753730534259,0.02011831409386211,-0.871693687147288
11312,2023,2024,0.7865,270375,288892,OIBR3,2025-03-26,2025-03-26,2026-04-02,-0.8790322580645161,0.41905029466200583,-1.2980825527265218
12653,2015,2016,0.9317,150235,148000,KLBN11,2017-02-09,2017-02-09,2018-02-21,0.16361256523375012,0.3245896360326326,-0.16097707079888246
12653,2016,2017,0.9055,148000,157955,KLBN11,2018-02-01,2018-02-01,2019-02-12,0.028232636644910603,0.12483923081565695,-0.09660659417074635
12653,2017,2018,0.8965,157955,173194,KLBN11,2019-02-07,2019-02-07,2020-02-12,0.10816326533619969,0.23588126508186646,-0.12771799974566678
12653,2018,2019,0.8324,173194,150741,KLBN11,2020-02-06,2020-02-06,2021-02-12,0.3328591747935874,0.0367976386839135,0.2960615361096739
12653,2019,2020,0.8276,150741,210003,KLBN11,2021-02-10,2021-02-10,2022-02-15,-0.1780626778840132,-0.030456705781965687,-0.1476059721020475
12653,2020,2021,0.4171,210003,239679,KLBN11,2024-06-13,2024-06-13,2025-06-17,-0.1198044007823722,0.1611849805712302,-0.2809893813536024
12653,2021,2022,0.4079,239679,270436,KLBN11,2023-02-08,2023-02-08,2024-02-16,0.12584503372083433,0.17075157417148223,-0.0449065404506479
12653,2022,2023,0.9788,270436,252669,KLBN11,2024-02-07,2024-02-07,2025-02-10,0.08930060228668513,-0.03369059922323914,0.12299120150992426
12653,2023,2024,0.989,252669,269977,KLBN11,2025-02-26,2025-02-26,2026-03-04,-0.015114578105648757,0.48568050435081034,-0.5007950824564591
13986,2015,2016,0.4688,162228,59750,SUZB3,2017-02-08,2017-11-10,2018-11-22,0.8443579766536966,0.2121757667499382,0.6321822099037584
13986,2016,2017,0.4367,59750,166321,SUZB3,2018-02-09,2018-02-09,2019-02-20,1.3564257028112445,0.1934037258942356,1.163021976917009
13986,2017,2018,0.8249,166321,215584,SUZB3,2019-02-21,2019-02-21,2020-02-28,-0.19941225860621326,0.07468441624239275,-0.274096674848606
13986,2018,2019,0.8582,215584,271462,SUZB3,2020-02-12,2020-02-12,2021-02-22,0.9219999999999999,-0.03433838358298891,0.9563383835829888
13986,2019,2020,0.9244,271462,298348,SUZB3,2021-02-10,2021-02-10,2022-02-15,-0.16026392961876834,-0.030456705781965687,-0.12980722383680265
13986,2020,2021,0.9513,298348,290070,SUZB3,2022-02-09,2022-02-09,2023-02-10,-0.23432343234323438,-0.038974442695399736,-0.19534898964783465
13986,2021,2022,0.9632,290070,278350,SUZB3,2023-02-28,2023-02-28,2024-03-05,0.22685379136992045,0.2207734099620584,0.0060803814078620455
13986,2022,2023,0.9591,278350,273650,SUZB3,2024-02-28,2024-02-28,2025-02-27,-0.003659811781108413,-0.04115441053823099,0.03749459875712258
13986,2023,2024,0.9751,273650,274607,SUZB3,2025-02-12,2025-02-12,2026-02-18,-0.013282732447817747,0.49554587502304415,-0.5088286074708619
14311,2015,2016,0.8136,289123,163642,CPLE3,2017-03-28,2017-03-28,2018-04-06,-0.10113237016790311,0.31218795661230714,-0.41332032678021025
14311,2016,2017,0.9624,163642,139503,CPLE3,2018-05-14,2018-05-14,2019-05-23,0.9268518518518516,0.10181411506615046,0.8250377367857011
14311,2017,2018,0.7334,139503,325757,CPLE3,2019-03-28,2019-03-28,2020-04-01,0.7453968253968255,-0.24814602219285442,0.9935428475896799
14311,2018,2019,0.9865,325757,308157,CPLE3,2020-03-25,2020-03-25,2021-04-01,0.20719341878706699,0.5376216870874304,-0.3304282683003634
14311,2019,2020,0.981,308157,350652,CPLE3,2021-05-05,2021-05-05,2022-05-10,0.08148148148148149,-0.13762034932794398,0.21910183080942547
14311,2020,2021,0.9775,350652,334303,CPLE3,2022-03-22,2022-03-22,2023-03-23,-0.15417867435158505,-0.16496714829161907,0.010788473940034016
14311,2021,2022,0.3424,334303,1082,CPLE3,2023-03-21,2023-03-21,2024-03-26,0.4744897959183674,0.25609276132142256,0.21839703459694482
14311,2022,2023,0.3424,1082,326092,CPLE3,2024-02-29,2024-02-29,2025-02-28,-0.02941176470588236,-0.04821678062055801,0.01880501591467565
14311,2023,2024,0.9803,326092,277416,CPLE3,2025-02-27,2025-02-27,2026-03-05,0.5962800875273522,0.44603640927776955,0.15024367824958262
14320,2015,2016,0.9822,200762,219603,USIM5,2017-02-17,2017-02-17,2018-03-01,1.165137614678899,0.2602181718776615,0.9049194428012375
14320,2016,2017,0.9797,219603,214206,USIM5,2018-02-09,2018-02-09,2019-02-20,-0.1736420302760464,0.1934037258942356,-0.367045756170282
14320,2017,2018,0.9804,214206,203967,USIM5,2019-02-15,2019-02-15,2020-02-20,0.006382978723404209,0.1749308465822057,-0.1685478678588015
14320,2018,2019,0.9887,203967,204148,USIM5,2020-02-14,2020-02-14,2021-02-24,0.7414141414141413,0.011252597684749288,0.730161543729392
14320,2019,2020,0.9777,204148,200997,USIM5,2021-02-12,2021-02-12,2022-02-17,0.04721634954193088,-0.049403861985626296,0.09662021152755718
14320,2020,2021,0.936,200997,202683,USIM5,2022-02-11,2022-02-11,2023-02-14,-0.5415325177076626,-0.050395540816052575,-0.49113697689161007
14320,2021,2022,0.9691,202683,220649,USIM5,2023-02-10,2023-02-10,2024-02-20,0.4073569482288828,0.2020557879026006,0.2053011603262822
14320,2022,2023,0.9752,220649,217795,USIM5,2025-01-16,2025-01-16,2026-01-20,0.274793388429752,0.371535278758937,-0.09674189032918501
14320,2023,2024,0.9891,217795,215483,USIM5,2025-02-14,2025-02-14,2026-02-20,0.04013377926421402,0.4860124417215945,-0.4458786624573805
14443,2015,2016,0.7174,168528,263570,SBSP3,2017-03-27,2017-03-27,2018-04-05,0.08734177212050187,0.32501622261107777,-0.2376744504905759
14443,2016,2017,0.7655,263570,146834,SBSP3,2018-03-27,2018-03-27,2019-04-05,0.14213054525343582,0.158697404366287,-0.016566859112851162
14443,2017,2018,0.7256,146834,282037,SBSP3,2019-03-28,2019-03-28,2020-04-01,-0.10634146346580065,-0.24814602219285442,0.14180455872705378
14443,2018,2019,0.9855,282037,242449,SBSP3,2020-03-27,2020-03-27,2021-04-06,0.04217619159088115,0.6001746181810457,-0.5579984265901645
14443,2019,2020,0.6132,242449,176912,SBSP3,2021-03-25,2021-03-25,2022-03-30,0.10719530094636154,0.05722958877326478,0.049965712173096755
14443,2020,2021,0.6004,176912,223209,SBSP3,2022-03-24,2022-03-24,2023-03-27,0.053954496232954785,-0.162805260283012,0.2167597565159668
14443,2021,2022,0.9884,223209,218593,SBSP3,2023-03-23,2023-03-23,2024-03-28,0.7568969095417135,0.3081883791429354,0.4487085303987781
14443,2022,2023,0.9849,218593,244365,SBSP3,2024-03-21,2024-03-21,2025-03-25,0.29667259331807316,0.030502213000660028,0.26617038031741314
14443,2023,2024,0.955,244365,261497,SBSP3,2025-03-27,2025-03-27,2026-03-31,0.5690189474778666,0.40791287939240894,0.1611060680854577
14460,2015,2016,0.8731,206885,213748,CYRE3,2017-03-23,2017-03-23,2018-04-03,0.15076923076923077,0.3320070472915575,-0.18123781652232673
14460,2016,2017,0.9823,213748,181084,CYRE3,2018-03-22,2018-03-22,2019-04-02,0.060105680317041,0.12527009051069804,-0.06516441019365704
14460,2017,2018,0.9503,181084,189467,CYRE3,2019-03-27,2019-03-27,2020-03-31,-0.08779857972885718,-0.20547270285974184,0.11767412313088466
14460,2018,2019,0.9483,189467,193192,CYRE3,2020-03-19,2020-03-19,2021-03-26,0.6108843537414967,0.6797540822867243,-0.06886972854522755
14460,2019,2020,0.9463,193192,229511,CYRE3,2021-03-18,2021-03-18,2022-03-23,-0.2991769547325104,0.02283189081975845,-0.32200884555226883
14460,2020,2021,0.9902,229511,233137,CYRE3,2022-03-17,2022-03-17,2023-03-20,-0.030612244897959107,-0.10747996508199376,0.07686772018403465
14460,2021,2022,0.9847,233137,247734,CYRE3,2023-03-16,2023-03-16,2024-03-21,0.5455116133082234,0.23902925769756478,0.3064823556106586
14460,2022,2023,0.9907,247734,262016,CYRE3,2024-03-14,2024-03-14,2025-03-18,-0.07686243594797004,0.029640229377452254,-0.1065026653254223
14460,2023,2024,0.9056,262016,236999,CYRE3,2025-03-20,2025-03-20,2026-03-24,0.3639505186121088,0.38311756516809936,-0.019167046555990552
14826,2015,2016,0.8945,303950,263729,PCAR3,2017-03-07,2017-03-29,2020-12-29,-0.1132941176789174,0.8222534114654907,-0.9355475291444081
14826,2016,2017,0.9509,263729,254081,PCAR3,2018-02-19,2018-10-23,2021-01-12,-0.10187036812728045,0.4536688908550208,-0.5555392589823013
14826,2017,2018,0.934,254081,252055,PCAR3,2019-03-26,2019-07-10,2021-01-18,-0.1571428571679333,0.14576594898178086,-0.30290880614971416
14826,2018,2019,0.2347,252055,64569,PCAR3,2020-10-28,2020-10-28,2021-11-05,0.8391369911616344,0.09914640811099984,0.7399905830506346
14826,2019,2020,0.8285,64569,42389,PCAR3,2021-02-23,2021-02-23,2022-02-24,0.27369871058160444,-0.03155142012155787,0.3052501307031623
14826,2020,2021,0.5226,42389,232095,PCAR3,2022-02-23,2022-02-23,2023-02-28,-0.3040752351097179,-0.0631714220132008,-0.2409038130965171
14826,2021,2022,0.9353,232095,223447,PCAR3,2023-02-27,2023-02-27,2024-03-04,-0.313041400659123,0.21406929549938236,-0.5271106961585054
14826,2022,2023,0.1056,223447,865,PCAR3,2024-02-21,2024-02-21,2025-02-20,-0.360655737704918,-0.018695458441710833,-0.34196027926320716
14826,2023,2024,0.078,865,221104,PCAR3,2025-02-18,2025-02-18,2026-02-24,0.06825938566552892,0.48983001937809734,-0.4215706337125684
15253,2015,2016,0.978,313688,361711,ENGI11,2017-03-23,2017-03-23,2018-04-03,0.5454545456369146,0.3320070472915575,0.21344749834535715
15253,2016,2017,0.969,361711,397685,ENGI11,2018-03-14,2018-03-14,2019-03-25,0.1800366587615969,0.0884481707118665,0.09158848804973041
15253,2017,2018,0.9608,397685,417774,ENGI11,2019-03-21,2019-03-21,2020-03-25,-0.12632850254818073,-0.22509787129165293,0.0987693687434722
15253,2018,2019,0.958,417774,438958,ENGI11,2020-03-18,2020-03-18,2021-03-25,0.09862671657681332,0.7004258168964921,-0.6017991003196788
15253,2019,2020,0.9786,438958,468736,ENGI11,2021-04-09,2021-04-09,2022-04-13,0.11155100127046569,-0.007546024939257934,0.11909702620972362
15253,2020,2021,0.9838,468736,529082,ENGI11,2024-01-20,2024-01-22,2025-01-23,-0.24974783126889222,-0.032529064612558,-0.21721876665633422
15253,2021,2022,0.9736,529082,514305,ENGI11,2023-03-16,2023-03-16,2024-03-21,0.21185592793748675,0.23902925769756478,-0.027173329760078024
15253,2022,2023,0.809,514305,478573,ENGI11,2024-03-15,2024-03-15,2025-03-19,-0.1097152430230438,0.045499113512739164,-0.15521435653578297
15253,2023,2024,0.9692,478573,449191,ENGI11,2025-03-18,2025-03-18,2026-03-20,0.2933076553965632,0.3403290503049521,-0.04702139490838886
16101,2015,2016,0.9889,179342,191039,GFSA3,2017-05-09,2017-05-09,2018-05-16,-0.03788191804013863,0.30567308718004127,-0.3435550052201799
16101,2016,2017,0.9865,191039,186811,GFSA3,2018-03-09,2018-03-09,2019-03-20,-0.17983193269974396,0.13511369097714154,-0.3149456236768855
16101,2017,2018,0.9797,186811,195820,GFSA3,2019-04-03,2019-04-03,2020-04-07,-0.5723025226794352,-0.19190502678125054,-0.3803974958981846
16101,2018,2019,0.9688,195820,175093,GFSA3,2020-03-26,2020-03-26,2021-04-05,0.34909161502883856,0.5122758225939992,-0.1631842075651606
16101,2019,2020,0.9545,175093,172530,GFSA3,2021-03-16,2021-03-16,2022-03-21,-0.6365503080768486,0.018731563344213997,-0.6552818714210626
16101,2020,2021,0.9731,172530,181063,GFSA3,2022-03-19,2022-03-21,2023-03-22,-0.578032307580552,-0.13717846389632837,-0.44085384368422365
16101,2021,2022,0.9579,181063,180001,GFSA3,2023-03-29,2023-03-29,2024-04-04,0.2589861996960521,0.251835891281599,0.007150308414453077
16101,2022,2023,0.9269,180001,180774,GFSA3,2024-03-26,2024-03-26,2025-03-28,-0.6713395638629284,0.03972126786828811,-0.7110608317312165
16101,2023,2024,0.9211,180774,141451,GFSA3,2025-03-27,2025-03-27,2026-03-31,-0.9484756097560976,0.40791287939240894,-1.3563884891485065
16292,2015,2016,0.2132,268972,58216,BRFS3,2017-02-23,2017-02-23,2018-03-07,-0.3802955665024631,0.2671477714882542,-0.6474433379907173
16292,2016,2017,0.7789,58216,74516,BRFS3,2018-02-22,2018-02-22,2019-03-01,-0.3376371852808263,0.09133261311312202,-0.42896979839394833
16292,2017,2018,0.185,74516,289781,BRFS3,2019-02-28,2019-02-28,2020-03-06,0.12348079727758865,0.025238650469454393,0.09824214680813426
16292,2018,2019,0.9261,289781,247396,BRFS3,2020-03-03,2020-03-03,2021-03-10,-0.07609942638623324,0.06859568815137052,-0.14469511453760375
16292,2019,2020,0.9298,247396,241315,BRFS3,2021-02-25,2021-02-25,2022-03-02,-0.2912912912912913,0.025987391716602914,-0.3172786830078942
16292,2020,2021,0.9571,241315,251167,BRFS3,2022-02-22,2022-02-22,2023-02-27,-0.6656330749354006,-0.063607365636831,-0.6020257092985696
16292,2021,2022,0.9819,251167,237963,BRFS3,2023-02-28,2023-02-28,2024-03-05,1.5876623376623376,0.2207734099620584,1.3668889277002791
16292,2022,2023,0.8657,237963,209387,BRFS3,2024-02-26,2024-02-26,2025-02-25,0.3461812990720914,-0.028003831522567357,0.37418513059465874
16306,2015,2016,0.9904,264786,292443,RSID3,2017-03-23,2017-03-23,2018-04-03,-0.1482939632545932,0.3320070472915575,-0.4803010105461507
16306,2016,2017,0.9987,292443,292066,RSID3,2018-03-26,2018-03-26,2019-04-04,-0.31093749999999987,0.13192481277587653,-0.4428623127758764
16306,2017,2018,0.9972,292066,306559,RSID3,2019-03-27,2019-03-27,2020-03-31,-0.08262711864406769,-0.20547270285974184,0.12284558421567415
16306,2018,2019,0.1023,306559,50422,RSID3,2020-03-18,2020-03-18,2021-03-25,1.1622222222222223,0.7004258168964921,0.4617964053257302
16306,2019,2020,0.7452,50422,206373,RSID3,2021-03-17,2021-03-17,2022-03-22,-0.19351767383420215,0.006203376009357164,-0.19972104984355932
16306,2020,2021,0.9609,206373,188488,RSID3,2022-03-16,2022-03-16,2023-03-17,-0.6347826086956523,-0.08217712455753146,-0.5526054841381208
16306,2021,2022,0.9805,188488,154882,RSID3,2023-09-29,2023-09-29,2024-10-02,-0.15463917525773196,0.1454102456162505,-0.30004942087398245
16306,2022,2023,0.9864,154882,159421,RSID3,2024-06-24,2024-06-24,2025-06-27,-0.6186915887850467,0.11602399472393965,-0.7347155835089864
17329,2015,2016,0.4058,108677,187641,EGIE3,2017-02-23,2017-02-23,2018-03-07,0.03607427069443969,0.2671477714882542,-0.2310735007938145
17329,2016,2017,0.9093,187641,214485,EGIE3,2018-02-22,2018-02-22,2019-03-01,0.3206806282512644,0.09133261311312202,0.2293480151381424
17329,2017,2018,0.9355,214485,226464,EGIE3,2019-02-19,2019-02-19,2020-02-26,0.07842696619167278,0.0825232453897049,-0.004096279198032127
17329,2018,2019,0.9447,226464,274580,EGIE3,2020-02-20,2020-02-20,2021-03-02,-0.19708324896055307,-0.02658609850051752,-0.17049715046003555
17329,2019,2020,0.9322,274580,311859,EGIE3,2021-04-20,2021-04-20,2022-04-26,0.025119617222476576,-0.09869176747778385,0.12381138470026043
17329,2020,2021,0.9692,311859,317252,EGIE3,2022-02-14,2022-02-14,2023-02-15,-0.04318854886902157,-0.037744342167841616,-0.005444206701179954
17329,2021,2022,0.9521,317252,292847,EGIE3,2023-11-30,2023-11-30,2024-12-02,-0.1411494251099379,-0.016457720626348094,-0.1246917044835898
17329,2022,2023,0.9768,292847,296163,EGIE3,2024-02-27,2024-02-27,2025-02-26,-0.10983488877721947,-0.05255291296480491,-0.057281975812414565
17329,2023,2024,0.9455,296163,304430,EGIE3,2025-02-20,2025-02-20,2026-02-26,0.29611171939275294,0.49689774137390263,-0.2007860219811497
17450,2015,2016,0.3248,60747,168388,RAIL3,2017-02-20,2017-02-20,2018-03-02,0.4838709677419355,0.25139006310257583,0.23248090463935966
17450,2016,2017,0.3367,168388,77564,RAIL3,2018-02-27,2018-02-27,2019-03-08,0.4045584045584045,0.09696172239997858,0.30759668215842595
17450,2017,2018,0.497,77564,162549,RAIL3,2019-02-13,2019-02-13,2020-02-18,0.21668415529905571,0.19964963314775108,0.017034522151304632
17450,2018,2019,0.435,162549,49476,RAIL3,2020-02-13,2020-02-13,2021-02-23,-0.1823529411764706,-0.0037604268975914845,-0.17859251427887912
17450,2019,2020,0.4361,49476,173524,RAIL3,2021-06-01,2021-06-01,2022-06-06,-0.1456674473067917,-0.14096480740767015,-0.0047026398991215634
17450,2020,2021,0.9364,173524,161513,RAIL3,2022-02-17,2022-02-17,2023-02-22,0.07913669064748197,-0.05616590656370979,0.13530259721119176
17450,2021,2022,0.9525,161513,176536,RAIL3,2023-02-15,2023-02-15,2024-02-23,0.3086632243258749,0.18082632011236477,0.12783690421351013
17450,2022,2023,0.9863,176536,182700,RAIL3,2024-03-27,2024-03-27,2025-03-31,-0.2781486426346239,0.02011831409386211,-0.298266956728486
17450,2023,2024,0.9747,182700,192670,RAIL3,2025-02-20,2025-02-20,2026-02-26,-0.10059491617090321,0.49689774137390263,-0.5974926575448058
17671,2015,2016,0.9404,286341,271106,VIVT3,2017-02-21,2017-02-21,2018-03-05,0.15312008390141574,0.2457684800531541,-0.09264839615173837
17671,2016,2017,0.9096,271106,243541,VIVT3,2018-02-21,2018-02-21,2019-02-28,-0.0034658040665433987,0.11077662273732258,-0.11424242680386598
17671,2017,2018,0.9044,243541,221548,VIVT3,2019-02-20,2019-02-20,2020-02-27,0.11018711018711036,0.06669120794789496,0.0434959022392154
17671,2018,2019,0.9299,221548,204525,VIVT3,2020-02-19,2020-02-19,2021-03-01,-0.16502795450163865,-0.05306297074433397,-0.11196498375730468
17671,2019,2020,0.8619,204525,308808,VIVT3,2021-02-23,2021-02-23,2022-02-24,0.10463311904234085,-0.03155142012155787,0.13618453916389872
17671,2020,2021,0.847,308808,322303,VIVT3,2022-02-22,2022-02-22,2023-02-27,-0.19629025682837342,-0.063607365636831,-0.13268289119154242
17671,2021,2022,0.8872,322303,353605,VIVT3,2023-02-17,2023-02-17,2024-02-27,0.35819100312725527,0.2062015488255209,0.15198945430173438
17671,2022,2023,0.9017,353605,362155,VIVT3,2024-02-20,2024-02-20,2025-02-19,-0.0037785754770451874,-0.02006918156647397,0.016290606089428783
17671,2023,2024,0.8985,362155,341933,VIVT3,2025-02-25,2025-02-25,2026-03-03,0.5543092166760142,0.4534497279319254,0.10085948874408879
17892,2015,2016,0.9384,169631,164826,STBP3,2017-02-15,2017-02-15,2018-02-27,0.9591836734693877,0.27892163626996647,0.6802620371994212
17892,2016,2017,0.9064,164826,193960,STBP3,2018-06-18,2018-06-18,2019-06-27,0.8025210084033614,0.44273235748387196,0.3597886509194894
17892,2017,2018,0.823,193960,197219,STBP3,2019-02-21,2019-02-21,2020-02-28,0.4119047619047618,0.07468441624239275,0.337220345662369
17892,2018,2019,0.9847,197219,209175,STBP3,2020-03-05,2020-03-05,2021-03-12,0.11794871794871797,0.11666660145627827,0.0012821164924397
17892,2019,2020,0.9797,209175,222689,STBP3,2021-03-08,2021-03-08,2022-03-11,0.2433962264150944,0.009958179785516164,0.23343804662957823
17892,2020,2021,0.9741,222689,231887,STBP3,2022-03-10,2022-03-10,2023-03-13,0.17690058479532178,-0.09274573029970234,0.2696463150950241
17892,2021,2022,0.8717,231887,222476,STBP3,2023-11-29,2023-11-29,2024-11-29,0.5334928229665072,-0.003945686004525495,0.5374385089710327
17892,2022,2023,0.9467,222476,196734,STBP3,2024-03-20,2024-03-20,2025-03-24,0.1323155216284988,0.01701152288061092,0.11530399874788788
17973,2015,2016,0.9269,147610,129151,COGN3,2017-03-22,2017-03-22,2018-04-02,0.04169884163128157,0.3328818315230757,-0.29118298989179414
17973,2016,2017,0.9534,129151,141798,COGN3,2018-03-16,2018-03-16,2019-03-27,-0.2869924295191333,0.08266239806386122,-0.3696548275829945
17973,2017,2018,0.8588,141798,191150,COGN3,2019-06-21,2019-06-21,2020-06-26,-0.4149034038562115,-0.08016764595746018,-0.3347357578987513
17973,2018,2019,0.5455,191150,214057,COGN3,2020-03-30,2020-03-30,2021-04-07,-0.20948616608695647,0.5758895962297701,-0.7853757623167266
17973,2019,2020,0.8961,214057,267371,COGN3,2021-03-31,2021-03-31,2022-04-05,-0.2512562813945355,0.019303422715146068,-0.27055970410968155
17973,2020,2021,0.9657,267371,230733,COGN3,2022-03-24,2022-03-24,2023-03-27,-0.21645021666666675,-0.162805260283012,-0.05364495638365474
17973,2021,2022,0.958,230733,216974,COGN3,2023-09-21,2023-09-21,2024-09-24,-0.5,0.13785098891429293,-0.6378509889142929
17973,2022,2023,0.9741,216974,237067,COGN3,2024-03-20,2024-03-20,2025-03-24,-0.31598512987285965,0.01701152288061092,-0.33299665275347057
17973,2023,2024,0.9728,237067,226329,COGN3,2025-03-12,2025-03-12,2026-03-16,0.9058139530451597,0.4522069859159479,0.4536069671292118
18376,2015,2016,0.9755,173691,180812,ISAE4,2017-02-23,2017-02-23,2018-03-07,0.02704345183834711,0.2671477714882542,-0.24010431964990708
18376,2016,2017,0.9275,180812,205636,ISAE4,2018-02-26,2018-02-26,2019-03-07,0.14888558692421983,0.07629581949842001,0.07258976742579981
18376,2017,2018,0.8138,205636,214509,ISAE4,2019-02-28,2019-02-28,2020-03-06,0.16321243523316054,0.025238650469454393,0.13797378476370614
18376,2018,2019,0.7198,214509,191584,ISAE4,2020-03-04,2020-03-04,2021-03-11,0.024680851063829667,0.07236761850403162,-0.04768676744020195
18376,2019,2020,0.7348,191584,215040,ISAE4,2021-02-22,2021-02-22,2022-02-23,0.0339263549855191,-0.0058587332483045484,0.03978508823382365
18376,2020,2021,0.933,215040,219262,ISAE4,2022-02-23,2022-02-23,2023-02-28,-0.12925170068027203,-0.0631714220132008,-0.06608027866707122
18376,2021,2022,0.9363,219262,204761,ISAE4,2023-02-23,2023-02-23,2024-02-29,0.16163890139576775,0.19915027826658038,-0.03751137687081263
18376,2022,2023,0.3901,204761,60635,ISAE4,2024-02-20,2024-02-20,2025-02-19,-0.12346139500186493,-0.02006918156647397,-0.10339221343539096
18376,2023,2024,0.4025,60635,218668,ISAE4,2025-02-24,2025-02-24,2026-03-02,0.21989752348420155,0.509608745932461,-0.2897112224482594
18465,2015,2016,0.9776,194813,199554,UGPA3,2017-02-22,2017-02-22,2018-03-06,0.06578560939794431,0.24877652645337367,-0.18299091705542936
18465,2016,2017,0.9748,199554,223219,UGPA3,2018-02-21,2018-02-21,2019-02-28,-0.3199643493761142,0.11077662273732258,-0.43074097211343676
18465,2017,2018,0.9772,223219,249965,UGPA3,2019-02-20,2019-02-20,2020-02-27,-0.2996891570671055,0.06669120794789496,-0.3663803650150005
18465,2018,2019,0.9645,249965,238178,UGPA3,2020-03-16,2020-03-16,2021-03-23,0.5361067503924646,0.5914697676836727,-0.05536301729120807
18465,2019,2020,0.9684,238178,262783,UGPA3,2021-02-25,2021-02-25,2022-03-02,-0.27286585365853655,0.025987391716602914,-0.29885324537513946
18465,2020,2021,0.4037,262783,2869,UGPA3,2022-02-25,2022-02-25,2023-03-02,-0.12964213369345035,-0.08676119571575314,-0.04288093797769721
18465,2021,2022,0.5425,2869,261976,UGPA3,2023-02-15,2023-02-15,2024-02-23,1.3272311212814647,0.18082632011236477,1.1464048011691
18465,2022,2023,0.9442,261976,247201,UGPA3,2024-02-28,2024-02-28,2025-02-27,-0.44007858546168954,-0.04115441053823099,-0.39892417492345855
18465,2023,2024,0.9453,247201,195504,UGPA3,2025-02-26,2025-02-26,2026-03-04,0.5933456561922366,0.48568050435081034,0.10766515184142622
18627,2015,2016,0.9236,103568,88783,SAPR11,2017-02-21,2017-11-22,2018-11-30,-0.055059523809523836,0.2010934423385029,-0.25615296614802674
18627,2016,2017,0.927,88783,120542,SAPR11,2018-02-06,2018-02-06,2019-02-15,0.28823324062294575,0.1624891351042339,0.12574410551871185
18627,2017,2018,0.9425,120542,132989,SAPR11,2019-02-21,2019-02-21,2020-02-28,0.305873181042863,0.07468441624239275,0.23118876480047024
18627,2018,2019,0.9323,132989,143652,SAPR11,2020-02-06,2020-02-06,2021-02-12,-0.35756040523748633,0.0367976386839135,-0.39435804392139984
18627,2019,2020,0.935,143652,180534,SAPR11,2021-02-11,2021-02-11,2022-02-16,-0.10951526032315984,-0.03452544735394847,-0.07498981296921137
18627,2020,2021,0.4667,180534,159993,SAPR11,2022-02-24,2022-02-24,2023-03-01,-0.1322564361433618,-0.06458535016932687,-0.06767108597403493
18627,2021,2022,0.8774,159993,149783,SAPR11,2023-02-16,2023-02-16,2024-02-26,0.48355452971725343,0.17889147551797113,0.3046630541992823
18627,2022,2023,0.9194,149783,152867,SAPR11,2024-02-08,2024-02-08,2025-02-11,-0.001096892138939709,-0.013221811910627657,0.012124919771687948
18627,2023,2024,0.8573,152867,133998,SAPR11,2025-02-20,2025-02-20,2026-02-26,0.6829887558940877,0.49689774137390263,0.18609101452018506
18660,2015,2016,0.9557,197873,204333,CPFE3,2017-03-23,2017-03-23,2018-04-03,-0.0363139398672393,0.3320070472915575,-0.3683209871587968
18660,2016,2017,0.9632,204333,193962,CPFE3,2018-03-27,2018-03-27,2019-04-05,0.20655737704918042,0.158697404366287,0.04785997268289344
18660,2017,2018,0.9387,193962,187251,CPFE3,2019-03-28,2019-03-28,2020-04-01,-0.14504065040650405,-0.24814602219285442,0.10310537178635037
18660,2018,2019,0.9593,187251,179949,CPFE3,2020-03-09,2020-03-09,2021-03-16,-0.10676470588235287,0.3247646025431292,-0.4315293084254821
18660,2019,2020,0.9497,179949,203980,CPFE3,2021-03-31,2021-03-31,2022-04-05,0.08777120315581866,0.019303422715146068,0.06846778044067259
18660,2020,2021,0.9231,203980,224367,CPFE3,2022-03-17,2022-03-17,2023-03-20,-0.07527559055118116,-0.10747996508199376,0.032204374530812596
18660,2021,2022,0.9068,224367,230608,CPFE3,2023-03-16,2023-03-16,2024-03-21,0.09551098376313272,0.23902925769756478,-0.14351827393443206
18660,2022,2023,0.8542,230608,218410,CPFE3,2024-03-21,2024-03-21,2025-03-25,0.1200232490555071,0.030502213000660028,0.08952103605484707
18660,2023,2024,0.9631,218410,217483,CPFE3,2025-02-26,2025-02-26,2026-03-04,0.35417835109366247,0.48568050435081034,-0.13150215325714787
18724,2015,2016,0.6122,17727,69869,BRAP4,2017-03-21,2017-03-21,2018-03-29,0.509587728112675,0.35543122404647653,0.15415650406619852
18724,2016,2017,0.9367,69869,90033,BRAP4,2018-03-21,2018-03-21,2019-04-01,0.02485243894277911,0.13036366839384828,-0.10551122945106917
18724,2017,2018,0.8036,90033,92344,BRAP4,2019-03-28,2019-03-28,2020-04-01,-0.0431654678557456,-0.24814602219285442,0.20498055433710882
18724,2018,2019,0.8158,92344,76006,BRAP4,2020-03-26,2020-03-26,2021-04-05,1.3583245332348426,0.5122758225939992,0.8460487106408434
18724,2019,2020,0.8867,76006,69329,BRAP4,2021-03-25,2021-03-25,2022-03-30,0.3162109918807363,0.05722958877326478,0.25898140310747153
18724,2020,2021,0.9452,69329,64339,BRAP4,2022-03-29,2022-03-29,2023-03-30,-0.1764884568651276,-0.13582329486593125,-0.04066516199919634
18724,2021,2022,0.9589,64339,64426,BRAP4,2023-03-27,2023-03-27,2024-04-02,-0.18591987553481137,0.27970220266845347,-0.46562207820326484
18724,2022,2023,0.5236,64426,12052,BRAP4,2024-03-27,2024-03-27,2025-03-31,-0.12248897599216069,0.02011831409386211,-0.1426072900860228
18724,2023,2024,0.9308,12052,11290,BRAP4,2025-03-25,2025-03-25,2026-03-27,0.2217319360176504,0.37472503683527747,-0.15299310081762707
18821,2015,2016,0.979,304976,325975,MOTV3,2017-03-06,2017-03-06,2018-03-14,-0.29722222222222217,0.29709350289269,-0.5943157251149122
18821,2016,2017,0.9524,325975,366236,MOTV3,2018-02-27,2018-02-27,2019-03-08,-0.002340093603744209,0.09696172239997858,-0.09930181600372279
18821,2017,2018,0.954,366236,390017,MOTV3,2019-03-21,2019-03-21,2020-03-25,0.07317073170731692,-0.22509787129165293,0.29826860299896985
18821,2018,2019,0.9666,390017,397076,MOTV3,2020-03-05,2020-03-05,2021-03-12,-0.17980456026058633,0.11666660145627827,-0.2964711617168646
18821,2019,2020,0.9837,397076,457410,MOTV3,2021-03-04,2021-03-04,2022-03-09,0.06018916595012902,0.010738913607105216,0.049450252343023804
18821,2020,2021,0.8968,457410,453105,MOTV3,2022-02-24,2022-02-24,2023-03-01,-0.12167606768734884,-0.06458535016932687,-0.05709071751802197
18821,2021,2022,0.9266,453105,362083,MOTV3,2023-02-15,2023-02-15,2024-02-23,0.23651079136690667,0.18082632011236477,0.0556844712545419
18821,2022,2023,0.8915,362083,236187,MOTV3,2024-02-08,2024-02-08,2025-02-11,-0.14550853749072012,-0.013221811910627657,-0.13228672558009247
18821,2023,2024,0.8475,236187,232622,MOTV3,2025-02-06,2025-02-06,2026-02-10,0.5142602495543669,0.47300228148618073,0.04125796806818616
19445,2015,2016,0.941,168385,162910,CSMG3,2017-03-09,2017-03-09,2018-03-19,0.048205793125810636,0.2992608371914134,-0.25105504406560275
19445,2016,2017,0.9347,162910,164794,CSMG3,2018-02-23,2018-02-23,2019-03-06,0.346024636135728,0.07931461817661933,0.26671001795910865
19445,2017,2018,0.9258,164794,187088,CSMG3,2019-02-28,2019-02-28,2020-03-06,-0.09604519757869234,0.025238650469454393,-0.12128384804814674
19445,2018,2019,0.9016,187088,222334,CSMG3,2020-03-19,2020-03-19,2021-03-26,0.16329745309443489,0.6797540822867243,-0.5164566291922894
19445,2019,2020,0.9399,222334,204242,CSMG3,2021-04-20,2021-04-20,2022-04-26,-0.15720263000597734,-0.09869176747778385,-0.058510862528193486
19445,2020,2021,0.9455,204242,210979,CSMG3,2022-06-13,2022-06-13,2023-06-16,0.6592592592592592,0.15751000651278613,0.5017492527464731
19445,2021,2022,0.9606,210979,196766,CSMG3,2023-03-21,2023-03-21,2024-03-26,0.39096267190569733,0.25609276132142256,0.13486991058427478
19445,2022,2023,0.6791,196766,123009,CSMG3,2024-03-21,2024-03-21,2025-03-25,0.03367003367003374,0.030502213000660028,0.003167820669373711
19445,2023,2024,0.6659,123009,218255,CSMG3,2025-03-24,2025-03-24,2026-03-26,1.383005977796755,0.3914915188258674,0.9915144589708875
19453,2015,2016,0.9923,197825,215135,ECOR3,2017-02-20,2017-02-20,2018-03-02,-0.03167898627243937,0.25139006310257583,-0.2830690493750152
19453,2016,2017,0.8193,215135,196690,ECOR3,2018-02-28,2018-02-28,2019-03-11,0.01492537313432818,0.14847682446631705,-0.13355145133198887
19453,2017,2018,0.945,196690,219762,ECOR3,2019-03-14,2019-03-14,2020-03-18,-0.05314009661835739,-0.3215843630935533,0.2684442664751959
19453,2018,2019,0.8833,219762,248648,ECOR3,2020-02-18,2020-02-18,2021-02-26,-0.3579743888242143,-0.04298352805292871,-0.3149908607712856
19453,2019,2020,0.9559,248648,233061,ECOR3,2021-03-10,2021-03-10,2022-03-15,-0.3971830985915493,-0.033847391419967066,-0.36333570717158226
19453,2020,2021,0.6522,233061,28545,ECOR3,2022-03-25,2022-03-25,2023-03-28,-0.38197969543147203,-0.1502844321346296,-0.23169526329684242
19453,2021,2022,0.6485,28545,275777,ECOR3,2023-03-16,2023-03-16,2024-03-21,0.8945147679324894,0.23902925769756478,0.6554855102349246
19453,2022,2023,0.8965,275777,245155,ECOR3,2024-03-13,2024-03-13,2025-03-17,-0.4084656084656084,0.02209200268268563,-0.43055761114829405
19453,2023,2024,0.9217,245155,277132,ECOR3,2025-03-18,2025-03-18,2026-03-20,0.4174228675136116,0.3403290503049521,0.07709381720865949
19550,2015,2016,0.4694,197284,103103,NATU3,2017-02-22,2017-02-22,2018-03-06,0.24289985052316898,0.24877652645337367,-0.005876675930204689
19550,2016,2017,0.4381,103103,255327,NATU3,2018-03-14,2018-03-14,2019-03-25,0.22930717351318197,0.0884481707118665,0.14085900280131547
19550,2017,2018,0.9648,255327,259633,NATU3,2019-02-28,2019-02-28,2020-03-06,0.6453079785035138,0.025238650469454393,0.6200693280340595
19550,2018,2019,0.9384,259633,254576,NATU3,2020-03-05,2020-03-05,2021-03-12,0.1845772455099981,0.11666660145627827,0.06791064405371983
19550,2019,2020,0.8813,254576,279718,NATU3,2021-03-31,2021-03-31,2022-04-05,-0.42127129206481095,0.019303422715146068,-0.440574714779957
19550,2020,2021,0.9817,279718,280814,NATU3,2022-03-29,2022-03-29,2023-03-30,-0.4948148148148148,-0.13582329486593125,-0.35899151994888356
19550,2021,2022,0.9842,280814,263936,NATU3,2023-03-16,2023-03-16,2024-03-21,0.3564575645756456,0.23902925769756478,0.11742830687808081
19550,2022,2024,0.9189,263936,281121,NATU3,2025-03-13,2025-03-13,2026-03-17,-0.3097345132743363,0.4359589296506423,-0.7456934429249786
19739,2015,2016,0.6455,45030,62237,RENT3,2017-02-05,2017-02-06,2018-02-16,1.1214285710055365,0.3208424743170848,0.8005860966884517
19739,2016,2017,0.9546,62237,78585,RENT3,2018-03-14,2018-03-14,2019-03-25,0.14139633293314202,0.0884481707118665,0.05294816222127552
19739,2017,2018,0.9832,78585,63486,RENT3,2019-02-21,2019-02-21,2020-02-28,0.5299117644525086,0.07468441624239275,0.4552273482101159
19739,2018,2019,0.9801,63486,71966,RENT3,2020-03-10,2020-03-10,2021-03-17,0.4250297974357018,0.26389535178155876,0.16113444565414303
19739,2019,2020,0.5169,71966,193243,RENT3,2021-02-25,2021-02-25,2022-03-02,-0.0551286335699982,0.025987391716602914,-0.08111602528660111
19739,2020,2021,0.9898,193243,175865,RENT3,2022-02-22,2022-02-22,2023-02-27,-0.10851486366002128,-0.063607365636831,-0.04490749802319027
19739,2021,2022,0.7725,175865,237155,RENT3,2023-03-28,2023-03-28,2024-04-03,-0.02674961914275631,0.2582722414932872,-0.2850218606360435
19739,2022,2023,0.8911,237155,260488,RENT3,2024-03-12,2024-03-12,2025-03-14,-0.3858346618496252,0.010098471157654165,-0.3959331330072794
19739,2023,2024,0.968,260488,251631,RENT3,2025-02-27,2025-02-27,2026-03-05,0.7629166535105723,0.44603640927776955,0.3168802442328027
19836,2015,2016,0.9749,207365,214117,CSAN3,2017-02-16,2017-02-16,2018-02-28,0.022877358490565936,0.2586381562338529,-0.23576079774328695
19836,2016,2017,0.6343,214117,93932,CSAN3,2018-03-26,2018-03-26,2019-04-04,0.03412567662979504,0.13192481277587653,-0.09779913614608149
19836,2017,2018,0.6476,93932,179425,CSAN3,2019-02-14,2019-02-14,2020-02-19,0.8992974238875875,0.18877205540493835,0.7105253684826491
19836,2018,2019,0.9645,179425,193087,CSAN3,2020-02-14,2020-02-14,2021-02-24,0.04256348246674713,0.011252597684749288,0.03131088478199784
19836,2019,2020,0.9229,193087,207729,CSAN3,2021-02-11,2021-02-11,2022-02-16,0.061111111111111116,-0.03452544735394847,0.09563655846505958
19836,2020,2021,0.8857,207729,303881,CSAN3,2022-02-24,2022-02-24,2023-03-01,-0.27840078010726477,-0.06458535016932687,-0.2138154299379379
19836,2021,2022,0.8689,303881,309670,CSAN3,2023-02-28,2023-02-28,2024-03-05,0.09145527369826434,0.2207734099620584,-0.12931813626379407
19836,2022,2023,0.8756,309670,367080,CSAN3,2024-05-29,2024-05-29,2025-06-03,-0.3829479768786128,0.12092990733720121,-0.503877884215814
19836,2023,2024,0.9289,367080,354216,CSAN3,2025-03-10,2025-03-10,2026-03-12,-0.20451339915373767,0.4398119393141853,-0.644325338467923
19879,2015,2016,0.8919,36945,48065,LIGT3,2017-03-23,2017-03-23,2018-04-03,-0.31990171990172,0.3320070472915575,-0.6519087671932775
19879,2016,2017,0.9202,48065,52340,LIGT3,2018-03-28,2018-03-28,2019-04-08,0.5732531930879039,0.16089776430467873,0.4123554287832252
19879,2017,2018,0.7296,52340,291970,LIGT3,2019-03-28,2019-03-28,2020-04-01,-0.5730392156862745,-0.24814602219285442,-0.32489319349342005
19879,2018,2019,0.9851,291970,286237,LIGT3,2020-03-12,2020-03-12,2021-03-19,0.39489051094890515,0.601233519966857,-0.20634300901795188
19879,2019,2020,0.6085,286237,54255,LIGT3,2021-03-19,2021-03-19,2022-03-24,-0.4625850340136054,0.0243614826093399,-0.4869465166229453
19879,2020,2021,0.6179,54255,238176,LIGT3,2022-03-24,2022-03-24,2023-03-27,-0.7721518987341772,-0.162805260283012,-0.6093466384511652
19879,2021,2022,0.9878,238176,240364,LIGT3,2023-03-28,2023-03-28,2024-04-03,1.2446351931330475,0.2582722414932872,0.9863629516397603
19879,2022,2023,0.9797,240364,264764,LIGT3,2024-03-25,2024-03-25,2025-03-27,0.011583011583011782,0.048981391297209464,-0.03739837971419768
19879,2023,2024,0.961,264764,379991,LIGT3,2025-03-28,2025-03-28,2026-04-01,0.1208791208791209,0.424941649940888,-0.3040625290617671
19909,2015,2016,0.9103,68857,72525,BRML3,2017-03-15,2017-03-15,2018-03-23,-0.1318774442780526,0.2739088528581919,-0.4057862971362445
19909,2016,2017,0.8776,72525,78982,BRML3,2018-03-16,2018-03-16,2019-03-27,0.08192341941228842,0.08266239806386122,-0.000738978651572797
19909,2017,2018,0.0,78982,254,BRML3,2019-03-29,2019-03-29,2020-04-02,-0.24184566428003185,-0.24274169924817546,0.0008960349681436108
19909,2018,2019,0.0,254,126529,BRML3,2020-03-12,2020-03-12,2021-03-19,-0.15309734513274342,0.601233519966857,-0.7543308650996005
19909,2019,2020,0.9109,126529,159034,BRML3,2021-04-09,2021-04-09,2022-04-13,-0.11670020120724345,-0.007546024939257934,-0.10915417626798551
19992,2015,2016,0.9514,109906,116359,TOTS3,2017-02-22,2017-02-22,2018-03-06,0.21400000044856005,0.24877652645337367,-0.034776526004813624
19992,2016,2017,0.9596,116359,116957,TOTS3,2018-02-07,2018-02-07,2019-02-18,0.14141414141414144,0.16604691281146433,-0.024632771397322895
19992,2017,2018,0.9584,116957,128921,TOTS3,2019-02-13,2019-02-13,2020-02-18,1.5974842764150945,0.19964963314775108,1.3978346432673434
19992,2018,2019,0.8989,128921,123534,TOTS3,2020-02-12,2020-02-12,2021-02-22,0.2815051022042738,-0.03433838358298891,0.31584348578726273
19992,2019,2020,0.8872,123534,213703,TOTS3,2022-02-16,2022-02-16,2023-02-17,-0.05615763546798036,-0.052126935921261275,-0.004030699546719085
19992,2020,2021,0.9359,213703,181205,TOTS3,2022-02-16,2022-02-16,2023-02-17,-0.05615763546798036,-0.052126935921261275,-0.004030699546719085
19992,2021,2022,0.818,181205,172361,TOTS3,2023-02-14,2023-02-14,2024-02-22,0.06501340482573736,0.207621576909379,-0.14260817208364163
19992,2022,2023,0.9534,172361,170859,TOTS3,2024-02-07,2024-02-07,2025-02-10,0.031659056316590606,-0.03369059922323914,0.06534965553982974
19992,2023,2024,0.9128,170859,168984,TOTS3,2025-02-12,2025-02-12,2026-02-18,0.16187594553706508,0.49554587502304415,-0.33366992948597907
20010,2015,2016,0.7845,278708,284258,EQTL3,2017-09-23,2017-09-25,2018-10-03,-0.03192534315643636,0.11861240232186887,-0.15053774547830523
20010,2016,2017,0.9496,284258,325960,EQTL3,2018-03-09,2018-03-09,2019-03-20,0.13319386334389693,0.13511369097714154,-0.0019198276332446085
20010,2017,2018,0.8742,325960,340185,EQTL3,2019-04-12,2019-04-12,2020-04-17,0.20696226695608821,-0.1494988963660835,0.3564611633221717
20010,2018,2019,0.609,340185,52219,EQTL3,2020-05-23,2020-05-25,2021-05-31,0.26820512845167155,0.47339017747119305,-0.2051850490195215
20010,2019,2020,0.8083,52219,427087,EQTL3,2021-03-24,2021-03-24,2022-03-29,0.3116079926348281,0.07094130604968463,0.24066668658514345
20010,2020,2021,0.9737,427087,621707,EQTL3,2022-03-31,2022-03-31,2023-04-03,-0.01212789424519456,-0.15410973887082446,0.1419818446256299
20010,2021,2022,0.9614,621707,530309,EQTL3,2023-03-29,2023-03-29,2024-04-04,0.21945058047102872,0.251835891281599,-0.03238531081057028
20010,2022,2023,0.6795,530309,50012,EQTL3,2024-03-25,2024-03-25,2025-03-27,-0.010553815632752372,0.048981391297209464,-0.05953520692996184
20010,2023,2024,0.6783,50012,557233,EQTL3,2025-04-01,2025-04-01,2026-04-06,0.25535215637604725,0.4347377669794015,-0.17938561060335423
20087,2015,2016,0.8457,65992,322208,EMBJ3,2017-03-09,2017-03-09,2018-03-19,0.07351407716371217,0.2992608371914134,-0.22574676002770122
20087,2016,2017,0.9963,322208,316644,EMBJ3,2018-03-08,2018-03-08,2019-03-19,-0.06216867469879517,0.17184005433454352,-0.2340087290333387
20087,2017,2018,0.8548,316644,78964,EMBJ3,2019-03-14,2019-03-14,2020-03-18,-0.5194252261841406,-0.3215843630935533,-0.19784086309058724
20087,2018,2019,0.8671,78964,330717,EMBJ3,2020-03-26,2020-03-26,2021-04-05,0.44718657453109567,0.5122758225939992,-0.0650892480629035
20087,2019,2020,0.8691,330717,101068,EMBJ3,2021-03-19,2021-03-19,2022-03-24,0.0578911095796002,0.0243614826093399,0.033529626970260296
20087,2020,2021,0.8645,101068,340386,EMBJ3,2022-03-09,2022-03-09,2023-03-10,0.15291262135922334,-0.09027312824527123,0.24318574960449457
20087,2021,2022,0.8502,340386,129294,EMBJ3,2023-03-10,2023-03-10,2024-03-15,0.5315789473684212,0.2231616646496466,0.30841728271877455
20087,2022,2023,0.8257,129294,257269,EMBJ3,2024-03-18,2024-03-18,2025-03-20,1.4961187985150186,0.039389959432607924,1.4567288390824107
20087,2023,2024,0.9868,257269,269817,EMBJ3,2025-02-27,2025-02-27,2026-03-05,0.26502177068214783,0.44603640927776955,-0.18101463859562172
20257,2015,2016,0.0003,258604,249428,TAEE11,2017-03-10,2017-03-10,2018-03-20,-0.11120802442215438,0.3013251084723634,-0.41253313289451776
20257,2016,2017,0.0005,249428,227939,TAEE11,2018-05-17,2018-05-17,2019-05-28,0.3561643835616437,0.1527207868269036,0.2034435967347401
20257,2017,2018,0.9466,227939,248703,TAEE11,2019-04-11,2019-04-11,2020-04-16,0.06758893280632416,-0.17880748923272394,0.2463964220390481
20257,2018,2019,0.9426,248703,263475,TAEE11,2020-03-12,2020-03-12,2021-03-19,0.2906685734715768,0.601233519966857,-0.3105649464952802
20257,2019,2020,0.9076,263475,254827,TAEE11,2021-03-03,2021-03-03,2022-03-08,0.30081300813008127,0.00017538502634595332,0.3006376231037353
20257,2020,2021,0.933,254827,224490,TAEE11,2022-02-18,2022-02-18,2023-02-23,-0.05437665782493384,-0.04683723445770005,-0.0075394233672337885
20257,2021,2022,0.9642,224490,224521,TAEE11,2023-03-15,2023-03-15,2024-03-20,-0.03489932885906033,0.2576017928336327,-0.29250112169269304
20257,2022,2023,0.9649,224521,228647,TAEE11,2024-03-06,2024-03-06,2025-03-10,-0.032053133121570876,-0.03391141438726575,0.0018582812656948722
20257,2023,2024,0.9616,228647,241460,TAEE11,2025-03-18,2025-03-18,2026-03-20,0.1883003492433062,0.3403290503049521,-0.1520287010616459
20362,2015,2016,0.9168,169940,187744,POSI3,2017-03-16,2017-03-16,2018-03-26,-0.14878048780487796,0.2934656981264874,-0.44224618593136533
20362,2016,2017,0.8598,187744,166518,POSI3,2018-03-14,2018-03-14,2019-03-25,-0.3743315508021391,0.0884481707118665,-0.4627797215140056
20362,2017,2018,0.0728,166518,204393,POSI3,2019-03-27,2019-03-27,2020-03-31,0.5605381165919283,-0.20547270285974184,0.7660108194516702
20362,2018,2019,0.0619,204393,248272,POSI3,2020-03-04,2020-03-04,2021-03-11,-0.34328358208955223,0.07236761850403162,-0.41565120059358385
20362,2019,2020,0.7523,248272,198095,POSI3,2021-03-17,2021-03-17,2022-03-22,0.38927335640138394,0.006203376009357164,0.3830699803920268
20362,2020,2021,0.8942,198095,204073,POSI3,2022-03-30,2022-03-30,2023-03-31,-0.17589576547231278,-0.15281553863071073,-0.023080226841602047
20362,2021,2022,0.9241,204073,206706,POSI3,2023-03-21,2023-03-21,2024-03-26,0.37784522003034904,0.25609276132142256,0.12175245870892648
20362,2022,2023,0.8781,206706,237076,POSI3,2024-03-21,2024-03-21,2025-03-25,-0.3910550458715597,0.030502213000660028,-0.42155725887221973
20362,2023,2024,0.0069,237076,277669,POSI3,2025-03-19,2025-03-19,2026-03-23,-0.21787709497206698,0.37298360972451183,-0.5908607046965788
20478,2015,2016,0.9596,175852,159590,PDGR3,2017-03-29,2017-03-29,2018-04-09,-0.2676056338028169,0.27131701437653866,-0.5389226481793555
20478,2016,2017,0.965,159590,170759,PDGR3,2018-03-29,2018-03-29,2019-04-09,-0.6,0.12799342029736582,-0.7279934202973658
20478,2017,2018,0.9698,170759,162950,PDGR3,2019-04-03,2019-04-03,2020-04-07,-0.5420827389443652,-0.19190502678125054,-0.35017771216311466
20478,2018,2019,0.9919,162950,166430,PDGR3,2020-03-30,2020-03-30,2021-04-07,0.3662440931166182,0.5758895962297701,-0.2096455031131519
20478,2019,2020,0.9866,166430,173827,PDGR3,2021-03-30,2021-03-30,2022-04-04,-0.7142857142857143,0.03791059059045687,-0.7521963048761712
20478,2020,2021,0.9848,173827,176677,PDGR3,2022-03-25,2022-03-25,2023-03-28,-0.9660431654676259,-0.1502844321346296,-0.8157587333329963
20478,2021,2022,0.9942,176677,176737,PDGR3,2023-10-26,2023-10-26,2024-10-28,-0.9958847736625515,0.14319715663941301,-1.1390819303019644
20478,2022,2023,0.9601,176737,191672,PDGR3,2024-03-28,2024-03-28,2025-04-01,-0.9769696969696969,0.023739618956474473,-1.0007093159261715
20478,2023,2024,0.9909,191672,190729,PDGR3,2025-03-31,2025-03-31,2026-04-02,-0.9892105263157894,0.4436717648473194,-1.432882291163109
20494,2015,2016,0.9907,146982,149845,IGTA3,2017-02-21,2017-02-21,2018-03-05,0.2333540759178594,0.2457684800531541,-0.01241440413529471
20494,2016,2017,0.9496,149845,164337,IGTA3,2018-02-27,2018-02-27,2019-03-08,0.04785894206549113,0.09696172239997858,-0.04910278033448745
20494,2017,2018,0.951,164337,172716,IGTA3,2019-02-26,2019-02-26,2020-03-04,0.2095216191352347,0.09858046668886544,0.11094115244636926
20494,2018,2019,0.6071,172716,36811,IGTA3,2020-02-18,2020-02-18,2021-02-26,-0.429062613101701,-0.04298352805292871,-0.3860790850487723
20516,2015,2016,0.9679,56482,54281,SMTO3,2016-06-06,2016-06-06,2017-06-08,-0.039005087620124446,0.24436506331322683,-0.2833701509333513
20516,2016,2017,0.7684,54281,57811,SMTO3,2017-06-26,2017-06-26,2018-07-03,0.11279143037177075,0.18459579639767032,-0.07180436602589957
20516,2017,2018,0.9388,57811,51169,SMTO3,2018-06-25,2018-06-25,2019-07-04,0.10986547085201792,0.4606323033412132,-0.35076683248919527
20516,2018,2019,0.4746,51169,158268,SMTO3,2019-06-24,2019-06-24,2020-06-29,-0.018181818181818188,-0.061991058402563914,0.04380924022074573
20516,2019,2020,0.4836,158268,70500,SMTO3,2020-06-29,2020-06-29,2021-07-05,0.8683683683683683,0.3257386117040362,0.5426297566643321
20516,2020,2021,0.4578,70500,106939,SMTO3,2021-06-21,2021-06-21,2022-06-24,0.04577930669489283,-0.2366666109671175,0.2824459176620103
20516,2021,2022,0.3423,106939,115479,SMTO3,2022-06-20,2022-06-20,2023-06-22,-0.1357466063348417,0.1910968429787605,-0.3268434493136022
20516,2022,2023,0.603,115479,114906,SMTO3,2023-06-19,2023-06-19,2024-06-21,-0.1372601279317699,0.01237608645447752,-0.1496362143862474
20516,2023,2024,0.3593,114906,92379,SMTO3,2024-06-17,2024-06-17,2025-06-20,-0.3739967897271268,0.15090056175257804,-0.5248973514797048
20524,2015,2016,0.7477,87446,231817,EVEN3,2017-03-22,2017-03-22,2018-04-02,0.07446808510638281,0.3328818315230757,-0.2584137464166929
20524,2016,2017,0.9145,231817,119962,EVEN3,2018-03-26,2018-03-26,2019-04-04,0.08303249097472931,0.13192481277587653,-0.04889232180114722
20524,2017,2018,0.5221,119962,75383,EVEN3,2019-03-28,2019-03-28,2020-04-01,-0.07500000000000007,-0.24814602219285442,0.17314602219285435
20524,2018,2019,0.5445,75383,129701,EVEN3,2020-03-30,2020-03-30,2021-04-07,0.47543352601156075,0.5758895962297701,-0.10045607021820935
20524,2019,2020,0.6911,129701,55452,EVEN3,2021-03-18,2021-03-18,2022-03-23,-0.3883883883883884,0.02283189081975845,-0.41122027920814685
20524,2020,2021,0.9547,55452,51598,EVEN3,2022-03-22,2022-03-22,2023-03-23,-0.28409090909090906,-0.16496714829161907,-0.11912376079928999
20524,2021,2022,0.964,51598,75018,EVEN3,2023-03-28,2023-03-28,2024-04-03,0.872767857142857,0.2582722414932872,0.6144956156495698
20524,2022,2023,0.5171,75018,154492,EVEN3,2024-03-21,2024-03-21,2025-03-25,-0.20546318289786214,0.030502213000660028,-0.23596539589852217
20524,2023,2024,0.8706,154492,170053,EVEN3,2025-03-27,2025-03-27,2026-03-31,0.09473684210526323,0.40791287939240894,-0.3131760372871457
20605,2015,2016,0.8449,61320,48163,JHSF3,2017-03-30,2017-03-30,2018-04-10,-0.357429718875502,0.29486081416382626,-0.6522905330393283
20605,2016,2017,0.8447,48163,46042,JHSF3,2018-04-16,2018-04-16,2019-04-25,0.6225165562913908,0.16522072111103836,0.45729583518035244
20605,2017,2018,0.8289,46042,40187,JHSF3,2019-02-21,2019-02-21,2020-02-28,2.3540669856459333,0.07468441624239275,2.2793825694035403
20605,2018,2019,0.8615,40187,51367,JHSF3,2020-02-13,2020-02-13,2021-02-23,-0.12452350698856418,-0.0037604268975914845,-0.1207630800909727
20605,2019,2020,0.6711,51367,51548,JHSF3,2021-02-18,2021-02-18,2022-02-21,-0.23719676549865232,-0.06269911560477404,-0.17449764989387828
20605,2020,2021,0.5781,51548,165459,JHSF3,2022-02-24,2022-02-24,2023-03-01,-0.2271914132379248,-0.06458535016932687,-0.16260606306859793
20605,2021,2022,0.4086,165459,59415,JHSF3,2023-03-22,2023-03-22,2024-03-27,0.23415977961432533,0.27409516384001975,-0.039935384225694426
20605,2022,2023,0.7488,59415,74304,JHSF3,2024-03-26,2024-03-26,2025-03-28,-0.03953488372093017,0.03972126786828811,-0.07925615158921828
20605,2023,2024,0.6512,74304,160511,JHSF3,2025-03-28,2025-03-28,2026-04-01,1.3438256658595642,0.424941649940888,0.9188840159186762
20745,2015,2016,0.9423,75713,83581,SLCE3,2017-03-27,2017-03-27,2018-04-05,1.12238979104443,0.32501622261107777,0.7973735684333523
20745,2016,2017,0.9232,83581,95561,SLCE3,2018-03-07,2018-03-07,2019-03-18,0.2600000000093343,0.16974458828628425,0.09025541172305007
20745,2017,2018,0.8788,95561,85476,SLCE3,2019-03-13,2019-03-13,2020-03-17,-0.04048192772367931,-0.24555801046430126,0.20507608274062195
20745,2018,2019,0.8598,85476,97670,SLCE3,2020-03-26,2020-03-26,2021-04-05,1.0471274686886902,0.5122758225939992,0.534851646094691
20745,2019,2020,0.4126,97670,193645,SLCE3,2021-03-17,2021-03-17,2022-03-22,0.290627996046972,0.006203376009357164,0.2844246200376148
20745,2020,2021,0.9389,193645,227183,SLCE3,2022-03-15,2022-03-15,2023-03-16,-0.08712121232119718,-0.050703703125846045,-0.03641750919535114
20745,2021,2022,0.9209,227183,203893,SLCE3,2023-03-31,2023-03-31,2024-04-08,-0.06431234894784288,0.2647661711270468,-0.3290785200748897
20745,2022,2023,0.9635,203893,204503,SLCE3,2024-04-12,2024-04-12,2025-04-15,0.09783783793184808,0.02619612883575817,0.07164170909608991
20745,2023,2024,0.9795,204503,236835,SLCE3,2025-03-25,2025-03-25,2026-03-27,0.13843648231645678,0.37472503683527747,-0.2362885545188207
20770,2015,2016,0.9745,76418,78661,EZTC3,2017-03-20,2017-03-20,2018-03-28,0.12125824498788162,0.2926727849446409,-0.17141453995675926
20770,2016,2017,0.9854,78661,83838,EZTC3,2018-03-16,2018-03-16,2019-03-27,0.0819327733241999,0.08266239806386122,-0.0007296247396613165
20770,2017,2018,0.9087,83838,82093,EZTC3,2019-03-22,2019-03-22,2020-03-26,0.7710010029392862,-0.17096564095752753,0.9419666438968137
20770,2018,2019,0.9267,82093,94406,EZTC3,2020-03-19,2020-03-19,2021-03-26,0.10052910028229545,0.6797540822867243,-0.5792249820044288
20770,2019,2020,0.0366,94406,8776,EZTC3,2021-03-17,2021-03-17,2022-03-22,-0.41460357280179017,0.006203376009357164,-0.42080694881114733
20770,2020,2021,0.0547,8776,79578,EZTC3,2022-03-17,2022-03-17,2023-03-20,-0.2536057694585465,-0.10747996508199376,-0.14612580437655276
20770,2021,2022,0.9529,79578,82585,EZTC3,2023-09-18,2023-09-18,2024-09-19,-0.3331795108509842,0.1254094554309344,-0.4585889662819186
20770,2022,2023,0.9464,82585,80812,EZTC3,2024-03-18,2024-03-18,2025-03-20,-0.06465256754873305,0.039389959432607924,-0.10404252698134098
20770,2023,2024,0.9517,80812,86871,EZTC3,2025-03-13,2025-03-13,2026-03-17,0.29451863705278236,0.4359589296506423,-0.14144029259785995
20788,2015,2016,0.9816,285466,325031,MBRF3,2017-02-23,2017-02-23,2018-03-07,-0.05400981996726684,0.2671477714882542,-0.32115759145552103
20788,2016,2017,0.9669,325031,265489,MBRF3,2018-03-27,2018-03-27,2019-04-05,0.18294849023090576,0.158697404366287,0.02425108586461877
20788,2017,2018,0.5382,265489,54605,MBRF3,2019-02-27,2019-02-27,2020-03-05,1.1988847583643123,0.05062199335281181,1.1482627650115005
20788,2018,2019,0.5457,54605,218863,MBRF3,2020-02-19,2020-02-19,2021-03-01,0.04072727272727272,-0.05306297074433397,0.0937902434716067
20788,2019,2020,0.9757,218863,233895,MBRF3,2021-04-08,2021-04-08,2022-04-12,0.14451185879757333,-0.01831046282820603,0.16282232162577936
20788,2020,2021,0.972,233895,242469,MBRF3,2022-03-08,2022-03-08,2023-03-09,-0.6784080512351327,-0.05514451215317506,-0.6232635390819576
20788,2021,2022,0.8915,242469,305067,MBRF3,2023-03-01,2023-03-01,2024-03-06,0.47258088827885447,0.23476205845168652,0.23781882982716795
20788,2022,2023,0.9668,305067,312502,MBRF3,2024-03-27,2024-03-27,2025-03-31,0.9759299781181616,0.02011831409386211,0.9558116640242995
20788,2023,2024,0.9791,312502,305504,MBRF3,2025-02-26,2025-02-26,2026-03-04,0.3984206748025845,0.48568050435081034,-0.08725982954822586
20915,2015,2016,0.6752,22403,36039,MRVE3,2017-03-13,2017-03-13,2018-03-21,0.04266666666666663,0.2966734976951,-0.25400683102843336
20915,2016,2017,0.7648,36039,38207,MRVE3,2018-03-08,2018-03-08,2019-03-19,0.06797604477584884,0.17184005433454352,-0.10386400955869468
20915,2017,2018,0.662,38207,30012,MRVE3,2019-02-28,2019-02-28,2020-03-06,0.2729948491537897,0.025238650469454393,0.2477561986843353
20915,2018,2019,0.3238,30012,188638,MRVE3,2020-03-02,2020-03-02,2021-03-09,-0.18167701863354035,0.04412850971719684,-0.2258055283507372
20915,2019,2020,0.4505,188638,30164,MRVE3,2021-03-04,2021-03-04,2022-03-09,-0.26347305389221554,0.010738913607105216,-0.27421196749932075
20915,2020,2021,0.4928,30164,228525,MRVE3,2023-07-06,2023-07-06,2024-07-10,-0.4539829853054911,0.08339349903811533,-0.5373764843436064
20915,2021,2022,0.847,228525,244689,MRVE3,2023-07-06,2023-07-06,2024-07-10,-0.4539829853054911,0.08339349903811533,-0.5373764843436064
20915,2022,2023,0.9587,244689,230464,MRVE3,2024-02-29,2024-02-29,2025-02-28,-0.40813648293963256,-0.04821678062055801,-0.35991970231907455
20915,2023,2024,0.9656,230464,230495,MRVE3,2025-02-24,2025-02-24,2026-03-02,0.8710280373831776,0.509608745932461,0.3614192914507166
20931,2015,2016,0.8942,66599,60951,BEEF3,2017-02-23,2017-02-23,2018-03-07,-0.2099447513812156,0.2671477714882542,-0.4770925228694698
20931,2016,2017,0.3658,60951,175902,BEEF3,2018-03-05,2018-03-05,2019-03-14,-0.2645161290322582,0.14626163775360568,-0.41077776678586386
20931,2017,2018,0.4026,175902,50551,BEEF3,2019-03-12,2019-03-12,2020-03-16,0.0263929618768326,-0.2725188271704949,0.2989117890473275
20931,2018,2019,0.4812,50551,182346,BEEF3,2020-02-18,2020-02-18,2021-02-26,-0.22399999999999998,-0.04298352805292871,-0.18101647194707127
20931,2019,2020,0.4642,182346,54110,BEEF3,2021-02-25,2021-02-25,2022-03-02,0.1821086261980831,0.025987391716602914,0.1561212344814802
20931,2020,2021,0.4837,54110,201620,BEEF3,2022-02-23,2022-02-23,2023-02-28,0.12289395441030737,-0.0631714220132008,0.18606537642350818
20931,2021,2022,0.9841,201620,209217,BEEF3,2023-02-23,2023-02-23,2024-02-29,-0.42288135593220333,0.19915027826658038,-0.6220316341987837
20931,2022,2023,0.989,209217,213742,BEEF3,2024-03-25,2024-03-25,2025-03-27,-0.15927977839335183,0.048981391297209464,-0.2082611696905613
20931,2023,2024,0.9763,213742,233879,BEEF3,2025-03-19,2025-03-19,2026-03-23,-0.1957496098014727,0.37298360972451183,-0.5687332195259845
20982,2015,2016,0.9434,250686,228745,MULT3,2017-03-09,2017-03-09,2018-03-19,0.0358688928571429,0.2992608371914134,-0.2633919443342705
20982,2016,2017,0.9941,228745,247081,MULT3,2018-02-28,2018-02-28,2019-03-11,0.06324786324786325,0.14847682446631705,-0.0852289612184538
20982,2017,2018,0.9188,247081,345172,MULT3,2019-02-21,2019-02-21,2020-02-28,0.22816901408450696,0.07468441624239275,0.1534845978421142
20982,2018,2019,0.9972,345172,353296,MULT3,2020-02-17,2020-02-17,2021-02-25,-0.39879518072289155,-0.02647440661665046,-0.3723207741062411
20982,2019,2020,0.9966,353296,353263,MULT3,2021-02-11,2021-02-11,2022-02-16,0.04449648711943799,-0.03452544735394847,0.07902193447338646
20982,2020,2021,0.9986,353263,355992,MULT3,2022-02-10,2022-02-10,2023-02-13,0.09841417910447747,-0.03996991384764825,0.13838409295212573
20982,2021,2022,0.9969,355992,341236,MULT3,2023-02-09,2023-02-09,2024-02-19,0.11629917855598793,0.19468632199174052,-0.0783871434357526
20982,2022,2023,0.997,341236,324339,MULT3,2024-02-08,2024-02-08,2025-02-11,-0.17688073394495418,-0.013221811910627657,-0.16365892203432653
20982,2023,2024,0.9973,324339,325936,MULT3,2025-02-06,2025-02-06,2026-02-10,0.5107816711590296,0.47300228148618073,0.037779389672848884
20990,2015,2016,0.8748,68155,60601,AMER3,2017-02-20,2017-02-20,2018-03-02,0.9118717659985085,0.25139006310257583,0.6604817028959327
20990,2016,2017,0.8849,60601,67102,AMER3,2018-03-07,2018-03-07,2019-03-18,0.9439551644646786,0.16974458828628425,0.7742105761783944
20990,2017,2018,0.8527,67102,74164,AMER3,2019-03-20,2019-03-20,2020-03-24,0.11106924114765948,-0.2887767684192907,0.39984600956695016
20990,2018,2019,0.8604,74164,70868,AMER3,2020-02-21,2020-02-21,2021-03-03,0.05012941987377406,-0.02196885330405851,0.07209827317783257
20990,2019,2020,0.3329,70868,148405,AMER3,2021-03-04,2021-03-04,2022-03-09,-0.6295999701004371,0.010738913607105216,-0.6403388837075423
20990,2020,2021,0.7195,148405,207710,AMER3,2022-02-24,2022-02-24,2023-03-01,-0.9688741721854305,-0.06458535016932687,-0.9042888220161036
20990,2021,2022,0.7884,207710,291459,AMER3,2023-11-16,2023-11-16,2024-11-14,-0.8892941176470588,0.025291874372789902,-0.9145859920198487
20990,2022,2023,0.7909,291459,263890,AMER3,2024-08-14,2024-08-14,2025-08-19,-0.8506060606060606,0.008360482774750322,-0.8589665433808109
20990,2023,2024,0.8707,263890,220497,AMER3,2025-03-26,2025-03-26,2026-03-30,-0.4220994475138121,0.3772616177693826,-0.7993610652831947
21016,2015,2016,0.9455,186174,196865,YDUQ3,2017-03-16,2017-03-16,2018-03-26,1.2584692597239648,0.2934656981264874,0.9650035615974775
21016,2016,2017,0.849,196865,162509,YDUQ3,2018-03-15,2018-03-15,2019-03-26,-0.2020958083832335,0.12220463874190202,-0.3243004471251355
21016,2017,2018,0.8071,162509,171186,YDUQ3,2019-03-14,2019-03-14,2020-03-18,-0.15359712230215827,-0.3215843630935533,0.16798724079139504
21016,2018,2019,0.9602,171186,159441,YDUQ3,2020-03-23,2020-03-23,2021-03-30,0.3352380952380951,0.8381369905939346,-0.5028988953558395
21016,2019,2020,0.6137,159441,184640,YDUQ3,2021-03-17,2021-03-17,2022-03-22,-0.3572923935799023,0.006203376009357164,-0.36349576958925944
21016,2020,2021,0.9621,184640,183354,YDUQ3,2022-03-15,2022-03-15,2023-03-16,-0.5982532751091703,-0.050703703125846045,-0.5475495719833242
21016,2021,2022,0.9371,183354,175955,YDUQ3,2023-03-15,2023-03-15,2024-03-20,1.6222826086956523,0.2576017928336327,1.3646808158620196
21016,2022,2023,0.9689,175955,177752,YDUQ3,2024-03-14,2024-03-14,2025-03-18,-0.4314002828854314,0.029640229377452254,-0.4610405122628837
21016,2023,2024,0.9551,177752,186030,YDUQ3,2025-04-24,2025-04-24,2026-04-28,-0.32836831415030465,0.40153133705992783,-0.7298996512102325
21091,2015,2016,0.9825,139892,150339,DXCO3,2017-02-08,2017-02-08,2018-02-20,0.4409638553300155,0.32341205575966203,0.11755179957035344
21091,2016,2017,0.9773,150339,168382,DXCO3,2018-02-05,2018-02-05,2019-02-14,0.22791164659795737,0.19733428909876483,0.030577357499192548
21091,2017,2018,0.9854,168382,178255,DXCO3,2019-02-13,2019-02-13,2020-02-18,0.4656301144951345,0.19964963314775108,0.2659804813473834
21091,2018,2019,0.9513,178255,173990,DXCO3,2020-02-12,2020-02-12,2021-02-22,0.1259124084928711,-0.03433838358298891,0.16025079207586002
21091,2019,2020,0.9885,173990,180750,DXCO3,2021-02-08,2021-02-08,2022-02-11,-0.31172607877873704,-0.051162875796724294,-0.26056320298201274
21091,2020,2021,0.2604,180750,171055,DXCO3,2022-02-09,2022-02-09,2023-02-10,-0.4559309851030723,-0.038974442695399736,-0.41695654240767255
21091,2021,2022,0.9857,171055,187329,DXCO3,2023-03-08,2023-03-08,2024-03-13,0.30246913578753243,0.20147987165797887,0.10098926412955356
21091,2022,2023,0.9929,187329,193791,DXCO3,2024-03-06,2024-03-06,2025-03-10,-0.2771535580435317,-0.03391141438726575,-0.24324214365626595
21091,2023,2024,0.9914,193791,217643,DXCO3,2025-03-12,2025-03-12,2026-03-16,-0.07033989274530184,0.4522069859159479,-0.5225468786612497
21237,2015,2016,0.9354,199633,210225,ENEV3,2017-09-16,2017-09-18,2018-09-26,-0.11333333333333329,0.035080084447498106,-0.1484134177808314
21237,2016,2017,0.668,210225,122755,ENEV3,2018-03-14,2018-03-14,2019-03-25,0.3582531458179128,0.0884481707118665,0.2698049751060463
21237,2017,2018,0.7018,122755,202899,ENEV3,2019-03-20,2019-03-20,2020-03-24,0.7483660130718957,-0.2887767684192907,1.0371427814911862
21237,2018,2019,0.9048,202899,193041,ENEV3,2020-04-10,2020-04-13,2021-04-20,0.8452689099798674,0.5229370354744836,0.3223318745053838
21237,2019,2020,0.8604,193041,172423,ENEV3,2021-03-10,2021-03-10,2022-03-15,-0.2418465416732315,-0.033847391419967066,-0.20799915025326443
21237,2020,2021,0.9744,172423,195513,ENEV3,2022-03-21,2022-03-21,2023-03-22,-0.21209858103061985,-0.13717846389632837,-0.07492011713429148
21237,2021,2022,0.7096,195513,68956,ENEV3,2023-03-24,2023-03-24,2024-04-01,0.20398481973434546,0.2849477690162032,-0.08096294928185777
21237,2022,2023,0.7637,68956,222673,ENEV3,2024-03-14,2024-03-14,2025-03-18,-0.009448818897637712,0.029640229377452254,-0.039089048275089966
21237,2023,2024,0.7255,222673,180557,ENEV3,2025-03-20,2025-03-20,2026-03-24,0.9700315457413251,0.38311756516809936,0.5869139805732257
21350,2015,2016,0.9575,82902,83855,DIRR3,2017-03-20,2017-03-20,2018-03-28,0.017094016923076882,0.2926727849446409,-0.275578768021564
21350,2016,2017,0.3021,83855,229567,DIRR3,2018-03-26,2018-03-26,2019-04-04,0.41463414634146356,0.13192481277587653,0.28270933356558703
21350,2017,2018,0.2191,229567,69039,DIRR3,2019-03-11,2019-03-11,2020-03-13,0.35955056153263465,-0.15657695838130492,0.5161275199139396
21350,2018,2019,0.9468,69039,47490,DIRR3,2020-03-09,2020-03-09,2021-03-16,-0.04946727557077624,0.3247646025431292,-0.37423187811390546
21350,2019,2020,0.4956,47490,63909,DIRR3,2021-03-15,2021-03-15,2022-03-18,-0.1996939556082865,0.004006678581261136,-0.20370063418954765
21350,2020,2021,0.3238,63909,167901,DIRR3,2022-03-14,2022-03-14,2023-03-15,0.4892086329596035,-0.06597222790778146,0.5551808608673849
21350,2021,2022,0.8724,167901,216253,DIRR3,2023-10-26,2023-10-26,2024-10-28,0.7234762978711358,0.14319715663941301,0.5802791412317228
21350,2022,2023,0.5173,216253,169927,DIRR3,2024-03-11,2024-03-11,2025-03-13,0.18181818173041742,-0.0038569320434659327,0.18567511377388335
21350,2023,2024,0.8706,169927,184632,DIRR3,2025-03-10,2025-03-10,2026-03-12,0.39097245316660234,0.4398119393141853,-0.04883948614758293
21431,2015,2016,0.9646,163056,167185,HYPE3,2017-02-17,2017-02-17,2018-03-01,0.2840366972477064,0.2602181718776615,0.02381852537004492
21431,2016,2017,0.7905,167185,190590,HYPE3,2018-02-23,2018-02-23,2019-03-06,-0.2797619047619049,0.07931461817661933,-0.3590765229385242
21431,2017,2018,0.7408,190590,187252,HYPE3,2019-02-21,2019-02-21,2020-02-28,0.18685121107266456,0.07468441624239275,0.11216679483027181
21431,2018,2019,0.9499,187252,168298,HYPE3,2020-03-06,2020-03-06,2021-03-15,-0.19636547198384657,0.1719849541979801,-0.3683504261818267
21431,2019,2020,0.9733,168298,175869,HYPE3,2021-02-26,2021-02-26,2022-03-03,0.01647345942647971,0.046624910926206686,-0.030151451499726978
21431,2020,2021,0.9468,175869,188192,HYPE3,2022-02-24,2022-02-24,2023-03-01,0.26633936790426493,-0.06458535016932687,0.3309247180735918
21431,2021,2022,0.9626,188192,187877,HYPE3,2023-02-16,2023-02-16,2024-02-26,-0.28232246924239157,0.17889147551797113,-0.4612139447603627
21431,2022,2023,0.964,187877,188791,HYPE3,2024-03-13,2024-03-13,2025-03-17,-0.3968860164512338,0.02209200268268563,-0.4189780191339194
21431,2023,2024,0.9753,188791,189007,HYPE3,2025-03-20,2025-03-20,2026-03-24,0.17978291498752363,0.38311756516809936,-0.20333465018057573
21881,2015,2016,0.336,113258,51699,FLRY3,2017-03-09,2017-03-09,2018-03-19,0.3276945385388095,0.2992608371914134,0.02843370134739609
21881,2016,2017,0.4438,51699,44536,FLRY3,2018-03-05,2018-03-05,2019-03-14,-0.2906574394514455,0.14626163775360568,-0.4369190772050512
21881,2017,2018,0.6636,44536,134395,FLRY3,2019-04-18,2019-04-18,2020-04-24,0.06694367508880372,-0.20351029930134046,0.2704539743901442
21881,2018,2019,0.8572,134395,114204,FLRY3,2020-02-19,2020-02-19,2021-03-01,-0.18974679564210806,-0.05306297074433397,-0.1366838248977741
21881,2019,2020,0.5273,114204,58419,FLRY3,2021-02-25,2021-02-25,2022-03-02,-0.33778272150425726,0.025987391716602914,-0.36377011322086017
21881,2020,2021,0.5768,58419,125812,FLRY3,2022-03-17,2022-03-17,2023-03-20,-0.16315785148292017,-0.10747996508199376,-0.05567788640092641
21881,2021,2022,0.8953,125812,134847,FLRY3,2023-03-16,2023-03-16,2024-03-21,0.07547169836685663,0.23902925769756478,-0.16355755933070815
21881,2022,2023,0.7913,134847,134524,FLRY3,2024-03-07,2024-03-07,2025-03-11,-0.31565495207667726,-0.0376532572602597,-0.27800169481641757
21881,2023,2024,0.9088,134524,130569,FLRY3,2025-02-27,2025-02-27,2026-03-05,0.4415467625899283,0.44603640927776955,-0.004489646687841242
22187,2015,2016,0.5389,97150,28834,PRIO3,2017-03-28,2017-03-28,2018-04-06,0.3201970443349753,0.31218795661230714,0.008009087722668173
22187,2016,2017,0.6098,28834,102212,PRIO3,2020-11-03,2020-11-03,2021-11-10,2.9639222941720633,0.1040615771812603,2.859860716990803
22187,2017,2018,0.549,102212,34221,PRIO3,2019-03-11,2019-03-11,2020-03-13,0.025260845689181854,-0.15657695838130492,0.18183780407048677
22187,2018,2019,0.5651,34221,143567,PRIO3,2020-08-28,2020-08-28,2021-09-06,1.1551523610141894,0.1539581312063787,1.0011942298078107
22187,2019,2020,0.5666,143567,30212,PRIO3,2021-03-02,2021-03-02,2022-03-07,0.6079140889459553,0.00048108388216583364,0.6074330050637895
22187,2020,2021,0.7308,30212,131354,PRIO3,2022-02-15,2022-02-15,2023-02-16,0.5631067961165048,-0.04255680095251868,0.6056635970690235
22187,2021,2022,0.1589,131354,7068,PRIO3,2023-03-01,2023-03-01,2024-03-06,0.3073696824445775,0.23476205845168652,0.072607623992891
22187,2022,2023,1.0,7068,7882,PRIO3,2024-03-08,2024-03-08,2025-03-12,-0.1749440715883669,-0.025240183050723064,-0.14970388853764383
22187,2023,2024,1.0,7882,8195,PRIO3,2025-03-13,2025-03-13,2026-03-17,0.7175342465753425,0.4359589296506423,0.28157531692470017
22349,2015,2016,0.9602,125951,119775,AZZA3,2017-03-08,2017-03-08,2018-03-16,0.6128617363344049,0.31163592458483746,0.3012258117495674
22349,2016,2017,0.7327,119775,155461,AZZA3,2018-03-07,2018-03-07,2019-03-18,-0.003195488721804529,0.16974458828628425,-0.17294007700808878
22349,2017,2018,0.4923,155461,155515,AZZA3,2019-02-20,2019-02-20,2020-02-27,0.10438952416082636,0.06669120794789496,0.037698316212931404
22349,2018,2019,0.9885,155515,158551,AZZA3,2020-05-08,2020-05-08,2021-05-14,1.0105515587529976,0.518511499956082,0.4920400587969156
22349,2019,2020,0.0,158551,156,AZZA3,2021-03-04,2021-03-04,2022-03-09,0.05958904109589036,0.010738913607105216,0.048850127488785144
22349,2020,2021,0.0,156,240208,AZZA3,2022-03-11,2022-03-11,2023-03-14,-0.1322710195621194,-0.07860038221132049,-0.05367063735079891
22349,2021,2022,0.9266,240208,250988,AZZA3,2023-04-17,2023-04-17,2024-04-22,-0.21805842431395694,0.18447735131985676,-0.4025357756338137
22349,2022,2023,0.9079,250988,242411,AZZA3,2024-03-07,2024-03-07,2025-03-11,-0.5498978201634878,-0.0376532572602597,-0.5122445629032281
22349,2023,2024,0.7206,242411,233116,AZZA3,2025-03-11,2025-03-11,2026-03-13,0.04124101399924318,0.43840273473602975,-0.39716172073678657
22357,2015,2016,0.8613,98021,91451,ALOS3,2017-03-06,2017-03-06,2018-03-14,0.09913202375513919,0.29709350289269,-0.1979614791375508
22357,2016,2017,0.9938,91451,90656,ALOS3,2018-03-13,2018-03-13,2019-03-22,0.2196652719665273,0.08510052343123431,0.134564748535293
22357,2017,2018,0.9787,90656,89188,ALOS3,2019-04-08,2019-04-08,2020-04-13,-0.09118644067796611,-0.1903420472717834,0.09915560659381728
22357,2018,2019,0.0,89188,23,ALOS3,2020-03-11,2020-03-11,2021-03-18,-0.2917359955629507,0.3482905533835232,-0.6400265489464739
22357,2019,2020,0.0,23,28077,ALOS3,2021-03-10,2021-03-10,2022-03-15,-0.16610878661087858,-0.033847391419967066,-0.1322613951909115
22357,2020,2022,0.6638,28077,230787,ALOS3,2023-03-30,2023-03-30,2024-04-05,0.31966759002770084,0.22255512664943655,0.09711246337826429
22357,2022,2023,0.8726,230787,259183,ALOS3,2024-03-20,2024-03-20,2025-03-24,-0.2259750703659027,0.01701152288061092,-0.24298659324651362
22357,2023,2024,0.7487,259183,249913,ALOS3,2025-03-17,2025-03-17,2026-03-19,0.5295629820051415,0.3778580117883765,0.151704970216765
22470,2015,2016,0.9464,57815,62005,MGLU3,2017-05-31,2017-05-31,2018-06-08,2.3622310755936886,0.16313762059795445,2.199093454995734
22470,2016,2017,0.7178,62005,58609,MGLU3,2018-02-22,2018-02-22,2019-03-01,1.1520510929608303,0.09133261311312202,1.0607184798477083
22470,2017,2018,0.2946,58609,176539,MGLU3,2019-02-25,2019-02-25,2020-03-03,1.4340817502116119,0.08532711366424706,1.3487546365473648
22470,2018,2019,0.2396,176539,73238,MGLU3,2020-02-17,2020-02-17,2021-02-25,0.6353440946816176,-0.02647440661665046,0.661818501298268
22470,2019,2020,0.4697,73238,202003,MGLU3,2021-03-08,2021-03-08,2022-03-11,-0.7536796536665851,0.009958179785516164,-0.7636378334521012
22470,2020,2021,0.8512,202003,205280,MGLU3,2022-03-14,2022-03-14,2023-03-15,-0.28517823633303363,-0.06597222790778146,-0.21920600842525217
22470,2021,2022,0.3226,205280,78820,MGLU3,2023-03-10,2023-03-10,2024-03-15,-0.4199073128464006,0.2231616646496466,-0.6430689774960472
22470,2022,2023,0.9402,78820,80414,MGLU3,2024-03-18,2024-03-18,2025-03-20,-0.5061904762,0.039389959432607924,-0.5455804356326079
22470,2023,2024,0.9249,80414,76516,MGLU3,2025-03-13,2025-03-13,2026-03-17,0.12198581562273003,0.4359589296506423,-0.3139731140279123
23264,2015,2016,0.952,246094,247864,ABEV3,2018-07-05,2018-07-05,2019-07-17,-0.02228260869565213,0.3930414123846828,-0.41532402108033495
23264,2016,2017,0.9701,247864,246386,ABEV3,2018-07-05,2018-07-05,2019-07-17,-0.02228260869565213,0.3930414123846828,-0.41532402108033495
23264,2017,2018,0.9565,246386,266938,ABEV3,2019-02-28,2019-02-28,2020-03-06,-0.11085316308763782,0.025238650469454393,-0.1360918135570922
23264,2018,2019,0.8826,266938,298503,ABEV3,2020-02-27,2020-02-27,2021-03-05,0.040000000000000036,0.11864745323279946,-0.07864745323279942
23264,2019,2020,0.9521,298503,307327,ABEV3,2021-02-25,2021-02-25,2022-03-02,0.02470007057163026,0.025987391716602914,-0.001287321144972653
23264,2020,2021,0.9915,307327,309775,ABEV3,2022-02-24,2022-02-24,2023-03-01,-0.09231805929919135,-0.06458535016932687,-0.027732709129864475
23264,2021,2022,0.9904,309775,334134,ABEV3,2023-03-02,2023-03-02,2024-03-07,-0.036557501904036616,0.2420905136683924,-0.278648015572429
23264,2022,2023,0.9814,334134,333729,ABEV3,2024-02-29,2024-02-29,2025-02-28,-0.02861685214626386,-0.04821678062055801,0.019599928474294148
23264,2023,2024,0.903,333729,330195,ABEV3,2025-02-26,2025-02-26,2026-03-04,0.3333333333333335,0.48568050435081034,-0.15234717101747686
23272,2015,2016,0.973,99236,108879,LOGG3,2019-10-10,2019-10-10,2020-10-16,0.31890756302521006,-0.03445374107099897,0.35336130409620903
23272,2016,2017,0.9792,108879,110783,LOGG3,2018-12-16,2018-12-21,2020-01-02,0.8485714285714288,0.3836294439196637,0.46494198465176506
23272,2017,2018,0.3983,110783,17499,LOGG3,2019-02-11,2019-02-11,2020-02-14,0.7051705170517053,0.2114942755180409,0.4936762415336644
23272,2018,2019,0.7726,17499,17921,LOGG3,2020-02-18,2020-02-18,2021-02-26,0.02613746369796721,-0.04298352805292871,0.06912099175089592
23272,2019,2020,0.6161,17921,11443,LOGG3,2021-02-09,2021-02-09,2022-02-14,-0.1642411642411643,-0.046642290445211954,-0.11759887379595235
23272,2020,2021,0.629,11443,32465,LOGG3,2022-02-08,2022-02-08,2023-02-09,-0.3663729809104258,-0.03765697273368629,-0.3287160081767395
23272,2021,2022,0.7565,32465,20793,LOGG3,2023-02-08,2023-02-08,2024-02-16,0.1994134897360702,0.17075157417148223,0.02866191556458797
23272,2022,2023,0.778,20793,31813,LOGG3,2024-02-06,2024-02-06,2025-02-07,-0.09090909090909083,-0.04444927172069202,-0.04645981918839881
23272,2023,2024,0.8955,31813,31365,LOGG3,2025-02-05,2025-02-05,2026-02-09,0.4646411733892091,0.48359047069851213,-0.01894929730930306
23310,2015,2016,0.9517,134257,160177,CVCB3,2017-02-15,2017-02-15,2018-02-27,0.9982206405357932,0.27892163626996647,0.7192990042658267
23310,2016,2017,0.1782,160177,27424,CVCB3,2018-02-08,2018-02-08,2019-02-19,0.13206511809945498,0.19779369044478323,-0.06572857234532825
23310,2017,2018,0.6233,27424,194984,CVCB3,2019-02-26,2019-02-26,2020-03-04,-0.6301484075701469,0.09858046668886544,-0.7287288742590123
23310,2018,2019,0.8582,194984,254857,CVCB3,2020-09-01,2020-09-01,2021-09-09,0.12419778322548614,0.1291335022061788,-0.0049357189806926716
23310,2019,2020,0.7503,254857,186458,CVCB3,2021-03-26,2021-03-26,2022-03-31,-0.08288511898697093,0.045465950610826145,-0.12835106959779707
23310,2020,2021,0.9591,186458,160966,CVCB3,2022-03-15,2022-03-15,2023-03-16,-0.6709613478691774,-0.050703703125846045,-0.6202576447433313
23310,2021,2022,0.9528,160966,148084,CVCB3,2023-03-21,2023-03-21,2024-03-26,0.006211180124223503,0.25609276132142256,-0.24988158119719905
23310,2022,2023,0.9688,148084,153258,CVCB3,2024-03-26,2024-03-26,2025-03-28,-0.30246913580246926,0.03972126786828811,-0.34219040367075737
23310,2023,2024,0.9012,153258,130346,CVCB3,2025-03-26,2025-03-26,2026-03-30,-0.16309012875536488,0.3772616177693826,-0.5403517465247475
24260,2016,2017,0.9849,144683,148703,SMFT3,2018-05-30,2021-07-14,2022-07-18,-0.662903225825346,-0.24523974680099936,-0.41766347902434664
24260,2017,2018,0.1695,148703,33846,SMFT3,2019-03-30,2021-07-14,2022-07-18,-0.662903225825346,-0.24523974680099936,-0.41766347902434664
24260,2018,2019,0.2161,33846,141456,SMFT3,2020-04-03,2021-07-14,2022-07-18,-0.662903225825346,-0.24523974680099936,-0.41766347902434664
24260,2019,2020,0.706,141456,144285,SMFT3,2021-03-25,2021-07-14,2022-07-18,-0.662903225825346,-0.24523974680099936,-0.41766347902434664
24260,2020,2021,0.7476,144285,185825,SMFT3,2022-03-17,2022-03-17,2023-03-20,-0.17461139909453283,-0.10747996508199376,-0.06713143401253907
24260,2021,2022,0.9384,185825,159384,SMFT3,2023-05-30,2023-05-30,2024-06-04,0.265033407396003,0.11778819703537846,0.14724521036062455
24260,2022,2023,0.9263,159384,187207,SMFT3,2024-03-14,2024-03-14,2025-03-18,-0.21312768548882532,0.029640229377452254,-0.24276791486627758
24260,2023,2024,0.9653,187207,191667,SMFT3,2025-03-13,2025-03-13,2026-03-17,-0.022907740326229997,0.4359589296506423,-0.4588666699768723
24295,2016,2017,0.8197,134333,136177,VBBR3,2018-03-16,2018-03-16,2019-03-27,0.03585657375429441,0.08266239806386122,-0.04680582430956681
24295,2017,2018,0.8079,136177,156458,VBBR3,2019-02-26,2019-02-26,2020-03-04,0.07505070970558014,0.09858046668886544,-0.0235297569832853
24295,2018,2019,0.9598,156458,142984,VBBR3,2020-03-12,2020-03-12,2021-03-19,0.17845993771233148,0.601233519966857,-0.42277358225452555
24295,2019,2020,0.8445,142984,158698,VBBR3,2021-03-09,2021-03-09,2022-03-14,0.1113412742224884,-0.012602103536295761,0.12394337775878417
24295,2020,2021,0.6528,158698,164019,VBBR3,2022-03-22,2022-03-22,2023-03-23,-0.46259351621946787,-0.16496714829161907,-0.2976263679278488
24295,2021,2022,0.822,164019,195753,VBBR3,2023-03-21,2023-03-21,2024-03-26,0.76140350810995,0.25609276132142256,0.5053107467885274
24295,2022,2024,0.9268,195753,210145,VBBR3,2025-02-24,2025-02-24,2026-03-02,0.8834476514733913,0.509608745932461,0.37383890554093036
24392,2017,2018,0.3675,18793,131628,HAPV3,2019-03-14,2019-03-14,2020-03-18,0.026537216828479204,-0.3215843630935533,0.3481215799220325
24392,2018,2019,0.6095,131628,64376,HAPV3,2020-03-26,2020-03-26,2021-04-05,0.465568565037517,0.5122758225939992,-0.046707257556482196
24392,2019,2020,0.6718,64376,209059,HAPV3,2021-03-23,2021-03-23,2022-03-28,-0.23394495391000325,0.04834798669984042,-0.28229294060984367
24392,2020,2021,0.8378,209059,217573,HAPV3,2022-03-23,2022-03-23,2023-03-24,-0.8121869782971619,-0.15859434582802567,-0.6535926324691362
24392,2021,2022,0.7781,217573,264223,HAPV3,2023-02-28,2023-02-28,2024-03-05,-0.16481069042316265,0.2207734099620584,-0.38558410038522106
24392,2022,2023,0.8746,264223,324172,HAPV3,2024-05-13,2024-05-13,2025-05-16,-0.30024813895781644,0.08608808145212543,-0.38633622040994187
24392,2023,2024,0.9527,324172,281857,HAPV3,2025-03-19,2025-03-19,2026-03-23,-0.7215325309664897,0.37298360972451183,-1.0945161406910016
24716,2018,2019,0.937,246585,211781,VAMO3,2020-01-31,2021-01-29,2022-02-03,0.5793880844582329,-0.029301136593244625,0.6086892210514775
24716,2019,2020,0.8816,211781,212272,VAMO3,2021-02-25,2021-02-25,2022-03-02,0.3165151071084078,0.025987391716602914,0.2905277153918049
24716,2020,2021,0.9729,212272,253353,VAMO3,2022-02-17,2022-02-17,2023-02-22,0.19718309832118996,-0.05616590656370979,0.25334900488489975
24716,2021,2022,0.9775,253353,285198,VAMO3,2023-02-13,2023-02-13,2024-02-21,-0.401536312806981,0.19474271813483113,-0.5962790309418121
24716,2022,2023,0.9822,285198,299377,VAMO3,2024-03-18,2024-03-18,2025-03-20,-0.44410027609805747,0.039389959432607924,-0.4834902355306654
24716,2023,2024,0.9628,299377,260804,VAMO3,2025-03-28,2025-03-28,2026-04-01,-0.189342286045034,0.424941649940888,-0.614283935985922
24805,2019,2020,0.7618,84383,91199,VIVA3,2021-03-17,2021-03-17,2022-03-22,0.09090909090909105,0.006203376009357164,0.08470571489973389
24805,2020,2021,0.9157,91199,86379,VIVA3,2022-03-17,2022-03-17,2023-03-20,-0.10411622276029064,-0.10747996508199376,0.0033637423217031115
24805,2021,2022,0.962,86379,90197,VIVA3,2023-03-16,2023-03-16,2024-03-21,0.10836330935251803,0.23902925769756478,-0.13066594834504675
24805,2022,2023,0.9678,90197,88530,VIVA3,2024-03-20,2024-03-20,2025-03-24,-0.2955904334828101,0.01701152288061092,-0.31260195636342103
24805,2023,2024,0.9216,88530,104463,VIVA3,2025-03-18,2025-03-18,2026-03-20,0.4352215367358385,0.3403290503049521,0.09489248643088644
24821,2018,2019,0.861,22045,25550,RDOR3,2020-11-16,2020-12-10,2021-12-20,-0.27564102564102555,-0.0878048318650192,-0.18783619377600635
24821,2019,2020,0.5385,25550,229665,RDOR3,2021-02-24,2021-02-24,2022-02-25,-0.2987762958889042,-0.021837023240179776,-0.2769392726487244
24821,2020,2021,0.9631,229665,229826,RDOR3,2022-03-29,2022-03-29,2023-03-30,-0.5679611650485437,-0.13582329486593125,-0.4321378701826124
24821,2021,2022,0.9201,229826,288032,RDOR3,2023-03-27,2023-03-27,2024-04-02,0.1936251189343483,0.27970220266845347,-0.08607708373410516
24821,2022,2023,0.9641,288032,329875,RDOR3,2024-03-26,2024-03-26,2025-03-28,0.11748739821636289,0.03972126786828811,0.07776613034807478
24821,2023,2024,0.9914,329875,346702,RDOR3,2025-03-10,2025-03-10,2026-03-12,0.3485342019543973,0.4398119393141853,-0.09127773735978795
24848,2018,2019,0.9068,170491,158338,CEAB3,2020-03-23,2020-03-23,2021-03-30,0.9216666666666666,0.8381369905939346,0.08352967607273198
24848,2019,2020,0.9705,158338,166342,CEAB3,2021-03-18,2021-03-18,2022-03-23,-0.5089201877934272,0.02283189081975845,-0.5317520786131856
24848,2020,2021,0.9528,166342,189802,CEAB3,2022-03-10,2022-03-10,2023-03-13,-0.31263858093126384,-0.09274573029970234,-0.2198928506315615
24848,2021,2022,0.1027,189802,39205,CEAB3,2023-03-01,2023-03-01,2024-03-06,3.8814432989690726,0.23476205845168652,3.646681240517386
24848,2022,2023,0.781,39205,34509,CEAB3,2024-02-28,2024-02-28,2025-02-27,0.09677419354838701,-0.04115441053823099,0.137928604086618
24848,2023,2024,0.3378,34509,280,CEAB3,2025-02-26,2025-02-26,2026-03-04,0.3564245810055868,0.48568050435081034,-0.1292559233452235
24910,2018,2019,0.9697,184589,136793,LWSA3,2020-03-25,2020-03-25,2021-04-01,5.4848075624577985,0.5376216870874304,4.947185875370368
24910,2019,2020,0.9494,136793,152848,LWSA3,2021-03-24,2021-03-24,2022-03-29,-0.5825726141078837,0.07094130604968463,-0.6535139201575684
24910,2020,2021,0.8221,152848,182097,LWSA3,2022-03-29,2022-03-29,2023-03-30,-0.5159045725646123,-0.13582329486593125,-0.38008127769868105
24910,2021,2022,0.969,182097,162672,LWSA3,2023-03-23,2023-03-23,2024-03-28,0.1428571428571428,0.3081883791429354,-0.1653312362857926
24910,2022,2023,0.9633,162672,161548,LWSA3,2024-03-20,2024-03-20,2025-03-24,-0.563973063973064,0.01701152288061092,-0.5809845868536749
24910,2023,2024,0.7823,161548,151375,LWSA3,2025-03-13,2025-03-13,2026-03-17,0.3393501805054151,0.4359589296506423,-0.09660874914522721
24929,2018,2019,0.9493,168632,181852,TIMS3,2020-03-06,2020-03-06,2021-03-15,-0.19129368485591658,0.1719849541979801,-0.3632786390538967
24929,2019,2020,0.9422,181852,199087,TIMS3,2021-02-09,2021-02-09,2022-02-14,0.014619883040935644,-0.046642290445211954,0.0612621734861476
24929,2020,2021,0.9349,199087,214990,TIMS3,2022-02-25,2022-02-25,2023-03-02,-0.112417340191036,-0.08676119571575314,-0.02565614447528286
24929,2021,2022,0.9061,214990,241664,TIMS3,2023-02-09,2023-02-09,2024-02-19,0.6170212765957446,0.19468632199174052,0.42233495460400405
24929,2022,2023,0.9615,241664,238813,TIMS3,2024-02-06,2024-02-06,2025-02-07,-0.13781697905181922,-0.04444927172069202,-0.0933677073311272
24929,2023,2024,0.9749,238813,213057,TIMS3,2025-02-10,2025-02-10,2026-02-12,0.7871130764371446,0.4952911804010791,0.29182189603606545
25100,2019,2020,0.9534,125374,142105,CURY3,2021-03-22,2021-03-22,2022-03-25,-0.16791443850267374,0.035678471677315304,-0.20359291017998904
25100,2020,2021,0.9849,142105,141395,CURY3,2022-03-24,2022-03-24,2023-03-27,0.7033557046979864,-0.162805260283012,0.8661609649809984
25100,2021,2022,0.9983,141395,148302,CURY3,2023-09-14,2023-09-14,2024-09-17,0.5692307692307692,0.13039984823046513,0.4388309210003041
25100,2022,2023,0.9974,148302,149829,CURY3,2024-03-11,2024-03-11,2025-03-13,0.14446145992853499,-0.0038569320434659327,0.14831839197200092
25100,2023,2024,0.9951,149829,154169,CURY3,2025-03-11,2025-03-11,2026-03-13,0.6724057701256398,0.43840273473602975,0.2340030353896101
25232,2019,2020,0.9766,20429,17776,CASH3,2021-03-31,2021-03-31,2022-04-05,-0.35609756097560974,0.019303422715146068,-0.3754009836907558
25232,2020,2021,0.4175,17776,131926,CASH3,2022-03-29,2022-03-29,2023-03-30,-0.6174242424242424,-0.13582329486593125,-0.4816009475583112
25232,2021,2022,0.8961,131926,147919,CASH3,2023-09-21,2023-09-21,2024-09-24,-0.30956239870340363,0.13785098891429293,-0.44741338761769656
25232,2022,2023,0.9772,147919,130876,CASH3,2024-03-13,2024-03-13,2025-03-17,-0.5761511216056672,0.02209200268268563,-0.5982431242883528
25291,2019,2020,0.4381,155584,126181,BRAV3,2021-03-17,2021-03-17,2022-03-22,-0.15517618734952954,0.006203376009357164,-0.1613795633588867
25291,2020,2021,0.715,126181,161236,BRAV3,2022-02-22,2022-02-22,2023-02-27,0.08421052631578951,-0.063607365636831,0.14781789195262052
25291,2021,2022,0.4343,161236,65214,BRAV3,2023-03-08,2023-03-08,2024-03-13,-0.09685471781122734,0.20147987165797887,-0.2983345894692062
25291,2022,2023,0.7331,65214,110820,BRAV3,2024-03-07,2024-03-07,2025-03-11,-0.385239852398524,-0.0376532572602597,-0.3475865951382643
25291,2023,2024,0.3089,110820,256422,BRAV3,2025-03-20,2025-03-20,2026-03-24,-0.025669033315128265,0.38311756516809936,-0.4087865984832276
25372,2019,2020,0.1846,192754,25466,ASAI3,2021-03-01,2021-03-01,2022-03-04,-0.10994397759103636,0.03751263313678921,-0.14745661072782557
25372,2020,2021,0.2793,25466,156737,ASAI3,2022-02-21,2022-02-21,2023-02-24,0.5,-0.0530485932908662,0.5530485932908662
25372,2021,2022,0.9266,156737,140481,ASAI3,2023-02-15,2023-02-15,2024-02-23,-0.2341311134235171,0.18082632011236477,-0.4149574335358819
25372,2022,2023,0.7968,140481,139138,ASAI3,2024-02-21,2024-02-21,2025-02-20,-0.5125698324022346,-0.018695458441710833,-0.4938743739605238
25372,2023,2024,0.9025,139138,151774,ASAI3,2025-02-20,2025-02-20,2026-02-26,0.3538681948424067,0.49689774137390263,-0.1430295465314959
25585,2019,2020,0.9583,62793,98335,CMIN3,2021-02-22,2021-02-22,2022-02-23,-0.3401506996770721,-0.0058587332483045484,-0.3342919664287676
25585,2020,2021,0.529,98335,150295,CMIN3,2022-03-09,2022-03-09,2023-03-10,-0.2921013412816691,-0.09027312824527123,-0.20182821303639786
25585,2021,2022,0.9198,150295,160295,CMIN3,2023-03-08,2023-03-08,2024-03-13,0.14566929133858264,0.20147987165797887,-0.05581058031939623
25585,2022,2023,0.978,160295,154934,CMIN3,2024-03-06,2024-03-06,2025-03-10,-0.08877721943048567,-0.03391141438726575,-0.05486580504321992
25585,2023,2024,0.9212,154934,170870,CMIN3,2025-04-01,2025-04-01,2026-04-06,-0.20130932896890352,0.4347377669794015,-0.636047095948305
25780,2020,2021,0.6147,25473,138681,RECV3,2022-06-02,2022-06-02,2023-06-06,-0.367840626111704,0.019727134033632465,-0.38756776014533645
25780,2021,2022,0.8069,138681,142183,RECV3,2023-03-22,2023-03-22,2024-03-27,0.1039770004791567,0.27409516384001975,-0.17011816336086305
25780,2022,2023,0.4754,142183,52432,RECV3,2024-03-05,2024-03-05,2025-03-07,-0.31190269331016507,-0.023915106944200737,-0.28798758636596433
25780,2023,2024,0.4482,52432,119844,RECV3,2025-03-19,2025-03-19,2026-03-23,-0.2043795620437957,0.37298360972451183,-0.5773631717683075
25917,2020,2021,0.9874,228709,232901,RAIZ4,2021-05-31,2021-08-05,2022-08-09,-0.3204419889502763,-0.10672990502900037,-0.21371208392127594
25917,2021,2022,0.736,232901,286328,RAIZ4,2022-05-13,2022-05-13,2023-05-17,-0.33849129593810445,0.02371558986938216,-0.3622068858074866
25917,2022,2023,0.9177,286328,316716,RAIZ4,2023-05-12,2023-05-12,2024-05-16,-0.0820668693009119,0.18273168274329943,-0.2647985520442113
25917,2023,2024,0.9869,316716,332149,RAIZ4,2024-05-13,2024-05-13,2025-05-16,-0.4261744966442953,0.08608808145212543,-0.5122625780964207
26620,2021,2022,0.7263,240293,249732,AURE3,2023-02-16,2023-02-16,2024-02-26,-0.1541501976284585,0.17889147551797113,-0.33304167314642963
26620,2022,2023,0.944,249732,202714,AURE3,2024-02-09,2024-02-09,2025-02-12,-0.36777178103315356,-0.02847467344447241,-0.33929710758868115
26620,2023,2024,0.8918,202714,236611,AURE3,2025-02-24,2025-02-24,2026-03-02,0.34216589861751157,0.509608745932461,-0.1674428473149494
27707,2023,2024,0.5388,182887,268218,AMOB3,2025-03-25,2025-03-25,2026-03-27,-0.12074074074074082,0.37472503683527747,-0.4954657775760183
