cd_cvm,year_prev,year_curr,cosine_similarity,chars_prev,chars_curr,ticker,event_date,window_start,window_end,stock_return,ibov_return,abnormal_return,extreme_ar,prev_bad,curr_bad,either_bad
2437,2015,2016,0.9441,369414,320795,AXIA3,2017-03-27,2017-03-27,2018-04-05,0.2423568651346208,0.3250162226110777,-0.0826593574764569,False,False,False,False
2437,2016,2017,0.9492,320795,326087,AXIA3,2018-03-27,2018-03-27,2019-04-05,0.6125394678389464,0.158697404366287,0.4538420634726594,False,False,False,False
2437,2017,2018,0.9313,326087,312934,AXIA3,2019-03-27,2019-03-27,2020-03-31,-0.2874904405027696,-0.2054727028597418,-0.0820177376430277,False,False,False,False
2437,2018,2019,0.8618,312934,692624,AXIA3,2020-03-27,2020-03-27,2021-04-06,0.6603415559772299,0.6001746181810457,0.0601669377961842,False,False,False,False
2437,2019,2020,0.9297,692624,640997,AXIA3,2021-03-19,2021-03-19,2022-03-24,0.0891029500301023,0.0243614826093399,0.0647414674207624,False,False,False,False
2437,2020,2021,0.8941,640997,388979,AXIA3,2022-03-18,2022-03-18,2023-03-21,-0.1206503137478608,-0.1241233808665632,0.0034730671187024,False,False,False,False
2437,2021,2022,0.902,388979,267385,AXIA3,2023-03-13,2023-03-13,2024-03-18,0.2997804954531202,0.2311142909674581,0.068666204485662,False,False,False,False
2437,2022,2023,0.8666,267385,237349,AXIA3,2024-05-14,2024-05-14,2025-05-19,0.1035564853556485,0.086533693331442,0.0170227920242065,False,False,False,False
2437,2023,2024,0.8724,237349,251026,AXIA3,2025-03-16,2025-03-17,2026-03-19,0.7963813569051086,0.3778580117883765,0.418523345116732,False,False,False,False
2453,2015,2016,0.9798,360670,363606,CMIG4,2017-04-11,2017-04-11,2018-04-20,-0.1208465679997133,0.3292475006521929,-0.4500940686519062,False,False,False,False
2453,2016,2017,0.9651,363606,357785,CMIG4,2018-03-29,2018-03-29,2019-04-09,0.6436915887906693,0.1279934202973658,0.5156981684933035,True,False,False,False
2453,2017,2018,0.9727,357785,421356,CMIG4,2019-04-01,2019-04-01,2020-04-03,-0.4276457884135006,-0.2760610258035937,-0.1515847626099069,False,False,False,False
2453,2018,2019,0.9777,421356,419576,CMIG4,2020-04-01,2020-04-01,2021-04-09,0.5536687995806324,0.6581002075621383,-0.1044314079815058,False,False,False,False
2453,2019,2020,0.9624,419576,490324,CMIG4,2021-03-30,2021-03-30,2022-04-04,0.3069675229082971,0.0379105905904568,0.2690569323178402,False,False,False,False
2453,2020,2021,0.9734,490324,466601,CMIG4,2022-03-29,2022-03-29,2023-03-30,0.0078551913406093,-0.1358232948659312,0.1436784862065405,False,False,False,False
2453,2021,2022,0.9772,466601,430756,CMIG4,2023-03-25,2023-03-27,2024-04-02,0.164370982560474,0.2797022026684534,-0.1153312201079794,False,False,False,False
2453,2022,2023,0.9693,430756,405851,CMIG4,2024-03-21,2024-03-21,2025-03-25,0.1480099502392371,0.03050221300066,0.1175077372385771,False,False,False,False
2453,2023,2024,0.9686,405851,412561,CMIG4,2025-03-21,2025-03-21,2026-03-25,0.1537037037037036,0.4010687833182516,-0.2473650796145479,False,False,False,False
2577,2015,2016,0.9647,208879,214624,CESP6,2017-03-24,2017-03-24,2018-04-04,-0.1537199124726477,0.3211387518700932,-0.4748586643427409,False,False,False,False
2577,2016,2017,0.9695,214624,255415,CESP6,2018-03-21,2018-03-21,2019-04-01,0.5773324984345649,0.1303636683938482,0.4469688300407166,False,False,False,False
2577,2017,2018,0.9615,255415,235309,CESP6,2019-03-22,2019-03-22,2020-03-26,0.1126016260162601,-0.1709656409575275,0.2835672669737876,False,False,False,False
2577,2018,2019,0.8204,235309,134950,CESP6,2020-02-17,2020-02-17,2021-02-25,-0.2159976898642795,-0.0264744066166504,-0.1895232832476291,False,False,False,False
3980,2015,2016,0.991,203796,201424,GGBR4,2017-02-22,2017-02-22,2018-03-06,0.2448512589221287,0.2487765264533736,-0.0039252675312448,False,False,False,False
3980,2016,2017,0.9829,201424,211551,GGBR4,2018-02-28,2018-02-28,2019-03-11,-0.1034897709784652,0.148476824466317,-0.2519665954447823,False,False,False,False
3980,2017,2018,0.9855,211551,220360,GGBR4,2019-02-21,2019-02-21,2020-02-28,0.1211920536576292,0.0746844162423927,0.0465076374152364,False,False,False,False
3980,2018,2019,0.5646,220360,39264,GGBR4,2020-02-19,2020-02-19,2021-03-01,0.3054331870410838,-0.0530629707443339,0.3584961577854177,False,False,False,False
3980,2019,2020,0.7778,39264,39883,GGBR4,2021-02-24,2021-02-24,2022-02-25,-0.0619012526077834,-0.0218370232401797,-0.0400642293676036,False,False,False,False
3980,2020,2021,0.5008,39883,221121,GGBR4,2022-02-23,2022-02-23,2023-02-28,0.1661914461614744,-0.0631714220132008,0.2293628681746752,False,False,False,False
3980,2021,2022,0.9839,221121,226913,GGBR4,2023-03-01,2023-03-01,2024-03-06,-0.2395325202292968,0.2347620584516865,-0.4742945786809833,False,False,False,False
3980,2022,2023,0.9869,226913,225135,GGBR4,2024-02-20,2024-02-20,2025-02-19,-0.0265420558928115,-0.0200691815664739,-0.0064728743263375,False,False,False,False
3980,2023,2024,0.9726,225135,239444,GGBR4,2025-02-24,2025-02-24,2026-03-02,0.2784265519360787,0.509608745932461,-0.2311821939963823,False,False,False,False
4030,2015,2016,0.917,285063,323662,CSNA3,2017-10-28,2017-10-30,2018-11-08,0.1461988304093566,0.1446489414352931,0.0015498889740634,False,False,False,False
4030,2016,2017,0.9262,323662,271289,CSNA3,2018-04-06,2018-04-06,2019-04-16,0.8120649651972158,0.1121532998775529,0.6999116653196629,True,False,False,False
4030,2017,2018,0.9792,271289,273985,CSNA3,2019-02-20,2019-02-20,2020-02-27,0.0740037950664138,0.0666912079478949,0.0073125871185188,False,False,False,False
4030,2018,2019,0.9764,273985,274698,CSNA3,2020-03-04,2020-03-04,2021-03-11,2.025974025974026,0.0723676185040316,1.9536064074699944,True,False,False,False
4030,2019,2020,0.7701,274698,108318,CSNA3,2021-02-22,2021-02-22,2022-02-23,-0.3376187814421465,-0.0058587332483045,-0.3317600481938419,False,False,False,False
4030,2020,2021,0.7728,108318,277847,CSNA3,2022-03-09,2022-03-09,2023-03-10,-0.4308187343582409,-0.0902731282452712,-0.3405456061129697,False,False,False,False
4030,2021,2022,0.9608,277847,286438,CSNA3,2023-03-16,2023-03-16,2024-03-21,0.1021650879566982,0.2390292576975647,-0.1368641697408665,False,False,False,False
4030,2022,2023,0.9668,286438,247953,CSNA3,2024-03-06,2024-03-06,2025-03-10,-0.4798798798798798,-0.0339114143872657,-0.445968465492614,False,False,False,False
4030,2023,2024,0.9658,247953,276107,CSNA3,2025-03-12,2025-03-12,2026-03-16,-0.2880755608028336,0.4522069859159479,-0.7402825467187815,True,False,False,False
4170,2015,2016,0.9052,224509,237390,VALE3,2017-02-23,2017-02-23,2018-03-07,0.2918299668375037,0.2671477714882542,0.0246821953492495,False,False,False,False
4170,2016,2017,0.9392,237390,227057,VALE3,2018-02-27,2018-02-27,2019-03-08,0.0321149376716671,0.0969617223999785,-0.0648467847283114,False,False,False,False
4170,2017,2018,0.8964,227057,248583,VALE3,2019-04-18,2019-04-18,2020-04-24,-0.1677443895017116,-0.2035102993013404,0.0357659097996287,False,False,False,False
4170,2018,2019,0.579,248583,90315,VALE3,2020-03-02,2020-03-02,2021-03-09,1.1283433994823122,0.0441285097171968,1.0842148897651154,True,False,False,False
4170,2019,2020,0.5645,90315,274603,VALE3,2021-02-25,2021-02-25,2022-03-02,0.0411660223592103,0.0259873917166029,0.0151786306426073,False,False,False,False
4170,2020,2021,0.9428,274603,306915,VALE3,2022-02-24,2022-02-24,2023-03-01,0.0189627598811972,-0.0645853501693268,0.0835481100505241,False,False,False,False
4170,2021,2022,0.9321,306915,323774,VALE3,2023-02-16,2023-02-16,2024-02-26,-0.262809732032739,0.1788914755179711,-0.4417012075507102,False,False,False,False
4170,2022,2023,0.939,323774,344928,VALE3,2024-02-22,2024-02-22,2025-02-21,-0.1347813150847961,-0.0238980102587097,-0.1108833048260864,False,False,False,False
4170,2023,2024,0.9444,344928,322916,VALE3,2025-03-17,2025-03-17,2026-03-19,0.342031523642732,0.3778580117883765,-0.0358264881456444,False,False,False,False
4820,2015,2016,0.8039,64386,296557,BRKM5,2017-08-15,2017-08-15,2018-08-23,0.5273396424815984,0.1064827175370743,0.420856924944524,False,False,False,False
4820,2016,2017,0.9885,296557,279551,BRKM5,2018-03-29,2018-03-29,2019-04-09,-0.0060416666666666,0.1279934202973658,-0.1340350869640324,False,False,False,False
4820,2017,2018,0.8387,279551,93770,BRKM5,2019-03-13,2019-03-13,2020-03-17,-0.6875800256081946,-0.2455580104643012,-0.4420220151438934,False,False,False,False
4820,2018,2019,0.8316,93770,315972,BRKM5,2020-04-03,2020-04-03,2021-04-13,2.003201024327785,0.7155783147985062,1.2876227095292787,True,False,False,False
4820,2019,2020,0.7571,315972,133746,BRKM5,2021-03-10,2021-03-10,2022-03-15,0.4033011522890066,-0.033847391419967,0.4371485437089737,False,False,False,False
4820,2020,2021,0.7773,133746,343707,BRKM5,2022-03-16,2022-03-16,2023-03-17,-0.5865763008307827,-0.0821771245575314,-0.5043991762732513,False,False,False,False
4820,2021,2022,0.9889,343707,308708,BRKM5,2023-03-23,2023-03-23,2024-03-28,0.5865384615384615,0.3081883791429354,0.278350082395526,False,False,False,False
4820,2022,2023,0.8016,308708,109681,BRKM5,2024-07-01,2024-07-01,2025-07-04,-0.4733257661748014,0.1326631337383588,-0.6059888999131602,True,False,False,False
4820,2023,2024,0.7925,109681,260453,BRKM5,2025-02-27,2025-02-27,2026-03-05,0.0753598645215918,0.4460364092777695,-0.3706765447561777,False,False,False,False
5258,2017,2018,0.7994,43769,48943,RADL3,2019-02-26,2019-02-26,2020-03-04,1.0495569413613808,0.0985804666888654,0.9509764746725152,True,False,False,False
5258,2018,2019,0.2671,48943,166326,RADL3,2020-02-19,2020-02-19,2021-03-01,-0.0527278778574341,-0.0530629707443339,0.0003350928868998,False,False,False,False
5258,2019,2020,0.9354,166326,182671,RADL3,2021-03-09,2021-03-09,2022-03-14,-0.0456521737105088,-0.0126021035362957,-0.0330500701742131,False,False,False,False
5258,2020,2021,0.5221,182671,251661,RADL3,2022-02-22,2022-02-22,2023-02-27,-0.0400000000893305,-0.063607365636831,0.0236073655475004,False,False,False,False
5258,2021,2022,0.9492,251661,242447,RADL3,2023-03-07,2023-03-07,2024-03-12,0.1813937582078095,0.224890871381596,-0.0434971131737864,False,False,False,False
5258,2022,2023,0.9479,242447,249418,RADL3,2024-03-05,2024-03-05,2025-03-07,-0.2977129339591708,-0.0239151069442007,-0.2737978270149701,False,False,False,False
5258,2023,2024,0.9618,249418,249898,RADL3,2025-03-20,2025-03-20,2026-03-24,0.2243119264557418,0.3831175651680993,-0.1588056387123575,False,False,False,False
5410,2015,2016,0.9873,89851,91393,WEGE3,2017-02-22,2017-02-22,2018-03-06,0.3286549706745185,0.2487765264533736,0.0798784442211448,False,False,False,False
5410,2016,2017,0.9833,91393,94422,WEGE3,2018-02-28,2018-02-28,2019-03-11,0.053994019631713,0.148476824466317,-0.094482804834604,False,False,False,False
5410,2017,2018,0.9814,94422,100991,WEGE3,2019-04-10,2019-04-10,2020-04-15,1.0731042007637752,-0.1784405875974234,1.2515447883611983,True,False,False,False
5410,2018,2019,0.9844,100991,96003,WEGE3,2020-02-19,2020-02-19,2021-03-01,0.5977058582548136,-0.0530629707443339,0.6507688289991476,True,False,False,False
5410,2019,2020,0.9854,96003,96144,WEGE3,2021-02-24,2021-02-24,2022-02-25,-0.3217993079584775,-0.0218370232401797,-0.2999622847182978,False,False,False,False
5410,2020,2021,0.9819,96144,98694,WEGE3,2022-02-16,2022-02-16,2023-02-17,0.2658146964856229,-0.0521269359212612,0.3179416324068842,False,False,False,False
5410,2021,2022,0.9764,98694,99119,WEGE3,2023-02-15,2023-02-15,2024-02-23,-0.0745884773662552,0.1808263201123647,-0.25541479747862,False,False,False,False
5410,2022,2023,0.9767,99119,103611,WEGE3,2024-02-21,2024-02-21,2025-02-20,0.4223314223314223,-0.0186954584417108,0.4410268807731331,False,False,False,False
5410,2023,2024,0.9627,103611,112878,WEGE3,2025-02-26,2025-02-26,2026-03-04,-0.0106583072100313,0.4856805043508103,-0.4963388115608417,False,False,False,False
6505,2015,2016,0.8717,140191,143638,BHIA3,2017-02-23,2017-02-23,2018-03-08,0.893939393939394,0.2597518373102008,0.6341875566291932,True,False,False,False
6505,2016,2017,0.9138,143638,142991,BHIA3,2018-02-19,2018-02-19,2019-02-26,-0.3837209302325581,0.1510718315289132,-0.5347927617614714,True,False,False,False
6505,2017,2018,0.8055,142991,158243,BHIA3,2019-02-20,2019-02-20,2020-02-27,1.7024952015355086,0.0666912079478949,1.6358039935876136,True,False,False,False
6505,2018,2019,0.7641,158243,166276,BHIA3,2020-03-26,2020-03-26,2021-04-05,1.1964912280701756,0.5122758225939992,0.6842154054761764,True,False,False,False
6505,2019,2020,0.7428,166276,165875,BHIA3,2021-03-02,2021-03-02,2022-03-07,-0.7171381031613977,0.0004810838821658,-0.7176191870435635,True,False,False,False
6505,2020,2021,0.7945,165875,164701,BHIA3,2022-03-09,2022-03-09,2023-03-10,-0.4662756598240469,-0.0902731282452712,-0.3760025315787757,False,False,False,False
6505,2021,2022,0.9027,164701,164368,BHIA3,2023-03-09,2023-03-09,2024-03-14,-0.8348453608247423,0.2152709986438719,-1.050116359468614,True,False,False,False
6505,2022,2023,0.8896,164368,153589,BHIA3,2024-03-25,2024-03-25,2025-03-27,0.4696969696969697,0.0489813912972094,0.4207155783997602,False,False,False,False
6505,2023,2024,0.9063,153589,162067,BHIA3,2025-03-12,2025-03-12,2026-03-16,-0.4652014652014652,0.4522069859159479,-0.9174084511174132,True,False,False,False
8133,2015,2016,0.6631,157314,44337,LREN3,2017-02-09,2017-02-09,2018-02-21,0.6130252097645599,0.3245896360326326,0.2884355737319273,False,False,False,False
8133,2016,2017,0.6852,44337,153830,LREN3,2018-02-08,2018-02-08,2019-02-19,0.2823461757272889,0.1977936904447832,0.0845524852825057,False,False,False,False
8133,2017,2018,0.8929,153830,160225,LREN3,2019-02-07,2019-02-07,2020-02-12,0.4374855824836507,0.2358812650818664,0.2016043174017843,False,False,False,False
8133,2018,2019,0.8952,160225,139213,LREN3,2020-02-06,2020-02-06,2021-02-12,-0.2774357117906425,0.0367976386839135,-0.314233350474556,False,False,False,False
8133,2019,2020,0.7729,139213,180180,LREN3,2021-02-11,2021-02-11,2022-02-16,-0.2317593297921631,-0.0345254473539484,-0.1972338824382147,False,False,False,False
8133,2020,2021,0.6466,180180,150743,LREN3,2022-03-17,2022-03-17,2023-03-20,-0.2375545853504318,-0.1074799650819937,-0.130074620268438,False,False,False,False
8133,2021,2022,0.9279,150743,143572,LREN3,2023-02-16,2023-02-16,2024-02-26,-0.2115583076665058,0.1788914755179711,-0.390449783184477,False,False,False,False
8133,2022,2023,0.9495,143572,138987,LREN3,2024-03-14,2024-03-14,2025-03-18,-0.1778316172514941,0.0296402293774522,-0.2074718466289463,False,False,False,False
8133,2023,2024,0.945,138987,150333,LREN3,2025-02-20,2025-02-20,2026-02-26,0.1706783369803064,0.4968977413739026,-0.3262194043935962,False,False,False,False
8451,2015,2016,0.9828,136443,141275,POMO4,2017-02-23,2017-02-23,2018-03-07,0.3693379788830662,0.2671477714882542,0.102190207394812,False,False,False,False
8451,2016,2017,0.9861,141275,148495,POMO4,2018-02-22,2018-02-22,2019-03-01,0.0560239133727933,0.091332613113122,-0.0353086997403286,False,False,False,False
8451,2017,2018,0.9573,148495,144360,POMO4,2019-02-26,2019-02-26,2020-03-04,0.3476070526965591,0.0985804666888654,0.2490265860076936,False,False,False,False
8451,2018,2019,0.9799,144360,148462,POMO4,2020-02-27,2020-02-27,2021-03-05,-0.4707070706666666,0.1186474532327994,-0.5893545238994661,True,False,False,False
8451,2019,2020,0.8842,148462,164141,POMO4,2021-02-25,2021-02-25,2022-03-02,0.0620155037530196,0.0259873917166029,0.0360281120364167,False,False,False,False
8451,2020,2021,0.994,164141,161223,POMO4,2022-02-25,2022-02-25,2023-03-02,0.1413793105221878,-0.0867611957157531,0.228140506237941,False,False,False,False
8451,2021,2022,0.9912,161223,154805,POMO4,2023-02-28,2023-02-28,2024-03-05,1.7246835443487418,0.2207734099620584,1.5039101343866834,True,False,False,False
8451,2022,2023,0.9914,154805,153494,POMO4,2024-02-27,2024-02-27,2025-02-26,0.0648083622551298,-0.0525529129648049,0.1173612752199347,False,False,False,False
8451,2023,2024,0.9847,153494,155281,POMO4,2025-02-25,2025-02-25,2026-03-03,-0.0571428571428571,0.4534497279319254,-0.5105925850747826,False,False,False,False
8656,2015,2016,0.9921,205024,204140,GOAU4,2017-02-22,2017-02-22,2018-03-06,0.2988115450487754,0.2487765264533736,0.0500350185954017,False,False,False,False
8656,2016,2017,0.9872,204140,216159,GOAU4,2018-02-28,2018-02-28,2019-03-11,-0.1015228427400833,0.148476824466317,-0.2499996672064004,False,False,False,False
8656,2017,2018,0.9861,216159,218055,GOAU4,2019-02-21,2019-02-21,2020-02-28,0.121297602176863,0.0746844162423927,0.0466131859344702,False,False,False,False
8656,2018,2019,0.9854,218055,200372,GOAU4,2020-02-19,2020-02-19,2021-03-01,0.1745562129687348,-0.0530629707443339,0.2276191837130687,False,False,False,False
8656,2019,2020,0.5159,200372,31584,GOAU4,2021-02-24,2021-02-24,2022-02-25,-0.1474201474408064,-0.0218370232401797,-0.1255831242006266,False,False,False,False
8656,2020,2021,0.53,31584,209428,GOAU4,2022-02-23,2022-02-23,2023-02-28,0.2430830039241884,-0.0631714220132008,0.3062544259373893,False,False,False,False
8656,2021,2022,0.9864,209428,214736,GOAU4,2023-03-01,2023-03-01,2024-03-06,-0.2393822394279542,0.2347620584516865,-0.4741442978796407,False,False,False,False
8656,2022,2023,0.9908,214736,211253,GOAU4,2024-02-20,2024-02-20,2025-02-19,-0.0487562189426985,-0.0200691815664739,-0.0286870373762245,False,False,False,False
8656,2023,2024,0.9838,211253,223354,GOAU4,2025-02-24,2025-02-24,2026-03-02,0.3840639417044378,0.509608745932461,-0.1255448042280231,False,False,False,False
8672,2015,2016,0.5959,230573,10759,IGTI11,2017-03-10,2021-11-22,2022-11-24,-0.0847295356629966,0.095070159456738,-0.1797996951197347,False,False,False,False
8672,2016,2017,0.5831,10759,194357,IGTI11,2018-03-14,2021-11-22,2022-11-24,-0.0847295356629966,0.095070159456738,-0.1797996951197347,False,False,False,False
8672,2017,2018,0.8209,194357,187960,IGTI11,2019-03-14,2021-11-22,2022-11-24,-0.0847295356629966,0.095070159456738,-0.1797996951197347,False,False,False,False
8672,2018,2019,0.9631,187960,160307,IGTI11,2020-03-12,2021-11-22,2022-11-24,-0.0847295356629966,0.095070159456738,-0.1797996951197347,False,False,False,False
8672,2019,2020,0.5713,160307,7559,IGTI11,2021-03-11,2021-11-22,2022-11-24,-0.0847295356629966,0.095070159456738,-0.1797996951197347,False,False,False,False
8672,2020,2021,0.5093,7559,177847,IGTI11,2022-04-18,2022-04-18,2023-04-19,-0.0744630071599045,-0.1017770756933024,0.0273140685333979,False,False,False,False
8672,2021,2022,0.916,177847,165828,IGTI11,2023-02-28,2023-02-28,2024-03-05,0.2136575271598553,0.2207734099620584,-0.007115882802203,False,False,False,False
8672,2022,2023,0.979,165828,172585,IGTI11,2024-02-20,2024-02-20,2025-02-19,-0.1849169152109075,-0.0200691815664739,-0.1648477336444336,False,False,False,False
8672,2023,2024,0.9735,172585,168304,IGTI11,2025-02-18,2025-02-18,2026-02-24,0.4908814589665655,0.4898300193780973,0.0010514395884682,False,False,False,False
9512,2016,2017,0.7963,244209,296098,PETR3,2018-03-16,2018-03-16,2019-03-27,0.3029525032092426,0.0826623980638612,0.2202901051453814,False,False,False,False
9512,2017,2018,0.943,296098,305009,PETR3,2019-02-27,2019-02-27,2020-03-05,-0.1258558852298664,0.0506219933528118,-0.1764778785826782,False,False,False,False
9512,2018,2019,0.6325,305009,74579,PETR3,2020-02-19,2020-02-19,2021-03-01,-0.3242247466994166,-0.0530629707443339,-0.2711617759550826,False,False,False,False
9512,2019,2020,0.6792,74579,114397,PETR3,2021-03-22,2021-03-22,2022-03-25,0.5164644714038129,0.0356784716773153,0.4807859997264976,True,False,False,False
9512,2020,2021,0.5674,114397,463618,PETR3,2022-02-23,2022-02-23,2023-02-28,-0.2075523704520396,-0.0631714220132008,-0.1443809484388388,False,False,False,False
9512,2021,2022,0.9741,463618,450628,PETR3,2023-03-02,2023-03-02,2024-03-07,0.4756795422031472,0.2420905136683924,0.2335890285347548,False,False,False,False
9512,2022,2023,0.9749,450628,456996,PETR3,2024-03-25,2024-03-25,2025-03-27,0.1114683815648445,0.0489813912972094,0.062486990267635,False,False,False,False
9512,2023,2024,0.9843,456996,441047,PETR3,2025-02-26,2025-02-26,2026-03-04,0.0604091456077016,0.4856805043508103,-0.4252713587431087,False,False,False,False
10456,2015,2016,0.9687,135754,126096,ALPA4,2017-03-22,2017-03-22,2018-04-02,0.3710590137429264,0.3328818315230757,0.0381771822198506,False,False,False,False
10456,2016,2017,0.9638,126096,144787,ALPA4,2018-02-09,2018-02-09,2019-02-20,0.2271869100062933,0.1934037258942356,0.0337831841120577,False,False,False,False
10456,2017,2018,0.3964,144787,25477,ALPA4,2019-02-15,2019-02-15,2020-02-20,1.2927461139896377,0.1749308465822057,1.1178152674074318,True,False,False,False
10456,2018,2019,0.4137,25477,179658,ALPA4,2020-02-07,2020-02-07,2021-02-17,0.0750072400810888,0.05788408749911,0.0171231525819788,False,False,False,False
10456,2019,2020,0.2073,179658,41079,ALPA4,2021-02-12,2021-02-12,2022-02-17,-0.3067770305225038,-0.0494038619856262,-0.2573731685368775,False,False,False,False
10456,2020,2021,0.7181,41079,39036,ALPA4,2022-02-23,2022-02-23,2023-02-28,-0.627125345986556,-0.0631714220132008,-0.5639539239733552,True,False,False,False
10456,2021,2022,0.8914,39036,37426,ALPA4,2023-03-02,2023-03-02,2024-03-07,0.0321543408360129,0.2420905136683924,-0.2099361728323794,False,False,False,False
11312,2015,2016,0.9003,270734,251041,OIBR3,2017-03-22,2017-03-22,2018-04-02,-0.0650602412104238,0.3328818315230757,-0.3979420727334996,False,False,False,False
11312,2016,2017,0.8814,251041,336336,OIBR3,2018-04-12,2018-04-12,2019-04-23,-0.3909305911387086,0.1226507144543302,-0.5135813055930389,True,False,False,False
11312,2017,2018,0.8981,336336,330557,OIBR3,2019-03-26,2019-03-26,2020-03-30,-0.7127071823204421,-0.216850588446871,-0.495856593873571,False,False,False,False
11312,2018,2019,0.8938,330557,265247,OIBR3,2020-03-25,2020-03-25,2021-04-01,2.6346153846153846,0.5376216870874304,2.096993697527954,True,False,False,False
11312,2019,2020,0.7396,265247,351663,OIBR3,2021-05-10,2021-05-10,2022-05-13,-0.6057142857142856,-0.1229182940755087,-0.4827959916387769,False,False,False,False
11312,2020,2021,0.9207,351663,336104,OIBR3,2022-05-05,2022-05-05,2023-05-09,-0.8552631578947368,0.0171832668766551,-0.872446424771392,True,False,False,False
11312,2021,2022,0.8889,336104,304047,OIBR3,2023-05-22,2023-05-22,2024-05-24,-0.4684684684684684,0.1278654483241197,-0.5963339167925882,True,False,False,False
11312,2022,2023,0.8777,304047,270375,OIBR3,2024-03-27,2024-03-27,2025-03-31,-0.8515753730534259,0.0201183140938621,-0.871693687147288,True,False,False,False
11312,2023,2024,0.7865,270375,288892,OIBR3,2025-03-26,2025-03-26,2026-04-02,-0.8790322580645161,0.4190502946620058,-1.2980825527265218,True,False,False,False
12653,2015,2016,0.9317,150235,148000,KLBN11,2017-02-09,2017-02-09,2018-02-21,0.1636125652337501,0.3245896360326326,-0.1609770707988824,False,False,False,False
12653,2016,2017,0.9055,148000,157955,KLBN11,2018-02-01,2018-02-01,2019-02-12,0.0282326366449106,0.1248392308156569,-0.0966065941707463,False,False,False,False
12653,2017,2018,0.8965,157955,173194,KLBN11,2019-02-07,2019-02-07,2020-02-12,0.1081632653361996,0.2358812650818664,-0.1277179997456667,False,False,False,False
12653,2018,2019,0.8324,173194,150741,KLBN11,2020-02-06,2020-02-06,2021-02-12,0.3328591747935874,0.0367976386839135,0.2960615361096739,False,False,False,False
12653,2019,2020,0.8276,150741,210003,KLBN11,2021-02-10,2021-02-10,2022-02-15,-0.1780626778840132,-0.0304567057819656,-0.1476059721020475,False,False,False,False
12653,2020,2021,0.4171,210003,239679,KLBN11,2024-06-13,2024-06-13,2025-06-17,-0.1198044007823722,0.1611849805712302,-0.2809893813536024,False,False,False,False
12653,2021,2022,0.4079,239679,270436,KLBN11,2023-02-08,2023-02-08,2024-02-16,0.1258450337208343,0.1707515741714822,-0.0449065404506479,False,False,False,False
12653,2022,2023,0.9788,270436,252669,KLBN11,2024-02-07,2024-02-07,2025-02-10,0.0893006022866851,-0.0336905992232391,0.1229912015099242,False,False,False,False
12653,2023,2024,0.989,252669,269977,KLBN11,2025-02-26,2025-02-26,2026-03-04,-0.0151145781056487,0.4856805043508103,-0.5007950824564591,False,False,False,False
13986,2015,2016,0.4688,162228,59750,SUZB3,2017-02-08,2017-11-10,2018-11-22,0.8443579766536966,0.2121757667499382,0.6321822099037584,True,False,False,False
13986,2016,2017,0.4367,59750,166321,SUZB3,2018-02-09,2018-02-09,2019-02-20,1.3564257028112443,0.1934037258942356,1.163021976917009,True,False,False,False
13986,2017,2018,0.8249,166321,215584,SUZB3,2019-02-21,2019-02-21,2020-02-28,-0.1994122586062132,0.0746844162423927,-0.274096674848606,False,False,False,False
13986,2018,2019,0.8582,215584,271462,SUZB3,2020-02-12,2020-02-12,2021-02-22,0.922,-0.0343383835829889,0.9563383835829888,True,False,False,False
13986,2019,2020,0.9244,271462,298348,SUZB3,2021-02-10,2021-02-10,2022-02-15,-0.1602639296187683,-0.0304567057819656,-0.1298072238368026,False,False,False,False
13986,2020,2021,0.9513,298348,290070,SUZB3,2022-02-09,2022-02-09,2023-02-10,-0.2343234323432343,-0.0389744426953997,-0.1953489896478346,False,False,False,False
13986,2021,2022,0.9632,290070,278350,SUZB3,2023-02-28,2023-02-28,2024-03-05,0.2268537913699204,0.2207734099620584,0.006080381407862,False,False,False,False
13986,2022,2023,0.9591,278350,273650,SUZB3,2024-02-28,2024-02-28,2025-02-27,-0.0036598117811084,-0.0411544105382309,0.0374945987571225,False,False,False,False
13986,2023,2024,0.9751,273650,274607,SUZB3,2025-02-12,2025-02-12,2026-02-18,-0.0132827324478177,0.4955458750230441,-0.5088286074708619,False,False,False,False
14311,2015,2016,0.8136,289123,163642,CPLE3,2017-03-28,2017-03-28,2018-04-06,-0.1011323701679031,0.3121879566123071,-0.4133203267802102,False,False,False,False
14311,2016,2017,0.9624,163642,139503,CPLE3,2018-05-14,2018-05-14,2019-05-23,0.9268518518518516,0.1018141150661504,0.8250377367857011,True,False,False,False
14311,2017,2018,0.7334,139503,325757,CPLE3,2019-03-28,2019-03-28,2020-04-01,0.7453968253968255,-0.2481460221928544,0.99354284758968,True,False,False,False
14311,2018,2019,0.9865,325757,308157,CPLE3,2020-03-25,2020-03-25,2021-04-01,0.2071934187870669,0.5376216870874304,-0.3304282683003634,False,False,False,False
14311,2019,2020,0.981,308157,350652,CPLE3,2021-05-05,2021-05-05,2022-05-10,0.0814814814814814,-0.1376203493279439,0.2191018308094254,False,False,False,False
14311,2020,2021,0.9775,350652,334303,CPLE3,2022-03-22,2022-03-22,2023-03-23,-0.154178674351585,-0.164967148291619,0.010788473940034,False,False,False,False
14311,2023,2024,0.9803,326092,277416,CPLE3,2025-02-27,2025-02-27,2026-03-05,0.5962800875273522,0.4460364092777695,0.1502436782495826,False,False,False,False
14320,2015,2016,0.9822,200762,219603,USIM5,2017-02-17,2017-02-17,2018-03-01,1.165137614678899,0.2602181718776615,0.9049194428012376,True,False,False,False
14320,2016,2017,0.9797,219603,214206,USIM5,2018-02-09,2018-02-09,2019-02-20,-0.1736420302760464,0.1934037258942356,-0.367045756170282,False,False,False,False
14320,2017,2018,0.9804,214206,203967,USIM5,2019-02-15,2019-02-15,2020-02-20,0.0063829787234042,0.1749308465822057,-0.1685478678588015,False,False,False,False
14320,2018,2019,0.9887,203967,204148,USIM5,2020-02-14,2020-02-14,2021-02-24,0.7414141414141413,0.0112525976847492,0.730161543729392,True,False,False,False
14320,2019,2020,0.9777,204148,200997,USIM5,2021-02-12,2021-02-12,2022-02-17,0.0472163495419308,-0.0494038619856262,0.0966202115275571,False,False,False,False
14320,2020,2021,0.936,200997,202683,USIM5,2022-02-11,2022-02-11,2023-02-14,-0.5415325177076626,-0.0503955408160525,-0.49113697689161,False,False,False,False
14320,2021,2022,0.9691,202683,220649,USIM5,2023-02-10,2023-02-10,2024-02-20,0.4073569482288828,0.2020557879026006,0.2053011603262822,False,False,False,False
14320,2022,2023,0.9752,220649,217795,USIM5,2025-01-16,2025-01-16,2026-01-20,0.274793388429752,0.371535278758937,-0.096741890329185,False,False,False,False
14320,2023,2024,0.9891,217795,215483,USIM5,2025-02-14,2025-02-14,2026-02-20,0.040133779264214,0.4860124417215945,-0.4458786624573805,False,False,False,False
14443,2015,2016,0.7174,168528,263570,SBSP3,2017-03-27,2017-03-27,2018-04-05,0.0873417721205018,0.3250162226110777,-0.2376744504905759,False,False,False,False
14443,2016,2017,0.7655,263570,146834,SBSP3,2018-03-27,2018-03-27,2019-04-05,0.1421305452534358,0.158697404366287,-0.0165668591128511,False,False,False,False
14443,2017,2018,0.7256,146834,282037,SBSP3,2019-03-28,2019-03-28,2020-04-01,-0.1063414634658006,-0.2481460221928544,0.1418045587270537,False,False,False,False
14443,2018,2019,0.9855,282037,242449,SBSP3,2020-03-27,2020-03-27,2021-04-06,0.0421761915908811,0.6001746181810457,-0.5579984265901645,True,False,False,False
14443,2019,2020,0.6132,242449,176912,SBSP3,2021-03-25,2021-03-25,2022-03-30,0.1071953009463615,0.0572295887732647,0.0499657121730967,False,False,False,False
14443,2020,2021,0.6004,176912,223209,SBSP3,2022-03-24,2022-03-24,2023-03-27,0.0539544962329547,-0.162805260283012,0.2167597565159668,False,False,False,False
14443,2021,2022,0.9884,223209,218593,SBSP3,2023-03-23,2023-03-23,2024-03-28,0.7568969095417135,0.3081883791429354,0.4487085303987781,False,False,False,False
14443,2022,2023,0.9849,218593,244365,SBSP3,2024-03-21,2024-03-21,2025-03-25,0.2966725933180731,0.03050221300066,0.2661703803174131,False,False,False,False
14443,2023,2024,0.955,244365,261497,SBSP3,2025-03-27,2025-03-27,2026-03-31,0.5690189474778666,0.4079128793924089,0.1611060680854577,False,False,False,False
14460,2015,2016,0.8731,206885,213748,CYRE3,2017-03-23,2017-03-23,2018-04-03,0.1507692307692307,0.3320070472915575,-0.1812378165223267,False,False,False,False
14460,2016,2017,0.9823,213748,181084,CYRE3,2018-03-22,2018-03-22,2019-04-02,0.060105680317041,0.125270090510698,-0.065164410193657,False,False,False,False
14460,2017,2018,0.9503,181084,189467,CYRE3,2019-03-27,2019-03-27,2020-03-31,-0.0877985797288571,-0.2054727028597418,0.1176741231308846,False,False,False,False
14460,2018,2019,0.9483,189467,193192,CYRE3,2020-03-19,2020-03-19,2021-03-26,0.6108843537414967,0.6797540822867243,-0.0688697285452275,False,False,False,False
14460,2019,2020,0.9463,193192,229511,CYRE3,2021-03-18,2021-03-18,2022-03-23,-0.2991769547325104,0.0228318908197584,-0.3220088455522688,False,False,False,False
14460,2020,2021,0.9902,229511,233137,CYRE3,2022-03-17,2022-03-17,2023-03-20,-0.0306122448979591,-0.1074799650819937,0.0768677201840346,False,False,False,False
14460,2021,2022,0.9847,233137,247734,CYRE3,2023-03-16,2023-03-16,2024-03-21,0.5455116133082234,0.2390292576975647,0.3064823556106586,False,False,False,False
14460,2022,2023,0.9907,247734,262016,CYRE3,2024-03-14,2024-03-14,2025-03-18,-0.07686243594797,0.0296402293774522,-0.1065026653254223,False,False,False,False
14460,2023,2024,0.9056,262016,236999,CYRE3,2025-03-20,2025-03-20,2026-03-24,0.3639505186121088,0.3831175651680993,-0.0191670465559905,False,False,False,False
14826,2015,2016,0.8945,303950,263729,PCAR3,2017-03-07,2017-03-29,2020-12-29,-0.1132941176789174,0.8222534114654907,-0.935547529144408,True,False,False,False
14826,2016,2017,0.9509,263729,254081,PCAR3,2018-02-19,2018-10-23,2021-01-12,-0.1018703681272804,0.4536688908550208,-0.5555392589823013,True,False,False,False
14826,2017,2018,0.934,254081,252055,PCAR3,2019-03-26,2019-07-10,2021-01-18,-0.1571428571679333,0.1457659489817808,-0.3029088061497141,False,False,False,False
14826,2020,2021,0.5226,42389,232095,PCAR3,2022-02-23,2022-02-23,2023-02-28,-0.3040752351097179,-0.0631714220132008,-0.2409038130965171,False,False,False,False
14826,2021,2022,0.9353,232095,223447,PCAR3,2023-02-27,2023-02-27,2024-03-04,-0.313041400659123,0.2140692954993823,-0.5271106961585054,True,False,False,False
15253,2015,2016,0.978,313688,361711,ENGI11,2017-03-23,2017-03-23,2018-04-03,0.5454545456369146,0.3320070472915575,0.2134474983453571,False,False,False,False
15253,2016,2017,0.969,361711,397685,ENGI11,2018-03-14,2018-03-14,2019-03-25,0.1800366587615969,0.0884481707118665,0.0915884880497304,False,False,False,False
15253,2017,2018,0.9608,397685,417774,ENGI11,2019-03-21,2019-03-21,2020-03-25,-0.1263285025481807,-0.2250978712916529,0.0987693687434722,False,False,False,False
15253,2018,2019,0.958,417774,438958,ENGI11,2020-03-18,2020-03-18,2021-03-25,0.0986267165768133,0.7004258168964921,-0.6017991003196788,True,False,False,False
15253,2019,2020,0.9786,438958,468736,ENGI11,2021-04-09,2021-04-09,2022-04-13,0.1115510012704656,-0.0075460249392579,0.1190970262097236,False,False,False,False
15253,2020,2021,0.9838,468736,529082,ENGI11,2024-01-20,2024-01-22,2025-01-23,-0.2497478312688922,-0.032529064612558,-0.2172187666563342,False,False,False,False
15253,2021,2022,0.9736,529082,514305,ENGI11,2023-03-16,2023-03-16,2024-03-21,0.2118559279374867,0.2390292576975647,-0.027173329760078,False,False,False,False
15253,2022,2023,0.809,514305,478573,ENGI11,2024-03-15,2024-03-15,2025-03-19,-0.1097152430230438,0.0454991135127391,-0.1552143565357829,False,False,False,False
15253,2023,2024,0.9692,478573,449191,ENGI11,2025-03-18,2025-03-18,2026-03-20,0.2933076553965632,0.3403290503049521,-0.0470213949083888,False,False,False,False
16101,2015,2016,0.9889,179342,191039,GFSA3,2017-05-09,2017-05-09,2018-05-16,-0.0378819180401386,0.3056730871800412,-0.3435550052201799,False,False,False,False
16101,2016,2017,0.9865,191039,186811,GFSA3,2018-03-09,2018-03-09,2019-03-20,-0.1798319326997439,0.1351136909771415,-0.3149456236768855,False,False,False,False
16101,2017,2018,0.9797,186811,195820,GFSA3,2019-04-03,2019-04-03,2020-04-07,-0.5723025226794352,-0.1919050267812505,-0.3803974958981846,False,False,False,False
16101,2018,2019,0.9688,195820,175093,GFSA3,2020-03-26,2020-03-26,2021-04-05,0.3490916150288385,0.5122758225939992,-0.1631842075651606,False,False,False,False
16101,2019,2020,0.9545,175093,172530,GFSA3,2021-03-16,2021-03-16,2022-03-21,-0.6365503080768486,0.0187315633442139,-0.6552818714210626,True,False,False,False
16101,2020,2021,0.9731,172530,181063,GFSA3,2022-03-19,2022-03-21,2023-03-22,-0.578032307580552,-0.1371784638963283,-0.4408538436842236,False,False,False,False
16101,2021,2022,0.9579,181063,180001,GFSA3,2023-03-29,2023-03-29,2024-04-04,0.2589861996960521,0.251835891281599,0.007150308414453,False,False,False,False
16101,2022,2023,0.9269,180001,180774,GFSA3,2024-03-26,2024-03-26,2025-03-28,-0.6713395638629284,0.0397212678682881,-0.7110608317312165,True,False,False,False
16101,2023,2024,0.9211,180774,141451,GFSA3,2025-03-27,2025-03-27,2026-03-31,-0.9484756097560976,0.4079128793924089,-1.3563884891485063,True,False,False,False
16292,2018,2019,0.9261,289781,247396,BRFS3,2020-03-03,2020-03-03,2021-03-10,-0.0760994263862332,0.0685956881513705,-0.1446951145376037,False,False,False,False
16292,2019,2020,0.9298,247396,241315,BRFS3,2021-02-25,2021-02-25,2022-03-02,-0.2912912912912913,0.0259873917166029,-0.3172786830078942,False,False,False,False
16292,2020,2021,0.9571,241315,251167,BRFS3,2022-02-22,2022-02-22,2023-02-27,-0.6656330749354006,-0.063607365636831,-0.6020257092985696,True,False,False,False
16292,2021,2022,0.9819,251167,237963,BRFS3,2023-02-28,2023-02-28,2024-03-05,1.5876623376623376,0.2207734099620584,1.3668889277002791,True,False,False,False
16292,2022,2023,0.8657,237963,209387,BRFS3,2024-02-26,2024-02-26,2025-02-25,0.3461812990720914,-0.0280038315225673,0.3741851305946587,False,False,False,False
16306,2015,2016,0.9904,264786,292443,RSID3,2017-03-23,2017-03-23,2018-04-03,-0.1482939632545932,0.3320070472915575,-0.4803010105461507,False,False,False,False
16306,2016,2017,0.9987,292443,292066,RSID3,2018-03-26,2018-03-26,2019-04-04,-0.3109374999999998,0.1319248127758765,-0.4428623127758764,False,False,False,False
16306,2017,2018,0.9972,292066,306559,RSID3,2019-03-27,2019-03-27,2020-03-31,-0.0826271186440676,-0.2054727028597418,0.1228455842156741,False,False,False,False
16306,2020,2021,0.9609,206373,188488,RSID3,2022-03-16,2022-03-16,2023-03-17,-0.6347826086956523,-0.0821771245575314,-0.5526054841381208,True,False,False,False
16306,2021,2022,0.9805,188488,154882,RSID3,2023-09-29,2023-09-29,2024-10-02,-0.1546391752577319,0.1454102456162505,-0.3000494208739824,False,False,False,False
16306,2022,2023,0.9864,154882,159421,RSID3,2024-06-24,2024-06-24,2025-06-27,-0.6186915887850467,0.1160239947239396,-0.7347155835089864,True,False,False,False
17329,2015,2016,0.4058,108677,187641,EGIE3,2017-02-23,2017-02-23,2018-03-07,0.0360742706944396,0.2671477714882542,-0.2310735007938145,False,False,False,False
17329,2016,2017,0.9093,187641,214485,EGIE3,2018-02-22,2018-02-22,2019-03-01,0.3206806282512644,0.091332613113122,0.2293480151381424,False,False,False,False
17329,2017,2018,0.9355,214485,226464,EGIE3,2019-02-19,2019-02-19,2020-02-26,0.0784269661916727,0.0825232453897049,-0.0040962791980321,False,False,False,False
17329,2018,2019,0.9447,226464,274580,EGIE3,2020-02-20,2020-02-20,2021-03-02,-0.197083248960553,-0.0265860985005175,-0.1704971504600355,False,False,False,False
17329,2019,2020,0.9322,274580,311859,EGIE3,2021-04-20,2021-04-20,2022-04-26,0.0251196172224765,-0.0986917674777838,0.1238113847002604,False,False,False,False
17329,2020,2021,0.9692,311859,317252,EGIE3,2022-02-14,2022-02-14,2023-02-15,-0.0431885488690215,-0.0377443421678416,-0.0054442067011799,False,False,False,False
17329,2021,2022,0.9521,317252,292847,EGIE3,2023-11-30,2023-11-30,2024-12-02,-0.1411494251099379,-0.016457720626348,-0.1246917044835898,False,False,False,False
17329,2022,2023,0.9768,292847,296163,EGIE3,2024-02-27,2024-02-27,2025-02-26,-0.1098348887772194,-0.0525529129648049,-0.0572819758124145,False,False,False,False
17329,2023,2024,0.9455,296163,304430,EGIE3,2025-02-20,2025-02-20,2026-02-26,0.2961117193927529,0.4968977413739026,-0.2007860219811497,False,False,False,False
17450,2015,2016,0.3248,60747,168388,RAIL3,2017-02-20,2017-02-20,2018-03-02,0.4838709677419355,0.2513900631025758,0.2324809046393596,False,False,False,False
17450,2016,2017,0.3367,168388,77564,RAIL3,2018-02-27,2018-02-27,2019-03-08,0.4045584045584045,0.0969617223999785,0.3075966821584259,False,False,False,False
17450,2017,2018,0.497,77564,162549,RAIL3,2019-02-13,2019-02-13,2020-02-18,0.2166841552990557,0.199649633147751,0.0170345221513046,False,False,False,False
17450,2018,2019,0.435,162549,49476,RAIL3,2020-02-13,2020-02-13,2021-02-23,-0.1823529411764706,-0.0037604268975914,-0.1785925142788791,False,False,False,False
17450,2019,2020,0.4361,49476,173524,RAIL3,2021-06-01,2021-06-01,2022-06-06,-0.1456674473067917,-0.1409648074076701,-0.0047026398991215,False,False,False,False
17450,2020,2021,0.9364,173524,161513,RAIL3,2022-02-17,2022-02-17,2023-02-22,0.0791366906474819,-0.0561659065637097,0.1353025972111917,False,False,False,False
17450,2021,2022,0.9525,161513,176536,RAIL3,2023-02-15,2023-02-15,2024-02-23,0.3086632243258749,0.1808263201123647,0.1278369042135101,False,False,False,False
17450,2022,2023,0.9863,176536,182700,RAIL3,2024-03-27,2024-03-27,2025-03-31,-0.2781486426346239,0.0201183140938621,-0.298266956728486,False,False,False,False
17450,2023,2024,0.9747,182700,192670,RAIL3,2025-02-20,2025-02-20,2026-02-26,-0.1005949161709032,0.4968977413739026,-0.5974926575448058,True,False,False,False
17671,2015,2016,0.9404,286341,271106,VIVT3,2017-02-21,2017-02-21,2018-03-05,0.1531200839014157,0.2457684800531541,-0.0926483961517383,False,False,False,False
17671,2016,2017,0.9096,271106,243541,VIVT3,2018-02-21,2018-02-21,2019-02-28,-0.0034658040665433,0.1107766227373225,-0.1142424268038659,False,False,False,False
17671,2017,2018,0.9044,243541,221548,VIVT3,2019-02-20,2019-02-20,2020-02-27,0.1101871101871103,0.0666912079478949,0.0434959022392154,False,False,False,False
17671,2018,2019,0.9299,221548,204525,VIVT3,2020-02-19,2020-02-19,2021-03-01,-0.1650279545016386,-0.0530629707443339,-0.1119649837573046,False,False,False,False
17671,2019,2020,0.8619,204525,308808,VIVT3,2021-02-23,2021-02-23,2022-02-24,0.1046331190423408,-0.0315514201215578,0.1361845391638987,False,False,False,False
17671,2020,2021,0.847,308808,322303,VIVT3,2022-02-22,2022-02-22,2023-02-27,-0.1962902568283734,-0.063607365636831,-0.1326828911915424,False,False,False,False
17671,2021,2022,0.8872,322303,353605,VIVT3,2023-02-17,2023-02-17,2024-02-27,0.3581910031272552,0.2062015488255209,0.1519894543017343,False,False,False,False
17671,2022,2023,0.9017,353605,362155,VIVT3,2024-02-20,2024-02-20,2025-02-19,-0.0037785754770451,-0.0200691815664739,0.0162906060894287,False,False,False,False
17671,2023,2024,0.8985,362155,341933,VIVT3,2025-02-25,2025-02-25,2026-03-03,0.5543092166760142,0.4534497279319254,0.1008594887440887,False,False,False,False
17892,2015,2016,0.9384,169631,164826,STBP3,2017-02-15,2017-02-15,2018-02-27,0.9591836734693876,0.2789216362699664,0.6802620371994212,True,False,False,False
17892,2016,2017,0.9064,164826,193960,STBP3,2018-06-18,2018-06-18,2019-06-27,0.8025210084033614,0.4427323574838719,0.3597886509194894,False,False,False,False
17892,2017,2018,0.823,193960,197219,STBP3,2019-02-21,2019-02-21,2020-02-28,0.4119047619047618,0.0746844162423927,0.337220345662369,False,False,False,False
17892,2018,2019,0.9847,197219,209175,STBP3,2020-03-05,2020-03-05,2021-03-12,0.1179487179487179,0.1166666014562782,0.0012821164924397,False,False,False,False
17892,2019,2020,0.9797,209175,222689,STBP3,2021-03-08,2021-03-08,2022-03-11,0.2433962264150944,0.0099581797855161,0.2334380466295782,False,False,False,False
17892,2020,2021,0.9741,222689,231887,STBP3,2022-03-10,2022-03-10,2023-03-13,0.1769005847953217,-0.0927457302997023,0.2696463150950241,False,False,False,False
17892,2021,2022,0.8717,231887,222476,STBP3,2023-11-29,2023-11-29,2024-11-29,0.5334928229665072,-0.0039456860045254,0.5374385089710327,True,False,False,False
17892,2022,2023,0.9467,222476,196734,STBP3,2024-03-20,2024-03-20,2025-03-24,0.1323155216284988,0.0170115228806109,0.1153039987478878,False,False,False,False
17973,2015,2016,0.9269,147610,129151,COGN3,2017-03-22,2017-03-22,2018-04-02,0.0416988416312815,0.3328818315230757,-0.2911829898917941,False,False,False,False
17973,2016,2017,0.9534,129151,141798,COGN3,2018-03-16,2018-03-16,2019-03-27,-0.2869924295191333,0.0826623980638612,-0.3696548275829945,False,False,False,False
17973,2017,2018,0.8588,141798,191150,COGN3,2019-06-21,2019-06-21,2020-06-26,-0.4149034038562115,-0.0801676459574601,-0.3347357578987513,False,False,False,False
17973,2018,2019,0.5455,191150,214057,COGN3,2020-03-30,2020-03-30,2021-04-07,-0.2094861660869564,0.5758895962297701,-0.7853757623167266,True,False,False,False
17973,2019,2020,0.8961,214057,267371,COGN3,2021-03-31,2021-03-31,2022-04-05,-0.2512562813945355,0.019303422715146,-0.2705597041096815,False,False,False,False
17973,2020,2021,0.9657,267371,230733,COGN3,2022-03-24,2022-03-24,2023-03-27,-0.2164502166666667,-0.162805260283012,-0.0536449563836547,False,False,False,False
17973,2021,2022,0.958,230733,216974,COGN3,2023-09-21,2023-09-21,2024-09-24,-0.5,0.1378509889142929,-0.6378509889142929,True,False,False,False
17973,2022,2023,0.9741,216974,237067,COGN3,2024-03-20,2024-03-20,2025-03-24,-0.3159851298728596,0.0170115228806109,-0.3329966527534705,False,False,False,False
17973,2023,2024,0.9728,237067,226329,COGN3,2025-03-12,2025-03-12,2026-03-16,0.9058139530451595,0.4522069859159479,0.4536069671292118,False,False,False,False
18376,2015,2016,0.9755,173691,180812,ISAE4,2017-02-23,2017-02-23,2018-03-07,0.0270434518383471,0.2671477714882542,-0.240104319649907,False,False,False,False
18376,2016,2017,0.9275,180812,205636,ISAE4,2018-02-26,2018-02-26,2019-03-07,0.1488855869242198,0.07629581949842,0.0725897674257998,False,False,False,False
18376,2017,2018,0.8138,205636,214509,ISAE4,2019-02-28,2019-02-28,2020-03-06,0.1632124352331605,0.0252386504694543,0.1379737847637061,False,False,False,False
18376,2018,2019,0.7198,214509,191584,ISAE4,2020-03-04,2020-03-04,2021-03-11,0.0246808510638296,0.0723676185040316,-0.0476867674402019,False,False,False,False
18376,2019,2020,0.7348,191584,215040,ISAE4,2021-02-22,2021-02-22,2022-02-23,0.0339263549855191,-0.0058587332483045,0.0397850882338236,False,False,False,False
18376,2020,2021,0.933,215040,219262,ISAE4,2022-02-23,2022-02-23,2023-02-28,-0.129251700680272,-0.0631714220132008,-0.0660802786670712,False,False,False,False
18376,2021,2022,0.9363,219262,204761,ISAE4,2023-02-23,2023-02-23,2024-02-29,0.1616389013957677,0.1991502782665803,-0.0375113768708126,False,False,False,False
18376,2022,2023,0.3901,204761,60635,ISAE4,2024-02-20,2024-02-20,2025-02-19,-0.1234613950018649,-0.0200691815664739,-0.1033922134353909,False,False,False,False
18376,2023,2024,0.4025,60635,218668,ISAE4,2025-02-24,2025-02-24,2026-03-02,0.2198975234842015,0.509608745932461,-0.2897112224482594,False,False,False,False
18465,2015,2016,0.9776,194813,199554,UGPA3,2017-02-22,2017-02-22,2018-03-06,0.0657856093979443,0.2487765264533736,-0.1829909170554293,False,False,False,False
18465,2016,2017,0.9748,199554,223219,UGPA3,2018-02-21,2018-02-21,2019-02-28,-0.3199643493761142,0.1107766227373225,-0.4307409721134367,False,False,False,False
18465,2017,2018,0.9772,223219,249965,UGPA3,2019-02-20,2019-02-20,2020-02-27,-0.2996891570671055,0.0666912079478949,-0.3663803650150005,False,False,False,False
18465,2018,2019,0.9645,249965,238178,UGPA3,2020-03-16,2020-03-16,2021-03-23,0.5361067503924646,0.5914697676836727,-0.055363017291208,False,False,False,False
18465,2019,2020,0.9684,238178,262783,UGPA3,2021-02-25,2021-02-25,2022-03-02,-0.2728658536585365,0.0259873917166029,-0.2988532453751394,False,False,False,False
18465,2022,2023,0.9442,261976,247201,UGPA3,2024-02-28,2024-02-28,2025-02-27,-0.4400785854616895,-0.0411544105382309,-0.3989241749234585,False,False,False,False
18465,2023,2024,0.9453,247201,195504,UGPA3,2025-02-26,2025-02-26,2026-03-04,0.5933456561922366,0.4856805043508103,0.1076651518414262,False,False,False,False
18627,2015,2016,0.9236,103568,88783,SAPR11,2017-02-21,2017-11-22,2018-11-30,-0.0550595238095238,0.2010934423385029,-0.2561529661480267,False,False,False,False
18627,2016,2017,0.927,88783,120542,SAPR11,2018-02-06,2018-02-06,2019-02-15,0.2882332406229457,0.1624891351042339,0.1257441055187118,False,False,False,False
18627,2017,2018,0.9425,120542,132989,SAPR11,2019-02-21,2019-02-21,2020-02-28,0.305873181042863,0.0746844162423927,0.2311887648004702,False,False,False,False
18627,2018,2019,0.9323,132989,143652,SAPR11,2020-02-06,2020-02-06,2021-02-12,-0.3575604052374863,0.0367976386839135,-0.3943580439213998,False,False,False,False
18627,2019,2020,0.935,143652,180534,SAPR11,2021-02-11,2021-02-11,2022-02-16,-0.1095152603231598,-0.0345254473539484,-0.0749898129692113,False,False,False,False
18627,2020,2021,0.4667,180534,159993,SAPR11,2022-02-24,2022-02-24,2023-03-01,-0.1322564361433618,-0.0645853501693268,-0.0676710859740349,False,False,False,False
18627,2021,2022,0.8774,159993,149783,SAPR11,2023-02-16,2023-02-16,2024-02-26,0.4835545297172534,0.1788914755179711,0.3046630541992823,False,False,False,False
18627,2022,2023,0.9194,149783,152867,SAPR11,2024-02-08,2024-02-08,2025-02-11,-0.0010968921389397,-0.0132218119106276,0.0121249197716879,False,False,False,False
18627,2023,2024,0.8573,152867,133998,SAPR11,2025-02-20,2025-02-20,2026-02-26,0.6829887558940877,0.4968977413739026,0.186091014520185,False,False,False,False
18660,2015,2016,0.9557,197873,204333,CPFE3,2017-03-23,2017-03-23,2018-04-03,-0.0363139398672393,0.3320070472915575,-0.3683209871587968,False,False,False,False
18660,2016,2017,0.9632,204333,193962,CPFE3,2018-03-27,2018-03-27,2019-04-05,0.2065573770491804,0.158697404366287,0.0478599726828934,False,False,False,False
18660,2017,2018,0.9387,193962,187251,CPFE3,2019-03-28,2019-03-28,2020-04-01,-0.145040650406504,-0.2481460221928544,0.1031053717863503,False,False,False,False
18660,2018,2019,0.9593,187251,179949,CPFE3,2020-03-09,2020-03-09,2021-03-16,-0.1067647058823528,0.3247646025431292,-0.4315293084254821,False,False,False,False
18660,2019,2020,0.9497,179949,203980,CPFE3,2021-03-31,2021-03-31,2022-04-05,0.0877712031558186,0.019303422715146,0.0684677804406725,False,False,False,False
18660,2020,2021,0.9231,203980,224367,CPFE3,2022-03-17,2022-03-17,2023-03-20,-0.0752755905511811,-0.1074799650819937,0.0322043745308125,False,False,False,False
18660,2021,2022,0.9068,224367,230608,CPFE3,2023-03-16,2023-03-16,2024-03-21,0.0955109837631327,0.2390292576975647,-0.143518273934432,False,False,False,False
18660,2022,2023,0.8542,230608,218410,CPFE3,2024-03-21,2024-03-21,2025-03-25,0.1200232490555071,0.03050221300066,0.089521036054847,False,False,False,False
18660,2023,2024,0.9631,218410,217483,CPFE3,2025-02-26,2025-02-26,2026-03-04,0.3541783510936624,0.4856805043508103,-0.1315021532571478,False,False,False,False
18724,2015,2016,0.6122,17727,69869,BRAP4,2017-03-21,2017-03-21,2018-03-29,0.509587728112675,0.3554312240464765,0.1541565040661985,False,False,False,False
18724,2016,2017,0.9367,69869,90033,BRAP4,2018-03-21,2018-03-21,2019-04-01,0.0248524389427791,0.1303636683938482,-0.1055112294510691,False,False,False,False
18724,2017,2018,0.8036,90033,92344,BRAP4,2019-03-28,2019-03-28,2020-04-01,-0.0431654678557456,-0.2481460221928544,0.2049805543371088,False,False,False,False
18724,2018,2019,0.8158,92344,76006,BRAP4,2020-03-26,2020-03-26,2021-04-05,1.3583245332348426,0.5122758225939992,0.8460487106408434,True,False,False,False
18724,2019,2020,0.8867,76006,69329,BRAP4,2021-03-25,2021-03-25,2022-03-30,0.3162109918807363,0.0572295887732647,0.2589814031074715,False,False,False,False
18724,2020,2021,0.9452,69329,64339,BRAP4,2022-03-29,2022-03-29,2023-03-30,-0.1764884568651276,-0.1358232948659312,-0.0406651619991963,False,False,False,False
18724,2021,2022,0.9589,64339,64426,BRAP4,2023-03-27,2023-03-27,2024-04-02,-0.1859198755348113,0.2797022026684534,-0.4656220782032648,False,False,False,False
18724,2022,2023,0.5236,64426,12052,BRAP4,2024-03-27,2024-03-27,2025-03-31,-0.1224889759921606,0.0201183140938621,-0.1426072900860228,False,False,False,False
18724,2023,2024,0.9308,12052,11290,BRAP4,2025-03-25,2025-03-25,2026-03-27,0.2217319360176504,0.3747250368352774,-0.152993100817627,False,False,False,False
18821,2015,2016,0.979,304976,325975,MOTV3,2017-03-06,2017-03-06,2018-03-14,-0.2972222222222221,0.29709350289269,-0.5943157251149122,True,False,False,False
18821,2016,2017,0.9524,325975,366236,MOTV3,2018-02-27,2018-02-27,2019-03-08,-0.0023400936037442,0.0969617223999785,-0.0993018160037227,False,False,False,False
18821,2017,2018,0.954,366236,390017,MOTV3,2019-03-21,2019-03-21,2020-03-25,0.0731707317073169,-0.2250978712916529,0.2982686029989698,False,False,False,False
18821,2018,2019,0.9666,390017,397076,MOTV3,2020-03-05,2020-03-05,2021-03-12,-0.1798045602605863,0.1166666014562782,-0.2964711617168646,False,False,False,False
18821,2019,2020,0.9837,397076,457410,MOTV3,2021-03-04,2021-03-04,2022-03-09,0.060189165950129,0.0107389136071052,0.0494502523430238,False,False,False,False
18821,2020,2021,0.8968,457410,453105,MOTV3,2022-02-24,2022-02-24,2023-03-01,-0.1216760676873488,-0.0645853501693268,-0.0570907175180219,False,False,False,False
18821,2021,2022,0.9266,453105,362083,MOTV3,2023-02-15,2023-02-15,2024-02-23,0.2365107913669066,0.1808263201123647,0.0556844712545419,False,False,False,False
18821,2022,2023,0.8915,362083,236187,MOTV3,2024-02-08,2024-02-08,2025-02-11,-0.1455085374907201,-0.0132218119106276,-0.1322867255800924,False,False,False,False
18821,2023,2024,0.8475,236187,232622,MOTV3,2025-02-06,2025-02-06,2026-02-10,0.5142602495543669,0.4730022814861807,0.0412579680681861,False,False,False,False
19445,2015,2016,0.941,168385,162910,CSMG3,2017-03-09,2017-03-09,2018-03-19,0.0482057931258106,0.2992608371914134,-0.2510550440656027,False,False,False,False
19445,2016,2017,0.9347,162910,164794,CSMG3,2018-02-23,2018-02-23,2019-03-06,0.346024636135728,0.0793146181766193,0.2667100179591086,False,False,False,False
19445,2017,2018,0.9258,164794,187088,CSMG3,2019-02-28,2019-02-28,2020-03-06,-0.0960451975786923,0.0252386504694543,-0.1212838480481467,False,False,False,False
19445,2018,2019,0.9016,187088,222334,CSMG3,2020-03-19,2020-03-19,2021-03-26,0.1632974530944348,0.6797540822867243,-0.5164566291922894,True,False,False,False
19445,2019,2020,0.9399,222334,204242,CSMG3,2021-04-20,2021-04-20,2022-04-26,-0.1572026300059773,-0.0986917674777838,-0.0585108625281934,False,False,False,False
19445,2020,2021,0.9455,204242,210979,CSMG3,2022-06-13,2022-06-13,2023-06-16,0.6592592592592592,0.1575100065127861,0.5017492527464731,True,False,False,False
19445,2021,2022,0.9606,210979,196766,CSMG3,2023-03-21,2023-03-21,2024-03-26,0.3909626719056973,0.2560927613214225,0.1348699105842747,False,False,False,False
19445,2022,2023,0.6791,196766,123009,CSMG3,2024-03-21,2024-03-21,2025-03-25,0.0336700336700337,0.03050221300066,0.0031678206693737,False,False,False,False
19445,2023,2024,0.6659,123009,218255,CSMG3,2025-03-24,2025-03-24,2026-03-26,1.383005977796755,0.3914915188258674,0.9915144589708876,True,False,False,False
19453,2015,2016,0.9923,197825,215135,ECOR3,2017-02-20,2017-02-20,2018-03-02,-0.0316789862724393,0.2513900631025758,-0.2830690493750152,False,False,False,False
19453,2016,2017,0.8193,215135,196690,ECOR3,2018-02-28,2018-02-28,2019-03-11,0.0149253731343281,0.148476824466317,-0.1335514513319888,False,False,False,False
19453,2017,2018,0.945,196690,219762,ECOR3,2019-03-14,2019-03-14,2020-03-18,-0.0531400966183573,-0.3215843630935533,0.2684442664751959,False,False,False,False
19453,2018,2019,0.8833,219762,248648,ECOR3,2020-02-18,2020-02-18,2021-02-26,-0.3579743888242143,-0.0429835280529287,-0.3149908607712856,False,False,False,False
19453,2019,2020,0.9559,248648,233061,ECOR3,2021-03-10,2021-03-10,2022-03-15,-0.3971830985915493,-0.033847391419967,-0.3633357071715822,False,False,False,False
19453,2020,2021,0.6522,233061,28545,ECOR3,2022-03-25,2022-03-25,2023-03-28,-0.381979695431472,-0.1502844321346296,-0.2316952632968424,False,False,False,False
19453,2021,2022,0.6485,28545,275777,ECOR3,2023-03-16,2023-03-16,2024-03-21,0.8945147679324894,0.2390292576975647,0.6554855102349246,True,False,False,False
19453,2022,2023,0.8965,275777,245155,ECOR3,2024-03-13,2024-03-13,2025-03-17,-0.4084656084656084,0.0220920026826856,-0.430557611148294,False,False,False,False
19453,2023,2024,0.9217,245155,277132,ECOR3,2025-03-18,2025-03-18,2026-03-20,0.4174228675136116,0.3403290503049521,0.0770938172086594,False,False,False,False
19550,2015,2016,0.4694,197284,103103,NATU3,2017-02-22,2017-02-22,2018-03-06,0.2428998505231689,0.2487765264533736,-0.0058766759302046,False,False,False,False
19550,2016,2017,0.4381,103103,255327,NATU3,2018-03-14,2018-03-14,2019-03-25,0.2293071735131819,0.0884481707118665,0.1408590028013154,False,False,False,False
19550,2017,2018,0.9648,255327,259633,NATU3,2019-02-28,2019-02-28,2020-03-06,0.6453079785035138,0.0252386504694543,0.6200693280340595,True,False,False,False
19550,2018,2019,0.9384,259633,254576,NATU3,2020-03-05,2020-03-05,2021-03-12,0.1845772455099981,0.1166666014562782,0.0679106440537198,False,False,False,False
19550,2019,2020,0.8813,254576,279718,NATU3,2021-03-31,2021-03-31,2022-04-05,-0.4212712920648109,0.019303422715146,-0.440574714779957,False,False,False,False
19550,2020,2021,0.9817,279718,280814,NATU3,2022-03-29,2022-03-29,2023-03-30,-0.4948148148148148,-0.1358232948659312,-0.3589915199488835,False,False,False,False
19550,2021,2022,0.9842,280814,263936,NATU3,2023-03-16,2023-03-16,2024-03-21,0.3564575645756456,0.2390292576975647,0.1174283068780808,False,False,False,False
19550,2022,2024,0.9189,263936,281121,NATU3,2025-03-13,2025-03-13,2026-03-17,-0.3097345132743363,0.4359589296506423,-0.7456934429249786,True,False,False,False
19739,2020,2021,0.9898,193243,175865,RENT3,2022-02-22,2022-02-22,2023-02-27,-0.1085148636600212,-0.063607365636831,-0.0449074980231902,False,False,False,False
19739,2021,2022,0.7725,175865,237155,RENT3,2023-03-28,2023-03-28,2024-04-03,-0.0267496191427563,0.2582722414932872,-0.2850218606360435,False,False,False,False
19739,2022,2023,0.8911,237155,260488,RENT3,2024-03-12,2024-03-12,2025-03-14,-0.3858346618496252,0.0100984711576541,-0.3959331330072794,False,False,False,False
19739,2023,2024,0.968,260488,251631,RENT3,2025-02-27,2025-02-27,2026-03-05,0.7629166535105723,0.4460364092777695,0.3168802442328027,False,False,False,False
19836,2015,2016,0.9749,207365,214117,CSAN3,2017-02-16,2017-02-16,2018-02-28,0.0228773584905659,0.2586381562338529,-0.2357607977432869,False,False,False,False
19836,2016,2017,0.6343,214117,93932,CSAN3,2018-03-26,2018-03-26,2019-04-04,0.034125676629795,0.1319248127758765,-0.0977991361460814,False,False,False,False
19836,2017,2018,0.6476,93932,179425,CSAN3,2019-02-14,2019-02-14,2020-02-19,0.8992974238875875,0.1887720554049383,0.7105253684826491,True,False,False,False
19836,2018,2019,0.9645,179425,193087,CSAN3,2020-02-14,2020-02-14,2021-02-24,0.0425634824667471,0.0112525976847492,0.0313108847819978,False,False,False,False
19836,2019,2020,0.9229,193087,207729,CSAN3,2021-02-11,2021-02-11,2022-02-16,0.0611111111111111,-0.0345254473539484,0.0956365584650595,False,False,False,False
19836,2020,2021,0.8857,207729,303881,CSAN3,2022-02-24,2022-02-24,2023-03-01,-0.2784007801072647,-0.0645853501693268,-0.2138154299379379,False,False,False,False
19836,2021,2022,0.8689,303881,309670,CSAN3,2023-02-28,2023-02-28,2024-03-05,0.0914552736982643,0.2207734099620584,-0.129318136263794,False,False,False,False
19836,2022,2023,0.8756,309670,367080,CSAN3,2024-05-29,2024-05-29,2025-06-03,-0.3829479768786128,0.1209299073372012,-0.503877884215814,False,False,False,False
19836,2023,2024,0.9289,367080,354216,CSAN3,2025-03-10,2025-03-10,2026-03-12,-0.2045133991537376,0.4398119393141853,-0.644325338467923,True,False,False,False
19879,2015,2016,0.8919,36945,48065,LIGT3,2017-03-23,2017-03-23,2018-04-03,-0.31990171990172,0.3320070472915575,-0.6519087671932775,True,False,False,False
19879,2016,2017,0.9202,48065,52340,LIGT3,2018-03-28,2018-03-28,2019-04-08,0.5732531930879039,0.1608977643046787,0.4123554287832252,False,False,False,False
19879,2017,2018,0.7296,52340,291970,LIGT3,2019-03-28,2019-03-28,2020-04-01,-0.5730392156862745,-0.2481460221928544,-0.32489319349342,False,False,False,False
19879,2018,2019,0.9851,291970,286237,LIGT3,2020-03-12,2020-03-12,2021-03-19,0.3948905109489051,0.601233519966857,-0.2063430090179518,False,False,False,False
19879,2019,2020,0.6085,286237,54255,LIGT3,2021-03-19,2021-03-19,2022-03-24,-0.4625850340136054,0.0243614826093399,-0.4869465166229453,False,False,False,False
19879,2020,2021,0.6179,54255,238176,LIGT3,2022-03-24,2022-03-24,2023-03-27,-0.7721518987341772,-0.162805260283012,-0.6093466384511652,True,False,False,False
19879,2021,2022,0.9878,238176,240364,LIGT3,2023-03-28,2023-03-28,2024-04-03,1.2446351931330475,0.2582722414932872,0.9863629516397604,True,False,False,False
19879,2022,2023,0.9797,240364,264764,LIGT3,2024-03-25,2024-03-25,2025-03-27,0.0115830115830117,0.0489813912972094,-0.0373983797141976,False,False,False,False
19879,2023,2024,0.961,264764,379991,LIGT3,2025-03-28,2025-03-28,2026-04-01,0.1208791208791209,0.424941649940888,-0.3040625290617671,False,False,False,False
19909,2015,2016,0.9103,68857,72525,BRML3,2017-03-15,2017-03-15,2018-03-23,-0.1318774442780526,0.2739088528581919,-0.4057862971362445,False,False,False,False
19909,2016,2017,0.8776,72525,78982,BRML3,2018-03-16,2018-03-16,2019-03-27,0.0819234194122884,0.0826623980638612,-0.0007389786515727,False,False,False,False
19909,2019,2020,0.9109,126529,159034,BRML3,2021-04-09,2021-04-09,2022-04-13,-0.1167002012072434,-0.0075460249392579,-0.1091541762679855,False,False,False,False
19992,2015,2016,0.9514,109906,116359,TOTS3,2017-02-22,2017-02-22,2018-03-06,0.21400000044856,0.2487765264533736,-0.0347765260048136,False,False,False,False
19992,2016,2017,0.9596,116359,116957,TOTS3,2018-02-07,2018-02-07,2019-02-18,0.1414141414141414,0.1660469128114643,-0.0246327713973228,False,False,False,False
19992,2017,2018,0.9584,116957,128921,TOTS3,2019-02-13,2019-02-13,2020-02-18,1.5974842764150945,0.199649633147751,1.3978346432673434,True,False,False,False
19992,2018,2019,0.8989,128921,123534,TOTS3,2020-02-12,2020-02-12,2021-02-22,0.2815051022042738,-0.0343383835829889,0.3158434857872627,False,False,False,False
19992,2019,2020,0.8872,123534,213703,TOTS3,2022-02-16,2022-02-16,2023-02-17,-0.0561576354679803,-0.0521269359212612,-0.004030699546719,False,False,False,False
19992,2020,2021,0.9359,213703,181205,TOTS3,2022-02-16,2022-02-16,2023-02-17,-0.0561576354679803,-0.0521269359212612,-0.004030699546719,False,False,False,False
19992,2021,2022,0.818,181205,172361,TOTS3,2023-02-14,2023-02-14,2024-02-22,0.0650134048257373,0.207621576909379,-0.1426081720836416,False,False,False,False
19992,2022,2023,0.9534,172361,170859,TOTS3,2024-02-07,2024-02-07,2025-02-10,0.0316590563165906,-0.0336905992232391,0.0653496555398297,False,False,False,False
19992,2023,2024,0.9128,170859,168984,TOTS3,2025-02-12,2025-02-12,2026-02-18,0.161875945537065,0.4955458750230441,-0.333669929485979,False,False,False,False
20010,2015,2016,0.7845,278708,284258,EQTL3,2017-09-23,2017-09-25,2018-10-03,-0.0319253431564363,0.1186124023218688,-0.1505377454783052,False,False,False,False
20010,2016,2017,0.9496,284258,325960,EQTL3,2018-03-09,2018-03-09,2019-03-20,0.1331938633438969,0.1351136909771415,-0.0019198276332446,False,False,False,False
20010,2017,2018,0.8742,325960,340185,EQTL3,2019-04-12,2019-04-12,2020-04-17,0.2069622669560882,-0.1494988963660835,0.3564611633221717,False,False,False,False
20010,2018,2019,0.609,340185,52219,EQTL3,2020-05-23,2020-05-25,2021-05-31,0.2682051284516715,0.473390177471193,-0.2051850490195215,False,False,False,False
20010,2019,2020,0.8083,52219,427087,EQTL3,2021-03-24,2021-03-24,2022-03-29,0.3116079926348281,0.0709413060496846,0.2406666865851434,False,False,False,False
20010,2020,2021,0.9737,427087,621707,EQTL3,2022-03-31,2022-03-31,2023-04-03,-0.0121278942451945,-0.1541097388708244,0.1419818446256299,False,False,False,False
20010,2021,2022,0.9614,621707,530309,EQTL3,2023-03-29,2023-03-29,2024-04-04,0.2194505804710287,0.251835891281599,-0.0323853108105702,False,False,False,False
20010,2022,2023,0.6795,530309,50012,EQTL3,2024-03-25,2024-03-25,2025-03-27,-0.0105538156327523,0.0489813912972094,-0.0595352069299618,False,False,False,False
20010,2023,2024,0.6783,50012,557233,EQTL3,2025-04-01,2025-04-01,2026-04-06,0.2553521563760472,0.4347377669794015,-0.1793856106033542,False,False,False,False
20087,2015,2016,0.8457,65992,322208,EMBJ3,2017-03-09,2017-03-09,2018-03-19,0.0735140771637121,0.2992608371914134,-0.2257467600277012,False,False,False,False
20087,2016,2017,0.9963,322208,316644,EMBJ3,2018-03-08,2018-03-08,2019-03-19,-0.0621686746987951,0.1718400543345435,-0.2340087290333387,False,False,False,False
20087,2017,2018,0.8548,316644,78964,EMBJ3,2019-03-14,2019-03-14,2020-03-18,-0.5194252261841406,-0.3215843630935533,-0.1978408630905872,False,False,False,False
20087,2018,2019,0.8671,78964,330717,EMBJ3,2020-03-26,2020-03-26,2021-04-05,0.4471865745310956,0.5122758225939992,-0.0650892480629035,False,False,False,False
20087,2019,2020,0.8691,330717,101068,EMBJ3,2021-03-19,2021-03-19,2022-03-24,0.0578911095796002,0.0243614826093399,0.0335296269702602,False,False,False,False
20087,2020,2021,0.8645,101068,340386,EMBJ3,2022-03-09,2022-03-09,2023-03-10,0.1529126213592233,-0.0902731282452712,0.2431857496044945,False,False,False,False
20087,2021,2022,0.8502,340386,129294,EMBJ3,2023-03-10,2023-03-10,2024-03-15,0.5315789473684212,0.2231616646496466,0.3084172827187745,False,False,False,False
20087,2022,2023,0.8257,129294,257269,EMBJ3,2024-03-18,2024-03-18,2025-03-20,1.4961187985150186,0.0393899594326079,1.456728839082411,True,False,False,False
20087,2023,2024,0.9868,257269,269817,EMBJ3,2025-02-27,2025-02-27,2026-03-05,0.2650217706821478,0.4460364092777695,-0.1810146385956217,False,False,False,False
20257,2015,2016,0.0003,258604,249428,TAEE11,2017-03-10,2017-03-10,2018-03-20,-0.1112080244221543,0.3013251084723634,-0.4125331328945177,False,False,False,False
20257,2016,2017,0.0005,249428,227939,TAEE11,2018-05-17,2018-05-17,2019-05-28,0.3561643835616437,0.1527207868269036,0.2034435967347401,False,False,False,False
20257,2017,2018,0.9466,227939,248703,TAEE11,2019-04-11,2019-04-11,2020-04-16,0.0675889328063241,-0.1788074892327239,0.2463964220390481,False,False,False,False
20257,2018,2019,0.9426,248703,263475,TAEE11,2020-03-12,2020-03-12,2021-03-19,0.2906685734715768,0.601233519966857,-0.3105649464952802,False,False,False,False
20257,2019,2020,0.9076,263475,254827,TAEE11,2021-03-03,2021-03-03,2022-03-08,0.3008130081300812,0.0001753850263459,0.3006376231037353,False,False,False,False
20257,2020,2021,0.933,254827,224490,TAEE11,2022-02-18,2022-02-18,2023-02-23,-0.0543766578249338,-0.0468372344577,-0.0075394233672337,False,False,False,False
20257,2021,2022,0.9642,224490,224521,TAEE11,2023-03-15,2023-03-15,2024-03-20,-0.0348993288590603,0.2576017928336327,-0.292501121692693,False,False,False,False
20257,2022,2023,0.9649,224521,228647,TAEE11,2024-03-06,2024-03-06,2025-03-10,-0.0320531331215708,-0.0339114143872657,0.0018582812656948,False,False,False,False
20257,2023,2024,0.9616,228647,241460,TAEE11,2025-03-18,2025-03-18,2026-03-20,0.1883003492433062,0.3403290503049521,-0.1520287010616459,False,False,False,False
20362,2015,2016,0.9168,169940,187744,POSI3,2017-03-16,2017-03-16,2018-03-26,-0.1487804878048779,0.2934656981264874,-0.4422461859313653,False,False,False,False
20362,2016,2017,0.8598,187744,166518,POSI3,2018-03-14,2018-03-14,2019-03-25,-0.3743315508021391,0.0884481707118665,-0.4627797215140056,False,False,False,False
20362,2017,2018,0.0728,166518,204393,POSI3,2019-03-27,2019-03-27,2020-03-31,0.5605381165919283,-0.2054727028597418,0.7660108194516702,True,False,False,False
20362,2018,2019,0.0619,204393,248272,POSI3,2020-03-04,2020-03-04,2021-03-11,-0.3432835820895522,0.0723676185040316,-0.4156512005935838,False,False,False,False
20362,2019,2020,0.7523,248272,198095,POSI3,2021-03-17,2021-03-17,2022-03-22,0.3892733564013839,0.0062033760093571,0.3830699803920268,False,False,False,False
20362,2020,2021,0.8942,198095,204073,POSI3,2022-03-30,2022-03-30,2023-03-31,-0.1758957654723127,-0.1528155386307107,-0.023080226841602,False,False,False,False
20362,2021,2022,0.9241,204073,206706,POSI3,2023-03-21,2023-03-21,2024-03-26,0.377845220030349,0.2560927613214225,0.1217524587089264,False,False,False,False
20362,2022,2023,0.8781,206706,237076,POSI3,2024-03-21,2024-03-21,2025-03-25,-0.3910550458715597,0.03050221300066,-0.4215572588722197,False,False,False,False
20362,2023,2024,0.0069,237076,277669,POSI3,2025-03-19,2025-03-19,2026-03-23,-0.2178770949720669,0.3729836097245118,-0.5908607046965788,True,False,False,False
20478,2015,2016,0.9596,175852,159590,PDGR3,2017-03-29,2017-03-29,2018-04-09,-0.2676056338028169,0.2713170143765386,-0.5389226481793555,True,False,False,False
20478,2016,2017,0.965,159590,170759,PDGR3,2018-03-29,2018-03-29,2019-04-09,-0.6,0.1279934202973658,-0.7279934202973658,True,False,False,False
20478,2017,2018,0.9698,170759,162950,PDGR3,2019-04-03,2019-04-03,2020-04-07,-0.5420827389443652,-0.1919050267812505,-0.3501777121631146,False,False,False,False
20478,2018,2019,0.9919,162950,166430,PDGR3,2020-03-30,2020-03-30,2021-04-07,0.3662440931166182,0.5758895962297701,-0.2096455031131519,False,False,False,False
20478,2019,2020,0.9866,166430,173827,PDGR3,2021-03-30,2021-03-30,2022-04-04,-0.7142857142857143,0.0379105905904568,-0.7521963048761712,True,False,False,False
20478,2020,2021,0.9848,173827,176677,PDGR3,2022-03-25,2022-03-25,2023-03-28,-0.966043165467626,-0.1502844321346296,-0.8157587333329963,True,False,False,False
20478,2021,2022,0.9942,176677,176737,PDGR3,2023-10-26,2023-10-26,2024-10-28,-0.9958847736625516,0.143197156639413,-1.1390819303019644,True,False,False,False
20478,2022,2023,0.9601,176737,191672,PDGR3,2024-03-28,2024-03-28,2025-04-01,-0.9769696969696968,0.0237396189564744,-1.0007093159261715,True,False,False,False
20478,2023,2024,0.9909,191672,190729,PDGR3,2025-03-31,2025-03-31,2026-04-02,-0.9892105263157894,0.4436717648473194,-1.432882291163109,True,False,False,False
20494,2015,2016,0.9907,146982,149845,IGTA3,2017-02-21,2017-02-21,2018-03-05,0.2333540759178594,0.2457684800531541,-0.0124144041352947,False,False,False,False
20494,2016,2017,0.9496,149845,164337,IGTA3,2018-02-27,2018-02-27,2019-03-08,0.0478589420654911,0.0969617223999785,-0.0491027803344874,False,False,False,False
20494,2017,2018,0.951,164337,172716,IGTA3,2019-02-26,2019-02-26,2020-03-04,0.2095216191352347,0.0985804666888654,0.1109411524463692,False,False,False,False
20494,2018,2019,0.6071,172716,36811,IGTA3,2020-02-18,2020-02-18,2021-02-26,-0.429062613101701,-0.0429835280529287,-0.3860790850487723,False,False,False,False
20516,2017,2018,0.9388,57811,51169,SMTO3,2018-06-25,2018-06-25,2019-07-04,0.1098654708520179,0.4606323033412132,-0.3507668324891952,False,False,False,False
20516,2018,2019,0.4746,51169,158268,SMTO3,2019-06-24,2019-06-24,2020-06-29,-0.0181818181818181,-0.0619910584025639,0.0438092402207457,False,False,False,False
20516,2019,2020,0.4836,158268,70500,SMTO3,2020-06-29,2020-06-29,2021-07-05,0.8683683683683683,0.3257386117040362,0.5426297566643321,True,False,False,False
20516,2020,2021,0.4578,70500,106939,SMTO3,2021-06-21,2021-06-21,2022-06-24,0.0457793066948928,-0.2366666109671175,0.2824459176620103,False,False,False,False
20516,2021,2022,0.3423,106939,115479,SMTO3,2022-06-20,2022-06-20,2023-06-22,-0.1357466063348417,0.1910968429787605,-0.3268434493136022,False,False,False,False
20516,2022,2023,0.603,115479,114906,SMTO3,2023-06-19,2023-06-19,2024-06-21,-0.1372601279317699,0.0123760864544775,-0.1496362143862474,False,False,False,False
20516,2023,2024,0.3593,114906,92379,SMTO3,2024-06-17,2024-06-17,2025-06-20,-0.3739967897271268,0.150900561752578,-0.5248973514797048,True,False,False,False
20524,2015,2016,0.7477,87446,231817,EVEN3,2017-03-22,2017-03-22,2018-04-02,0.0744680851063828,0.3328818315230757,-0.2584137464166929,False,False,False,False
20524,2016,2017,0.9145,231817,119962,EVEN3,2018-03-26,2018-03-26,2019-04-04,0.0830324909747293,0.1319248127758765,-0.0488923218011472,False,False,False,False
20524,2017,2018,0.5221,119962,75383,EVEN3,2019-03-28,2019-03-28,2020-04-01,-0.075,-0.2481460221928544,0.1731460221928543,False,False,False,False
20524,2018,2019,0.5445,75383,129701,EVEN3,2020-03-30,2020-03-30,2021-04-07,0.4754335260115607,0.5758895962297701,-0.1004560702182093,False,False,False,False
20524,2023,2024,0.8706,154492,170053,EVEN3,2025-03-27,2025-03-27,2026-03-31,0.0947368421052632,0.4079128793924089,-0.3131760372871457,False,False,False,False
20605,2017,2018,0.8289,46042,40187,JHSF3,2019-02-21,2019-02-21,2020-02-28,2.3540669856459333,0.0746844162423927,2.2793825694035403,True,False,False,False
20605,2018,2019,0.8615,40187,51367,JHSF3,2020-02-13,2020-02-13,2021-02-23,-0.1245235069885641,-0.0037604268975914,-0.1207630800909727,False,False,False,False
20605,2019,2020,0.6711,51367,51548,JHSF3,2021-02-18,2021-02-18,2022-02-21,-0.2371967654986523,-0.062699115604774,-0.1744976498938782,False,False,False,False
20605,2020,2021,0.5781,51548,165459,JHSF3,2022-02-24,2022-02-24,2023-03-01,-0.2271914132379248,-0.0645853501693268,-0.1626060630685979,False,False,False,False
20605,2023,2024,0.6512,74304,160511,JHSF3,2025-03-28,2025-03-28,2026-04-01,1.3438256658595642,0.424941649940888,0.9188840159186762,True,False,False,False
20745,2015,2016,0.9423,75713,83581,SLCE3,2017-03-27,2017-03-27,2018-04-05,1.12238979104443,0.3250162226110777,0.7973735684333523,True,False,False,False
20745,2016,2017,0.9232,83581,95561,SLCE3,2018-03-07,2018-03-07,2019-03-18,0.2600000000093343,0.1697445882862842,0.09025541172305,False,False,False,False
20745,2017,2018,0.8788,95561,85476,SLCE3,2019-03-13,2019-03-13,2020-03-17,-0.0404819277236793,-0.2455580104643012,0.2050760827406219,False,False,False,False
20745,2018,2019,0.8598,85476,97670,SLCE3,2020-03-26,2020-03-26,2021-04-05,1.0471274686886902,0.5122758225939992,0.534851646094691,True,False,False,False
20745,2019,2020,0.4126,97670,193645,SLCE3,2021-03-17,2021-03-17,2022-03-22,0.290627996046972,0.0062033760093571,0.2844246200376148,False,False,False,False
20745,2020,2021,0.9389,193645,227183,SLCE3,2022-03-15,2022-03-15,2023-03-16,-0.0871212123211971,-0.050703703125846,-0.0364175091953511,False,False,False,False
20745,2021,2022,0.9209,227183,203893,SLCE3,2023-03-31,2023-03-31,2024-04-08,-0.0643123489478428,0.2647661711270468,-0.3290785200748897,False,False,False,False
20745,2022,2023,0.9635,203893,204503,SLCE3,2024-04-12,2024-04-12,2025-04-15,0.097837837931848,0.0261961288357581,0.0716417090960899,False,False,False,False
20745,2023,2024,0.9795,204503,236835,SLCE3,2025-03-25,2025-03-25,2026-03-27,0.1384364823164567,0.3747250368352774,-0.2362885545188207,False,False,False,False
20770,2015,2016,0.9745,76418,78661,EZTC3,2017-03-20,2017-03-20,2018-03-28,0.1212582449878816,0.2926727849446409,-0.1714145399567592,False,False,False,False
20770,2016,2017,0.9854,78661,83838,EZTC3,2018-03-16,2018-03-16,2019-03-27,0.0819327733241999,0.0826623980638612,-0.0007296247396613,False,False,False,False
20770,2017,2018,0.9087,83838,82093,EZTC3,2019-03-22,2019-03-22,2020-03-26,0.7710010029392862,-0.1709656409575275,0.9419666438968136,True,False,False,False
20770,2018,2019,0.9267,82093,94406,EZTC3,2020-03-19,2020-03-19,2021-03-26,0.1005291002822954,0.6797540822867243,-0.5792249820044288,True,False,False,False
20770,2021,2022,0.9529,79578,82585,EZTC3,2023-09-18,2023-09-18,2024-09-19,-0.3331795108509842,0.1254094554309344,-0.4585889662819186,False,False,False,False
20770,2022,2023,0.9464,82585,80812,EZTC3,2024-03-18,2024-03-18,2025-03-20,-0.064652567548733,0.0393899594326079,-0.1040425269813409,False,False,False,False
20770,2023,2024,0.9517,80812,86871,EZTC3,2025-03-13,2025-03-13,2026-03-17,0.2945186370527823,0.4359589296506423,-0.1414402925978599,False,False,False,False
20788,2015,2016,0.9816,285466,325031,MBRF3,2017-02-23,2017-02-23,2018-03-07,-0.0540098199672668,0.2671477714882542,-0.321157591455521,False,False,False,False
20788,2016,2017,0.9669,325031,265489,MBRF3,2018-03-27,2018-03-27,2019-04-05,0.1829484902309057,0.158697404366287,0.0242510858646187,False,False,False,False
20788,2017,2018,0.5382,265489,54605,MBRF3,2019-02-27,2019-02-27,2020-03-05,1.1988847583643123,0.0506219933528118,1.1482627650115005,True,False,False,False
20788,2018,2019,0.5457,54605,218863,MBRF3,2020-02-19,2020-02-19,2021-03-01,0.0407272727272727,-0.0530629707443339,0.0937902434716067,False,False,False,False
20788,2019,2020,0.9757,218863,233895,MBRF3,2021-04-08,2021-04-08,2022-04-12,0.1445118587975733,-0.018310462828206,0.1628223216257793,False,False,False,False
20788,2020,2021,0.972,233895,242469,MBRF3,2022-03-08,2022-03-08,2023-03-09,-0.6784080512351327,-0.055144512153175,-0.6232635390819576,True,False,False,False
20788,2021,2022,0.8915,242469,305067,MBRF3,2023-03-01,2023-03-01,2024-03-06,0.4725808882788544,0.2347620584516865,0.2378188298271679,False,False,False,False
20788,2022,2023,0.9668,305067,312502,MBRF3,2024-03-27,2024-03-27,2025-03-31,0.9759299781181616,0.0201183140938621,0.9558116640242996,True,False,False,False
20788,2023,2024,0.9791,312502,305504,MBRF3,2025-02-26,2025-02-26,2026-03-04,0.3984206748025845,0.4856805043508103,-0.0872598295482258,False,False,False,False
20915,2015,2016,0.6752,22403,36039,MRVE3,2017-03-13,2017-03-13,2018-03-21,0.0426666666666666,0.2966734976951,-0.2540068310284333,False,False,False,False
20915,2016,2017,0.7648,36039,38207,MRVE3,2018-03-08,2018-03-08,2019-03-19,0.0679760447758488,0.1718400543345435,-0.1038640095586946,False,False,False,False
20915,2017,2018,0.662,38207,30012,MRVE3,2019-02-28,2019-02-28,2020-03-06,0.2729948491537897,0.0252386504694543,0.2477561986843353,False,False,False,False
20915,2018,2019,0.3238,30012,188638,MRVE3,2020-03-02,2020-03-02,2021-03-09,-0.1816770186335403,0.0441285097171968,-0.2258055283507372,False,False,False,False
20915,2019,2020,0.4505,188638,30164,MRVE3,2021-03-04,2021-03-04,2022-03-09,-0.2634730538922155,0.0107389136071052,-0.2742119674993207,False,False,False,False
20915,2020,2021,0.4928,30164,228525,MRVE3,2023-07-06,2023-07-06,2024-07-10,-0.4539829853054911,0.0833934990381153,-0.5373764843436064,True,False,False,False
20915,2021,2022,0.847,228525,244689,MRVE3,2023-07-06,2023-07-06,2024-07-10,-0.4539829853054911,0.0833934990381153,-0.5373764843436064,True,False,False,False
20915,2022,2023,0.9587,244689,230464,MRVE3,2024-02-29,2024-02-29,2025-02-28,-0.4081364829396325,-0.048216780620558,-0.3599197023190745,False,False,False,False
20915,2023,2024,0.9656,230464,230495,MRVE3,2025-02-24,2025-02-24,2026-03-02,0.8710280373831776,0.509608745932461,0.3614192914507166,False,False,False,False
20931,2015,2016,0.8942,66599,60951,BEEF3,2017-02-23,2017-02-23,2018-03-07,-0.2099447513812156,0.2671477714882542,-0.4770925228694698,False,False,False,False
20931,2016,2017,0.3658,60951,175902,BEEF3,2018-03-05,2018-03-05,2019-03-14,-0.2645161290322582,0.1462616377536056,-0.4107777667858638,False,False,False,False
20931,2017,2018,0.4026,175902,50551,BEEF3,2019-03-12,2019-03-12,2020-03-16,0.0263929618768326,-0.2725188271704949,0.2989117890473275,False,False,False,False
20931,2018,2019,0.4812,50551,182346,BEEF3,2020-02-18,2020-02-18,2021-02-26,-0.2239999999999999,-0.0429835280529287,-0.1810164719470712,False,False,False,False
20931,2019,2020,0.4642,182346,54110,BEEF3,2021-02-25,2021-02-25,2022-03-02,0.1821086261980831,0.0259873917166029,0.1561212344814802,False,False,False,False
20931,2020,2021,0.4837,54110,201620,BEEF3,2022-02-23,2022-02-23,2023-02-28,0.1228939544103073,-0.0631714220132008,0.1860653764235081,False,False,False,False
20931,2021,2022,0.9841,201620,209217,BEEF3,2023-02-23,2023-02-23,2024-02-29,-0.4228813559322033,0.1991502782665803,-0.6220316341987837,True,False,False,False
20931,2022,2023,0.989,209217,213742,BEEF3,2024-03-25,2024-03-25,2025-03-27,-0.1592797783933518,0.0489813912972094,-0.2082611696905613,False,False,False,False
20931,2023,2024,0.9763,213742,233879,BEEF3,2025-03-19,2025-03-19,2026-03-23,-0.1957496098014727,0.3729836097245118,-0.5687332195259845,True,False,False,False
20982,2015,2016,0.9434,250686,228745,MULT3,2017-03-09,2017-03-09,2018-03-19,0.0358688928571429,0.2992608371914134,-0.2633919443342705,False,False,False,False
20982,2016,2017,0.9941,228745,247081,MULT3,2018-02-28,2018-02-28,2019-03-11,0.0632478632478632,0.148476824466317,-0.0852289612184538,False,False,False,False
20982,2017,2018,0.9188,247081,345172,MULT3,2019-02-21,2019-02-21,2020-02-28,0.2281690140845069,0.0746844162423927,0.1534845978421142,False,False,False,False
20982,2018,2019,0.9972,345172,353296,MULT3,2020-02-17,2020-02-17,2021-02-25,-0.3987951807228915,-0.0264744066166504,-0.3723207741062411,False,False,False,False
20982,2019,2020,0.9966,353296,353263,MULT3,2021-02-11,2021-02-11,2022-02-16,0.0444964871194379,-0.0345254473539484,0.0790219344733864,False,False,False,False
20982,2020,2021,0.9986,353263,355992,MULT3,2022-02-10,2022-02-10,2023-02-13,0.0984141791044774,-0.0399699138476482,0.1383840929521257,False,False,False,False
20982,2021,2022,0.9969,355992,341236,MULT3,2023-02-09,2023-02-09,2024-02-19,0.1162991785559879,0.1946863219917405,-0.0783871434357526,False,False,False,False
20982,2022,2023,0.997,341236,324339,MULT3,2024-02-08,2024-02-08,2025-02-11,-0.1768807339449541,-0.0132218119106276,-0.1636589220343265,False,False,False,False
20982,2023,2024,0.9973,324339,325936,MULT3,2025-02-06,2025-02-06,2026-02-10,0.5107816711590296,0.4730022814861807,0.0377793896728488,False,False,False,False
20990,2015,2016,0.8748,68155,60601,AMER3,2017-02-20,2017-02-20,2018-03-02,0.9118717659985084,0.2513900631025758,0.6604817028959327,True,False,False,False
20990,2016,2017,0.8849,60601,67102,AMER3,2018-03-07,2018-03-07,2019-03-18,0.9439551644646786,0.1697445882862842,0.7742105761783944,True,False,False,False
20990,2017,2018,0.8527,67102,74164,AMER3,2019-03-20,2019-03-20,2020-03-24,0.1110692411476594,-0.2887767684192907,0.3998460095669501,False,False,False,False
20990,2018,2019,0.8604,74164,70868,AMER3,2020-02-21,2020-02-21,2021-03-03,0.050129419873774,-0.0219688533040585,0.0720982731778325,False,False,False,False
20990,2019,2020,0.3329,70868,148405,AMER3,2021-03-04,2021-03-04,2022-03-09,-0.6295999701004371,0.0107389136071052,-0.6403388837075423,True,False,False,False
20990,2020,2021,0.7195,148405,207710,AMER3,2022-02-24,2022-02-24,2023-03-01,-0.9688741721854304,-0.0645853501693268,-0.9042888220161036,True,False,False,False
20990,2021,2022,0.7884,207710,291459,AMER3,2023-11-16,2023-11-16,2024-11-14,-0.8892941176470588,0.0252918743727899,-0.9145859920198488,True,False,False,False
20990,2022,2023,0.7909,291459,263890,AMER3,2024-08-14,2024-08-14,2025-08-19,-0.8506060606060606,0.0083604827747503,-0.8589665433808109,True,False,False,False
20990,2023,2024,0.8707,263890,220497,AMER3,2025-03-26,2025-03-26,2026-03-30,-0.4220994475138121,0.3772616177693826,-0.7993610652831947,True,False,False,False
21016,2015,2016,0.9455,186174,196865,YDUQ3,2017-03-16,2017-03-16,2018-03-26,1.2584692597239648,0.2934656981264874,0.9650035615974776,True,False,False,False
21016,2016,2017,0.849,196865,162509,YDUQ3,2018-03-15,2018-03-15,2019-03-26,-0.2020958083832335,0.122204638741902,-0.3243004471251355,False,False,False,False
21016,2017,2018,0.8071,162509,171186,YDUQ3,2019-03-14,2019-03-14,2020-03-18,-0.1535971223021582,-0.3215843630935533,0.167987240791395,False,False,False,False
21016,2018,2019,0.9602,171186,159441,YDUQ3,2020-03-23,2020-03-23,2021-03-30,0.3352380952380951,0.8381369905939346,-0.5028988953558395,False,False,False,False
21016,2019,2020,0.6137,159441,184640,YDUQ3,2021-03-17,2021-03-17,2022-03-22,-0.3572923935799023,0.0062033760093571,-0.3634957695892594,False,False,False,False
21016,2020,2021,0.9621,184640,183354,YDUQ3,2022-03-15,2022-03-15,2023-03-16,-0.5982532751091703,-0.050703703125846,-0.5475495719833242,True,False,False,False
21016,2021,2022,0.9371,183354,175955,YDUQ3,2023-03-15,2023-03-15,2024-03-20,1.6222826086956523,0.2576017928336327,1.3646808158620196,True,False,False,False
21016,2022,2023,0.9689,175955,177752,YDUQ3,2024-03-14,2024-03-14,2025-03-18,-0.4314002828854314,0.0296402293774522,-0.4610405122628837,False,False,False,False
21016,2023,2024,0.9551,177752,186030,YDUQ3,2025-04-24,2025-04-24,2026-04-28,-0.3283683141503046,0.4015313370599278,-0.7298996512102325,True,False,False,False
21091,2015,2016,0.9825,139892,150339,DXCO3,2017-02-08,2017-02-08,2018-02-20,0.4409638553300155,0.323412055759662,0.1175517995703534,False,False,False,False
21091,2016,2017,0.9773,150339,168382,DXCO3,2018-02-05,2018-02-05,2019-02-14,0.2279116465979573,0.1973342890987648,0.0305773574991925,False,False,False,False
21091,2017,2018,0.9854,168382,178255,DXCO3,2019-02-13,2019-02-13,2020-02-18,0.4656301144951345,0.199649633147751,0.2659804813473834,False,False,False,False
21091,2018,2019,0.9513,178255,173990,DXCO3,2020-02-12,2020-02-12,2021-02-22,0.1259124084928711,-0.0343383835829889,0.16025079207586,False,False,False,False
21091,2019,2020,0.9885,173990,180750,DXCO3,2021-02-08,2021-02-08,2022-02-11,-0.311726078778737,-0.0511628757967242,-0.2605632029820127,False,False,False,False
21091,2020,2021,0.2604,180750,171055,DXCO3,2022-02-09,2022-02-09,2023-02-10,-0.4559309851030723,-0.0389744426953997,-0.4169565424076725,False,False,False,False
21091,2021,2022,0.9857,171055,187329,DXCO3,2023-03-08,2023-03-08,2024-03-13,0.3024691357875324,0.2014798716579788,0.1009892641295535,False,False,False,False
21091,2022,2023,0.9929,187329,193791,DXCO3,2024-03-06,2024-03-06,2025-03-10,-0.2771535580435317,-0.0339114143872657,-0.2432421436562659,False,False,False,False
21091,2023,2024,0.9914,193791,217643,DXCO3,2025-03-12,2025-03-12,2026-03-16,-0.0703398927453018,0.4522069859159479,-0.5225468786612497,True,False,False,False
21237,2015,2016,0.9354,199633,210225,ENEV3,2017-09-16,2017-09-18,2018-09-26,-0.1133333333333332,0.0350800844474981,-0.1484134177808314,False,False,False,False
21237,2016,2017,0.668,210225,122755,ENEV3,2018-03-14,2018-03-14,2019-03-25,0.3582531458179128,0.0884481707118665,0.2698049751060463,False,False,False,False
21237,2017,2018,0.7018,122755,202899,ENEV3,2019-03-20,2019-03-20,2020-03-24,0.7483660130718957,-0.2887767684192907,1.0371427814911862,True,False,False,False
21237,2018,2019,0.9048,202899,193041,ENEV3,2020-04-10,2020-04-13,2021-04-20,0.8452689099798674,0.5229370354744836,0.3223318745053838,False,False,False,False
21237,2019,2020,0.8604,193041,172423,ENEV3,2021-03-10,2021-03-10,2022-03-15,-0.2418465416732315,-0.033847391419967,-0.2079991502532644,False,False,False,False
21237,2020,2021,0.9744,172423,195513,ENEV3,2022-03-21,2022-03-21,2023-03-22,-0.2120985810306198,-0.1371784638963283,-0.0749201171342914,False,False,False,False
21237,2021,2022,0.7096,195513,68956,ENEV3,2023-03-24,2023-03-24,2024-04-01,0.2039848197343454,0.2849477690162032,-0.0809629492818577,False,False,False,False
21237,2022,2023,0.7637,68956,222673,ENEV3,2024-03-14,2024-03-14,2025-03-18,-0.0094488188976377,0.0296402293774522,-0.0390890482750899,False,False,False,False
21237,2023,2024,0.7255,222673,180557,ENEV3,2025-03-20,2025-03-20,2026-03-24,0.9700315457413252,0.3831175651680993,0.5869139805732257,True,False,False,False
21350,2021,2022,0.8724,167901,216253,DIRR3,2023-10-26,2023-10-26,2024-10-28,0.7234762978711358,0.143197156639413,0.5802791412317228,True,False,False,False
21350,2022,2023,0.5173,216253,169927,DIRR3,2024-03-11,2024-03-11,2025-03-13,0.1818181817304174,-0.0038569320434659,0.1856751137738833,False,False,False,False
21350,2023,2024,0.8706,169927,184632,DIRR3,2025-03-10,2025-03-10,2026-03-12,0.3909724531666023,0.4398119393141853,-0.0488394861475829,False,False,False,False
21431,2015,2016,0.9646,163056,167185,HYPE3,2017-02-17,2017-02-17,2018-03-01,0.2840366972477064,0.2602181718776615,0.0238185253700449,False,False,False,False
21431,2016,2017,0.7905,167185,190590,HYPE3,2018-02-23,2018-02-23,2019-03-06,-0.2797619047619049,0.0793146181766193,-0.3590765229385242,False,False,False,False
21431,2017,2018,0.7408,190590,187252,HYPE3,2019-02-21,2019-02-21,2020-02-28,0.1868512110726645,0.0746844162423927,0.1121667948302718,False,False,False,False
21431,2018,2019,0.9499,187252,168298,HYPE3,2020-03-06,2020-03-06,2021-03-15,-0.1963654719838465,0.1719849541979801,-0.3683504261818267,False,False,False,False
21431,2019,2020,0.9733,168298,175869,HYPE3,2021-02-26,2021-02-26,2022-03-03,0.0164734594264797,0.0466249109262066,-0.0301514514997269,False,False,False,False
21431,2020,2021,0.9468,175869,188192,HYPE3,2022-02-24,2022-02-24,2023-03-01,0.2663393679042649,-0.0645853501693268,0.3309247180735918,False,False,False,False
21431,2021,2022,0.9626,188192,187877,HYPE3,2023-02-16,2023-02-16,2024-02-26,-0.2823224692423915,0.1788914755179711,-0.4612139447603627,False,False,False,False
21431,2022,2023,0.964,187877,188791,HYPE3,2024-03-13,2024-03-13,2025-03-17,-0.3968860164512338,0.0220920026826856,-0.4189780191339194,False,False,False,False
21431,2023,2024,0.9753,188791,189007,HYPE3,2025-03-20,2025-03-20,2026-03-24,0.1797829149875236,0.3831175651680993,-0.2033346501805757,False,False,False,False
21881,2015,2016,0.336,113258,51699,FLRY3,2017-03-09,2017-03-09,2018-03-19,0.3276945385388095,0.2992608371914134,0.028433701347396,False,False,False,False
21881,2016,2017,0.4438,51699,44536,FLRY3,2018-03-05,2018-03-05,2019-03-14,-0.2906574394514455,0.1462616377536056,-0.4369190772050512,False,False,False,False
21881,2017,2018,0.6636,44536,134395,FLRY3,2019-04-18,2019-04-18,2020-04-24,0.0669436750888037,-0.2035102993013404,0.2704539743901442,False,False,False,False
21881,2018,2019,0.8572,134395,114204,FLRY3,2020-02-19,2020-02-19,2021-03-01,-0.189746795642108,-0.0530629707443339,-0.1366838248977741,False,False,False,False
21881,2019,2020,0.5273,114204,58419,FLRY3,2021-02-25,2021-02-25,2022-03-02,-0.3377827215042572,0.0259873917166029,-0.3637701132208601,False,False,False,False
21881,2020,2021,0.5768,58419,125812,FLRY3,2022-03-17,2022-03-17,2023-03-20,-0.1631578514829201,-0.1074799650819937,-0.0556778864009264,False,False,False,False
21881,2021,2022,0.8953,125812,134847,FLRY3,2023-03-16,2023-03-16,2024-03-21,0.0754716983668566,0.2390292576975647,-0.1635575593307081,False,False,False,False
21881,2022,2023,0.7913,134847,134524,FLRY3,2024-03-07,2024-03-07,2025-03-11,-0.3156549520766772,-0.0376532572602597,-0.2780016948164175,False,False,False,False
21881,2023,2024,0.9088,134524,130569,FLRY3,2025-02-27,2025-02-27,2026-03-05,0.4415467625899283,0.4460364092777695,-0.0044896466878412,False,False,False,False
22187,2015,2016,0.5389,97150,28834,PRIO3,2017-03-28,2017-03-28,2018-04-06,0.3201970443349753,0.3121879566123071,0.0080090877226681,False,False,False,False
22187,2016,2017,0.6098,28834,102212,PRIO3,2020-11-03,2020-11-03,2021-11-10,2.9639222941720638,0.1040615771812603,2.859860716990803,True,False,False,False
22187,2019,2020,0.5666,143567,30212,PRIO3,2021-03-02,2021-03-02,2022-03-07,0.6079140889459553,0.0004810838821658,0.6074330050637895,True,False,False,False
22187,2020,2021,0.7308,30212,131354,PRIO3,2022-02-15,2022-02-15,2023-02-16,0.5631067961165048,-0.0425568009525186,0.6056635970690235,True,False,False,False
22349,2015,2016,0.9602,125951,119775,AZZA3,2017-03-08,2017-03-08,2018-03-16,0.6128617363344049,0.3116359245848374,0.3012258117495674,False,False,False,False
22349,2016,2017,0.7327,119775,155461,AZZA3,2018-03-07,2018-03-07,2019-03-18,-0.0031954887218045,0.1697445882862842,-0.1729400770080887,False,False,False,False
22349,2017,2018,0.4923,155461,155515,AZZA3,2019-02-20,2019-02-20,2020-02-27,0.1043895241608263,0.0666912079478949,0.0376983162129314,False,False,False,False
22349,2018,2019,0.9885,155515,158551,AZZA3,2020-05-08,2020-05-08,2021-05-14,1.0105515587529976,0.518511499956082,0.4920400587969156,True,False,False,False
22349,2021,2022,0.9266,240208,250988,AZZA3,2023-04-17,2023-04-17,2024-04-22,-0.2180584243139569,0.1844773513198567,-0.4025357756338137,False,False,False,False
22349,2022,2023,0.9079,250988,242411,AZZA3,2024-03-07,2024-03-07,2025-03-11,-0.5498978201634878,-0.0376532572602597,-0.5122445629032281,False,False,False,False
22349,2023,2024,0.7206,242411,233116,AZZA3,2025-03-11,2025-03-11,2026-03-13,0.0412410139992431,0.4384027347360297,-0.3971617207367865,False,False,False,False
22357,2015,2016,0.8613,98021,91451,ALOS3,2017-03-06,2017-03-06,2018-03-14,0.0991320237551391,0.29709350289269,-0.1979614791375508,False,False,False,False
22357,2016,2017,0.9938,91451,90656,ALOS3,2018-03-13,2018-03-13,2019-03-22,0.2196652719665273,0.0851005234312343,0.134564748535293,False,False,False,False
22357,2017,2018,0.9787,90656,89188,ALOS3,2019-04-08,2019-04-08,2020-04-13,-0.0911864406779661,-0.1903420472717834,0.0991556065938172,False,False,False,False
22357,2020,2022,0.6638,28077,230787,ALOS3,2023-03-30,2023-03-30,2024-04-05,0.3196675900277008,0.2225551266494365,0.0971124633782642,False,False,False,False
22357,2022,2023,0.8726,230787,259183,ALOS3,2024-03-20,2024-03-20,2025-03-24,-0.2259750703659027,0.0170115228806109,-0.2429865932465136,False,False,False,False
22357,2023,2024,0.7487,259183,249913,ALOS3,2025-03-17,2025-03-17,2026-03-19,0.5295629820051415,0.3778580117883765,0.151704970216765,False,False,False,False
22470,2020,2021,0.8512,202003,205280,MGLU3,2022-03-14,2022-03-14,2023-03-15,-0.2851782363330336,-0.0659722279077814,-0.2192060084252521,False,False,False,False
23264,2015,2016,0.952,246094,247864,ABEV3,2018-07-05,2018-07-05,2019-07-17,-0.0222826086956521,0.3930414123846828,-0.4153240210803349,False,False,False,False
23264,2016,2017,0.9701,247864,246386,ABEV3,2018-07-05,2018-07-05,2019-07-17,-0.0222826086956521,0.3930414123846828,-0.4153240210803349,False,False,False,False
23264,2017,2018,0.9565,246386,266938,ABEV3,2019-02-28,2019-02-28,2020-03-06,-0.1108531630876378,0.0252386504694543,-0.1360918135570922,False,False,False,False
23264,2018,2019,0.8826,266938,298503,ABEV3,2020-02-27,2020-02-27,2021-03-05,0.04,0.1186474532327994,-0.0786474532327994,False,False,False,False
23264,2019,2020,0.9521,298503,307327,ABEV3,2021-02-25,2021-02-25,2022-03-02,0.0247000705716302,0.0259873917166029,-0.0012873211449726,False,False,False,False
23264,2020,2021,0.9915,307327,309775,ABEV3,2022-02-24,2022-02-24,2023-03-01,-0.0923180592991913,-0.0645853501693268,-0.0277327091298644,False,False,False,False
23264,2021,2022,0.9904,309775,334134,ABEV3,2023-03-02,2023-03-02,2024-03-07,-0.0365575019040366,0.2420905136683924,-0.278648015572429,False,False,False,False
23264,2022,2023,0.9814,334134,333729,ABEV3,2024-02-29,2024-02-29,2025-02-28,-0.0286168521462638,-0.048216780620558,0.0195999284742941,False,False,False,False
23264,2023,2024,0.903,333729,330195,ABEV3,2025-02-26,2025-02-26,2026-03-04,0.3333333333333335,0.4856805043508103,-0.1523471710174768,False,False,False,False
23272,2015,2016,0.973,99236,108879,LOGG3,2019-10-10,2019-10-10,2020-10-16,0.31890756302521,-0.0344537410709989,0.353361304096209,False,False,False,False
23272,2016,2017,0.9792,108879,110783,LOGG3,2018-12-16,2018-12-21,2020-01-02,0.8485714285714288,0.3836294439196637,0.464941984651765,True,False,False,False
23272,2017,2018,0.3983,110783,17499,LOGG3,2019-02-11,2019-02-11,2020-02-14,0.7051705170517053,0.2114942755180409,0.4936762415336644,True,False,False,False
23272,2018,2019,0.7726,17499,17921,LOGG3,2020-02-18,2020-02-18,2021-02-26,0.0261374636979672,-0.0429835280529287,0.0691209917508959,False,False,False,False
23272,2019,2020,0.6161,17921,11443,LOGG3,2021-02-09,2021-02-09,2022-02-14,-0.1642411642411643,-0.0466422904452119,-0.1175988737959523,False,False,False,False
23310,2015,2016,0.9517,134257,160177,CVCB3,2017-02-15,2017-02-15,2018-02-27,0.9982206405357932,0.2789216362699664,0.7192990042658267,True,False,False,False
23310,2016,2017,0.1782,160177,27424,CVCB3,2018-02-08,2018-02-08,2019-02-19,0.1320651180994549,0.1977936904447832,-0.0657285723453282,False,False,False,False
23310,2017,2018,0.6233,27424,194984,CVCB3,2019-02-26,2019-02-26,2020-03-04,-0.6301484075701469,0.0985804666888654,-0.7287288742590123,True,False,False,False
23310,2018,2019,0.8582,194984,254857,CVCB3,2020-09-01,2020-09-01,2021-09-09,0.1241977832254861,0.1291335022061788,-0.0049357189806926,False,False,False,False
23310,2019,2020,0.7503,254857,186458,CVCB3,2021-03-26,2021-03-26,2022-03-31,-0.0828851189869709,0.0454659506108261,-0.128351069597797,False,False,False,False
23310,2020,2021,0.9591,186458,160966,CVCB3,2022-03-15,2022-03-15,2023-03-16,-0.6709613478691774,-0.050703703125846,-0.6202576447433313,True,False,False,False
23310,2021,2022,0.9528,160966,148084,CVCB3,2023-03-21,2023-03-21,2024-03-26,0.0062111801242235,0.2560927613214225,-0.249881581197199,False,False,False,False
23310,2022,2023,0.9688,148084,153258,CVCB3,2024-03-26,2024-03-26,2025-03-28,-0.3024691358024692,0.0397212678682881,-0.3421904036707573,False,False,False,False
23310,2023,2024,0.9012,153258,130346,CVCB3,2025-03-26,2025-03-26,2026-03-30,-0.1630901287553648,0.3772616177693826,-0.5403517465247475,True,False,False,False
24260,2016,2017,0.9849,144683,148703,SMFT3,2018-05-30,2021-07-14,2022-07-18,-0.662903225825346,-0.2452397468009993,-0.4176634790243466,False,False,False,False
24260,2017,2018,0.1695,148703,33846,SMFT3,2019-03-30,2021-07-14,2022-07-18,-0.662903225825346,-0.2452397468009993,-0.4176634790243466,False,False,False,False
24260,2018,2019,0.2161,33846,141456,SMFT3,2020-04-03,2021-07-14,2022-07-18,-0.662903225825346,-0.2452397468009993,-0.4176634790243466,False,False,False,False
24260,2019,2020,0.706,141456,144285,SMFT3,2021-03-25,2021-07-14,2022-07-18,-0.662903225825346,-0.2452397468009993,-0.4176634790243466,False,False,False,False
24260,2020,2021,0.7476,144285,185825,SMFT3,2022-03-17,2022-03-17,2023-03-20,-0.1746113990945328,-0.1074799650819937,-0.067131434012539,False,False,False,False
24260,2021,2022,0.9384,185825,159384,SMFT3,2023-05-30,2023-05-30,2024-06-04,0.265033407396003,0.1177881970353784,0.1472452103606245,False,False,False,False
24260,2022,2023,0.9263,159384,187207,SMFT3,2024-03-14,2024-03-14,2025-03-18,-0.2131276854888253,0.0296402293774522,-0.2427679148662775,False,False,False,False
24260,2023,2024,0.9653,187207,191667,SMFT3,2025-03-13,2025-03-13,2026-03-17,-0.0229077403262299,0.4359589296506423,-0.4588666699768723,False,False,False,False
24295,2016,2017,0.8197,134333,136177,VBBR3,2018-03-16,2018-03-16,2019-03-27,0.0358565737542944,0.0826623980638612,-0.0468058243095668,False,False,False,False
24295,2017,2018,0.8079,136177,156458,VBBR3,2019-02-26,2019-02-26,2020-03-04,0.0750507097055801,0.0985804666888654,-0.0235297569832853,False,False,False,False
24295,2018,2019,0.9598,156458,142984,VBBR3,2020-03-12,2020-03-12,2021-03-19,0.1784599377123314,0.601233519966857,-0.4227735822545255,False,False,False,False
24295,2019,2020,0.8445,142984,158698,VBBR3,2021-03-09,2021-03-09,2022-03-14,0.1113412742224884,-0.0126021035362957,0.1239433777587841,False,False,False,False
24295,2020,2021,0.6528,158698,164019,VBBR3,2022-03-22,2022-03-22,2023-03-23,-0.4625935162194678,-0.164967148291619,-0.2976263679278488,False,False,False,False
24295,2021,2022,0.822,164019,195753,VBBR3,2023-03-21,2023-03-21,2024-03-26,0.76140350810995,0.2560927613214225,0.5053107467885274,True,False,False,False
24295,2022,2024,0.9268,195753,210145,VBBR3,2025-02-24,2025-02-24,2026-03-02,0.8834476514733913,0.509608745932461,0.3738389055409303,False,False,False,False
24392,2020,2021,0.8378,209059,217573,HAPV3,2022-03-23,2022-03-23,2023-03-24,-0.8121869782971619,-0.1585943458280256,-0.6535926324691362,True,False,False,False
24392,2021,2022,0.7781,217573,264223,HAPV3,2023-02-28,2023-02-28,2024-03-05,-0.1648106904231626,0.2207734099620584,-0.385584100385221,False,False,False,False
24392,2022,2023,0.8746,264223,324172,HAPV3,2024-05-13,2024-05-13,2025-05-16,-0.3002481389578164,0.0860880814521254,-0.3863362204099418,False,False,False,False
24392,2023,2024,0.9527,324172,281857,HAPV3,2025-03-19,2025-03-19,2026-03-23,-0.7215325309664897,0.3729836097245118,-1.0945161406910016,True,False,False,False
24716,2018,2019,0.937,246585,211781,VAMO3,2020-01-31,2021-01-29,2022-02-03,0.5793880844582329,-0.0293011365932446,0.6086892210514775,True,False,False,False
24716,2019,2020,0.8816,211781,212272,VAMO3,2021-02-25,2021-02-25,2022-03-02,0.3165151071084078,0.0259873917166029,0.2905277153918049,False,False,False,False
24716,2020,2021,0.9729,212272,253353,VAMO3,2022-02-17,2022-02-17,2023-02-22,0.1971830983211899,-0.0561659065637097,0.2533490048848997,False,False,False,False
24716,2021,2022,0.9775,253353,285198,VAMO3,2023-02-13,2023-02-13,2024-02-21,-0.401536312806981,0.1947427181348311,-0.5962790309418121,True,False,False,False
24716,2022,2023,0.9822,285198,299377,VAMO3,2024-03-18,2024-03-18,2025-03-20,-0.4441002760980574,0.0393899594326079,-0.4834902355306654,False,False,False,False
24716,2023,2024,0.9628,299377,260804,VAMO3,2025-03-28,2025-03-28,2026-04-01,-0.189342286045034,0.424941649940888,-0.614283935985922,True,False,False,False
24805,2019,2020,0.7618,84383,91199,VIVA3,2021-03-17,2021-03-17,2022-03-22,0.090909090909091,0.0062033760093571,0.0847057148997338,False,False,False,False
24805,2020,2021,0.9157,91199,86379,VIVA3,2022-03-17,2022-03-17,2023-03-20,-0.1041162227602906,-0.1074799650819937,0.0033637423217031,False,False,False,False
24805,2021,2022,0.962,86379,90197,VIVA3,2023-03-16,2023-03-16,2024-03-21,0.108363309352518,0.2390292576975647,-0.1306659483450467,False,False,False,False
24805,2022,2023,0.9678,90197,88530,VIVA3,2024-03-20,2024-03-20,2025-03-24,-0.2955904334828101,0.0170115228806109,-0.312601956363421,False,False,False,False
24805,2023,2024,0.9216,88530,104463,VIVA3,2025-03-18,2025-03-18,2026-03-20,0.4352215367358385,0.3403290503049521,0.0948924864308864,False,False,False,False
24821,2018,2019,0.861,22045,25550,RDOR3,2020-11-16,2020-12-10,2021-12-20,-0.2756410256410255,-0.0878048318650192,-0.1878361937760063,False,False,False,False
24821,2019,2020,0.5385,25550,229665,RDOR3,2021-02-24,2021-02-24,2022-02-25,-0.2987762958889042,-0.0218370232401797,-0.2769392726487244,False,False,False,False
24821,2020,2021,0.9631,229665,229826,RDOR3,2022-03-29,2022-03-29,2023-03-30,-0.5679611650485437,-0.1358232948659312,-0.4321378701826124,False,False,False,False
24821,2021,2022,0.9201,229826,288032,RDOR3,2023-03-27,2023-03-27,2024-04-02,0.1936251189343483,0.2797022026684534,-0.0860770837341051,False,False,False,False
24821,2022,2023,0.9641,288032,329875,RDOR3,2024-03-26,2024-03-26,2025-03-28,0.1174873982163628,0.0397212678682881,0.0777661303480747,False,False,False,False
24821,2023,2024,0.9914,329875,346702,RDOR3,2025-03-10,2025-03-10,2026-03-12,0.3485342019543973,0.4398119393141853,-0.0912777373597879,False,False,False,False
24848,2018,2019,0.9068,170491,158338,CEAB3,2020-03-23,2020-03-23,2021-03-30,0.9216666666666666,0.8381369905939346,0.0835296760727319,False,False,False,False
24848,2019,2020,0.9705,158338,166342,CEAB3,2021-03-18,2021-03-18,2022-03-23,-0.5089201877934272,0.0228318908197584,-0.5317520786131856,True,False,False,False
24848,2020,2021,0.9528,166342,189802,CEAB3,2022-03-10,2022-03-10,2023-03-13,-0.3126385809312638,-0.0927457302997023,-0.2198928506315615,False,False,False,False
24848,2021,2022,0.1027,189802,39205,CEAB3,2023-03-01,2023-03-01,2024-03-06,3.8814432989690726,0.2347620584516865,3.646681240517386,True,False,False,False
24848,2022,2023,0.781,39205,34509,CEAB3,2024-02-28,2024-02-28,2025-02-27,0.096774193548387,-0.0411544105382309,0.137928604086618,False,False,False,False
24910,2018,2019,0.9697,184589,136793,LWSA3,2020-03-25,2020-03-25,2021-04-01,5.484807562457799,0.5376216870874304,4.947185875370368,True,False,False,False
24910,2019,2020,0.9494,136793,152848,LWSA3,2021-03-24,2021-03-24,2022-03-29,-0.5825726141078837,0.0709413060496846,-0.6535139201575684,True,False,False,False
24910,2020,2021,0.8221,152848,182097,LWSA3,2022-03-29,2022-03-29,2023-03-30,-0.5159045725646123,-0.1358232948659312,-0.380081277698681,False,False,False,False
24910,2021,2022,0.969,182097,162672,LWSA3,2023-03-23,2023-03-23,2024-03-28,0.1428571428571428,0.3081883791429354,-0.1653312362857926,False,False,False,False
24910,2022,2023,0.9633,162672,161548,LWSA3,2024-03-20,2024-03-20,2025-03-24,-0.563973063973064,0.0170115228806109,-0.5809845868536749,True,False,False,False
24910,2023,2024,0.7823,161548,151375,LWSA3,2025-03-13,2025-03-13,2026-03-17,0.3393501805054151,0.4359589296506423,-0.0966087491452272,False,False,False,False
24929,2018,2019,0.9493,168632,181852,TIMS3,2020-03-06,2020-03-06,2021-03-15,-0.1912936848559165,0.1719849541979801,-0.3632786390538967,False,False,False,False
24929,2019,2020,0.9422,181852,199087,TIMS3,2021-02-09,2021-02-09,2022-02-14,0.0146198830409356,-0.0466422904452119,0.0612621734861476,False,False,False,False
24929,2020,2021,0.9349,199087,214990,TIMS3,2022-02-25,2022-02-25,2023-03-02,-0.112417340191036,-0.0867611957157531,-0.0256561444752828,False,False,False,False
24929,2021,2022,0.9061,214990,241664,TIMS3,2023-02-09,2023-02-09,2024-02-19,0.6170212765957446,0.1946863219917405,0.422334954604004,False,False,False,False
24929,2022,2023,0.9615,241664,238813,TIMS3,2024-02-06,2024-02-06,2025-02-07,-0.1378169790518192,-0.044449271720692,-0.0933677073311272,False,False,False,False
24929,2023,2024,0.9749,238813,213057,TIMS3,2025-02-10,2025-02-10,2026-02-12,0.7871130764371446,0.4952911804010791,0.2918218960360654,False,False,False,False
25100,2019,2020,0.9534,125374,142105,CURY3,2021-03-22,2021-03-22,2022-03-25,-0.1679144385026737,0.0356784716773153,-0.203592910179989,False,False,False,False
25100,2020,2021,0.9849,142105,141395,CURY3,2022-03-24,2022-03-24,2023-03-27,0.7033557046979864,-0.162805260283012,0.8661609649809984,True,False,False,False
25100,2021,2022,0.9983,141395,148302,CURY3,2023-09-14,2023-09-14,2024-09-17,0.5692307692307692,0.1303998482304651,0.4388309210003041,False,False,False,False
25100,2022,2023,0.9974,148302,149829,CURY3,2024-03-11,2024-03-11,2025-03-13,0.1444614599285349,-0.0038569320434659,0.1483183919720009,False,False,False,False
25100,2023,2024,0.9951,149829,154169,CURY3,2025-03-11,2025-03-11,2026-03-13,0.6724057701256398,0.4384027347360297,0.2340030353896101,False,False,False,False
25232,2019,2020,0.9766,20429,17776,CASH3,2021-03-31,2021-03-31,2022-04-05,-0.3560975609756097,0.019303422715146,-0.3754009836907558,False,False,False,False
25232,2020,2021,0.4175,17776,131926,CASH3,2022-03-29,2022-03-29,2023-03-30,-0.6174242424242424,-0.1358232948659312,-0.4816009475583112,False,False,False,False
25232,2021,2022,0.8961,131926,147919,CASH3,2023-09-21,2023-09-21,2024-09-24,-0.3095623987034036,0.1378509889142929,-0.4474133876176965,False,False,False,False
25232,2022,2023,0.9772,147919,130876,CASH3,2024-03-13,2024-03-13,2025-03-17,-0.5761511216056672,0.0220920026826856,-0.5982431242883528,True,False,False,False
25291,2019,2020,0.4381,155584,126181,BRAV3,2021-03-17,2021-03-17,2022-03-22,-0.1551761873495295,0.0062033760093571,-0.1613795633588867,False,False,False,False
25291,2020,2021,0.715,126181,161236,BRAV3,2022-02-22,2022-02-22,2023-02-27,0.0842105263157895,-0.063607365636831,0.1478178919526205,False,False,False,False
25291,2021,2022,0.4343,161236,65214,BRAV3,2023-03-08,2023-03-08,2024-03-13,-0.0968547178112273,0.2014798716579788,-0.2983345894692062,False,False,False,False
25291,2022,2023,0.7331,65214,110820,BRAV3,2024-03-07,2024-03-07,2025-03-11,-0.385239852398524,-0.0376532572602597,-0.3475865951382643,False,False,False,False
25291,2023,2024,0.3089,110820,256422,BRAV3,2025-03-20,2025-03-20,2026-03-24,-0.0256690333151282,0.3831175651680993,-0.4087865984832276,False,False,False,False
25372,2021,2022,0.9266,156737,140481,ASAI3,2023-02-15,2023-02-15,2024-02-23,-0.2341311134235171,0.1808263201123647,-0.4149574335358819,False,False,False,False
25372,2022,2023,0.7968,140481,139138,ASAI3,2024-02-21,2024-02-21,2025-02-20,-0.5125698324022346,-0.0186954584417108,-0.4938743739605238,False,False,False,False
25372,2023,2024,0.9025,139138,151774,ASAI3,2025-02-20,2025-02-20,2026-02-26,0.3538681948424067,0.4968977413739026,-0.1430295465314959,False,False,False,False
25585,2019,2020,0.9583,62793,98335,CMIN3,2021-02-22,2021-02-22,2022-02-23,-0.3401506996770721,-0.0058587332483045,-0.3342919664287676,False,False,False,False
25585,2020,2021,0.529,98335,150295,CMIN3,2022-03-09,2022-03-09,2023-03-10,-0.2921013412816691,-0.0902731282452712,-0.2018282130363978,False,False,False,False
25585,2021,2022,0.9198,150295,160295,CMIN3,2023-03-08,2023-03-08,2024-03-13,0.1456692913385826,0.2014798716579788,-0.0558105803193962,False,False,False,False
25585,2022,2023,0.978,160295,154934,CMIN3,2024-03-06,2024-03-06,2025-03-10,-0.0887772194304856,-0.0339114143872657,-0.0548658050432199,False,False,False,False
25585,2023,2024,0.9212,154934,170870,CMIN3,2025-04-01,2025-04-01,2026-04-06,-0.2013093289689035,0.4347377669794015,-0.636047095948305,True,False,False,False
25780,2020,2021,0.6147,25473,138681,RECV3,2022-06-02,2022-06-02,2023-06-06,-0.367840626111704,0.0197271340336324,-0.3875677601453364,False,False,False,False
25780,2021,2022,0.8069,138681,142183,RECV3,2023-03-22,2023-03-22,2024-03-27,0.1039770004791567,0.2740951638400197,-0.170118163360863,False,False,False,False
25917,2020,2021,0.9874,228709,232901,RAIZ4,2021-05-31,2021-08-05,2022-08-09,-0.3204419889502763,-0.1067299050290003,-0.2137120839212759,False,False,False,False
25917,2021,2022,0.736,232901,286328,RAIZ4,2022-05-13,2022-05-13,2023-05-17,-0.3384912959381044,0.0237155898693821,-0.3622068858074866,False,False,False,False
25917,2022,2023,0.9177,286328,316716,RAIZ4,2023-05-12,2023-05-12,2024-05-16,-0.0820668693009119,0.1827316827432994,-0.2647985520442113,False,False,False,False
25917,2023,2024,0.9869,316716,332149,RAIZ4,2024-05-13,2024-05-13,2025-05-16,-0.4261744966442953,0.0860880814521254,-0.5122625780964207,False,False,False,False
26620,2021,2022,0.7263,240293,249732,AURE3,2023-02-16,2023-02-16,2024-02-26,-0.1541501976284585,0.1788914755179711,-0.3330416731464296,False,False,False,False
26620,2022,2023,0.944,249732,202714,AURE3,2024-02-09,2024-02-09,2025-02-12,-0.3677717810331535,-0.0284746734444724,-0.3392971075886811,False,False,False,False
26620,2023,2024,0.8918,202714,236611,AURE3,2025-02-24,2025-02-24,2026-03-02,0.3421658986175115,0.509608745932461,-0.1674428473149494,False,False,False,False
27707,2023,2024,0.5388,182887,268218,AMOB3,2025-03-25,2025-03-25,2026-03-27,-0.1207407407407408,0.3747250368352774,-0.4954657775760183,False,False,False,False
