cd_cvm,year_curr,ticker,window_start,window_end,TextChange,cosine_similarity,BHAR_raw,BHAR_ajustado
2437,2011,AXIA3,2012-04-17,2013-04-26,0.09299999999999997,0.907,-0.46981008380920175,-0.46981008380920175
2437,2012,AXIA3,2013-04-12,2014-04-16,0.06010000000000004,0.9399,1.6769257624500487,1.6769257624500487
2437,2013,AXIA3,2014-04-03,2015-04-10,0.07320000000000004,0.9268,-0.057335485513304474,-0.057335485513304474
2437,2014,AXIA3,2015-04-09,2016-04-19,0.048799999999999955,0.9512,0.28169757482785274,0.28169757482785274
2437,2015,AXIA3,2016-03-31,2017-04-03,0.05410000000000004,0.9459,0.009861916039992868,0.009861916039992868
2437,2018,AXIA3,2019-03-27,2020-03-31,0.08699999999999997,0.913,0.19770448805141494,0.19770448805141494
2437,2019,AXIA3,2020-03-27,2021-04-06,0.14559999999999995,0.8544,-0.13781134291256614,-0.13781134291256614
2437,2020,AXIA3,2021-03-19,2022-03-24,0.05730000000000002,0.9427,0.06949277925000685,0.06949277925000685
2437,2021,AXIA3,2022-03-18,2023-03-21,0.05569999999999997,0.9443,-0.09538890350990137,-0.09538890350990137
2437,2022,AXIA3,2023-03-13,2024-03-18,0.16590000000000005,0.8341,-0.08580191330556175,-0.08580191330556175
2437,2023,AXIA3,2024-05-14,2025-05-19,0.3647,0.6353,0.17515675334558534,0.17515675334558534
2437,2024,AXIA3,2025-03-17,2026-03-19,0.3719,0.6281,0.39399483382251765,0.39399483382251765
2453,2011,CMIG4,2012-03-28,2013-04-09,0.047900000000000054,0.9521,-0.4933423283044074,-0.4933423283044074
2453,2012,CMIG4,2013-04-16,2014-04-22,0.04630000000000001,0.9537,0.05176296982892348,0.05176296982892348
2453,2013,CMIG4,2014-04-04,2015-04-13,0.03210000000000002,0.9679,-0.09423266227755578,-0.09423266227755578
2453,2014,CMIG4,2015-03-27,2016-04-07,0.03090000000000004,0.9691,-0.3782775862033513,-0.3782775862033513
2453,2015,CMIG4,2016-11-14,2017-11-21,0.0504,0.9496,-0.3185660421174312,-0.3185660421174312
2453,2016,CMIG4,2017-04-11,2018-04-20,0.04710000000000003,0.9529,-0.36219742701373103,-0.36219742701373103
2453,2017,CMIG4,2018-03-29,2019-04-09,0.05610000000000004,0.9439,1.3157113341912727,1.3157113341912727
2453,2018,CMIG4,2019-04-01,2020-04-03,0.44420000000000004,0.5558,-0.3373674047505201,-0.3373674047505201
2453,2019,CMIG4,2020-04-01,2021-04-09,0.4383,0.5617,0.04852025496422363,0.04852025496422363
2453,2020,CMIG4,2021-03-30,2022-04-04,0.044300000000000006,0.9557,0.3868497627593859,0.3868497627593859
2453,2021,CMIG4,2022-03-29,2023-03-30,0.045599999999999974,0.9544,-0.1049992626695524,-0.1049992626695524
2453,2022,CMIG4,2023-03-27,2024-04-02,0.04800000000000004,0.952,-0.35769713298169725,-0.35769713298169725
2453,2023,CMIG4,2024-03-21,2025-03-25,0.04179999999999995,0.9582,0.34254670035242807,0.34254670035242807
2453,2024,CMIG4,2025-03-21,2026-03-25,0.029900000000000038,0.9701,-0.3418857606494887,-0.3418857606494887
2461,2014,CLSC4,2015-03-27,2016-04-07,0.20130000000000003,0.7987,-0.10746697945960204,-0.10746697945960204
2461,2017,CLSC4,2018-04-16,2019-05-10,0.11260000000000003,0.8874,0.3355201732340576,0.3355201732340576
2461,2018,CLSC4,2019-04-18,2020-05-05,0.07250000000000001,0.9275,-0.4345010013267663,-0.4345010013267663
2461,2019,CLSC4,2020-03-27,2021-04-08,0.05159999999999998,0.9484,-0.010744484613589678,-0.010744484613589678
2461,2020,CLSC4,2021-03-12,2022-03-17,0.06259999999999999,0.9374,0.3035705256425705,0.3035705256425705
2461,2021,CLSC4,2022-03-11,2023-03-14,0.03080000000000005,0.9692,-0.43451670048341584,-0.43451670048341584
2461,2022,CLSC4,2023-03-29,2024-04-04,0.03149999999999997,0.9685,0.2664692722339592,0.2664692722339592
2461,2023,CLSC4,2024-03-28,2025-04-01,0.03959999999999997,0.9604,-0.13961079683015987,-0.13961079683015987
2577,2011,CESP6,2012-03-22,2013-04-03,0.14390000000000003,0.8561,-0.5382742504087131,-0.5382742504087131
2577,2012,CESP6,2013-03-22,2014-03-27,0.057699999999999974,0.9423,0.7124023708283036,0.7124023708283036
2577,2013,CESP6,2014-03-21,2015-03-27,0.051000000000000045,0.949,-0.2617413611331215,-0.2617413611331215
2577,2014,CESP6,2015-03-27,2016-04-07,0.042200000000000015,0.9578,-0.215534514403531,-0.215534514403531
2577,2015,CESP6,2016-03-24,2017-03-28,0.07809999999999995,0.9219,0.0010653186431344164,0.0010653186431344164
2577,2016,CESP6,2017-03-24,2018-04-04,0.0524,0.9476,-0.22777257928560535,-0.22777257928560535
2577,2017,CESP6,2018-03-21,2019-04-01,0.055499999999999994,0.9445,0.889086751058773,0.889086751058773
2577,2018,CESP6,2019-03-22,2020-03-26,0.11550000000000005,0.8845,-0.2636370972517328,-0.2636370972517328
3980,2012,GGBR4,2013-02-21,2014-02-24,0.24170000000000003,0.7583,0.06937103993949889,0.06937103993949889
3980,2013,GGBR4,2014-02-21,2015-03-03,0.04269999999999996,0.9573,-0.3865285048169047,-0.3865285048169047
3980,2018,GGBR4,2019-02-21,2020-02-28,0.8875,0.1125,0.04667812185369713,0.04667812185369713
3980,2019,GGBR4,2020-02-19,2021-03-01,0.19210000000000005,0.8079,0.44314424936822183,0.44314424936822183
3980,2022,GGBR4,2023-03-01,2024-03-06,0.28069999999999995,0.7193,-0.5495607537104499,-0.5495607537104499
3980,2023,GGBR4,2024-02-20,2025-02-19,0.14770000000000005,0.8523,0.5103643762038681,0.5103643762038681
3980,2024,GGBR4,2025-02-24,2026-03-02,0.1058,0.8942,0.011513616406151117,0.011513616406151117
4030,2013,CSNA3,2014-02-28,2015-03-10,0.04949999999999999,0.9505,-0.5578566229569057,-0.5578566229569057
4030,2014,CSNA3,2015-03-12,2016-03-22,0.047799999999999954,0.9522,1.548879029254627,1.548879029254627
4030,2015,CSNA3,2016-11-14,2017-11-21,0.2037,0.7963,-0.5838452410391297,-0.5838452410391297
4030,2016,CSNA3,2017-10-30,2018-11-08,0.1724,0.8276,-0.36615657391460443,-0.36615657391460443
4030,2017,CSNA3,2018-04-06,2019-04-16,0.07940000000000003,0.9206,0.8961687881650968,0.8961687881650968
4030,2018,CSNA3,2019-02-20,2020-02-27,0.05920000000000003,0.9408,0.07613745200982791,0.07613745200982791
4030,2019,CSNA3,2020-03-04,2021-03-11,0.05569999999999997,0.9443,2.577852339249685,2.577852339249685
4030,2020,CSNA3,2021-02-22,2022-02-23,0.09440000000000004,0.9056,-0.8168100296629746,-0.8168100296629746
4030,2021,CSNA3,2022-03-09,2023-03-10,0.06469999999999998,0.9353,-0.3361036044853829,-0.3361036044853829
4030,2022,CSNA3,2023-03-16,2024-03-21,0.04510000000000003,0.9549,-0.14748877165053031,-0.14748877165053031
4030,2023,CSNA3,2024-03-06,2025-03-10,0.02749999999999997,0.9725,-0.3432860898395502,-0.3432860898395502
4030,2024,CSNA3,2025-03-12,2026-03-16,0.062000000000000055,0.938,-0.21258459142558372,-0.21258459142558372
4057,2011,CRUZ3,2012-02-13,2013-02-25,0.13160000000000005,0.8684,-0.03743631369698541,-0.03743631369698541
4057,2012,CRUZ3,2013-02-07,2014-02-12,0.12680000000000002,0.8732,-0.4896632787244626,-0.4896632787244626
4170,2011,VALE3,2012-06-28,2013-07-10,0.22970000000000002,0.7703,-0.2063799710486922,-0.2063799710486922
4170,2012,VALE3,2013-03-14,2014-03-19,0.28600000000000003,0.714,0.11828421714772253,0.11828421714772253
4170,2013,VALE3,2014-03-17,2015-03-23,0.29400000000000004,0.706,-0.43459712965490116,-0.43459712965490116
4170,2014,VALE3,2015-02-26,2016-03-08,0.24,0.76,-0.15155715564549677,-0.15155715564549677
4170,2015,VALE3,2016-02-25,2017-02-24,0.43089999999999995,0.5691,0.3972523949452773,0.3972523949452773
4170,2016,VALE3,2017-02-23,2018-03-07,0.19110000000000005,0.8089,-0.33746857460449964,-0.33746857460449964
4170,2017,VALE3,2018-02-27,2019-03-08,0.20350000000000001,0.7965,-0.3761128331830831,-0.3761128331830831
4170,2018,VALE3,2019-04-18,2020-04-24,0.5923,0.4077,-0.3151026798176919,-0.3151026798176919
4170,2019,VALE3,2020-03-02,2021-03-09,0.35109999999999997,0.6489,1.3427935585485256,1.3427935585485256
4170,2020,VALE3,2021-02-25,2022-03-02,0.18220000000000003,0.8178,-0.44592874734254506,-0.44592874734254506
4170,2021,VALE3,2022-02-24,2023-03-01,0.1876,0.8124,-0.020345966790348724,-0.020345966790348724
4170,2022,VALE3,2023-02-16,2024-02-26,0.2047,0.7953,-0.41179339204021126,-0.41179339204021126
4170,2023,VALE3,2024-02-22,2025-02-21,0.3224,0.6776,0.34809543841539603,0.34809543841539603
4170,2024,VALE3,2025-03-17,2026-03-19,0.2349,0.7651,0.23515952200252888,0.23515952200252888
4820,2012,BRKM5,2013-02-07,2014-02-12,0.06430000000000002,0.9357,0.3042025881840058,0.3042025881840058
4820,2013,BRKM5,2014-03-17,2015-03-23,0.06120000000000003,0.9388,-0.42994991271199245,-0.42994991271199245
4820,2014,BRKM5,2015-02-12,2016-02-25,0.06830000000000003,0.9317,1.9976972799675674,1.9976972799675674
4820,2015,BRKM5,2016-02-18,2017-02-17,0.07820000000000005,0.9218,-0.3568787817705471,-0.3568787817705471
4820,2016,BRKM5,2017-08-15,2018-08-23,0.10360000000000003,0.8964,-0.3412753991664176,-0.3412753991664176
4820,2017,BRKM5,2018-03-29,2019-04-09,0.07630000000000003,0.9237,-0.18431738116585983,-0.18431738116585983
4820,2018,BRKM5,2019-03-13,2020-03-17,0.06420000000000003,0.9358,-0.7290088975230367,-0.7290088975230367
4820,2019,BRKM5,2020-04-03,2021-04-13,0.09299999999999997,0.907,0.9169017967194382,0.9169017967194382
4820,2020,BRKM5,2021-03-10,2022-03-15,0.10970000000000002,0.8903,-0.036400725870346595,-0.036400725870346595
4820,2021,BRKM5,2022-03-16,2023-03-17,0.07589999999999997,0.9241,-0.7269767605890958,-0.7269767605890958
4820,2022,BRKM5,2023-03-23,2024-03-28,0.08830000000000005,0.9117,1.516559698411052,1.516559698411052
4820,2023,BRKM5,2024-07-01,2025-07-04,0.0726,0.9274,-0.4243286824086664,-0.4243286824086664
4820,2024,BRKM5,2025-02-27,2026-03-05,0.05469999999999997,0.9453,-0.0708519094731449,-0.0708519094731449
5410,2011,WEGE3,2012-02-15,2013-02-27,0.5063,0.4937,0.3946126384609361,0.3946126384609361
5410,2012,WEGE3,2013-02-27,2014-02-28,0.4548,0.5452,0.017163668946886368,0.017163668946886368
5410,2013,WEGE3,2014-02-26,2015-03-06,0.3406,0.6594,-0.12587471777784176,-0.12587471777784176
5410,2014,WEGE3,2015-02-25,2016-03-07,0.4597,0.5403,-0.32572192866616445,-0.32572192866616445
5410,2015,WEGE3,2016-02-24,2017-02-23,0.35519999999999996,0.6448,0.03808799265806129,0.03808799265806129
5410,2016,WEGE3,2017-02-22,2018-03-06,0.45130000000000003,0.5487,0.05067197997517914,0.05067197997517914
5410,2017,WEGE3,2018-02-28,2019-03-11,0.5244,0.4756,-0.24772029254231454,-0.24772029254231454
5410,2018,WEGE3,2019-04-10,2020-04-15,0.3809,0.6191,0.8353050153503148,0.8353050153503148
5410,2019,WEGE3,2020-02-19,2021-03-01,0.4346,0.5654,-0.01918317557209326,-0.01918317557209326
5410,2020,WEGE3,2021-02-24,2022-02-25,0.34819999999999995,0.6518,-0.5769692348375959,-0.5769692348375959
5410,2021,WEGE3,2022-02-16,2023-02-17,0.29769999999999996,0.7023,0.4688487414733786,0.4688487414733786
5410,2022,WEGE3,2023-02-15,2024-02-23,0.2561,0.7439,-0.3728824038310824,-0.3728824038310824
5410,2023,WEGE3,2024-02-21,2025-02-20,0.24980000000000002,0.7502,0.640153900100634,0.640153900100634
5410,2024,WEGE3,2025-02-26,2026-03-04,0.20420000000000005,0.7958,-0.5215271920820864,-0.5215271920820864
6173,2011,TASA4,2012-03-27,2013-04-08,0.17400000000000004,0.826,0.5928703030789662,0.5928703030789662
6173,2012,TASA4,2014-03-28,2015-04-06,0.26459999999999995,0.7354,-0.6987235354437611,-0.6987235354437611
6173,2013,TASA4,2014-03-31,2015-04-07,0.10619999999999996,0.8938,-0.7143776895526581,-0.7143776895526581
6173,2014,TASA4,2015-03-30,2016-04-12,0.19940000000000002,0.8006,0.654849134092301,0.654849134092301
6173,2015,TASA4,2016-03-24,2017-03-29,0.2298,0.7702,0.8496559304376354,0.8496559304376354
6173,2016,TASA4,2017-03-27,2018-04-05,0.675,0.325,-0.00941118253115758,-0.00941118253115758
6173,2017,TASA4,2018-04-04,2019-04-12,0.6846,0.3154,0.14603025050852247,0.14603025050852247
6173,2018,TASA4,2019-03-29,2020-04-02,0.24719999999999998,0.7528,-0.5962942661354158,-0.5962942661354158
6173,2019,TASA4,2020-03-30,2021-04-07,0.14880000000000004,0.8512,1.883566656335304,1.883566656335304
6173,2020,TASA4,2021-03-19,2022-03-24,0.11329999999999996,0.8867,-0.8951033784052587,-0.8752950333221533
6173,2021,TASA4,2022-03-15,2023-03-16,0.11599999999999999,0.884,-0.44046213443724236,-0.44046213443724236
6173,2022,TASA4,2023-03-21,2024-03-26,0.07550000000000001,0.9245,0.1844908685831017,0.1844908685831017
6173,2023,TASA4,2024-03-26,2025-03-28,0.09109999999999996,0.9089,-0.3552477974684527,-0.3552477974684527
6505,2018,BHIA3,2019-02-20,2020-02-27,0.6971,0.3029,2.963789246741379,2.7515029164187417
6505,2019,BHIA3,2020-03-26,2021-04-05,0.26349999999999996,0.7365,-0.5879437114214066,-0.5879437114214066
6505,2020,BHIA3,2021-03-02,2022-03-07,0.48660000000000003,0.5134,-0.7915237671520673,-0.7915237671520673
6505,2021,BHIA3,2022-03-09,2023-03-10,0.41269999999999996,0.5873,1.262915631887759,1.262915631887759
6505,2022,BHIA3,2023-03-09,2024-03-14,0.34530000000000005,0.6547,-0.8253485652090224,-0.8253485652090224
6505,2023,BHIA3,2024-03-25,2025-03-27,0.6253,0.3747,13.227724825960454,2.7515029164187417
6505,2024,BHIA3,2025-03-12,2026-03-16,0.43799999999999994,0.562,-0.6930989786660956,-0.6930989786660956
8133,2011,LREN3,2012-02-08,2013-02-20,0.1513,0.8487,-0.009630585441210648,-0.009630585441210648
8133,2012,LREN3,2013-02-26,2014-02-27,0.124,0.876,-0.2889675915072807,-0.2889675915072807
8133,2014,LREN3,2015-02-12,2016-02-25,0.11280000000000001,0.8872,0.10811880869629498,0.10811880869629498
8133,2015,LREN3,2016-02-04,2017-02-07,0.11680000000000001,0.8832,-0.2535264432055432,-0.2535264432055432
8133,2017,LREN3,2018-02-08,2019-02-19,0.15890000000000004,0.8411,0.1096092586448223,0.1096092586448223
8133,2018,LREN3,2019-02-07,2020-02-12,0.10250000000000004,0.8975,0.06483368786102228,0.06483368786102228
8133,2019,LREN3,2020-02-06,2021-02-12,0.09670000000000001,0.9033,-0.4088731898367489,-0.4088731898367489
8133,2020,LREN3,2021-02-11,2022-02-16,0.13929999999999998,0.8607,0.05956476497529328,0.05956476497529328
8133,2021,LREN3,2022-03-17,2023-03-20,0.15580000000000005,0.8442,0.37329119910129016,0.37329119910129016
8133,2022,LREN3,2023-02-16,2024-02-26,0.10060000000000002,0.8994,-0.25649511458635244,-0.25649511458635244
8133,2023,LREN3,2024-03-14,2025-03-18,0.09340000000000004,0.9066,0.0886714439750691,0.0886714439750691
8133,2024,LREN3,2025-02-20,2026-02-26,0.12629999999999997,0.8737,-0.545414889785704,-0.545414889785704
8451,2011,POMO4,2012-02-28,2013-03-08,0.03739999999999999,0.9626,0.06619875431234612,0.06619875431234612
8451,2012,POMO4,2013-02-21,2014-02-24,0.03749999999999998,0.9625,-0.35740004906124045,-0.35740004906124045
8451,2013,POMO4,2014-02-25,2015-03-05,0.05910000000000004,0.9409,-0.4430896167312838,-0.4430896167312838
8451,2014,POMO4,2015-02-24,2016-03-04,0.04069999999999996,0.9593,1.4628595458620985,1.4628595458620985
8451,2015,POMO4,2016-02-23,2017-02-22,0.06710000000000005,0.9329,-0.021650085921380624,-0.021650085921380624
8451,2016,POMO4,2017-02-23,2018-03-07,0.07040000000000002,0.9296,0.2516010336362342,0.2516010336362342
8451,2017,POMO4,2018-02-22,2019-03-01,0.04820000000000002,0.9518,-0.03451536530819699,-0.03451536530819699
8451,2018,POMO4,2019-02-26,2020-03-04,0.049699999999999966,0.9503,0.0050940227555582585,0.0050940227555582585
8451,2019,POMO4,2020-02-27,2021-03-05,0.06669999999999998,0.9333,-0.5312574599297782,-0.5312574599297782
8451,2020,POMO4,2021-02-25,2022-03-02,0.07930000000000004,0.9207,0.48554609567016715,0.48554609567016715
8451,2021,POMO4,2022-02-25,2023-03-02,0.05679999999999996,0.9432,0.20469846262431624,0.20469846262431624
8451,2022,POMO4,2023-02-28,2024-03-05,0.047699999999999965,0.9523,0.9204540821066522,0.9204540821066522
8451,2023,POMO4,2024-02-27,2025-02-26,0.039100000000000024,0.9609,-0.5115518350052801,-0.5115518350052801
8451,2024,POMO4,2025-02-25,2026-03-03,0.035699999999999954,0.9643,-0.5936954780029986,-0.5936954780029986
8575,2014,LEVE3,2015-03-16,2016-03-24,0.5521,0.4479,0.19806641233499,0.19806641233499
8575,2015,LEVE3,2016-03-18,2017-03-22,0.1965,0.8035,-0.4075329972625301,-0.4075329972625301
8575,2016,LEVE3,2017-03-20,2018-03-28,0.15910000000000002,0.8409,0.13906771427524123,0.13906771427524123
8575,2017,LEVE3,2018-03-19,2019-03-28,0.22940000000000005,0.7706,0.13380260460965654,0.13380260460965654
8575,2018,LEVE3,2019-03-18,2020-03-20,0.1804,0.8196,-0.47069271235865917,-0.47069271235865917
8575,2019,LEVE3,2020-03-30,2021-04-07,0.17700000000000005,0.823,-0.05380396073748728,-0.05380396073748728
8575,2020,LEVE3,2021-03-15,2022-03-18,0.22950000000000004,0.7705,1.038399831608725,1.038399831608725
8575,2022,LEVE3,2023-03-20,2024-03-25,0.39339999999999997,0.6066,-0.16905370094292516,-0.16905370094292516
8575,2023,LEVE3,2024-03-11,2025-03-13,0.3385,0.6615,-0.2945490842178975,-0.2945490842178975
8656,2014,GOAU4,2015-03-11,2016-03-21,0.12129999999999996,0.8787,-0.7430191187268903,-0.7430191187268903
8656,2015,GOAU4,2016-03-15,2017-03-17,0.13260000000000005,0.8674,6.781955347583263,2.7515029164187417
8656,2016,GOAU4,2017-02-22,2018-03-06,0.09509999999999996,0.9049,-0.25839340525276855,-0.25839340525276855
8656,2017,GOAU4,2018-02-28,2019-03-11,0.11619999999999997,0.8838,-0.42880025919479203,-0.42880025919479203
8656,2018,GOAU4,2019-02-21,2020-02-28,0.17469999999999997,0.8253,0.060189287449356366,0.060189287449356366
8656,2019,GOAU4,2020-02-19,2021-03-01,0.15569999999999995,0.8443,0.4691301231982159,0.4691301231982159
8656,2022,GOAU4,2023-03-01,2024-03-06,0.27690000000000003,0.7231,-0.5626832596225917,-0.5626832596225917
8656,2023,GOAU4,2024-02-20,2025-02-19,0.13470000000000004,0.8653,0.4706958849015259,0.4706958849015259
8656,2024,GOAU4,2025-02-24,2026-03-02,0.14329999999999998,0.8567,0.07935298945937519,0.07935298945937519
9393,2012,PMAM3,2013-02-28,2014-03-05,0.16100000000000003,0.839,-0.38023384908029356,-0.38023384908029356
9393,2013,PMAM3,2014-02-26,2015-03-06,0.139,0.861,-0.04253673307806083,-0.04253673307806083
9512,2016,PETR3,2017-03-24,2018-04-04,0.7951,0.2049,0.047374595542207354,0.047374595542207354
9512,2017,PETR3,2018-03-16,2019-03-27,0.6735,0.3265,0.04988445318073764,0.04988445318073764
9512,2018,PETR3,2019-02-27,2020-03-05,0.055499999999999994,0.9445,-0.3046898545969847,-0.3046898545969847
9512,2019,PETR3,2020-02-19,2021-03-01,0.388,0.612,-0.04270698255877847,-0.04270698255877847
9512,2020,PETR3,2021-03-22,2022-03-25,0.3447,0.6553,0.4442181539157424,0.4442181539157424
9512,2021,PETR3,2022-02-23,2023-02-28,0.26959999999999995,0.7304,-0.4502951397134788,-0.4502951397134788
9512,2022,PETR3,2023-03-02,2024-03-07,0.10289999999999999,0.8971,0.12132870023817577,0.12132870023817577
9512,2023,PETR3,2024-03-25,2025-03-27,0.12960000000000005,0.8704,-0.03339072487097794,-0.03339072487097794
9512,2024,PETR3,2025-02-26,2026-03-04,0.11329999999999996,0.8867,-0.17397806358759216,-0.17397806358759216
9989,2011,RPMG3,2012-04-19,2013-05-15,0.2338,0.7662,-0.9193113013952039,-0.8752950333221533
9989,2012,RPMG3,2013-09-09,2014-09-16,0.7177,0.2823,0.47684575839031806,0.47684575839031806
9989,2013,RPMG3,2017-03-01,2018-03-20,0.7948,0.2052,-0.6976168744444182,-0.6976168744444182
9989,2014,RPMG3,2017-03-01,2018-03-20,0.5858,0.4142,-0.6976168744444182,-0.6976168744444182
9989,2015,RPMG3,2017-08-18,2018-09-26,0.14229999999999998,0.8577,-0.8389460290743983,-0.8389460290743983
9989,2016,RPMG3,2017-04-24,2018-05-17,0.7876,0.2124,-0.7614533355588468,-0.7614533355588468
9989,2017,RPMG3,2018-09-17,2019-10-01,0.11509999999999998,0.8849,0.6740161896568679,0.6740161896568679
9989,2019,RPMG3,2020-05-29,2021-06-07,0.7847999999999999,0.2152,-0.6852261654354086,-0.6852261654354086
9989,2020,RPMG3,2021-03-30,2022-04-04,0.3718,0.6282,-0.2194442978577993,-0.2194442978577993
9989,2021,RPMG3,2022-06-10,2023-06-15,0.3539,0.6461,0.02395547579016588,0.02395547579016588
9989,2023,RPMG3,2024-06-13,2025-06-18,0.44799999999999995,0.552,-0.26558524843245723,-0.26558524843245723
11312,2011,OIBR3,2012-04-03,2013-04-15,0.4254,0.5746,-0.1632056666263464,-0.1632056666263464
11312,2012,OIBR3,2013-04-30,2014-05-07,0.2642,0.7358,-0.30687392922714174,-0.30687392922714174
11312,2013,OIBR3,2014-02-19,2015-02-27,0.09099999999999997,0.909,-0.5826624783563641,-0.5826624783563641
11312,2014,OIBR3,2015-03-27,2016-04-07,0.12029999999999996,0.8797,-0.4293754766182769,-0.4293754766182769
11312,2015,OIBR3,2016-03-24,2017-03-28,0.11419999999999997,0.8858,16.267976050064,2.7515029164187417
11312,2016,OIBR3,2017-03-22,2018-04-02,0.09319999999999995,0.9068,-0.7287256743024074,-0.7287256743024074
11312,2017,OIBR3,2018-04-12,2019-04-23,0.05910000000000004,0.9409,-0.3627328123945365,-0.3627328123945365
11312,2018,OIBR3,2019-03-26,2020-03-30,0.08509999999999995,0.9149,-0.31433846111122654,-0.31433846111122654
11312,2019,OIBR3,2020-03-25,2021-04-01,0.0645,0.9355,3.057593497062535,2.7515029164187417
11312,2020,OIBR3,2021-05-10,2022-05-13,0.2077,0.7923,-0.8024114717248052,-0.8024114717248052
11312,2021,OIBR3,2022-05-05,2023-05-09,0.05820000000000003,0.9418,-0.7429914158609928,-0.7429914158609928
11312,2022,OIBR3,2023-05-22,2024-05-24,0.21789999999999998,0.7821,1.0131509536883767,1.0131509536883767
11312,2023,OIBR3,2024-03-27,2025-03-31,0.1008,0.8992,-0.8263966298984218,-0.8263966298984218
11312,2024,OIBR3,2025-03-26,2026-04-02,0.13939999999999997,0.8606,-0.7417896952263237,-0.7417896952263237
11932,2014,MYPK3,2015-02-25,2016-03-07,0.12160000000000004,0.8784,0.8147896490490487,0.8147896490490487
11932,2015,MYPK3,2016-02-25,2017-02-24,0.06289999999999996,0.9371,-0.464538166992173,-0.464538166992173
11932,2016,MYPK3,2017-03-27,2018-04-05,0.10099999999999998,0.899,0.6167310264919701,0.6167310264919701
11932,2017,MYPK3,2018-02-20,2019-02-27,0.06159999999999999,0.9384,-0.2995985293661607,-0.2995985293661607
11932,2018,MYPK3,2019-03-11,2020-03-13,0.0655,0.9345,-0.40597677592748294,-0.40597677592748294
11932,2019,MYPK3,2020-03-05,2021-03-12,0.08640000000000003,0.9136,-0.06437502560024733,-0.06437502560024733
11932,2020,MYPK3,2021-03-03,2022-03-08,0.11229999999999996,0.8877,0.1800698553643867,0.1800698553643867
11932,2021,MYPK3,2022-03-09,2023-03-10,0.07779999999999998,0.9222,0.029437931451003374,0.029437931451003374
11932,2022,MYPK3,2023-03-20,2024-03-25,0.24629999999999996,0.7537,0.006770665253102992,0.006770665253102992
11932,2023,MYPK3,2024-03-06,2025-03-10,0.04749999999999999,0.9525,0.12205086979275781,0.12205086979275781
12653,2014,KLBN11,2015-02-11,2016-02-24,0.14839999999999998,0.8516,0.07788977076596537,0.07788977076596537
12653,2015,KLBN11,2016-02-03,2017-02-06,0.12350000000000005,0.8765,-0.601979971743741,-0.601979971743741
12653,2016,KLBN11,2017-02-09,2018-02-21,0.19540000000000002,0.8046,0.6638748711792226,0.6638748711792226
12653,2017,KLBN11,2018-02-01,2019-02-12,0.08930000000000005,0.9107,-0.22859139289837038,-0.22859139289837038
12653,2018,KLBN11,2019-02-07,2020-02-12,0.1451,0.8549,-0.0685336894369668,-0.0685336894369668
12653,2019,KLBN11,2020-02-06,2021-02-12,0.10119999999999996,0.8988,0.2718357881847371,0.2718357881847371
12653,2020,KLBN11,2021-02-10,2022-02-15,0.1048,0.8952,-0.41380494441706617,-0.41380494441706617
12653,2021,KLBN11,2024-06-13,2025-06-17,0.12070000000000003,0.8793,-0.30486238530691745,-0.30486238530691745
12653,2022,KLBN11,2023-02-08,2024-02-16,0.13859999999999995,0.8614,0.3313742715775114,0.3313742715775114
12653,2023,KLBN11,2024-02-07,2025-02-10,0.12680000000000002,0.8732,-0.05355868201221814,-0.05355868201221814
12653,2024,KLBN11,2025-02-26,2026-03-04,0.09719999999999995,0.9028,-0.24828958799499246,-0.24828958799499246
13471,2011,PLAS3,2012-03-06,2013-03-15,0.07330000000000003,0.9267,-0.6929181266753213,-0.6929181266753213
13471,2012,PLAS3,2013-03-08,2014-03-14,0.12339999999999995,0.8766,2.80953072704329,2.7515029164187417
13471,2013,PLAS3,2014-03-31,2015-04-17,0.036699999999999955,0.9633,-0.6066364447139918,-0.6066364447139918
13471,2014,PLAS3,2015-02-06,2016-03-07,0.25449999999999995,0.7455,-0.8015021831460639,-0.8015021831460639
13471,2015,PLAS3,2016-03-29,2017-08-30,0.007199999999999984,0.9928,2.0489655476554223,2.0489655476554223
13471,2016,PLAS3,2017-03-09,2018-12-13,0.0013999999999999568,0.9986,-0.043663120143084044,-0.043663120143084044
13471,2017,PLAS3,2018-02-07,2019-08-01,0.04949999999999999,0.9505,-0.5441237286195717,-0.5441237286195717
13471,2018,PLAS3,2019-03-28,2020-04-22,0.27049999999999996,0.7295,-0.8444737582213485,-0.8444737582213485
13471,2019,PLAS3,2020-03-04,2021-04-14,0.2601,0.7399,1.6975865655486806,1.6975865655486806
13471,2020,PLAS3,2021-03-04,2022-07-26,0.2611,0.7389,1.1217188857454081,1.1217188857454081
13471,2021,PLAS3,2022-03-18,2024-03-15,0.4413,0.5587,-0.7622769545291954,-0.7622769545291954
13471,2022,PLAS3,2023-03-16,2025-02-24,0.11240000000000006,0.8876,-0.12643390509087682,-0.12643390509087682
13986,2022,SUZB3,2023-02-28,2024-03-05,0.33430000000000004,0.6657,0.4762384096942396,0.4762384096942396
13986,2023,SUZB3,2024-02-28,2025-02-27,0.07189999999999996,0.9281,-0.17242800466339459,-0.17242800466339459
13986,2024,SUZB3,2025-02-12,2026-02-18,0.10799999999999998,0.892,-0.24616676938048143,-0.24616676938048143
14109,2013,RAPT4,2014-04-02,2015-04-09,0.05579999999999996,0.9442,-0.15947552294016387,-0.15947552294016387
14109,2014,RAPT4,2015-03-12,2016-03-22,0.04490000000000005,0.9551,0.5367645524196432,0.5367645524196432
14109,2015,RAPT4,2016-03-23,2017-03-28,0.0262,0.9738,-0.10586923626730094,-0.10586923626730094
14109,2016,RAPT4,2017-03-24,2018-04-04,0.3045,0.6955,0.32947113953525475,0.32947113953525475
14109,2019,RAPT4,2020-03-05,2021-03-12,0.2903,0.7097,0.15395774035520748,0.15395774035520748
14109,2020,RAPT4,2021-03-11,2022-03-16,0.04269999999999996,0.9573,-0.4659594051172976,-0.4659594051172976
14109,2021,RAPT4,2022-02-24,2023-03-01,0.10940000000000005,0.8906,0.013694023363686858,0.013694023363686858
14109,2022,RAPT4,2023-02-28,2024-03-05,0.11960000000000004,0.8804,0.3450465676109249,0.3450465676109249
14109,2023,RAPT4,2024-03-12,2025-03-14,0.2772,0.7228,-0.3148754009066034,-0.3148754009066034
14176,2011,ELPL4,2012-03-14,2013-03-25,0.09430000000000005,0.9057,-0.7394123797940491,-0.7394123797940491
14176,2012,ELPL4,2013-02-28,2014-03-05,0.12190000000000001,0.8781,0.8921026195189328,0.8921026195189328
14176,2013,ELPL4,2014-02-26,2015-03-06,0.1038,0.8962,1.715499735962355,1.715499735962355
14176,2014,ELPL4,2015-02-25,2016-03-07,0.10340000000000005,0.8966,-0.19862490374260933,-0.19862490374260933
14176,2015,ELPL4,2016-02-25,2017-02-24,0.11299999999999999,0.887,-0.5359599126316911,-0.5359599126316911
14311,2011,CPLE3,2012-03-26,2013-04-10,0.0474,0.9526,-0.14689974151830754,-0.14689974151830754
14311,2012,CPLE3,2013-03-25,2014-03-31,0.05469999999999997,0.9453,0.26839964031519603,0.26839964031519603
14311,2013,CPLE3,2014-09-30,2015-10-06,0.03749999999999998,0.9625,-0.10485508017671563,-0.10485508017671563
14311,2014,CPLE3,2015-03-20,2016-03-31,0.029000000000000026,0.971,-0.30090512115146006,-0.30090512115146006
14311,2016,CPLE3,2017-03-28,2018-04-06,0.09189999999999998,0.9081,-0.2677667150253251,-0.2677667150253251
14311,2017,CPLE3,2018-05-14,2019-05-23,0.03739999999999999,0.9626,1.1949729078786655,1.1949729078786655
14311,2021,CPLE3,2022-03-22,2023-03-23,0.09750000000000003,0.9025,-0.0715710185344729,-0.0715710185344729
14320,2011,USIM5,2012-03-07,2013-03-18,0.12670000000000003,0.8733,0.17043818045113657,0.17043818045113657
14320,2012,USIM5,2013-03-04,2014-03-07,0.16190000000000004,0.8381,-0.2351140666126076,-0.2351140666126076
14320,2013,USIM5,2014-02-14,2015-02-24,0.13839999999999997,0.8616,-0.6778685117128802,-0.6778685117128802
14320,2014,USIM5,2015-03-04,2016-03-14,0.10819999999999996,0.8918,-0.010137959303363142,-0.010137959303363142
14320,2015,USIM5,2016-02-18,2017-02-17,0.19069999999999998,0.8093,3.483225941665629,2.7515029164187417
14320,2016,USIM5,2017-02-17,2018-03-01,0.19240000000000002,0.8076,0.1834056114169833,0.1834056114169833
14320,2017,USIM5,2018-02-09,2019-02-20,0.1905,0.8095,-0.7399124064793725,-0.7399124064793725
14320,2018,USIM5,2019-02-15,2020-02-20,0.3146,0.6854,0.2731944543963718,0.2731944543963718
14320,2019,USIM5,2020-02-14,2021-02-24,0.20089999999999997,0.7991,1.1072369916786258,1.1072369916786258
14320,2020,USIM5,2021-02-12,2022-02-17,0.29269999999999996,0.7073,-0.5093380241596992,-0.5093380241596992
14320,2021,USIM5,2022-02-11,2023-02-14,0.17989999999999995,0.8201,-0.7416142565758805,-0.7416142565758805
14320,2022,USIM5,2023-02-10,2024-02-20,0.2801,0.7199,0.8347869805671273,0.8347869805671273
14320,2023,USIM5,2025-01-16,2026-01-20,0.4819,0.5181,0.4075127090406583,0.4075127090406583
14320,2024,USIM5,2025-02-14,2026-02-20,0.31410000000000005,0.6859,-0.02163452676997779,-0.02163452676997779
14443,2014,SBSP3,2015-03-26,2016-04-06,0.10189999999999999,0.8981,0.6271112263500092,0.6271112263500092
14443,2015,SBSP3,2016-03-28,2017-03-29,0.07630000000000003,0.9237,-0.17375467348977913,-0.17375467348977913
14443,2016,SBSP3,2017-03-27,2018-04-05,0.05289999999999995,0.9471,-0.2783980736917525,-0.2783980736917525
14443,2017,SBSP3,2018-03-27,2019-04-05,0.07720000000000005,0.9228,-0.05706964579008256,-0.05706964579008256
14443,2019,SBSP3,2020-03-27,2021-04-06,0.19330000000000003,0.8067,-0.5588556968643501,-0.5588556968643501
14443,2023,SBSP3,2024-03-21,2025-03-25,0.2237,0.7763,0.06477427046379591,0.06477427046379591
14443,2024,SBSP3,2025-03-27,2026-03-31,0.5181,0.4819,-0.06542145214808914,-0.06542145214808914
14621,2011,NETC4,2012-02-14,2013-03-12,0.3055,0.6945,0.1325253324957052,0.1325253324957052
14621,2012,NETC4,2013-03-12,2014-05-02,0.19740000000000002,0.8026,-0.2640311586609355,-0.2640311586609355
15253,2011,ENGI11,2012-03-12,2014-06-06,0.028299999999999992,0.9717,-0.08330153671184637,-0.08330153671184637
15253,2012,ENGI11,2013-03-11,2015-07-02,0.02429999999999999,0.9757,0.03328304993881548,0.03328304993881548
15253,2014,ENGI11,2015-03-31,2016-11-09,0.05169999999999997,0.9483,0.3464038052616609,0.3464038052616609
15253,2015,ENGI11,2016-03-22,2017-05-11,0.018199999999999994,0.9818,-0.00802763822518937,-0.00802763822518937
15539,2019,NEOE3,2020-02-17,2021-02-25,0.21020000000000005,0.7898,-0.509246116419637,-0.509246116419637
15539,2020,NEOE3,2021-02-09,2022-02-14,0.0948,0.9052,0.1065525265295113,0.1065525265295113
15539,2021,NEOE3,2022-02-17,2023-02-22,0.08320000000000005,0.9168,0.0915658390018057,0.0915658390018057
15539,2022,NEOE3,2023-03-02,2024-03-07,0.03420000000000001,0.9658,0.3781776606499634,0.3781776606499634
15539,2023,NEOE3,2024-02-07,2025-02-10,0.03300000000000003,0.967,-0.25867716333486657,-0.25867716333486657
15636,2022,CGAS5,2023-02-16,2024-03-11,0.5045,0.4955,-0.22381280965127792,-0.22381280965127792
15636,2023,CGAS5,2024-03-27,2025-05-13,0.19669999999999999,0.8033,0.35019412258954397,0.35019412258954397
16101,2011,GFSA3,2012-04-19,2013-04-30,0.22799999999999998,0.772,0.8628200623686186,0.8628200623686186
16101,2012,GFSA3,2013-03-11,2014-03-14,0.1744,0.8256,0.4915785415078979,0.4915785415078979
16101,2013,GFSA3,2014-02-26,2015-03-06,0.08040000000000003,0.9196,0.7242373732147709,0.7242373732147709
16101,2014,GFSA3,2015-02-27,2016-03-09,0.10209999999999997,0.8979,0.24086530452314503,0.24086530452314503
16101,2015,GFSA3,2016-03-03,2017-03-07,0.04400000000000004,0.956,-0.7743584450296541,-0.7743584450296541
16101,2016,GFSA3,2017-05-09,2018-05-16,0.11029999999999995,0.8897,0.5061078702517037,0.5061078702517037
16101,2017,GFSA3,2018-03-09,2019-03-20,0.16779999999999995,0.8322,0.02351766431311164,0.02351766431311164
16101,2018,GFSA3,2019-04-03,2020-04-07,0.26049999999999995,0.7395,-0.4368321827153542,-0.4368321827153542
16101,2020,GFSA3,2021-03-16,2022-03-21,0.3306,0.6694,-0.7443667317636884,-0.7443667317636884
16101,2022,GFSA3,2023-03-29,2024-04-04,0.2842,0.7158,-0.5092407098061296,-0.5092407098061296
16101,2023,GFSA3,2024-03-26,2025-03-28,0.30689999999999995,0.6931,-0.7562312119668454,-0.7562312119668454
16101,2024,GFSA3,2025-03-27,2026-03-31,0.3187,0.6813,-0.8993727719144634,-0.8752950333221533
16292,2016,BRFS3,2017-02-23,2018-03-07,0.3095,0.6905,-0.12471435399124664,-0.12471435399124664
16292,2017,BRFS3,2018-02-22,2019-03-01,0.25549999999999995,0.7445,0.05197294478216152,0.05197294478216152
16292,2018,BRFS3,2019-02-28,2020-03-06,0.4214,0.5786,0.4682052495167708,0.4682052495167708
16292,2019,BRFS3,2020-03-03,2021-03-10,0.35350000000000004,0.6465,-0.22367329180760553,-0.22367329180760553
16292,2020,BRFS3,2021-02-25,2022-03-02,0.21899999999999997,0.781,-0.09425402123156335,-0.09425402123156335
16292,2021,BRFS3,2022-02-22,2023-02-27,0.2528,0.7472,-0.5790943828483845,-0.5790943828483845
16292,2022,BRFS3,2023-02-28,2024-03-05,0.2772,0.7228,2.7369959637626002,2.7369959637626002
16292,2023,BRFS3,2024-02-26,2025-02-25,0.2108,0.7892,-0.27660024614083145,-0.27660024614083145
16306,2011,RSID3,2012-10-11,2013-10-21,0.17110000000000003,0.8289,0.4861330933505432,0.4861330933505432
16306,2012,RSID3,2013-03-26,2014-03-31,0.20709999999999995,0.7929,1.1912562601602392,1.1912562601602392
16306,2013,RSID3,2014-03-27,2015-04-02,0.3033,0.6967,0.06286147806141384,0.06286147806141384
16306,2014,RSID3,2015-03-19,2016-03-30,0.26380000000000003,0.7362,-0.7265538515117935,-0.7265538515117935
16306,2015,RSID3,2016-03-30,2017-03-31,0.34940000000000004,0.6506,-0.46391512486104214,-0.46391512486104214
16306,2016,RSID3,2017-03-23,2018-04-03,0.2529,0.7471,-0.3518771256894717,-0.3518771256894717
16306,2017,RSID3,2018-03-26,2019-04-04,0.3156,0.6844,-0.10341332503474077,-0.10341332503474077
16306,2018,RSID3,2019-03-27,2020-03-31,0.4962,0.5038,0.8295873786872217,0.8295873786872217
16306,2019,RSID3,2020-03-18,2021-03-25,0.5724,0.4276,-0.20675126329074478,-0.20675126329074478
16306,2020,RSID3,2021-03-17,2022-03-22,0.008299999999999974,0.9917,-0.48901597663422525,-0.48901597663422525
17329,2011,EGIE3,2012-02-07,2013-02-19,0.08930000000000005,0.9107,0.09938602553925913,0.09938602553925913
17329,2012,EGIE3,2013-02-07,2014-02-12,0.06169999999999998,0.9383,-0.2288997380241249,-0.2288997380241249
17329,2013,EGIE3,2014-02-20,2015-03-02,0.04859999999999998,0.9514,-0.21331657687528682,-0.21331657687528682
17329,2014,EGIE3,2015-03-30,2016-04-08,0.0927,0.9073,0.13970051420665186,0.13970051420665186
17329,2015,EGIE3,2016-02-23,2017-02-22,0.10050000000000003,0.8995,-0.4037053961798681,-0.4037053961798681
17329,2016,EGIE3,2017-02-23,2018-03-07,0.40169999999999995,0.5983,0.055047384163048996,0.055047384163048996
17329,2017,EGIE3,2018-02-22,2019-03-01,0.8325,0.1675,0.4890307866787986,0.4890307866787986
17329,2018,EGIE3,2019-02-19,2020-02-26,0.7527,0.2473,-0.16077800797942432,-0.16077800797942432
17329,2019,EGIE3,2020-02-20,2021-03-02,0.13049999999999995,0.8695,-0.23314450763373706,-0.23314450763373706
17329,2020,EGIE3,2021-04-20,2022-04-26,0.09389999999999998,0.9061,0.3909928553646549,0.3909928553646549
17329,2021,EGIE3,2022-02-14,2023-02-15,0.0706,0.9294,0.04435955383518597,0.04435955383518597
17329,2022,EGIE3,2023-11-30,2024-12-02,0.09809999999999997,0.9019,-0.17451604560374756,-0.17451604560374756
17329,2023,EGIE3,2024-02-27,2025-02-26,0.06320000000000003,0.9368,-0.06484100814520477,-0.06484100814520477
17329,2024,EGIE3,2025-02-20,2026-02-26,0.049799999999999955,0.9502,0.15136491117783546,0.15136491117783546
17450,2014,RAIL3,2016-03-01,2017-03-03,0.23240000000000005,0.7676,0.9619176511042047,0.9619176511042047
17450,2016,RAIL3,2017-02-20,2018-03-02,0.6651,0.3349,-0.5714390330891884,-0.5714390330891884
17450,2017,RAIL3,2018-02-27,2019-03-08,0.27059999999999995,0.7294,0.12403149734397378,0.12403149734397378
17450,2018,RAIL3,2019-02-13,2020-02-18,0.1562,0.8438,-0.38104795918945533,-0.38104795918945533
17450,2020,RAIL3,2021-06-01,2022-06-06,0.34540000000000004,0.6546,0.6329218413922082,0.6329218413922082
17450,2024,RAIL3,2025-02-20,2026-02-26,0.3671,0.6329,-0.3243909187450369,-0.3243909187450369
17671,2011,VIVT3,2012-02-16,2013-02-28,0.4506,0.5494,-0.049857082769705685,-0.049857082769705685
17671,2012,VIVT3,2013-02-25,2014-02-26,0.15559999999999996,0.8444,-0.0570048743691548,-0.0570048743691548
17671,2013,VIVT3,2014-02-26,2015-03-06,0.11480000000000001,0.8852,0.1981245716191884,0.1981245716191884
17671,2014,VIVT3,2015-02-24,2016-03-07,0.1251,0.8749,-0.2616982534622353,-0.2616982534622353
17671,2015,VIVT3,2016-02-24,2017-02-23,0.16500000000000004,0.835,-0.1897546366347148,-0.1897546366347148
17671,2016,VIVT3,2017-02-21,2018-03-05,0.12209999999999999,0.8779,0.040707947463441974,0.040707947463441974
17671,2017,VIVT3,2018-02-21,2019-02-28,0.1512,0.8488,-0.10159965347168676,-0.10159965347168676
17671,2018,VIVT3,2019-02-20,2020-02-27,0.15690000000000004,0.8431,0.22609870659195552,0.22609870659195552
17671,2019,VIVT3,2020-02-19,2021-03-01,0.20140000000000002,0.7986,-0.24781114925708936,-0.24781114925708936
17671,2021,VIVT3,2022-02-22,2023-02-27,0.38039999999999996,0.6196,-0.2819983771704171,-0.2819983771704171
17671,2022,VIVT3,2023-02-17,2024-02-27,0.3144,0.6856,0.4111169875993572,0.4111169875993572
17671,2023,VIVT3,2024-02-20,2025-02-19,0.7246,0.2754,-0.17526679933398803,-0.17526679933398803
17671,2024,VIVT3,2025-02-25,2026-03-03,1.0,0.0,0.15222486132542334,0.15222486132542334
17892,2016,STBP3,2017-02-15,2018-02-27,0.08789999999999998,0.9121,2.3296387762925646,2.3296387762925646
17892,2017,STBP3,2018-06-18,2019-06-27,0.11419999999999997,0.8858,0.12858956584672798,0.12858956584672798
17892,2018,STBP3,2019-02-21,2020-02-28,0.06299999999999994,0.937,0.06130230174547213,0.06130230174547213
17892,2019,STBP3,2020-03-05,2021-03-12,0.09189999999999998,0.9081,-0.08762075944011383,-0.08762075944011383
17892,2020,STBP3,2021-03-08,2022-03-11,0.0655,0.9345,0.020563554648061366,0.020563554648061366
17892,2021,STBP3,2022-03-10,2023-03-13,0.08450000000000002,0.9155,0.28074318292759437,0.28074318292759437
17892,2022,STBP3,2023-11-29,2024-11-29,0.18569999999999998,0.8143,0.5056872487968007,0.5056872487968007
17892,2023,STBP3,2024-03-20,2025-03-24,0.08899999999999997,0.911,-0.3139081328040877,-0.3139081328040877
17973,2011,COGN3,2012-03-28,2013-04-09,0.26880000000000004,0.7312,0.7061276192538017,0.7061276192538017
17973,2012,COGN3,2013-03-20,2014-03-25,0.14139999999999997,0.8586,-0.07106948866308438,-0.07106948866308438
17973,2013,COGN3,2014-03-18,2015-03-24,0.1381,0.8619,-0.5693379135895626,-0.5693379135895626
17973,2014,COGN3,2015-04-16,2016-04-27,0.13790000000000002,0.8621,0.6623436779080203,0.6623436779080203
17973,2015,COGN3,2016-03-15,2017-03-17,0.11509999999999998,0.8849,-0.2322131663164133,-0.2322131663164133
17973,2016,COGN3,2017-03-22,2018-04-02,0.09950000000000003,0.9005,-0.34692918868052625,-0.34692918868052625
17973,2017,COGN3,2018-03-16,2019-03-27,0.11129999999999995,0.8887,-0.15494712296623847,-0.15494712296623847
17973,2018,COGN3,2019-06-21,2020-06-26,0.11399999999999999,0.886,-0.045832738761639735,-0.045832738761639735
17973,2019,COGN3,2020-03-30,2021-04-07,0.4849,0.5151,-0.4183760938694052,-0.4183760938694052
17973,2020,COGN3,2021-03-31,2022-04-05,0.17190000000000005,0.8281,0.6918852251887204,0.6918852251887204
17973,2021,COGN3,2022-03-24,2023-03-27,0.21120000000000005,0.7888,0.9566541455935653,0.9566541455935653
17973,2022,COGN3,2023-09-21,2024-09-24,0.20450000000000002,0.7955,-0.5173186638212834,-0.5173186638212834
17973,2023,COGN3,2024-03-20,2025-03-24,0.1381,0.8619,-0.045751334399931176,-0.045751334399931176
17973,2024,COGN3,2025-03-12,2026-03-16,0.1582,0.8418,0.08453043534890159,0.08453043534890159
18112,2011,AMBV3,2012-03-08,2013-03-19,0.12190000000000001,0.8781,0.020459518711090974,0.020459518711090974
18350,2012,GETI4,2013-02-26,2014-02-27,0.08860000000000001,0.9114,-0.07432180385333687,-0.07432180385333687
18350,2013,GETI4,2014-02-25,2015-03-05,0.06810000000000005,0.9319,0.08989901102892994,0.08989901102892994
18376,2011,ISAE4,2012-03-15,2013-03-26,0.19779999999999998,0.8022,-0.48860934132158484,-0.48860934132158484
18376,2013,ISAE4,2014-02-27,2015-03-09,0.259,0.741,1.7001570468254328,1.7001570468254328
18376,2021,ISAE4,2022-02-23,2023-02-28,0.3971,0.6029,-0.11139917346303263,-0.11139917346303263
18465,2011,UGPA3,2012-02-16,2013-02-28,0.07640000000000002,0.9236,0.04404675820276838,0.04404675820276838
18465,2012,UGPA3,2013-02-20,2014-02-21,0.06810000000000005,0.9319,-0.12108081424529726,-0.12108081424529726
18465,2013,UGPA3,2014-02-19,2015-02-27,0.0706,0.9294,-0.17231648465303995,-0.17231648465303995
18465,2014,UGPA3,2015-02-25,2016-03-07,0.0756,0.9244,0.19280327484795112,0.19280327484795112
18465,2015,UGPA3,2016-02-17,2017-02-16,0.07469999999999999,0.9253,-0.339029402092218,-0.339029402092218
18465,2016,UGPA3,2017-02-22,2018-03-06,0.11219999999999997,0.8878,0.01293729732555704,0.01293729732555704
18465,2017,UGPA3,2018-02-21,2019-02-28,0.09230000000000005,0.9077,-0.2959184704872546,-0.2959184704872546
18465,2018,UGPA3,2019-02-20,2020-02-27,0.16620000000000001,0.8338,0.1596208056673074,0.1596208056673074
18465,2019,UGPA3,2020-03-16,2021-03-23,0.12229999999999996,0.8777,0.07425873061759125,0.07425873061759125
18465,2020,UGPA3,2021-02-25,2022-03-02,0.14490000000000003,0.8551,-0.22514214663549625,-0.22514214663549625
18465,2021,UGPA3,2022-02-25,2023-03-02,0.1028,0.8972,0.3125897873002961,0.3125897873002961
18465,2022,UGPA3,2023-02-15,2024-02-23,0.2005,0.7995,0.7013498924544428,0.7013498924544428
18465,2023,UGPA3,2024-02-28,2025-02-27,0.06110000000000004,0.9389,-0.6944995486761787,-0.6944995486761787
18465,2024,UGPA3,2025-02-26,2026-03-04,0.08340000000000003,0.9166,0.5894006147527133,0.5894006147527133
18627,2018,SAPR11,2019-02-21,2020-02-28,0.05469999999999997,0.9453,0.01778215669740102,0.01778215669740102
18627,2019,SAPR11,2020-02-06,2021-02-12,0.06599999999999995,0.934,-0.4261162456619817,-0.4261162456619817
18627,2020,SAPR11,2021-02-11,2022-02-16,0.06740000000000002,0.9326,0.13075474993113145,0.13075474993113145
18627,2021,SAPR11,2022-02-24,2023-03-01,0.3024,0.6976,-0.0025485531254886284,-0.0025485531254886284
18627,2022,SAPR11,2023-02-16,2024-02-26,0.1735,0.8265,0.2168093427932416,0.2168093427932416
18627,2023,SAPR11,2024-02-08,2025-02-11,0.14680000000000004,0.8532,-0.2697426339492688,-0.2697426339492688
18627,2024,SAPR11,2025-02-20,2026-02-26,0.09799999999999998,0.902,0.2702764080212434,0.2702764080212434
18660,2011,CPFE3,2012-03-12,2013-03-21,0.13249999999999995,0.8675,-0.40313608811739154,-0.40313608811739154
18660,2012,CPFE3,2013-03-13,2014-03-18,0.09950000000000003,0.9005,-0.0286179886881176,-0.0286179886881176
18660,2013,CPFE3,2014-03-27,2015-04-02,0.09509999999999996,0.9049,0.1472517211403095,0.1472517211403095
18660,2014,CPFE3,2015-03-26,2016-04-06,0.08950000000000002,0.9105,0.11240400647707771,0.11240400647707771
18660,2015,CPFE3,2016-03-21,2017-03-23,0.1099,0.8901,-0.06786188505198953,-0.06786188505198953
18660,2016,CPFE3,2017-03-23,2018-04-03,0.15590000000000004,0.8441,-0.26535018058654514,-0.26535018058654514
18660,2017,CPFE3,2018-03-27,2019-04-05,0.08320000000000005,0.9168,0.3612742493975296,0.3612742493975296
18660,2018,CPFE3,2019-03-28,2020-04-01,0.06889999999999996,0.9311,-0.3044840347859282,-0.3044840347859282
18660,2019,CPFE3,2020-03-09,2021-03-16,0.11639999999999995,0.8836,-0.32348231832568874,-0.32348231832568874
18660,2020,CPFE3,2021-03-31,2022-04-05,0.12450000000000006,0.8755,0.24167347396174876,0.24167347396174876
18660,2021,CPFE3,2022-03-17,2023-03-20,0.0847,0.9153,-0.08064024088130595,-0.08064024088130595
18660,2022,CPFE3,2023-03-16,2024-03-21,0.06769999999999998,0.9323,-0.2441399980194906,-0.2441399980194906
18660,2023,CPFE3,2024-03-21,2025-03-25,0.053300000000000014,0.9467,0.28777359700330973,0.28777359700330973
18660,2024,CPFE3,2025-02-26,2026-03-04,0.06469999999999998,0.9353,0.06537936434403413,0.06537936434403413
18724,2011,BRAP4,2012-03-16,2013-03-27,0.04710000000000003,0.9529,-0.01104077984268681,-0.01104077984268681
18724,2012,BRAP4,2013-03-20,2014-03-25,0.04949999999999999,0.9505,-0.048446230204358676,-0.048446230204358676
18724,2013,BRAP4,2014-03-20,2015-03-26,0.039100000000000024,0.9609,-0.35402539508116504,-0.35402539508116504
18724,2014,BRAP4,2015-03-19,2016-03-30,0.03259999999999996,0.9674,-0.14576805875627796,-0.14576805875627796
18724,2015,BRAP4,2016-03-21,2017-03-23,0.0686,0.9314,4.06632428694149,2.7515029164187417
18724,2016,BRAP4,2017-03-21,2018-03-29,0.08330000000000004,0.9167,-0.6362131145213247,-0.6362131145213247
18724,2017,BRAP4,2018-03-21,2019-04-01,0.07240000000000002,0.9276,-0.3380266047160341,-0.3380266047160341
18724,2019,BRAP4,2020-03-26,2021-04-05,0.13790000000000002,0.8621,0.11063808121880392,0.11063808121880392
18724,2020,BRAP4,2021-03-25,2022-03-30,0.09150000000000003,0.9085,-0.24454516601173515,-0.24454516601173515
18724,2021,BRAP4,2022-03-29,2023-03-30,0.06679999999999997,0.9332,-0.47814224877345624,-0.47814224877345624
18724,2022,BRAP4,2023-03-27,2024-04-02,0.031299999999999994,0.9687,-0.2735832677905129,-0.2735832677905129
18724,2023,BRAP4,2024-03-27,2025-03-31,0.06499999999999995,0.935,0.41174840820057,0.41174840820057
18724,2024,BRAP4,2025-03-25,2026-03-27,0.0827,0.9173,0.1341595023151383,0.1341595023151383
18821,2011,MOTV3,2012-03-07,2013-03-18,0.06579999999999997,0.9342,0.270112976390664,0.270112976390664
18821,2012,MOTV3,2013-03-18,2014-03-21,0.17079999999999995,0.8292,-0.32969204827546783,-0.32969204827546783
18821,2013,MOTV3,2014-03-12,2015-03-18,0.19820000000000004,0.8018,-0.06525436664583284,-0.06525436664583284
18821,2014,MOTV3,2015-04-02,2016-04-13,0.9327,0.0673,0.0026312993710340127,0.0026312993710340127
18821,2015,MOTV3,2016-02-25,2017-02-24,0.9311,0.0689,-0.09830360339810795,-0.09830360339810795
18821,2016,MOTV3,2017-03-06,2018-03-14,0.08020000000000005,0.9198,-0.4726464322354452,-0.4726464322354452
18821,2017,MOTV3,2018-02-27,2019-03-08,0.10729999999999995,0.8927,1.2961602665663956,1.2961602665663956
18821,2018,MOTV3,2019-03-21,2020-03-25,0.0917,0.9083,0.6740372135565633,0.6740372135565633
18821,2019,MOTV3,2020-03-05,2021-03-12,0.09899999999999998,0.901,-0.2828330585618427,-0.2828330585618427
18821,2020,MOTV3,2021-03-04,2022-03-09,0.08999999999999997,0.91,0.7568806842697979,0.7568806842697979
18821,2021,MOTV3,2022-02-24,2023-03-01,0.10629999999999995,0.8937,-0.10920858987652327,-0.10920858987652327
18821,2022,MOTV3,2023-02-15,2024-02-23,0.08189999999999997,0.9181,0.03783967158866597,0.03783967158866597
18821,2023,MOTV3,2024-02-08,2025-02-11,0.05349999999999999,0.9465,-0.15157231303305163,-0.15157231303305163
18821,2024,MOTV3,2025-02-06,2026-02-10,0.05579999999999996,0.9442,0.0807271041160651,0.0807271041160651
18961,2011,AEDU3,2012-04-02,2013-04-12,0.09889999999999999,0.9011,1.6836139922541542,1.6836139922541542
18961,2012,AEDU3,2013-03-25,2014-03-28,0.051899999999999946,0.9481,-0.3305829959560853,-0.3305829959560853
18970,2014,TIET11,2015-02-25,2016-03-07,0.08360000000000001,0.9164,0.012835888419850283,0.012835888419850283
18970,2015,TIET11,2016-02-24,2017-02-23,0.20989999999999998,0.7901,-0.36869837594912325,-0.36869837594912325
18970,2016,TIET11,2017-02-24,2018-03-08,0.07899999999999996,0.921,-0.32248022806958077,-0.32248022806958077
18970,2017,TIET11,2018-02-27,2019-03-08,0.19099999999999995,0.809,0.37097741568280185,0.37097741568280185
18970,2018,TIET11,2019-02-26,2020-03-04,0.09660000000000002,0.9034,0.7708950836495896,0.7708950836495896
18970,2019,TIET11,2020-03-02,2021-03-09,0.1602,0.8398,-0.12910456625547595,-0.12910456625547595
19445,2011,CSMG3,2012-03-09,2013-03-20,0.06659999999999999,0.9334,-0.14912494933123877,-0.14912494933123877
19445,2012,CSMG3,2013-03-06,2014-03-11,0.08650000000000002,0.9135,-0.43709954340764257,-0.43709954340764257
19445,2013,CSMG3,2014-01-30,2015-02-05,0.05369999999999997,0.9463,-0.41751264226092855,-0.41751264226092855
19445,2014,CSMG3,2015-04-06,2016-04-14,0.054200000000000026,0.9458,0.6789251331417356,0.6789251331417356
19445,2015,CSMG3,2016-03-11,2017-03-15,0.393,0.607,1.1705849304605098,1.1705849304605098
19445,2016,CSMG3,2017-03-09,2018-03-19,0.6806,0.3194,-0.7061679932984548,-0.7061679932984548
19445,2017,CSMG3,2018-02-23,2019-03-06,0.5439,0.4561,0.5971576812815418,0.5971576812815418
19445,2018,CSMG3,2019-02-28,2020-03-06,0.08879999999999999,0.9112,-0.159328352709057,-0.159328352709057
19445,2019,CSMG3,2020-03-19,2021-03-26,0.09909999999999997,0.9009,-0.11754153313542115,-0.11754153313542115
19445,2020,CSMG3,2021-04-20,2022-04-26,0.07679999999999998,0.9232,0.34579699895601346,0.34579699895601346
19445,2021,CSMG3,2022-06-13,2023-06-16,0.10970000000000002,0.8903,0.3557406655417392,0.3557406655417392
19445,2022,CSMG3,2023-03-21,2024-03-26,0.07340000000000002,0.9266,-0.2513119533377811,-0.2513119533377811
19445,2023,CSMG3,2024-03-21,2025-03-25,0.10640000000000005,0.8936,-0.04981393570104775,-0.04981393570104775
19445,2024,CSMG3,2025-03-24,2026-03-26,0.10070000000000001,0.8993,0.6252605512037108,0.6252605512037108
19453,2011,ECOR3,2012-03-15,2013-03-26,0.28300000000000003,0.717,0.02168017640355524,0.02168017640355524
19453,2012,ECOR3,2013-03-14,2014-03-19,0.14659999999999995,0.8534,-0.2522269463723896,-0.2522269463723896
19453,2013,ECOR3,2014-03-18,2015-03-24,0.35240000000000005,0.6476,-0.30073747190165734,-0.30073747190165734
19453,2014,ECOR3,2015-03-17,2016-03-28,0.13949999999999996,0.8605,-0.13451759641770022,-0.13451759641770022
19453,2015,ECOR3,2016-03-15,2017-03-17,0.27769999999999995,0.7223,0.6687659412847458,0.6687659412847458
19453,2016,ECOR3,2017-02-20,2018-03-02,0.13529999999999998,0.8647,-0.5022272935524024,-0.5022272935524024
19453,2017,ECOR3,2018-02-28,2019-03-11,0.10940000000000005,0.8906,0.439313614042935,0.439313614042935
19453,2018,ECOR3,2019-03-14,2020-03-18,0.12819999999999998,0.8718,0.4383840591185211,0.4383840591185211
19453,2019,ECOR3,2020-02-18,2021-02-26,0.1362,0.8638,-0.31484725437230177,-0.31484725437230177
19453,2020,ECOR3,2021-03-10,2022-03-15,0.14670000000000005,0.8533,-0.03489667031802368,-0.03489667031802368
19453,2021,ECOR3,2022-03-25,2023-03-28,0.12929999999999997,0.8707,0.3330858120546911,0.3330858120546911
19453,2022,ECOR3,2023-03-16,2024-03-21,0.11509999999999998,0.8849,0.6289958140617793,0.6289958140617793
19453,2023,ECOR3,2024-03-13,2025-03-17,0.127,0.873,-0.6484885447362683,-0.6484885447362683
19453,2024,ECOR3,2025-03-18,2026-03-20,0.09109999999999996,0.9089,0.13221301548775233,0.13221301548775233
19550,2011,NATU3,2012-02-15,2013-02-27,0.13980000000000004,0.8602,0.37945127452220784,0.37945127452220784
19550,2012,NATU3,2013-02-06,2014-02-11,0.28180000000000005,0.7182,-0.4168298945744545,-0.4168298945744545
19550,2013,NATU3,2014-06-10,2015-06-17,0.28200000000000003,0.718,-0.056358635043650684,-0.056358635043650684
19550,2014,NATU3,2015-02-11,2016-02-24,0.26849999999999996,0.7315,0.4360737801895216,0.4360737801895216
19550,2015,NATU3,2016-02-17,2017-02-16,0.2563,0.7437,-0.4566954125842758,-0.4566954125842758
19550,2016,NATU3,2017-02-22,2018-03-06,0.29100000000000004,0.709,0.4700585769782408,0.4700585769782408
19550,2017,NATU3,2018-03-14,2019-03-25,0.22540000000000004,0.7746,0.2901960273603077,0.2901960273603077
19550,2018,NATU3,2019-02-28,2020-03-06,0.10729999999999995,0.8927,-0.0019037348095837237,-0.0019037348095837237
19550,2019,NATU3,2020-03-05,2021-03-12,0.42169999999999996,0.5783,-0.3742568019533614,-0.3742568019533614
19550,2020,NATU3,2021-03-31,2022-04-05,0.1765,0.8235,-0.5737452483311485,-0.5737452483311485
19550,2021,NATU3,2022-03-29,2023-03-30,0.14439999999999997,0.8556,0.4681526813298167,0.4681526813298167
19550,2022,NATU3,2023-03-16,2024-03-21,0.1422,0.8578,0.20221154997617452,0.20221154997617452
19550,2024,NATU3,2025-03-13,2026-03-17,0.26080000000000003,0.7392,-0.44197355751108924,-0.44197355751108924
19615,2011,GRND3,2012-03-01,2013-03-12,0.11309999999999998,0.8869,1.3429112591269052,1.3429112591269052
19615,2012,GRND3,2013-02-28,2014-03-05,0.1099,0.8901,-0.5795317964864344,-0.5795317964864344
19615,2013,GRND3,2014-02-13,2015-02-23,0.09089999999999998,0.9091,0.037436329521184586,0.037436329521184586
19615,2014,GRND3,2015-02-12,2016-02-25,0.08850000000000002,0.9115,0.6217989836112146,0.6217989836112146
19615,2018,GRND3,2019-02-14,2020-02-19,0.18230000000000002,0.8177,0.10157310561096033,0.10157310561096033
19615,2021,GRND3,2022-02-24,2023-03-01,0.21630000000000005,0.7837,-0.16436955536446507,-0.16436955536446507
19615,2022,GRND3,2023-03-02,2024-03-07,0.10880000000000001,0.8912,-0.060007986649572964,-0.060007986649572964
19615,2023,GRND3,2024-02-29,2025-02-28,0.11119999999999997,0.8888,0.054765395139456885,0.054765395139456885
19739,2011,RENT3,2012-03-13,2013-03-22,0.10240000000000005,0.8976,-0.2096314139851504,-0.2096314139851504
19739,2021,RENT3,2022-02-22,2023-02-27,0.18579999999999997,0.8142,0.044764073687461714,0.044764073687461714
19739,2022,RENT3,2023-03-28,2024-04-03,0.26570000000000005,0.7343,-0.3538672594762555,-0.3538672594762555
19739,2023,RENT3,2024-03-12,2025-03-14,0.08730000000000004,0.9127,-0.22790662823138053,-0.22790662823138053
19739,2024,RENT3,2025-02-27,2026-03-05,0.06059999999999999,0.9394,0.6501279329201348,0.6501279329201348
19771,2011,ARTR3,2012-03-22,2013-04-03,0.119,0.881,0.2882576441069684,0.2882576441069684
19771,2012,ARTR3,2013-03-05,2014-03-10,0.35660000000000003,0.6434,-0.34847990841615617,-0.34847990841615617
19771,2013,ARTR3,2014-02-26,2015-03-06,0.11780000000000002,0.8822,-0.44864316301940943,-0.44864316301940943
19771,2014,ARTR3,2015-02-26,2016-03-08,0.12070000000000003,0.8793,0.50007950107352,0.50007950107352
19836,2012,CSAN3,2012-05-31,2013-06-12,0.28759999999999997,0.7124,0.1255377089762817,0.1255377089762817
19836,2013,CSAN3,2013-06-05,2014-06-10,0.6168,0.3832,-0.4434932046799712,-0.4434932046799712
19836,2014,CSAN3,2015-03-18,2016-03-29,0.08150000000000002,0.9185,0.16430521395804631,0.16430521395804631
19836,2015,CSAN3,2016-02-18,2017-02-17,0.14790000000000003,0.8521,-0.0032925901403195734,-0.0032925901403195734
19836,2016,CSAN3,2017-02-16,2018-02-28,0.11909999999999998,0.8809,-0.3550370770185062,-0.3550370770185062
19836,2017,CSAN3,2018-03-26,2019-04-04,0.1604,0.8396,0.04290827825480781,0.04290827825480781
19836,2018,CSAN3,2019-02-14,2020-02-19,0.0373,0.9627,0.7567839646126804,0.7567839646126804
19836,2019,CSAN3,2020-02-14,2021-02-24,0.032399999999999984,0.9676,-0.32559959476689404,-0.32559959476689404
19836,2020,CSAN3,2021-02-11,2022-02-16,0.38029999999999997,0.6197,0.167333147314356,0.167333147314356
19836,2021,CSAN3,2022-02-24,2023-03-01,0.1713,0.8287,-0.21957173493429338,-0.21957173493429338
19836,2022,CSAN3,2023-02-28,2024-03-05,0.11880000000000002,0.8812,0.13483049412329784,0.13483049412329784
19836,2023,CSAN3,2024-05-29,2025-06-03,0.16910000000000003,0.8309,-0.2976598383595912,-0.2976598383595912
19836,2024,CSAN3,2025-03-10,2026-03-12,0.15610000000000002,0.8439,-0.02628333680479855,-0.02628333680479855
19879,2012,LIGT3,2013-03-25,2014-03-28,0.07650000000000001,0.9235,0.42797447096335883,0.42797447096335883
19879,2013,LIGT3,2014-03-11,2015-03-17,0.06399999999999995,0.936,0.020968209973550866,0.020968209973550866
19879,2014,LIGT3,2015-03-06,2016-03-16,0.06389999999999996,0.9361,-0.2010733706879887,-0.2010733706879887
19879,2015,LIGT3,2016-11-10,2017-11-16,0.10350000000000004,0.8965,-0.2646448343213593,-0.2646448343213593
19879,2016,LIGT3,2017-03-23,2018-04-03,0.10019999999999996,0.8998,-0.6216954249956403,-0.6216954249956403
19879,2017,LIGT3,2018-03-28,2019-04-08,0.07420000000000004,0.9258,1.219117371946524,1.219117371946524
19879,2018,LIGT3,2019-03-28,2020-04-01,0.09750000000000003,0.9025,-0.4972580181352477,-0.4972580181352477
19879,2019,LIGT3,2020-03-12,2021-03-19,0.09670000000000001,0.9033,-0.13745805362506547,-0.13745805362506547
19879,2020,LIGT3,2021-03-19,2022-03-24,0.09319999999999995,0.9068,-0.484138303274936,-0.484138303274936
19879,2021,LIGT3,2022-03-24,2023-03-27,0.07889999999999997,0.9211,-0.41057949910207336,-0.41057949910207336
19879,2022,LIGT3,2023-03-28,2024-04-03,0.11140000000000005,0.8886,2.1068758213918657,2.1068758213918657
19879,2023,LIGT3,2024-03-25,2025-03-27,0.10609999999999997,0.8939,-0.5437748011310546,-0.5437748011310546
19879,2024,LIGT3,2025-03-28,2026-04-01,0.12219999999999998,0.8778,-0.1637800719879039,-0.1637800719879039
19909,2013,BRML3,2014-03-17,2015-03-23,0.22540000000000004,0.7746,0.13219339023427312,0.13219339023427312
19909,2014,BRML3,2015-03-11,2016-03-21,0.20309999999999995,0.7969,0.07853868394690489,0.07853868394690489
19909,2015,BRML3,2016-03-14,2017-03-16,0.21499999999999997,0.785,-0.13248679541455255,-0.13248679541455255
19909,2016,BRML3,2017-03-15,2018-03-23,0.5432,0.4568,-0.23384047207680192,-0.23384047207680192
19909,2017,BRML3,2018-03-16,2019-03-27,0.3962,0.6038,0.5046076523137859,0.5046076523137859
19909,2018,BRML3,2019-03-29,2020-04-02,0.45420000000000005,0.5458,0.0079078247013733,0.0079078247013733
19909,2019,BRML3,2020-03-12,2021-03-19,0.6362,0.3638,-0.4107213818499291,-0.4107213818499291
19909,2020,BRML3,2021-04-09,2022-04-13,0.08199999999999996,0.918,0.5178259087442896,0.5178259087442896
19992,2011,TOTS3,2012-01-31,2013-02-08,0.18969999999999998,0.8103,0.5170079472443319,0.5170079472443319
19992,2012,TOTS3,2013-01-29,2014-02-03,0.1975,0.8025,-0.3757879165794614,-0.3757879165794614
19992,2013,TOTS3,2014-01-29,2015-02-04,0.19540000000000002,0.8046,0.07505403664645072,0.07505403664645072
19992,2014,TOTS3,2015-01-28,2016-02-10,0.17610000000000003,0.8239,-0.12559207568389064,-0.12559207568389064
19992,2015,TOTS3,2016-03-16,2017-03-20,0.23199999999999998,0.768,-0.38432687056004244,-0.38432687056004244
19992,2016,TOTS3,2017-02-22,2018-03-06,0.1552,0.8448,0.34983609606320987,0.34983609606320987
19992,2017,TOTS3,2018-02-07,2019-02-18,0.1916,0.8084,0.29254378941866976,0.29254378941866976
19992,2018,TOTS3,2019-02-13,2020-02-18,0.25039999999999996,0.7496,0.9469869547707304,0.9469869547707304
19992,2019,TOTS3,2020-02-12,2021-02-22,0.3093,0.6907,-0.300533976953004,-0.300533976953004
19992,2020,TOTS3,2022-02-16,2023-02-17,0.26149999999999995,0.7385,-0.02588730995536792,-0.02588730995536792
19992,2021,TOTS3,2022-02-16,2023-02-17,0.3648,0.6352,-0.02588730995536792,-0.02588730995536792
19992,2022,TOTS3,2023-02-14,2024-02-22,0.1451,0.8549,-0.2292997278186324,-0.2292997278186324
19992,2023,TOTS3,2024-02-07,2025-02-10,0.12960000000000005,0.8704,0.1286189672203526,0.1286189672203526
19992,2024,TOTS3,2025-02-12,2026-02-18,0.2389,0.7611,-0.40666691775074937,-0.40666691775074937
20010,2011,EQTL3,2012-12-03,2013-12-09,0.1906,0.8094,-0.023235209378345334,-0.023235209378345334
20010,2013,EQTL3,2014-03-11,2015-03-17,0.34709999999999996,0.6529,0.5142260208973966,0.5142260208973966
20010,2014,EQTL3,2015-02-24,2016-03-04,0.040200000000000014,0.9598,0.23297435323268112,0.23297435323268112
20010,2015,EQTL3,2017-09-25,2018-10-03,0.05489999999999995,0.9451,-0.1405900263161528,-0.1405900263161528
20010,2016,EQTL3,2017-09-25,2018-10-03,0.29190000000000005,0.7081,-0.1405900263161528,-0.1405900263161528
20010,2017,EQTL3,2018-03-09,2019-03-20,0.29500000000000004,0.705,0.011539286740098298,0.011539286740098298
20010,2018,EQTL3,2019-04-12,2020-04-17,0.16800000000000004,0.832,0.18451607760070132,0.18451607760070132
20010,2019,EQTL3,2020-05-25,2021-05-31,0.4041,0.5959,-0.22128122714923126,-0.22128122714923126
20010,2020,EQTL3,2021-03-24,2022-03-29,0.07310000000000005,0.9269,0.4361151370776839,0.4361151370776839
20010,2021,EQTL3,2022-03-31,2023-04-03,0.06140000000000001,0.9386,-0.06023254714560233,-0.06023254714560233
20010,2022,EQTL3,2023-03-29,2024-04-04,0.1411,0.8589,-0.13141608381046277,-0.13141608381046277
20010,2023,EQTL3,2024-03-25,2025-03-27,0.060799999999999965,0.9392,-0.1265657693486183,-0.1265657693486183
20010,2024,EQTL3,2025-04-01,2026-04-06,0.05700000000000005,0.943,-0.1079470543016432,-0.1079470543016432
20028,2011,VLID3,2012-03-21,2013-04-02,0.5766,0.4234,0.12562717200765805,0.12562717200765805
20028,2012,VLID3,2013-03-27,2014-04-01,0.3064,0.6936,-0.29362074926585124,-0.29362074926585124
20028,2013,VLID3,2014-03-21,2015-03-27,0.43989999999999996,0.5601,0.545239606524833,0.545239606524833
20028,2014,VLID3,2015-03-05,2016-03-15,0.41479999999999995,0.5852,-0.33387679914830126,-0.33387679914830126
20028,2015,VLID3,2016-04-25,2017-04-27,0.4373,0.5627,-0.4927253792903832,-0.4927253792903832
20028,2016,VLID3,2017-03-16,2018-03-26,0.37250000000000005,0.6275,0.10400370234307021,0.10400370234307021
20028,2017,VLID3,2018-03-12,2019-03-21,0.5294,0.4706,0.38751570489089526,0.38751570489089526
20028,2018,VLID3,2019-03-14,2020-03-18,0.47330000000000005,0.5267,-0.5076964105514898,-0.5076964105514898
20028,2019,VLID3,2020-03-05,2021-03-12,0.3286,0.6714,-0.09131056759138001,-0.09131056759138001
20028,2020,VLID3,2021-04-08,2022-04-12,0.37339999999999995,0.6266,0.24851035944056332,0.24851035944056332
20028,2022,VLID3,2023-03-15,2024-03-20,0.37470000000000003,0.6253,0.4821840015527401,0.4821840015527401
20028,2023,VLID3,2024-03-06,2025-03-10,0.009600000000000053,0.9904,-0.057608675771165685,-0.057608675771165685
20060,2011,LUPA3,2012-04-02,2013-04-12,0.46230000000000004,0.5377,-0.5358367237885069,-0.5358367237885069
20060,2012,LUPA3,2013-04-01,2014-04-04,0.1773,0.8227,0.14658497613647792,0.14658497613647792
20060,2014,LUPA3,2015-03-27,2016-04-25,0.3879,0.6121,-0.9373954608134176,-0.8752950333221533
20060,2022,LUPA3,2023-04-04,2024-04-10,0.931,0.069,-0.685926313378264,-0.685926313378264
20087,2011,EMBJ3,2012-03-26,2013-04-05,0.03300000000000003,0.967,0.3060739746933485,0.3060739746933485
20087,2012,EMBJ3,2013-03-12,2014-03-17,0.057599999999999985,0.9424,0.008977367390713642,0.008977367390713642
20087,2013,EMBJ3,2014-04-02,2015-04-09,0.0474,0.9526,-0.2519441174345749,-0.2519441174345749
20087,2014,EMBJ3,2015-03-16,2016-03-24,0.05840000000000001,0.9416,-0.1973708891192102,-0.1973708891192102
20087,2015,EMBJ3,2016-03-18,2017-03-22,0.037699999999999956,0.9623,0.030523468964524847,0.030523468964524847
20087,2016,EMBJ3,2017-03-09,2018-03-19,0.04630000000000001,0.9537,0.12402552935268729,0.12402552935268729
20087,2017,EMBJ3,2018-03-08,2019-03-19,0.035800000000000054,0.9642,-0.4550771664626949,-0.4550771664626949
20087,2018,EMBJ3,2019-03-14,2020-03-18,0.03710000000000002,0.9629,-0.24644461543656926,-0.24644461543656926
20087,2019,EMBJ3,2020-03-26,2021-04-05,0.045499999999999985,0.9545,0.07877531727203824,0.07877531727203824
20087,2020,EMBJ3,2021-03-19,2022-03-24,0.0514,0.9486,0.1997182288586108,0.1997182288586108
20087,2021,EMBJ3,2022-03-09,2023-03-10,0.05279999999999996,0.9472,-0.08560876698613118,-0.08560876698613118
20087,2022,EMBJ3,2023-03-10,2024-03-15,0.043300000000000005,0.9567,0.02777106285128772,0.02777106285128772
20087,2023,EMBJ3,2024-03-18,2025-03-20,0.05630000000000002,0.9437,0.7440783966921836,0.7440783966921836
20087,2024,EMBJ3,2025-02-27,2026-03-05,0.038900000000000046,0.9611,-0.5859073138094322,-0.5859073138094322
20168,2011,OGXP3,2012-03-23,2013-04-04,0.23919999999999997,0.7608,-0.8590301561190837,-0.8590301561190837
20168,2012,OGXP3,2013-03-26,2014-03-31,0.28480000000000005,0.7152,-0.5629285207418264,-0.5629285207418264
20168,2013,OGXP3,2014-04-01,2015-04-08,0.368,0.632,1.9050044514328324,1.9050044514328324
20168,2014,OGXP3,2015-03-23,2016-04-01,0.3022,0.6978,1.1253321739785176,1.1253321739785176
20168,2015,OGXP3,2016-03-28,2017-03-29,0.21609999999999996,0.7839,-0.8283277092575632,-0.8283277092575632
20168,2016,OGXP3,2017-03-17,2018-03-27,0.21550000000000002,0.7845,-0.769972915029282,-0.769972915029282
20257,2012,TAEE11,2013-03-27,2014-04-01,0.42069999999999996,0.5793,-0.3849131130179938,-0.3849131130179938
20257,2013,TAEE11,2014-03-21,2015-03-27,0.1622,0.8378,0.07158135374800545,0.07158135374800545
20257,2014,TAEE11,2015-03-12,2016-03-22,0.12529999999999997,0.8747,-0.06432548340740585,-0.06432548340740585
20257,2015,TAEE11,2016-03-14,2017-03-16,0.12239999999999995,0.8776,0.05098117401723212,0.05098117401723212
20257,2017,TAEE11,2018-05-17,2019-05-28,0.19430000000000003,0.8057,0.7097725706602205,0.7097725706602205
20257,2018,TAEE11,2019-04-11,2020-04-16,0.11950000000000005,0.8805,0.10576196045200725,0.10576196045200725
20257,2019,TAEE11,2020-03-12,2021-03-19,0.13029999999999997,0.8697,-0.19613331915993326,-0.19613331915993326
20257,2020,TAEE11,2021-03-03,2022-03-08,0.16359999999999997,0.8364,0.28994138831295624,0.28994138831295624
20257,2021,TAEE11,2022-02-18,2023-02-23,0.1815,0.8185,-0.18730899926783628,-0.18730899926783628
20257,2022,TAEE11,2023-03-15,2024-03-20,0.09499999999999997,0.905,-0.06564704488007866,-0.06564704488007866
20257,2023,TAEE11,2024-03-06,2025-03-10,0.11929999999999996,0.8807,0.10484985048001838,0.10484985048001838
20257,2024,TAEE11,2025-03-18,2026-03-20,0.11599999999999999,0.884,0.02007707076421772,0.02007707076421772
20338,2011,MDIA3,2012-03-05,2013-03-14,0.18269999999999997,0.8173,0.23487100944003858,0.23487100944003858
20338,2012,MDIA3,2013-03-04,2014-03-07,0.20450000000000002,0.7955,-0.18939411595958822,-0.18939411595958822
20338,2013,MDIA3,2014-03-10,2015-03-16,0.19599999999999995,0.804,-0.26793564742151343,-0.26793564742151343
20338,2014,MDIA3,2015-02-27,2016-03-09,0.3659,0.6341,-0.09345412076089987,-0.09345412076089987
20338,2015,MDIA3,2016-02-26,2017-03-01,0.24109999999999998,0.7589,0.7320420997943586,0.7320420997943586
20338,2016,MDIA3,2017-03-06,2018-03-14,0.23850000000000005,0.7615,-0.45454188498859294,-0.45454188498859294
20338,2017,MDIA3,2018-03-05,2019-03-14,0.28359999999999996,0.7164,-0.2306621209249724,-0.2306621209249724
20338,2018,MDIA3,2019-03-13,2020-03-17,0.38349999999999995,0.6165,0.07839286385765165,0.07839286385765165
20338,2019,MDIA3,2020-03-06,2021-03-15,0.19910000000000005,0.8009,-0.08506476857106582,-0.08506476857106582
20338,2020,MDIA3,2021-03-31,2022-04-05,0.24739999999999995,0.7526,0.10535795600268827,0.10535795600268827
20338,2021,MDIA3,2022-03-18,2023-03-21,0.2893,0.7107,0.9218978044046269,0.9218978044046269
20338,2022,MDIA3,2023-11-06,2024-11-05,0.2066,0.7934,-0.13448618238595733,-0.13448618238595733
20338,2023,MDIA3,2024-02-23,2025-02-24,0.12629999999999997,0.8737,-0.44043786520897676,-0.44043786520897676
20362,2011,POSI3,2012-03-20,2013-04-01,0.25339999999999996,0.7466,-0.4264897026376817,-0.4264897026376817
20362,2012,POSI3,2013-03-14,2014-03-19,0.2076,0.7924,0.059451216437408805,0.059451216437408805
20362,2013,POSI3,2014-02-20,2015-03-02,0.28590000000000004,0.7141,0.4840158706735249,0.4840158706735249
20362,2014,POSI3,2015-03-06,2016-03-16,0.16910000000000003,0.8309,-0.4424631833106061,-0.4424631833106061
20362,2015,POSI3,2016-03-23,2017-03-27,0.3547,0.6453,0.4522975060315162,0.4522975060315162
20362,2016,POSI3,2017-03-16,2018-03-26,0.31920000000000004,0.6808,-0.7525886309270766,-0.7525886309270766
20362,2017,POSI3,2018-03-14,2019-03-25,0.3246,0.6754,-0.31531204658307677,-0.31531204658307677
20362,2018,POSI3,2019-03-27,2020-03-31,0.45430000000000004,0.5457,2.0573508931172313,2.0573508931172313
20362,2019,POSI3,2020-03-04,2021-03-11,0.4838,0.5162,-0.7765826383564572,-0.7765826383564572
20362,2020,POSI3,2021-03-17,2022-03-22,0.5846,0.4154,-0.05663390444144023,-0.05663390444144023
20362,2021,POSI3,2022-03-30,2023-03-31,0.5477000000000001,0.4523,-0.29588413169026295,-0.29588413169026295
20362,2022,POSI3,2023-03-21,2024-03-26,0.42069999999999996,0.5793,0.034771557926525754,0.034771557926525754
20362,2023,POSI3,2024-03-21,2025-03-25,0.3731,0.6269,-0.40420904724498574,-0.40420904724498574
20362,2024,POSI3,2025-03-19,2026-03-23,0.4091,0.5909,-0.3953722697983477,-0.3953722697983477
20435,2011,TCSA3,2012-03-21,2013-04-02,0.28600000000000003,0.714,-0.029915223041650396,-0.029915223041650396
20435,2014,TCSA3,2015-03-23,2016-04-01,0.5533,0.4467,-0.13021687835573892,-0.13021687835573892
20435,2022,TCSA3,2023-03-23,2024-03-28,0.6719999999999999,0.328,-0.40199549674741586,-0.40199549674741586
20435,2023,TCSA3,2024-03-28,2025-04-01,0.32430000000000003,0.6757,-0.4906506826543017,-0.4906506826543017
20478,2011,PDGR3,2012-04-18,2013-04-29,0.2589,0.7411,-0.3109509379504678,-0.3109509379504678
20478,2012,PDGR3,2013-03-26,2014-03-31,0.8193,0.1807,0.15070895632514247,0.15070895632514247
20516,2012,SMTO3,2012-06-25,2013-07-04,0.08699999999999997,0.913,0.12921260262239476,0.12921260262239476
20516,2013,SMTO3,2013-06-24,2014-07-01,0.13390000000000002,0.8661,0.08904876073063916,0.08904876073063916
20516,2014,SMTO3,2014-06-16,2015-06-22,0.06920000000000004,0.9308,-0.31088261964227937,-0.31088261964227937
20516,2015,SMTO3,2015-07-08,2016-07-15,0.04949999999999999,0.9505,0.0863938414384875,0.0863938414384875
20516,2016,SMTO3,2016-06-06,2017-06-08,0.08599999999999997,0.914,-0.49873657504928604,-0.49873657504928604
20516,2017,SMTO3,2017-06-26,2018-07-03,0.07520000000000004,0.9248,0.1380344422046318,0.1380344422046318
20516,2018,SMTO3,2018-06-25,2019-07-04,0.05630000000000002,0.9437,0.00023670379850249113,0.00023670379850249113
20516,2019,SMTO3,2019-06-24,2020-06-29,0.06810000000000005,0.9319,-0.06126971806648884,-0.06126971806648884
20516,2020,SMTO3,2020-06-29,2021-07-05,0.09860000000000002,0.9014,0.2708606217453411,0.2708606217453411
20516,2021,SMTO3,2021-06-21,2022-06-24,0.06699999999999995,0.933,-0.15951826200302188,-0.15951826200302188
20516,2022,SMTO3,2022-06-20,2023-06-22,0.06989999999999996,0.9301,-0.46869744536257407,-0.46869744536257407
20516,2023,SMTO3,2023-06-19,2024-06-21,0.08050000000000002,0.9195,-0.012335251255859214,-0.012335251255859214
20516,2024,SMTO3,2024-06-17,2025-06-20,0.05479999999999996,0.9452,-0.4509102739476989,-0.4509102739476989
20524,2022,EVEN3,2023-03-28,2024-04-03,0.24960000000000004,0.7504,0.3112933809588987,0.3112933809588987
20524,2023,EVEN3,2024-03-21,2025-03-25,0.721,0.279,-0.3867856979982983,-0.3867856979982983
20524,2024,EVEN3,2025-03-27,2026-03-31,0.4394,0.5606,-0.16203170951837997,-0.16203170951837997
20575,2011,JBSS3,2012-03-21,2013-04-02,0.12949999999999995,0.8705,-0.3573748827768898,-0.3573748827768898
20575,2012,JBSS3,2013-10-07,2014-10-14,0.12729999999999997,0.8727,0.05799247884893588,0.05799247884893588
20575,2013,JBSS3,2014-03-24,2015-03-30,0.06230000000000002,0.9377,0.09022263059831603,0.09022263059831603
20575,2014,JBSS3,2016-08-05,2017-08-10,0.04730000000000001,0.9527,-0.37568882337036835,-0.37568882337036835
20575,2016,JBSS3,2017-04-07,2018-04-18,0.06910000000000005,0.9309,-0.2038860844534508,-0.2038860844534508
20575,2017,JBSS3,2018-03-28,2019-04-08,0.06730000000000003,0.9327,1.3395735404943951,1.3395735404943951
20575,2018,JBSS3,2019-03-28,2020-04-01,0.044499999999999984,0.9555,0.22651768305349118,0.22651768305349118
20575,2019,JBSS3,2020-03-25,2021-04-01,0.04169999999999996,0.9583,-0.5725077531026899,-0.5725077531026899
20575,2020,JBSS3,2021-03-24,2022-03-29,0.04290000000000005,0.9571,-0.01369403975175576,-0.01369403975175576
20575,2021,JBSS3,2022-03-21,2023-03-22,0.04490000000000005,0.9551,-0.6477009723341032,-0.6477009723341032
20575,2022,JBSS3,2023-03-21,2024-03-26,0.05069999999999997,0.9493,0.6117153892055436,0.6117153892055436
20575,2023,JBSS3,2024-03-26,2025-03-28,0.03249999999999997,0.9675,0.7762847565431406,0.7762847565431406
20605,2011,JHSF3,2012-03-26,2013-04-05,0.16490000000000005,0.8351,-0.14356744446298864,-0.14356744446298864
20605,2012,JHSF3,2013-03-27,2014-04-01,0.2823,0.7177,-0.4913063270156085,-0.4913063270156085
20605,2013,JHSF3,2014-03-25,2015-03-31,0.6103000000000001,0.3897,0.1820597758302105,0.1820597758302105
20605,2014,JHSF3,2015-03-12,2016-03-22,0.28559999999999997,0.7144,0.09013518960846167,0.09013518960846167
20605,2017,JHSF3,2018-04-16,2019-04-25,0.49050000000000005,0.5095,1.6409001339579818,1.6409001339579818
20621,2011,FHER3,2012-03-14,2013-03-25,0.11770000000000003,0.8823,-0.0995170691245073,-0.0995170691245073
20621,2012,FHER3,2013-03-08,2014-03-13,0.0534,0.9466,-0.3592074557698245,-0.3592074557698245
20621,2013,FHER3,2014-03-12,2015-03-18,0.1512,0.8488,-0.26678948528574653,-0.26678948528574653
20621,2014,FHER3,2015-03-12,2016-03-22,0.08740000000000003,0.9126,-0.28682775505401303,-0.28682775505401303
20621,2015,FHER3,2016-03-10,2017-03-14,0.06279999999999997,0.9372,1.0022641480469385,1.0022641480469385
20621,2016,FHER3,2017-03-17,2018-03-27,0.0675,0.9325,-0.7257956941789767,-0.7257956941789767
20621,2017,FHER3,2018-03-13,2019-03-22,0.043300000000000005,0.9567,0.7929595096860769,0.7929595096860769
20621,2018,FHER3,2019-03-28,2020-04-01,0.18679999999999997,0.8132,0.0431935584603953,0.0431935584603953
20621,2019,FHER3,2020-03-31,2021-04-08,0.23350000000000004,0.7665,0.39794775518829595,0.39794775518829595
20621,2020,FHER3,2021-03-26,2022-03-31,0.23809999999999998,0.7619,-0.23647471385626828,-0.23647471385626828
20621,2021,FHER3,2022-03-28,2023-03-29,0.22089999999999999,0.7791,-0.7588338485993633,-0.7588338485993633
20621,2022,FHER3,2023-03-28,2024-04-03,0.1834,0.8166,-0.7511711206946677,-0.7511711206946677
20621,2023,FHER3,2024-03-28,2025-04-01,0.1483,0.8517,0.9020681510137203,0.9020681510137203
20702,2011,VIVR3,2012-03-30,2013-04-11,0.7371,0.2629,-0.6921201854183365,-0.6921201854183365
20702,2012,VIVR3,2013-04-03,2014-04-07,0.41100000000000003,0.589,-0.38251220437430844,-0.38251220437430844
20702,2013,VIVR3,2014-03-25,2015-03-31,0.31589999999999996,0.6841,0.37701904895862004,0.37701904895862004
20702,2014,VIVR3,2015-03-31,2016-04-11,0.2704,0.7296,-0.4435591992779363,-0.4435591992779363
20702,2015,VIVR3,2016-03-30,2017-04-03,0.14900000000000002,0.851,-0.991546979568206,-0.8752950333221533
20702,2016,VIVR3,2017-03-29,2018-04-09,0.3923,0.6077,-0.2639953278300554,-0.2639953278300554
20702,2017,VIVR3,2018-03-28,2019-04-08,0.3718,0.6282,-0.7402344838071646,-0.7402344838071646
20702,2018,VIVR3,2019-03-28,2020-04-01,0.32289999999999996,0.6771,-0.5805302123019509,-0.5805302123019509
20702,2019,VIVR3,2020-03-30,2021-04-07,0.2995,0.7005,-0.026909529829647227,-0.026909529829647227
20702,2020,VIVR3,2021-03-30,2022-04-04,0.4234,0.5766,0.12074038956092692,0.12074038956092692
20702,2021,VIVR3,2022-03-30,2023-03-31,0.4659,0.5341,-0.8737698671032673,-0.8737698671032673
20745,2014,SLCE3,2015-03-11,2016-03-21,0.16659999999999997,0.8334,0.11280718363227127,0.11280718363227127
20745,2018,SLCE3,2019-03-13,2020-03-17,0.22409999999999997,0.7759,-0.21609918048983745,-0.21609918048983745
20745,2019,SLCE3,2020-03-26,2021-04-05,0.13890000000000002,0.8611,0.31472487087141143,0.31472487087141143
20745,2021,SLCE3,2022-03-15,2023-03-16,0.1442,0.8558,-0.3951843018304342,-0.3951843018304342
20745,2022,SLCE3,2023-03-31,2024-04-08,0.16310000000000002,0.8369,-0.21835169857476622,-0.21835169857476622
20745,2023,SLCE3,2024-04-12,2025-04-15,0.0686,0.9314,0.32666676738446565,0.32666676738446565
20745,2024,SLCE3,2025-03-25,2026-03-27,0.24219999999999997,0.7578,-0.023324926631036802,-0.023324926631036802
20770,2011,EZTC3,2012-03-13,2013-03-22,0.22740000000000005,0.7726,-0.21497127718837172,-0.21497127718837172
20770,2012,EZTC3,2013-03-19,2014-03-24,0.3345,0.6655,0.05157996484694061,0.05157996484694061
20770,2013,EZTC3,2014-03-19,2015-03-25,0.3779,0.6221,-0.2645681280651274,-0.2645681280651274
20770,2014,EZTC3,2015-03-18,2016-03-29,0.20740000000000003,0.7926,0.09841533980768813,0.09841533980768813
20770,2015,EZTC3,2016-03-29,2017-03-30,0.31889999999999996,0.6811,-0.3516230739997357,-0.3516230739997357
20770,2017,EZTC3,2018-03-16,2019-03-27,0.6561,0.3439,0.012184739243579434,0.012184739243579434
20770,2022,EZTC3,2023-09-18,2024-09-19,0.6774,0.3226,-0.33464733929030166,-0.33464733929030166
20770,2023,EZTC3,2024-03-18,2025-03-20,0.4596,0.5404,0.08712287463744328,0.08712287463744328
20788,2013,MBRF3,2014-03-19,2015-03-25,0.36140000000000005,0.6386,1.692703080252683,1.692703080252683
20788,2014,MBRF3,2015-03-02,2016-03-10,0.05410000000000004,0.9459,-0.23765903178492853,-0.23765903178492853
20788,2015,MBRF3,2016-02-29,2017-03-02,0.2672,0.7328,-0.7102649484252679,-0.7102649484252679
20788,2016,MBRF3,2017-02-23,2018-03-07,0.19210000000000005,0.8079,-0.13392070868084305,-0.13392070868084305
20788,2017,MBRF3,2018-03-27,2019-04-05,0.11660000000000004,0.8834,0.044481412620384075,0.044481412620384075
20788,2018,MBRF3,2019-02-27,2020-03-05,0.2976,0.7024,1.033262000022316,1.033262000022316
20788,2019,MBRF3,2020-02-19,2021-03-01,0.12339999999999995,0.8766,-0.4229386341415846,-0.4229386341415846
20788,2020,MBRF3,2021-04-08,2022-04-12,0.129,0.871,-0.38961646361793834,-0.38961646361793834
20788,2021,MBRF3,2022-03-08,2023-03-09,0.08899999999999997,0.911,-0.8066639056404022,-0.8066639056404022
20788,2022,MBRF3,2023-03-01,2024-03-06,0.07469999999999999,0.9253,3.001213909991346,2.7515029164187417
20788,2023,MBRF3,2024-03-27,2025-03-31,0.05610000000000004,0.9439,0.6936080932512843,0.6936080932512843
20788,2024,MBRF3,2025-02-26,2026-03-04,0.05740000000000001,0.9426,-0.4666148823435631,-0.4666148823435631
20842,2011,MAGG3,2012-03-08,2013-03-19,0.17700000000000005,0.823,0.1626691360487693,0.1626691360487693
20842,2012,MAGG3,2013-03-15,2014-03-20,0.09460000000000002,0.9054,-0.2738498872110562,-0.2738498872110562
20842,2013,MAGG3,2014-03-20,2015-03-26,0.05830000000000002,0.9417,-0.33974119161003735,-0.33974119161003735
20842,2014,MAGG3,2015-03-16,2016-03-24,0.08309999999999995,0.9169,1.8557153927764238,1.8557153927764238
20842,2016,MAGG3,2017-03-15,2018-03-23,0.13949999999999996,0.8605,0.47900825835083416,0.47900825835083416
20915,2011,MRVE3,2012-03-15,2013-03-26,0.10529999999999995,0.8947,-0.45198441216477425,-0.45198441216477425
20915,2012,MRVE3,2013-03-14,2014-03-19,0.11529999999999996,0.8847,-0.04441853146191754,-0.04441853146191754
20915,2013,MRVE3,2014-03-13,2015-03-19,0.18789999999999996,0.8121,0.4297780411951715,0.4297780411951715
20915,2014,MRVE3,2015-03-05,2016-03-15,0.2552,0.7448,0.8874808442639841,0.8874808442639841
20915,2015,MRVE3,2016-03-07,2017-03-09,0.5074000000000001,0.4926,-0.44414760822485366,-0.44414760822485366
20915,2016,MRVE3,2017-03-13,2018-03-21,0.32030000000000003,0.6797,-0.21182754735524534,-0.21182754735524534
20915,2017,MRVE3,2018-03-08,2019-03-19,0.23909999999999998,0.7609,0.04191418192887597,0.04191418192887597
20915,2018,MRVE3,2019-02-28,2020-03-06,0.3369,0.6631,0.6305361494744073,0.6305361494744073
20915,2019,MRVE3,2020-03-02,2021-03-09,0.49470000000000003,0.5053,-0.4112350436987051,-0.4112350436987051
20915,2020,MRVE3,2021-03-04,2022-03-09,0.27890000000000004,0.7211,-0.28848944926543896,-0.28848944926543896
20915,2021,MRVE3,2023-07-06,2024-07-10,0.17510000000000003,0.8249,-0.3593046365721231,-0.3593046365721231
20915,2022,MRVE3,2023-07-06,2024-07-10,0.42369999999999997,0.5763,-0.3593046365721231,-0.3593046365721231
20915,2023,MRVE3,2024-02-29,2025-02-28,0.23450000000000004,0.7655,-0.014564653491655477,-0.014564653491655477
20915,2024,MRVE3,2025-02-24,2026-03-02,0.13780000000000003,0.8622,-0.11970781820865628,-0.11970781820865628
20982,2013,MULT3,2014-03-19,2015-03-25,0.357,0.643,0.22633527976335044,0.22633527976335044
20982,2014,MULT3,2015-02-24,2016-03-04,0.2208,0.7792,-0.040764965846702195,-0.040764965846702195
20982,2015,MULT3,2016-02-24,2017-02-23,0.11680000000000001,0.8832,0.04417161992166174,0.04417161992166174
20982,2016,MULT3,2017-03-09,2018-03-19,0.13390000000000002,0.8661,-0.17095438179445277,-0.17095438179445277
20982,2017,MULT3,2018-02-28,2019-03-11,0.14349999999999996,0.8565,0.3333748700004393,0.3333748700004393
20982,2018,MULT3,2019-02-21,2020-02-28,0.10609999999999997,0.8939,0.11983382823725153,0.11983382823725153
20982,2019,MULT3,2020-02-17,2021-02-25,0.20830000000000004,0.7917,-0.4114830344015581,-0.4114830344015581
20982,2020,MULT3,2021-02-11,2022-02-16,0.5404,0.4596,0.6085740274363574,0.6085740274363574
20982,2021,MULT3,2022-02-10,2023-02-13,0.46940000000000004,0.5306,0.23650169375111885,0.23650169375111885
20982,2022,MULT3,2023-02-09,2024-02-19,0.11480000000000001,0.8852,-0.2623388765394762,-0.2623388765394762
20982,2023,MULT3,2024-02-08,2025-02-11,0.08550000000000002,0.9145,-0.19641753256732652,-0.19641753256732652
20990,2011,AMER3,2012-04-11,2013-04-22,0.1733,0.8267,2.5055913760093715,2.5055913760093715
20990,2012,AMER3,2013-03-07,2014-03-12,0.11580000000000001,0.8842,0.6949253309448111,0.6949253309448111
20990,2013,AMER3,2014-03-19,2015-03-25,0.23340000000000005,0.7666,-0.41322917369449286,-0.41322917369449286
20990,2014,AMER3,2015-03-18,2016-03-29,0.1774,0.8226,-0.2521360561207502,-0.2521360561207502
20990,2015,AMER3,2016-03-15,2017-03-17,0.28180000000000005,0.7182,-0.057081520838340394,-0.057081520838340394
20990,2016,AMER3,2017-02-20,2018-03-02,0.128,0.872,1.1035012494128886,1.1035012494128886
20990,2017,AMER3,2018-03-07,2019-03-18,0.1179,0.8821,0.06036447758158303,0.06036447758158303
20990,2018,AMER3,2019-03-20,2020-03-24,0.1532,0.8468,-0.24712947031849297,-0.24712947031849297
20990,2019,AMER3,2020-02-21,2021-03-03,0.14359999999999995,0.8564,-0.009320858640346041,-0.009320858640346041
20990,2020,AMER3,2021-03-04,2022-03-09,0.1735,0.8265,-0.6459205573736577,-0.6459205573736577
20990,2021,AMER3,2022-02-24,2023-03-01,0.33909999999999996,0.6609,-0.8813956981976973,-0.8752950333221533
20990,2022,AMER3,2023-11-16,2024-11-14,0.573,0.427,-0.25579193371099584,-0.25579193371099584
20990,2023,AMER3,2024-08-14,2025-08-19,0.5919,0.4081,-0.8734954668327182,-0.8734954668327182
20990,2024,AMER3,2025-03-26,2026-03-30,0.3487,0.6513,-1.0899718639787874,-0.8752950333221533
21016,2011,YDUQ3,2013-01-18,2014-01-24,0.13759999999999994,0.8624,-0.2868119423837012,-0.2868119423837012
21016,2012,YDUQ3,2013-03-26,2014-03-31,0.07720000000000005,0.9228,-0.27102660790036825,-0.27102660790036825
21016,2013,YDUQ3,2014-03-25,2015-03-31,0.08309999999999995,0.9169,-0.48385763150966155,-0.48385763150966155
21016,2014,YDUQ3,2015-03-19,2016-03-30,0.09789999999999999,0.9021,0.11320868045152221,0.11320868045152221
21016,2015,YDUQ3,2016-03-10,2017-03-14,0.043300000000000005,0.9567,-0.03384391080971727,-0.03384391080971727
21016,2016,YDUQ3,2017-03-16,2018-03-26,0.0504,0.9496,0.8740862743828426,0.8740862743828426
21016,2017,YDUQ3,2018-03-15,2019-03-26,0.056400000000000006,0.9436,-0.5348281101191791,-0.5348281101191791
21016,2018,YDUQ3,2019-03-14,2020-03-18,0.0938,0.9062,0.3833962260509294,0.3833962260509294
21016,2019,YDUQ3,2020-03-23,2021-03-30,0.20279999999999998,0.7972,-0.32834813617340564,-0.32834813617340564
21016,2020,YDUQ3,2021-03-17,2022-03-22,0.28500000000000003,0.715,-0.0428071341527958,-0.0428071341527958
21016,2021,YDUQ3,2022-03-15,2023-03-16,0.1754,0.8246,-0.3453206189853991,-0.3453206189853991
21016,2022,YDUQ3,2023-03-15,2024-03-20,0.17020000000000002,0.8298,2.455568971512153,2.455568971512153
21016,2023,YDUQ3,2024-03-14,2025-03-18,0.1301,0.8699,-0.7127956300791867,-0.7127956300791867
21016,2024,YDUQ3,2025-04-24,2026-04-28,0.17859999999999998,0.8214,-0.5084581509109403,-0.5084581509109403
21091,2012,DXCO3,2013-02-22,2014-02-25,0.33330000000000004,0.6667,-0.38990052299117894,-0.38990052299117894
21091,2013,DXCO3,2014-02-17,2015-02-25,0.24680000000000002,0.7532,-0.3667127940303382,-0.3667127940303382
21091,2014,DXCO3,2015-02-05,2016-02-18,0.2126,0.7874,0.18863925301274254,0.18863925301274254
21091,2015,DXCO3,2016-02-15,2017-02-14,0.24419999999999997,0.7558,-0.05041974155668605,-0.05041974155668605
21091,2016,DXCO3,2017-02-08,2018-02-20,0.3677,0.6323,0.11243676715056128,0.11243676715056128
21091,2017,DXCO3,2018-02-05,2019-02-14,0.33220000000000005,0.6678,0.08493896488688835,0.08493896488688835
21091,2018,DXCO3,2019-02-13,2020-02-18,0.38060000000000005,0.6194,-0.13243947309869186,-0.13243947309869186
21091,2019,DXCO3,2020-02-12,2021-02-22,0.21840000000000004,0.7816,0.16505559177077989,0.16505559177077989
21091,2020,DXCO3,2021-02-08,2022-02-11,0.2552,0.7448,-0.5822989145066297,-0.5822989145066297
21091,2021,DXCO3,2022-02-09,2023-02-10,0.21299999999999997,0.787,-0.25326262368349106,-0.25326262368349106
21091,2022,DXCO3,2023-03-08,2024-03-13,0.19830000000000003,0.8017,0.7561536109158691,0.7561536109158691
21091,2023,DXCO3,2024-03-06,2025-03-10,0.08330000000000004,0.9167,-0.3893601021664468,-0.3893601021664468
21091,2024,DXCO3,2025-03-12,2026-03-16,0.2822,0.7178,-0.36352231920071854,-0.36352231920071854
21148,2017,TEND3,2018-03-08,2019-03-19,0.47450000000000003,0.5255,-0.9161109689011385,-0.8752950333221533
21148,2018,TEND3,2019-03-12,2020-03-16,0.41369999999999996,0.5863,0.04533405509836874,0.04533405509836874
21148,2019,TEND3,2020-03-19,2021-03-26,0.20179999999999998,0.7982,-0.4994476724362392,-0.4994476724362392
21148,2021,TEND3,2022-03-10,2023-03-13,0.23819999999999997,0.7618,0.28241055258243053,0.28241055258243053
21148,2022,TEND3,2023-03-09,2024-03-14,0.39039999999999997,0.6096,0.9575843951745595,0.9575843951745595
21148,2023,TEND3,2023-05-03,2024-05-07,0.24170000000000003,0.7583,-0.17778490552546722,-0.17778490552546722
21180,2011,NEXP3,2012-04-05,2013-04-17,0.24919999999999998,0.7508,-0.10955016047192623,-0.10955016047192623
21180,2012,NEXP3,2013-03-20,2014-03-25,0.3166,0.6834,-0.04519420869617885,-0.04519420869617885
21180,2013,NEXP3,2014-03-18,2015-03-24,0.13039999999999996,0.8696,-0.1881048616068749,-0.1881048616068749
21180,2014,NEXP3,2015-03-20,2016-03-31,0.8399,0.1601,-0.07707551222591769,-0.07707551222591769
21180,2015,NEXP3,2016-03-29,2017-03-30,0.772,0.228,-0.2598841578766067,-0.2598841578766067
21180,2016,NEXP3,2017-03-27,2018-04-05,0.7079,0.2921,-0.6249672957382699,-0.6249672957382699
21180,2017,NEXP3,2018-03-28,2019-04-08,0.741,0.259,2.002484925013781,2.002484925013781
21180,2018,NEXP3,2019-03-26,2020-03-30,0.6181,0.3819,-0.6348258574001984,-0.6348258574001984
21180,2019,NEXP3,2020-03-30,2021-04-07,0.7314,0.2686,-0.05742283669818393,-0.05742283669818393
21180,2020,NEXP3,2021-03-01,2022-03-04,0.8685,0.1315,-0.3205466936590392,-0.3205466936590392
21180,2021,NEXP3,2022-03-24,2023-03-27,0.6317999999999999,0.3682,-0.9222791260940589,-0.8752950333221533
21180,2022,NEXP3,2023-09-22,2024-10-03,0.5450999999999999,0.4549,1.2368160543989921,1.2368160543989921
21180,2023,NEXP3,2024-04-18,2025-04-23,0.34840000000000004,0.6516,-0.1105036576624282,-0.1105036576624282
21237,2011,ENEV3,2013-05-23,2014-05-29,0.19779999999999998,0.8022,-0.7750421066209426,-0.7750421066209426
21237,2012,ENEV3,2013-05-24,2014-05-30,0.22109999999999996,0.7789,-0.7825112165174593,-0.7825112165174593
21237,2020,ENEV3,2021-03-10,2022-03-15,0.7472,0.2528,-0.43813916795344143,-0.43813916795344143
21237,2021,ENEV3,2022-03-21,2023-03-22,0.14870000000000005,0.8513,0.12314484930085512,0.12314484930085512
21237,2022,ENEV3,2023-03-24,2024-04-01,0.14700000000000002,0.853,0.13214873919148107,0.13214873919148107
21237,2023,ENEV3,2024-03-14,2025-03-18,0.13249999999999995,0.8675,0.1403108489355156,0.1403108489355156
21237,2024,ENEV3,2025-03-20,2026-03-24,0.07620000000000005,0.9238,0.48287790901977035,0.48287790901977035
21300,2011,ALSC3,2012-12-05,2013-12-11,0.059699999999999975,0.9403,-0.39068683386861713,-0.39068683386861713
21342,2011,OSXB3,2012-03-30,2013-04-11,0.16790000000000005,0.8321,-0.6966376546778597,-0.6966376546778597
21342,2012,OSXB3,2013-04-05,2014-04-10,0.12039999999999995,0.8796,-0.6260168894312798,-0.6260168894312798
21342,2013,OSXB3,2014-04-17,2015-04-27,0.136,0.864,1.3738709241153804,1.3738709241153804
21342,2014,OSXB3,2015-04-15,2016-04-27,0.10829999999999995,0.8917,-0.3946055383001047,-0.3946055383001047
21342,2015,OSXB3,2016-04-12,2017-08-08,0.4175,0.5825,-0.8463076785262791,-0.8463076785262791
21342,2017,OSXB3,2018-03-29,2019-07-17,0.7414000000000001,0.2586,-0.030756044815046457,-0.030756044815046457
21342,2018,OSXB3,2019-03-26,2020-05-12,0.32909999999999995,0.6709,0.02627922164527141,0.02627922164527141
21342,2019,OSXB3,2020-03-31,2021-04-09,0.19589999999999996,0.8041,0.6758056240359871,0.6758056240359871
21342,2020,OSXB3,2021-03-30,2022-04-04,0.11770000000000003,0.8823,-0.9940678592372207,-0.8752950333221533
21342,2021,OSXB3,2022-03-28,2023-03-29,0.37250000000000005,0.6275,0.9291239337402395,0.9291239337402395
21342,2022,OSXB3,2023-03-28,2024-04-08,0.05010000000000003,0.9499,-0.5838623189660339,-0.5838623189660339
21342,2023,OSXB3,2024-03-28,2025-04-07,0.0746,0.9254,-0.385931006804627,-0.385931006804627
21350,2018,DIRR3,2019-03-11,2020-03-13,0.4235,0.5765,0.012408948532529829,0.012408948532529829
21350,2022,DIRR3,2023-10-26,2024-10-28,0.5816,0.4184,0.36972142881893144,0.36972142881893144
21350,2023,DIRR3,2024-03-11,2025-03-13,0.16210000000000002,0.8379,-0.002045098856064187,-0.002045098856064187
21350,2024,DIRR3,2025-03-10,2026-03-12,0.12839999999999996,0.8716,-0.3833758408867043,-0.3833758408867043
21431,2013,HYPE3,2014-03-19,2015-03-25,0.4273,0.5727,0.13669709064597857,0.13669709064597857
21431,2014,HYPE3,2015-02-06,2016-02-19,0.15949999999999998,0.8405,0.3167118113234326,0.3167118113234326
21431,2015,HYPE3,2016-02-26,2017-03-01,0.3297,0.6703,-0.553226797845012,-0.553226797845012
21431,2016,HYPE3,2017-02-17,2018-03-01,0.24209999999999998,0.7579,0.06985805585541893,0.06985805585541893
21431,2017,HYPE3,2018-02-23,2019-03-06,0.5398000000000001,0.4602,-0.3449254477888636,-0.3449254477888636
21431,2018,HYPE3,2019-02-21,2020-02-28,0.21419999999999995,0.7858,0.38796123748908684,0.38796123748908684
21431,2019,HYPE3,2020-03-06,2021-03-15,0.1744,0.8256,-0.48914491224723866,-0.48914491224723866
21431,2020,HYPE3,2021-02-26,2022-03-03,0.23240000000000005,0.7676,0.028476723183512576,0.028476723183512576
21431,2021,HYPE3,2022-02-24,2023-03-01,0.19389999999999996,0.8061,0.4051486149671595,0.4051486149671595
21431,2022,HYPE3,2023-02-16,2024-02-26,0.18679999999999997,0.8132,-0.5512840715503691,-0.5512840715503691
21431,2023,HYPE3,2024-03-13,2025-03-17,0.17589999999999995,0.8241,-0.21268089955536684,-0.21268089955536684
21431,2024,HYPE3,2025-03-20,2026-03-24,0.10309999999999997,0.8969,0.6437766069215907,0.6437766069215907
21490,2013,ALUP11,2014-03-27,2015-04-02,0.26559999999999995,0.7344,-0.010748875901993804,-0.010748875901993804
21490,2014,ALUP11,2015-03-05,2016-03-15,0.10389999999999999,0.8961,-0.3141774780693487,-0.3141774780693487
21490,2015,ALUP11,2016-03-10,2017-03-14,0.18130000000000002,0.8187,0.34929786876988955,0.34929786876988955
21490,2016,ALUP11,2017-03-20,2018-03-28,0.30369999999999997,0.6963,-0.3341863905685055,-0.3341863905685055
21490,2017,ALUP11,2018-03-08,2019-03-19,0.05669999999999997,0.9433,0.7443679700991639,0.7443679700991639
21490,2018,ALUP11,2019-05-15,2020-05-20,0.026900000000000035,0.9731,-0.25469437544688533,-0.25469437544688533
21490,2019,ALUP11,2020-03-11,2021-03-18,0.3923,0.6077,-0.30524362281933315,-0.30524362281933315
21490,2020,ALUP11,2021-03-23,2022-03-28,0.3458,0.6542,0.16819650015253784,0.16819650015253784
21490,2021,ALUP11,2022-02-24,2023-03-01,0.030100000000000016,0.9699,0.09088345003661846,0.09088345003661846
21490,2022,ALUP11,2023-03-02,2024-03-07,0.03869999999999996,0.9613,-0.20118999829190776,-0.20118999829190776
21490,2023,ALUP11,2024-03-05,2025-03-07,0.06710000000000005,0.9329,0.015553799966312454,0.015553799966312454
21881,2013,FLRY3,2014-03-13,2015-03-19,0.3678,0.6322,-0.19195646739051042,-0.19195646739051042
21881,2014,FLRY3,2015-03-25,2016-04-05,0.06599999999999995,0.934,0.7459024805111727,0.7459024805111727
21881,2015,FLRY3,2016-03-03,2017-03-07,0.11480000000000001,0.8852,0.4119888552483051,0.4119888552483051
21881,2016,FLRY3,2017-03-09,2018-03-19,0.10270000000000001,0.8973,-0.4383739247131464,-0.4383739247131464
21881,2017,FLRY3,2018-03-05,2019-03-14,0.10270000000000001,0.8973,-0.3095034419011511,-0.3095034419011511
21881,2018,FLRY3,2019-04-18,2020-04-24,0.09609999999999996,0.9039,0.3458077593481945,0.3458077593481945
21881,2019,FLRY3,2020-02-19,2021-03-01,0.08709999999999996,0.9129,-0.16011604037105187,-0.16011604037105187
21881,2020,FLRY3,2021-02-25,2022-03-02,0.1271,0.8729,-0.26105762866828786,-0.26105762866828786
21881,2021,FLRY3,2022-03-17,2023-03-20,0.1109,0.8891,0.2423288945294504,0.2423288945294504
21881,2022,FLRY3,2023-03-16,2024-03-21,0.09550000000000003,0.9045,0.010549728568319816,0.010549728568319816
21881,2023,FLRY3,2024-03-07,2025-03-11,0.134,0.866,-0.32257814328977263,-0.32257814328977263
21881,2024,FLRY3,2025-02-27,2026-03-05,0.11460000000000004,0.8854,0.3904927439612489,0.3904927439612489
21946,2011,MPLU3,2012-02-14,2013-02-26,0.10860000000000003,0.8914,0.1270025494445075,0.1270025494445075
21946,2012,MPLU3,2013-03-18,2014-03-21,0.663,0.337,-0.0004239265741524667,-0.0004239265741524667
21946,2014,MPLU3,2015-02-26,2016-03-08,0.7588,0.2412,-0.37048469893332725,-0.37048469893332725
22012,2011,MILS3,2012-02-13,2013-02-25,0.23609999999999998,0.7639,0.2779186645399738,0.2779186645399738
22012,2012,MILS3,2013-03-04,2014-03-07,0.16100000000000003,0.839,-0.2788186961578115,-0.2788186961578115
22012,2013,MILS3,2014-03-11,2015-03-17,0.17020000000000002,0.8298,-0.6245492528448477,-0.6245492528448477
22012,2014,MILS3,2015-03-10,2016-03-18,0.2481,0.7519,0.20489207355824646,0.20489207355824646
22012,2015,MILS3,2016-03-09,2017-03-13,0.31489999999999996,0.6851,0.1803895666723443,0.1803895666723443
22012,2016,MILS3,2017-03-14,2018-03-22,0.41490000000000005,0.5851,-0.275390481937424,-0.275390481937424
22012,2017,MILS3,2018-03-19,2019-03-28,0.22360000000000002,0.7764,1.0358051849900676,1.0358051849900676
22012,2018,MILS3,2019-03-14,2020-03-18,0.32220000000000004,0.6778,-0.1455822952425483,-0.1455822952425483
22012,2019,MILS3,2020-03-25,2021-04-01,0.09530000000000005,0.9047,-0.3723786835041051,-0.3723786835041051
22012,2020,MILS3,2021-03-17,2022-03-22,0.0797,0.9203,0.23535568743916446,0.23535568743916446
22012,2021,MILS3,2022-03-30,2023-03-31,0.1874,0.8126,0.676712265291312,0.676712265291312
22012,2022,MILS3,2023-03-29,2024-04-04,0.1078,0.8922,-0.2935710213263574,-0.2935710213263574
22012,2023,MILS3,2024-03-19,2025-03-21,0.11060000000000003,0.8894,-0.40840486937293197,-0.40840486937293197
22055,2017,AMAR3,2018-03-08,2019-03-19,0.5841000000000001,0.4159,0.009092341478193156,0.009092341478193156
22055,2020,AMAR3,2021-03-22,2022-03-25,0.32199999999999995,0.678,0.19493066661385883,0.19493066661385883
22055,2021,AMAR3,2022-03-16,2023-03-17,0.019299999999999984,0.9807,-0.454063225530706,-0.454063225530706
22055,2022,AMAR3,2023-05-02,2024-05-06,0.8704000000000001,0.1296,-0.1264958898652545,-0.1264958898652545
22136,2012,TERI3,2012-06-11,2013-06-20,0.0917,0.9083,0.050100349116150245,0.050100349116150245
22136,2013,TERI3,2013-06-12,2014-06-18,0.08930000000000005,0.9107,-0.3833468197474471,-0.3833468197474471
22136,2014,TERI3,2014-06-10,2015-06-17,0.0746,0.9254,-0.5529727852389452,-0.5529727852389452
22136,2015,TERI3,2015-06-02,2016-06-14,0.12949999999999995,0.8705,1.3021397441919338,1.3021397441919338
22187,2012,PRIO3,2013-03-04,2014-03-07,0.2642,0.7358,-0.326806688195897,-0.326806688195897
22187,2013,PRIO3,2014-03-31,2015-04-07,0.1774,0.8226,2.129096490758909,2.129096490758909
22187,2014,PRIO3,2015-03-30,2016-04-08,0.5486,0.4514,-0.7873197269082507,-0.7873197269082507
22187,2017,PRIO3,2020-11-03,2021-11-10,0.3236,0.6764,0.0561454384548159,0.0561454384548159
22187,2019,PRIO3,2020-08-28,2021-09-06,0.34619999999999995,0.6538,-0.6274406135589059,-0.6274406135589059
22187,2020,PRIO3,2021-03-02,2022-03-07,0.17490000000000006,0.8251,-0.4694506139334249,-0.4694506139334249
22187,2021,PRIO3,2022-02-15,2023-02-16,0.19730000000000003,0.8027,-0.31136693670206894,-0.31136693670206894
22187,2023,PRIO3,2024-03-08,2025-03-12,0.9041,0.0959,-0.32076740824423544,-0.32076740824423544
22349,2014,AZZA3,2015-03-03,2016-03-11,0.0504,0.9496,-0.24527119436779432,-0.24527119436779432
22349,2015,AZZA3,2016-03-02,2017-03-06,0.07699999999999996,0.923,0.2870089271903311,0.2870089271903311
22349,2016,AZZA3,2017-03-08,2018-03-16,0.06699999999999995,0.933,0.0358440957287367,0.0358440957287367
22349,2018,AZZA3,2019-02-20,2020-02-27,0.11209999999999998,0.8879,-0.18079766670335407,-0.18079766670335407
22357,2013,ALOS3,2014-03-13,2015-03-19,0.18259999999999998,0.8174,0.42740636475480054,0.42740636475480054
22357,2014,ALOS3,2015-03-04,2016-03-15,0.10570000000000002,0.8943,-0.35291697199760597,-0.35291697199760597
22357,2015,ALOS3,2016-03-03,2017-03-07,0.19189999999999996,0.8081,0.1848689927190048,0.1848689927190048
22357,2016,ALOS3,2017-03-06,2018-03-14,0.25839999999999996,0.7416,-0.12793546540297052,-0.12793546540297052
22357,2017,ALOS3,2018-03-13,2019-03-22,0.27580000000000005,0.7242,0.2786351090693051,0.2786351090693051
22357,2018,ALOS3,2019-04-08,2020-04-13,0.2874,0.7126,-0.030509236192479028,-0.030509236192479028
22365,2011,ENAT3,2012-03-14,2013-03-25,0.3931,0.6069,0.17243079708214104,0.17243079708214104
22365,2012,ENAT3,2013-03-13,2014-03-18,0.22040000000000004,0.7796,0.013021831933090144,0.013021831933090144
22365,2013,ENAT3,2014-02-26,2015-03-06,0.17810000000000004,0.8219,0.2027801148950812,0.2027801148950812
22365,2014,ENAT3,2015-03-16,2016-03-24,0.19530000000000003,0.8047,-0.18234109921680597,-0.18234109921680597
22365,2015,ENAT3,2016-03-10,2017-03-14,0.1149,0.8851,-0.27024106289773575,-0.27024106289773575
22365,2016,ENAT3,2017-03-15,2018-03-23,0.10029999999999994,0.8997,0.6275342786145972,0.6275342786145972
22365,2017,ENAT3,2018-03-08,2019-03-19,0.07940000000000003,0.9206,0.06813570682283276,0.06813570682283276
22365,2018,ENAT3,2019-03-18,2020-03-20,0.4236,0.5764,-0.6615702815724775,-0.6615702815724775
22365,2019,ENAT3,2020-03-11,2021-03-18,0.1977,0.8023,0.6769695591313145,0.6769695591313145
22365,2020,ENAT3,2021-04-05,2022-04-07,0.12939999999999996,0.8706,-0.026930347335457627,-0.026930347335457627
22365,2021,ENAT3,2022-06-17,2023-06-21,0.11919999999999997,0.8808,-0.6075507261132742,-0.6075507261132742
22365,2022,ENAT3,2023-03-01,2024-03-06,0.2026,0.7974,0.5556421158528588,0.5556421158528588
22470,2016,MGLU3,2017-05-31,2018-06-08,0.39780000000000004,0.6022,-0.6537058231009897,-0.6537058231009897
22470,2017,MGLU3,2018-02-22,2019-03-01,0.22640000000000005,0.7736,-0.028793221776036493,-0.028793221776036493
22470,2018,MGLU3,2019-02-25,2020-03-03,0.14,0.86,-0.22813434370678787,-0.22813434370678787
22470,2019,MGLU3,2020-02-17,2021-02-25,0.07779999999999998,0.9222,-0.2327857601902873,-0.2327857601902873
22470,2020,MGLU3,2021-03-08,2022-03-11,0.060899999999999954,0.9391,-0.8682497985611071,-0.8682497985611071
22470,2021,MGLU3,2022-03-14,2023-03-15,0.07589999999999997,0.9241,2.2971959794760948,2.2971959794760948
22470,2022,MGLU3,2023-03-10,2024-03-15,0.06940000000000002,0.9306,-0.3290533305148494,-0.3290533305148494
22470,2023,MGLU3,2024-03-18,2025-03-20,0.03510000000000002,0.9649,0.18558944684757273,0.18558944684757273
22470,2024,MGLU3,2025-03-13,2026-03-17,0.07099999999999995,0.929,-0.2987334467389615,-0.2987334467389615
23035,2017,LINX3,2018-02-19,2019-02-26,0.5133,0.4867,0.7377346434520202,0.7377346434520202
23221,2014,SEER3,2015-04-01,2016-04-12,0.47430000000000005,0.5257,0.3205598890558763,0.3205598890558763
23221,2015,SEER3,2016-03-21,2017-03-23,0.26870000000000005,0.7313,0.3469778452815053,0.3469778452815053
23221,2016,SEER3,2017-03-17,2018-03-27,0.2639,0.7361,-0.32350853262186285,-0.32350853262186285
23221,2017,SEER3,2018-03-23,2019-04-03,0.17869999999999997,0.8213,-0.40199430968722105,-0.40199430968722105
23221,2018,SEER3,2019-03-28,2020-04-01,0.22209999999999996,0.7779,0.1738850327672301,0.1738850327672301
23221,2019,SEER3,2020-03-27,2021-04-06,0.32530000000000003,0.6747,-0.5995751487479413,-0.5995751487479413
23221,2020,SEER3,2021-03-26,2022-03-31,0.3387,0.6613,0.715664221824776,0.715664221824776
23221,2021,SEER3,2022-03-25,2023-03-28,0.3941,0.6059,-0.6265906641758925,-0.6265906641758925
23221,2022,SEER3,2023-03-24,2024-04-01,0.37370000000000003,0.6263,3.0419946500390234,2.7515029164187417
23221,2023,SEER3,2024-03-25,2025-03-27,0.30979999999999996,0.6902,-0.3932106163473763,-0.3932106163473763
23248,2014,ANIM3,2015-02-26,2016-03-08,0.28690000000000004,0.7131,-0.5410365566533974,-0.5410365566533974
23248,2015,ANIM3,2016-03-08,2017-03-10,0.22740000000000005,0.7726,0.053652573945256465,0.053652573945256465
23248,2016,ANIM3,2017-03-14,2018-03-22,0.20030000000000003,0.7997,0.3912042672901317,0.3912042672901317
23248,2017,ANIM3,2018-03-21,2019-04-01,0.41700000000000004,0.583,-0.6107657880415971,-0.6107657880415971
23248,2018,ANIM3,2019-03-21,2020-03-25,0.25129999999999997,0.7487,0.7904355374872294,0.7904355374872294
23248,2019,ANIM3,2020-03-11,2021-03-18,0.256,0.744,-0.5011591633078607,-0.5011591633078607
23248,2020,ANIM3,2021-03-17,2022-03-22,0.3358,0.6642,-0.15927329229728415,-0.15927329229728415
23248,2021,ANIM3,2022-03-28,2023-03-29,0.33340000000000003,0.6666,-0.37626392525670493,-0.37626392525670493
23248,2022,ANIM3,2023-03-27,2024-04-02,0.2905,0.7095,0.3837191124268007,0.3837191124268007
23248,2023,ANIM3,2024-03-25,2025-03-27,0.2741,0.7259,-0.3428730079637332,-0.3428730079637332
23264,2013,ABEV3,2014-03-24,2015-03-30,0.3489,0.6511,-0.15977261996648828,-0.15977261996648828
23264,2014,ABEV3,2015-02-26,2016-03-08,0.12139999999999995,0.8786,0.11636911967537289,0.11636911967537289
23264,2015,ABEV3,2016-02-25,2017-02-24,0.10799999999999998,0.892,-0.3444446658178658,-0.3444446658178658
23264,2016,ABEV3,2018-07-05,2019-07-17,0.08230000000000004,0.9177,-0.13704172966125427,-0.13704172966125427
23264,2017,ABEV3,2018-07-05,2019-07-17,0.06020000000000003,0.9398,-0.13704172966125427,-0.13704172966125427
23264,2018,ABEV3,2019-02-28,2020-03-06,0.2862,0.7138,0.044230076741715196,0.044230076741715196
23264,2019,ABEV3,2020-02-27,2021-03-05,0.05620000000000003,0.9438,0.1301973415933999,0.1301973415933999
23264,2020,ABEV3,2021-02-25,2022-03-02,0.3752,0.6248,0.10170770020856312,0.10170770020856312
23264,2021,ABEV3,2022-02-24,2023-03-01,0.06169999999999998,0.9383,-0.08576191782125875,-0.08576191782125875
23264,2022,ABEV3,2023-03-02,2024-03-07,0.15759999999999996,0.8424,-0.11720407644134734,-0.11720407644134734
23264,2023,ABEV3,2024-02-29,2025-02-28,0.12,0.88,0.05075119284616614,0.05075119284616614
23264,2024,ABEV3,2025-02-26,2026-03-04,0.09099999999999997,0.909,0.2597457740981288,0.2597457740981288
23272,2016,LOGG3,2019-10-10,2020-10-16,0.18210000000000004,0.8179,0.07006262472242497,0.07006262472242497
23272,2019,LOGG3,2020-02-18,2021-02-26,0.2538,0.7462,0.022817099777983074,0.022817099777983074
23272,2020,LOGG3,2021-02-09,2022-02-14,0.39249999999999996,0.6075,-0.369540526766711,-0.369540526766711
23272,2022,LOGG3,2023-02-08,2024-02-16,0.4787,0.5213,0.3988742761367896,0.3988742761367896
23272,2023,LOGG3,2024-02-06,2025-02-07,0.235,0.765,-0.12853196902843878,-0.12853196902843878
23272,2024,LOGG3,2025-02-05,2026-02-09,0.11409999999999998,0.8859,-0.022289915950986727,-0.022289915950986727
23310,2018,CVCB3,2019-02-26,2020-03-04,0.5312,0.4688,-0.7155819272808503,-0.7155819272808503
23310,2020,CVCB3,2021-03-26,2022-03-31,0.6177,0.3823,-0.5707358127481353,-0.5707358127481353
23310,2021,CVCB3,2022-03-15,2023-03-16,0.47119999999999995,0.5288,-0.48399103570757984,-0.48399103570757984
23310,2022,CVCB3,2023-03-21,2024-03-26,0.479,0.521,1.0804604977532772,1.0804604977532772
23310,2023,CVCB3,2024-03-26,2025-03-28,0.35719999999999996,0.6428,-0.47605195948100687,-0.47605195948100687
23310,2024,CVCB3,2025-03-26,2026-03-30,0.5312,0.4688,-0.4945201257348215,-0.4945201257348215
23450,2015,RUMO3,2016-02-25,2017-02-24,0.5342,0.4658,2.0022735593542436,2.0022735593542436
23485,2014,RLOG3,2015-03-18,2016-03-29,0.23650000000000004,0.7635,-0.7837213405153021,-0.7837213405153021
23485,2015,RLOG3,2016-02-25,2017-02-24,0.563,0.437,1.9386077257364196,1.9386077257364196
23485,2016,RLOG3,2017-02-21,2018-03-05,0.32799999999999996,0.672,-0.4858483540536145,-0.4858483540536145
23485,2017,RLOG3,2018-03-26,2019-04-04,0.3718,0.6282,0.18410416739832702,0.18410416739832702
23485,2018,RLOG3,2019-02-13,2020-02-18,0.38670000000000004,0.6133,-0.4662576042880783,-0.4662576042880783
23574,2012,MEAL3,2015-03-24,2016-04-04,0.0,1.0,0.5509172979567649,0.5509172979567649
23574,2013,MEAL3,2015-03-24,2016-04-04,0.0,1.0,0.5509172979567649,0.5509172979567649
23574,2014,MEAL3,2015-03-30,2016-04-08,0.9967,0.0033,0.6368610298461246,0.6368610298461246
23574,2015,MEAL3,2016-03-22,2017-03-24,0.349,0.651,0.935722247868422,0.935722247868422
23574,2016,MEAL3,2017-03-28,2018-04-06,0.502,0.498,-0.22868127600092325,-0.22868127600092325
23574,2017,MEAL3,2018-03-27,2019-04-05,0.36729999999999996,0.6327,-0.2586967170933815,-0.2586967170933815
23574,2018,MEAL3,2019-03-29,2020-04-02,0.25739999999999996,0.7426,-0.3430396763413863,-0.3430396763413863
23574,2019,MEAL3,2020-03-30,2021-04-07,0.5367999999999999,0.4632,0.23218029990320632,0.23218029990320632
23574,2020,MEAL3,2021-03-30,2022-04-04,0.4302,0.5698,-0.1735344014335264,-0.1735344014335264
23825,2017,MOVI3,2018-03-21,2019-04-01,0.15100000000000002,0.849,0.5234910370484842,0.5234910370484842
23825,2018,MOVI3,2019-04-02,2020-04-06,0.15790000000000004,0.8421,-0.2584171576148123,-0.2584171576148123
23825,2019,MOVI3,2020-03-10,2021-03-17,0.12970000000000004,0.8703,-0.3183904496212715,-0.3183904496212715
23825,2021,MOVI3,2022-02-21,2023-02-24,0.17669999999999997,0.8233,-0.4558255707540474,-0.4558255707540474
23825,2022,MOVI3,2024-01-31,2025-02-03,0.11619999999999997,0.8838,-0.6705643222130566,-0.6705643222130566
23825,2023,MOVI3,2024-03-25,2025-03-27,0.13139999999999996,0.8686,-0.27640779961065265,-0.27640779961065265
24295,2018,VBBR3,2019-02-26,2020-03-04,0.242,0.758,0.11327952153321608,0.11327952153321608
24295,2019,VBBR3,2020-03-12,2021-03-19,0.2227,0.7773,-0.20951463137998205,-0.20951463137998205
24295,2020,VBBR3,2021-03-09,2022-03-14,0.36550000000000005,0.6345,0.4925540492382918,0.4925540492382918
24295,2021,VBBR3,2022-03-22,2023-03-23,0.5435,0.4565,-0.35601559584386444,-0.35601559584386444
24295,2022,VBBR3,2023-03-21,2024-03-26,0.11080000000000001,0.8892,0.781062340816832,0.781062340816832
24295,2024,VBBR3,2025-02-24,2026-03-02,0.15810000000000002,0.8419,0.7064090119489503,0.7064090119489503
24392,2022,HAPV3,2023-02-28,2024-03-05,0.5122,0.4878,0.4802923155640406,0.4802923155640406
24716,2021,VAMO3,2022-02-17,2023-02-22,0.5953999999999999,0.4046,-0.18121244425535654,-0.18121244425535654
24716,2022,VAMO3,2023-02-13,2024-02-21,0.4375,0.5625,-0.637677526689573,-0.637677526689573
24716,2023,VAMO3,2024-03-18,2025-03-20,0.40549999999999997,0.5945,-0.052013616363364434,-0.052013616363364434
24805,2020,VIVA3,2021-03-17,2022-03-22,0.37729999999999997,0.6227,0.049766586510185506,0.049766586510185506
24821,2021,RDOR3,2022-03-29,2023-03-30,0.24729999999999996,0.7527,-0.38920096308517593,-0.38920096308517593
24821,2022,RDOR3,2023-03-27,2024-04-02,0.2934,0.7066,0.5878170051972789,0.5878170051972789
24821,2023,RDOR3,2024-03-26,2025-03-28,0.2299,0.7701,0.03164049102362121,0.03164049102362121
24821,2024,RDOR3,2025-03-10,2026-03-12,0.13880000000000003,0.8612,-0.25106818797999464,-0.25106818797999464
24848,2021,CEAB3,2022-03-10,2023-03-13,0.5323,0.4677,0.8328613175873423,0.8328613175873423
24929,2019,TIMS3,2020-03-06,2021-03-15,0.07889999999999997,0.9211,-0.47538098290773956,-0.47538098290773956
24929,2020,TIMS3,2021-02-09,2022-02-14,0.13190000000000002,0.8681,0.26755568735517365,0.26755568735517365
24929,2021,TIMS3,2022-02-25,2023-03-02,0.05720000000000003,0.9428,-0.07253693391528016,-0.07253693391528016
24929,2022,TIMS3,2023-02-09,2024-02-19,0.07369999999999999,0.9263,0.6818862506336252,0.6818862506336252
24929,2023,TIMS3,2024-02-06,2025-02-07,0.06879999999999997,0.9312,-0.375950974244014,-0.375950974244014
24929,2024,TIMS3,2025-02-10,2026-02-12,0.048799999999999955,0.9512,0.3880060295091219,0.3880060295091219
24961,2020,AMBP3,2021-04-08,2022-04-12,0.625,0.375,0.5429333826624021,0.5429333826624021
25003,2020,SIMH3,2021-04-09,2022-04-13,0.32930000000000004,0.6707,-0.4004732102264462,-0.4004732102264462
25003,2021,SIMH3,2022-02-24,2023-03-01,0.13139999999999996,0.8686,-0.34536693113793826,-0.34536693113793826
25003,2022,SIMH3,2023-03-07,2024-03-12,0.17410000000000003,0.8259,0.05726505437221108,0.05726505437221108
25100,2020,CURY3,2021-03-22,2022-03-25,0.49870000000000003,0.5013,-0.07599500934947212,-0.07599500934947212
25100,2021,CURY3,2022-03-24,2023-03-27,0.1553,0.8447,1.8418472753163657,1.8418472753163657
25100,2022,CURY3,2023-09-14,2024-09-17,0.13190000000000002,0.8681,-0.0939221206810219,-0.0939221206810219
25100,2023,CURY3,2024-03-11,2025-03-13,0.07440000000000002,0.9256,-0.019926865882739286,-0.019926865882739286
25100,2024,CURY3,2025-03-11,2026-03-13,0.07189999999999996,0.9281,-0.22890240091380565,-0.22890240091380565
25232,2021,CASH3,2022-03-29,2023-03-30,0.30379999999999996,0.6962,-0.13656871834905926,-0.13656871834905926
25232,2022,CASH3,2023-09-21,2024-09-24,0.2953,0.7047,0.08885352459292517,0.08885352459292517
25232,2023,CASH3,2024-03-13,2025-03-17,0.2814,0.7186,-0.5518238122677801,-0.5518238122677801
25232,2024,CASH3,2025-03-11,2026-03-13,0.3052,0.6948,-0.03433519544109265,-0.03433519544109265
25291,2021,BRAV3,2022-02-22,2023-02-27,0.2027,0.7973,-0.065720291135277,-0.065720291135277
25291,2022,BRAV3,2023-03-08,2024-03-13,0.17200000000000004,0.828,-0.15574180339283172,-0.15574180339283172
25291,2023,BRAV3,2024-03-07,2025-03-11,0.11570000000000003,0.8843,-0.3120613690223767,-0.3120613690223767
25291,2024,BRAV3,2025-03-20,2026-03-24,0.357,0.643,0.02526776582108803,0.02526776582108803
25453,2022,INTB3,2023-03-01,2024-03-06,0.4023,0.5977,-0.409509559965721,-0.409509559965721
25585,2021,CMIN3,2022-03-09,2023-03-10,0.04069999999999996,0.9593,-0.12718089635665886,-0.12718089635665886
25585,2022,CMIN3,2023-03-08,2024-03-13,0.05779999999999996,0.9422,0.010403330284212364,0.010403330284212364
25585,2023,CMIN3,2024-03-06,2025-03-10,0.04410000000000003,0.9559,-0.10996844658457905,-0.10996844658457905
25585,2024,CMIN3,2025-04-01,2026-04-06,0.0514,0.9486,-0.5924262418444025,-0.5924262418444025
25712,2021,GGPS3,2022-03-08,2023-03-09,0.5759000000000001,0.4241,-0.3093215539762424,-0.3093215539762424
25712,2022,GGPS3,2023-09-14,2024-09-17,0.1412,0.8588,-0.25577954996486074,-0.25577954996486074
25712,2023,GGPS3,2024-03-05,2025-03-07,0.32809999999999995,0.6719,-0.4176946780232539,-0.4176946780232539
25780,2021,RECV3,2022-06-02,2023-06-06,0.3618,0.6382,-0.7293362412238944,-0.7293362412238944
25780,2022,RECV3,2023-03-22,2024-03-27,0.9688,0.0312,-0.10994059602800432,-0.10994059602800432
25780,2023,RECV3,2024-03-05,2025-03-07,0.9713,0.0287,-0.13860874362569087,-0.13860874362569087
25780,2024,RECV3,2025-03-19,2026-03-23,0.1965,0.8035,-0.24492608402599014,-0.24492608402599014
25917,2022,RAIZ4,2022-05-13,2023-05-17,0.1935,0.8065,-0.3589056062029822,-0.3589056062029822
25917,2023,RAIZ4,2023-05-12,2024-05-16,0.2198,0.7802,0.06424086361000025,0.06424086361000025
25917,2024,RAIZ4,2024-05-13,2025-05-16,0.23970000000000002,0.7603,-0.342848372509594,-0.342848372509594
25984,2021,CBAV3,2022-03-16,2023-03-17,0.3296,0.6704,-0.8873041311301486,-0.8752950333221533
25984,2022,CBAV3,2023-03-09,2024-03-14,0.0827,0.9173,-0.34164247785666724,-0.34164247785666724
25984,2023,CBAV3,2024-03-07,2025-03-11,0.07979999999999998,0.9202,3.2381156298870355,2.7515029164187417
26123,2021,ONCO3,2022-03-29,2023-03-30,0.09699999999999998,0.903,0.5337077070798906,0.5337077070798906
26123,2022,ONCO3,2023-03-28,2024-04-03,0.14380000000000004,0.8562,-0.09395091465605587,-0.09395091465605587
26620,2023,AURE3,2024-02-09,2025-02-12,0.8543000000000001,0.1457,-0.1363648115731122,-0.1363648115731122
26620,2024,AURE3,2025-02-24,2026-03-02,0.24609999999999999,0.7539,0.42773520795289843,0.42773520795289843
27111,2022,XPBR31,2023-03-30,2024-04-05,0.00880000000000003,0.9912,1.7662066877705804,1.7662066877705804
27111,2023,XPBR31,2024-04-01,2025-04-02,0.03390000000000004,0.9661,-0.6592390730641493,-0.6592390730641493
