CD_CVM,ANO,ID_DOC,n_attachments_matched,match_tier,files,DENOM_CIA,error
25291,2019,96710,1,largest_attachment_fallback,"[{'path': 'data\\raw\\dfp\\025291\\2019\\notas_explicativas.pdf', 'original_filename': 'C:\\CVM\\EmpresasNetV16000\\Temp\\files\\00130104120000000000000000.pdf.pdf', 'size_bytes': 2139008}]",3R PETROLEUM ÓLEO E GÁS S.A.,
22357,2015,53830,1,largest_attachment_fallback,"[{'path': 'data\\raw\\dfp\\022357\\2015\\notas_explicativas.pdf', 'original_filename': 'C:\\CVM\\EmpresasNet\\Temp\\files\\00121304120000000000000000.pdf.pdf', 'size_bytes': 285836}]",ALLOS S.A.,
22357,2016,62921,1,largest_attachment_fallback,"[{'path': 'data\\raw\\dfp\\022357\\2016\\notas_explicativas.pdf', 'original_filename': 'C:\\CVM\\EmpresasNet\\Temp\\files\\00121504120000000000000000.pdf.pdf', 'size_bytes': 384802}]",ALLOS S.A.,
22357,2017,72215,1,largest_attachment_fallback,"[{'path': 'data\\raw\\dfp\\022357\\2017\\notas_explicativas.pdf', 'original_filename': 'C:\\CVM\\EmpresasNet\\Temp\\files\\00121504120000000000000000.pdf.pdf', 'size_bytes': 686297}]",ALLOS S.A.,
22357,2018,82088,1,largest_attachment_fallback,"[{'path': 'data\\raw\\dfp\\022357\\2018\\notas_explicativas.pdf', 'original_filename': 'C:\\CVM\\EmpresasNetV14000\\Temp\\files\\00121504120000000000000000.pdf.pdf', 'size_bytes': 585768}]",ALLOS S.A.,
22357,2019,91493,1,largest_attachment_fallback,"[{'path': 'data\\raw\\dfp\\022357\\2019\\notas_explicativas.pdf', 'original_filename': 'C:\\CVM\\EmpresasNetV16000\\Temp\\files\\00121616530000000000000000.pdf.pdf', 'size_bytes': 3633988}]",ALLOS S.A.,
22357,2020,100818,1,largest_attachment_fallback,"[{'path': 'data\\raw\\dfp\\022357\\2020\\notas_explicativas.pdf', 'original_filename': 'C:\\CVM\\EmpresasNetV17000\\Temp\\files\\00123016530000000000000000.pdf.pdf', 'size_bytes': 1129028}]",ALLOS S.A.,
22357,2021,113219,1,notes_filename_match,"[{'path': 'data\\raw\\dfp\\022357\\2021\\notas_explicativas.pdf', 'original_filename': 'Apenas Notas explicativas PT 31.12.2021.pdf', 'size_bytes': 27369248}]",ALLOS S.A.,
22357,2022,124844,1,largest_attachment_fallback,"[{'path': 'data\\raw\\dfp\\022357\\2022\\notas_explicativas.pdf', 'original_filename': 'apenas notas.pdf', 'size_bytes': 1450354}]",ALLOS S.A.,
22357,2023,134911,1,statements_filename_match,"[{'path': 'data\\raw\\dfp\\022357\\2023\\notas_explicativas.pdf', 'original_filename': 'RDP0664_2024_RJO_ALLOS - 4T23 Demonstrações Financeiras _PT_vfinal.pdf', 'size_bytes': 880254}]",ALLOS S.A.,
22357,2024,145461,1,largest_attachment_fallback,"[{'path': 'data\\raw\\dfp\\022357\\2024\\notas_explicativas.pdf', 'original_filename': '2025RJ038244_ALLOS DFs Português 31.12.2024_1103_Limpa.pdf', 'size_bytes': 1673404}]",ALLOS S.A.,
23264,2015,53611,1,largest_attachment_fallback,"[{'path': 'data\\raw\\dfp\\023264\\2015\\notas_explicativas.pdf', 'original_filename': 'C:\\CVM\\EmpresasNet\\Temp\\files\\00124604120000000000000000.pdf.pdf', 'size_bytes': 620712}]",AMBEV S.A.,
23264,2016,76263,1,largest_attachment_fallback,"[{'path': 'data\\raw\\dfp\\023264\\2016\\notas_explicativas.pdf', 'original_filename': 'C:\\CVM\\EmpresasNet\\Temp\\files\\00133704120000000000000000.pdf.pdf', 'size_bytes': 734870}]",AMBEV S.A.,
23264,2017,76265,1,largest_attachment_fallback,"[{'path': 'data\\raw\\dfp\\023264\\2017\\notas_explicativas.pdf', 'original_filename': 'C:\\CVM\\EmpresasNet\\Temp\\files\\00121404120000000000000000.pdf.pdf', 'size_bytes': 724028}]",AMBEV S.A.,
23264,2018,80947,1,largest_attachment_fallback,"[{'path': 'data\\raw\\dfp\\023264\\2018\\notas_explicativas.pdf', 'original_filename': 'C:\\CVM\\EmpresasNetV14000\\Temp\\files\\00121204120000000000000000.pdf.pdf', 'size_bytes': 2082954}]",AMBEV S.A.,
23264,2019,91199,1,largest_attachment_fallback,"[{'path': 'data\\raw\\dfp\\023264\\2019\\notas_explicativas.pdf', 'original_filename': 'C:\\CVM\\EmpresasNetV15002\\Temp\\files\\00123204120000000000000000.pdf.pdf', 'size_bytes': 2334449}]",AMBEV S.A.,
23264,2020,100436,1,largest_attachment_fallback,"[{'path': 'data\\raw\\dfp\\023264\\2020\\notas_explicativas.pdf', 'original_filename': 'C:\\CVM\\EmpresasNetV17000\\Temp\\files\\00122104120000000000000000.pdf.pdf', 'size_bytes': 2110073}]",AMBEV S.A.,
23264,2021,112011,1,largest_attachment_fallback,"[{'path': 'data\\raw\\dfp\\023264\\2021\\notas_explicativas.pdf', 'original_filename': 'C:\\CVM\\EmpresasNetV17001\\Temp\\files\\00124004120000000000000000.pdf.pdf', 'size_bytes': 2116969}]",AMBEV S.A.,
23264,2022,123818,1,statements_filename_match,"[{'path': 'data\\raw\\dfp\\023264\\2022\\notas_explicativas.pdf', 'original_filename': '2 - DFP 2022_2021_Ambev SA.pdf', 'size_bytes': 2181429}]",AMBEV S.A.,
23264,2023,134335,1,statements_filename_match,"[{'path': 'data\\raw\\dfp\\023264\\2023\\notas_explicativas.pdf', 'original_filename': 'DFP  2023_Ambev SA.pdf', 'size_bytes': 2217965}]",AMBEV S.A.,
23264,2024,145022,1,statements_filename_match,"[{'path': 'data\\raw\\dfp\\023264\\2024\\notas_explicativas.pdf', 'original_filename': 'DFP 2024_Ambev SA.pdf', 'size_bytes': 3122421}]",AMBEV S.A.,
26620,2021,113048,1,notes_filename_match,"[{'path': 'data\\raw\\dfp\\026620\\2021\\notas_explicativas.pdf', 'original_filename': 'Notas Explicativas.pdf', 'size_bytes': 2047243}]",AUREN ENERGIA S.A.,
26620,2022,123594,1,notes_filename_match,"[{'path': 'data\\raw\\dfp\\026620\\2022\\notas_explicativas.pdf', 'original_filename': 'Notas explicativas Auren - CVM.pdf', 'size_bytes': 2470627}]",AUREN ENERGIA S.A.,
26620,2023,133972,1,notes_filename_match,"[{'path': 'data\\raw\\dfp\\026620\\2023\\notas_explicativas.pdf', 'original_filename': 'Notas explicativas AUREN 4T23 v2.pdf', 'size_bytes': 2581495}]",AUREN ENERGIA S.A.,
26620,2024,144969,1,largest_attachment_fallback,"[{'path': 'data\\raw\\dfp\\026620\\2024\\notas_explicativas.pdf', 'original_filename': 'NES da DF AUREN CONSOLIDADA 4T2024.pdf', 'size_bytes': 3368474}]",AUREN ENERGIA S.A.,
2437,2022,124141,1,notes_filename_match,"[{'path': 'data\\raw\\dfp\\002437\\2022\\notas_explicativas.pdf', 'original_filename': 'Nota Explicativa - Eletrobras DFP 22.pdf', 'size_bytes': 1653118}]",AXIA ENERGIA S.A.,
2437,2023,137285,1,notes_filename_match,"[{'path': 'data\\raw\\dfp\\002437\\2023\\notas_explicativas.pdf', 'original_filename': 'Notas Explicativas - DFP23 - Eletrobras.pdf', 'size_bytes': 1815384}]",AXIA ENERGIA S.A.,
2437,2024,145424,1,notes_filename_match,"[{'path': 'data\\raw\\dfp\\002437\\2024\\notas_explicativas.pdf', 'original_filename': 'Notas Explicativas - Eletrobras - 2024 v 13.03.25.pdf', 'size_bytes': 2100999}]",AXIA ENERGIA S.A.,
22349,2015,53767,1,largest_attachment_fallback,"[{'path': 'data\\raw\\dfp\\022349\\2015\\notas_explicativas.pdf', 'original_filename': 'C:\\CVM\\EmpresasNet\\Temp\\files\\00122004120000000000000000.pdf.pdf', 'size_bytes': 941784}]",AZZAS 2154 S.A.,
22349,2016,62971,1,largest_attachment_fallback,"[{'path': 'data\\raw\\dfp\\022349\\2016\\notas_explicativas.pdf', 'original_filename': 'C:\\Program Files (x86)\\CVM\\EmpresasNet\\Temp\\files\\00122404120000000000000000.pdf.pdf', 'size_bytes': 1129617}]",AZZAS 2154 S.A.,
22349,2017,72053,1,largest_attachment_fallback,"[{'path': 'data\\raw\\dfp\\022349\\2017\\notas_explicativas.pdf', 'original_filename': 'C:\\Program Files (x86)\\CVM\\EmpresasNet\\Temp\\files\\00122204120000000000000000.pdf.pdf', 'size_bytes': 1470144}]",AZZAS 2154 S.A.,
22349,2018,80780,1,largest_attachment_fallback,"[{'path': 'data\\raw\\dfp\\022349\\2018\\notas_explicativas.pdf', 'original_filename': 'C:\\CVM\\EmpresasNetV14000\\Temp\\files\\00123904120000000000000000.pdf.pdf', 'size_bytes': 1411537}]",AZZAS 2154 S.A.,
22349,2019,92868,1,largest_attachment_fallback,"[{'path': 'data\\raw\\dfp\\022349\\2019\\notas_explicativas.pdf', 'original_filename': 'C:\\CVM\\EmpresasNetV15002\\Temp\\files\\00122104120000000000000000.pdf.pdf', 'size_bytes': 1419766}]",AZZAS 2154 S.A.,
22349,2020,100689,1,largest_attachment_fallback,"[{'path': 'data\\raw\\dfp\\022349\\2020\\notas_explicativas.pdf', 'original_filename': 'C:\\CVM\\EmpresasNetV17000\\Temp\\files\\00121716530000000000000000.pdf.pdf', 'size_bytes': 6352721}]",AZZAS 2154 S.A.,
22349,2021,112444,1,notes_filename_match,"[{'path': 'data\\raw\\dfp\\022349\\2021\\notas_explicativas.pdf', 'original_filename': 'Notas explicativas 4T21 v10.pdf', 'size_bytes': 902669}]",AZZAS 2154 S.A.,
22349,2022,125277,1,notes_filename_match,"[{'path': 'data\\raw\\dfp\\022349\\2022\\notas_explicativas.pdf', 'original_filename': 'Notas explicativas 4T22 - v9.pdf', 'size_bytes': 890593}]",AZZAS 2154 S.A.,
22349,2023,134550,1,notes_filename_match,"[{'path': 'data\\raw\\dfp\\022349\\2023\\notas_explicativas.pdf', 'original_filename': 'Arezzo - Notas explicativas 4T23 Final.pdf', 'size_bytes': 912995}]",AZZAS 2154 S.A.,
22349,2024,145319,1,notes_filename_match,"[{'path': 'data\\raw\\dfp\\022349\\2024\\notas_explicativas.pdf', 'original_filename': 'Notas explicativas 4T24 - Final.pdf', 'size_bytes': 840512}]",AZZAS 2154 S.A.,
18724,2015,54217,1,largest_attachment_fallback,"[{'path': 'data\\raw\\dfp\\018724\\2015\\notas_explicativas.pdf', 'original_filename': 'C:\\CVM\\EmpresasNet\\Temp\\files\\00122716530000000000000000.pdf.pdf', 'size_bytes': 541214}]",BRADESPAR S.A.,
18724,2016,63373,1,largest_attachment_fallback,"[{'path': 'data\\raw\\dfp\\018724\\2016\\notas_explicativas.pdf', 'original_filename': 'C:\\CVM\\EmpresasNet\\Temp\\files\\00124704120000000000000000.pdf.pdf', 'size_bytes': 608919}]",BRADESPAR S.A.,
18724,2017,72464,1,largest_attachment_fallback,"[{'path': 'data\\raw\\dfp\\018724\\2017\\notas_explicativas.pdf', 'original_filename': 'C:\\CVM\\EmpresasNet\\Temp\\files\\00123804120000000000000000.pdf.pdf', 'size_bytes': 659532}]",BRADESPAR S.A.,
18724,2018,81696,1,largest_attachment_fallback,"[{'path': 'data\\raw\\dfp\\018724\\2018\\notas_explicativas.pdf', 'original_filename': 'C:\\CVM\\EmpresasNetV14000\\Temp\\files\\00122004120000000000000000.pdf.pdf', 'size_bytes': 594630}]",BRADESPAR S.A.,
18724,2019,91842,1,largest_attachment_fallback,"[{'path': 'data\\raw\\dfp\\018724\\2019\\notas_explicativas.pdf', 'original_filename': 'C:\\CVM\\EmpresasNetV15002\\Temp\\files\\00121104120000000000000000.pdf.pdf', 'size_bytes': 998546}]",BRADESPAR S.A.,
18724,2020,102213,1,largest_attachment_fallback,"[{'path': 'data\\raw\\dfp\\018724\\2020\\notas_explicativas.pdf', 'original_filename': 'C:\\CVM\\EmpresasNetV17000\\Temp\\files\\00121904120000000000000000.pdf.pdf', 'size_bytes': 975523}]",BRADESPAR S.A.,
18724,2021,113117,1,largest_attachment_fallback,"[{'path': 'data\\raw\\dfp\\018724\\2021\\notas_explicativas.pdf', 'original_filename': 'Nota Bradespar 122021_v5.pdf', 'size_bytes': 974932}]",BRADESPAR S.A.,
18724,2022,124650,1,largest_attachment_fallback,"[{'path': 'data\\raw\\dfp\\018724\\2022\\notas_explicativas.pdf', 'original_filename': 'Nota Bradespar 122022 - v6.pdf', 'size_bytes': 958187}]",BRADESPAR S.A.,
18724,2023,135181,1,largest_attachment_fallback,"[{'path': 'data\\raw\\dfp\\018724\\2023\\notas_explicativas.pdf', 'original_filename': 'Rel Adm_4T_23 V2 Limpa.pdf', 'size_bytes': 663992}]",BRADESPAR S.A.,
18724,2024,145726,1,largest_attachment_fallback,"[{'path': 'data\\raw\\dfp\\018724\\2024\\notas_explicativas.pdf', 'original_filename': 'Versão Final.pdf', 'size_bytes': 582722}]",BRADESPAR S.A.,
4820,2015,53451,1,largest_attachment_fallback,"[{'path': 'data\\raw\\dfp\\004820\\2015\\notas_explicativas.pdf', 'original_filename': 'C:\\CVM\\EmpresasNet\\Temp\\files\\00122816530000000000000000.pdf.pdf', 'size_bytes': 947743}]",BRASKEM S.A.,
4820,2016,68264,1,largest_attachment_fallback,"[{'path': 'data\\raw\\dfp\\004820\\2016\\notas_explicativas.pdf', 'original_filename': 'C:\\CVM\\EmpresasNet\\Temp\\files\\00123604120000000000000000.pdf.pdf', 'size_bytes': 863185}]",BRASKEM S.A.,
4820,2017,72881,1,largest_attachment_fallback,"[{'path': 'data\\raw\\dfp\\004820\\2017\\notas_explicativas.pdf', 'original_filename': 'C:\\CVM\\EmpresasNet\\Temp\\files\\00124104120000000000000000.pdf.pdf', 'size_bytes': 953012}]",BRASKEM S.A.,
4820,2018,81173,1,largest_attachment_fallback,"[{'path': 'data\\raw\\dfp\\004820\\2018\\notas_explicativas.pdf', 'original_filename': 'C:\\CVM\\EmpresasNetV14000\\Temp\\files\\00122116530000000000000000.pdf.pdf', 'size_bytes': 882890}]",BRASKEM S.A.,
4820,2019,92224,1,largest_attachment_fallback,"[{'path': 'data\\raw\\dfp\\004820\\2019\\notas_explicativas.pdf', 'original_filename': 'C:\\CVM\\EmpresasNetV16000\\Temp\\files\\00121504120000000000000000.pdf.pdf', 'size_bytes': 1551238}]",BRASKEM S.A.,
4820,2020,100840,1,largest_attachment_fallback,"[{'path': 'data\\raw\\dfp\\004820\\2020\\notas_explicativas.pdf', 'original_filename': 'C:\\CVM\\EmpresasNetV17000\\Temp\\files\\00122416530000000000000000.pdf.pdf', 'size_bytes': 2325249}]",BRASKEM S.A.,
4820,2021,112600,1,largest_attachment_fallback,"[{'path': 'data\\raw\\dfp\\004820\\2021\\notas_explicativas.pdf', 'original_filename': 'Braskem_DFs 2021.pdf', 'size_bytes': 6339591}]",BRASKEM S.A.,
4820,2022,124488,1,largest_attachment_fallback,"[{'path': 'data\\raw\\dfp\\004820\\2022\\notas_explicativas.pdf', 'original_filename': 'braskem DF 2022.pdf', 'size_bytes': 2872046}]",BRASKEM S.A.,
4820,2023,139362,1,largest_attachment_fallback,"[{'path': 'data\\raw\\dfp\\004820\\2023\\notas_explicativas.pdf', 'original_filename': 'RA_2023_PORT_20240318_slim.pdf', 'size_bytes': 2321676}]",BRASKEM S.A.,
4820,2024,145080,1,largest_attachment_fallback,"[{'path': 'data\\raw\\dfp\\004820\\2024\\notas_explicativas.pdf', 'original_filename': 'Braskem_DFs 2024.pdf', 'size_bytes': 3151586}]",BRASKEM S.A.,
25291,2020,101006,1,largest_attachment_fallback,"[{'path': 'data\\raw\\dfp\\025291\\2020\\notas_explicativas.pdf', 'original_filename': 'C:\\CVM\\EmpresasNetV17000\\Temp\\files\\00121704120000000000000000.pdf.pdf', 'size_bytes': 1111360}]",BRAVA ENERGIA S.A.,
25291,2021,111958,1,notes_filename_match,"[{'path': 'data\\raw\\dfp\\025291\\2021\\notas_explicativas.pdf', 'original_filename': 'Notas Explicativas.pdf', 'size_bytes': 1420561}]",BRAVA ENERGIA S.A.,
25291,2022,123994,1,largest_attachment_fallback,"[{'path': 'data\\raw\\dfp\\025291\\2022\\notas_explicativas.pdf', 'original_filename': 'Release 4T22 PORT_Versão DF.pdf', 'size_bytes': 1358736}]",BRAVA ENERGIA S.A.,
25291,2023,134516,1,largest_attachment_fallback,"[{'path': 'data\\raw\\dfp\\025291\\2023\\notas_explicativas.pdf', 'original_filename': 'Release 4T23_PORT_FINAL_DF.pdf', 'size_bytes': 1735317}]",BRAVA ENERGIA S.A.,
25291,2024,145612,1,notes_filename_match,"[{'path': 'data\\raw\\dfp\\025291\\2024\\notas_explicativas.pdf', 'original_filename': 'Notas explicativas_DF Brava - 4T24 v9.5.pdf', 'size_bytes': 1423238}]",BRAVA ENERGIA S.A.,
24848,2018,87072,1,largest_attachment_fallback,"[{'path': 'data\\raw\\dfp\\024848\\2018\\notas_explicativas.pdf', 'original_filename': 'C:\\CVM\\EmpresasNetV15000\\Temp\\files\\00121304120000000000000000.pdf.pdf', 'size_bytes': 1676902}]",C&A MODAS S.A.,
24848,2019,91737,1,largest_attachment_fallback,"[{'path': 'data\\raw\\dfp\\024848\\2019\\notas_explicativas.pdf', 'original_filename': 'C:\\CVM\\EmpresasNetV15002\\Temp\\files\\00121204120000000000000000.pdf.pdf', 'size_bytes': 467353}]",C&A MODAS S.A.,
24848,2020,102056,1,largest_attachment_fallback,"[{'path': 'data\\raw\\dfp\\024848\\2020\\notas_explicativas.pdf', 'original_filename': 'C:\\CVM\\EmpresasNetV17000\\Temp\\files\\00121604120000000000000000.pdf.pdf', 'size_bytes': 1283300}]",C&A MODAS S.A.,
24848,2021,112425,1,notes_filename_match,"[{'path': 'data\\raw\\dfp\\024848\\2021\\notas_explicativas.pdf', 'original_filename': 'Nota explicativa 4.pdf', 'size_bytes': 1168454}]",C&A MODAS S.A.,
24848,2022,123795,1,largest_attachment_fallback,"[{'path': 'data\\raw\\dfp\\024848\\2022\\notas_explicativas.pdf', 'original_filename': '20230301_Relatório Resultados_4T22_comentário de desempenho 3.pdf', 'size_bytes': 571502}]",C&A MODAS S.A.,
24848,2023,134324,1,largest_attachment_fallback,"[{'path': 'data\\raw\\dfp\\024848\\2023\\notas_explicativas.pdf', 'original_filename': '20240228_Comentário de desempenho_vf1.pdf', 'size_bytes': 787361}]",C&A MODAS S.A.,
24848,2024,145051,1,largest_attachment_fallback,"[{'path': 'data\\raw\\dfp\\024848\\2024\\notas_explicativas.pdf', 'original_filename': 'Release VF - 4T24.pdf', 'size_bytes': 8156163}]",C&A MODAS S.A.,
18821,2015,53651,1,largest_attachment_fallback,"[{'path': 'data\\raw\\dfp\\018821\\2015\\notas_explicativas.pdf', 'original_filename': 'C:\\CVM\\EmpresasNet\\Temp\\files\\00135704120000000000000000.pdf.pdf', 'size_bytes': 752022}]",CCR S.A.,
18821,2016,62916,1,largest_attachment_fallback,"[{'path': 'data\\raw\\dfp\\018821\\2016\\notas_explicativas.pdf', 'original_filename': 'C:\\CVM\\EmpresasNet\\Temp\\files\\00122304120000000000000000.pdf.pdf', 'size_bytes': 785898}]",CCR S.A.,
18821,2017,71809,1,largest_attachment_fallback,"[{'path': 'data\\raw\\dfp\\018821\\2017\\notas_explicativas.pdf', 'original_filename': 'C:\\CVM\\EmpresasNet\\Temp\\files\\00124504120000000000000000.pdf.pdf', 'size_bytes': 878145}]",CCR S.A.,
18821,2018,81414,1,largest_attachment_fallback,"[{'path': 'data\\raw\\dfp\\018821\\2018\\notas_explicativas.pdf', 'original_filename': 'C:\\CVM\\EmpresasNetV14000\\Temp\\files\\00121104120000000000000000.pdf.pdf', 'size_bytes': 1079776}]",CCR S.A.,
18821,2019,91386,1,largest_attachment_fallback,"[{'path': 'data\\raw\\dfp\\018821\\2019\\notas_explicativas.pdf', 'original_filename': 'C:\\CVM\\EmpresasNetV16000\\Temp\\files\\00121604120000000000000000.pdf.pdf', 'size_bytes': 987851}]",CCR S.A.,
18821,2020,100683,1,largest_attachment_fallback,"[{'path': 'data\\raw\\dfp\\018821\\2020\\notas_explicativas.pdf', 'original_filename': 'C:\\CVM\\EmpresasNetV17000\\Temp\\files\\00124004120000000000000000.pdf.pdf', 'size_bytes': 1137750}]",CCR S.A.,
2437,2015,54894,1,largest_attachment_fallback,"[{'path': 'data\\raw\\dfp\\002437\\2015\\notas_explicativas.pdf', 'original_filename': 'C:\\CVM\\EmpresasNet\\Temp\\files\\00121916530000000000000000.pdf.pdf', 'size_bytes': 5571417}]",CENTRAIS ELET BRAS S.A. - ELETROBRAS,
2437,2016,63647,1,largest_attachment_fallback,"[{'path': 'data\\raw\\dfp\\002437\\2016\\notas_explicativas.pdf', 'original_filename': 'C:\\CVM\\EmpresasNet\\Temp\\files\\00122516530000000000000000.pdf.pdf', 'size_bytes': 5522313}]",CENTRAIS ELET BRAS S.A. - ELETROBRAS,
2437,2017,72695,1,largest_attachment_fallback,"[{'path': 'data\\raw\\dfp\\002437\\2017\\notas_explicativas.pdf', 'original_filename': 'C:\\CVM\\EmpresasNet\\Temp\\files\\00124016530000000000000000.pdf.pdf', 'size_bytes': 4494848}]",CENTRAIS ELET BRAS S.A. - ELETROBRAS,
2437,2018,81620,1,largest_attachment_fallback,"[{'path': 'data\\raw\\dfp\\002437\\2018\\notas_explicativas.pdf', 'original_filename': 'C:\\CVM\\EmpresasNetV14000\\Temp\\files\\00123816530000000000000000.pdf.pdf', 'size_bytes': 4691045}]",CENTRAIS ELET BRAS S.A. - ELETROBRAS,
2437,2019,91942,1,largest_attachment_fallback,"[{'path': 'data\\raw\\dfp\\002437\\2019\\notas_explicativas.pdf', 'original_filename': 'C:\\CVM\\EmpresasNetV15002\\Temp\\files\\00124516530000000000000000.pdf.pdf', 'size_bytes': 5922423}]",CENTRAIS ELET BRAS S.A. - ELETROBRAS,
2437,2020,102103,1,largest_attachment_fallback,"[{'path': 'data\\raw\\dfp\\002437\\2020\\notas_explicativas.pdf', 'original_filename': 'C:\\CVM\\EmpresasNetV17000\\Temp\\files\\00122016530000000000000000.pdf.pdf', 'size_bytes': 8913527}]",CENTRAIS ELET BRAS S.A. - ELETROBRAS,
2437,2021,112739,1,notes_filename_match,"[{'path': 'data\\raw\\dfp\\002437\\2021\\notas_explicativas.pdf', 'original_filename': 'Notas Explicativas - Eletrobras Dezembro 2021 18.03.22.pdf', 'size_bytes': 2141000}]",CENTRAIS ELET BRAS S.A. - ELETROBRAS,
2453,2015,60912,1,largest_attachment_fallback,"[{'path': 'data\\raw\\dfp\\002453\\2015\\notas_explicativas.pdf', 'original_filename': 'C:\\CVM\\EmpresasNet\\Temp\\files\\00125804120000000000000000.pdf.pdf', 'size_bytes': 4013781}]",CIA ENERGETICA DE MINAS GERAIS - CEMIG,
2453,2016,64232,1,largest_attachment_fallback,"[{'path': 'data\\raw\\dfp\\002453\\2016\\notas_explicativas.pdf', 'original_filename': 'C:\\CVM\\EmpresasNet\\Temp\\files\\00128804120000000000000000.pdf.pdf', 'size_bytes': 2322647}]",CIA ENERGETICA DE MINAS GERAIS - CEMIG,
2453,2017,72887,1,largest_attachment_fallback,"[{'path': 'data\\raw\\dfp\\002453\\2017\\notas_explicativas.pdf', 'original_filename': 'C:\\CVM\\EmpresasNet\\Temp\\files\\00125104120000000000000000.pdf.pdf', 'size_bytes': 2829653}]",CIA ENERGETICA DE MINAS GERAIS - CEMIG,
2453,2018,81934,1,largest_attachment_fallback,"[{'path': 'data\\raw\\dfp\\002453\\2018\\notas_explicativas.pdf', 'original_filename': 'C:\\CVM\\EmpresasNetV14000\\Temp\\files\\00126204120000000000000000.pdf.pdf', 'size_bytes': 1577482}]",CIA ENERGETICA DE MINAS GERAIS - CEMIG,
2453,2019,92147,1,largest_attachment_fallback,"[{'path': 'data\\raw\\dfp\\002453\\2019\\notas_explicativas.pdf', 'original_filename': 'C:\\CVM\\EmpresasNetV16000\\Temp\\files\\00121104120000000000000000.pdf.pdf', 'size_bytes': 4092342}]",CIA ENERGETICA DE MINAS GERAIS - CEMIG,
2453,2020,102461,1,largest_attachment_fallback,"[{'path': 'data\\raw\\dfp\\002453\\2020\\notas_explicativas.pdf', 'original_filename': 'C:\\CVM\\EmpresasNetV17000\\Temp\\files\\00122404120000000000000000.pdf.pdf', 'size_bytes': 4390548}]",CIA ENERGETICA DE MINAS GERAIS - CEMIG,
2453,2021,113213,1,notes_filename_match,"[{'path': 'data\\raw\\dfp\\002453\\2021\\notas_explicativas.pdf', 'original_filename': 'Notas explicativas.pdf', 'size_bytes': 3243080}]",CIA ENERGETICA DE MINAS GERAIS - CEMIG,
2453,2022,124595,1,notes_filename_match,"[{'path': 'data\\raw\\dfp\\002453\\2022\\notas_explicativas.pdf', 'original_filename': 'Cemig H DFP 2022 - Notas explicativas.pdf', 'size_bytes': 3173816}]",CIA ENERGETICA DE MINAS GERAIS - CEMIG,
2453,2023,134993,1,notes_filename_match,"[{'path': 'data\\raw\\dfp\\002453\\2023\\notas_explicativas.pdf', 'original_filename': 'Notas explicativas.pdf', 'size_bytes': 2822735}]",CIA ENERGETICA DE MINAS GERAIS - CEMIG,
2453,2024,145624,1,notes_filename_match,"[{'path': 'data\\raw\\dfp\\002453\\2024\\notas_explicativas.pdf', 'original_filename': 'Notas explicativas.pdf', 'size_bytes': 2964525}]",CIA ENERGETICA DE MINAS GERAIS - CEMIG,
14311,2015,54155,1,largest_attachment_fallback,"[{'path': 'data\\raw\\dfp\\014311\\2015\\notas_explicativas.pdf', 'original_filename': 'C:\\CVM\\EmpresasNet\\Temp\\files\\00121204120000000000000000.pdf.pdf', 'size_bytes': 884042}]",CIA PARANAENSE DE ENERGIA - COPEL,
14311,2016,63723,1,largest_attachment_fallback,"[{'path': 'data\\raw\\dfp\\014311\\2016\\notas_explicativas.pdf', 'original_filename': 'C:\\CVM\\EmpresasNet\\Temp\\files\\00122016530000000000000000.pdf.pdf', 'size_bytes': 1092065}]",CIA PARANAENSE DE ENERGIA - COPEL,
14311,2017,74522,1,largest_attachment_fallback,"[{'path': 'data\\raw\\dfp\\014311\\2017\\notas_explicativas.pdf', 'original_filename': 'C:\\CVM\\EmpresasNetV13\\Temp\\files\\00122216530000000000000000.pdf.pdf', 'size_bytes': 1314386}]",CIA PARANAENSE DE ENERGIA - COPEL,
14311,2018,81731,1,largest_attachment_fallback,"[{'path': 'data\\raw\\dfp\\014311\\2018\\notas_explicativas.pdf', 'original_filename': 'C:\\CVM\\EmpresasNetV13003\\Temp\\files\\00121604120000000000000000.pdf.pdf', 'size_bytes': 921331}]",CIA PARANAENSE DE ENERGIA - COPEL,
14311,2019,91838,1,largest_attachment_fallback,"[{'path': 'data\\raw\\dfp\\014311\\2019\\notas_explicativas.pdf', 'original_filename': 'C:\\CVM\\EmpresasNetV16000\\Temp\\files\\00122204120000000000000000.pdf.pdf', 'size_bytes': 924101}]",CIA PARANAENSE DE ENERGIA - COPEL,
14311,2020,103444,1,largest_attachment_fallback,"[{'path': 'data\\raw\\dfp\\014311\\2020\\notas_explicativas.pdf', 'original_filename': 'C:\\CVM\\EmpresasNetV17001\\Temp\\files\\00121804120000000000000000.pdf.pdf', 'size_bytes': 1110588}]",CIA PARANAENSE DE ENERGIA - COPEL,
14311,2021,112827,1,statements_filename_match,"[{'path': 'data\\raw\\dfp\\014311\\2021\\notas_explicativas.pdf', 'original_filename': 'Demonstrações Financeiras HOL - DFP 2021 - NEs.pdf', 'size_bytes': 1008734}]",CIA PARANAENSE DE ENERGIA - COPEL,
14311,2022,124426,1,statements_filename_match,"[{'path': 'data\\raw\\dfp\\014311\\2022\\notas_explicativas.pdf', 'original_filename': 'Proposta orçamento de capital - DFP 2022 - HOL.pdf', 'size_bytes': 36121}]",CIA PARANAENSE DE ENERGIA - COPEL,
14311,2023,134367,1,largest_attachment_fallback,"[{'path': 'data\\raw\\dfp\\014311\\2023\\notas_explicativas.pdf', 'original_filename': 'NEs_ 2023 - HOL.pdf', 'size_bytes': 1295885}]",CIA PARANAENSE DE ENERGIA - COPEL,
14311,2024,145117,1,largest_attachment_fallback,"[{'path': 'data\\raw\\dfp\\014311\\2024\\notas_explicativas.pdf', 'original_filename': 'NEs - DFs_Copel HOL_Dez_24.pdf', 'size_bytes': 1062371}]",CIA PARANAENSE DE ENERGIA - COPEL,
14443,2015,54474,1,largest_attachment_fallback,"[{'path': 'data\\raw\\dfp\\014443\\2015\\notas_explicativas.pdf', 'original_filename': 'C:\\CVM\\EmpresasNet\\Temp\\files\\00124816530000000000000000.pdf.pdf', 'size_bytes': 616549}]",CIA SANEAMENTO BASICO EST SAO PAULO,
14443,2016,63644,1,largest_attachment_fallback,"[{'path': 'data\\raw\\dfp\\014443\\2016\\notas_explicativas.pdf', 'original_filename': 'C:\\CVM\\EmpresasNet\\Temp\\files\\00126804120000000000000000.pdf.pdf', 'size_bytes': 552734}]",CIA SANEAMENTO BASICO EST SAO PAULO,
14443,2017,72785,1,largest_attachment_fallback,"[{'path': 'data\\raw\\dfp\\014443\\2017\\notas_explicativas.pdf', 'original_filename': 'C:\\CVM\\EmpresasNetV13\\Temp\\files\\00121216530000000000000000.pdf.pdf', 'size_bytes': 654061}]",CIA SANEAMENTO BASICO EST SAO PAULO,
14443,2018,81733,1,largest_attachment_fallback,"[{'path': 'data\\raw\\dfp\\014443\\2018\\notas_explicativas.pdf', 'original_filename': 'C:\\CVM\\EmpresasNetV14000\\Temp\\files\\00127304120000000000000000.pdf.pdf', 'size_bytes': 644280}]",CIA SANEAMENTO BASICO EST SAO PAULO,
14443,2019,91918,1,largest_attachment_fallback,"[{'path': 'data\\raw\\dfp\\014443\\2019\\notas_explicativas.pdf', 'original_filename': 'C:\\CVM\\EmpresasNetV15002\\Temp\\files\\00124204120000000000000000.pdf.pdf', 'size_bytes': 573873}]",CIA SANEAMENTO BASICO EST SAO PAULO,
14443,2020,102262,1,largest_attachment_fallback,"[{'path': 'data\\raw\\dfp\\014443\\2020\\notas_explicativas.pdf', 'original_filename': 'C:\\CVM\\EmpresasNetV17000\\Temp\\files\\00123516530000000000000000.pdf.pdf', 'size_bytes': 642420}]",CIA SANEAMENTO BASICO EST SAO PAULO,
14443,2021,112960,1,notes_filename_match,"[{'path': 'data\\raw\\dfp\\014443\\2021\\notas_explicativas.pdf', 'original_filename': 'NotasExplicativas_24032022_22h00.pdf', 'size_bytes': 539517}]",CIA SANEAMENTO BASICO EST SAO PAULO,
14443,2022,124536,1,notes_filename_match,"[{'path': 'data\\raw\\dfp\\014443\\2022\\notas_explicativas.pdf', 'original_filename': 'NotasExplicativasDF2022.pdf', 'size_bytes': 554980}]",CIA SANEAMENTO BASICO EST SAO PAULO,
14443,2023,134989,1,notes_filename_match,"[{'path': 'data\\raw\\dfp\\014443\\2023\\notas_explicativas.pdf', 'original_filename': 'NotasExplicativas_final.pdf', 'size_bytes': 632059}]",CIA SANEAMENTO BASICO EST SAO PAULO,
14443,2024,145844,1,notes_filename_match,"[{'path': 'data\\raw\\dfp\\014443\\2024\\notas_explicativas.pdf', 'original_filename': 'Notas Explicativas_Final_Reapresentação.v2.pdf', 'size_bytes': 1689806}]",CIA SANEAMENTO BASICO EST SAO PAULO,
19445,2015,54029,1,largest_attachment_fallback,"[{'path': 'data\\raw\\dfp\\019445\\2015\\notas_explicativas.pdf', 'original_filename': 'C:\\CVM\\EmpresasNet\\Temp\\files\\00121804120000000000000000.pdf.pdf', 'size_bytes': 1212049}]",CIA SANEAMENTO DE MINAS GERAIS-COPASA MG,
19445,2016,63037,1,largest_attachment_fallback,"[{'path': 'data\\raw\\dfp\\019445\\2016\\notas_explicativas.pdf', 'original_filename': 'C:\\Program Files (x86)\\CVM\\EmpresasNet\\Temp\\files\\00122704120000000000000000.pdf.pdf', 'size_bytes': 1221299}]",CIA SANEAMENTO DE MINAS GERAIS-COPASA MG,
19445,2017,71739,1,largest_attachment_fallback,"[{'path': 'data\\raw\\dfp\\019445\\2017\\notas_explicativas.pdf', 'original_filename': 'C:\\CVM\\EmpresasNet\\Temp\\files\\00121804120000000000000000.pdf.pdf', 'size_bytes': 1171884}]",CIA SANEAMENTO DE MINAS GERAIS-COPASA MG,
19445,2018,80985,1,largest_attachment_fallback,"[{'path': 'data\\raw\\dfp\\019445\\2018\\notas_explicativas.pdf', 'original_filename': 'C:\\CVM\\EmpresasNetV14000\\Temp\\files\\00121804120000000000000000.pdf.pdf', 'size_bytes': 1157807}]",CIA SANEAMENTO DE MINAS GERAIS-COPASA MG,
19445,2019,91684,1,largest_attachment_fallback,"[{'path': 'data\\raw\\dfp\\019445\\2019\\notas_explicativas.pdf', 'original_filename': 'C:\\CVM\\EmpresasNetV16000\\Temp\\files\\00122104120000000000000000.pdf.pdf', 'size_bytes': 1360039}]",CIA SANEAMENTO DE MINAS GERAIS-COPASA MG,
19445,2020,102985,1,largest_attachment_fallback,"[{'path': 'data\\raw\\dfp\\019445\\2020\\notas_explicativas.pdf', 'original_filename': 'C:\\CVM\\EmpresasNetV17000\\Temp\\files\\00122404120000000000000000.pdf.pdf', 'size_bytes': 1379643}]",CIA SANEAMENTO DE MINAS GERAIS-COPASA MG,
19445,2021,116984,1,largest_attachment_fallback,"[{'path': 'data\\raw\\dfp\\019445\\2021\\notas_explicativas.pdf', 'original_filename': 'DF WORD 2021 COPASA ENET.pdf', 'size_bytes': 1899570}]",CIA SANEAMENTO DE MINAS GERAIS-COPASA MG,
19445,2022,124409,1,notes_filename_match,"[{'path': 'data\\raw\\dfp\\019445\\2022\\notas_explicativas.pdf', 'original_filename': 'NOTA EXPLICATIVA 2022 COPASA ENET_17-03-2023_1410.pdf', 'size_bytes': 1305610}]",CIA SANEAMENTO DE MINAS GERAIS-COPASA MG,
19445,2023,134977,1,largest_attachment_fallback,"[{'path': 'data\\raw\\dfp\\019445\\2023\\notas_explicativas.pdf', 'original_filename': 'Escolha um arquivo', 'size_bytes': 891797}]",CIA SANEAMENTO DE MINAS GERAIS-COPASA MG,
19445,2024,145717,1,notes_filename_match,"[{'path': 'data\\raw\\dfp\\019445\\2024\\notas_explicativas.pdf', 'original_filename': 'Notas explicativas 2024 24-03-2025.pdf', 'size_bytes': 1066594}]",CIA SANEAMENTO DE MINAS GERAIS-COPASA MG,
4030,2015,60923,1,largest_attachment_fallback,"[{'path': 'data\\raw\\dfp\\004030\\2015\\notas_explicativas.pdf', 'original_filename': 'C:\\CVM\\EmpresasNet\\Temp\\files\\00122804120000000000000000.pdf.pdf', 'size_bytes': 1344460}]",CIA SIDERURGICA NACIONAL,
4030,2016,69331,1,largest_attachment_fallback,"[{'path': 'data\\raw\\dfp\\004030\\2016\\notas_explicativas.pdf', 'original_filename': 'C:\\CVM\\EmpresasNet\\Temp\\files\\00121704120000000000000000.pdf.pdf', 'size_bytes': 1357720}]",CIA SIDERURGICA NACIONAL,
4030,2017,73192,1,largest_attachment_fallback,"[{'path': 'data\\raw\\dfp\\004030\\2017\\notas_explicativas.pdf', 'original_filename': 'C:\\CVM\\EmpresasNet\\Temp\\files\\00121604120000000000000000.pdf.pdf', 'size_bytes': 1025761}]",CIA SIDERURGICA NACIONAL,
4030,2018,80783,1,largest_attachment_fallback,"[{'path': 'data\\raw\\dfp\\004030\\2018\\notas_explicativas.pdf', 'original_filename': 'C:\\CVM\\EmpresasNetV14000\\Temp\\files\\00122604120000000000000000.pdf.pdf', 'size_bytes': 1014948}]",CIA SIDERURGICA NACIONAL,
4030,2019,91368,1,largest_attachment_fallback,"[{'path': 'data\\raw\\dfp\\004030\\2019\\notas_explicativas.pdf', 'original_filename': 'C:\\CVM\\EmpresasNetV15002\\Temp\\files\\00121804120000000000000000.pdf.pdf', 'size_bytes': 941126}]",CIA SIDERURGICA NACIONAL,
4030,2020,100354,1,largest_attachment_fallback,"[{'path': 'data\\raw\\dfp\\004030\\2020\\notas_explicativas.pdf', 'original_filename': 'C:\\CVM\\EmpresasNetV16000\\Temp\\files\\00121116530000000000000000.pdf.pdf', 'size_bytes': 1167094}]",CIA SIDERURGICA NACIONAL,
4030,2021,112377,1,notes_filename_match,"[{'path': 'data\\raw\\dfp\\004030\\2021\\notas_explicativas.pdf', 'original_filename': 'Notas Explicativas ITR-CSN-12-2021-IFRS sv 09032022 18h00m.pdf', 'size_bytes': 1113335}]",CIA SIDERURGICA NACIONAL,
4030,2022,124211,1,notes_filename_match,"[{'path': 'data\\raw\\dfp\\004030\\2022\\notas_explicativas.pdf', 'original_filename': 'Notas Explicativas ITR-CSN-12-2022-IFRS sv 08032023 22h27m.pdf', 'size_bytes': 1112742}]",CIA SIDERURGICA NACIONAL,
4030,2023,134513,1,notes_filename_match,"[{'path': 'data\\raw\\dfp\\004030\\2023\\notas_explicativas.pdf', 'original_filename': 'Notas Explicativas ITR-CSN-12-2023-IFRS 06-03-24 19h13_FINAL.pdf', 'size_bytes': 1172087}]",CIA SIDERURGICA NACIONAL,
4030,2024,145354,1,statements_filename_match,"[{'path': 'data\\raw\\dfp\\004030\\2024\\notas_explicativas.pdf', 'original_filename': 'NEs DFP 2024 CSN - VF.pdf', 'size_bytes': 1429606}]",CIA SIDERURGICA NACIONAL,
17973,2015,54054,1,largest_attachment_fallback,"[{'path': 'data\\raw\\dfp\\017973\\2015\\notas_explicativas.pdf', 'original_filename': 'C:\\CVM\\EmpresasNet\\Temp\\files\\00121704120000000000000000.pdf.pdf', 'size_bytes': 362349}]",COGNA EDUCAÇÃO S.A.,
17973,2016,63411,1,largest_attachment_fallback,"[{'path': 'data\\raw\\dfp\\017973\\2016\\notas_explicativas.pdf', 'original_filename': 'C:\\CVM\\EmpresasNet\\Temp\\files\\00122104120000000000000000.pdf.pdf', 'size_bytes': 923193}]",COGNA EDUCAÇÃO S.A.,
17973,2017,72338,1,largest_attachment_fallback,"[{'path': 'data\\raw\\dfp\\017973\\2017\\notas_explicativas.pdf', 'original_filename': 'C:\\CVM\\EmpresasNet\\Temp\\files\\00123604120000000000000000.pdf.pdf', 'size_bytes': 1073512}]",COGNA EDUCAÇÃO S.A.,
17973,2018,85096,1,largest_attachment_fallback,"[{'path': 'data\\raw\\dfp\\017973\\2018\\notas_explicativas.pdf', 'original_filename': 'C:\\CVM\\EmpresasNetV14000\\Temp\\files\\00122004120000000000000000.pdf.pdf', 'size_bytes': 1187942}]",COGNA EDUCAÇÃO S.A.,
17973,2019,92053,1,largest_attachment_fallback,"[{'path': 'data\\raw\\dfp\\017973\\2019\\notas_explicativas.pdf', 'original_filename': 'C:\\CVM\\EmpresasNetV15002\\Temp\\files\\00121204120000000000000000.pdf.pdf', 'size_bytes': 1409924}]",COGNA EDUCAÇÃO S.A.,
17973,2020,102489,1,largest_attachment_fallback,"[{'path': 'data\\raw\\dfp\\017973\\2020\\notas_explicativas.pdf', 'original_filename': 'C:\\CVM\\EmpresasNetV17000\\Temp\\files\\00121704120000000000000000.pdf.pdf', 'size_bytes': 1795605}]",COGNA EDUCAÇÃO S.A.,
17973,2021,112952,1,statements_filename_match,"[{'path': 'data\\raw\\dfp\\017973\\2021\\notas_explicativas.pdf', 'original_filename': 'Demonstração Financeira Cogna - 4T21 (só notas).pdf', 'size_bytes': 1630272}]",COGNA EDUCAÇÃO S.A.,
17973,2022,131083,1,statements_filename_match,"[{'path': 'data\\raw\\dfp\\017973\\2022\\notas_explicativas.pdf', 'original_filename': 'Demonstração Financeira Cogna - 4T22 - NEs.pdf', 'size_bytes': 1512096}]",COGNA EDUCAÇÃO S.A.,
17973,2023,134930,1,statements_filename_match,"[{'path': 'data\\raw\\dfp\\017973\\2023\\notas_explicativas.pdf', 'original_filename': 'Demonstração Financeira Cogna - 4T23 - NEs.pdf', 'size_bytes': 1739797}]",COGNA EDUCAÇÃO S.A.,
17973,2024,145344,1,statements_filename_match,"[{'path': 'data\\raw\\dfp\\017973\\2024\\notas_explicativas.pdf', 'original_filename': 'Demonstração Financeira Cogna - 4T24 - NEs.pdf', 'size_bytes': 1702534}]",COGNA EDUCAÇÃO S.A.,
19836,2015,53472,1,largest_attachment_fallback,"[{'path': 'data\\raw\\dfp\\019836\\2015\\notas_explicativas.pdf', 'original_filename': 'C:\\EMPRESASNET\\Disco1\\Temp\\files\\00121604120000000000000000.pdf.pdf', 'size_bytes': 692295}]",COSAN S.A.,
19836,2016,62582,1,largest_attachment_fallback,"[{'path': 'data\\raw\\dfp\\019836\\2016\\notas_explicativas.pdf', 'original_filename': 'C:\\CVM\\EmpresasNet\\Temp\\files\\00121904120000000000000000.pdf.pdf', 'size_bytes': 675357}]",COSAN S.A.,
19836,2017,72672,1,largest_attachment_fallback,"[{'path': 'data\\raw\\dfp\\019836\\2017\\notas_explicativas.pdf', 'original_filename': 'C:\\CVM\\EmpresasNet\\Temp\\files\\00121816530000000000000000.pdf.pdf', 'size_bytes': 797749}]",COSAN S.A.,
19836,2018,80687,1,largest_attachment_fallback,"[{'path': 'data\\raw\\dfp\\019836\\2018\\notas_explicativas.pdf', 'original_filename': 'C:\\CVM\\EmpresasNetV14000\\Temp\\files\\00121604120000000000000000.pdf.pdf', 'size_bytes': 2080284}]",COSAN S.A.,
19836,2019,90980,1,largest_attachment_fallback,"[{'path': 'data\\raw\\dfp\\019836\\2019\\notas_explicativas.pdf', 'original_filename': 'C:\\CVM\\EmpresasNetV15002\\Temp\\files\\00121104120000000000000000.pdf.pdf', 'size_bytes': 1204942}]",COSAN S.A.,
19836,2020,100139,1,largest_attachment_fallback,"[{'path': 'data\\raw\\dfp\\019836\\2020\\notas_explicativas.pdf', 'original_filename': 'C:\\CVM\\EmpresasNetV17000\\Temp\\files\\00121904120000000000000000.pdf.pdf', 'size_bytes': 1098903}]",COSAN S.A.,
19836,2021,112025,1,largest_attachment_fallback,"[{'path': 'data\\raw\\dfp\\019836\\2021\\notas_explicativas.pdf', 'original_filename': 'DF Cosan YTD 21_empresas.net.pdf', 'size_bytes': 7540554}]",COSAN S.A.,
19836,2022,123768,1,largest_attachment_fallback,"[{'path': 'data\\raw\\dfp\\019836\\2022\\notas_explicativas.pdf', 'original_filename': 'Cosan311222.pdf', 'size_bytes': 4881563}]",COSAN S.A.,
19836,2023,138141,1,largest_attachment_fallback,"[{'path': 'data\\raw\\dfp\\019836\\2023\\notas_explicativas.pdf', 'original_filename': 'Reapresentacao.pdf', 'size_bytes': 3993934}]",COSAN S.A.,
19836,2024,145271,1,largest_attachment_fallback,"[{'path': 'data\\raw\\dfp\\019836\\2024\\notas_explicativas.pdf', 'original_filename': 'Notas.pdf', 'size_bytes': 14416726}]",COSAN S.A.,
18660,2015,54212,1,largest_attachment_fallback,"[{'path': 'data\\raw\\dfp\\018660\\2015\\notas_explicativas.pdf', 'original_filename': 'C:\\CVM\\EmpresasNet\\Temp\\files\\00121804120000000000000000.pdf.pdf', 'size_bytes': 3643630}]",CPFL ENERGIA S.A.,
18660,2016,63488,1,largest_attachment_fallback,"[{'path': 'data\\raw\\dfp\\018660\\2016\\notas_explicativas.pdf', 'original_filename': 'C:\\CVM\\EmpresasNet\\Temp\\files\\00122104120000000000000000.pdf.pdf', 'size_bytes': 4034821}]",CPFL ENERGIA S.A.,
18660,2017,72757,1,largest_attachment_fallback,"[{'path': 'data\\raw\\dfp\\018660\\2017\\notas_explicativas.pdf', 'original_filename': 'C:\\CVM\\EmpresasNet\\Temp\\files\\00126204120000000000000000.pdf.pdf', 'size_bytes': 2893659}]",CPFL ENERGIA S.A.,
18660,2018,81697,1,largest_attachment_fallback,"[{'path': 'data\\raw\\dfp\\018660\\2018\\notas_explicativas.pdf', 'original_filename': 'C:\\CVM\\EmpresasNetV14000\\Temp\\files\\00121804120000000000000000.pdf.pdf', 'size_bytes': 2797895}]",CPFL ENERGIA S.A.,
18660,2019,91443,1,largest_attachment_fallback,"[{'path': 'data\\raw\\dfp\\018660\\2019\\notas_explicativas.pdf', 'original_filename': 'C:\\CVM\\EmpresasNetV15002\\Temp\\files\\00123604120000000000000000.pdf.pdf', 'size_bytes': 2921342}]",CPFL ENERGIA S.A.,
18660,2020,102515,1,largest_attachment_fallback,"[{'path': 'data\\raw\\dfp\\018660\\2020\\notas_explicativas.pdf', 'original_filename': 'C:\\CVM\\EmpresasNetV17000\\Temp\\files\\00121704120000000000000000.pdf.pdf', 'size_bytes': 9956282}]",CPFL ENERGIA S.A.,
18660,2021,112650,1,largest_attachment_fallback,"[{'path': 'data\\raw\\dfp\\018660\\2021\\notas_explicativas.pdf', 'original_filename': 'DFP2021_FINAL.pdf', 'size_bytes': 9848617}]",CPFL ENERGIA S.A.,
18660,2022,124256,1,largest_attachment_fallback,"[{'path': 'data\\raw\\dfp\\018660\\2022\\notas_explicativas.pdf', 'original_filename': 'DFs 2022 CPFL Energia.pdf', 'size_bytes': 3395002}]",CPFL ENERGIA S.A.,
18660,2023,134981,1,largest_attachment_fallback,"[{'path': 'data\\raw\\dfp\\018660\\2023\\notas_explicativas.pdf', 'original_filename': 'DFs 2023_pós aprovação.pdf', 'size_bytes': 3041276}]",CPFL ENERGIA S.A.,
18660,2024,145056,1,largest_attachment_fallback,"[{'path': 'data\\raw\\dfp\\018660\\2024\\notas_explicativas.pdf', 'original_filename': 'DF24 CPFL Energia.pdf', 'size_bytes': 2347658}]",CPFL ENERGIA S.A.,
25585,2019,97692,1,largest_attachment_fallback,"[{'path': 'data\\raw\\dfp\\025585\\2019\\notas_explicativas.pdf', 'original_filename': 'C:\\CVM\\EmpresasNetV17000\\Temp\\files\\00121616530000000000000000.pdf.pdf', 'size_bytes': 789296}]",CSN MINERAÇÃO S.A.,
25585,2020,100356,1,largest_attachment_fallback,"[{'path': 'data\\raw\\dfp\\025585\\2020\\notas_explicativas.pdf', 'original_filename': 'C:\\CVM\\EmpresasNetV16000\\Temp\\files\\00121416530000000000000000.pdf.pdf', 'size_bytes': 1130839}]",CSN MINERAÇÃO S.A.,
25585,2021,112369,1,notes_filename_match,"[{'path': 'data\\raw\\dfp\\025585\\2021\\notas_explicativas.pdf', 'original_filename': 'Notas explicativas CSN Mineração 31 - 12 - 2021 v5.pdf', 'size_bytes': 498146}]",CSN MINERAÇÃO S.A.,
25585,2022,123991,1,statements_filename_match,"[{'path': 'data\\raw\\dfp\\025585\\2022\\notas_explicativas.pdf', 'original_filename': 'Demonstrações financeira CSN Mineração 31 - 12 - 2022 v7.pdf', 'size_bytes': 793944}]",CSN MINERAÇÃO S.A.,
25585,2023,134514,1,statements_filename_match,"[{'path': 'data\\raw\\dfp\\025585\\2023\\notas_explicativas.pdf', 'original_filename': 'Demonstrações financeira CSN Mineração 31 - 12 - 2023 - V6.pdf', 'size_bytes': 809439}]",CSN MINERAÇÃO S.A.,
25585,2024,146102,1,statements_filename_match,"[{'path': 'data\\raw\\dfp\\025585\\2024\\notas_explicativas.pdf', 'original_filename': 'Demonstrações financeira CSN Mineração 31 - 12 - 2024_V8.pdf', 'size_bytes': 715993}]",CSN MINERAÇÃO S.A.,
18376,2015,55192,1,largest_attachment_fallback,"[{'path': 'data\\raw\\dfp\\018376\\2015\\notas_explicativas.pdf', 'original_filename': 'C:\\CVM\\EmpresasNet\\Temp\\files\\00121904120000000000000000.pdf.pdf', 'size_bytes': 605677}]",CTEEP - CIA TRANSMISSÃO ENERGIA ELÉTRICA PAULISTA,
18376,2016,62762,1,largest_attachment_fallback,"[{'path': 'data\\raw\\dfp\\018376\\2016\\notas_explicativas.pdf', 'original_filename': 'C:\\CVM\\EmpresasNet\\Temp\\files\\00121204120000000000000000.pdf.pdf', 'size_bytes': 634452}]",CTEEP - CIA TRANSMISSÃO ENERGIA ELÉTRICA PAULISTA,
18376,2017,71790,1,largest_attachment_fallback,"[{'path': 'data\\raw\\dfp\\018376\\2017\\notas_explicativas.pdf', 'original_filename': 'C:\\CVM\\EmpresasNet\\Temp\\files\\00123404120000000000000000.pdf.pdf', 'size_bytes': 635607}]",CTEEP - CIA TRANSMISSÃO ENERGIA ELÉTRICA PAULISTA,
18376,2018,80990,1,largest_attachment_fallback,"[{'path': 'data\\raw\\dfp\\018376\\2018\\notas_explicativas.pdf', 'original_filename': 'C:\\CVM\\EmpresasNetV14000\\Temp\\files\\00123604120000000000000000.pdf.pdf', 'size_bytes': 1023352}]",CTEEP - CIA TRANSMISSÃO ENERGIA ELÉTRICA PAULISTA,
18376,2019,91364,1,largest_attachment_fallback,"[{'path': 'data\\raw\\dfp\\018376\\2019\\notas_explicativas.pdf', 'original_filename': 'C:\\CVM\\EmpresasNetV16000\\Temp\\files\\00123404120000000000000000.pdf.pdf', 'size_bytes': 2645577}]",CTEEP - CIA TRANSMISSÃO ENERGIA ELÉTRICA PAULISTA,
25100,2019,91176,1,largest_attachment_fallback,"[{'path': 'data\\raw\\dfp\\025100\\2019\\notas_explicativas.pdf', 'original_filename': 'C:\\CVM\\EmpresasNetV15002\\Temp\\files\\00122304120000000000000000.pdf.pdf', 'size_bytes': 778583}]",CURY CONSTRUTORA E INCORPORADORA S.A.,
25100,2020,102127,1,largest_attachment_fallback,"[{'path': 'data\\raw\\dfp\\025100\\2020\\notas_explicativas.pdf', 'original_filename': 'C:\\CVM\\EmpresasNetV17000\\Temp\\files\\00121704120000000000000000.pdf.pdf', 'size_bytes': 1040362}]",CURY CONSTRUTORA E INCORPORADORA S.A.,
25100,2021,112921,1,notes_filename_match,"[{'path': 'data\\raw\\dfp\\025100\\2021\\notas_explicativas.pdf', 'original_filename': 'Nota explicativa 31-12-2021.pdf', 'size_bytes': 1305350}]",CURY CONSTRUTORA E INCORPORADORA S.A.,
25100,2022,130992,1,statements_filename_match,"[{'path': 'data\\raw\\dfp\\025100\\2022\\notas_explicativas.pdf', 'original_filename': '1. Demonstrações financeiras Cury SA-31-12-22.pdf', 'size_bytes': 1022881}]",CURY CONSTRUTORA E INCORPORADORA S.A.,
25100,2023,134624,1,statements_filename_match,"[{'path': 'data\\raw\\dfp\\025100\\2023\\notas_explicativas.pdf', 'original_filename': '1. Demonstrações financeiras Cury SA-31-12-23.pdf', 'size_bytes': 943501}]",CURY CONSTRUTORA E INCORPORADORA S.A.,
25100,2024,145292,1,largest_attachment_fallback,"[{'path': 'data\\raw\\dfp\\025100\\2024\\notas_explicativas.pdf', 'original_filename': '1 VERSÃO DF.pdf', 'size_bytes': 5706657}]",CURY CONSTRUTORA E INCORPORADORA S.A.,
14460,2015,54386,1,largest_attachment_fallback,"[{'path': 'data\\raw\\dfp\\014460\\2015\\notas_explicativas.pdf', 'original_filename': 'C:\\CVM\\EmpresasNet\\Temp\\files\\00119704120000000000000000.pdf.pdf', 'size_bytes': 785183}]",CYRELA BRAZIL REALTY S.A.EMPREEND E PART,
14460,2016,63477,1,largest_attachment_fallback,"[{'path': 'data\\raw\\dfp\\014460\\2016\\notas_explicativas.pdf', 'original_filename': 'C:\\CVM\\EmpresasNet\\Temp\\files\\00122404120000000000000000.pdf.pdf', 'size_bytes': 657734}]",CYRELA BRAZIL REALTY S.A.EMPREEND E PART,
14460,2017,72538,1,largest_attachment_fallback,"[{'path': 'data\\raw\\dfp\\014460\\2017\\notas_explicativas.pdf', 'original_filename': 'C:\\CVM\\EmpresasNet\\Temp\\files\\00122604120000000000000000.pdf.pdf', 'size_bytes': 714302}]",CYRELA BRAZIL REALTY S.A.EMPREEND E PART,
14460,2018,81580,1,largest_attachment_fallback,"[{'path': 'data\\raw\\dfp\\014460\\2018\\notas_explicativas.pdf', 'original_filename': 'C:\\CVM\\EmpresasNetV14000\\Temp\\files\\00122804120000000000000000.pdf.pdf', 'size_bytes': 842349}]",CYRELA BRAZIL REALTY S.A.EMPREEND E PART,
14460,2019,91667,1,largest_attachment_fallback,"[{'path': 'data\\raw\\dfp\\014460\\2019\\notas_explicativas.pdf', 'original_filename': 'C:\\CVM\\EmpresasNetV16000\\Temp\\files\\00121704120000000000000000.pdf.pdf', 'size_bytes': 883858}]",CYRELA BRAZIL REALTY S.A.EMPREEND E PART,
14460,2020,102043,1,largest_attachment_fallback,"[{'path': 'data\\raw\\dfp\\014460\\2020\\notas_explicativas.pdf', 'original_filename': 'C:\\CVM\\EmpresasNetV17000\\Temp\\files\\00122204120000000000000000.pdf.pdf', 'size_bytes': 4338324}]",CYRELA BRAZIL REALTY S.A.EMPREEND E PART,
14460,2021,112633,1,largest_attachment_fallback,"[{'path': 'data\\raw\\dfp\\014460\\2021\\notas_explicativas.pdf', 'original_filename': 'NEs_CBR_4T21_15.03.2022_3.pdf', 'size_bytes': 1230713}]",CYRELA BRAZIL REALTY S.A.EMPREEND E PART,
14460,2022,124242,1,largest_attachment_fallback,"[{'path': 'data\\raw\\dfp\\014460\\2022\\notas_explicativas.pdf', 'original_filename': 'DFs NE CBR 4T22 01032023 TP TLS REV 16032023 Limpa.pdf', 'size_bytes': 1372402}]",CYRELA BRAZIL REALTY S.A.EMPREEND E PART,
14460,2023,134740,1,largest_attachment_fallback,"[{'path': 'data\\raw\\dfp\\014460\\2023\\notas_explicativas.pdf', 'original_filename': 'DFs NE CBR 4T2023 TP TLS 01032024 v4 limpa.pdf', 'size_bytes': 1267354}]",CYRELA BRAZIL REALTY S.A.EMPREEND E PART,
14460,2024,145594,1,largest_attachment_fallback,"[{'path': 'data\\raw\\dfp\\014460\\2024\\notas_explicativas.pdf', 'original_filename': '4T24 DFs NE CBR TP TLS II_DTT_CBR 07032025 RV19.03 limpo v2.pdf', 'size_bytes': 1245270}]",CYRELA BRAZIL REALTY S.A.EMPREEND E PART,
21350,2015,54048,1,largest_attachment_fallback,"[{'path': 'data\\raw\\dfp\\021350\\2015\\notas_explicativas.pdf', 'original_filename': 'C:\\CVM\\EmpresasNet\\Temp\\files\\00122516530000000000000000.pdf.pdf', 'size_bytes': 1458993}]",DIRECIONAL ENGENHARIA S.A.,
21350,2016,63352,1,largest_attachment_fallback,"[{'path': 'data\\raw\\dfp\\021350\\2016\\notas_explicativas.pdf', 'original_filename': 'C:\\CVM\\EmpresasNet\\Temp\\files\\00121616530000000000000000.pdf.pdf', 'size_bytes': 3447906}]",DIRECIONAL ENGENHARIA S.A.,
21350,2017,72682,1,largest_attachment_fallback,"[{'path': 'data\\raw\\dfp\\021350\\2017\\notas_explicativas.pdf', 'original_filename': 'C:\\CVM\\Temp\\files\\00121404120000000000000000.pdf.pdf', 'size_bytes': 2846877}]",DIRECIONAL ENGENHARIA S.A.,
21350,2018,81114,1,largest_attachment_fallback,"[{'path': 'data\\raw\\dfp\\021350\\2018\\notas_explicativas.pdf', 'original_filename': 'C:\\\\Temp\\files\\00121416530000000000000000.pdf.pdf', 'size_bytes': 1550800}]",DIRECIONAL ENGENHARIA S.A.,
21350,2019,91440,1,largest_attachment_fallback,"[{'path': 'data\\raw\\dfp\\021350\\2019\\notas_explicativas.pdf', 'original_filename': 'C:\\CVM\\EmpresasNetV16000\\Temp\\files\\00121116530000000000000000.pdf.pdf', 'size_bytes': 2667648}]",DIRECIONAL ENGENHARIA S.A.,
21350,2020,100945,1,largest_attachment_fallback,"[{'path': 'data\\raw\\dfp\\021350\\2020\\notas_explicativas.pdf', 'original_filename': 'C:\\CVM\\EmpresasNetV17000\\Temp\\files\\00122016530000000000000000.pdf.pdf', 'size_bytes': 2154048}]",DIRECIONAL ENGENHARIA S.A.,
21350,2021,112493,1,notes_filename_match,"[{'path': 'data\\raw\\dfp\\021350\\2021\\notas_explicativas.pdf', 'original_filename': 'NOTAS EXPLICATIVAS.pdf', 'size_bytes': 782219}]",DIRECIONAL ENGENHARIA S.A.,
21350,2022,131606,1,largest_attachment_fallback,"[{'path': 'data\\raw\\dfp\\021350\\2022\\notas_explicativas.pdf', 'original_filename': 'RDP10129_2023_BHZ_Direcional - 2022 Direcional_Reapres_V05.pdf', 'size_bytes': 1440567}]",DIRECIONAL ENGENHARIA S.A.,
21350,2023,134617,1,notes_filename_match,"[{'path': 'data\\raw\\dfp\\021350\\2023\\notas_explicativas.pdf', 'original_filename': 'Notas Explicativas.pdf', 'size_bytes': 1347448}]",DIRECIONAL ENGENHARIA S.A.,
21350,2024,145258,1,notes_filename_match,"[{'path': 'data\\raw\\dfp\\021350\\2024\\notas_explicativas.pdf', 'original_filename': 'Notas Explicativas.pdf', 'size_bytes': 1402070}]",DIRECIONAL ENGENHARIA S.A.,
20087,2015,54195,1,largest_attachment_fallback,"[{'path': 'data\\raw\\dfp\\020087\\2015\\notas_explicativas.pdf', 'original_filename': 'C:\\CVM\\EmpresasNet\\Temp\\files\\00121916530000000000000000.pdf.pdf', 'size_bytes': 1031794}]",EMBRAER S.A.,
20087,2016,63004,1,largest_attachment_fallback,"[{'path': 'data\\raw\\dfp\\020087\\2016\\notas_explicativas.pdf', 'original_filename': 'C:\\CVM\\EmpresasNet\\Temp\\files\\00122004120000000000000000.pdf.pdf', 'size_bytes': 856761}]",EMBRAER S.A.,
20087,2017,72078,1,largest_attachment_fallback,"[{'path': 'data\\raw\\dfp\\020087\\2017\\notas_explicativas.pdf', 'original_filename': 'C:\\CVM\\EmpresasNet\\Temp\\files\\00123004120000000000000000.pdf.pdf', 'size_bytes': 826475}]",EMBRAER S.A.,
20087,2018,81183,1,largest_attachment_fallback,"[{'path': 'data\\raw\\dfp\\020087\\2018\\notas_explicativas.pdf', 'original_filename': 'C:\\CVM\\EmpresasNetV14000\\Temp\\files\\00121416530000000000000000.pdf.pdf', 'size_bytes': 1899601}]",EMBRAER S.A.,
20087,2019,91843,1,largest_attachment_fallback,"[{'path': 'data\\raw\\dfp\\020087\\2019\\notas_explicativas.pdf', 'original_filename': 'C:\\CVM\\EmpresasNetV15002\\Temp\\files\\00122204120000000000000000.pdf.pdf', 'size_bytes': 1619647}]",EMBRAER S.A.,
20087,2020,102072,1,largest_attachment_fallback,"[{'path': 'data\\raw\\dfp\\020087\\2020\\notas_explicativas.pdf', 'original_filename': 'C:\\CVM\\EmpresasNetV17000\\Temp\\files\\00123316530000000000000000.pdf.pdf', 'size_bytes': 2005432}]",EMBRAER S.A.,
20087,2021,112362,1,statements_filename_match,"[{'path': 'data\\raw\\dfp\\020087\\2021\\notas_explicativas.pdf', 'original_filename': 'DFP 21 V8.pdf', 'size_bytes': 1616827}]",EMBRAER S.A.,
20087,2022,124044,1,largest_attachment_fallback,"[{'path': 'data\\raw\\dfp\\020087\\2022\\notas_explicativas.pdf', 'original_filename': 'RA2022 V10.pdf', 'size_bytes': 1163635}]",EMBRAER S.A.,
20087,2023,134812,1,statements_filename_match,"[{'path': 'data\\raw\\dfp\\020087\\2023\\notas_explicativas.pdf', 'original_filename': 'Embraer DFP 2023 - V16 - Clean CVM.pdf', 'size_bytes': 876037}]",EMBRAER S.A.,
20087,2024,145081,1,statements_filename_match,"[{'path': 'data\\raw\\dfp\\020087\\2024\\notas_explicativas.pdf', 'original_filename': 'Embraer DFP 2024- V11 - Clean CVM.pdf', 'size_bytes': 614420}]",EMBRAER S.A.,
15253,2015,54302,1,largest_attachment_fallback,"[{'path': 'data\\raw\\dfp\\015253\\2015\\notas_explicativas.pdf', 'original_filename': 'C:\\CVM\\EmpresasNet\\Temp\\files\\00121804120000000000000000.pdf.pdf', 'size_bytes': 2950015}]",ENERGISA S.A.,
15253,2016,63502,1,largest_attachment_fallback,"[{'path': 'data\\raw\\dfp\\015253\\2016\\notas_explicativas.pdf', 'original_filename': 'C:\\CVM\\EmpresasNet\\Temp\\files\\00141104120000000000000000.pdf.pdf', 'size_bytes': 988546}]",ENERGISA S.A.,
15253,2017,72278,1,largest_attachment_fallback,"[{'path': 'data\\raw\\dfp\\015253\\2017\\notas_explicativas.pdf', 'original_filename': 'C:\\CVM\\EmpresasNet\\Temp\\files\\00122104120000000000000000.pdf.pdf', 'size_bytes': 3114350}]",ENERGISA S.A.,
15253,2018,81388,1,largest_attachment_fallback,"[{'path': 'data\\raw\\dfp\\015253\\2018\\notas_explicativas.pdf', 'original_filename': 'C:\\CVM\\EmpresasNetV14000\\Temp\\files\\00124204120000000000000000.pdf.pdf', 'size_bytes': 3371590}]",ENERGISA S.A.,
15253,2019,91629,1,largest_attachment_fallback,"[{'path': 'data\\raw\\dfp\\015253\\2019\\notas_explicativas.pdf', 'original_filename': 'C:\\CVM\\EmpresasNetV16000\\Temp\\files\\00121204120000000000000000.pdf.pdf', 'size_bytes': 3986640}]",ENERGISA S.A.,
15253,2020,102789,1,largest_attachment_fallback,"[{'path': 'data\\raw\\dfp\\015253\\2020\\notas_explicativas.pdf', 'original_filename': 'C:\\CVM\\EmpresasNetV17000\\Temp\\files\\00128004120000000000000000.pdf.pdf', 'size_bytes': 3615632}]",ENERGISA S.A.,
15253,2021,133648,1,largest_attachment_fallback,"[{'path': 'data\\raw\\dfp\\015253\\2021\\notas_explicativas.pdf', 'original_filename': 'NE_ESA  BALANÇO 2021 Reapresentação_VF.pdf', 'size_bytes': 4224153}]",ENERGISA S.A.,
15253,2022,124288,1,largest_attachment_fallback,"[{'path': 'data\\raw\\dfp\\015253\\2022\\notas_explicativas.pdf', 'original_filename': 'ESA_NEs2023_CVM-versão_2023-03-16-11hs_Rachel-.pdf', 'size_bytes': 4226362}]",ENERGISA S.A.,
15253,2023,134790,1,largest_attachment_fallback,"[{'path': 'data\\raw\\dfp\\015253\\2023\\notas_explicativas.pdf', 'original_filename': 'ESA_NE-2023_24-03-12_16h06_Alane--CVM.pdf', 'size_bytes': 4429112}]",ENERGISA S.A.,
15253,2024,145509,1,largest_attachment_fallback,"[{'path': 'data\\raw\\dfp\\015253\\2024\\notas_explicativas.pdf', 'original_filename': 'CVM_Notas_ESA_4T2024_Alane_Versão_2025-03-18_16hs04-teams.pdf', 'size_bytes': 4391945}]",ENERGISA S.A.,
21237,2015,54419,1,largest_attachment_fallback,"[{'path': 'data\\raw\\dfp\\021237\\2015\\notas_explicativas.pdf', 'original_filename': 'C:\\CVM\\EmpresasNet\\Temp\\files\\00125004120000000000000000.pdf.pdf', 'size_bytes': 2955745}]",ENEVA S.A,
21237,2016,68726,1,largest_attachment_fallback,"[{'path': 'data\\raw\\dfp\\021237\\2016\\notas_explicativas.pdf', 'original_filename': 'C:\\CVM\\EmpresasNet\\Temp\\files\\00121504120000000000000000.pdf.pdf', 'size_bytes': 2641474}]",ENEVA S.A,
21237,2017,72277,1,largest_attachment_fallback,"[{'path': 'data\\raw\\dfp\\021237\\2017\\notas_explicativas.pdf', 'original_filename': 'C:\\CVM\\EmpresasNet\\Temp\\files\\00124104130000000000000000.pdf.pdf', 'size_bytes': 1870721}]",ENEVA S.A,
21237,2018,81381,1,largest_attachment_fallback,"[{'path': 'data\\raw\\dfp\\021237\\2018\\notas_explicativas.pdf', 'original_filename': 'C:\\CVM\\EmpresasNetV13003\\Temp\\files\\00125604120000000000000000.pdf.pdf', 'size_bytes': 1553395}]",ENEVA S.A,
21237,2019,92332,1,largest_attachment_fallback,"[{'path': 'data\\raw\\dfp\\021237\\2019\\notas_explicativas.pdf', 'original_filename': 'C:\\CVM\\EmpresasNetV16000\\Temp\\files\\00121104120000000000000000.pdf.pdf', 'size_bytes': 2343493}]",ENEVA S.A,
21237,2020,100834,1,largest_attachment_fallback,"[{'path': 'data\\raw\\dfp\\021237\\2020\\notas_explicativas.pdf', 'original_filename': 'C:\\CVM\\EmpresasNetV17000\\Temp\\files\\00122004120000000000000000.pdf.pdf', 'size_bytes': 2672994}]",ENEVA S.A,
21237,2021,112782,1,largest_attachment_fallback,"[{'path': 'data\\raw\\dfp\\021237\\2021\\notas_explicativas.pdf', 'original_filename': 'DF Eneva - 31.12.21_3.pdf', 'size_bytes': 2925955}]",ENEVA S.A,
21237,2022,124551,1,largest_attachment_fallback,"[{'path': 'data\\raw\\dfp\\021237\\2022\\notas_explicativas.pdf', 'original_filename': 'Relatório Adm 2022_V20.pdf', 'size_bytes': 1273572}]",ENEVA S.A,
21237,2023,134773,1,largest_attachment_fallback,"[{'path': 'data\\raw\\dfp\\021237\\2023\\notas_explicativas.pdf', 'original_filename': '2. DF Eneva - 31.12.23.pdf', 'size_bytes': 3914230}]",ENEVA S.A,
21237,2024,145597,1,largest_attachment_fallback,"[{'path': 'data\\raw\\dfp\\021237\\2024\\notas_explicativas.pdf', 'original_filename': 'RA2024_20Mar25_FINAL.pdf', 'size_bytes': 6454550}]",ENEVA S.A,
17329,2015,53572,1,largest_attachment_fallback,"[{'path': 'data\\raw\\dfp\\017329\\2015\\notas_explicativas.pdf', 'original_filename': 'C:\\CVM\\EmpresasNet\\Temp\\files\\00122116530000000000000000.pdf.pdf', 'size_bytes': 3433546}]",ENGIE BRASIL ENERGIA S.A.,
17329,2016,62765,1,largest_attachment_fallback,"[{'path': 'data\\raw\\dfp\\017329\\2016\\notas_explicativas.pdf', 'original_filename': 'C:\\CVM\\EmpresasNet\\Temp\\files\\00133504120000000000000000.pdf.pdf', 'size_bytes': 2205227}]",ENGIE BRASIL ENERGIA S.A.,
17329,2017,71712,1,largest_attachment_fallback,"[{'path': 'data\\raw\\dfp\\017329\\2017\\notas_explicativas.pdf', 'original_filename': 'C:\\Program Files (x86)\\CVM\\EmpresasNet\\Temp\\files\\00187604120000000000000000.pdf.pdf', 'size_bytes': 2271720}]",ENGIE BRASIL ENERGIA S.A.,
17329,2018,80753,1,largest_attachment_fallback,"[{'path': 'data\\raw\\dfp\\017329\\2018\\notas_explicativas.pdf', 'original_filename': 'C:\\CVM\\EmpresasNetV14000\\Temp\\files\\00124104120000000000000000.pdf.pdf', 'size_bytes': 2585272}]",ENGIE BRASIL ENERGIA S.A.,
17329,2019,91118,1,largest_attachment_fallback,"[{'path': 'data\\raw\\dfp\\017329\\2019\\notas_explicativas.pdf', 'original_filename': 'C:\\CVM\\EmpresasNetV15002\\Temp\\files\\00124204120000000000000000.pdf.pdf', 'size_bytes': 3237670}]",ENGIE BRASIL ENERGIA S.A.,
17329,2020,102963,1,largest_attachment_fallback,"[{'path': 'data\\raw\\dfp\\017329\\2020\\notas_explicativas.pdf', 'original_filename': 'C:\\CVM\\EmpresasNetV17000\\Temp\\files\\00122004120000000000000000.pdf.pdf', 'size_bytes': 4183408}]",ENGIE BRASIL ENERGIA S.A.,
17329,2021,111751,1,notes_filename_match,"[{'path': 'data\\raw\\dfp\\017329\\2021\\notas_explicativas.pdf', 'original_filename': 'DF EBE - 31.12.2021 - Notas explicativas.pdf', 'size_bytes': 4238310}]",ENGIE BRASIL ENERGIA S.A.,
17329,2022,132868,1,notes_filename_match,"[{'path': 'data\\raw\\dfp\\017329\\2022\\notas_explicativas.pdf', 'original_filename': 'Notas Explicativas.pdf', 'size_bytes': 4900242}]",ENGIE BRASIL ENERGIA S.A.,
17329,2023,134298,1,notes_filename_match,"[{'path': 'data\\raw\\dfp\\017329\\2023\\notas_explicativas.pdf', 'original_filename': 'Notas Explicativas - sem glossário.pdf', 'size_bytes': 5473901}]",ENGIE BRASIL ENERGIA S.A.,
17329,2024,144906,1,notes_filename_match,"[{'path': 'data\\raw\\dfp\\017329\\2024\\notas_explicativas.pdf', 'original_filename': 'Notas explicativas.pdf', 'size_bytes': 3427379}]",ENGIE BRASIL ENERGIA S.A.,
20010,2015,68808,1,largest_attachment_fallback,"[{'path': 'data\\raw\\dfp\\020010\\2015\\notas_explicativas.pdf', 'original_filename': 'C:\\CVM\\EmpresasNet\\Temp\\files\\00126204120000000000000000.pdf.pdf', 'size_bytes': 3527800}]",EQUATORIAL ENERGIA S.A.,
20010,2016,68809,1,largest_attachment_fallback,"[{'path': 'data\\raw\\dfp\\020010\\2016\\notas_explicativas.pdf', 'original_filename': 'C:\\CVM\\EmpresasNet\\Temp\\files\\00122704120000000000000000.pdf.pdf', 'size_bytes': 1073098}]",EQUATORIAL ENERGIA S.A.,
20010,2017,72120,1,largest_attachment_fallback,"[{'path': 'data\\raw\\dfp\\020010\\2017\\notas_explicativas.pdf', 'original_filename': 'C:\\CVM\\EmpresasNet\\Temp\\files\\00127604120000000000000000.pdf.pdf', 'size_bytes': 892963}]",EQUATORIAL ENERGIA S.A.,
20010,2018,82190,1,largest_attachment_fallback,"[{'path': 'data\\raw\\dfp\\020010\\2018\\notas_explicativas.pdf', 'original_filename': 'C:\\CVM\\EmpresasNetV13004\\Temp\\files\\00124904120000000000000000.pdf.pdf', 'size_bytes': 963226}]",EQUATORIAL ENERGIA S.A.,
20010,2019,93389,1,largest_attachment_fallback,"[{'path': 'data\\raw\\dfp\\020010\\2019\\notas_explicativas.pdf', 'original_filename': 'C:\\CVM\\EmpresasNetV16000\\Temp\\files\\00122716530000000000000000.doc.pdf', 'size_bytes': 1290717}]",EQUATORIAL ENERGIA S.A.,
20010,2020,102205,1,largest_attachment_fallback,"[{'path': 'data\\raw\\dfp\\020010\\2020\\notas_explicativas.pdf', 'original_filename': 'C:\\CVM\\EmpresasNetV17000\\Temp\\files\\00122004120000000000000000.pdf.pdf', 'size_bytes': 1131830}]",EQUATORIAL S.A.,
20010,2021,113382,1,statements_filename_match,"[{'path': 'data\\raw\\dfp\\020010\\2021\\notas_explicativas.pdf', 'original_filename': 'DFP EQTL Energia 2021 - reapresentação.pdf', 'size_bytes': 1916637}]",EQUATORIAL S.A.,
20010,2022,124802,1,statements_filename_match,"[{'path': 'data\\raw\\dfp\\020010\\2022\\notas_explicativas.pdf', 'original_filename': 'RDP4396_2023_FOR - EQTL Energia DFP 2022.pdf', 'size_bytes': 7261454}]",EQUATORIAL S.A.,
20010,2023,135105,2,statements_filename_match,"[{'path': 'data\\raw\\dfp\\020010\\2023\\notas_explicativas.pdf', 'original_filename': 'Relatório de Administração - EQTL ENERGIA DFP 2023.pdf', 'size_bytes': 2614445}, {'path': 'data\\raw\\dfp\\020010\\2023\\notas_explicativas_1.pdf', 'original_filename': 'RDP4303_2024_FOR_EQTL ENERGIA - DFP 2023.pdf', 'size_bytes': 927317}]",EQUATORIAL S.A.,
20010,2024,146103,1,statements_filename_match,"[{'path': 'data\\raw\\dfp\\020010\\2024\\notas_explicativas.pdf', 'original_filename': 'RDP4182_2025_FOR_EQTL ENERGIA DFP 2024_unlocked.pdf', 'size_bytes': 3797678}]",EQUATORIAL S.A.,
21881,2015,53828,1,largest_attachment_fallback,"[{'path': 'data\\raw\\dfp\\021881\\2015\\notas_explicativas.pdf', 'original_filename': 'C:\\CVM\\EmpresasNet\\Temp\\files\\00121704120000000000000000.pdf.pdf', 'size_bytes': 1266611}]",FLEURY S.A.,
21881,2016,63040,1,largest_attachment_fallback,"[{'path': 'data\\raw\\dfp\\021881\\2016\\notas_explicativas.pdf', 'original_filename': 'C:\\CVM\\EmpresasNet\\Temp\\files\\00122704130000000000000000.pdf.pdf', 'size_bytes': 585017}]",FLEURY S.A.,
21881,2017,71948,1,largest_attachment_fallback,"[{'path': 'data\\raw\\dfp\\021881\\2017\\notas_explicativas.pdf', 'original_filename': 'C:\\CVM\\EmpresasNet\\Temp\\files\\00121916530000000000000000.pdf.pdf', 'size_bytes': 631667}]",FLEURY S.A.,
21881,2018,82260,1,largest_attachment_fallback,"[{'path': 'data\\raw\\dfp\\021881\\2018\\notas_explicativas.pdf', 'original_filename': 'C:\\CVM\\EmpresasNetV13004\\Temp\\files\\00121404120000000000000000.pdf.pdf', 'size_bytes': 1917515}]",FLEURY S.A.,
21881,2019,91099,1,largest_attachment_fallback,"[{'path': 'data\\raw\\dfp\\021881\\2019\\notas_explicativas.pdf', 'original_filename': 'C:\\CVM\\EmpresasNetV15002\\Temp\\files\\00122204120000000000000000.pdf.pdf', 'size_bytes': 1011909}]",FLEURY S.A.,
21881,2020,100463,1,largest_attachment_fallback,"[{'path': 'data\\raw\\dfp\\021881\\2020\\notas_explicativas.pdf', 'original_filename': 'C:\\CVM\\EmpresasNetV17000\\Temp\\files\\00122416530000000000000000.pdf.pdf', 'size_bytes': 1318883}]",FLEURY S.A.,
21881,2021,112643,1,notes_filename_match,"[{'path': 'data\\raw\\dfp\\021881\\2021\\notas_explicativas.pdf', 'original_filename': 'Notas explicativas 4º Trimestre 2021 _VF.pdf', 'size_bytes': 640930}]",FLEURY S.A.,
21881,2022,124240,1,notes_filename_match,"[{'path': 'data\\raw\\dfp\\021881\\2022\\notas_explicativas.pdf', 'original_filename': 'Notas explicativas 4º Trimestre 2022 VF.pdf', 'size_bytes': 595271}]",FLEURY S.A.,
21881,2023,134546,1,notes_filename_match,"[{'path': 'data\\raw\\dfp\\021881\\2023\\notas_explicativas.pdf', 'original_filename': 'Notas explicativas DFP 2023_v11.pdf', 'size_bytes': 1594100}]",FLEURY S.A.,
21881,2024,145095,1,notes_filename_match,"[{'path': 'data\\raw\\dfp\\021881\\2024\\notas_explicativas.pdf', 'original_filename': '1.Notas_Explicativas_4ITR 2024 - VF.pdf', 'size_bytes': 1665682}]",FLEURY S.A.,
3980,2015,54055,1,largest_attachment_fallback,"[{'path': 'data\\raw\\dfp\\003980\\2015\\notas_explicativas.pdf', 'original_filename': 'C:\\CVM\\EmpresasNet\\Temp\\files\\00124004120000000000000000.pdf.pdf', 'size_bytes': 517452}]",GERDAU S.A.,
3980,2016,62693,1,largest_attachment_fallback,"[{'path': 'data\\raw\\dfp\\003980\\2016\\notas_explicativas.pdf', 'original_filename': 'C:\\CVM\\EmpresasNet\\Temp\\files\\00152404120000000000000000.pdf.pdf', 'size_bytes': 507816}]",GERDAU S.A.,
3980,2017,71859,1,largest_attachment_fallback,"[{'path': 'data\\raw\\dfp\\003980\\2017\\notas_explicativas.pdf', 'original_filename': 'C:\\CVM\\EmpresasNet\\Temp\\files\\00166404120000000000000000.pdf.pdf', 'size_bytes': 564123}]",GERDAU S.A.,
3980,2018,80788,1,largest_attachment_fallback,"[{'path': 'data\\raw\\dfp\\003980\\2018\\notas_explicativas.pdf', 'original_filename': 'C:\\CVM\\EmpresasNetV13004\\Temp\\files\\00122404120000000000000000.pdf.pdf', 'size_bytes': 559988}]",GERDAU S.A.,
3980,2019,91066,1,largest_attachment_fallback,"[{'path': 'data\\raw\\dfp\\003980\\2019\\notas_explicativas.pdf', 'original_filename': 'C:\\CVM\\EmpresasNetV15002\\Temp\\files\\00121116530000000000000000.pdf.pdf', 'size_bytes': 565912}]",GERDAU S.A.,
3980,2020,100393,1,largest_attachment_fallback,"[{'path': 'data\\raw\\dfp\\003980\\2020\\notas_explicativas.pdf', 'original_filename': 'C:\\CVM\\EmpresasNetV17000\\Temp\\files\\00121516530000000000000000.pdf.pdf', 'size_bytes': 1029245}]",GERDAU S.A.,
3980,2021,111961,1,statements_filename_match,"[{'path': 'data\\raw\\dfp\\003980\\2021\\notas_explicativas.pdf', 'original_filename': 'MINUTA Gerdau Empresa e Consolidado Dez 2021.pdf', 'size_bytes': 548228}]",GERDAU S.A.,
3980,2022,123775,1,statements_filename_match,"[{'path': 'data\\raw\\dfp\\003980\\2022\\notas_explicativas.pdf', 'original_filename': 'Minuta Gerdau.pdf', 'size_bytes': 562273}]",GERDAU S.A.,
3980,2023,134146,1,statements_filename_match,"[{'path': 'data\\raw\\dfp\\003980\\2023\\notas_explicativas.pdf', 'original_filename': 'Minuta GSA Dez23.pdf', 'size_bytes': 743730}]",GERDAU S.A.,
3980,2024,144975,1,statements_filename_match,"[{'path': 'data\\raw\\dfp\\003980\\2024\\notas_explicativas.pdf', 'original_filename': 'MINUTA Gerdau Dez 2024.pdf', 'size_bytes': 961670}]",GERDAU S.A.,
24392,2017,73468,1,largest_attachment_fallback,"[{'path': 'data\\raw\\dfp\\024392\\2017\\notas_explicativas.pdf', 'original_filename': 'C:\\CVM\\EmpresasNet\\Temp\\files\\00125216530000000000000000.pdf.pdf', 'size_bytes': 1079312}]",HAPVIDA PARTICIPAÇÕES E INVESTIMENTOS S.A.,
24392,2018,81182,1,largest_attachment_fallback,"[{'path': 'data\\raw\\dfp\\024392\\2018\\notas_explicativas.pdf', 'original_filename': 'C:\\CVM\\EmpresasNetV14000\\Temp\\files\\00121904120000000000000000.pdf.pdf', 'size_bytes': 1301800}]",HAPVIDA PARTICIPAÇÕES E INVESTIMENTOS S.A.,
24392,2019,91840,1,largest_attachment_fallback,"[{'path': 'data\\raw\\dfp\\024392\\2019\\notas_explicativas.pdf', 'original_filename': 'C:\\CVM\\EmpresasNetV16000\\Temp\\files\\00121716530000000000000000.pdf.pdf', 'size_bytes': 1175452}]",HAPVIDA PARTICIPAÇÕES E INVESTIMENTOS S.A.,
24392,2020,102146,1,largest_attachment_fallback,"[{'path': 'data\\raw\\dfp\\024392\\2020\\notas_explicativas.pdf', 'original_filename': 'C:\\CVM\\EmpresasNetV16000\\Temp\\files\\00124904120000000000000000.pdf.pdf', 'size_bytes': 1875082}]",HAPVIDA PARTICIPAÇÕES E INVESTIMENTOS S.A.,
24392,2021,112866,1,largest_attachment_fallback,"[{'path': 'data\\raw\\dfp\\024392\\2021\\notas_explicativas.pdf', 'original_filename': 'Hapvida Participações 4ITR21 - NEs - v2.pdf', 'size_bytes': 2202424}]",HAPVIDA PARTICIPAÇÕES E INVESTIMENTOS S.A.,
24392,2022,123765,1,largest_attachment_fallback,"[{'path': 'data\\raw\\dfp\\024392\\2022\\notas_explicativas.pdf', 'original_filename': 'NEs.pdf', 'size_bytes': 2162897}]",HAPVIDA PARTICIPAÇÕES E INVESTIMENTOS S.A.,
24392,2023,137197,1,largest_attachment_fallback,"[{'path': 'data\\raw\\dfp\\024392\\2023\\notas_explicativas.pdf', 'original_filename': 'NE_Hapvida Participações 4ITR23-IFRS 17.pdf', 'size_bytes': 2959659}]",HAPVIDA PARTICIPAÇÕES E INVESTIMENTOS S.A.,
24392,2024,145552,1,notes_filename_match,"[{'path': 'data\\raw\\dfp\\024392\\2024\\notas_explicativas.pdf', 'original_filename': 'Notas Explicativas Hapvida Participações.pdf', 'size_bytes': 751645}]",HAPVIDA PARTICIPAÇÕES E INVESTIMENTOS S.A.,
21431,2015,53699,1,largest_attachment_fallback,"[{'path': 'data\\raw\\dfp\\021431\\2015\\notas_explicativas.pdf', 'original_filename': 'C:\\EMPRESASNET\\Temp\\files\\00121904120000000000000000.pdf.pdf', 'size_bytes': 1984612}]",HYPERA S.A.,
21431,2016,62612,1,largest_attachment_fallback,"[{'path': 'data\\raw\\dfp\\021431\\2016\\notas_explicativas.pdf', 'original_filename': 'C:\\CVM\\EmpresasNet\\Temp\\files\\00122604120000000000000000.pdf.pdf', 'size_bytes': 1880105}]",HYPERA S.A.,
21431,2017,71748,1,largest_attachment_fallback,"[{'path': 'data\\raw\\dfp\\021431\\2017\\notas_explicativas.pdf', 'original_filename': 'C:\\CVM\\EmpresasNet\\Temp\\files\\00124104120000000000000000.pdf.pdf', 'size_bytes': 2427320}]",HYPERA S.A.,
21431,2018,80822,1,largest_attachment_fallback,"[{'path': 'data\\raw\\dfp\\021431\\2018\\notas_explicativas.pdf', 'original_filename': 'C:\\CVM\\EmpresasNetV13004\\Temp\\files\\00121204120000000000000000.pdf.pdf', 'size_bytes': 2064349}]",HYPERA S.A.,
21431,2019,91427,1,largest_attachment_fallback,"[{'path': 'data\\raw\\dfp\\021431\\2019\\notas_explicativas.pdf', 'original_filename': 'C:\\CVM\\EmpresasNetV15002\\Temp\\files\\00122104120000000000000000.pdf.pdf', 'size_bytes': 2716845}]",HYPERA S.A.,
21431,2020,100523,1,largest_attachment_fallback,"[{'path': 'data\\raw\\dfp\\021431\\2020\\notas_explicativas.pdf', 'original_filename': 'C:\\CVM\\EmpresasNetV17000\\Temp\\files\\00121604120000000000000000.pdf.pdf', 'size_bytes': 2595044}]",HYPERA S.A.,
21431,2021,112061,1,statements_filename_match,"[{'path': 'data\\raw\\dfp\\021431\\2021\\notas_explicativas.pdf', 'original_filename': 'DFP 2021 Hypera.pdf', 'size_bytes': 2235396}]",HYPERA S.A.,
21431,2022,123590,1,statements_filename_match,"[{'path': 'data\\raw\\dfp\\021431\\2022\\notas_explicativas.pdf', 'original_filename': '02. DFP 2022 Hypera.pdf', 'size_bytes': 2219511}]",HYPERA S.A.,
21431,2023,134705,1,statements_filename_match,"[{'path': 'data\\raw\\dfp\\021431\\2023\\notas_explicativas.pdf', 'original_filename': 'DFP 2023 Hypera.pdf', 'size_bytes': 2220156}]",HYPERA S.A.,
21431,2024,145606,1,statements_filename_match,"[{'path': 'data\\raw\\dfp\\021431\\2024\\notas_explicativas.pdf', 'original_filename': 'DFP 2024 Hypera.pdf', 'size_bytes': 2174119}]",HYPERA S.A.,
8672,2015,54394,1,largest_attachment_fallback,"[{'path': 'data\\raw\\dfp\\008672\\2015\\notas_explicativas.pdf', 'original_filename': 'C:\\CVM\\EmpresasNet\\Temp\\files\\00122604120000000000000000.pdf.pdf', 'size_bytes': 450265}]",IGUATEMI S.A.,
8672,2016,63090,1,largest_attachment_fallback,"[{'path': 'data\\raw\\dfp\\008672\\2016\\notas_explicativas.pdf', 'original_filename': 'C:\\CVM\\EmpresasNet\\Temp\\files\\00141116530000000000000000.pdf.pdf', 'size_bytes': 681833}]",IGUATEMI S.A.,
8672,2017,72282,1,largest_attachment_fallback,"[{'path': 'data\\raw\\dfp\\008672\\2017\\notas_explicativas.pdf', 'original_filename': 'C:\\CVM\\EmpresasNet\\Temp\\files\\00121404120000000000000000.pdf.pdf', 'size_bytes': 374489}]",IGUATEMI S.A.,
8672,2018,81229,1,largest_attachment_fallback,"[{'path': 'data\\raw\\dfp\\008672\\2018\\notas_explicativas.pdf', 'original_filename': 'C:\\CVM\\EmpresasNetV13004\\Temp\\files\\00122204120000000000000000.pdf.pdf', 'size_bytes': 375746}]",IGUATEMI S.A.,
8672,2019,91514,1,largest_attachment_fallback,"[{'path': 'data\\raw\\dfp\\008672\\2019\\notas_explicativas.pdf', 'original_filename': 'C:\\CVM\\EmpresasNetV16000\\Temp\\files\\00122304120000000000000000.pdf.pdf', 'size_bytes': 1465255}]",IGUATEMI S.A.,
8672,2020,100876,1,largest_attachment_fallback,"[{'path': 'data\\raw\\dfp\\008672\\2020\\notas_explicativas.pdf', 'original_filename': 'C:\\CVM\\EmpresasNetV17000\\Temp\\files\\00122116530000000000000000.pdf.pdf', 'size_bytes': 996810}]",IGUATEMI S.A.,
8672,2021,113814,1,notes_filename_match,"[{'path': 'data\\raw\\dfp\\008672\\2021\\notas_explicativas.pdf', 'original_filename': 'IGTI 2021 - Notas Explicativas.pdf', 'size_bytes': 622502}]",IGUATEMI S.A.,
8672,2022,123760,1,notes_filename_match,"[{'path': 'data\\raw\\dfp\\008672\\2022\\notas_explicativas.pdf', 'original_filename': 'IGTI 2022 - Notas Explicativas.pdf', 'size_bytes': 589505}]",IGUATEMI S.A.,
8672,2023,134137,1,notes_filename_match,"[{'path': 'data\\raw\\dfp\\008672\\2023\\notas_explicativas.pdf', 'original_filename': 'IGTI 2023 - Notas Explicativas - Versão DTT Formatada.pdf', 'size_bytes': 597523}]",IGUATEMI S.A.,
8672,2024,144853,1,notes_filename_match,"[{'path': 'data\\raw\\dfp\\008672\\2024\\notas_explicativas.pdf', 'original_filename': 'IGTI 2024 - Notas Explicativas.pdf', 'size_bytes': 592932}]",IGUATEMI S.A.,
18376,2020,100343,1,largest_attachment_fallback,"[{'path': 'data\\raw\\dfp\\018376\\2020\\notas_explicativas.pdf', 'original_filename': 'C:\\CVM\\EmpresasNetV17000\\Temp\\files\\00121904120000000000000000.pdf.pdf', 'size_bytes': 2976798}]",ISA ENERGIA BRASIL,
18376,2021,111992,2,statements_filename_match,"[{'path': 'data\\raw\\dfp\\018376\\2021\\notas_explicativas.pdf', 'original_filename': 'CTEEP DFP 2021 NE.pdf', 'size_bytes': 6498507}, {'path': 'data\\raw\\dfp\\018376\\2021\\notas_explicativas_1.pdf', 'original_filename': 'DFP Outras Informações relevantes.pdf', 'size_bytes': 1006100}]",ISA ENERGIA BRASIL,
18376,2022,123675,1,statements_filename_match,"[{'path': 'data\\raw\\dfp\\018376\\2022\\notas_explicativas.pdf', 'original_filename': 'CTEEP DFP 2022_NE.pdf', 'size_bytes': 5891256}]",ISA ENERGIA BRASIL,
18376,2023,134145,3,statements_filename_match,"[{'path': 'data\\raw\\dfp\\018376\\2023\\notas_explicativas.pdf', 'original_filename': 'CTEEP DFP 2023 - RAD.pdf', 'size_bytes': 782567}, {'path': 'data\\raw\\dfp\\018376\\2023\\notas_explicativas_1.pdf', 'original_filename': 'CTEEP DFP 2023 - NE.pdf', 'size_bytes': 2452015}, {'path': 'data\\raw\\dfp\\018376\\2023\\notas_explicativas_2.pdf', 'original_filename': 'CTEEP DFP 2023 - Outras Informações.pdf', 'size_bytes': 365101}]",ISA ENERGIA BRASIL,
18376,2024,144965,1,largest_attachment_fallback,"[{'path': 'data\\raw\\dfp\\018376\\2024\\notas_explicativas.pdf', 'original_filename': 'Isa Energia Brasil - DF 2024 - versão VII - NE.pdf', 'size_bytes': 2728708}]",ISA ENERGIA BRASIL,
12653,2015,53175,1,largest_attachment_fallback,"[{'path': 'data\\raw\\dfp\\012653\\2015\\notas_explicativas.pdf', 'original_filename': 'C:\\CVM\\EmpresasNet\\Temp\\files\\00124204120000000000000000.pdf.pdf', 'size_bytes': 939250}]",KLABIN S.A.,
12653,2016,62409,1,largest_attachment_fallback,"[{'path': 'data\\raw\\dfp\\012653\\2016\\notas_explicativas.pdf', 'original_filename': 'C:\\CVM\\EmpresasNet\\Temp\\files\\00124104120000000000000000.pdf.pdf', 'size_bytes': 2824223}]",KLABIN S.A.,
12653,2017,71286,1,largest_attachment_fallback,"[{'path': 'data\\raw\\dfp\\012653\\2017\\notas_explicativas.pdf', 'original_filename': 'C:\\CVM\\EmpresasNet\\Temp\\files\\00123604120000000000000000.pdf.pdf', 'size_bytes': 2197707}]",KLABIN S.A.,
12653,2018,80497,1,largest_attachment_fallback,"[{'path': 'data\\raw\\dfp\\012653\\2018\\notas_explicativas.pdf', 'original_filename': 'C:\\CVM\\EmpresasNetV14000\\Temp\\files\\00122304120000000000000000.pdf.pdf', 'size_bytes': 1907054}]",KLABIN S.A.,
12653,2019,90777,1,largest_attachment_fallback,"[{'path': 'data\\raw\\dfp\\012653\\2019\\notas_explicativas.pdf', 'original_filename': 'C:\\CVM\\EmpresasNetV15002\\Temp\\files\\00122704120000000000000000.pdf.pdf', 'size_bytes': 3797164}]",KLABIN S.A.,
12653,2020,100067,1,largest_attachment_fallback,"[{'path': 'data\\raw\\dfp\\012653\\2020\\notas_explicativas.pdf', 'original_filename': 'C:\\CVM\\EmpresasNetV17000\\Temp\\files\\00124404120000000000000000.pdf.pdf', 'size_bytes': 1456264}]",KLABIN S.A.,
12653,2021,139092,1,notes_filename_match,"[{'path': 'data\\raw\\dfp\\012653\\2021\\notas_explicativas.pdf', 'original_filename': 'NOTAS EXPLICATIVAS ITR 4T21 v9.pdf', 'size_bytes': 2058013}]",KLABIN S.A.,
12653,2022,123405,1,notes_filename_match,"[{'path': 'data\\raw\\dfp\\012653\\2022\\notas_explicativas.pdf', 'original_filename': 'NOTAS EXPLICATIVAS 4T22 v9 final.pdf', 'size_bytes': 2349987}]",KLABIN S.A.,
12653,2023,133886,1,notes_filename_match,"[{'path': 'data\\raw\\dfp\\012653\\2023\\notas_explicativas.pdf', 'original_filename': 'CVM __NOTAS EXPLICATIVAS 4T23 v9.pdf', 'size_bytes': 2037031}]",KLABIN S.A.,
12653,2024,145024,1,notes_filename_match,"[{'path': 'data\\raw\\dfp\\012653\\2024\\notas_explicativas.pdf', 'original_filename': 'NOTAS EXPLICATIVAS 4T24 (Resumida).pdf', 'size_bytes': 2202200}]",KLABIN S.A.,
19739,2015,53834,1,largest_attachment_fallback,"[{'path': 'data\\raw\\dfp\\019739\\2015\\notas_explicativas.pdf', 'original_filename': 'C:\\CVM\\EmpresasNet\\Temp\\files\\00121216530000000000000000.pdf.pdf', 'size_bytes': 611255}]",LOCALIZA RENT A CAR S.A.,
19739,2016,62319,1,largest_attachment_fallback,"[{'path': 'data\\raw\\dfp\\019739\\2016\\notas_explicativas.pdf', 'original_filename': 'C:\\CVM\\EmpresasNet\\Temp\\files\\00132904190000000000000000.pdf.pdf', 'size_bytes': 693913}]",LOCALIZA RENT A CAR S.A.,
19739,2017,72263,1,largest_attachment_fallback,"[{'path': 'data\\raw\\dfp\\019739\\2017\\notas_explicativas.pdf', 'original_filename': 'C:\\CVM\\EmpresasNet\\Temp\\files\\00154104190000000000000000.pdf.pdf', 'size_bytes': 6753852}]",LOCALIZA RENT A CAR S.A.,
19739,2018,80824,1,largest_attachment_fallback,"[{'path': 'data\\raw\\dfp\\019739\\2018\\notas_explicativas.pdf', 'original_filename': 'C:\\CVM\\EmpresasNetV14000\\Temp\\files\\00122404190000000000000000.pdf.pdf', 'size_bytes': 2234751}]",LOCALIZA RENT A CAR S.A.,
19739,2019,91474,1,largest_attachment_fallback,"[{'path': 'data\\raw\\dfp\\019739\\2019\\notas_explicativas.pdf', 'original_filename': 'C:\\CVM\\EmpresasNetV15002\\Temp\\files\\00124504190000000000000000.pdf.pdf', 'size_bytes': 2627773}]",LOCALIZA RENT A CAR S.A.,
19739,2020,100482,1,largest_attachment_fallback,"[{'path': 'data\\raw\\dfp\\019739\\2020\\notas_explicativas.pdf', 'original_filename': 'C:\\CVM\\EmpresasNetV17000\\Temp\\files\\00123704120000000000000000.pdf.pdf', 'size_bytes': 2322560}]",LOCALIZA RENT A CAR S.A.,
19739,2021,111957,1,notes_filename_match,"[{'path': 'data\\raw\\dfp\\019739\\2021\\notas_explicativas.pdf', 'original_filename': 'Notas explicativas Localiza - DFP 2021.pdf', 'size_bytes': 1879757}]",LOCALIZA RENT A CAR S.A.,
19739,2022,124700,1,notes_filename_match,"[{'path': 'data\\raw\\dfp\\019739\\2022\\notas_explicativas.pdf', 'original_filename': 'Notas explicativas Localiza - DF 2022_2023.03.14_v25_DFP.pdf', 'size_bytes': 887351}]",LOCALIZA RENT A CAR S.A.,
19739,2023,134662,1,notes_filename_match,"[{'path': 'data\\raw\\dfp\\019739\\2023\\notas_explicativas.pdf', 'original_filename': '2. Notas explicativas Localiza DFs 2023_v_.Final.pdf', 'size_bytes': 2775370}]",LOCALIZA RENT A CAR S.A.,
19739,2024,145116,1,notes_filename_match,"[{'path': 'data\\raw\\dfp\\019739\\2024\\notas_explicativas.pdf', 'original_filename': '5. Notas explicativas Localiza DFs24 Sem Páginas.pdf', 'size_bytes': 2364341}]",LOCALIZA RENT A CAR S.A.,
8133,2015,53231,1,largest_attachment_fallback,"[{'path': 'data\\raw\\dfp\\008133\\2015\\notas_explicativas.pdf', 'original_filename': 'C:\\CVM\\EmpresasNet\\Temp\\files\\00121904120000000000000000.pdf.pdf', 'size_bytes': 496885}]",LOJAS RENNER S.A.,
8133,2016,62430,1,largest_attachment_fallback,"[{'path': 'data\\raw\\dfp\\008133\\2016\\notas_explicativas.pdf', 'original_filename': 'C:\\CVM\\EmpresasNet\\Temp\\files\\00125616530000000000000000.pdf.pdf', 'size_bytes': 827607}]",LOJAS RENNER S.A.,
8133,2017,71433,1,largest_attachment_fallback,"[{'path': 'data\\raw\\dfp\\008133\\2017\\notas_explicativas.pdf', 'original_filename': 'C:\\CVM\\EmpresasNet\\Temp\\files\\00122704120000000000000000.pdf.pdf', 'size_bytes': 644028}]",LOJAS RENNER S.A.,
8133,2018,80521,1,largest_attachment_fallback,"[{'path': 'data\\raw\\dfp\\008133\\2018\\notas_explicativas.pdf', 'original_filename': 'C:\\CVM\\EmpresasNetV14000\\Temp\\files\\00121604120000000000000000.pdf.pdf', 'size_bytes': 3681958}]",LOJAS RENNER S.A.,
8133,2019,90801,1,largest_attachment_fallback,"[{'path': 'data\\raw\\dfp\\008133\\2019\\notas_explicativas.pdf', 'original_filename': 'C:\\CVM\\EmpresasNetV15002\\Temp\\files\\00121704120000000000000000.pdf.pdf', 'size_bytes': 2653203}]",LOJAS RENNER S.A.,
8133,2020,100134,1,largest_attachment_fallback,"[{'path': 'data\\raw\\dfp\\008133\\2020\\notas_explicativas.pdf', 'original_filename': 'C:\\CVM\\EmpresasNetV17000\\Temp\\files\\00122104120000000000000000.pdf.pdf', 'size_bytes': 2727054}]",LOJAS RENNER S.A.,
8133,2021,112665,1,notes_filename_match,"[{'path': 'data\\raw\\dfp\\008133\\2021\\notas_explicativas.pdf', 'original_filename': 'Notas Explicativas 2021_Final_vs CVM_18h.58m.pdf', 'size_bytes': 2941226}]",LOJAS RENNER S.A.,
8133,2022,123581,1,notes_filename_match,"[{'path': 'data\\raw\\dfp\\008133\\2022\\notas_explicativas.pdf', 'original_filename': 'Notas Explicativas 2022 - Oficial.pdf', 'size_bytes': 2179344}]",LOJAS RENNER S.A.,
8133,2023,134755,1,notes_filename_match,"[{'path': 'data\\raw\\dfp\\008133\\2023\\notas_explicativas.pdf', 'original_filename': 'Notas Explicativas 2023 - Oficial.pdf', 'size_bytes': 2445494}]",LOJAS RENNER S.A.,
8133,2024,144903,1,notes_filename_match,"[{'path': 'data\\raw\\dfp\\008133\\2024\\notas_explicativas.pdf', 'original_filename': '03 - Notas Explicativas 2024 - Oficial.pdf', 'size_bytes': 2152931}]",LOJAS RENNER S.A.,
22470,2015,66576,1,largest_attachment_fallback,"[{'path': 'data\\raw\\dfp\\022470\\2015\\notas_explicativas.pdf', 'original_filename': 'C:\\CVM\\EmpresasNet\\Temp\\files\\00122416530000000000000000.pdf.pdf', 'size_bytes': 1155198}]",MAGAZINE LUIZA S.A.,
22470,2016,66581,1,largest_attachment_fallback,"[{'path': 'data\\raw\\dfp\\022470\\2016\\notas_explicativas.pdf', 'original_filename': 'C:\\CVM\\EmpresasNet\\Temp\\files\\00122216530000000000000000.pdf.pdf', 'size_bytes': 1141651}]",MAGAZINE LUIZA S.A.,
22470,2017,71708,1,largest_attachment_fallback,"[{'path': 'data\\raw\\dfp\\022470\\2017\\notas_explicativas.pdf', 'original_filename': 'C:\\Program Files (x86)\\CVM\\EmpresasNet\\Temp\\files\\00122016530000000000000000.pdf.pdf', 'size_bytes': 1358204}]",MAGAZINE LUIZA S.A.,
22470,2018,80863,1,largest_attachment_fallback,"[{'path': 'data\\raw\\dfp\\022470\\2018\\notas_explicativas.pdf', 'original_filename': 'C:\\CVM\\EmpresasNetV14000\\Temp\\files\\00121704120000000000000000.pdf.pdf', 'size_bytes': 2202036}]",MAGAZINE LUIZA S.A.,
22470,2019,90983,1,largest_attachment_fallback,"[{'path': 'data\\raw\\dfp\\022470\\2019\\notas_explicativas.pdf', 'original_filename': 'C:\\CVM\\EmpresasNetV15002\\Temp\\files\\00121416530000000000000000.pdf.pdf', 'size_bytes': 2072517}]",MAGAZINE LUIZA S.A.,
22470,2020,100759,1,largest_attachment_fallback,"[{'path': 'data\\raw\\dfp\\022470\\2020\\notas_explicativas.pdf', 'original_filename': 'C:\\CVM\\EmpresasNetV17000\\Temp\\files\\00121804120000000000000000.pdf.pdf', 'size_bytes': 2656352}]",MAGAZINE LUIZA S.A.,
22470,2021,112500,1,largest_attachment_fallback,"[{'path': 'data\\raw\\dfp\\022470\\2021\\notas_explicativas.pdf', 'original_filename': '2021_12_DFS_Vf.pdf', 'size_bytes': 2074879}]",MAGAZINE LUIZA S.A.,
22470,2022,124043,1,largest_attachment_fallback,"[{'path': 'data\\raw\\dfp\\022470\\2022\\notas_explicativas.pdf', 'original_filename': 'MGLU_ER_4T22_POR.pdf', 'size_bytes': 1993156}]",MAGAZINE LUIZA S.A.,
22470,2023,134839,1,largest_attachment_fallback,"[{'path': 'data\\raw\\dfp\\022470\\2023\\notas_explicativas.pdf', 'original_filename': 'MGLU_ER_4T23_POR.pdf', 'size_bytes': 1902626}]",MAGAZINE LUIZA S.A.,
22470,2024,145377,1,largest_attachment_fallback,"[{'path': 'data\\raw\\dfp\\022470\\2024\\notas_explicativas.pdf', 'original_filename': 'MGLU_ER_4T24_POR.pdf', 'size_bytes': 1788987}]",MAGAZINE LUIZA S.A.,
8451,2015,53544,1,largest_attachment_fallback,"[{'path': 'data\\raw\\dfp\\008451\\2015\\notas_explicativas.pdf', 'original_filename': 'C:\\CVM\\EmpresasNet\\Temp\\files\\00124604120000000000000000.pdf.pdf', 'size_bytes': 2047395}]",MARCOPOLO S.A.,
8451,2016,62734,1,largest_attachment_fallback,"[{'path': 'data\\raw\\dfp\\008451\\2016\\notas_explicativas.pdf', 'original_filename': 'C:\\Program Files\\CVM\\EmpresasNet\\Temp\\files\\00125704120000000000000000.pdf.pdf', 'size_bytes': 2423916}]",MARCOPOLO S.A.,
8451,2017,71666,1,largest_attachment_fallback,"[{'path': 'data\\raw\\dfp\\008451\\2017\\notas_explicativas.pdf', 'original_filename': 'C:\\CVM\\EmpresasNet\\Temp\\files\\00139504120000000000000000.pdf.pdf', 'size_bytes': 2545296}]",MARCOPOLO S.A.,
8451,2018,80876,1,largest_attachment_fallback,"[{'path': 'data\\raw\\dfp\\008451\\2018\\notas_explicativas.pdf', 'original_filename': 'C:\\CVM\\EmpresasNetV14000\\Temp\\files\\00122104120000000000000000.pdf.pdf', 'size_bytes': 2471096}]",MARCOPOLO S.A.,
8451,2019,91200,1,largest_attachment_fallback,"[{'path': 'data\\raw\\dfp\\008451\\2019\\notas_explicativas.pdf', 'original_filename': 'C:\\CVM\\EmpresasNetV15002\\Temp\\files\\00122004120000000000000000.pdf.pdf', 'size_bytes': 2546142}]",MARCOPOLO S.A.,
8451,2020,100437,1,largest_attachment_fallback,"[{'path': 'data\\raw\\dfp\\008451\\2020\\notas_explicativas.pdf', 'original_filename': 'C:\\CVM\\EmpresasNetV17000\\Temp\\files\\00122604120000000000000000.pdf.pdf', 'size_bytes': 985271}]",MARCOPOLO S.A.,
8451,2021,112080,1,largest_attachment_fallback,"[{'path': 'data\\raw\\dfp\\008451\\2021\\notas_explicativas.pdf', 'original_filename': 'NEs Marcopolo 2021.pdf', 'size_bytes': 920341}]",MARCOPOLO S.A.,
8451,2022,123747,1,largest_attachment_fallback,"[{'path': 'data\\raw\\dfp\\008451\\2022\\notas_explicativas.pdf', 'original_filename': 'NEs DFs Marcopolo SA 2022.pdf', 'size_bytes': 820396}]",MARCOPOLO S.A.,
8451,2023,134272,1,largest_attachment_fallback,"[{'path': 'data\\raw\\dfp\\008451\\2023\\notas_explicativas.pdf', 'original_filename': '07 DFs Marcopolo.pdf', 'size_bytes': 2117241}]",MARCOPOLO S.A.,
8451,2024,144984,1,largest_attachment_fallback,"[{'path': 'data\\raw\\dfp\\008451\\2024\\notas_explicativas.pdf', 'original_filename': 'Marcopolo SA 2024.pdf', 'size_bytes': 2018269}]",MARCOPOLO S.A.,
20788,2015,53704,1,largest_attachment_fallback,"[{'path': 'data\\raw\\dfp\\020788\\2015\\notas_explicativas.pdf', 'original_filename': 'C:\\CVM\\EmpresasNet\\Temp\\files\\00121504120000000000000000.pdf.pdf', 'size_bytes': 1346509}]",MARFRIG GLOBAL FOODS S.A.,
20788,2016,62782,1,largest_attachment_fallback,"[{'path': 'data\\raw\\dfp\\020788\\2016\\notas_explicativas.pdf', 'original_filename': 'C:\\CVM\\EmpresasNet\\Temp\\files\\00122204120000000000000000.pdf.pdf', 'size_bytes': 1410661}]",MARFRIG GLOBAL FOODS S.A.,
20788,2017,72771,1,largest_attachment_fallback,"[{'path': 'data\\raw\\dfp\\020788\\2017\\notas_explicativas.pdf', 'original_filename': 'C:\\CVM\\EmpresasNet\\Temp\\files\\00122004120000000000000000.pdf.pdf', 'size_bytes': 1347643}]",MARFRIG GLOBAL FOODS S.A.,
20788,2018,80935,1,largest_attachment_fallback,"[{'path': 'data\\raw\\dfp\\020788\\2018\\notas_explicativas.pdf', 'original_filename': 'C:\\CVM\\EmpresasNetV13004\\Temp\\files\\00121516530000000000000000.pdf.pdf', 'size_bytes': 1438097}]",MARFRIG GLOBAL FOODS S.A.,
20788,2019,91096,1,largest_attachment_fallback,"[{'path': 'data\\raw\\dfp\\020788\\2019\\notas_explicativas.pdf', 'original_filename': 'C:\\CVM\\EmpresasNetV15002\\Temp\\files\\00121904120000000000000000.pdf.pdf', 'size_bytes': 1168084}]",MARFRIG GLOBAL FOODS S.A.,
20788,2020,102751,1,largest_attachment_fallback,"[{'path': 'data\\raw\\dfp\\020788\\2020\\notas_explicativas.pdf', 'original_filename': 'C:\\CVM\\EmpresasNetV17000\\Temp\\files\\00121704120000000000000000.pdf.pdf', 'size_bytes': 1458882}]",MARFRIG GLOBAL FOODS S.A.,
20788,2021,112313,1,statements_filename_match,"[{'path': 'data\\raw\\dfp\\020788\\2021\\notas_explicativas.pdf', 'original_filename': 'Demonstrações Financeiras 2021.pdf', 'size_bytes': 4071206}]",MARFRIG GLOBAL FOODS S.A.,
20788,2022,123796,1,statements_filename_match,"[{'path': 'data\\raw\\dfp\\020788\\2022\\notas_explicativas.pdf', 'original_filename': 'DFP 2022 - FINAL CVM.pdf', 'size_bytes': 1328036}]",MARFRIG GLOBAL FOODS S.A.,
20788,2023,135215,1,statements_filename_match,"[{'path': 'data\\raw\\dfp\\020788\\2023\\notas_explicativas.pdf', 'original_filename': 'CVM DFP 2023.pdf', 'size_bytes': 1527131}]",MARFRIG GLOBAL FOODS S.A.,
20788,2024,145071,1,statements_filename_match,"[{'path': 'data\\raw\\dfp\\020788\\2024\\notas_explicativas.pdf', 'original_filename': 'DFP - 2024 - CVM.pdf', 'size_bytes': 4820463}]",MARFRIG GLOBAL FOODS S.A.,
8656,2015,54056,1,largest_attachment_fallback,"[{'path': 'data\\raw\\dfp\\008656\\2015\\notas_explicativas.pdf', 'original_filename': 'C:\\CVM\\EmpresasNet\\Temp\\files\\00124104120000000000000000.pdf.pdf', 'size_bytes': 517954}]",METALURGICA GERDAU S.A.,
8656,2016,62694,1,largest_attachment_fallback,"[{'path': 'data\\raw\\dfp\\008656\\2016\\notas_explicativas.pdf', 'original_filename': 'C:\\CVM\\EmpresasNet\\Temp\\files\\00152504120000000000000000.pdf.pdf', 'size_bytes': 513969}]",METALURGICA GERDAU S.A.,
8656,2017,71860,1,largest_attachment_fallback,"[{'path': 'data\\raw\\dfp\\008656\\2017\\notas_explicativas.pdf', 'original_filename': 'C:\\CVM\\EmpresasNet\\Temp\\files\\00166504120000000000000000.pdf.pdf', 'size_bytes': 570519}]",METALURGICA GERDAU S.A.,
8656,2018,80789,1,largest_attachment_fallback,"[{'path': 'data\\raw\\dfp\\008656\\2018\\notas_explicativas.pdf', 'original_filename': 'C:\\CVM\\EmpresasNetV13004\\Temp\\files\\00122304120000000000000000.pdf.pdf', 'size_bytes': 543100}]",METALURGICA GERDAU S.A.,
8656,2019,91067,1,largest_attachment_fallback,"[{'path': 'data\\raw\\dfp\\008656\\2019\\notas_explicativas.pdf', 'original_filename': 'C:\\CVM\\EmpresasNetV15002\\Temp\\files\\00123304120000000000000000.pdf.pdf', 'size_bytes': 505489}]",METALURGICA GERDAU S.A.,
8656,2020,100394,1,largest_attachment_fallback,"[{'path': 'data\\raw\\dfp\\008656\\2020\\notas_explicativas.pdf', 'original_filename': 'C:\\CVM\\EmpresasNetV17000\\Temp\\files\\00121716530000000000000000.pdf.pdf', 'size_bytes': 889146}]",METALURGICA GERDAU S.A.,
8656,2021,111963,1,statements_filename_match,"[{'path': 'data\\raw\\dfp\\008656\\2021\\notas_explicativas.pdf', 'original_filename': 'Minuta Metalúrgica Gerdau Empresa e Consolidado Dez 2021.pdf', 'size_bytes': 1157151}]",METALURGICA GERDAU S.A.,
8656,2022,123776,1,statements_filename_match,"[{'path': 'data\\raw\\dfp\\008656\\2022\\notas_explicativas.pdf', 'original_filename': 'Minuta Metalúrgia Gerdau.pdf', 'size_bytes': 527846}]",METALURGICA GERDAU S.A.,
8656,2023,134148,1,statements_filename_match,"[{'path': 'data\\raw\\dfp\\008656\\2023\\notas_explicativas.pdf', 'original_filename': 'Minuta MG Dez23.pdf', 'size_bytes': 694729}]",METALURGICA GERDAU S.A.,
8656,2024,144977,1,statements_filename_match,"[{'path': 'data\\raw\\dfp\\008656\\2024\\notas_explicativas.pdf', 'original_filename': 'MINUTA Metalúrgica  Dez 2024.pdf', 'size_bytes': 899216}]",METALURGICA GERDAU S.A.,
20931,2015,53924,1,largest_attachment_fallback,"[{'path': 'data\\raw\\dfp\\020931\\2015\\notas_explicativas.pdf', 'original_filename': 'C:\\Program Files (x86)\\CVM\\EmpresasNet\\Temp\\files\\00121416530000000000000000.pdf.pdf', 'size_bytes': 1251058}]",MINERVA S.A.,
20931,2016,62780,1,largest_attachment_fallback,"[{'path': 'data\\raw\\dfp\\020931\\2016\\notas_explicativas.pdf', 'original_filename': 'C:\\Program Files (x86)\\CVM\\EmpresasNet\\Temp\\files\\00121516530000000000000000.pdf.pdf', 'size_bytes': 1299658}]",MINERVA S.A.,
20931,2017,71995,1,largest_attachment_fallback,"[{'path': 'data\\raw\\dfp\\020931\\2017\\notas_explicativas.pdf', 'original_filename': 'C:\\empresasnet\\Temp\\files\\00121404120000000000000000.pdf.pdf', 'size_bytes': 2402278}]",MINERVA S.A.,
20931,2018,81143,1,largest_attachment_fallback,"[{'path': 'data\\raw\\dfp\\020931\\2018\\notas_explicativas.pdf', 'original_filename': 'C:\\CVM\\EmpresasNetV13004\\Temp\\files\\00122816530000000000000000.pdf.pdf', 'size_bytes': 888699}]",MINERVA S.A.,
20931,2019,91056,1,largest_attachment_fallback,"[{'path': 'data\\raw\\dfp\\020931\\2019\\notas_explicativas.pdf', 'original_filename': 'C:\\\\Temp\\files\\00121304120000000000000000.pdf.pdf', 'size_bytes': 841204}]",MINERVA S.A.,
20931,2020,100470,1,largest_attachment_fallback,"[{'path': 'data\\raw\\dfp\\020931\\2020\\notas_explicativas.pdf', 'original_filename': 'C:\\\\Temp\\files\\00122416530000000000000000.pdf.pdf', 'size_bytes': 783595}]",MINERVA S.A.,
20931,2021,112004,1,notes_filename_match,"[{'path': 'data\\raw\\dfp\\020931\\2021\\notas_explicativas.pdf', 'original_filename': '0635-22  - Notas explicativas Minerva S.A..pdf', 'size_bytes': 311806}]",MINERVA S.A.,
20931,2022,123671,1,notes_filename_match,"[{'path': 'data\\raw\\dfp\\020931\\2022\\notas_explicativas.pdf', 'original_filename': '0586-23 - Notas explicativas Minerva - 4tri22_V3_Final.pdf', 'size_bytes': 324304}]",MINERVA S.A.,
20931,2023,135098,1,notes_filename_match,"[{'path': 'data\\raw\\dfp\\020931\\2023\\notas_explicativas.pdf', 'original_filename': '1581-24 4 Notas explicativas Minerva_31_12_2023.pdf', 'size_bytes': 320432}]",MINERVA S.A.,
20931,2024,145544,1,notes_filename_match,"[{'path': 'data\\raw\\dfp\\020931\\2024\\notas_explicativas.pdf', 'original_filename': '1497-25 Notas explicativas_31.12.2024_Minerva.pdf', 'size_bytes': 375446}]",MINERVA S.A.,
18821,2021,112062,1,notes_filename_match,"[{'path': 'data\\raw\\dfp\\018821\\2021\\notas_explicativas.pdf', 'original_filename': '10ª Minuta _CCR2021_Notas explicativas.pdf', 'size_bytes': 1115515}]",MOTIVA INFRAESTRUTURA DE MOBILIDADE S.A.,
18821,2022,123561,1,notes_filename_match,"[{'path': 'data\\raw\\dfp\\018821\\2022\\notas_explicativas.pdf', 'original_filename': 'Notas explicativas_CVM.pdf', 'size_bytes': 859067}]",MOTIVA INFRAESTRUTURA DE MOBILIDADE S.A.,
18821,2023,133937,1,notes_filename_match,"[{'path': 'data\\raw\\dfp\\018821\\2023\\notas_explicativas.pdf', 'original_filename': 'Notas explicativas.pdf', 'size_bytes': 543101}]",MOTIVA INFRAESTRUTURA DE MOBILIDADE S.A.,
18821,2024,144617,1,notes_filename_match,"[{'path': 'data\\raw\\dfp\\018821\\2024\\notas_explicativas.pdf', 'original_filename': 'notas explicativas.pdf', 'size_bytes': 1073619}]",MOTIVA INFRAESTRUTURA DE MOBILIDADE S.A.,
20915,2015,53894,1,largest_attachment_fallback,"[{'path': 'data\\raw\\dfp\\020915\\2015\\notas_explicativas.pdf', 'original_filename': 'C:\\CVM\\EmpresasNet\\Temp\\files\\00121416530000000000000000.pdf.pdf', 'size_bytes': 2338477}]",MRV ENGENHARIA E PARTICIPACOES S.A.,
20915,2016,63110,1,largest_attachment_fallback,"[{'path': 'data\\raw\\dfp\\020915\\2016\\notas_explicativas.pdf', 'original_filename': 'C:\\CVM\\EmpresasNet\\Temp\\files\\00122716530000000000000000.pdf.pdf', 'size_bytes': 1329530}]",MRV ENGENHARIA E PARTICIPACOES S.A.,
20915,2017,72097,1,largest_attachment_fallback,"[{'path': 'data\\raw\\dfp\\020915\\2017\\notas_explicativas.pdf', 'original_filename': 'C:\\Program Files (x86)\\CVM\\EmpresasNet\\Temp\\files\\00125416530000000000000000.pdf.pdf', 'size_bytes': 1382046}]",MRV ENGENHARIA E PARTICIPACOES S.A.,
20915,2018,80989,1,largest_attachment_fallback,"[{'path': 'data\\raw\\dfp\\020915\\2018\\notas_explicativas.pdf', 'original_filename': 'C:\\CVM\\EmpresasNetV14000\\Temp\\files\\00124716530000000000000000.pdf.pdf', 'size_bytes': 1050440}]",MRV ENGENHARIA E PARTICIPACOES S.A.,
20915,2019,91299,1,largest_attachment_fallback,"[{'path': 'data\\raw\\dfp\\020915\\2019\\notas_explicativas.pdf', 'original_filename': 'C:\\CVM\\EmpresasNetV15002\\Temp\\files\\00121604120000000000000000.pdf.pdf', 'size_bytes': 771921}]",MRV ENGENHARIA E PARTICIPACOES S.A.,
20915,2020,100692,1,largest_attachment_fallback,"[{'path': 'data\\raw\\dfp\\020915\\2020\\notas_explicativas.pdf', 'original_filename': 'C:\\CVM\\EmpresasNetV17000\\Temp\\files\\00121916530000000000000000.pdf.pdf', 'size_bytes': 1286540}]",MRV ENGENHARIA E PARTICIPACOES S.A.,
20915,2021,128797,1,largest_attachment_fallback,"[{'path': 'data\\raw\\dfp\\020915\\2021\\notas_explicativas.pdf', 'original_filename': 'Relatório MRV 31.12.2021_Reapresentação.pdf', 'size_bytes': 800436}]",MRV ENGENHARIA E PARTICIPACOES S.A.,
20915,2022,128798,1,largest_attachment_fallback,"[{'path': 'data\\raw\\dfp\\020915\\2022\\notas_explicativas.pdf', 'original_filename': 'Relatório MRV 31.12.2022_Reapresentação.pdf', 'size_bytes': 835759}]",MRV ENGENHARIA E PARTICIPACOES S.A.,
20915,2023,134377,1,largest_attachment_fallback,"[{'path': 'data\\raw\\dfp\\020915\\2023\\notas_explicativas.pdf', 'original_filename': 'Relatório MRV 31.12.2023.pdf', 'size_bytes': 787700}]",MRV ENGENHARIA E PARTICIPACOES S.A.,
20915,2024,144971,1,largest_attachment_fallback,"[{'path': 'data\\raw\\dfp\\020915\\2024\\notas_explicativas.pdf', 'original_filename': 'Relatório MRV 31.12.2024.pdf', 'size_bytes': 847690}]",MRV ENGENHARIA E PARTICIPACOES S.A.,
20982,2015,53601,1,largest_attachment_fallback,"[{'path': 'data\\raw\\dfp\\020982\\2015\\notas_explicativas.pdf', 'original_filename': 'C:\\CVM\\EmpresasNet\\Temp\\files\\00121404120000000000000000.docx.pdf', 'size_bytes': 2469649}]",MULTIPLAN - EMPREEND IMOBILIARIOS S.A.,
20982,2016,63020,1,largest_attachment_fallback,"[{'path': 'data\\raw\\dfp\\020982\\2016\\notas_explicativas.pdf', 'original_filename': 'C:\\CVM\\EmpresasNet\\Temp\\files\\00122904120000000000000000.pdf.pdf', 'size_bytes': 764553}]",MULTIPLAN - EMPREEND IMOBILIARIOS S.A.,
20982,2017,71883,1,largest_attachment_fallback,"[{'path': 'data\\raw\\dfp\\020982\\2017\\notas_explicativas.pdf', 'original_filename': 'C:\\CVM\\EmpresasNet\\Temp\\files\\00122804120000000000000000.pdf.pdf', 'size_bytes': 2994173}]",MULTIPLAN - EMPREEND IMOBILIARIOS S.A.,
20982,2018,80812,1,largest_attachment_fallback,"[{'path': 'data\\raw\\dfp\\020982\\2018\\notas_explicativas.pdf', 'original_filename': 'C:\\CVM\\EmpresasNetV13004\\Temp\\files\\00122304120000000000000000.pdf.pdf', 'size_bytes': 972686}]",MULTIPLAN - EMPREEND IMOBILIARIOS S.A.,
20982,2019,91010,1,largest_attachment_fallback,"[{'path': 'data\\raw\\dfp\\020982\\2019\\notas_explicativas.pdf', 'original_filename': 'C:\\CVM\\EmpresasNetV15002\\Temp\\files\\00122004120000000000000000.pdf.pdf', 'size_bytes': 1196181}]",MULTIPLAN - EMPREEND IMOBILIARIOS S.A.,
20982,2020,100117,1,largest_attachment_fallback,"[{'path': 'data\\raw\\dfp\\020982\\2020\\notas_explicativas.pdf', 'original_filename': 'C:\\CVM\\EmpresasNetV17000\\Temp\\files\\00121804120000000000000000.pdf.pdf', 'size_bytes': 1147143}]",MULTIPLAN - EMPREEND IMOBILIARIOS S.A.,
20982,2021,111691,1,notes_filename_match,"[{'path': 'data\\raw\\dfp\\020982\\2021\\notas_explicativas.pdf', 'original_filename': 'Notas Explicativas.pdf', 'size_bytes': 1205064}]",MULTIPLAN - EMPREEND IMOBILIARIOS S.A.,
20982,2022,123443,1,notes_filename_match,"[{'path': 'data\\raw\\dfp\\020982\\2022\\notas_explicativas.pdf', 'original_filename': 'Notas Explicativas.pdf', 'size_bytes': 1138089}]",MULTIPLAN - EMPREEND IMOBILIARIOS S.A.,
20982,2023,133935,1,notes_filename_match,"[{'path': 'data\\raw\\dfp\\020982\\2023\\notas_explicativas.pdf', 'original_filename': 'Notas Explicativas.pdf', 'size_bytes': 1078245}]",MULTIPLAN - EMPREEND IMOBILIARIOS S.A.,
20982,2024,144624,1,notes_filename_match,"[{'path': 'data\\raw\\dfp\\020982\\2024\\notas_explicativas.pdf', 'original_filename': 'Notas Explicativas.pdf', 'size_bytes': 1074131}]",MULTIPLAN - EMPREEND IMOBILIARIOS S.A.,
19550,2015,53441,1,largest_attachment_fallback,"[{'path': 'data\\raw\\dfp\\019550\\2015\\notas_explicativas.pdf', 'original_filename': 'Q:\\APP_CVM_EmpresasNet_900\\EmpresasNet\\Temp\\files\\00121404120000000000000000.pdf.pdf', 'size_bytes': 617655}]",NATURA COSMETICOS S.A.,
19550,2016,62718,1,largest_attachment_fallback,"[{'path': 'data\\raw\\dfp\\019550\\2016\\notas_explicativas.pdf', 'original_filename': 'Q:\\EPMASNET.100\\EmpresasNET\\Temp\\files\\00121716530000000000000000.pdf.pdf', 'size_bytes': 1079671}]",NATURA COSMETICOS S.A.,
19550,2017,72264,1,largest_attachment_fallback,"[{'path': 'data\\raw\\dfp\\019550\\2017\\notas_explicativas.pdf', 'original_filename': 'C:\\Program Files (x86)\\CVM\\EmpresasNet\\Temp\\files\\00121804120000000000000000.pdf.pdf', 'size_bytes': 1428893}]",NATURA COSMETICOS S.A.,
19550,2018,80968,1,largest_attachment_fallback,"[{'path': 'data\\raw\\dfp\\019550\\2018\\notas_explicativas.pdf', 'original_filename': 'C:\\CVM\\EmpresasNetV14000\\Temp\\files\\00121104120000000000000000.pdf.pdf', 'size_bytes': 1373937}]",NATURA COSMETICOS S.A.,
19550,2019,91402,1,largest_attachment_fallback,"[{'path': 'data\\raw\\dfp\\019550\\2019\\notas_explicativas.pdf', 'original_filename': 'C:\\CVM\\EmpresasNetV16000\\Temp\\files\\00121504120000000000000000.pdf.pdf', 'size_bytes': 2085972}]",NATURA COSMETICOS S.A.,
19550,2020,102570,1,largest_attachment_fallback,"[{'path': 'data\\raw\\dfp\\019550\\2020\\notas_explicativas.pdf', 'original_filename': 'C:\\CVM\\EmpresasNetV17000\\Temp\\files\\00122004120000000000000000.pdf.pdf', 'size_bytes': 1087178}]",NATURA COSMETICOS S.A.,
19550,2021,113131,1,largest_attachment_fallback,"[{'path': 'data\\raw\\dfp\\019550\\2021\\notas_explicativas.pdf', 'original_filename': '2_Notas_4T21 -Cosmético_versão final.pdf', 'size_bytes': 1100112}]",NATURA COSMÉTICOS S.A.,
19550,2022,124274,1,largest_attachment_fallback,"[{'path': 'data\\raw\\dfp\\019550\\2022\\notas_explicativas.pdf', 'original_filename': 'Notas_4T22 - Cosméticos_Emissão.pdf', 'size_bytes': 1125807}]",NATURA COSMÉTICOS S.A.,
19550,2023,134850,1,largest_attachment_fallback,"[{'path': 'data\\raw\\dfp\\019550\\2023\\notas_explicativas.pdf', 'original_filename': 'Natura_RAD_2023 - PDF.pdf', 'size_bytes': 8179106}]",NATURA COSMÉTICOS S.A.,
19550,2024,145393,1,largest_attachment_fallback,"[{'path': 'data\\raw\\dfp\\019550\\2024\\notas_explicativas.pdf', 'original_filename': 'Notas Cosméticos - 4T24.pdf', 'size_bytes': 1220145}]",NATURA COSMÉTICOS S.A.,
9512,2015,54255,1,largest_attachment_fallback,"[{'path': 'data\\raw\\dfp\\009512\\2015\\notas_explicativas.pdf', 'original_filename': 'C:\\CVM\\EmpresasNet\\Temp\\files\\00124604190000000000000000.pdf.pdf', 'size_bytes': 3996691}]",PETROLEO BRASILEIRO S.A. PETROBRAS,
9512,2016,63571,1,largest_attachment_fallback,"[{'path': 'data\\raw\\dfp\\009512\\2016\\notas_explicativas.pdf', 'original_filename': 'C:\\CVM\\EmpresasNet\\Temp\\files\\00124116530000000000000000.pdf.pdf', 'size_bytes': 6062882}]",PETROLEO BRASILEIRO S.A. PETROBRAS,
9512,2017,72346,1,largest_attachment_fallback,"[{'path': 'data\\raw\\dfp\\009512\\2017\\notas_explicativas.pdf', 'original_filename': 'C:\\Program Files (x86)\\CVM\\EMPRESASNET\\Temp\\files\\00121216530000000000000000.pdf.pdf', 'size_bytes': 5706172}]",PETROLEO BRASILEIRO S.A. PETROBRAS,
9512,2018,80929,1,largest_attachment_fallback,"[{'path': 'data\\raw\\dfp\\009512\\2018\\notas_explicativas.pdf', 'original_filename': 'C:\\Program Files (x86)\\CVM\\EmpresasNetV14000\\Temp\\files\\00122316530000000000000000.pdf.pdf', 'size_bytes': 9431499}]",PETROLEO BRASILEIRO S.A. PETROBRAS,
9512,2019,91100,1,largest_attachment_fallback,"[{'path': 'data\\raw\\dfp\\009512\\2019\\notas_explicativas.pdf', 'original_filename': 'C:\\CVM\\EmpresasNetV15002\\Temp\\files\\00121916530000000000000000.pdf.pdf', 'size_bytes': 2018246}]",PETROLEO BRASILEIRO S.A. PETROBRAS,
9512,2020,102142,1,largest_attachment_fallback,"[{'path': 'data\\raw\\dfp\\009512\\2020\\notas_explicativas.pdf', 'original_filename': 'C:\\CVM\\EmpresasNetV17000\\Temp\\files\\00121916530000000000000000.pdf.pdf', 'size_bytes': 5037174}]",PETROLEO BRASILEIRO S.A. PETROBRAS,
9512,2021,112007,1,notes_filename_match,"[{'path': 'data\\raw\\dfp\\009512\\2021\\notas_explicativas.pdf', 'original_filename': 'Notas explicativas 2021.pdf', 'size_bytes': 3508586}]",PETROLEO BRASILEIRO S.A. PETROBRAS,
9512,2022,123817,1,notes_filename_match,"[{'path': 'data\\raw\\dfp\\009512\\2022\\notas_explicativas.pdf', 'original_filename': 'Notas explicativas e inf complementares 2022.pdf', 'size_bytes': 1202622}]",PETROLEO BRASILEIRO S.A. PETROBRAS,
9512,2023,135086,1,notes_filename_match,"[{'path': 'data\\raw\\dfp\\009512\\2023\\notas_explicativas.pdf', 'original_filename': 'Notas Explicativas 2023.pdf', 'size_bytes': 2000268}]",PETROLEO BRASILEIRO S.A. PETROBRAS,
9512,2024,145077,1,largest_attachment_fallback,"[{'path': 'data\\raw\\dfp\\009512\\2024\\notas_explicativas.pdf', 'original_filename': 'Notas.pdf', 'size_bytes': 2680208}]",PETROLEO BRASILEIRO S.A. PETROBRAS,
25780,2020,100511,1,largest_attachment_fallback,"[{'path': 'data\\raw\\dfp\\025780\\2020\\notas_explicativas.pdf', 'original_filename': 'C:\\CVM\\EmpresasNetV17000\\Temp\\files\\00131116530000000000000000.pdf.pdf', 'size_bytes': 1810134}]",PETRORECÔNCAVO S.A.,
25780,2021,116810,1,notes_filename_match,"[{'path': 'data\\raw\\dfp\\025780\\2021\\notas_explicativas.pdf', 'original_filename': '02 - NOTAS EXPLICATIVAS - 2022SA014990_VF_95.pdf', 'size_bytes': 1061832}]",PETRORECÔNCAVO S.A.,
25780,2022,124482,1,notes_filename_match,"[{'path': 'data\\raw\\dfp\\025780\\2022\\notas_explicativas.pdf', 'original_filename': 'ENET-004-NOTAS EXPLICATIVAS.pdf', 'size_bytes': 1553154}]",PETRORECÔNCAVO S.A.,
25780,2023,134467,1,largest_attachment_fallback,"[{'path': 'data\\raw\\dfp\\025780\\2023\\notas_explicativas.pdf', 'original_filename': '01_Release de Resultados 4T23 e 2023_05.03.24.pdf', 'size_bytes': 2541727}]",PETRORECÔNCAVO S.A.,
25780,2024,145562,1,notes_filename_match,"[{'path': 'data\\raw\\dfp\\025780\\2024\\notas_explicativas.pdf', 'original_filename': '02_Notas Explicativas.pdf', 'size_bytes': 2183673}]",PETRORECÔNCAVO S.A.,
22187,2015,54391,1,largest_attachment_fallback,"[{'path': 'data\\raw\\dfp\\022187\\2015\\notas_explicativas.pdf', 'original_filename': 'C:\\CVM\\EmpresasNet\\Temp\\files\\00122104120000000000000000.pdf.pdf', 'size_bytes': 868855}]",PRIO S.A.,
22187,2016,63696,1,largest_attachment_fallback,"[{'path': 'data\\raw\\dfp\\022187\\2016\\notas_explicativas.pdf', 'original_filename': 'C:\\CVM\\EmpresasNet\\Temp\\files\\00122016530000000000000000.docx.pdf', 'size_bytes': 1130473}]",PRIO S.A.,
22187,2017,98008,1,largest_attachment_fallback,"[{'path': 'data\\raw\\dfp\\022187\\2017\\notas_explicativas.pdf', 'original_filename': 'C:\\CVM\\EmpresasNetV17000\\Temp\\files\\00121804120000000000000000.pdf.pdf', 'size_bytes': 1133051}]",PRIO S.A.,
22187,2018,81123,1,largest_attachment_fallback,"[{'path': 'data\\raw\\dfp\\022187\\2018\\notas_explicativas.pdf', 'original_filename': 'C:\\CVM\\EmpresasNetV14000\\Temp\\files\\00121616530000000000000000.pdf.pdf', 'size_bytes': 1945696}]",PRIO S.A.,
22187,2019,96590,1,largest_attachment_fallback,"[{'path': 'data\\raw\\dfp\\022187\\2019\\notas_explicativas.pdf', 'original_filename': 'C:\\CVM\\EmpresasNetV15002\\Temp\\files\\00122404120000000000000000.pdf.pdf', 'size_bytes': 1086152}]",PRIO S.A.,
22187,2020,100581,1,largest_attachment_fallback,"[{'path': 'data\\raw\\dfp\\022187\\2020\\notas_explicativas.pdf', 'original_filename': 'C:\\CVM\\EmpresasNetV17000\\Temp\\files\\00124516530000000000000000.pdf.pdf', 'size_bytes': 865598}]",PRIO S.A.,
22187,2021,111782,1,notes_filename_match,"[{'path': 'data\\raw\\dfp\\022187\\2021\\notas_explicativas.pdf', 'original_filename': 'PetroRio - 2021 PTBR - Notas Explicativas.pdf', 'size_bytes': 874997}]",PRIO S.A.,
22187,2022,123803,1,notes_filename_match,"[{'path': 'data\\raw\\dfp\\022187\\2022\\notas_explicativas.pdf', 'original_filename': 'PetroRio - 2022 PTBR - Notas Explicativas.pdf', 'size_bytes': 11790581}]",PRIO S.A.,
22187,2023,134591,1,notes_filename_match,"[{'path': 'data\\raw\\dfp\\022187\\2023\\notas_explicativas.pdf', 'original_filename': 'Prio - 2023 - Notas Explicativas CVM.pdf', 'size_bytes': 12634176}]",PRIO S.A.,
22187,2024,145387,1,notes_filename_match,"[{'path': 'data\\raw\\dfp\\022187\\2024\\notas_explicativas.pdf', 'original_filename': 'Prio - 2024 - Notas Explicativas CVM.pdf', 'size_bytes': 13345772}]",PRIO S.A.,
5258,2015,53458,1,largest_attachment_fallback,"[{'path': 'data\\raw\\dfp\\005258\\2015\\notas_explicativas.pdf', 'original_filename': 'C:\\Arquivos de programas\\CVM\\EmpresasNet\\Temp\\files\\00124716530000000000000000.pdf.pdf', 'size_bytes': 1149026}]",RAIA DROGASIL S.A.,
5258,2016,62573,1,largest_attachment_fallback,"[{'path': 'data\\raw\\dfp\\005258\\2016\\notas_explicativas.pdf', 'original_filename': 'C:\\CVM\\EmpresasNet\\Temp\\files\\00129416530000000000000000.pdf.pdf', 'size_bytes': 848916}]",RAIA DROGASIL S.A.,
5258,2017,71699,1,largest_attachment_fallback,"[{'path': 'data\\raw\\dfp\\005258\\2017\\notas_explicativas.pdf', 'original_filename': 'C:\\CVM\\EmpresasNet\\Temp\\files\\00123816530000000000000000.pdf.pdf', 'size_bytes': 931254}]",RAIA DROGASIL S.A.,
5258,2018,80909,1,largest_attachment_fallback,"[{'path': 'data\\raw\\dfp\\005258\\2018\\notas_explicativas.pdf', 'original_filename': 'C:\\CVM\\EmpresasNetV14000\\Temp\\files\\00122616530000000000000000.PDF.pdf', 'size_bytes': 1069059}]",RAIA DROGASIL S.A.,
5258,2019,91098,1,largest_attachment_fallback,"[{'path': 'data\\raw\\dfp\\005258\\2019\\notas_explicativas.pdf', 'original_filename': 'C:\\CVM\\EmpresasNetV15002\\Temp\\files\\00122804120000000000000000.pdf.pdf', 'size_bytes': 1282544}]",RAIA DROGASIL S.A.,
5258,2020,100794,1,largest_attachment_fallback,"[{'path': 'data\\raw\\dfp\\005258\\2020\\notas_explicativas.pdf', 'original_filename': 'C:\\CVM\\EmpresasNetV17000\\Temp\\files\\00124004120000000000000000.pdf.pdf', 'size_bytes': 1441210}]",RAIA DROGASIL S.A.,
5258,2021,111945,1,notes_filename_match,"[{'path': 'data\\raw\\dfp\\005258\\2021\\notas_explicativas.pdf', 'original_filename': '2021_DFP - Notas Explicativas - Final.pdf', 'size_bytes': 2754913}]",RAIA DROGASIL S.A.,
5258,2022,123943,1,notes_filename_match,"[{'path': 'data\\raw\\dfp\\005258\\2022\\notas_explicativas.pdf', 'original_filename': '2022_DFP - Notas Explicativas_final (sem marcas)_.pdf', 'size_bytes': 2946493}]",RAIA DROGASIL S.A.,
5258,2023,134465,1,notes_filename_match,"[{'path': 'data\\raw\\dfp\\005258\\2023\\notas_explicativas.pdf', 'original_filename': '2023_DFP - Notas Explicativas_final (sem marcas).pdf', 'size_bytes': 2947364}]",RAIA DROGASIL S.A.,
5258,2024,145584,1,notes_filename_match,"[{'path': 'data\\raw\\dfp\\005258\\2024\\notas_explicativas.pdf', 'original_filename': '2024_DFP - Notas Explicativas_Versão Final.pdf', 'size_bytes': 2968432}]",RAIA DROGASIL S.A.,
24821,2018,98605,1,largest_attachment_fallback,"[{'path': 'data\\raw\\dfp\\024821\\2018\\notas_explicativas.pdf', 'original_filename': 'C:\\\\Temp\\files\\00127716530000000000000000.pdf.pdf', 'size_bytes': 2148717}]",REDE D'OR SÃO LUIZ S.A.,
24821,2019,98628,1,largest_attachment_fallback,"[{'path': 'data\\raw\\dfp\\024821\\2019\\notas_explicativas.pdf', 'original_filename': 'C:\\CVM\\EmpresasNetV16000\\Temp\\files\\00124816530000000000000000.pdf.pdf', 'size_bytes': 878719}]",REDE D'OR SÃO LUIZ S.A.,
24821,2020,100425,1,largest_attachment_fallback,"[{'path': 'data\\raw\\dfp\\024821\\2020\\notas_explicativas.pdf', 'original_filename': 'C:\\CVM\\EmpresasNetV17000\\Temp\\files\\00122804120000000000000000.pdf.pdf', 'size_bytes': 627441}]",REDE D'OR SÃO LUIZ S.A.,
24821,2021,113201,1,largest_attachment_fallback,"[{'path': 'data\\raw\\dfp\\024821\\2021\\notas_explicativas.pdf', 'original_filename': 'NE RDSL 31.12.2021.pdf', 'size_bytes': 694667}]",REDE D'OR SÃO LUIZ S.A.,
24821,2022,124654,1,largest_attachment_fallback,"[{'path': 'data\\raw\\dfp\\024821\\2022\\notas_explicativas.pdf', 'original_filename': 'DF - Rede Dor 31.12.2022_VFinal (NEs).pdf', 'size_bytes': 742946}]",REDE D'OR SÃO LUIZ S.A.,
24821,2023,135176,1,notes_filename_match,"[{'path': 'data\\raw\\dfp\\024821\\2023\\notas_explicativas.pdf', 'original_filename': 'Notas explicativas.pdf', 'size_bytes': 2540939}]",REDE D'OR SÃO LUIZ S.A.,
24821,2024,145268,1,notes_filename_match,"[{'path': 'data\\raw\\dfp\\024821\\2024\\notas_explicativas.pdf', 'original_filename': 'Notas Explicativas.pdf', 'size_bytes': 1644390}]",REDE D'OR SÃO LUIZ S.A.,
17450,2015,54674,1,largest_attachment_fallback,"[{'path': 'data\\raw\\dfp\\017450\\2015\\notas_explicativas.pdf', 'original_filename': 'C:\\EMPRESASNET\\DISCO1\\Temp\\files\\00121416530000000000000000.pdf.pdf', 'size_bytes': 900226}]",RUMO S.A.,
17450,2016,62624,1,largest_attachment_fallback,"[{'path': 'data\\raw\\dfp\\017450\\2016\\notas_explicativas.pdf', 'original_filename': 'C:\\CVM\\EmpresasNet 10\\Temp\\files\\00122304120000000000000000.pdf.pdf', 'size_bytes': 642790}]",RUMO S.A.,
17450,2017,71838,1,largest_attachment_fallback,"[{'path': 'data\\raw\\dfp\\017450\\2017\\notas_explicativas.pdf', 'original_filename': 'C:\\CVM\\EmpresasNet\\Temp\\files\\00123716530000000000000000.pdf.pdf', 'size_bytes': 1043665}]",RUMO S.A.,
17450,2018,80645,1,largest_attachment_fallback,"[{'path': 'data\\raw\\dfp\\017450\\2018\\notas_explicativas.pdf', 'original_filename': 'C:\\CVM\\EmpresasNetV14000\\Temp\\files\\00121404120000000000000000.pdf.pdf', 'size_bytes': 565915}]",RUMO S.A.,
17450,2019,90947,1,largest_attachment_fallback,"[{'path': 'data\\raw\\dfp\\017450\\2019\\notas_explicativas.pdf', 'original_filename': 'C:\\CVM\\EmpresasNetV15002\\Temp\\files\\00122616530000000000000000.pdf.pdf', 'size_bytes': 1189063}]",RUMO S.A.,
17450,2020,105707,1,largest_attachment_fallback,"[{'path': 'data\\raw\\dfp\\017450\\2020\\notas_explicativas.pdf', 'original_filename': 'C:\\CVM\\EmpresasNetV17000\\Temp\\files\\00122004120000000000000000.pdf.pdf', 'size_bytes': 694686}]",RUMO S.A.,
17450,2021,111861,1,notes_filename_match,"[{'path': 'data\\raw\\dfp\\017450\\2021\\notas_explicativas.pdf', 'original_filename': 'Rumo - Nota explicativa.pdf', 'size_bytes': 1421171}]",RUMO S.A.,
17450,2022,123564,1,largest_attachment_fallback,"[{'path': 'data\\raw\\dfp\\017450\\2022\\notas_explicativas.pdf', 'original_filename': 'Notas Rumo SA - 4ITR22.pdf', 'size_bytes': 1421245}]",RUMO S.A.,
17450,2023,135221,1,largest_attachment_fallback,"[{'path': 'data\\raw\\dfp\\017450\\2023\\notas_explicativas.pdf', 'original_filename': 'NE Rumo S.pdf', 'size_bytes': 838545}]",RUMO S.A.,
17450,2024,144902,1,largest_attachment_fallback,"[{'path': 'data\\raw\\dfp\\017450\\2024\\notas_explicativas.pdf', 'original_filename': 'NE Rumo S.A.pdf', 'size_bytes': 1966095}]",RUMO S.A.,
25372,2019,99878,1,largest_attachment_fallback,"[{'path': 'data\\raw\\dfp\\025372\\2019\\notas_explicativas.pdf', 'original_filename': 'C:\\CVM\\EmpresasNetV17000\\Temp\\files\\00121904120000000000000000.pdf.pdf', 'size_bytes': 399928}]",SENDAS DISTRIBUIDORA S.A.,
25372,2020,100574,1,largest_attachment_fallback,"[{'path': 'data\\raw\\dfp\\025372\\2020\\notas_explicativas.pdf', 'original_filename': 'C:\\CVM\\EmpresasNetV17000\\Temp\\files\\00124516530000000000000000.pdf.pdf', 'size_bytes': 3655343}]",SENDAS DISTRIBUIDORA S.A.,
25372,2021,111903,1,notes_filename_match,"[{'path': 'data\\raw\\dfp\\025372\\2021\\notas_explicativas.pdf', 'original_filename': 'SENDAS DISTRIBUIDORAS_NE DFP 2021. Notas Explicativas EmpresasNET 21.02.2022.pdf', 'size_bytes': 707946}]",SENDAS DISTRIBUIDORA S.A.,
25372,2022,123557,1,statements_filename_match,"[{'path': 'data\\raw\\dfp\\025372\\2022\\notas_explicativas.pdf', 'original_filename': 'SENDAS DISTRIBUIDORAS_NE DFP 2022_NEs.pdf', 'size_bytes': 345186}]",SENDAS DISTRIBUIDORA S.A.,
25372,2023,134159,1,statements_filename_match,"[{'path': 'data\\raw\\dfp\\025372\\2023\\notas_explicativas.pdf', 'original_filename': 'SENDAS DISTRIBUIDORAS_NE DFP 2023_NEs.pdf', 'size_bytes': 3294059}]",SENDAS DISTRIBUIDORA S.A.,
25372,2024,144897,1,statements_filename_match,"[{'path': 'data\\raw\\dfp\\025372\\2024\\notas_explicativas.pdf', 'original_filename': 'SENDAS DISTRIBUIDORAS_NE DFP 2024 Notas.pdf', 'size_bytes': 4467240}]",SENDAS DISTRIBUIDORA S.A.,
20745,2015,53951,1,largest_attachment_fallback,"[{'path': 'data\\raw\\dfp\\020745\\2015\\notas_explicativas.pdf', 'original_filename': 'C:\\CVM\\EmpresasNet\\Temp\\files\\00122516530000000000000000.pdf.pdf', 'size_bytes': 2292733}]",SLC AGRICOLA S.A.,
20745,2016,63591,1,largest_attachment_fallback,"[{'path': 'data\\raw\\dfp\\020745\\2016\\notas_explicativas.pdf', 'original_filename': 'C:\\CVM\\EmpresasNet\\Temp\\files\\00122916530000000000000000.pdf.pdf', 'size_bytes': 5377678}]",SLC AGRICOLA S.A.,
20745,2017,72071,1,largest_attachment_fallback,"[{'path': 'data\\raw\\dfp\\020745\\2017\\notas_explicativas.pdf', 'original_filename': 'C:\\CVM\\EmpresasNet\\Temp\\files\\00133616530000000000000000.pdf.pdf', 'size_bytes': 3018408}]",SLC AGRICOLA S.A.,
20745,2018,81179,1,largest_attachment_fallback,"[{'path': 'data\\raw\\dfp\\020745\\2018\\notas_explicativas.pdf', 'original_filename': 'C:\\CVM\\EmpresasNetV14000\\Temp\\files\\00122116530000000000000000.pdf.pdf', 'size_bytes': 4039043}]",SLC AGRICOLA S.A.,
20745,2019,91857,1,largest_attachment_fallback,"[{'path': 'data\\raw\\dfp\\020745\\2019\\notas_explicativas.pdf', 'original_filename': 'C:\\CVM\\EmpresasNetV15002\\Temp\\files\\00122916530000000000000000.pdf.pdf', 'size_bytes': 4967043}]",SLC AGRICOLA S.A.,
20745,2020,101024,1,largest_attachment_fallback,"[{'path': 'data\\raw\\dfp\\020745\\2020\\notas_explicativas.pdf', 'original_filename': 'C:\\CVM\\EmpresasNetV17000\\Temp\\files\\00121704120000000000000000.pdf.pdf', 'size_bytes': 1592076}]",SLC AGRICOLA S.A.,
20745,2021,112563,1,notes_filename_match,"[{'path': 'data\\raw\\dfp\\020745\\2021\\notas_explicativas.pdf', 'original_filename': '4Q2021_SLC Agrícola - Notas Explicativas - Português - VDG FUP VDG GG WS - 15.03_IFRS - V. FINAL.pdf', 'size_bytes': 984528}]",SLC AGRICOLA S.A.,
20745,2022,124878,1,notes_filename_match,"[{'path': 'data\\raw\\dfp\\020745\\2022\\notas_explicativas.pdf', 'original_filename': 'SLC Agrícola - Notas Explicativas.pdf', 'size_bytes': 883735}]",SLC AGRICOLA S.A.,
20745,2023,135676,1,notes_filename_match,"[{'path': 'data\\raw\\dfp\\020745\\2023\\notas_explicativas.pdf', 'original_filename': '4Q2023_SLC Agrícola - Notas Explicativas - Português Versão Final CVM.pdf', 'size_bytes': 962201}]",SLC AGRICOLA S.A.,
20745,2024,145742,1,statements_filename_match,"[{'path': 'data\\raw\\dfp\\020745\\2024\\notas_explicativas.pdf', 'original_filename': 'Demonstrações Financeiras 12.2024_CVM1203.pdf', 'size_bytes': 877176}]",SLC AGRICOLA S.A.,
24260,2016,75642,1,largest_attachment_fallback,"[{'path': 'data\\raw\\dfp\\024260\\2016\\notas_explicativas.pdf', 'original_filename': 'C:\\CVM\\EmpresasNetV13\\Temp\\files\\00122004120000000000000000.docx.pdf', 'size_bytes': 1075624}]",SMARTFIT ESCOLA DE GINÁSTICA E DANÇA S.A.,
24260,2017,75645,1,largest_attachment_fallback,"[{'path': 'data\\raw\\dfp\\024260\\2017\\notas_explicativas.pdf', 'original_filename': 'C:\\CVM\\EmpresasNetV13\\Temp\\files\\00121804120000000000000000.docx.pdf', 'size_bytes': 995860}]",SMARTFIT ESCOLA DE GINÁSTICA E DANÇA S.A.,
24260,2018,81919,1,largest_attachment_fallback,"[{'path': 'data\\raw\\dfp\\024260\\2018\\notas_explicativas.pdf', 'original_filename': 'C:\\CVM\\EmpresasNetV14000\\Temp\\files\\00122516530000000000000000.pdf.pdf', 'size_bytes': 1006768}]",SMARTFIT ESCOLA DE GINÁSTICA E DANÇA S.A.,
24260,2019,92226,1,largest_attachment_fallback,"[{'path': 'data\\raw\\dfp\\024260\\2019\\notas_explicativas.pdf', 'original_filename': 'C:\\CVM\\EmpresasNetV15002\\Temp\\files\\00121904120000000000000000.pdf.pdf', 'size_bytes': 495480}]",SMARTFIT ESCOLA DE GINÁSTICA E DANÇA S.A.,
24260,2020,102210,1,largest_attachment_fallback,"[{'path': 'data\\raw\\dfp\\024260\\2020\\notas_explicativas.pdf', 'original_filename': 'C:\\CVM\\EmpresasNetV17000\\Temp\\files\\00121704120000000000000000.pdf.pdf', 'size_bytes': 967285}]",SMARTFIT ESCOLA DE GINÁSTICA E DANÇA S.A.,
24260,2021,112627,1,largest_attachment_fallback,"[{'path': 'data\\raw\\dfp\\024260\\2021\\notas_explicativas.pdf', 'original_filename': 'Smartfit - ITR Dez-21_VF.pdf', 'size_bytes': 2312631}]",SMARTFIT ESCOLA DE GINÁSTICA E DANÇA S.A.,
24260,2022,127471,1,largest_attachment_fallback,"[{'path': 'data\\raw\\dfp\\024260\\2022\\notas_explicativas.pdf', 'original_filename': 'Smartfit - DF Dez-22_V5.pdf', 'size_bytes': 2331121}]",SMARTFIT ESCOLA DE GINÁSTICA E DANÇA S.A.,
24260,2023,134731,1,largest_attachment_fallback,"[{'path': 'data\\raw\\dfp\\024260\\2023\\notas_explicativas.pdf', 'original_filename': 'Smartfit - DF Dez-23_v8.pdf', 'size_bytes': 2668988}]",SMARTFIT ESCOLA DE GINÁSTICA E DANÇA S.A.,
24260,2024,145357,1,largest_attachment_fallback,"[{'path': 'data\\raw\\dfp\\024260\\2024\\notas_explicativas.pdf', 'original_filename': 'Smartfit - DF Dez-24_v5.pdf', 'size_bytes': 2949682}]",SMARTFIT ESCOLA DE GINÁSTICA E DANÇA S.A.,
13986,2015,53473,1,largest_attachment_fallback,"[{'path': 'data\\raw\\dfp\\013986\\2015\\notas_explicativas.pdf', 'original_filename': 'C:\\Program Files (x86)\\CVM\\EmpresasNet\\Temp\\files\\00120704120000000000000000.pdf.pdf', 'size_bytes': 469339}]",SUZANO S.A.,
13986,2016,62391,1,largest_attachment_fallback,"[{'path': 'data\\raw\\dfp\\013986\\2016\\notas_explicativas.pdf', 'original_filename': 'C:\\Program Files (x86)\\CVM\\EmpresasNet\\Temp\\files\\00125404130000000000000000.pdf.pdf', 'size_bytes': 1200610}]",SUZANO S.A.,
13986,2017,71458,1,largest_attachment_fallback,"[{'path': 'data\\raw\\dfp\\013986\\2017\\notas_explicativas.pdf', 'original_filename': 'C:\\Program Files (x86)\\CVM\\EmpresasNet\\Temp\\files\\00122204120000000000000000.pdf.pdf', 'size_bytes': 943225}]",SUZANO S.A.,
13986,2018,80820,1,largest_attachment_fallback,"[{'path': 'data\\raw\\dfp\\013986\\2018\\notas_explicativas.pdf', 'original_filename': 'C:\\CVM\\EmpresasNetV14000\\Temp\\files\\00122304120000000000000000.pdf.pdf', 'size_bytes': 911188}]",SUZANO S.A.,
13986,2019,90915,1,largest_attachment_fallback,"[{'path': 'data\\raw\\dfp\\013986\\2019\\notas_explicativas.pdf', 'original_filename': 'C:\\CVM\\EmpresasNetV15002\\Temp\\files\\00121204120000000000000000.pdf.pdf', 'size_bytes': 1021496}]",SUZANO S.A.,
13986,2020,100089,1,largest_attachment_fallback,"[{'path': 'data\\raw\\dfp\\013986\\2020\\notas_explicativas.pdf', 'original_filename': 'C:\\CVM\\EmpresasNetV17000\\Temp\\files\\00122004120000000000000000.pdf.pdf', 'size_bytes': 2246700}]",SUZANO S.A.,
13986,2021,111671,1,notes_filename_match,"[{'path': 'data\\raw\\dfp\\013986\\2021\\notas_explicativas.pdf', 'original_filename': '2021-12-DFP2021-PT_BOVESPA_09.02.2022_V7_FINAL_LIMPA_Notas explicativas.pdf', 'size_bytes': 2046717}]",SUZANO S.A.,
13986,2022,123757,1,notes_filename_match,"[{'path': 'data\\raw\\dfp\\013986\\2022\\notas_explicativas.pdf', 'original_filename': '2022-12-DFP-PT_BOVESPA_RI_24.02.2023_V8_FINAL_Clean_Notas explicativas2.pdf', 'size_bytes': 2283432}]",SUZANO S.A.,
13986,2023,134318,1,notes_filename_match,"[{'path': 'data\\raw\\dfp\\013986\\2023\\notas_explicativas.pdf', 'original_filename': '2023-12-DFP Suzano PT_notas explicativas.pdf', 'size_bytes': 2106607}]",SUZANO S.A.,
13986,2024,144744,1,largest_attachment_fallback,"[{'path': 'data\\raw\\dfp\\013986\\2024\\notas_explicativas.pdf', 'original_filename': '2024-12-ITR Suzano PT_NEs_v1.pdf', 'size_bytes': 1825759}]",SUZANO S.A.,
17671,2015,53605,1,largest_attachment_fallback,"[{'path': 'data\\raw\\dfp\\017671\\2015\\notas_explicativas.pdf', 'original_filename': 'C:\\CVM\\EmpresasNet\\Temp\\files\\00121604120000000000000000.pdf.pdf', 'size_bytes': 2294121}]",TELEFÔNICA BRASIL S.A,
17671,2016,62682,1,largest_attachment_fallback,"[{'path': 'data\\raw\\dfp\\017671\\2016\\notas_explicativas.pdf', 'original_filename': 'C:\\CVM\\EmpresasNet\\Temp\\files\\00122404120000000000000000.pdf.pdf', 'size_bytes': 2413588}]",TELEFÔNICA BRASIL S.A,
17671,2017,71637,1,largest_attachment_fallback,"[{'path': 'data\\raw\\dfp\\017671\\2017\\notas_explicativas.pdf', 'original_filename': 'C:\\\\Temp\\files\\00122104120000000000000000.pdf.pdf', 'size_bytes': 2337292}]",TELEFÔNICA BRASIL S.A,
17671,2018,80760,1,largest_attachment_fallback,"[{'path': 'data\\raw\\dfp\\017671\\2018\\notas_explicativas.pdf', 'original_filename': 'C:\\CVM\\EmpresasNetV14000\\Temp\\files\\00121504120000000000000000.pdf.pdf', 'size_bytes': 2301866}]",TELEFÔNICA BRASIL S.A,
17671,2019,91063,1,largest_attachment_fallback,"[{'path': 'data\\raw\\dfp\\017671\\2019\\notas_explicativas.pdf', 'original_filename': 'C:\\CVM\\EmpresasNetV15002\\Temp\\files\\00122004120000000000000000.pdf.pdf', 'size_bytes': 2296981}]",TELEFÔNICA BRASIL S.A,
17671,2020,100383,1,largest_attachment_fallback,"[{'path': 'data\\raw\\dfp\\017671\\2020\\notas_explicativas.pdf', 'original_filename': 'C:\\CVM\\EmpresasNetV17000\\Temp\\files\\00122804120000000000000000.pdf.pdf', 'size_bytes': 1071854}]",TELEFÔNICA BRASIL S.A,
17671,2021,111940,1,largest_attachment_fallback,"[{'path': 'data\\raw\\dfp\\017671\\2021\\notas_explicativas.pdf', 'original_filename': 'Dez21TBRANEsCVM.pdf', 'size_bytes': 1414307}]",TELEFÔNICA BRASIL S.A,
17671,2022,123623,1,largest_attachment_fallback,"[{'path': 'data\\raw\\dfp\\017671\\2022\\notas_explicativas.pdf', 'original_filename': 'Dez-22 TBRASIL_NEs_CVM.pdf', 'size_bytes': 3207180}]",TELEFÔNICA BRASIL S.A,
17671,2023,134135,1,largest_attachment_fallback,"[{'path': 'data\\raw\\dfp\\017671\\2023\\notas_explicativas.pdf', 'original_filename': 'V1.pdf', 'size_bytes': 3812318}]",TELEFÔNICA BRASIL S.A,
17671,2024,145006,1,largest_attachment_fallback,"[{'path': 'data\\raw\\dfp\\017671\\2024\\notas_explicativas.pdf', 'original_filename': 'Dez_24_NEs_TBRASIL_CVM.pdf', 'size_bytes': 3812418}]",TELEFÔNICA BRASIL S.A,
24929,2018,88961,1,largest_attachment_fallback,"[{'path': 'data\\raw\\dfp\\024929\\2018\\notas_explicativas.pdf', 'original_filename': 'C:\\CVM\\EmpresasNetV15002\\Temp\\files\\00121304120000000000000000.pdf.pdf', 'size_bytes': 1127754}]",TIM S.A.,
24929,2019,91425,1,largest_attachment_fallback,"[{'path': 'data\\raw\\dfp\\024929\\2019\\notas_explicativas.pdf', 'original_filename': 'C:\\CVM\\EmpresasNetV15002\\Temp\\files\\00122404120000000000000000.pdf.pdf', 'size_bytes': 1243853}]",TIM S.A.,
24929,2020,100058,1,largest_attachment_fallback,"[{'path': 'data\\raw\\dfp\\024929\\2020\\notas_explicativas.pdf', 'original_filename': 'C:\\CVM\\EmpresasNetV17000\\Temp\\files\\00122804120000000000000000.pdf.pdf', 'size_bytes': 1405862}]",TIM S.A.,
24929,2021,112106,1,largest_attachment_fallback,"[{'path': 'data\\raw\\dfp\\024929\\2021\\notas_explicativas.pdf', 'original_filename': 'TIM S.A_4Q2021_final_CVM.pdf', 'size_bytes': 1406225}]",TIM S.A.,
24929,2022,123456,1,largest_attachment_fallback,"[{'path': 'data\\raw\\dfp\\024929\\2022\\notas_explicativas.pdf', 'original_filename': 'TIM S.A_2022_CVM.pdf', 'size_bytes': 1754727}]",TIM S.A.,
24929,2023,133877,1,largest_attachment_fallback,"[{'path': 'data\\raw\\dfp\\024929\\2023\\notas_explicativas.pdf', 'original_filename': 'TIM S.A_2023_CVM.pdf', 'size_bytes': 1797815}]",TIM S.A.,
24929,2024,144695,1,largest_attachment_fallback,"[{'path': 'data\\raw\\dfp\\024929\\2024\\notas_explicativas.pdf', 'original_filename': 'TIM S.A_2024_CVM.pdf', 'size_bytes': 1602812}]",TIM S.A.,
19992,2015,54126,1,largest_attachment_fallback,"[{'path': 'data\\raw\\dfp\\019992\\2015\\notas_explicativas.pdf', 'original_filename': 'C:\\Program Files (x86)\\CVM\\EmpresasNet\\Temp\\files\\00122104120000000000000000.pdf.pdf', 'size_bytes': 1732513}]",TOTVS S.A.,
19992,2016,62713,1,largest_attachment_fallback,"[{'path': 'data\\raw\\dfp\\019992\\2016\\notas_explicativas.pdf', 'original_filename': 'C:\\EmpresasNet\\Temp\\files\\00122804120000000000000000.pdf.pdf', 'size_bytes': 1777262}]",TOTVS S.A.,
19992,2017,71390,1,largest_attachment_fallback,"[{'path': 'data\\raw\\dfp\\019992\\2017\\notas_explicativas.pdf', 'original_filename': 'C:\\CVMv12\\Temp\\files\\00122504120000000000000000.pdf.pdf', 'size_bytes': 1727484}]",TOTVS S.A.,
19992,2018,80641,1,largest_attachment_fallback,"[{'path': 'data\\raw\\dfp\\019992\\2018\\notas_explicativas.pdf', 'original_filename': 'C:\\CVM\\EmpresasNetV14000\\Temp\\files\\00121804120000000000000000.pdf.pdf', 'size_bytes': 1998168}]",TOTVS S.A.,
19992,2019,90914,1,largest_attachment_fallback,"[{'path': 'data\\raw\\dfp\\019992\\2019\\notas_explicativas.pdf', 'original_filename': 'C:\\CVM\\EmpresasNetV15002\\Temp\\files\\00121104120000000000000000.pdf.pdf', 'size_bytes': 1992660}]",TOTVS S.A.,
19992,2020,111812,1,notes_filename_match,"[{'path': 'data\\raw\\dfp\\019992\\2020\\notas_explicativas.pdf', 'original_filename': 'Notas explicativas DFP reapresent FINAL.pdf', 'size_bytes': 2175849}]",TOTVS S.A.,
19992,2021,111818,1,largest_attachment_fallback,"[{'path': 'data\\raw\\dfp\\019992\\2021\\notas_explicativas.pdf', 'original_filename': 'NOTAS_14_02.pdf', 'size_bytes': 698639}]",TOTVS S.A.,
19992,2022,123527,1,largest_attachment_fallback,"[{'path': 'data\\raw\\dfp\\019992\\2022\\notas_explicativas.pdf', 'original_filename': 'NOTAS 14_02.pdf', 'size_bytes': 1601462}]",TOTVS S.A.,
19992,2023,133904,1,largest_attachment_fallback,"[{'path': 'data\\raw\\dfp\\019992\\2023\\notas_explicativas.pdf', 'original_filename': 'NE Enet - FINAL.pdf', 'size_bytes': 570821}]",TOTVS S.A.,
19992,2024,144748,1,largest_attachment_fallback,"[{'path': 'data\\raw\\dfp\\019992\\2024\\notas_explicativas.pdf', 'original_filename': 'NE Enet final 11.02.25 19h45.pdf', 'size_bytes': 1608412}]",TOTVS S.A.,
20257,2015,54034,1,largest_attachment_fallback,"[{'path': 'data\\raw\\dfp\\020257\\2015\\notas_explicativas.pdf', 'original_filename': 'C:\\CVM\\EmpresasNet\\Temp\\files\\00138604120000000000000000.pdf.pdf', 'size_bytes': 2035859}]",TRANSMISSORA ALIANÇA DE ENERGIA ELÉTRICA S.A.,
20257,2016,63089,1,largest_attachment_fallback,"[{'path': 'data\\raw\\dfp\\020257\\2016\\notas_explicativas.pdf', 'original_filename': 'C:\\CVM\\EmpresasNet\\Temp\\files\\00010904120000000000000000.pdf.pdf', 'size_bytes': 1420062}]",TRANSMISSORA ALIANÇA DE ENERGIA ELÉTRICA S.A.,
20257,2017,74904,1,largest_attachment_fallback,"[{'path': 'data\\raw\\dfp\\020257\\2017\\notas_explicativas.pdf', 'original_filename': 'C:\\CVM\\EmpresasNetV13\\Temp\\files\\00121304120000000000000000.pdf.pdf', 'size_bytes': 2124531}]",TRANSMISSORA ALIANÇA DE ENERGIA ELÉTRICA S.A.,
20257,2018,82172,1,largest_attachment_fallback,"[{'path': 'data\\raw\\dfp\\020257\\2018\\notas_explicativas.pdf', 'original_filename': 'C:\\CVM\\EmpresasNetV13004\\Temp\\files\\00121204120000000000000000.pdf.pdf', 'size_bytes': 2414957}]",TRANSMISSORA ALIANÇA DE ENERGIA ELÉTRICA S.A.,
20257,2019,91546,1,largest_attachment_fallback,"[{'path': 'data\\raw\\dfp\\020257\\2019\\notas_explicativas.pdf', 'original_filename': 'C:\\CVM\\EmpresasNetV16000\\Temp\\files\\00121204120000000000000000.pdf.pdf', 'size_bytes': 1439282}]",TRANSMISSORA ALIANÇA DE ENERGIA ELÉTRICA S.A.,
20257,2020,100641,1,largest_attachment_fallback,"[{'path': 'data\\raw\\dfp\\020257\\2020\\notas_explicativas.pdf', 'original_filename': 'C:\\CVM\\EmpresasNetV17000\\Temp\\files\\00122404120000000000000000.pdf.pdf', 'size_bytes': 2547917}]",TRANSMISSORA ALIANÇA DE ENERGIA ELÉTRICA S.A.,
20257,2021,111877,1,largest_attachment_fallback,"[{'path': 'data\\raw\\dfp\\020257\\2021\\notas_explicativas.pdf', 'original_filename': 'C:\\CVM\\EmpresasNetV17001\\Temp\\files\\00122004120000000000000000.pdf.pdf', 'size_bytes': 2031366}]",TRANSMISSORA ALIANÇA DE ENERGIA ELÉTRICA S.A.,
20257,2022,124208,1,notes_filename_match,"[{'path': 'data\\raw\\dfp\\020257\\2022\\notas_explicativas.pdf', 'original_filename': 'Notas explicativas Taesa 31.12.2022 15.03 V4.pdf', 'size_bytes': 1765421}]",TRANSMISSORA ALIANÇA DE ENERGIA ELÉTRICA S.A.,
20257,2023,134502,1,largest_attachment_fallback,"[{'path': 'data\\raw\\dfp\\020257\\2023\\notas_explicativas.pdf', 'original_filename': 'DF 2023 TAESA 06.03.pdf', 'size_bytes': 1844493}]",TRANSMISSORA ALIANÇA DE ENERGIA ELÉTRICA S.A.,
20257,2024,145522,1,largest_attachment_fallback,"[{'path': 'data\\raw\\dfp\\020257\\2024\\notas_explicativas.pdf', 'original_filename': 'Taesa DF 2024 final - Copia.pdf', 'size_bytes': 2226517}]",TRANSMISSORA ALIANÇA DE ENERGIA ELÉTRICA S.A.,
18465,2015,53442,1,largest_attachment_fallback,"[{'path': 'data\\raw\\dfp\\018465\\2015\\notas_explicativas.pdf', 'original_filename': 'C:\\CVM\\EmpresasNet\\Temp\\files\\00121804120000000000000000.pdf.pdf', 'size_bytes': 1137482}]",ULTRAPAR PARTICIPACOES S.A.,
18465,2016,62729,1,largest_attachment_fallback,"[{'path': 'data\\raw\\dfp\\018465\\2016\\notas_explicativas.pdf', 'original_filename': 'C:\\CVM\\EmpresasNet\\Temp\\files\\00123904120000000000000000.pdf.pdf', 'size_bytes': 1004210}]",ULTRAPAR PARTICIPACOES S.A.,
18465,2017,71663,1,largest_attachment_fallback,"[{'path': 'data\\raw\\dfp\\018465\\2017\\notas_explicativas.pdf', 'original_filename': 'C:\\CVM\\EmpresasNet\\Temp\\files\\00124804120000000000000000.pdf.pdf', 'size_bytes': 1044635}]",ULTRAPAR PARTICIPACOES S.A.,
18465,2018,80786,1,largest_attachment_fallback,"[{'path': 'data\\raw\\dfp\\018465\\2018\\notas_explicativas.pdf', 'original_filename': 'C:\\CVM\\EmpresasNetV14000\\Temp\\files\\00121904120000000000000000.pdf.pdf', 'size_bytes': 1231695}]",ULTRAPAR PARTICIPACOES S.A.,
18465,2019,91597,1,largest_attachment_fallback,"[{'path': 'data\\raw\\dfp\\018465\\2019\\notas_explicativas.pdf', 'original_filename': 'C:\\CVM\\EmpresasNetV15002\\Temp\\files\\00122304120000000000000000.pdf.pdf', 'size_bytes': 1626534}]",ULTRAPAR PARTICIPACOES S.A.,
18465,2020,100462,1,largest_attachment_fallback,"[{'path': 'data\\raw\\dfp\\018465\\2020\\notas_explicativas.pdf', 'original_filename': 'C:\\CVM\\EmpresasNetV17000\\Temp\\files\\00122304120000000000000000.pdf.pdf', 'size_bytes': 2657770}]",ULTRAPAR PARTICIPACOES S.A.,
18465,2021,112109,1,statements_filename_match,"[{'path': 'data\\raw\\dfp\\018465\\2021\\notas_explicativas.pdf', 'original_filename': 'Guidance - DFP.pdf', 'size_bytes': 96361}]",ULTRAPAR PARTICIPACOES S.A.,
18465,2022,123567,1,notes_filename_match,"[{'path': 'data\\raw\\dfp\\018465\\2022\\notas_explicativas.pdf', 'original_filename': 'Notas explicativas.pdf', 'size_bytes': 674027}]",ULTRAPAR PARTICIPACOES S.A.,
18465,2023,134329,1,largest_attachment_fallback,"[{'path': 'data\\raw\\dfp\\018465\\2023\\notas_explicativas.pdf', 'original_filename': 'Ultrapar Participações 31.12.2023 - (FINAL) - CVM.pdf', 'size_bytes': 2076147}]",ULTRAPAR PARTICIPACOES S.A.,
18465,2024,145073,1,largest_attachment_fallback,"[{'path': 'data\\raw\\dfp\\018465\\2024\\notas_explicativas.pdf', 'original_filename': 'Ultrapar Participações 31.12.2024 (BOOK CVM).pdf', 'size_bytes': 2299150}]",ULTRAPAR PARTICIPACOES S.A.,
14320,2015,53450,1,largest_attachment_fallback,"[{'path': 'data\\raw\\dfp\\014320\\2015\\notas_explicativas.pdf', 'original_filename': 'C:\\CVM\\EmpresasNet\\Temp\\files\\00123204120000000000000000.pdf.pdf', 'size_bytes': 4023740}]",USINAS SID DE MINAS GERAIS S.A.-USIMINAS,
14320,2016,62585,1,largest_attachment_fallback,"[{'path': 'data\\raw\\dfp\\014320\\2016\\notas_explicativas.pdf', 'original_filename': 'C:\\CVM\\EmpresasNet\\Temp\\files\\00123904120000000000000000.pdf.pdf', 'size_bytes': 1870333}]",USINAS SID DE MINAS GERAIS S.A.-USIMINAS,
14320,2017,71440,1,largest_attachment_fallback,"[{'path': 'data\\raw\\dfp\\014320\\2017\\notas_explicativas.pdf', 'original_filename': 'C:\\CVM\\EmpresasNet\\Temp\\files\\00124604120000000000000000.pdf.pdf', 'size_bytes': 478367}]",USINAS SID DE MINAS GERAIS S.A.-USIMINAS,
14320,2018,80692,1,largest_attachment_fallback,"[{'path': 'data\\raw\\dfp\\014320\\2018\\notas_explicativas.pdf', 'original_filename': 'C:\\CVM\\EmpresasNetV14000\\Temp\\files\\00122204120000000000000000.pdf.pdf', 'size_bytes': 1875581}]",USINAS SID DE MINAS GERAIS S.A.-USIMINAS,
14320,2019,90949,1,largest_attachment_fallback,"[{'path': 'data\\raw\\dfp\\014320\\2019\\notas_explicativas.pdf', 'original_filename': 'C:\\CVM\\EmpresasNetV15002\\Temp\\files\\00122904120000000000000000.pdf.pdf', 'size_bytes': 1898317}]",USINAS SID DE MINAS GERAIS S.A.-USIMINAS,
14320,2020,100148,1,largest_attachment_fallback,"[{'path': 'data\\raw\\dfp\\014320\\2020\\notas_explicativas.pdf', 'original_filename': 'C:\\CVM\\EmpresasNetV17000\\Temp\\files\\00122404120000000000000000.pdf.pdf', 'size_bytes': 1866114}]",USINAS SID DE MINAS GERAIS S.A.-USIMINAS,
14320,2021,111713,1,notes_filename_match,"[{'path': 'data\\raw\\dfp\\014320\\2021\\notas_explicativas.pdf', 'original_filename': 'Notas explicativas_2021.pdf', 'size_bytes': 1482238}]",USINAS SID DE MINAS GERAIS S.A.-USIMINAS,
14320,2022,123467,1,notes_filename_match,"[{'path': 'data\\raw\\dfp\\014320\\2022\\notas_explicativas.pdf', 'original_filename': 'Notas explicativas - DFs Usiminas_2022_V6_09022023.pdf', 'size_bytes': 1580938}]",USINAS SID DE MINAS GERAIS S.A.-USIMINAS,
14320,2023,144312,1,largest_attachment_fallback,"[{'path': 'data\\raw\\dfp\\014320\\2023\\notas_explicativas.pdf', 'original_filename': 'Notas_DFP_Usiminas_2023_reapresentação_português_finala.pdf', 'size_bytes': 1239647}]",USINAS SID DE MINAS GERAIS S.A.-USIMINAS,
14320,2024,144777,1,notes_filename_match,"[{'path': 'data\\raw\\dfp\\014320\\2024\\notas_explicativas.pdf', 'original_filename': 'Notas_explicativas_DFs Usiminas_2024_FINAL.pdf', 'size_bytes': 1230209}]",USINAS SID DE MINAS GERAIS S.A.-USIMINAS,
4170,2015,53612,1,largest_attachment_fallback,"[{'path': 'data\\raw\\dfp\\004170\\2015\\notas_explicativas.pdf', 'original_filename': 'C:\\CVM\\EmpresasNet\\Temp\\files\\00121604120000000000000000.pdf.pdf', 'size_bytes': 1905921}]",VALE S.A.,
4170,2016,62733,1,largest_attachment_fallback,"[{'path': 'data\\raw\\dfp\\004170\\2016\\notas_explicativas.pdf', 'original_filename': 'C:\\CVM\\EmpresasNet\\Temp\\files\\00121604120000000000000000.pdf.pdf', 'size_bytes': 2180563}]",VALE S.A.,
4170,2017,71834,1,largest_attachment_fallback,"[{'path': 'data\\raw\\dfp\\004170\\2017\\notas_explicativas.pdf', 'original_filename': 'C:\\CVM\\Temp\\files\\00121204120000000000000000.pdf.pdf', 'size_bytes': 3041008}]",VALE S.A.,
4170,2018,82269,1,largest_attachment_fallback,"[{'path': 'data\\raw\\dfp\\004170\\2018\\notas_explicativas.pdf', 'original_filename': 'C:\\CVM\\EmpresasNetV14000\\Temp\\files\\00121804120000000000000000.pdf.pdf', 'size_bytes': 1791596}]",VALE S.A.,
4170,2019,91294,1,largest_attachment_fallback,"[{'path': 'data\\raw\\dfp\\004170\\2019\\notas_explicativas.pdf', 'original_filename': 'C:\\CVM\\EmpresasNetV15002\\Temp\\files\\00121716530000000000000000.pdf.pdf', 'size_bytes': 1953199}]",VALE S.A.,
4170,2020,100475,1,largest_attachment_fallback,"[{'path': 'data\\raw\\dfp\\004170\\2020\\notas_explicativas.pdf', 'original_filename': 'C:\\CVM\\EmpresasNetV17000\\Temp\\files\\00122104120000000000000000.pdf.pdf', 'size_bytes': 2197105}]",VALE S.A.,
4170,2021,112054,1,largest_attachment_fallback,"[{'path': 'data\\raw\\dfp\\004170\\2021\\notas_explicativas.pdf', 'original_filename': 'DFP_BRGAAP_PT_final.pdf', 'size_bytes': 2454442}]",VALE S.A.,
4170,2022,123591,1,statements_filename_match,"[{'path': 'data\\raw\\dfp\\004170\\2022\\notas_explicativas.pdf', 'original_filename': 'Demonstrações financeiras 2022 - BRGAAP_DFP.pdf', 'size_bytes': 2772401}]",VALE S.A.,
4170,2023,134200,1,notes_filename_match,"[{'path': 'data\\raw\\dfp\\004170\\2023\\notas_explicativas.pdf', 'original_filename': 'Demonstrações financeiras BRGAAP PT - 2023 (notas explicativas).pdf', 'size_bytes': 2177799}]",VALE S.A.,
4170,2024,145455,1,notes_filename_match,"[{'path': 'data\\raw\\dfp\\004170\\2024\\notas_explicativas.pdf', 'original_filename': 'Notas explicativas - BRGAAP (19.02).pdf', 'size_bytes': 3391545}]",VALE S.A.,
24716,2018,80868,1,largest_attachment_fallback,"[{'path': 'data\\raw\\dfp\\024716\\2018\\notas_explicativas.pdf', 'original_filename': 'C:\\CVM\\EmpresasNetV14000\\Temp\\files\\00121504120000000000000000.pdf.pdf', 'size_bytes': 729965}]","VAMOS LOCAÇÃO DE CAMINHÕES, MÁQUINAS E EQUIPAMENTOS S.A.",
24716,2019,90678,1,largest_attachment_fallback,"[{'path': 'data\\raw\\dfp\\024716\\2019\\notas_explicativas.pdf', 'original_filename': 'C:\\CVM\\EmpresasNetV15002\\Temp\\files\\00121604120000000000000000.pdf.pdf', 'size_bytes': 1822538}]","VAMOS LOCAÇÃO DE CAMINHÕES, MÁQUINAS E EQUIPAMENTOS S.A.",
24716,2020,100435,1,largest_attachment_fallback,"[{'path': 'data\\raw\\dfp\\024716\\2020\\notas_explicativas.pdf', 'original_filename': 'C:\\CVM\\EmpresasNetV17000\\Temp\\files\\00122304120000000000000000.pdf.pdf', 'size_bytes': 1953308}]","VAMOS LOCAÇÃO DE CAMINHÕES, MÁQUINAS E EQUIPAMENTOS S.A.",
24716,2021,111855,1,notes_filename_match,"[{'path': 'data\\raw\\dfp\\024716\\2021\\notas_explicativas.pdf', 'original_filename': 'Notas explicativas Grupo Vamos.pdf', 'size_bytes': 2371140}]","VAMOS LOCAÇÃO DE CAMINHÕES, MÁQUINAS E EQUIPAMENTOS S.A.",
24716,2022,123501,1,notes_filename_match,"[{'path': 'data\\raw\\dfp\\024716\\2022\\notas_explicativas.pdf', 'original_filename': 'Notas explicativas - DF 2022.pdf', 'size_bytes': 2705217}]","VAMOS LOCAÇÃO DE CAMINHÕES, MÁQUINAS E EQUIPAMENTOS S.A.",
24716,2023,134848,1,notes_filename_match,"[{'path': 'data\\raw\\dfp\\024716\\2023\\notas_explicativas.pdf', 'original_filename': 'Notas explicativas.pdf', 'size_bytes': 2714811}]","VAMOS LOCAÇÃO DE CAMINHÕES, MÁQUINAS E EQUIPAMENTOS S.A.",
24716,2024,145913,1,largest_attachment_fallback,"[{'path': 'data\\raw\\dfp\\024716\\2024\\notas_explicativas.pdf', 'original_filename': 'Pacote NE.pdf', 'size_bytes': 2673679}]","VAMOS LOCAÇÃO DE CAMINHÕES, MÁQUINAS E EQUIPAMENTOS S.A.",
24295,2016,70481,1,largest_attachment_fallback,"[{'path': 'data\\raw\\dfp\\024295\\2016\\notas_explicativas.pdf', 'original_filename': 'C:\\CVM\\EmpresasNet\\Temp\\files\\00122504120000000000000000.pdf.pdf', 'size_bytes': 1605564}]",VIBRA ENERGIA S/A,
24295,2017,72366,1,largest_attachment_fallback,"[{'path': 'data\\raw\\dfp\\024295\\2017\\notas_explicativas.pdf', 'original_filename': 'C:\\CVM\\EmpresasNet\\Temp\\files\\00121604120000000000000000.pdf.pdf', 'size_bytes': 1477717}]",VIBRA ENERGIA S/A,
24295,2018,80878,1,largest_attachment_fallback,"[{'path': 'data\\raw\\dfp\\024295\\2018\\notas_explicativas.pdf', 'original_filename': 'C:\\CVM\\EmpresasNetV13003\\Temp\\files\\00122104120000000000000000.pdf.pdf', 'size_bytes': 1618597}]",VIBRA ENERGIA S/A,
24295,2019,91512,1,largest_attachment_fallback,"[{'path': 'data\\raw\\dfp\\024295\\2019\\notas_explicativas.pdf', 'original_filename': 'C:\\CVM\\EmpresasNetV16000\\Temp\\files\\00121404120000000000000000.pdf.pdf', 'size_bytes': 1998996}]",VIBRA ENERGIA S/A,
24295,2020,100792,1,largest_attachment_fallback,"[{'path': 'data\\raw\\dfp\\024295\\2020\\notas_explicativas.pdf', 'original_filename': 'C:\\CVM\\EmpresasNetV17000\\Temp\\files\\00122304120000000000000000.pdf.pdf', 'size_bytes': 11172258}]",VIBRA ENERGIA S/A,
24295,2021,112824,1,notes_filename_match,"[{'path': 'data\\raw\\dfp\\024295\\2021\\notas_explicativas.pdf', 'original_filename': 'Notas Explicativas Dezembro 2021.pdf', 'size_bytes': 1853235}]",VIBRA ENERGIA S/A,
24295,2022,124423,1,notes_filename_match,"[{'path': 'data\\raw\\dfp\\024295\\2022\\notas_explicativas.pdf', 'original_filename': 'Notas Explicativas 2022.pdf', 'size_bytes': 2098094}]",VIBRA ENERGIA S/A,
24295,2023,134433,1,notes_filename_match,"[{'path': 'data\raw\\dfp\x14295\x823\notas_explicativas.pdf', 'original_filename': 'Notas explicativas 2023.pdf', 'size_bytes': 52626310}]",VIBRA ENERGIA S/A,
24295,2024,144972,1,notes_filename_match,"[{'path': 'data\\raw\\dfp\\024295\\2024\\notas_explicativas.pdf', 'original_filename': 'Notas explicativas 2024.pdf', 'size_bytes': 1366924}]",VIBRA ENERGIA S/A,
24805,2019,91745,1,largest_attachment_fallback,"[{'path': 'data\\raw\\dfp\\024805\\2019\\notas_explicativas.pdf', 'original_filename': 'C:\\CVM\\EmpresasNetV15002\\Temp\\files\\00121204120000000000000000.pdf.pdf', 'size_bytes': 463039}]",VIVARA PARTICIPAÇÕES S.A.,
24805,2020,101032,1,largest_attachment_fallback,"[{'path': 'data\\raw\\dfp\\024805\\2020\\notas_explicativas.pdf', 'original_filename': 'C:\\CVM\\EmpresasNetV17000\\Temp\\files\\00122504120000000000000000.docx.pdf', 'size_bytes': 1087743}]",VIVARA PARTICIPAÇÕES S.A.,
24805,2021,112662,1,notes_filename_match,"[{'path': 'data\\raw\\dfp\\024805\\2021\\notas_explicativas.pdf', 'original_filename': '2022SP012272_Notas explicativas_VF.pdf', 'size_bytes': 561491}]",VIVARA PARTICIPAÇÕES S.A.,
24805,2022,124253,1,notes_filename_match,"[{'path': 'data\\raw\\dfp\\024805\\2022\\notas_explicativas.pdf', 'original_filename': '2023SP020545_Notas explicativas Vivara - 31.12.2022.pdf', 'size_bytes': 748097}]",VIVARA PARTICIPAÇÕES S.A.,
24805,2023,134923,1,notes_filename_match,"[{'path': 'data\\raw\\dfp\\024805\\2023\\notas_explicativas.pdf', 'original_filename': 'Notas explicativas Vivara - 31.12.2023.pdf', 'size_bytes': 705222}]",VIVARA PARTICIPAÇÕES S.A.,
24805,2024,145515,1,notes_filename_match,"[{'path': 'data\\raw\\dfp\\024805\\2024\\notas_explicativas.pdf', 'original_filename': 'Notas explicativas .pdf', 'size_bytes': 536869}]",VIVARA PARTICIPAÇÕES S.A.,
5410,2015,53579,1,largest_attachment_fallback,"[{'path': 'data\\raw\\dfp\\005410\\2015\\notas_explicativas.pdf', 'original_filename': 'C:\\CVM\\EmpresasNet\\Temp\\files\\00122304120000000000000000.pdf.pdf', 'size_bytes': 901747}]",WEG S.A.,
5410,2016,62688,1,largest_attachment_fallback,"[{'path': 'data\\raw\\dfp\\005410\\2016\\notas_explicativas.pdf', 'original_filename': 'C:\\Program Files (x86)\\CVM\\EmpresasNet\\Temp\\files\\00121204120000000000000000.pdf.pdf', 'size_bytes': 1029466}]",WEG S.A.,
5410,2017,71853,1,largest_attachment_fallback,"[{'path': 'data\\raw\\dfp\\005410\\2017\\notas_explicativas.pdf', 'original_filename': 'C:\\Program Files (x86)\\CVM\\EmpresasNet\\Temp\\files\\00122504120000000000000000.pdf.pdf', 'size_bytes': 1098540}]",WEG S.A.,
5410,2018,82128,1,largest_attachment_fallback,"[{'path': 'data\\raw\\dfp\\005410\\2018\\notas_explicativas.pdf', 'original_filename': 'C:\\CVM\\EmpresasNetV14000\\Temp\\files\\00123004120000000000000000.pdf.pdf', 'size_bytes': 643195}]",WEG S.A.,
5410,2019,91065,1,largest_attachment_fallback,"[{'path': 'data\\raw\\dfp\\005410\\2019\\notas_explicativas.pdf', 'original_filename': 'C:\\CVM\\EmpresasNetV15002\\Temp\\files\\00122204120000000000000000.pdf.pdf', 'size_bytes': 814847}]",WEG S.A.,
5410,2020,100392,1,largest_attachment_fallback,"[{'path': 'data\\raw\\dfp\\005410\\2020\\notas_explicativas.pdf', 'original_filename': 'C:\\CVM\\EmpresasNetV17000\\Temp\\files\\00122204120000000000000000.pdf.pdf', 'size_bytes': 764718}]",WEG S.A.,
5410,2021,111794,1,notes_filename_match,"[{'path': 'data\\raw\\dfp\\005410\\2021\\notas_explicativas.pdf', 'original_filename': 'Notas Explicativas 2021 WEG.pdf', 'size_bytes': 817276}]",WEG S.A.,
5410,2022,123532,1,notes_filename_match,"[{'path': 'data\\raw\\dfp\\005410\\2022\\notas_explicativas.pdf', 'original_filename': 'Notas Explicativas WEG.pdf', 'size_bytes': 610199}]",WEG S.A.,
5410,2023,134151,1,notes_filename_match,"[{'path': 'data\\raw\\dfp\\005410\\2023\\notas_explicativas.pdf', 'original_filename': 'Notas Explicativas.pdf', 'size_bytes': 893070}]",WEG S.A.,
5410,2024,145023,1,notes_filename_match,"[{'path': 'data\\raw\\dfp\\005410\\2024\\notas_explicativas.pdf', 'original_filename': 'Notas Explicativas 2024 WEG.pdf', 'size_bytes': 972324}]",WEG S.A.,
21016,2015,54001,1,largest_attachment_fallback,"[{'path': 'data\\raw\\dfp\\021016\\2015\\notas_explicativas.pdf', 'original_filename': 'C:\\CVM\\EmpresasNet\\Temp\\files\\00119904120000000000000000.pdf.pdf', 'size_bytes': 2165131}]",YDUQS PARTICIPACOES S.A.,
21016,2016,63235,1,largest_attachment_fallback,"[{'path': 'data\\raw\\dfp\\021016\\2016\\notas_explicativas.pdf', 'original_filename': 'C:\\CVM\\EmpresasNet\\Temp\\files\\00121504120000000000000000.pdf.pdf', 'size_bytes': 720106}]",YDUQS PARTICIPACOES S.A.,
21016,2017,72335,1,largest_attachment_fallback,"[{'path': 'data\\raw\\dfp\\021016\\2017\\notas_explicativas.pdf', 'original_filename': 'C:\\CVM\\EmpresasNet\\Temp\\files\\00122204120000000000000000.pdf.pdf', 'size_bytes': 2066077}]",YDUQS PARTICIPACOES S.A.,
21016,2018,81225,1,largest_attachment_fallback,"[{'path': 'data\\raw\\dfp\\021016\\2018\\notas_explicativas.pdf', 'original_filename': 'C:\\CVM\\EmpresasNetV14000\\Temp\\files\\00121104120000000000000000.pdf.pdf', 'size_bytes': 2211160}]",YDUQS PARTICIPACOES S.A.,
21016,2019,91730,1,largest_attachment_fallback,"[{'path': 'data\\raw\\dfp\\021016\\2019\\notas_explicativas.pdf', 'original_filename': 'C:\\CVM\\EmpresasNetV16000\\Temp\\files\\00121804120000000000000000.pdf.pdf', 'size_bytes': 1737264}]",YDUQS PARTICIPACOES S.A.,
21016,2020,101023,1,largest_attachment_fallback,"[{'path': 'data\\raw\\dfp\\021016\\2020\\notas_explicativas.pdf', 'original_filename': 'C:\\CVM\\EmpresasNetV17000\\Temp\\files\\00122104120000000000000000.pdf.pdf', 'size_bytes': 1820034}]",YDUQS PARTICIPACOES S.A.,
21016,2021,112551,1,largest_attachment_fallback,"[{'path': 'data\\raw\\dfp\\021016\\2021\\notas_explicativas.pdf', 'original_filename': 'Yduqs Part 4ºITR21_vf.pdf', 'size_bytes': 1895843}]",YDUQS PARTICIPACOES S.A.,
21016,2022,124190,1,largest_attachment_fallback,"[{'path': 'data\\raw\\dfp\\021016\\2022\\notas_explicativas.pdf', 'original_filename': 'Yduqs Part 4ºITR22_v.CVM.pdf', 'size_bytes': 1763567}]",YDUQS PARTICIPACOES S.A.,
21016,2023,134739,1,largest_attachment_fallback,"[{'path': 'data\\raw\\dfp\\021016\\2023\\notas_explicativas.pdf', 'original_filename': 'Yduqs Part 4ºITR23_vCVM.pdf', 'size_bytes': 1768302}]",YDUQS PARTICIPACOES S.A.,
21016,2024,146505,1,largest_attachment_fallback,"[{'path': 'data\\raw\\dfp\\021016\\2024\\notas_explicativas.pdf', 'original_filename': 'Yduqs Part 4ºITR24_v.CVM.pdf', 'size_bytes': 1719601}]",YDUQS PARTICIPACOES S.A.,
