CD_CVM,DENOM_CIA,QUARTER_LABEL,period_end_date,filing_date,ID_DOC
18970,AES TIETE ENERGIA SA,2011Q1,2011-03-31,2011-05-12,7666
18970,AES TIETE ENERGIA SA,2011Q2,2011-06-30,2011-08-11,10784
18970,AES TIETE ENERGIA SA,2011Q3,2011-09-30,2011-11-10,12582
18970,AES TIETE ENERGIA SA,2012Q1,2012-03-31,2012-05-10,17275
18970,AES TIETE ENERGIA SA,2012Q2,2012-06-30,2012-09-18,21321
18970,AES TIETE ENERGIA SA,2012Q3,2012-09-30,2012-11-07,22198
18970,AES TIETE ENERGIA SA,2013Q1,2013-03-31,2013-05-10,27183
18970,AES TIETE ENERGIA SA,2013Q2,2013-06-30,2013-08-09,30395
18970,AES TIETE ENERGIA SA,2013Q3,2013-09-30,2013-11-08,32503
18970,AES TIETE ENERGIA SA,2014Q1,2014-03-31,2014-05-07,36904
18970,AES TIETE ENERGIA SA,2014Q2,2014-06-30,2014-08-06,40171
18970,AES TIETE ENERGIA SA,2014Q3,2014-09-30,2014-11-06,42073
18970,AES TIETE ENERGIA SA,2015Q1,2015-03-31,2015-05-08,46745
18970,AES TIETE ENERGIA SA,2015Q2,2015-06-30,2015-08-07,49567
18970,AES TIETE ENERGIA SA,2015Q3,2015-09-30,2015-11-04,51296
18970,AES TIETE ENERGIA SA,2016Q1,2016-03-31,2016-05-06,55728
18970,AES TIETE ENERGIA SA,2016Q2,2016-06-30,2016-08-04,58490
18970,AES TIETE ENERGIA SA,2016Q3,2016-09-30,2016-11-03,60349
18970,AES TIETE ENERGIA SA,2017Q1,2017-03-31,2017-05-05,64784
18970,AES TIETE ENERGIA SA,2017Q2,2017-06-30,2017-08-07,67576
18970,AES TIETE ENERGIA SA,2017Q3,2017-09-30,2017-11-01,69416
18970,AES TIETE ENERGIA SA,2018Q1,2018-03-31,2018-05-07,73869
18970,AES TIETE ENERGIA SA,2018Q2,2018-06-30,2018-08-06,76711
18970,AES TIETE ENERGIA SA,2018Q3,2018-09-30,2018-11-05,78653
18970,AES TIETE ENERGIA SA,2019Q1,2019-03-31,2019-05-06,82739
18970,AES TIETE ENERGIA SA,2019Q2,2019-06-30,2019-08-05,86053
18970,AES TIETE ENERGIA SA,2019Q3,2019-09-30,2019-11-05,89035
18970,AES TIETE ENERGIA SA,2020Q1,2020-03-31,2020-05-07,92806
18970,AES TIETE ENERGIA SA,2020Q2,2020-06-30,2020-08-05,95697
18970,AES TIETE ENERGIA SA,2020Q3,2020-09-30,2020-11-05,98065
18970,AES TIETE ENERGIA SA,2021Q1,2021-03-31,2021-05-13,103991
18970,AES TIETE ENERGIA SA,2021Q2,2021-06-30,2021-08-04,107266
18970,AES TIETE ENERGIA SA,2021Q3,2021-09-30,2021-11-12,109943
18350,AES TIETE SA,2011Q1,2011-03-31,2011-05-12,7665
18350,AES TIETE SA,2011Q3,2011-09-30,2011-11-10,12578
18350,AES TIETE SA,2012Q1,2012-03-31,2012-05-03,16735
18350,AES TIETE SA,2012Q2,2012-06-30,2012-08-03,20090
18350,AES TIETE SA,2012Q3,2012-09-30,2012-11-06,22144
18350,AES TIETE SA,2013Q1,2013-03-31,2013-05-08,26899
18350,AES TIETE SA,2013Q2,2013-06-30,2013-08-07,30274
18350,AES TIETE SA,2013Q3,2013-09-30,2013-11-06,32378
18350,AES TIETE SA,2014Q1,2014-03-31,2014-05-07,36869
18350,AES TIETE SA,2014Q2,2014-06-30,2014-08-06,40164
18350,AES TIETE SA,2014Q3,2014-09-30,2014-11-05,42052
18350,AES TIETE SA,2015Q1,2015-03-31,2015-05-08,46703
18350,AES TIETE SA,2015Q2,2015-06-30,2015-08-14,50033
18350,AES TIETE SA,2015Q3,2015-09-30,2015-11-04,51290
21300,ALIANSCE SHOPPING CENTERS S.A.,2011Q1,2011-03-31,2011-05-13,7766
21300,ALIANSCE SHOPPING CENTERS S.A.,2011Q2,2011-06-30,2011-08-08,10599
21300,ALIANSCE SHOPPING CENTERS S.A.,2011Q3,2011-09-30,2011-11-07,12391
21300,ALIANSCE SHOPPING CENTERS S.A.,2012Q1,2012-03-31,2012-12-05,23058
21300,ALIANSCE SHOPPING CENTERS S.A.,2012Q2,2012-06-30,2012-12-05,23059
21300,ALIANSCE SHOPPING CENTERS S.A.,2012Q3,2012-09-30,2012-12-05,23060
21300,ALIANSCE SHOPPING CENTERS S.A.,2013Q1,2013-03-31,2013-05-13,27282
21300,ALIANSCE SHOPPING CENTERS S.A.,2013Q2,2013-06-30,2013-08-13,30537
21300,ALIANSCE SHOPPING CENTERS S.A.,2013Q3,2013-09-30,2013-11-13,32737
21300,ALIANSCE SHOPPING CENTERS S.A.,2014Q1,2014-03-31,2014-05-12,37312
21300,ALIANSCE SHOPPING CENTERS S.A.,2014Q2,2014-06-30,2014-08-13,40487
21300,ALIANSCE SHOPPING CENTERS S.A.,2014Q3,2014-09-30,2014-11-11,42246
21300,ALIANSCE SHOPPING CENTERS S.A.,2015Q1,2015-03-31,2015-05-06,46510
21300,ALIANSCE SHOPPING CENTERS S.A.,2015Q2,2015-06-30,2015-08-13,49861
21300,ALIANSCE SHOPPING CENTERS S.A.,2015Q3,2015-09-30,2015-11-05,51342
21300,ALIANSCE SHOPPING CENTERS S.A.,2016Q1,2016-03-31,2016-05-09,55876
21300,ALIANSCE SHOPPING CENTERS S.A.,2016Q2,2016-06-30,2016-08-08,58563
21300,ALIANSCE SHOPPING CENTERS S.A.,2016Q3,2016-09-30,2016-11-07,60410
21300,ALIANSCE SHOPPING CENTERS S.A.,2017Q1,2017-03-31,2017-05-10,65151
21300,ALIANSCE SHOPPING CENTERS S.A.,2017Q2,2017-06-30,2017-08-09,67691
21300,ALIANSCE SHOPPING CENTERS S.A.,2017Q3,2017-09-30,2017-11-08,69596
21300,ALIANSCE SHOPPING CENTERS S.A.,2018Q1,2018-03-31,2018-05-04,73746
21300,ALIANSCE SHOPPING CENTERS S.A.,2018Q2,2018-06-30,2018-08-08,76814
21300,ALIANSCE SHOPPING CENTERS S.A.,2018Q3,2018-09-30,2018-11-08,78830
21300,ALIANSCE SHOPPING CENTERS S.A.,2019Q1,2019-03-31,2019-05-08,82918
21300,ALIANSCE SHOPPING CENTERS S.A.,2019Q2,2019-06-30,2019-07-29,85670
22357,ALLOS S.A.,2011Q1,2011-03-31,2011-05-16,8007
22357,ALLOS S.A.,2011Q2,2011-06-30,2011-08-10,10717
22357,ALLOS S.A.,2011Q3,2011-09-30,2011-11-08,12423
22357,ALLOS S.A.,2012Q1,2012-03-31,2012-05-10,17296
22357,ALLOS S.A.,2012Q2,2012-06-30,2012-08-09,20237
22357,ALLOS S.A.,2012Q3,2012-09-30,2012-11-05,22090
22357,ALLOS S.A.,2013Q1,2013-03-31,2013-05-08,26894
22357,ALLOS S.A.,2013Q3,2013-09-30,2013-11-06,32388
22357,ALLOS S.A.,2014Q1,2014-03-31,2014-05-14,37601
22357,ALLOS S.A.,2014Q2,2014-06-30,2014-08-13,40469
22357,ALLOS S.A.,2014Q3,2014-09-30,2014-11-05,42054
22357,ALLOS S.A.,2015Q1,2015-03-31,2015-05-06,46511
22357,ALLOS S.A.,2015Q2,2015-06-30,2015-08-05,49471
22357,ALLOS S.A.,2015Q3,2015-09-30,2015-11-09,51425
22357,ALLOS S.A.,2016Q1,2016-03-31,2016-05-09,55846
22357,ALLOS S.A.,2016Q2,2016-06-30,2016-08-03,58440
22357,ALLOS S.A.,2016Q3,2016-09-30,2016-11-03,60344
22357,ALLOS S.A.,2017Q1,2017-03-31,2017-05-11,65252
22357,ALLOS S.A.,2017Q2,2017-06-30,2017-08-07,67558
22357,ALLOS S.A.,2017Q3,2017-09-30,2017-11-08,69554
22357,ALLOS S.A.,2018Q1,2018-03-31,2018-05-09,74049
22357,ALLOS S.A.,2018Q2,2018-06-30,2018-08-08,76794
22357,ALLOS S.A.,2018Q3,2018-09-30,2018-11-06,78692
22357,ALLOS S.A.,2019Q1,2019-03-31,2019-05-14,83452
22357,ALLOS S.A.,2019Q2,2019-06-30,2019-07-30,85720
22357,ALLOS S.A.,2019Q3,2019-09-30,2019-11-13,89445
22357,ALLOS S.A.,2020Q1,2020-03-31,2020-05-20,93314
22357,ALLOS S.A.,2020Q2,2020-06-30,2020-08-12,95957
22357,ALLOS S.A.,2020Q3,2020-09-30,2020-11-11,98233
22357,ALLOS S.A.,2021Q1,2021-03-31,2021-05-12,103921
22357,ALLOS S.A.,2021Q2,2021-06-30,2021-08-11,107526
22357,ALLOS S.A.,2021Q3,2021-09-30,2021-11-10,109686
22357,ALLOS S.A.,2022Q1,2022-03-31,2022-05-11,114840
22357,ALLOS S.A.,2022Q2,2022-06-30,2022-08-10,119442
22357,ALLOS S.A.,2022Q3,2022-09-30,2022-11-10,121669
22357,ALLOS S.A.,2023Q1,2023-03-31,2023-05-25,127224
22357,ALLOS S.A.,2023Q2,2023-06-30,2023-08-14,130344
22357,ALLOS S.A.,2023Q3,2023-09-30,2023-11-13,132423
22357,ALLOS S.A.,2024Q1,2024-03-31,2024-05-09,136923
22357,ALLOS S.A.,2024Q2,2024-06-30,2024-08-13,140936
22357,ALLOS S.A.,2024Q3,2024-09-30,2024-11-13,143087
22357,ALLOS S.A.,2025Q1,2025-03-31,2025-05-14,147665
22357,ALLOS S.A.,2025Q3,2025-09-30,2025-11-12,153086
10456,ALPARGATAS S.A.,2011Q1,2011-03-31,2011-05-13,7845
10456,ALPARGATAS S.A.,2011Q2,2011-06-30,2011-08-12,10921
10456,ALPARGATAS S.A.,2011Q3,2011-09-30,2011-11-11,12761
10456,ALPARGATAS S.A.,2012Q1,2012-03-31,2012-05-04,16798
10456,ALPARGATAS S.A.,2012Q2,2012-06-30,2012-08-06,20131
10456,ALPARGATAS S.A.,2012Q3,2012-09-30,2012-11-09,22277
10456,ALPARGATAS S.A.,2013Q1,2013-03-31,2013-05-10,27163
10456,ALPARGATAS S.A.,2013Q2,2013-06-30,2013-08-16,30990
10456,ALPARGATAS S.A.,2013Q3,2013-09-30,2013-11-08,32475
10456,ALPARGATAS S.A.,2014Q1,2014-03-31,2014-05-09,37136
10456,ALPARGATAS S.A.,2014Q2,2014-06-30,2014-08-20,40937
10456,ALPARGATAS S.A.,2014Q3,2014-09-30,2014-11-07,42147
10456,ALPARGATAS S.A.,2015Q1,2015-03-31,2015-05-08,46697
10456,ALPARGATAS S.A.,2015Q2,2015-06-30,2015-08-07,49548
10456,ALPARGATAS S.A.,2015Q3,2015-09-30,2015-11-06,51370
10456,ALPARGATAS S.A.,2016Q1,2016-03-31,2016-05-06,55729
10456,ALPARGATAS S.A.,2016Q2,2016-06-30,2016-08-09,58600
10456,ALPARGATAS S.A.,2016Q3,2016-09-30,2016-11-04,60380
10456,ALPARGATAS S.A.,2017Q1,2017-03-31,2017-05-05,64749
10456,ALPARGATAS S.A.,2017Q2,2017-06-30,2017-08-04,67525
10456,ALPARGATAS S.A.,2017Q3,2017-09-30,2017-11-13,69829
10456,ALPARGATAS S.A.,2018Q1,2018-03-31,2018-05-14,74410
10456,ALPARGATAS S.A.,2018Q2,2018-06-30,2018-09-27,77955
10456,ALPARGATAS S.A.,2018Q3,2018-09-30,2018-11-09,78934
10456,ALPARGATAS S.A.,2019Q1,2019-03-31,2019-05-13,83297
10456,ALPARGATAS S.A.,2019Q2,2019-06-30,2019-08-09,86276
10456,ALPARGATAS S.A.,2019Q3,2019-09-30,2019-11-08,89185
10456,ALPARGATAS S.A.,2020Q1,2020-03-31,2020-05-05,92702
10456,ALPARGATAS S.A.,2020Q2,2020-06-30,2020-08-04,95650
10456,ALPARGATAS S.A.,2020Q3,2020-09-30,2020-11-04,98022
10456,ALPARGATAS S.A.,2021Q1,2021-03-31,2021-05-03,103330
10456,ALPARGATAS S.A.,2021Q2,2021-06-30,2021-07-30,107054
10456,ALPARGATAS S.A.,2021Q3,2021-09-30,2021-10-28,109305
10456,ALPARGATAS S.A.,2022Q1,2022-03-31,2022-05-05,114366
10456,ALPARGATAS S.A.,2022Q2,2022-06-30,2022-08-04,119234
10456,ALPARGATAS S.A.,2022Q3,2022-09-30,2022-11-03,121325
10456,ALPARGATAS S.A.,2023Q1,2023-03-31,2023-05-04,125765
10456,ALPARGATAS S.A.,2023Q2,2023-06-30,2023-08-03,129722
10456,ALPARGATAS S.A.,2023Q3,2023-09-30,2023-11-08,131940
10456,ALPARGATAS S.A.,2024Q1,2024-03-31,2024-05-09,136922
10456,ALPARGATAS S.A.,2024Q2,2024-06-30,2024-08-08,140610
10456,ALPARGATAS S.A.,2024Q3,2024-09-30,2024-11-07,142736
10456,ALPARGATAS S.A.,2025Q1,2025-03-31,2025-05-08,147169
21490,ALUPAR INVESTIMENTO S/A,2011Q1,2011-03-31,2011-05-17,8190
21490,ALUPAR INVESTIMENTO S/A,2011Q2,2011-06-30,2011-08-11,10830
21490,ALUPAR INVESTIMENTO S/A,2011Q3,2011-09-30,2011-11-11,12791
21490,ALUPAR INVESTIMENTO S/A,2012Q1,2012-03-31,2013-05-16,27925
21490,ALUPAR INVESTIMENTO S/A,2012Q2,2012-06-30,2013-08-13,30542
21490,ALUPAR INVESTIMENTO S/A,2012Q3,2012-09-30,2013-02-25,24448
21490,ALUPAR INVESTIMENTO S/A,2013Q1,2013-03-31,2013-05-14,27425
21490,ALUPAR INVESTIMENTO S/A,2013Q2,2013-06-30,2013-08-14,30552
21490,ALUPAR INVESTIMENTO S/A,2013Q3,2013-09-30,2013-11-12,32560
21490,ALUPAR INVESTIMENTO S/A,2014Q1,2014-03-31,2014-05-09,37158
21490,ALUPAR INVESTIMENTO S/A,2014Q2,2014-06-30,2014-08-07,40211
21490,ALUPAR INVESTIMENTO S/A,2014Q3,2014-09-30,2014-11-11,42236
21490,ALUPAR INVESTIMENTO S/A,2015Q1,2015-03-31,2015-05-15,47462
21490,ALUPAR INVESTIMENTO S/A,2015Q2,2015-06-30,2015-08-12,49754
21490,ALUPAR INVESTIMENTO S/A,2015Q3,2015-09-30,2015-11-13,51712
21490,ALUPAR INVESTIMENTO S/A,2016Q1,2016-03-31,2016-05-12,56241
21490,ALUPAR INVESTIMENTO S/A,2016Q2,2016-06-30,2016-08-11,58886
21490,ALUPAR INVESTIMENTO S/A,2016Q3,2016-09-30,2016-11-11,60711
21490,ALUPAR INVESTIMENTO S/A,2017Q1,2017-03-31,2017-05-15,65720
21490,ALUPAR INVESTIMENTO S/A,2017Q2,2017-06-30,2017-08-14,68087
21490,ALUPAR INVESTIMENTO S/A,2017Q3,2017-09-30,2017-11-09,69656
21490,ALUPAR INVESTIMENTO S/A,2018Q1,2018-03-31,2019-05-14,83497
21490,ALUPAR INVESTIMENTO S/A,2018Q2,2018-06-30,2019-05-27,84070
21490,ALUPAR INVESTIMENTO S/A,2018Q3,2018-09-30,2019-07-12,85380
21490,ALUPAR INVESTIMENTO S/A,2019Q1,2019-03-31,2019-05-22,83982
21490,ALUPAR INVESTIMENTO S/A,2019Q2,2019-06-30,2019-08-13,86418
21490,ALUPAR INVESTIMENTO S/A,2019Q3,2019-09-30,2019-11-13,89462
21490,ALUPAR INVESTIMENTO S/A,2020Q1,2020-03-31,2020-06-01,93700
21490,ALUPAR INVESTIMENTO S/A,2020Q2,2020-06-30,2020-08-12,95972
21490,ALUPAR INVESTIMENTO S/A,2020Q3,2020-09-30,2020-11-11,98242
21490,ALUPAR INVESTIMENTO S/A,2021Q1,2021-03-31,2021-05-10,103703
21490,ALUPAR INVESTIMENTO S/A,2021Q2,2021-06-30,2021-08-09,107388
21490,ALUPAR INVESTIMENTO S/A,2021Q3,2021-09-30,2021-11-09,109615
21490,ALUPAR INVESTIMENTO S/A,2022Q1,2022-03-31,2022-05-10,114653
21490,ALUPAR INVESTIMENTO S/A,2022Q3,2022-09-30,2022-11-09,121558
21490,ALUPAR INVESTIMENTO S/A,2023Q1,2023-03-31,2023-05-10,126194
21490,ALUPAR INVESTIMENTO S/A,2023Q2,2023-06-30,2023-08-09,129910
21490,ALUPAR INVESTIMENTO S/A,2023Q3,2023-09-30,2023-11-09,132061
21490,ALUPAR INVESTIMENTO S/A,2024Q2,2024-06-30,2024-08-08,140606
21490,ALUPAR INVESTIMENTO S/A,2024Q3,2024-09-30,2024-11-07,142716
21490,ALUPAR INVESTIMENTO S/A,2025Q1,2025-03-31,2025-05-08,147077
21490,ALUPAR INVESTIMENTO S/A,2025Q2,2025-06-30,2025-08-14,151259
21490,ALUPAR INVESTIMENTO S/A,2025Q3,2025-09-30,2025-11-06,152758
23264,AMBEV S.A.,2013Q1,2013-03-31,2013-10-31,32205
23264,AMBEV S.A.,2013Q2,2013-06-30,2013-10-31,32206
23264,AMBEV S.A.,2013Q3,2013-09-30,2013-10-31,32207
23264,AMBEV S.A.,2014Q1,2014-03-31,2014-05-07,36794
23264,AMBEV S.A.,2014Q2,2014-06-30,2014-07-31,40001
23264,AMBEV S.A.,2014Q3,2014-09-30,2014-10-31,41906
23264,AMBEV S.A.,2015Q1,2015-03-31,2015-05-06,46435
23264,AMBEV S.A.,2015Q2,2015-06-30,2015-07-30,49329
23264,AMBEV S.A.,2015Q3,2015-09-30,2015-10-30,51198
23264,AMBEV S.A.,2016Q1,2016-03-31,2016-05-04,55515
23264,AMBEV S.A.,2016Q2,2016-06-30,2016-07-29,58332
23264,AMBEV S.A.,2016Q3,2016-09-30,2016-10-28,60227
23264,AMBEV S.A.,2017Q1,2017-03-31,2017-05-04,64654
23264,AMBEV S.A.,2017Q2,2017-06-30,2017-07-27,67344
23264,AMBEV S.A.,2017Q3,2017-09-30,2017-10-26,69269
23264,AMBEV S.A.,2018Q1,2018-03-31,2018-05-09,73996
23264,AMBEV S.A.,2018Q2,2018-06-30,2018-07-26,76490
23264,AMBEV S.A.,2018Q3,2018-09-30,2018-10-25,78264
23264,AMBEV S.A.,2019Q1,2019-03-31,2019-05-07,82754
23264,AMBEV S.A.,2019Q2,2019-06-30,2019-07-25,85570
23264,AMBEV S.A.,2019Q3,2019-09-30,2019-10-25,88811
23264,AMBEV S.A.,2020Q1,2020-03-31,2020-05-07,92786
23264,AMBEV S.A.,2020Q2,2020-06-30,2020-07-30,95156
23264,AMBEV S.A.,2020Q3,2020-09-30,2020-10-29,97931
23264,AMBEV S.A.,2021Q1,2021-03-31,2021-05-06,103453
23264,AMBEV S.A.,2021Q2,2021-06-30,2021-11-19,110356
23264,AMBEV S.A.,2021Q3,2021-09-30,2021-10-28,109283
23264,AMBEV S.A.,2022Q1,2022-03-31,2022-05-05,114300
23264,AMBEV S.A.,2022Q2,2022-06-30,2022-07-28,118750
23264,AMBEV S.A.,2022Q3,2022-09-30,2022-10-27,121181
23264,AMBEV S.A.,2023Q1,2023-03-31,2023-05-04,125718
23264,AMBEV S.A.,2023Q2,2023-06-30,2023-08-03,129694
23264,AMBEV S.A.,2023Q3,2023-09-30,2023-10-31,131689
23264,AMBEV S.A.,2024Q1,2024-03-31,2024-05-08,136639
23264,AMBEV S.A.,2024Q2,2024-06-30,2024-08-01,140325
23264,AMBEV S.A.,2024Q3,2024-09-30,2024-10-31,142447
23264,AMBEV S.A.,2025Q1,2025-03-31,2025-05-08,147028
23264,AMBEV S.A.,2025Q2,2025-06-30,2025-07-31,150306
23264,AMBEV S.A.,2025Q3,2025-09-30,2025-10-30,152543
24961,AMBIPAR PARTICIPAÇÕES E EMPREENDIMENTOS S.A.,2020Q1,2020-03-31,2020-06-19,94125
24961,AMBIPAR PARTICIPAÇÕES E EMPREENDIMENTOS S.A.,2020Q3,2020-09-30,2020-11-11,98277
24961,AMBIPAR PARTICIPAÇÕES E EMPREENDIMENTOS S.A.,2021Q1,2021-03-31,2021-05-12,103924
24961,AMBIPAR PARTICIPAÇÕES E EMPREENDIMENTOS S.A.,2021Q2,2021-06-30,2021-08-16,107947
24961,AMBIPAR PARTICIPAÇÕES E EMPREENDIMENTOS S.A.,2021Q3,2021-09-30,2021-11-11,109771
24961,AMBIPAR PARTICIPAÇÕES E EMPREENDIMENTOS S.A.,2022Q1,2022-03-31,2022-05-31,116153
24961,AMBIPAR PARTICIPAÇÕES E EMPREENDIMENTOS S.A.,2022Q2,2022-06-30,2022-08-11,119601
24961,AMBIPAR PARTICIPAÇÕES E EMPREENDIMENTOS S.A.,2022Q3,2022-09-30,2022-11-07,121419
24961,AMBIPAR PARTICIPAÇÕES E EMPREENDIMENTOS S.A.,2023Q1,2023-03-31,2023-05-16,126881
24961,AMBIPAR PARTICIPAÇÕES E EMPREENDIMENTOS S.A.,2023Q2,2023-06-30,2023-08-14,130399
24961,AMBIPAR PARTICIPAÇÕES E EMPREENDIMENTOS S.A.,2023Q3,2023-09-30,2023-11-13,132441
24961,AMBIPAR PARTICIPAÇÕES E EMPREENDIMENTOS S.A.,2024Q1,2024-03-31,2024-05-09,136956
24961,AMBIPAR PARTICIPAÇÕES E EMPREENDIMENTOS S.A.,2024Q2,2024-06-30,2024-08-16,141266
24961,AMBIPAR PARTICIPAÇÕES E EMPREENDIMENTOS S.A.,2024Q3,2024-09-30,2024-11-14,143208
24961,AMBIPAR PARTICIPAÇÕES E EMPREENDIMENTOS S.A.,2025Q1,2025-03-31,2025-05-16,147966
24961,AMBIPAR PARTICIPAÇÕES E EMPREENDIMENTOS S.A.,2025Q2,2025-06-30,2025-08-14,151195
20990,AMERICANAS S.A. - EM RECUPERAÇÃO JUDICIAL,2011Q1,2011-03-31,2011-06-15,9725
20990,AMERICANAS S.A. - EM RECUPERAÇÃO JUDICIAL,2011Q2,2011-06-30,2011-08-10,10697
20990,AMERICANAS S.A. - EM RECUPERAÇÃO JUDICIAL,2011Q3,2011-09-30,2011-11-10,12614
20990,AMERICANAS S.A. - EM RECUPERAÇÃO JUDICIAL,2012Q1,2012-03-31,2012-05-08,17022
20990,AMERICANAS S.A. - EM RECUPERAÇÃO JUDICIAL,2012Q2,2012-06-30,2012-08-14,20702
20990,AMERICANAS S.A. - EM RECUPERAÇÃO JUDICIAL,2012Q3,2012-09-30,2012-11-13,22496
20990,AMERICANAS S.A. - EM RECUPERAÇÃO JUDICIAL,2013Q1,2013-03-31,2013-05-09,27036
20990,AMERICANAS S.A. - EM RECUPERAÇÃO JUDICIAL,2013Q2,2013-06-30,2013-08-14,30815
20990,AMERICANAS S.A. - EM RECUPERAÇÃO JUDICIAL,2013Q3,2013-09-30,2013-12-18,33602
20990,AMERICANAS S.A. - EM RECUPERAÇÃO JUDICIAL,2014Q1,2014-03-31,2014-05-09,37178
20990,AMERICANAS S.A. - EM RECUPERAÇÃO JUDICIAL,2014Q2,2014-06-30,2014-08-13,40497
20990,AMERICANAS S.A. - EM RECUPERAÇÃO JUDICIAL,2014Q3,2014-09-30,2014-12-12,43089
20990,AMERICANAS S.A. - EM RECUPERAÇÃO JUDICIAL,2015Q1,2015-03-31,2015-05-07,46633
20990,AMERICANAS S.A. - EM RECUPERAÇÃO JUDICIAL,2015Q2,2015-06-30,2015-08-13,49894
20990,AMERICANAS S.A. - EM RECUPERAÇÃO JUDICIAL,2015Q3,2015-09-30,2015-11-12,51669
20990,AMERICANAS S.A. - EM RECUPERAÇÃO JUDICIAL,2016Q1,2016-03-31,2016-05-06,55666
20990,AMERICANAS S.A. - EM RECUPERAÇÃO JUDICIAL,2016Q2,2016-06-30,2016-08-11,58859
20990,AMERICANAS S.A. - EM RECUPERAÇÃO JUDICIAL,2016Q3,2016-09-30,2016-11-16,61112
20990,AMERICANAS S.A. - EM RECUPERAÇÃO JUDICIAL,2017Q1,2017-03-31,2017-05-11,65282
20990,AMERICANAS S.A. - EM RECUPERAÇÃO JUDICIAL,2017Q2,2017-06-30,2017-08-10,67799
20990,AMERICANAS S.A. - EM RECUPERAÇÃO JUDICIAL,2017Q3,2017-09-30,2017-11-01,69420
20990,AMERICANAS S.A. - EM RECUPERAÇÃO JUDICIAL,2018Q1,2018-03-31,2018-05-10,74248
20990,AMERICANAS S.A. - EM RECUPERAÇÃO JUDICIAL,2018Q2,2018-06-30,2018-08-09,76884
20990,AMERICANAS S.A. - EM RECUPERAÇÃO JUDICIAL,2018Q3,2018-09-30,2018-10-31,78557
20990,AMERICANAS S.A. - EM RECUPERAÇÃO JUDICIAL,2019Q1,2019-03-31,2019-05-09,83077
20990,AMERICANAS S.A. - EM RECUPERAÇÃO JUDICIAL,2019Q2,2019-06-30,2019-08-08,86205
20990,AMERICANAS S.A. - EM RECUPERAÇÃO JUDICIAL,2019Q3,2019-09-30,2019-10-30,88911
20990,AMERICANAS S.A. - EM RECUPERAÇÃO JUDICIAL,2020Q1,2020-03-31,2020-05-21,93342
20990,AMERICANAS S.A. - EM RECUPERAÇÃO JUDICIAL,2020Q2,2020-06-30,2020-08-13,96062
20990,AMERICANAS S.A. - EM RECUPERAÇÃO JUDICIAL,2020Q3,2020-09-30,2020-10-29,97955
20990,AMERICANAS S.A. - EM RECUPERAÇÃO JUDICIAL,2021Q1,2021-03-31,2021-05-06,103516
20990,AMERICANAS S.A. - EM RECUPERAÇÃO JUDICIAL,2021Q2,2021-06-30,2021-08-12,107709
20990,AMERICANAS S.A. - EM RECUPERAÇÃO JUDICIAL,2021Q3,2021-09-30,2021-11-11,109815
20990,AMERICANAS S.A. - EM RECUPERAÇÃO JUDICIAL,2022Q1,2022-03-31,2022-05-12,114966
20990,AMERICANAS S.A. - EM RECUPERAÇÃO JUDICIAL,2022Q2,2022-06-30,2022-08-11,119624
20990,AMERICANAS S.A. - EM RECUPERAÇÃO JUDICIAL,2022Q3,2022-09-30,2022-11-10,121717
20990,AMERICANAS S.A. - EM RECUPERAÇÃO JUDICIAL,2023Q1,2023-03-31,2024-02-26,134245
20990,AMERICANAS S.A. - EM RECUPERAÇÃO JUDICIAL,2023Q2,2023-06-30,2024-02-26,134246
20990,AMERICANAS S.A. - EM RECUPERAÇÃO JUDICIAL,2023Q3,2023-09-30,2024-02-26,134247
20990,AMERICANAS S.A. - EM RECUPERAÇÃO JUDICIAL,2024Q1,2024-03-31,2024-08-14,141204
20990,AMERICANAS S.A. - EM RECUPERAÇÃO JUDICIAL,2024Q2,2024-06-30,2024-08-14,141205
20990,AMERICANAS S.A. - EM RECUPERAÇÃO JUDICIAL,2024Q3,2024-09-30,2024-11-13,143139
20990,AMERICANAS S.A. - EM RECUPERAÇÃO JUDICIAL,2025Q1,2025-03-31,2025-05-14,147691
20990,AMERICANAS S.A. - EM RECUPERAÇÃO JUDICIAL,2025Q2,2025-06-30,2025-08-12,150959
20990,AMERICANAS S.A. - EM RECUPERAÇÃO JUDICIAL,2025Q3,2025-09-30,2025-11-12,153054
18961,ANHANGUERA EDUCACIONAL PARTICIPAÇÕES S.A.,2011Q1,2011-03-31,2011-05-26,8546
18961,ANHANGUERA EDUCACIONAL PARTICIPAÇÕES S.A.,2011Q2,2011-06-30,2011-08-30,11510
18961,ANHANGUERA EDUCACIONAL PARTICIPAÇÕES S.A.,2011Q3,2011-09-30,2011-11-14,12877
18961,ANHANGUERA EDUCACIONAL PARTICIPAÇÕES S.A.,2012Q2,2012-06-30,2012-08-08,20171
18961,ANHANGUERA EDUCACIONAL PARTICIPAÇÕES S.A.,2012Q3,2012-09-30,2012-11-06,22107
18961,ANHANGUERA EDUCACIONAL PARTICIPAÇÕES S.A.,2013Q1,2013-03-31,2013-05-15,27478
18961,ANHANGUERA EDUCACIONAL PARTICIPAÇÕES S.A.,2013Q2,2013-06-30,2013-08-14,30861
18961,ANHANGUERA EDUCACIONAL PARTICIPAÇÕES S.A.,2013Q3,2013-09-30,2013-11-14,32824
18961,ANHANGUERA EDUCACIONAL PARTICIPAÇÕES S.A.,2014Q1,2014-03-31,2014-05-06,36708
18961,ANHANGUERA EDUCACIONAL PARTICIPAÇÕES S.A.,2014Q2,2014-06-30,2014-08-14,40523
23248,ANIMA HOLDING S.A.,2013Q1,2013-03-31,2013-10-25,32049
23248,ANIMA HOLDING S.A.,2013Q2,2013-06-30,2013-10-25,32050
23248,ANIMA HOLDING S.A.,2013Q3,2013-09-30,2013-11-14,32823
23248,ANIMA HOLDING S.A.,2014Q1,2014-03-31,2014-05-08,36993
23248,ANIMA HOLDING S.A.,2014Q2,2014-06-30,2014-08-11,40295
23248,ANIMA HOLDING S.A.,2014Q3,2014-09-30,2014-11-12,42311
23248,ANIMA HOLDING S.A.,2015Q1,2015-03-31,2015-05-07,46550
23248,ANIMA HOLDING S.A.,2015Q2,2015-06-30,2015-08-05,49477
23248,ANIMA HOLDING S.A.,2015Q3,2015-09-30,2015-11-09,51393
23248,ANIMA HOLDING S.A.,2016Q1,2016-03-31,2016-05-12,56246
23248,ANIMA HOLDING S.A.,2016Q2,2016-06-30,2016-08-11,58812
23248,ANIMA HOLDING S.A.,2016Q3,2016-09-30,2016-11-08,60469
23248,ANIMA HOLDING S.A.,2017Q1,2017-03-31,2017-05-10,65137
23248,ANIMA HOLDING S.A.,2017Q2,2017-06-30,2017-08-10,67711
23248,ANIMA HOLDING S.A.,2018Q1,2018-03-31,2018-05-09,74094
23248,ANIMA HOLDING S.A.,2018Q2,2018-06-30,2018-08-15,77375
23248,ANIMA HOLDING S.A.,2018Q3,2018-09-30,2018-11-12,78950
23248,ANIMA HOLDING S.A.,2019Q1,2019-03-31,2019-05-13,83314
23248,ANIMA HOLDING S.A.,2019Q3,2019-09-30,2019-11-11,89241
23248,ANIMA HOLDING S.A.,2020Q1,2020-03-31,2020-05-14,93125
23248,ANIMA HOLDING S.A.,2021Q1,2021-03-31,2021-05-13,104111
23248,ANIMA HOLDING S.A.,2021Q2,2021-06-30,2021-08-16,107945
23248,ANIMA HOLDING S.A.,2022Q1,2022-03-31,2022-05-16,115228
23248,ANIMA HOLDING S.A.,2022Q3,2022-09-30,2022-11-14,122005
23248,ANIMA HOLDING S.A.,2023Q1,2023-03-31,2023-05-15,126732
23248,ANIMA HOLDING S.A.,2023Q2,2023-06-30,2023-08-14,130235
23248,ANIMA HOLDING S.A.,2023Q3,2023-09-30,2023-11-10,132168
23248,ANIMA HOLDING S.A.,2024Q1,2024-03-31,2024-05-13,137176
23248,ANIMA HOLDING S.A.,2024Q2,2024-06-30,2024-08-21,141341
23248,ANIMA HOLDING S.A.,2024Q3,2024-09-30,2024-11-06,142602
23248,ANIMA HOLDING S.A.,2025Q1,2025-03-31,2025-05-08,147105
23248,ANIMA HOLDING S.A.,2025Q2,2025-06-30,2025-08-07,150723
23248,ANIMA HOLDING S.A.,2025Q3,2025-09-30,2025-11-06,152766
19771,ARTERIS S.A.,2011Q1,2011-03-31,2011-06-08,9614
19771,ARTERIS S.A.,2011Q2,2011-06-30,2011-08-11,10796
19771,ARTERIS S.A.,2011Q3,2011-09-30,2011-11-10,12572
19771,ARTERIS S.A.,2012Q1,2012-03-31,2012-05-10,17273
19771,ARTERIS S.A.,2012Q2,2012-06-30,2012-08-14,20536
19771,ARTERIS S.A.,2012Q3,2012-09-30,2013-01-30,23982
19771,ARTERIS S.A.,2013Q1,2013-03-31,2013-05-07,26802
19771,ARTERIS S.A.,2013Q2,2013-06-30,2013-08-08,30318
19771,ARTERIS S.A.,2013Q3,2013-09-30,2013-11-13,32726
19771,ARTERIS S.A.,2014Q1,2014-03-31,2014-05-08,37009
19771,ARTERIS S.A.,2014Q2,2014-06-30,2014-08-07,40186
19771,ARTERIS S.A.,2014Q3,2014-09-30,2014-11-06,42090
19771,ARTERIS S.A.,2015Q1,2015-03-31,2015-05-15,47348
19771,ARTERIS S.A.,2015Q2,2015-06-30,2015-08-06,49501
19771,ARTERIS S.A.,2015Q3,2015-09-30,2015-11-13,51809
19771,ARTERIS S.A.,2016Q1,2016-03-31,2016-05-13,56370
19771,ARTERIS S.A.,2016Q2,2016-06-30,2016-08-12,58900
19771,ARTERIS S.A.,2016Q3,2016-09-30,2016-11-11,60730
19771,ARTERIS S.A.,2017Q1,2017-03-31,2017-05-15,65484
19771,ARTERIS S.A.,2017Q2,2017-06-30,2017-08-10,67713
19771,ARTERIS S.A.,2017Q3,2017-09-30,2017-11-14,69932
19771,ARTERIS S.A.,2018Q1,2018-03-31,2018-05-15,74543
19771,ARTERIS S.A.,2018Q2,2018-06-30,2018-08-14,77167
19771,ARTERIS S.A.,2018Q3,2018-09-30,2018-11-14,79176
19771,ARTERIS S.A.,2019Q1,2019-03-31,2019-05-14,83356
19771,ARTERIS S.A.,2019Q2,2019-06-30,2019-08-22,86937
19771,ARTERIS S.A.,2019Q3,2019-09-30,2019-11-13,89388
19771,ARTERIS S.A.,2020Q1,2020-03-31,2020-06-19,94144
19771,ARTERIS S.A.,2020Q2,2020-06-30,2020-08-13,95989
19771,ARTERIS S.A.,2020Q3,2020-09-30,2020-11-12,98294
19771,ARTERIS S.A.,2021Q1,2021-03-31,2021-05-13,104001
19771,ARTERIS S.A.,2021Q2,2021-06-30,2021-08-12,107598
19771,ARTERIS S.A.,2021Q3,2021-09-30,2021-11-13,110086
19771,ARTERIS S.A.,2022Q1,2022-03-31,2022-05-12,114854
19771,ARTERIS S.A.,2022Q2,2022-06-30,2022-08-12,119804
19771,ARTERIS S.A.,2022Q3,2022-09-30,2022-11-14,122073
19771,ARTERIS S.A.,2023Q1,2023-03-31,2023-05-12,126427
19771,ARTERIS S.A.,2023Q2,2023-06-30,2023-08-11,130175
19771,ARTERIS S.A.,2023Q3,2023-09-30,2023-11-13,132389
19771,ARTERIS S.A.,2024Q1,2024-03-31,2024-05-10,137048
19771,ARTERIS S.A.,2024Q2,2024-06-30,2024-08-09,140699
19771,ARTERIS S.A.,2024Q3,2024-09-30,2024-11-13,143100
19771,ARTERIS S.A.,2025Q1,2025-03-31,2025-05-07,146902
19771,ARTERIS S.A.,2025Q2,2025-06-30,2025-08-14,151272
19771,ARTERIS S.A.,2025Q3,2025-09-30,2025-11-13,153233
24171,ATACADÃO S.A.,2017Q1,2017-03-31,2017-07-20,67244
24171,ATACADÃO S.A.,2017Q2,2017-06-30,2017-08-11,67822
24171,ATACADÃO S.A.,2017Q3,2017-09-30,2017-11-09,69601
24171,ATACADÃO S.A.,2018Q1,2018-03-31,2018-05-15,74588
24171,ATACADÃO S.A.,2018Q2,2018-06-30,2018-07-25,76489
24171,ATACADÃO S.A.,2018Q3,2018-09-30,2018-11-07,78743
24171,ATACADÃO S.A.,2019Q1,2019-03-31,2019-05-09,83053
24171,ATACADÃO S.A.,2019Q2,2019-06-30,2019-07-24,85553
24171,ATACADÃO S.A.,2019Q3,2019-09-30,2019-11-06,89086
24171,ATACADÃO S.A.,2020Q1,2020-03-31,2020-05-11,92933
24171,ATACADÃO S.A.,2020Q2,2020-06-30,2020-07-27,95020
24171,ATACADÃO S.A.,2020Q3,2020-09-30,2020-11-10,98199
24171,ATACADÃO S.A.,2021Q1,2021-03-31,2021-05-11,103804
24171,ATACADÃO S.A.,2021Q2,2021-06-30,2021-07-27,106719
24171,ATACADÃO S.A.,2021Q3,2021-09-30,2021-11-09,109584
24171,ATACADÃO S.A.,2022Q1,2022-03-31,2022-05-05,114345
24171,ATACADÃO S.A.,2022Q2,2022-06-30,2022-07-26,118672
24171,ATACADÃO S.A.,2022Q3,2022-09-30,2022-11-09,121535
24171,ATACADÃO S.A.,2023Q1,2023-03-31,2023-05-02,125616
24171,ATACADÃO S.A.,2023Q2,2023-06-30,2023-07-25,129191
24171,ATACADÃO S.A.,2023Q3,2023-09-30,2023-10-31,131710
24171,ATACADÃO S.A.,2024Q1,2024-03-31,2024-05-07,136619
24171,ATACADÃO S.A.,2024Q2,2024-06-30,2024-07-22,139795
24171,ATACADÃO S.A.,2024Q3,2024-09-30,2024-10-31,142465
24171,ATACADÃO S.A.,2025Q1,2025-03-31,2025-05-06,146882
24171,ATACADÃO S.A.,2025Q2,2025-06-30,2025-07-23,150104
24171,ATACADÃO S.A.,2025Q3,2025-09-30,2025-10-29,152538
26620,AUREN ENERGIA S.A.,2021Q1,2021-03-31,2021-12-10,110699
26620,AUREN ENERGIA S.A.,2021Q2,2021-06-30,2021-12-10,110702
26620,AUREN ENERGIA S.A.,2021Q3,2021-09-30,2021-12-10,110705
26620,AUREN ENERGIA S.A.,2022Q1,2022-03-31,2022-09-23,120735
26620,AUREN ENERGIA S.A.,2022Q2,2022-06-30,2022-08-11,119662
26620,AUREN ENERGIA S.A.,2022Q3,2022-09-30,2022-10-26,121180
26620,AUREN ENERGIA S.A.,2023Q1,2023-03-31,2023-06-05,128250
26620,AUREN ENERGIA S.A.,2023Q2,2023-06-30,2023-08-02,129674
26620,AUREN ENERGIA S.A.,2023Q3,2023-09-30,2023-10-31,131718
26620,AUREN ENERGIA S.A.,2024Q1,2024-03-31,2024-05-07,136624
26620,AUREN ENERGIA S.A.,2024Q2,2024-06-30,2024-08-01,140342
26620,AUREN ENERGIA S.A.,2024Q3,2024-09-30,2024-10-30,142438
26620,AUREN ENERGIA S.A.,2025Q1,2025-03-31,2025-05-07,146959
26620,AUREN ENERGIA S.A.,2025Q2,2025-06-30,2025-08-07,150738
26620,AUREN ENERGIA S.A.,2025Q3,2025-09-30,2025-11-12,153055
27707,AUTOMOB PARTICIPAÇÕES S.A.,2024Q1,2024-03-31,2024-09-24,141875
27707,AUTOMOB PARTICIPAÇÕES S.A.,2024Q2,2024-06-30,2024-09-24,141874
27707,AUTOMOB PARTICIPAÇÕES S.A.,2024Q3,2024-09-30,2024-11-21,143449
27707,AUTOMOB PARTICIPAÇÕES S.A.,2025Q1,2025-03-31,2025-05-08,147027
27707,AUTOMOB PARTICIPAÇÕES S.A.,2025Q2,2025-06-30,2025-08-11,150897
27707,AUTOMOB PARTICIPAÇÕES S.A.,2025Q3,2025-09-30,2025-11-11,152990
2437,AXIA ENERGIA S.A.,2022Q1,2022-03-31,2022-06-06,116860
2437,AXIA ENERGIA S.A.,2022Q2,2022-06-30,2022-08-12,119848
2437,AXIA ENERGIA S.A.,2022Q3,2022-09-30,2022-11-09,121604
2437,AXIA ENERGIA S.A.,2023Q1,2023-03-31,2023-05-04,125782
2437,AXIA ENERGIA S.A.,2023Q2,2023-06-30,2023-08-07,129797
2437,AXIA ENERGIA S.A.,2023Q3,2023-09-30,2023-11-08,131880
2437,AXIA ENERGIA S.A.,2024Q1,2024-03-31,2024-07-31,140307
2437,AXIA ENERGIA S.A.,2024Q2,2024-06-30,2024-08-22,141372
2437,AXIA ENERGIA S.A.,2024Q3,2024-09-30,2024-11-06,142618
2437,AXIA ENERGIA S.A.,2025Q1,2025-03-31,2025-05-14,147690
2437,AXIA ENERGIA S.A.,2025Q2,2025-06-30,2025-08-06,150691
2437,AXIA ENERGIA S.A.,2025Q3,2025-09-30,2025-11-05,152697
24112,AZUL S.A.,2017Q1,2017-03-31,2017-05-15,65476
24112,AZUL S.A.,2017Q2,2017-06-30,2017-08-14,67931
24112,AZUL S.A.,2017Q3,2017-09-30,2017-11-09,69599
24112,AZUL S.A.,2018Q1,2018-03-31,2019-05-20,83906
24112,AZUL S.A.,2018Q2,2018-06-30,2018-08-09,76834
24112,AZUL S.A.,2018Q3,2018-09-30,2018-11-08,78779
24112,AZUL S.A.,2019Q1,2019-03-31,2019-05-09,82965
24112,AZUL S.A.,2019Q2,2019-06-30,2019-08-08,86155
24112,AZUL S.A.,2019Q3,2019-09-30,2019-11-07,89090
24112,AZUL S.A.,2020Q1,2020-03-31,2020-05-14,93080
24112,AZUL S.A.,2020Q2,2020-06-30,2020-08-13,95985
24112,AZUL S.A.,2020Q3,2020-09-30,2020-11-16,98617
24112,AZUL S.A.,2021Q1,2021-03-31,2021-05-06,103457
24112,AZUL S.A.,2021Q2,2021-06-30,2021-08-12,107590
24112,AZUL S.A.,2021Q3,2021-09-30,2021-11-11,109734
24112,AZUL S.A.,2022Q1,2022-03-31,2022-05-09,114516
24112,AZUL S.A.,2022Q2,2022-06-30,2022-08-11,119497
24112,AZUL S.A.,2022Q3,2022-09-30,2022-11-10,121610
24112,AZUL S.A.,2023Q1,2023-03-31,2023-05-15,126628
24112,AZUL S.A.,2023Q2,2023-06-30,2023-08-10,129950
24112,AZUL S.A.,2023Q3,2023-09-30,2023-12-08,132979
24112,AZUL S.A.,2024Q1,2024-03-31,2024-05-13,137107
24112,AZUL S.A.,2024Q2,2024-06-30,2024-08-12,140739
24112,AZUL S.A.,2024Q3,2024-09-30,2024-11-14,143202
24112,AZUL S.A.,2025Q1,2025-03-31,2025-05-14,147565
24112,AZUL S.A.,2025Q2,2025-06-30,2025-08-14,151354
24112,AZUL S.A.,2025Q3,2025-09-30,2025-11-14,153272
22349,AZZAS 2154 S.A.,2011Q1,2011-03-31,2011-05-11,7549
22349,AZZAS 2154 S.A.,2011Q2,2011-06-30,2011-08-10,10658
22349,AZZAS 2154 S.A.,2011Q3,2011-09-30,2011-11-09,12449
22349,AZZAS 2154 S.A.,2012Q1,2012-03-31,2012-05-02,16598
22349,AZZAS 2154 S.A.,2012Q2,2012-06-30,2012-08-01,20004
22349,AZZAS 2154 S.A.,2012Q3,2012-09-30,2012-10-31,21994
22349,AZZAS 2154 S.A.,2013Q1,2013-03-31,2013-04-25,26294
22349,AZZAS 2154 S.A.,2013Q2,2013-06-30,2013-07-31,30080
22349,AZZAS 2154 S.A.,2013Q3,2013-09-30,2013-10-30,32135
22349,AZZAS 2154 S.A.,2014Q1,2014-03-31,2014-04-29,36466
22349,AZZAS 2154 S.A.,2014Q2,2014-06-30,2014-07-30,39974
22349,AZZAS 2154 S.A.,2014Q3,2014-09-30,2014-10-29,41848
22349,AZZAS 2154 S.A.,2015Q1,2015-03-31,2015-05-06,46436
22349,AZZAS 2154 S.A.,2015Q2,2015-06-30,2015-08-05,49446
22349,AZZAS 2154 S.A.,2015Q3,2015-09-30,2015-11-05,51301
22349,AZZAS 2154 S.A.,2016Q1,2016-03-31,2016-05-04,55516
22349,AZZAS 2154 S.A.,2016Q2,2016-06-30,2016-08-03,58423
22349,AZZAS 2154 S.A.,2016Q3,2016-09-30,2016-11-03,60319
22349,AZZAS 2154 S.A.,2017Q1,2017-03-31,2017-05-09,64905
22349,AZZAS 2154 S.A.,2017Q2,2017-06-30,2017-08-02,67467
22349,AZZAS 2154 S.A.,2017Q3,2017-09-30,2017-10-31,69361
22349,AZZAS 2154 S.A.,2018Q1,2018-03-31,2018-05-09,74014
22349,AZZAS 2154 S.A.,2018Q2,2018-06-30,2018-08-01,76608
22349,AZZAS 2154 S.A.,2018Q3,2018-09-30,2018-10-31,78469
22349,AZZAS 2154 S.A.,2019Q1,2019-03-31,2019-05-08,82925
22349,AZZAS 2154 S.A.,2019Q2,2019-06-30,2019-08-06,86096
22349,AZZAS 2154 S.A.,2019Q3,2019-09-30,2019-10-30,88901
22349,AZZAS 2154 S.A.,2020Q1,2020-03-31,2020-05-29,93543
22349,AZZAS 2154 S.A.,2020Q2,2020-06-30,2020-08-13,96021
22349,AZZAS 2154 S.A.,2020Q3,2020-09-30,2020-11-12,98404
22349,AZZAS 2154 S.A.,2021Q1,2021-03-31,2021-06-22,106082
22349,AZZAS 2154 S.A.,2021Q2,2021-06-30,2021-08-12,107661
22349,AZZAS 2154 S.A.,2021Q3,2021-09-30,2021-11-17,110295
22349,AZZAS 2154 S.A.,2022Q1,2022-03-31,2022-05-05,114361
22349,AZZAS 2154 S.A.,2022Q2,2022-06-30,2022-08-12,119726
22349,AZZAS 2154 S.A.,2022Q3,2022-09-30,2022-11-08,121460
22349,AZZAS 2154 S.A.,2023Q1,2023-03-31,2023-05-03,125667
22349,AZZAS 2154 S.A.,2023Q2,2023-06-30,2023-08-11,130139
22349,AZZAS 2154 S.A.,2023Q3,2023-09-30,2023-11-07,131867
22349,AZZAS 2154 S.A.,2024Q1,2024-03-31,2024-05-08,136715
22349,AZZAS 2154 S.A.,2024Q2,2024-06-30,2024-08-13,140945
22349,AZZAS 2154 S.A.,2024Q3,2024-09-30,2024-12-17,143851
22349,AZZAS 2154 S.A.,2025Q1,2025-03-31,2025-05-07,146969
22349,AZZAS 2154 S.A.,2025Q3,2025-09-30,2025-11-10,152889
19909,BR MALLS PARTICIPACOES S.A.,2011Q1,2011-03-31,2011-05-02,7005
19909,BR MALLS PARTICIPACOES S.A.,2011Q3,2011-09-30,2012-11-12,22392
19909,BR MALLS PARTICIPACOES S.A.,2012Q1,2012-03-31,2012-04-26,16501
19909,BR MALLS PARTICIPACOES S.A.,2012Q2,2012-06-30,2012-10-18,21730
19909,BR MALLS PARTICIPACOES S.A.,2012Q3,2012-09-30,2012-11-13,22396
19909,BR MALLS PARTICIPACOES S.A.,2013Q1,2013-03-31,2013-05-07,26818
19909,BR MALLS PARTICIPACOES S.A.,2013Q2,2013-06-30,2013-08-12,30437
19909,BR MALLS PARTICIPACOES S.A.,2013Q3,2013-09-30,2013-11-04,32271
19909,BR MALLS PARTICIPACOES S.A.,2014Q1,2014-03-31,2014-05-06,36788
19909,BR MALLS PARTICIPACOES S.A.,2014Q2,2014-06-30,2014-08-04,40101
19909,BR MALLS PARTICIPACOES S.A.,2014Q3,2014-09-30,2014-11-04,42015
19909,BR MALLS PARTICIPACOES S.A.,2015Q1,2015-03-31,2015-05-05,46428
19909,BR MALLS PARTICIPACOES S.A.,2015Q2,2015-06-30,2015-08-03,49397
19909,BR MALLS PARTICIPACOES S.A.,2015Q3,2015-09-30,2015-11-02,51222
19909,BR MALLS PARTICIPACOES S.A.,2016Q1,2016-03-31,2016-05-13,56503
19909,BR MALLS PARTICIPACOES S.A.,2016Q2,2016-06-30,2016-08-11,58873
19909,BR MALLS PARTICIPACOES S.A.,2016Q3,2016-09-30,2016-11-14,61026
19909,BR MALLS PARTICIPACOES S.A.,2017Q1,2017-03-31,2017-05-09,64959
19909,BR MALLS PARTICIPACOES S.A.,2017Q2,2017-06-30,2017-08-14,68099
19909,BR MALLS PARTICIPACOES S.A.,2017Q3,2017-09-30,2017-11-14,70110
19909,BR MALLS PARTICIPACOES S.A.,2018Q1,2018-03-31,2018-05-14,74508
19909,BR MALLS PARTICIPACOES S.A.,2018Q2,2018-06-30,2018-08-09,76891
19909,BR MALLS PARTICIPACOES S.A.,2018Q3,2018-09-30,2018-11-13,79156
19909,BR MALLS PARTICIPACOES S.A.,2019Q1,2019-03-31,2019-05-09,83052
19909,BR MALLS PARTICIPACOES S.A.,2019Q2,2019-06-30,2019-08-08,86220
19909,BR MALLS PARTICIPACOES S.A.,2019Q3,2019-09-30,2019-11-13,89439
19909,BR MALLS PARTICIPACOES S.A.,2020Q1,2020-03-31,2020-06-04,93815
19909,BR MALLS PARTICIPACOES S.A.,2020Q2,2020-06-30,2020-08-13,96100
19909,BR MALLS PARTICIPACOES S.A.,2020Q3,2020-09-30,2020-11-12,98376
19909,BR MALLS PARTICIPACOES S.A.,2021Q1,2021-03-31,2021-05-13,104078
19909,BR MALLS PARTICIPACOES S.A.,2021Q2,2021-06-30,2021-08-12,107716
19909,BR MALLS PARTICIPACOES S.A.,2021Q3,2021-09-30,2021-11-11,109841
19909,BR MALLS PARTICIPACOES S.A.,2022Q1,2022-03-31,2022-05-12,115020
19909,BR MALLS PARTICIPACOES S.A.,2022Q2,2022-06-30,2022-08-11,119669
19909,BR MALLS PARTICIPACOES S.A.,2022Q3,2022-09-30,2022-11-10,121797
19909,BR MALLS PARTICIPACOES S.A.,2023Q1,2023-03-31,2023-05-15,126757
19909,BR MALLS PARTICIPACOES S.A.,2023Q2,2023-06-30,2023-08-14,130375
19909,BR MALLS PARTICIPACOES S.A.,2023Q3,2023-09-30,2023-11-13,132432
19909,BR MALLS PARTICIPACOES S.A.,2024Q1,2024-03-31,2024-05-10,137065
19909,BR MALLS PARTICIPACOES S.A.,2024Q2,2024-06-30,2024-08-14,141094
19909,BR MALLS PARTICIPACOES S.A.,2024Q3,2024-09-30,2024-11-14,143280
19909,BR MALLS PARTICIPACOES S.A.,2025Q1,2025-03-31,2025-05-15,147825
19909,BR MALLS PARTICIPACOES S.A.,2025Q2,2025-06-30,2025-08-14,151338
19909,BR MALLS PARTICIPACOES S.A.,2025Q3,2025-09-30,2025-11-13,153156
19925,BR PROPERTIES S.A.,2011Q1,2011-03-31,2011-05-20,8403
19925,BR PROPERTIES S.A.,2011Q2,2011-06-30,2011-08-12,10944
19925,BR PROPERTIES S.A.,2011Q3,2011-09-30,2011-11-11,12764
19925,BR PROPERTIES S.A.,2012Q1,2012-03-31,2012-05-15,17786
19925,BR PROPERTIES S.A.,2012Q2,2012-06-30,2012-08-09,20230
19925,BR PROPERTIES S.A.,2012Q3,2012-09-30,2012-11-09,22266
19925,BR PROPERTIES S.A.,2013Q1,2013-03-31,2013-05-06,26680
19925,BR PROPERTIES S.A.,2013Q3,2013-09-30,2013-11-05,32300
19925,BR PROPERTIES S.A.,2014Q1,2014-03-31,2014-05-05,36682
19925,BR PROPERTIES S.A.,2014Q2,2014-06-30,2014-08-04,40099
19925,BR PROPERTIES S.A.,2014Q3,2014-09-30,2014-11-03,41967
19925,BR PROPERTIES S.A.,2015Q1,2015-03-31,2015-05-04,46325
19925,BR PROPERTIES S.A.,2015Q2,2015-06-30,2015-08-03,49407
19925,BR PROPERTIES S.A.,2015Q3,2015-09-30,2015-11-03,51250
19925,BR PROPERTIES S.A.,2016Q1,2016-03-31,2016-05-03,55493
19925,BR PROPERTIES S.A.,2016Q2,2016-06-30,2016-08-10,58705
19925,BR PROPERTIES S.A.,2016Q3,2016-09-30,2016-11-09,60539
19925,BR PROPERTIES S.A.,2017Q1,2017-03-31,2017-06-16,66834
19925,BR PROPERTIES S.A.,2017Q2,2017-06-30,2017-08-08,67593
19925,BR PROPERTIES S.A.,2017Q3,2017-09-30,2017-11-07,69524
19925,BR PROPERTIES S.A.,2018Q1,2018-03-31,2018-05-08,73949
19925,BR PROPERTIES S.A.,2018Q2,2018-06-30,2018-08-07,76755
19925,BR PROPERTIES S.A.,2018Q3,2018-09-30,2018-11-06,78697
19925,BR PROPERTIES S.A.,2019Q1,2019-03-31,2019-05-07,82814
19925,BR PROPERTIES S.A.,2019Q2,2019-06-30,2019-08-07,86134
19925,BR PROPERTIES S.A.,2019Q3,2019-09-30,2019-10-30,88910
19925,BR PROPERTIES S.A.,2020Q1,2020-03-31,2020-05-06,92753
19925,BR PROPERTIES S.A.,2020Q2,2020-06-30,2020-08-05,95685
19925,BR PROPERTIES S.A.,2020Q3,2020-09-30,2020-11-04,98036
19925,BR PROPERTIES S.A.,2021Q1,2021-03-31,2021-05-05,103413
19925,BR PROPERTIES S.A.,2021Q2,2021-06-30,2021-08-04,107261
19925,BR PROPERTIES S.A.,2021Q3,2021-09-30,2021-11-04,109429
19925,BR PROPERTIES S.A.,2022Q1,2022-03-31,2022-05-05,114367
19925,BR PROPERTIES S.A.,2022Q2,2022-06-30,2022-08-11,119572
19925,BR PROPERTIES S.A.,2022Q3,2022-09-30,2022-11-03,121320
19925,BR PROPERTIES S.A.,2023Q1,2023-03-31,2023-05-04,125758
19925,BR PROPERTIES S.A.,2023Q2,2023-06-30,2023-08-03,129709
19925,BR PROPERTIES S.A.,2023Q3,2023-09-30,2023-11-09,132114
18724,BRADESPAR S.A.,2011Q1,2011-03-31,2011-05-13,7908
18724,BRADESPAR S.A.,2011Q2,2011-06-30,2011-08-12,10951
18724,BRADESPAR S.A.,2011Q3,2011-09-30,2011-11-14,12957
18724,BRADESPAR S.A.,2012Q1,2012-03-31,2012-05-15,17791
18724,BRADESPAR S.A.,2012Q2,2012-06-30,2012-08-14,20611
18724,BRADESPAR S.A.,2012Q3,2012-09-30,2012-11-14,22717
18724,BRADESPAR S.A.,2013Q1,2013-03-31,2013-05-15,27464
18724,BRADESPAR S.A.,2013Q2,2013-06-30,2013-08-14,30561
18724,BRADESPAR S.A.,2013Q3,2013-09-30,2013-11-14,32828
18724,BRADESPAR S.A.,2014Q1,2014-03-31,2014-05-15,37666
18724,BRADESPAR S.A.,2014Q2,2014-06-30,2014-08-14,40527
18724,BRADESPAR S.A.,2014Q3,2014-09-30,2014-11-12,42251
18724,BRADESPAR S.A.,2015Q1,2015-03-31,2015-05-13,47023
18724,BRADESPAR S.A.,2015Q2,2015-06-30,2015-08-12,49670
18724,BRADESPAR S.A.,2015Q3,2015-09-30,2015-11-12,51554
18724,BRADESPAR S.A.,2016Q1,2016-03-31,2016-05-12,56102
18724,BRADESPAR S.A.,2016Q2,2016-06-30,2016-08-12,58891
18724,BRADESPAR S.A.,2016Q3,2016-09-30,2016-11-11,60708
18724,BRADESPAR S.A.,2017Q1,2017-03-31,2017-05-12,65302
18724,BRADESPAR S.A.,2017Q2,2017-06-30,2017-08-11,67824
18724,BRADESPAR S.A.,2017Q3,2017-09-30,2017-11-13,69760
18724,BRADESPAR S.A.,2018Q1,2018-03-31,2018-05-14,74391
18724,BRADESPAR S.A.,2018Q2,2018-06-30,2018-08-13,77064
18724,BRADESPAR S.A.,2018Q3,2018-09-30,2018-11-13,79033
18724,BRADESPAR S.A.,2019Q1,2019-03-31,2019-05-14,83350
18724,BRADESPAR S.A.,2019Q2,2019-06-30,2019-08-13,86356
18724,BRADESPAR S.A.,2019Q3,2019-09-30,2019-11-13,89343
18724,BRADESPAR S.A.,2020Q1,2020-03-31,2020-05-14,93076
18724,BRADESPAR S.A.,2020Q2,2020-06-30,2020-08-13,95980
18724,BRADESPAR S.A.,2020Q3,2020-09-30,2020-11-12,98286
18724,BRADESPAR S.A.,2021Q1,2021-03-31,2021-05-13,103976
18724,BRADESPAR S.A.,2021Q2,2021-06-30,2021-08-12,107586
18724,BRADESPAR S.A.,2021Q3,2021-09-30,2021-11-11,109732
18724,BRADESPAR S.A.,2022Q1,2022-03-31,2022-05-12,114852
18724,BRADESPAR S.A.,2022Q2,2022-06-30,2022-08-11,119491
18724,BRADESPAR S.A.,2022Q3,2022-09-30,2022-11-10,121609
18724,BRADESPAR S.A.,2023Q1,2023-03-31,2023-05-12,126413
18724,BRADESPAR S.A.,2023Q2,2023-06-30,2023-08-11,130108
18724,BRADESPAR S.A.,2023Q3,2023-09-30,2023-11-13,132254
18724,BRADESPAR S.A.,2024Q1,2024-03-31,2024-05-14,137217
18724,BRADESPAR S.A.,2024Q2,2024-06-30,2024-08-13,140841
18724,BRADESPAR S.A.,2024Q3,2024-09-30,2024-11-13,143017
18724,BRADESPAR S.A.,2025Q1,2025-03-31,2025-05-14,147560
18724,BRADESPAR S.A.,2025Q2,2025-06-30,2025-08-13,151050
18724,BRADESPAR S.A.,2025Q3,2025-09-30,2025-11-13,153107
20125,BRADSAÚDE S.A.,2022Q1,2022-03-31,2022-04-27,113978
20125,BRADSAÚDE S.A.,2022Q2,2022-06-30,2022-08-10,119413
20125,BRADSAÚDE S.A.,2023Q1,2023-03-31,2023-05-10,126108
20125,BRADSAÚDE S.A.,2023Q2,2023-06-30,2023-08-09,129874
20125,BRADSAÚDE S.A.,2023Q3,2023-09-30,2023-11-08,131950
20125,BRADSAÚDE S.A.,2024Q1,2024-03-31,2024-05-07,136576
20125,BRADSAÚDE S.A.,2024Q2,2024-06-30,2024-08-06,140419
20125,BRADSAÚDE S.A.,2024Q3,2024-09-30,2024-11-05,142552
20125,BRADSAÚDE S.A.,2025Q1,2025-03-31,2025-05-06,146840
20125,BRADSAÚDE S.A.,2025Q2,2025-06-30,2025-08-05,150597
20125,BRADSAÚDE S.A.,2025Q3,2025-09-30,2025-11-04,152635
4820,BRASKEM S.A.,2011Q1,2011-03-31,2011-06-13,9695
4820,BRASKEM S.A.,2011Q2,2011-06-30,2011-08-11,10743
4820,BRASKEM S.A.,2011Q3,2011-09-30,2011-11-10,12518
4820,BRASKEM S.A.,2012Q1,2012-03-31,2012-05-10,17182
4820,BRASKEM S.A.,2012Q2,2012-06-30,2012-08-14,20440
4820,BRASKEM S.A.,2012Q3,2012-09-30,2012-11-08,22210
4820,BRASKEM S.A.,2013Q1,2013-03-31,2013-05-09,26923
4820,BRASKEM S.A.,2013Q2,2013-06-30,2013-08-08,30297
4820,BRASKEM S.A.,2013Q3,2013-09-30,2013-11-07,32404
4820,BRASKEM S.A.,2014Q1,2014-03-31,2014-05-08,36927
4820,BRASKEM S.A.,2014Q2,2014-06-30,2014-08-07,40178
4820,BRASKEM S.A.,2014Q3,2014-09-30,2014-11-06,42075
4820,BRASKEM S.A.,2015Q1,2015-03-31,2015-05-07,46556
4820,BRASKEM S.A.,2015Q2,2015-06-30,2015-08-06,49493
4820,BRASKEM S.A.,2015Q3,2015-09-30,2015-11-05,51305
4820,BRASKEM S.A.,2016Q1,2016-03-31,2016-05-05,55582
4820,BRASKEM S.A.,2016Q2,2016-06-30,2016-08-04,58481
4820,BRASKEM S.A.,2016Q3,2016-09-30,2016-11-10,60598
4820,BRASKEM S.A.,2017Q1,2017-03-31,2017-08-15,68265
4820,BRASKEM S.A.,2017Q2,2017-06-30,2017-08-15,68266
4820,BRASKEM S.A.,2017Q3,2017-09-30,2017-11-09,69604
4820,BRASKEM S.A.,2018Q1,2018-03-31,2018-05-09,74091
4820,BRASKEM S.A.,2018Q2,2018-06-30,2018-08-08,76808
4820,BRASKEM S.A.,2018Q3,2018-09-30,2018-11-12,79008
4820,BRASKEM S.A.,2019Q1,2019-03-31,2019-08-07,86146
4820,BRASKEM S.A.,2019Q2,2019-06-30,2019-10-22,88750
4820,BRASKEM S.A.,2019Q3,2019-09-30,2019-11-14,89690
4820,BRASKEM S.A.,2020Q1,2020-03-31,2020-06-03,93751
4820,BRASKEM S.A.,2020Q2,2020-06-30,2020-08-05,95698
4820,BRASKEM S.A.,2020Q3,2020-09-30,2020-11-10,98204
4820,BRASKEM S.A.,2021Q1,2021-03-31,2021-05-12,103862
4820,BRASKEM S.A.,2021Q2,2021-06-30,2021-08-04,107270
4820,BRASKEM S.A.,2021Q3,2021-09-30,2021-11-09,109605
4820,BRASKEM S.A.,2022Q1,2022-03-31,2022-05-11,114827
4820,BRASKEM S.A.,2022Q2,2022-06-30,2022-08-10,119477
4820,BRASKEM S.A.,2022Q3,2022-09-30,2022-11-08,121485
4820,BRASKEM S.A.,2023Q1,2023-03-31,2023-05-08,125957
4820,BRASKEM S.A.,2023Q2,2023-06-30,2023-08-09,129863
4820,BRASKEM S.A.,2023Q3,2023-09-30,2023-11-08,131980
4820,BRASKEM S.A.,2024Q1,2024-03-31,2024-05-14,137259
4820,BRASKEM S.A.,2024Q2,2024-06-30,2024-08-07,140555
4820,BRASKEM S.A.,2024Q3,2024-09-30,2024-11-07,142664
4820,BRASKEM S.A.,2025Q3,2025-09-30,2025-11-14,153413
25291,BRAVA ENERGIA S.A.,2020Q1,2020-03-31,2020-10-16,96734
25291,BRAVA ENERGIA S.A.,2020Q2,2020-06-30,2020-08-31,96735
25291,BRAVA ENERGIA S.A.,2020Q3,2020-09-30,2020-11-16,98663
25291,BRAVA ENERGIA S.A.,2021Q1,2021-03-31,2021-05-13,103975
25291,BRAVA ENERGIA S.A.,2021Q2,2021-06-30,2021-08-04,107276
25291,BRAVA ENERGIA S.A.,2021Q3,2021-09-30,2021-11-10,109720
25291,BRAVA ENERGIA S.A.,2022Q1,2022-03-31,2022-05-03,114223
25291,BRAVA ENERGIA S.A.,2022Q2,2022-06-30,2022-08-10,119486
25291,BRAVA ENERGIA S.A.,2022Q3,2022-09-30,2022-11-08,121495
25291,BRAVA ENERGIA S.A.,2023Q1,2023-03-31,2023-04-27,125480
25291,BRAVA ENERGIA S.A.,2023Q2,2023-06-30,2023-08-09,129852
25291,BRAVA ENERGIA S.A.,2023Q3,2023-09-30,2023-11-08,131960
25291,BRAVA ENERGIA S.A.,2024Q1,2024-03-31,2024-05-09,136789
25291,BRAVA ENERGIA S.A.,2024Q2,2024-06-30,2024-07-31,140079
25291,BRAVA ENERGIA S.A.,2024Q3,2024-09-30,2024-11-13,143195
25291,BRAVA ENERGIA S.A.,2025Q2,2025-06-30,2025-08-06,150685
25291,BRAVA ENERGIA S.A.,2025Q3,2025-09-30,2025-11-05,152704
16292,BRF S.A.,2011Q1,2011-03-31,2011-05-13,7876
16292,BRF S.A.,2011Q2,2011-06-30,2011-08-11,10807
16292,BRF S.A.,2011Q3,2011-09-30,2011-10-27,12198
16292,BRF S.A.,2012Q1,2012-03-31,2012-05-11,17424
16292,BRF S.A.,2012Q2,2012-06-30,2012-08-13,20399
16292,BRF S.A.,2012Q3,2012-09-30,2012-11-12,22378
16292,BRF S.A.,2013Q1,2013-03-31,2013-04-29,26403
16292,BRF S.A.,2013Q2,2013-06-30,2013-07-29,30044
16292,BRF S.A.,2013Q3,2013-09-30,2013-10-28,32059
16292,BRF S.A.,2014Q1,2014-03-31,2014-05-05,36676
16292,BRF S.A.,2014Q2,2014-06-30,2014-07-31,40018
16292,BRF S.A.,2014Q3,2014-09-30,2014-10-30,41894
16292,BRF S.A.,2015Q1,2015-03-31,2015-04-28,46183
16292,BRF S.A.,2015Q2,2015-06-30,2015-07-30,49352
16292,BRF S.A.,2015Q3,2015-09-30,2015-10-29,51197
16292,BRF S.A.,2016Q1,2016-03-31,2016-04-28,55363
16292,BRF S.A.,2016Q2,2016-06-30,2016-07-28,58330
16292,BRF S.A.,2016Q3,2016-09-30,2016-10-27,60220
16292,BRF S.A.,2017Q1,2017-03-31,2017-05-11,65296
16292,BRF S.A.,2017Q2,2017-06-30,2017-08-10,67806
16292,BRF S.A.,2017Q3,2017-09-30,2017-11-09,69664
16292,BRF S.A.,2018Q1,2018-03-31,2018-05-11,74315
16292,BRF S.A.,2018Q2,2018-06-30,2018-08-10,76904
16292,BRF S.A.,2018Q3,2018-09-30,2018-11-08,78778
16292,BRF S.A.,2019Q1,2019-03-31,2019-05-10,83115
16292,BRF S.A.,2019Q2,2019-06-30,2019-08-09,86223
16292,BRF S.A.,2019Q3,2019-09-30,2019-11-08,89152
16292,BRF S.A.,2020Q1,2020-03-31,2020-05-10,92891
16292,BRF S.A.,2020Q2,2020-06-30,2020-08-14,96160
16292,BRF S.A.,2020Q3,2020-09-30,2020-11-16,98683
16292,BRF S.A.,2021Q1,2021-03-31,2021-05-12,103905
16292,BRF S.A.,2021Q2,2021-06-30,2021-08-12,107639
16292,BRF S.A.,2021Q3,2021-09-30,2021-11-10,109651
16292,BRF S.A.,2022Q1,2022-03-31,2022-05-04,114287
16292,BRF S.A.,2022Q2,2022-06-30,2022-08-10,119464
16292,BRF S.A.,2022Q3,2022-09-30,2022-11-09,121561
16292,BRF S.A.,2023Q1,2023-03-31,2023-05-15,126724
16292,BRF S.A.,2023Q2,2023-06-30,2023-08-14,130303
16292,BRF S.A.,2023Q3,2023-09-30,2023-11-13,132383
16292,BRF S.A.,2024Q1,2024-03-31,2024-05-07,136623
16292,BRF S.A.,2024Q2,2024-06-30,2024-08-14,141132
16292,BRF S.A.,2024Q3,2024-09-30,2024-11-13,143132
16292,BRF S.A.,2025Q2,2025-06-30,2025-08-14,151334
16292,BRF S.A.,2025Q3,2025-09-30,2025-11-10,152872
24848,C&A MODAS S.A.,2019Q1,2019-03-31,2020-08-20,96365
24848,C&A MODAS S.A.,2019Q2,2019-06-30,2019-08-30,87079
24848,C&A MODAS S.A.,2019Q3,2019-09-30,2019-11-12,89334
24848,C&A MODAS S.A.,2020Q1,2020-03-31,2020-05-27,93468
24848,C&A MODAS S.A.,2020Q2,2020-06-30,2020-08-19,96341
24848,C&A MODAS S.A.,2020Q3,2020-09-30,2020-11-12,98352
24848,C&A MODAS S.A.,2021Q1,2021-03-31,2021-05-13,104062
24848,C&A MODAS S.A.,2021Q2,2021-06-30,2021-08-10,107451
24848,C&A MODAS S.A.,2021Q3,2021-09-30,2021-11-11,109792
24848,C&A MODAS S.A.,2022Q1,2022-03-31,2022-05-05,114382
24848,C&A MODAS S.A.,2022Q2,2022-06-30,2022-08-10,119430
24848,C&A MODAS S.A.,2022Q3,2022-09-30,2022-11-08,121446
24848,C&A MODAS S.A.,2023Q1,2023-03-31,2023-05-11,126347
24848,C&A MODAS S.A.,2023Q2,2023-06-30,2023-08-10,130052
24848,C&A MODAS S.A.,2023Q3,2023-09-30,2023-11-09,132125
24848,C&A MODAS S.A.,2024Q1,2024-03-31,2024-05-09,136906
24848,C&A MODAS S.A.,2024Q2,2024-06-30,2024-08-07,140497
24848,C&A MODAS S.A.,2024Q3,2024-09-30,2024-11-06,142628
24848,C&A MODAS S.A.,2025Q1,2025-03-31,2025-05-07,146987
24848,C&A MODAS S.A.,2025Q3,2025-09-30,2025-11-04,152650
18821,CCR S.A.,2011Q1,2011-03-31,2011-05-16,8114
18821,CCR S.A.,2011Q2,2011-06-30,2011-08-11,10832
18821,CCR S.A.,2011Q3,2011-09-30,2011-11-10,12605
18821,CCR S.A.,2012Q1,2012-03-31,2012-05-15,17784
18821,CCR S.A.,2012Q2,2012-06-30,2012-08-13,20389
18821,CCR S.A.,2012Q3,2012-09-30,2012-11-13,22415
18821,CCR S.A.,2013Q1,2013-03-31,2013-05-14,27394
18821,CCR S.A.,2013Q2,2013-06-30,2013-08-12,30450
18821,CCR S.A.,2013Q3,2013-09-30,2013-10-28,32081
18821,CCR S.A.,2014Q1,2014-03-31,2014-05-12,37278
18821,CCR S.A.,2014Q2,2014-06-30,2014-08-11,40296
18821,CCR S.A.,2014Q3,2014-09-30,2014-10-28,41832
18821,CCR S.A.,2015Q1,2015-03-31,2015-05-14,47184
18821,CCR S.A.,2015Q2,2015-06-30,2015-08-10,49607
18821,CCR S.A.,2015Q3,2015-09-30,2015-10-27,51120
18821,CCR S.A.,2016Q1,2016-03-31,2016-05-10,55958
18821,CCR S.A.,2016Q2,2016-06-30,2016-08-11,58831
18821,CCR S.A.,2016Q3,2016-09-30,2016-11-03,60335
18821,CCR S.A.,2017Q1,2017-03-31,2017-05-11,65250
18821,CCR S.A.,2017Q2,2017-06-30,2017-08-14,68050
18821,CCR S.A.,2017Q3,2017-09-30,2017-10-26,69288
18821,CCR S.A.,2018Q1,2018-03-31,2018-05-10,74231
18821,CCR S.A.,2018Q2,2018-06-30,2018-08-14,77242
18821,CCR S.A.,2018Q3,2018-09-30,2018-10-25,78299
18821,CCR S.A.,2019Q1,2019-03-31,2019-04-29,82485
18821,CCR S.A.,2019Q2,2019-06-30,2019-08-08,86191
18821,CCR S.A.,2019Q3,2019-09-30,2019-10-28,88844
18821,CCR S.A.,2020Q1,2020-03-31,2020-05-14,93130
18821,CCR S.A.,2020Q2,2020-06-30,2020-08-13,96056
18821,CCR S.A.,2020Q3,2020-09-30,2020-11-11,98256
20184,CCX CARVÃO DA COLÔMBIA S.A. - EM LIQUIDAÇÃO,2011Q1,2011-03-31,2011-05-13,7805
20184,CCX CARVÃO DA COLÔMBIA S.A. - EM LIQUIDAÇÃO,2011Q2,2011-06-30,2011-08-22,11362
20184,CCX CARVÃO DA COLÔMBIA S.A. - EM LIQUIDAÇÃO,2011Q3,2011-09-30,2011-11-11,12721
20184,CCX CARVÃO DA COLÔMBIA S.A. - EM LIQUIDAÇÃO,2012Q1,2012-03-31,2012-05-14,17525
20184,CCX CARVÃO DA COLÔMBIA S.A. - EM LIQUIDAÇÃO,2012Q2,2012-06-30,2012-08-13,20390
20184,CCX CARVÃO DA COLÔMBIA S.A. - EM LIQUIDAÇÃO,2012Q3,2012-09-30,2012-11-08,22236
20184,CCX CARVÃO DA COLÔMBIA S.A. - EM LIQUIDAÇÃO,2013Q1,2013-03-31,2013-05-09,27002
20184,CCX CARVÃO DA COLÔMBIA S.A. - EM LIQUIDAÇÃO,2013Q2,2013-06-30,2013-08-14,30850
20184,CCX CARVÃO DA COLÔMBIA S.A. - EM LIQUIDAÇÃO,2013Q3,2013-09-30,2013-11-25,33255
20184,CCX CARVÃO DA COLÔMBIA S.A. - EM LIQUIDAÇÃO,2014Q1,2014-03-31,2014-05-15,37792
20184,CCX CARVÃO DA COLÔMBIA S.A. - EM LIQUIDAÇÃO,2014Q2,2014-06-30,2014-08-14,40641
20184,CCX CARVÃO DA COLÔMBIA S.A. - EM LIQUIDAÇÃO,2014Q3,2014-09-30,2014-11-14,42611
20184,CCX CARVÃO DA COLÔMBIA S.A. - EM LIQUIDAÇÃO,2015Q1,2015-03-31,2015-05-15,47445
20184,CCX CARVÃO DA COLÔMBIA S.A. - EM LIQUIDAÇÃO,2015Q2,2015-06-30,2015-08-14,50136
20184,CCX CARVÃO DA COLÔMBIA S.A. - EM LIQUIDAÇÃO,2015Q3,2015-09-30,2015-11-17,52059
20184,CCX CARVÃO DA COLÔMBIA S.A. - EM LIQUIDAÇÃO,2016Q1,2016-03-31,2016-05-13,56524
20184,CCX CARVÃO DA COLÔMBIA S.A. - EM LIQUIDAÇÃO,2016Q2,2016-06-30,2016-09-14,59650
20184,CCX CARVÃO DA COLÔMBIA S.A. - EM LIQUIDAÇÃO,2016Q3,2016-09-30,2016-11-14,61014
20184,CCX CARVÃO DA COLÔMBIA S.A. - EM LIQUIDAÇÃO,2017Q1,2017-03-31,2017-05-15,65703
20184,CCX CARVÃO DA COLÔMBIA S.A. - EM LIQUIDAÇÃO,2017Q2,2017-06-30,2017-09-14,68709
20184,CCX CARVÃO DA COLÔMBIA S.A. - EM LIQUIDAÇÃO,2017Q3,2017-09-30,2017-11-14,70024
20184,CCX CARVÃO DA COLÔMBIA S.A. - EM LIQUIDAÇÃO,2018Q1,2018-03-31,2018-05-15,74811
20184,CCX CARVÃO DA COLÔMBIA S.A. - EM LIQUIDAÇÃO,2018Q2,2018-06-30,2018-08-14,77295
20184,CCX CARVÃO DA COLÔMBIA S.A. - EM LIQUIDAÇÃO,2018Q3,2018-09-30,2018-11-14,79376
20184,CCX CARVÃO DA COLÔMBIA S.A. - EM LIQUIDAÇÃO,2019Q1,2019-03-31,2019-05-15,83663
20184,CCX CARVÃO DA COLÔMBIA S.A. - EM LIQUIDAÇÃO,2019Q2,2019-06-30,2019-08-14,86638
20184,CCX CARVÃO DA COLÔMBIA S.A. - EM LIQUIDAÇÃO,2019Q3,2019-09-30,2019-11-14,89652
20184,CCX CARVÃO DA COLÔMBIA S.A. - EM LIQUIDAÇÃO,2020Q1,2020-03-31,2021-03-31,102599
20184,CCX CARVÃO DA COLÔMBIA S.A. - EM LIQUIDAÇÃO,2020Q2,2020-06-30,2021-05-14,104357
20184,CCX CARVÃO DA COLÔMBIA S.A. - EM LIQUIDAÇÃO,2020Q3,2020-09-30,2021-06-08,105816
20184,CCX CARVÃO DA COLÔMBIA S.A. - EM LIQUIDAÇÃO,2021Q1,2021-03-31,2021-11-22,110386
20184,CCX CARVÃO DA COLÔMBIA S.A. - EM LIQUIDAÇÃO,2021Q2,2021-06-30,2021-12-23,110948
20184,CCX CARVÃO DA COLÔMBIA S.A. - EM LIQUIDAÇÃO,2021Q3,2021-09-30,2022-01-31,111447
20184,CCX CARVÃO DA COLÔMBIA S.A. - EM LIQUIDAÇÃO,2022Q1,2022-03-31,2022-08-30,120335
20184,CCX CARVÃO DA COLÔMBIA S.A. - EM LIQUIDAÇÃO,2022Q2,2022-06-30,2023-07-31,129548
20184,CCX CARVÃO DA COLÔMBIA S.A. - EM LIQUIDAÇÃO,2022Q3,2022-09-30,2024-03-27,135226
21776,CENTENNIAL ASSET PARTICIPAÇÕES SUDESTE S/A,2011Q1,2011-03-31,2011-05-12,7708
21776,CENTENNIAL ASSET PARTICIPAÇÕES SUDESTE S/A,2011Q2,2011-06-30,2011-08-09,10656
21776,CENTENNIAL ASSET PARTICIPAÇÕES SUDESTE S/A,2011Q3,2011-09-30,2011-11-07,12395
21776,CENTENNIAL ASSET PARTICIPAÇÕES SUDESTE S/A,2012Q1,2012-03-31,2012-05-09,17150
21776,CENTENNIAL ASSET PARTICIPAÇÕES SUDESTE S/A,2012Q2,2012-06-30,2012-08-13,20410
2437,CENTRAIS ELET BRAS S.A. - ELETROBRAS,2011Q1,2011-03-31,2011-06-20,9788
2437,CENTRAIS ELET BRAS S.A. - ELETROBRAS,2011Q2,2011-06-30,2011-08-26,11455
2437,CENTRAIS ELET BRAS S.A. - ELETROBRAS,2011Q3,2011-09-30,2011-11-16,13006
2437,CENTRAIS ELET BRAS S.A. - ELETROBRAS,2012Q1,2012-03-31,2012-06-01,19113
2437,CENTRAIS ELET BRAS S.A. - ELETROBRAS,2012Q2,2012-06-30,2012-08-14,20654
2437,CENTRAIS ELET BRAS S.A. - ELETROBRAS,2012Q3,2012-09-30,2012-11-14,22755
2437,CENTRAIS ELET BRAS S.A. - ELETROBRAS,2013Q1,2013-03-31,2013-05-15,27897
2437,CENTRAIS ELET BRAS S.A. - ELETROBRAS,2013Q2,2013-06-30,2013-08-14,30777
2437,CENTRAIS ELET BRAS S.A. - ELETROBRAS,2013Q3,2013-09-30,2013-11-14,33072
2437,CENTRAIS ELET BRAS S.A. - ELETROBRAS,2014Q1,2014-03-31,2014-05-15,37908
2437,CENTRAIS ELET BRAS S.A. - ELETROBRAS,2014Q2,2014-06-30,2014-08-12,40388
2437,CENTRAIS ELET BRAS S.A. - ELETROBRAS,2014Q3,2014-09-30,2014-11-14,42694
2437,CENTRAIS ELET BRAS S.A. - ELETROBRAS,2015Q1,2015-03-31,2015-05-15,47504
2437,CENTRAIS ELET BRAS S.A. - ELETROBRAS,2015Q2,2015-06-30,2015-08-14,50180
2437,CENTRAIS ELET BRAS S.A. - ELETROBRAS,2015Q3,2015-09-30,2015-11-12,51705
2437,CENTRAIS ELET BRAS S.A. - ELETROBRAS,2016Q1,2016-03-31,2016-05-11,56095
2437,CENTRAIS ELET BRAS S.A. - ELETROBRAS,2016Q2,2016-06-30,2016-08-15,59217
2437,CENTRAIS ELET BRAS S.A. - ELETROBRAS,2016Q3,2016-09-30,2016-11-09,60586
2437,CENTRAIS ELET BRAS S.A. - ELETROBRAS,2017Q1,2017-03-31,2017-05-12,65463
2437,CENTRAIS ELET BRAS S.A. - ELETROBRAS,2017Q2,2017-06-30,2017-08-14,68128
2437,CENTRAIS ELET BRAS S.A. - ELETROBRAS,2017Q3,2017-09-30,2017-11-13,69882
2437,CENTRAIS ELET BRAS S.A. - ELETROBRAS,2018Q1,2018-03-31,2018-05-15,74821
2437,CENTRAIS ELET BRAS S.A. - ELETROBRAS,2018Q2,2018-06-30,2018-08-14,77330
2437,CENTRAIS ELET BRAS S.A. - ELETROBRAS,2018Q3,2018-09-30,2018-11-12,79024
2437,CENTRAIS ELET BRAS S.A. - ELETROBRAS,2019Q1,2019-03-31,2019-05-13,83341
2437,CENTRAIS ELET BRAS S.A. - ELETROBRAS,2019Q2,2019-06-30,2019-08-12,86351
2437,CENTRAIS ELET BRAS S.A. - ELETROBRAS,2019Q3,2019-09-30,2019-11-11,89270
2437,CENTRAIS ELET BRAS S.A. - ELETROBRAS,2020Q1,2020-03-31,2020-05-28,93516
2437,CENTRAIS ELET BRAS S.A. - ELETROBRAS,2020Q2,2020-06-30,2020-08-12,95974
2437,CENTRAIS ELET BRAS S.A. - ELETROBRAS,2020Q3,2020-09-30,2020-11-11,98280
2437,CENTRAIS ELET BRAS S.A. - ELETROBRAS,2021Q1,2021-03-31,2021-06-10,105866
2437,CENTRAIS ELET BRAS S.A. - ELETROBRAS,2021Q2,2021-06-30,2021-08-11,107571
2437,CENTRAIS ELET BRAS S.A. - ELETROBRAS,2021Q3,2021-09-30,2021-11-16,110226
2461,CENTRAIS ELET DE SANTA CATARINA S.A.,2011Q1,2011-03-31,2011-05-16,8182
2461,CENTRAIS ELET DE SANTA CATARINA S.A.,2011Q2,2011-06-30,2011-08-12,10913
2461,CENTRAIS ELET DE SANTA CATARINA S.A.,2011Q3,2011-09-30,2011-11-11,12771
2461,CENTRAIS ELET DE SANTA CATARINA S.A.,2012Q1,2012-03-31,2012-05-15,17862
2461,CENTRAIS ELET DE SANTA CATARINA S.A.,2012Q3,2012-09-30,2012-11-13,22483
2461,CENTRAIS ELET DE SANTA CATARINA S.A.,2013Q1,2013-03-31,2013-05-15,27921
2461,CENTRAIS ELET DE SANTA CATARINA S.A.,2013Q2,2013-06-30,2013-08-14,30731
2461,CENTRAIS ELET DE SANTA CATARINA S.A.,2013Q3,2013-09-30,2013-11-18,33100
2461,CENTRAIS ELET DE SANTA CATARINA S.A.,2014Q1,2014-03-31,2014-05-15,37841
2461,CENTRAIS ELET DE SANTA CATARINA S.A.,2014Q2,2014-06-30,2014-08-14,40637
2461,CENTRAIS ELET DE SANTA CATARINA S.A.,2014Q3,2014-09-30,2014-11-14,42603
2461,CENTRAIS ELET DE SANTA CATARINA S.A.,2015Q1,2015-03-31,2015-05-15,47406
2461,CENTRAIS ELET DE SANTA CATARINA S.A.,2015Q2,2015-06-30,2015-08-14,50068
2461,CENTRAIS ELET DE SANTA CATARINA S.A.,2015Q3,2015-09-30,2015-11-13,51907
2461,CENTRAIS ELET DE SANTA CATARINA S.A.,2016Q1,2016-03-31,2016-05-16,56578
2461,CENTRAIS ELET DE SANTA CATARINA S.A.,2016Q2,2016-06-30,2016-08-15,59162
2461,CENTRAIS ELET DE SANTA CATARINA S.A.,2016Q3,2016-09-30,2016-11-11,60846
2461,CENTRAIS ELET DE SANTA CATARINA S.A.,2017Q1,2017-03-31,2017-05-15,65577
2461,CENTRAIS ELET DE SANTA CATARINA S.A.,2017Q2,2017-06-30,2017-08-14,68013
2461,CENTRAIS ELET DE SANTA CATARINA S.A.,2018Q1,2018-03-31,2018-05-15,74665
2461,CENTRAIS ELET DE SANTA CATARINA S.A.,2018Q2,2018-06-30,2018-08-14,77209
2461,CENTRAIS ELET DE SANTA CATARINA S.A.,2018Q3,2018-09-30,2018-11-14,79333
2461,CENTRAIS ELET DE SANTA CATARINA S.A.,2019Q1,2019-03-31,2019-05-15,83629
2461,CENTRAIS ELET DE SANTA CATARINA S.A.,2019Q2,2019-06-30,2019-08-14,86653
2461,CENTRAIS ELET DE SANTA CATARINA S.A.,2019Q3,2019-09-30,2019-11-14,89643
2461,CENTRAIS ELET DE SANTA CATARINA S.A.,2020Q1,2020-03-31,2020-05-08,92855
2461,CENTRAIS ELET DE SANTA CATARINA S.A.,2020Q2,2020-06-30,2020-08-14,96153
2461,CENTRAIS ELET DE SANTA CATARINA S.A.,2020Q3,2020-09-30,2020-11-13,98526
2461,CENTRAIS ELET DE SANTA CATARINA S.A.,2021Q1,2021-03-31,2021-05-07,103572
2461,CENTRAIS ELET DE SANTA CATARINA S.A.,2021Q2,2021-06-30,2021-08-06,107333
2461,CENTRAIS ELET DE SANTA CATARINA S.A.,2021Q3,2021-09-30,2022-03-10,112433
2461,CENTRAIS ELET DE SANTA CATARINA S.A.,2022Q1,2022-03-31,2022-05-20,115631
2461,CENTRAIS ELET DE SANTA CATARINA S.A.,2022Q2,2022-06-30,2022-08-05,119263
2461,CENTRAIS ELET DE SANTA CATARINA S.A.,2022Q3,2022-09-30,2022-11-11,121912
2461,CENTRAIS ELET DE SANTA CATARINA S.A.,2023Q1,2023-03-31,2023-05-12,126531
2461,CENTRAIS ELET DE SANTA CATARINA S.A.,2023Q2,2023-06-30,2023-08-11,130163
2461,CENTRAIS ELET DE SANTA CATARINA S.A.,2024Q1,2024-03-31,2024-05-15,137462
2461,CENTRAIS ELET DE SANTA CATARINA S.A.,2024Q2,2024-06-30,2024-08-14,141037
2461,CENTRAIS ELET DE SANTA CATARINA S.A.,2024Q3,2024-09-30,2024-11-14,143295
2461,CENTRAIS ELET DE SANTA CATARINA S.A.,2025Q1,2025-03-31,2025-05-15,147796
2461,CENTRAIS ELET DE SANTA CATARINA S.A.,2025Q2,2025-06-30,2025-08-14,151249
2461,CENTRAIS ELET DE SANTA CATARINA S.A.,2025Q3,2025-09-30,2025-11-14,153263
2577,CESP - CIA ENERGETICA DE SAO PAULO,2011Q1,2011-03-31,2011-05-16,8044
2577,CESP - CIA ENERGETICA DE SAO PAULO,2011Q2,2011-06-30,2011-08-08,10578
2577,CESP - CIA ENERGETICA DE SAO PAULO,2011Q3,2011-09-30,2011-11-10,12617
2577,CESP - CIA ENERGETICA DE SAO PAULO,2012Q1,2012-03-31,2012-05-11,17410
2577,CESP - CIA ENERGETICA DE SAO PAULO,2012Q2,2012-06-30,2012-08-10,20301
2577,CESP - CIA ENERGETICA DE SAO PAULO,2012Q3,2012-09-30,2012-11-09,22285
2577,CESP - CIA ENERGETICA DE SAO PAULO,2013Q1,2013-03-31,2013-05-09,26995
2577,CESP - CIA ENERGETICA DE SAO PAULO,2013Q2,2013-06-30,2013-08-14,30738
2577,CESP - CIA ENERGETICA DE SAO PAULO,2013Q3,2013-09-30,2013-11-14,33000
2577,CESP - CIA ENERGETICA DE SAO PAULO,2014Q1,2014-03-31,2014-05-15,37798
2577,CESP - CIA ENERGETICA DE SAO PAULO,2014Q2,2014-06-30,2014-08-14,40642
2577,CESP - CIA ENERGETICA DE SAO PAULO,2014Q3,2014-09-30,2014-11-14,42605
2577,CESP - CIA ENERGETICA DE SAO PAULO,2015Q1,2015-03-31,2015-05-15,47409
2577,CESP - CIA ENERGETICA DE SAO PAULO,2015Q2,2015-06-30,2015-08-14,50065
2577,CESP - CIA ENERGETICA DE SAO PAULO,2015Q3,2015-09-30,2015-11-13,51836
2577,CESP - CIA ENERGETICA DE SAO PAULO,2016Q1,2016-03-31,2016-05-13,56375
2577,CESP - CIA ENERGETICA DE SAO PAULO,2016Q2,2016-06-30,2016-08-12,59068
2577,CESP - CIA ENERGETICA DE SAO PAULO,2016Q3,2016-09-30,2016-11-11,60843
2577,CESP - CIA ENERGETICA DE SAO PAULO,2017Q1,2017-03-31,2017-05-15,65604
2577,CESP - CIA ENERGETICA DE SAO PAULO,2017Q2,2017-06-30,2017-08-11,67875
2577,CESP - CIA ENERGETICA DE SAO PAULO,2017Q3,2017-09-30,2017-11-10,69727
2577,CESP - CIA ENERGETICA DE SAO PAULO,2018Q1,2018-03-31,2018-05-11,74330
2577,CESP - CIA ENERGETICA DE SAO PAULO,2018Q2,2018-06-30,2018-08-14,77202
2577,CESP - CIA ENERGETICA DE SAO PAULO,2018Q3,2018-09-30,2018-11-21,79459
2577,CESP - CIA ENERGETICA DE SAO PAULO,2019Q1,2019-03-31,2019-05-13,83291
2577,CESP - CIA ENERGETICA DE SAO PAULO,2019Q2,2019-06-30,2019-08-06,86093
2577,CESP - CIA ENERGETICA DE SAO PAULO,2019Q3,2019-09-30,2019-10-30,88909
2577,CESP - CIA ENERGETICA DE SAO PAULO,2020Q1,2020-03-31,2020-05-13,93024
2577,CESP - CIA ENERGETICA DE SAO PAULO,2020Q2,2020-06-30,2020-07-29,95146
2577,CESP - CIA ENERGETICA DE SAO PAULO,2020Q3,2020-09-30,2020-10-28,97924
2577,CESP - CIA ENERGETICA DE SAO PAULO,2021Q1,2021-03-31,2021-04-27,103092
2577,CESP - CIA ENERGETICA DE SAO PAULO,2021Q2,2021-06-30,2021-07-29,106839
2577,CESP - CIA ENERGETICA DE SAO PAULO,2021Q3,2021-09-30,2021-10-27,109240
2577,CESP - CIA ENERGETICA DE SAO PAULO,2022Q1,2022-03-31,2022-05-13,115194
2577,CESP - CIA ENERGETICA DE SAO PAULO,2022Q2,2022-06-30,2022-08-11,119665
2577,CESP - CIA ENERGETICA DE SAO PAULO,2022Q3,2022-09-30,2022-10-26,121179
2577,CESP - CIA ENERGETICA DE SAO PAULO,2023Q1,2023-03-31,2023-05-04,125770
2577,CESP - CIA ENERGETICA DE SAO PAULO,2023Q2,2023-06-30,2023-08-02,129677
2577,CESP - CIA ENERGETICA DE SAO PAULO,2023Q3,2023-09-30,2023-10-31,131724
2577,CESP - CIA ENERGETICA DE SAO PAULO,2024Q1,2024-03-31,2024-05-07,136626
2577,CESP - CIA ENERGETICA DE SAO PAULO,2024Q2,2024-06-30,2024-08-01,140353
2577,CESP - CIA ENERGETICA DE SAO PAULO,2024Q3,2024-09-30,2024-10-30,142442
2577,CESP - CIA ENERGETICA DE SAO PAULO,2025Q1,2025-03-31,2025-05-07,146971
2577,CESP - CIA ENERGETICA DE SAO PAULO,2025Q2,2025-06-30,2025-08-07,150755
2577,CESP - CIA ENERGETICA DE SAO PAULO,2025Q3,2025-09-30,2025-11-12,153059
14826,CIA BRASILEIRA DE DISTRIBUICAO,2011Q1,2011-03-31,2011-05-13,7731
14826,CIA BRASILEIRA DE DISTRIBUICAO,2011Q2,2011-06-30,2011-07-25,10291
14826,CIA BRASILEIRA DE DISTRIBUICAO,2011Q3,2011-09-30,2011-11-11,12790
14826,CIA BRASILEIRA DE DISTRIBUICAO,2012Q1,2012-03-31,2012-05-08,16965
14826,CIA BRASILEIRA DE DISTRIBUICAO,2012Q2,2012-06-30,2012-07-23,19825
14826,CIA BRASILEIRA DE DISTRIBUICAO,2012Q3,2012-09-30,2012-10-31,22031
14826,CIA BRASILEIRA DE DISTRIBUICAO,2013Q1,2013-03-31,2013-05-02,26499
14826,CIA BRASILEIRA DE DISTRIBUICAO,2013Q2,2013-06-30,2013-07-23,29978
14826,CIA BRASILEIRA DE DISTRIBUICAO,2013Q3,2013-09-30,2013-10-16,31881
14826,CIA BRASILEIRA DE DISTRIBUICAO,2014Q1,2014-03-31,2014-04-29,36514
14826,CIA BRASILEIRA DE DISTRIBUICAO,2014Q2,2014-06-30,2014-07-23,39870
14826,CIA BRASILEIRA DE DISTRIBUICAO,2015Q1,2015-03-31,2016-10-28,60226
14826,CIA BRASILEIRA DE DISTRIBUICAO,2015Q2,2015-06-30,2016-10-28,60225
14826,CIA BRASILEIRA DE DISTRIBUICAO,2015Q3,2015-09-30,2016-10-27,60222
14826,CIA BRASILEIRA DE DISTRIBUICAO,2016Q1,2016-03-31,2016-07-28,58297
14826,CIA BRASILEIRA DE DISTRIBUICAO,2016Q2,2016-06-30,2016-08-02,58416
14826,CIA BRASILEIRA DE DISTRIBUICAO,2016Q3,2016-09-30,2016-10-27,60223
14826,CIA BRASILEIRA DE DISTRIBUICAO,2017Q1,2017-03-31,2017-05-05,64706
14826,CIA BRASILEIRA DE DISTRIBUICAO,2017Q2,2017-06-30,2017-07-25,67309
14826,CIA BRASILEIRA DE DISTRIBUICAO,2017Q3,2017-09-30,2017-10-26,69294
14826,CIA BRASILEIRA DE DISTRIBUICAO,2018Q1,2018-03-31,2018-04-26,73537
14826,CIA BRASILEIRA DE DISTRIBUICAO,2018Q2,2018-06-30,2018-07-24,76465
14826,CIA BRASILEIRA DE DISTRIBUICAO,2018Q3,2018-09-30,2018-10-25,78292
14826,CIA BRASILEIRA DE DISTRIBUICAO,2019Q1,2019-03-31,2019-05-08,82952
14826,CIA BRASILEIRA DE DISTRIBUICAO,2019Q2,2019-06-30,2019-07-24,85567
14826,CIA BRASILEIRA DE DISTRIBUICAO,2019Q3,2019-09-30,2019-10-30,88899
14826,CIA BRASILEIRA DE DISTRIBUICAO,2020Q1,2020-03-31,2020-05-14,93073
14826,CIA BRASILEIRA DE DISTRIBUICAO,2020Q2,2020-06-30,2020-07-29,95138
14826,CIA BRASILEIRA DE DISTRIBUICAO,2020Q3,2020-09-30,2020-10-28,97930
14826,CIA BRASILEIRA DE DISTRIBUICAO,2021Q1,2021-03-31,2021-05-05,103441
14826,CIA BRASILEIRA DE DISTRIBUICAO,2021Q2,2021-06-30,2021-07-28,106764
14826,CIA BRASILEIRA DE DISTRIBUICAO,2021Q3,2021-09-30,2021-11-03,109378
14826,CIA BRASILEIRA DE DISTRIBUICAO,2022Q1,2022-03-31,2022-05-04,114276
14826,CIA BRASILEIRA DE DISTRIBUICAO,2022Q2,2022-06-30,2022-07-27,118731
14826,CIA BRASILEIRA DE DISTRIBUICAO,2022Q3,2022-09-30,2022-11-03,121319
14826,CIA BRASILEIRA DE DISTRIBUICAO,2023Q1,2023-03-31,2023-05-03,125689
14826,CIA BRASILEIRA DE DISTRIBUICAO,2023Q2,2023-06-30,2023-07-26,129236
14826,CIA BRASILEIRA DE DISTRIBUICAO,2023Q3,2023-09-30,2023-10-30,131681
14826,CIA BRASILEIRA DE DISTRIBUICAO,2024Q1,2024-03-31,2024-07-17,139692
14826,CIA BRASILEIRA DE DISTRIBUICAO,2024Q2,2024-06-30,2024-08-06,140437
14826,CIA BRASILEIRA DE DISTRIBUICAO,2024Q3,2024-09-30,2024-11-05,142572
14826,CIA BRASILEIRA DE DISTRIBUICAO,2025Q1,2025-03-31,2025-05-05,146798
14826,CIA BRASILEIRA DE DISTRIBUICAO,2025Q2,2025-06-30,2025-08-05,150603
14826,CIA BRASILEIRA DE DISTRIBUICAO,2025Q3,2025-09-30,2025-11-04,152659
2453,CIA ENERGETICA DE MINAS GERAIS - CEMIG,2011Q1,2011-03-31,2011-05-17,8192
2453,CIA ENERGETICA DE MINAS GERAIS - CEMIG,2011Q2,2011-06-30,2011-08-22,11356
2453,CIA ENERGETICA DE MINAS GERAIS - CEMIG,2011Q3,2011-09-30,2011-11-14,12952
2453,CIA ENERGETICA DE MINAS GERAIS - CEMIG,2012Q1,2012-03-31,2012-05-30,18451
2453,CIA ENERGETICA DE MINAS GERAIS - CEMIG,2012Q2,2012-06-30,2012-08-14,20569
2453,CIA ENERGETICA DE MINAS GERAIS - CEMIG,2012Q3,2012-09-30,2012-11-14,22793
2453,CIA ENERGETICA DE MINAS GERAIS - CEMIG,2013Q1,2013-03-31,2013-05-15,27847
2453,CIA ENERGETICA DE MINAS GERAIS - CEMIG,2013Q2,2013-06-30,2013-08-14,30558
2453,CIA ENERGETICA DE MINAS GERAIS - CEMIG,2013Q3,2013-09-30,2013-11-14,32821
2453,CIA ENERGETICA DE MINAS GERAIS - CEMIG,2014Q1,2014-03-31,2014-05-15,37934
2453,CIA ENERGETICA DE MINAS GERAIS - CEMIG,2014Q2,2014-06-30,2014-08-13,40489
2453,CIA ENERGETICA DE MINAS GERAIS - CEMIG,2014Q3,2014-09-30,2014-11-13,42396
2453,CIA ENERGETICA DE MINAS GERAIS - CEMIG,2015Q1,2015-03-31,2015-05-15,47525
2453,CIA ENERGETICA DE MINAS GERAIS - CEMIG,2015Q2,2015-06-30,2015-08-14,50137
2453,CIA ENERGETICA DE MINAS GERAIS - CEMIG,2015Q3,2015-09-30,2015-11-13,51894
2453,CIA ENERGETICA DE MINAS GERAIS - CEMIG,2016Q1,2016-03-31,2017-04-29,64532
2453,CIA ENERGETICA DE MINAS GERAIS - CEMIG,2016Q2,2016-06-30,2017-04-29,64533
2453,CIA ENERGETICA DE MINAS GERAIS - CEMIG,2016Q3,2016-09-30,2017-04-29,64534
2453,CIA ENERGETICA DE MINAS GERAIS - CEMIG,2017Q1,2017-03-31,2017-05-15,65747
2453,CIA ENERGETICA DE MINAS GERAIS - CEMIG,2017Q2,2017-06-30,2017-08-11,67929
2453,CIA ENERGETICA DE MINAS GERAIS - CEMIG,2017Q3,2017-09-30,2017-11-14,70139
2453,CIA ENERGETICA DE MINAS GERAIS - CEMIG,2018Q1,2018-03-31,2018-05-16,74836
2453,CIA ENERGETICA DE MINAS GERAIS - CEMIG,2018Q2,2018-06-30,2018-11-29,79571
2453,CIA ENERGETICA DE MINAS GERAIS - CEMIG,2018Q3,2018-09-30,2018-11-27,79541
2453,CIA ENERGETICA DE MINAS GERAIS - CEMIG,2019Q1,2019-03-31,2019-05-16,83796
2453,CIA ENERGETICA DE MINAS GERAIS - CEMIG,2019Q2,2019-06-30,2019-08-15,86823
2453,CIA ENERGETICA DE MINAS GERAIS - CEMIG,2019Q3,2019-09-30,2019-11-14,89621
2453,CIA ENERGETICA DE MINAS GERAIS - CEMIG,2020Q1,2020-03-31,2020-05-15,93222
2453,CIA ENERGETICA DE MINAS GERAIS - CEMIG,2020Q2,2020-06-30,2020-08-14,96201
2453,CIA ENERGETICA DE MINAS GERAIS - CEMIG,2020Q3,2020-09-30,2020-11-13,98558
2453,CIA ENERGETICA DE MINAS GERAIS - CEMIG,2021Q1,2021-03-31,2021-05-14,104325
2453,CIA ENERGETICA DE MINAS GERAIS - CEMIG,2021Q2,2021-06-30,2021-08-16,108005
2453,CIA ENERGETICA DE MINAS GERAIS - CEMIG,2021Q3,2021-09-30,2021-11-11,109865
2453,CIA ENERGETICA DE MINAS GERAIS - CEMIG,2022Q1,2022-03-31,2022-05-13,115221
2453,CIA ENERGETICA DE MINAS GERAIS - CEMIG,2022Q2,2022-06-30,2022-08-12,119839
2453,CIA ENERGETICA DE MINAS GERAIS - CEMIG,2022Q3,2022-09-30,2022-11-11,121961
2453,CIA ENERGETICA DE MINAS GERAIS - CEMIG,2023Q1,2023-03-31,2023-05-04,125780
2453,CIA ENERGETICA DE MINAS GERAIS - CEMIG,2023Q2,2023-06-30,2023-08-03,129725
2453,CIA ENERGETICA DE MINAS GERAIS - CEMIG,2023Q3,2023-09-30,2023-11-09,132153
2453,CIA ENERGETICA DE MINAS GERAIS - CEMIG,2024Q1,2024-03-31,2024-05-10,137088
2453,CIA ENERGETICA DE MINAS GERAIS - CEMIG,2024Q2,2024-06-30,2024-08-13,140962
2453,CIA ENERGETICA DE MINAS GERAIS - CEMIG,2024Q3,2024-09-30,2024-11-13,143126
2453,CIA ENERGETICA DE MINAS GERAIS - CEMIG,2025Q1,2025-03-31,2025-05-08,147164
2453,CIA ENERGETICA DE MINAS GERAIS - CEMIG,2025Q2,2025-06-30,2025-08-14,151353
2453,CIA ENERGETICA DE MINAS GERAIS - CEMIG,2025Q3,2025-09-30,2025-11-13,153221
15636,CIA GAS DE SAO PAULO - COMGAS,2011Q1,2011-03-31,2011-04-27,6721
15636,CIA GAS DE SAO PAULO - COMGAS,2011Q2,2011-06-30,2011-07-25,10287
15636,CIA GAS DE SAO PAULO - COMGAS,2011Q3,2011-09-30,2011-10-24,12140
15636,CIA GAS DE SAO PAULO - COMGAS,2012Q1,2012-03-31,2012-05-02,16661
15636,CIA GAS DE SAO PAULO - COMGAS,2012Q2,2012-06-30,2012-07-25,19876
15636,CIA GAS DE SAO PAULO - COMGAS,2012Q3,2012-09-30,2012-10-30,21985
15636,CIA GAS DE SAO PAULO - COMGAS,2013Q1,2013-03-31,2013-07-05,29742
15636,CIA GAS DE SAO PAULO - COMGAS,2013Q2,2013-06-30,2013-08-06,30240
15636,CIA GAS DE SAO PAULO - COMGAS,2013Q3,2013-09-30,2013-11-05,32327
15636,CIA GAS DE SAO PAULO - COMGAS,2014Q1,2014-03-31,2014-05-12,37297
15636,CIA GAS DE SAO PAULO - COMGAS,2014Q2,2014-06-30,2014-08-12,40367
15636,CIA GAS DE SAO PAULO - COMGAS,2014Q3,2014-09-30,2014-11-04,42014
15636,CIA GAS DE SAO PAULO - COMGAS,2015Q1,2015-03-31,2015-05-05,46420
15636,CIA GAS DE SAO PAULO - COMGAS,2015Q2,2015-06-30,2015-08-10,49606
15636,CIA GAS DE SAO PAULO - COMGAS,2015Q3,2015-09-30,2015-11-05,51335
15636,CIA GAS DE SAO PAULO - COMGAS,2016Q1,2016-03-31,2016-05-11,56064
15636,CIA GAS DE SAO PAULO - COMGAS,2016Q2,2016-06-30,2016-08-09,58621
15636,CIA GAS DE SAO PAULO - COMGAS,2016Q3,2016-09-30,2016-10-28,60248
15636,CIA GAS DE SAO PAULO - COMGAS,2017Q1,2017-03-31,2017-05-08,64845
15636,CIA GAS DE SAO PAULO - COMGAS,2017Q2,2017-06-30,2017-08-08,67609
15636,CIA GAS DE SAO PAULO - COMGAS,2017Q3,2017-09-30,2017-11-07,69534
15636,CIA GAS DE SAO PAULO - COMGAS,2018Q1,2018-03-31,2018-05-11,74336
15636,CIA GAS DE SAO PAULO - COMGAS,2018Q2,2018-06-30,2018-08-07,76758
15636,CIA GAS DE SAO PAULO - COMGAS,2018Q3,2018-09-30,2018-11-06,78699
15636,CIA GAS DE SAO PAULO - COMGAS,2019Q1,2019-03-31,2019-05-07,82837
15636,CIA GAS DE SAO PAULO - COMGAS,2019Q2,2019-06-30,2019-08-07,86136
15636,CIA GAS DE SAO PAULO - COMGAS,2019Q3,2019-09-30,2019-11-06,89079
15636,CIA GAS DE SAO PAULO - COMGAS,2020Q1,2020-03-31,2020-05-25,93405
15636,CIA GAS DE SAO PAULO - COMGAS,2020Q2,2020-06-30,2020-08-04,95654
15636,CIA GAS DE SAO PAULO - COMGAS,2020Q3,2020-09-30,2020-11-12,98361
15636,CIA GAS DE SAO PAULO - COMGAS,2021Q1,2021-03-31,2021-05-12,103945
15636,CIA GAS DE SAO PAULO - COMGAS,2021Q2,2021-06-30,2021-08-13,107913
15636,CIA GAS DE SAO PAULO - COMGAS,2021Q3,2021-09-30,2021-11-12,110047
15636,CIA GAS DE SAO PAULO - COMGAS,2022Q1,2022-03-31,2022-05-12,114963
15636,CIA GAS DE SAO PAULO - COMGAS,2022Q2,2022-06-30,2022-08-11,119628
15636,CIA GAS DE SAO PAULO - COMGAS,2022Q3,2022-09-30,2022-11-10,121803
15636,CIA GAS DE SAO PAULO - COMGAS,2023Q1,2023-03-31,2023-05-15,126830
15636,CIA GAS DE SAO PAULO - COMGAS,2023Q2,2023-06-30,2023-08-11,130200
15636,CIA GAS DE SAO PAULO - COMGAS,2023Q3,2023-09-30,2023-11-13,132339
15636,CIA GAS DE SAO PAULO - COMGAS,2024Q1,2024-03-31,2024-05-14,137319
15636,CIA GAS DE SAO PAULO - COMGAS,2024Q2,2024-06-30,2024-08-08,140609
15636,CIA GAS DE SAO PAULO - COMGAS,2024Q3,2024-09-30,2024-11-07,142758
15636,CIA GAS DE SAO PAULO - COMGAS,2025Q1,2025-03-31,2025-05-08,147133
15636,CIA GAS DE SAO PAULO - COMGAS,2025Q2,2025-06-30,2025-08-07,150731
15636,CIA GAS DE SAO PAULO - COMGAS,2025Q3,2025-09-30,2025-11-14,153342
14761,CIA HERING,2011Q1,2011-03-31,2011-04-28,6763
14761,CIA HERING,2011Q3,2011-09-30,2011-11-17,13040
14761,CIA HERING,2012Q1,2012-03-31,2012-04-25,16434
14761,CIA HERING,2012Q2,2012-06-30,2012-07-19,19764
14761,CIA HERING,2012Q3,2012-09-30,2012-10-18,21745
14761,CIA HERING,2013Q1,2013-03-31,2013-04-23,26248
14761,CIA HERING,2013Q2,2013-06-30,2013-07-17,29870
14761,CIA HERING,2013Q3,2013-09-30,2013-10-24,32021
14761,CIA HERING,2014Q1,2014-03-31,2014-04-24,36403
14761,CIA HERING,2014Q2,2014-06-30,2014-07-24,39893
14761,CIA HERING,2014Q3,2014-09-30,2014-10-22,41761
14761,CIA HERING,2015Q1,2015-03-31,2015-05-07,46596
14761,CIA HERING,2015Q2,2015-06-30,2015-08-05,49470
14761,CIA HERING,2015Q3,2015-09-30,2015-10-29,51187
14761,CIA HERING,2016Q1,2016-03-31,2016-04-28,55341
14761,CIA HERING,2016Q2,2016-06-30,2016-07-28,58327
14761,CIA HERING,2016Q3,2016-09-30,2016-10-27,60211
14761,CIA HERING,2017Q1,2017-03-31,2017-04-27,64480
14761,CIA HERING,2017Q2,2017-06-30,2017-08-02,67476
14761,CIA HERING,2017Q3,2017-09-30,2017-10-26,69285
14761,CIA HERING,2018Q1,2018-03-31,2018-04-26,73544
14761,CIA HERING,2018Q2,2018-06-30,2018-07-26,76510
14761,CIA HERING,2018Q3,2018-09-30,2018-10-31,78568
14761,CIA HERING,2019Q1,2019-03-31,2019-04-25,82405
14761,CIA HERING,2019Q2,2019-06-30,2019-08-01,85980
14761,CIA HERING,2019Q3,2019-09-30,2019-11-01,88966
14761,CIA HERING,2020Q1,2020-03-31,2020-05-28,93501
14761,CIA HERING,2020Q2,2020-06-30,2020-08-13,96032
14761,CIA HERING,2020Q3,2020-09-30,2020-11-04,98041
14761,CIA HERING,2021Q1,2021-03-31,2021-05-12,103901
14761,CIA HERING,2021Q2,2021-06-30,2021-08-05,107302
14761,CIA HERING,2021Q3,2021-09-30,2021-11-11,109854
14311,CIA PARANAENSE DE ENERGIA - COPEL,2011Q1,2011-03-31,2011-05-11,7611
14311,CIA PARANAENSE DE ENERGIA - COPEL,2011Q2,2011-06-30,2011-08-10,10730
14311,CIA PARANAENSE DE ENERGIA - COPEL,2011Q3,2011-09-30,2011-11-09,12504
14311,CIA PARANAENSE DE ENERGIA - COPEL,2012Q1,2012-03-31,2012-05-15,17812
14311,CIA PARANAENSE DE ENERGIA - COPEL,2012Q2,2012-06-30,2012-08-14,20669
14311,CIA PARANAENSE DE ENERGIA - COPEL,2012Q3,2012-09-30,2012-11-13,22501
14311,CIA PARANAENSE DE ENERGIA - COPEL,2013Q1,2013-03-31,2013-05-15,27895
14311,CIA PARANAENSE DE ENERGIA - COPEL,2013Q2,2013-06-30,2013-08-14,30721
14311,CIA PARANAENSE DE ENERGIA - COPEL,2013Q3,2013-09-30,2013-11-08,32488
14311,CIA PARANAENSE DE ENERGIA - COPEL,2014Q1,2014-03-31,2014-05-14,37631
14311,CIA PARANAENSE DE ENERGIA - COPEL,2014Q2,2014-06-30,2014-08-13,40510
14311,CIA PARANAENSE DE ENERGIA - COPEL,2014Q3,2014-09-30,2014-11-13,42450
14311,CIA PARANAENSE DE ENERGIA - COPEL,2015Q1,2015-03-31,2015-05-14,47232
14311,CIA PARANAENSE DE ENERGIA - COPEL,2015Q2,2015-06-30,2015-08-13,49878
14311,CIA PARANAENSE DE ENERGIA - COPEL,2015Q3,2015-09-30,2015-11-11,51536
14311,CIA PARANAENSE DE ENERGIA - COPEL,2016Q1,2016-03-31,2016-05-12,56176
14311,CIA PARANAENSE DE ENERGIA - COPEL,2016Q2,2016-06-30,2016-08-11,58808
14311,CIA PARANAENSE DE ENERGIA - COPEL,2016Q3,2016-09-30,2016-11-10,60659
14311,CIA PARANAENSE DE ENERGIA - COPEL,2017Q1,2017-03-31,2018-06-13,75879
14311,CIA PARANAENSE DE ENERGIA - COPEL,2017Q2,2017-06-30,2018-06-13,75880
14311,CIA PARANAENSE DE ENERGIA - COPEL,2017Q3,2017-09-30,2018-06-13,75881
14311,CIA PARANAENSE DE ENERGIA - COPEL,2018Q1,2018-03-31,2018-05-15,74822
14311,CIA PARANAENSE DE ENERGIA - COPEL,2018Q2,2018-06-30,2018-08-14,77306
14311,CIA PARANAENSE DE ENERGIA - COPEL,2018Q3,2018-09-30,2018-11-08,78839
14311,CIA PARANAENSE DE ENERGIA - COPEL,2019Q1,2019-03-31,2020-12-17,99259
14311,CIA PARANAENSE DE ENERGIA - COPEL,2019Q2,2019-06-30,2019-08-14,86668
14311,CIA PARANAENSE DE ENERGIA - COPEL,2019Q3,2019-09-30,2019-11-12,89330
14311,CIA PARANAENSE DE ENERGIA - COPEL,2020Q1,2020-03-31,2020-05-14,93152
14311,CIA PARANAENSE DE ENERGIA - COPEL,2020Q2,2020-06-30,2020-08-13,96073
14311,CIA PARANAENSE DE ENERGIA - COPEL,2020Q3,2020-09-30,2020-11-12,98387
14311,CIA PARANAENSE DE ENERGIA - COPEL,2021Q1,2021-03-31,2021-05-05,103443
14311,CIA PARANAENSE DE ENERGIA - COPEL,2021Q2,2021-06-30,2021-08-11,107562
14311,CIA PARANAENSE DE ENERGIA - COPEL,2021Q3,2021-09-30,2021-11-10,109724
14311,CIA PARANAENSE DE ENERGIA - COPEL,2022Q1,2022-03-31,2022-05-11,114816
14311,CIA PARANAENSE DE ENERGIA - COPEL,2022Q2,2022-06-30,2022-08-09,119379
14311,CIA PARANAENSE DE ENERGIA - COPEL,2022Q3,2022-09-30,2022-11-10,121776
14311,CIA PARANAENSE DE ENERGIA - COPEL,2023Q1,2023-03-31,2023-06-07,128353
14311,CIA PARANAENSE DE ENERGIA - COPEL,2023Q2,2023-06-30,2023-08-14,130424
14311,CIA PARANAENSE DE ENERGIA - COPEL,2023Q3,2023-09-30,2023-11-08,131981
14311,CIA PARANAENSE DE ENERGIA - COPEL,2024Q1,2024-03-31,2024-05-08,136708
14311,CIA PARANAENSE DE ENERGIA - COPEL,2024Q2,2024-06-30,2024-08-07,140508
14311,CIA PARANAENSE DE ENERGIA - COPEL,2024Q3,2024-09-30,2024-11-06,142635
14311,CIA PARANAENSE DE ENERGIA - COPEL,2025Q1,2025-03-31,2025-05-08,147138
14311,CIA PARANAENSE DE ENERGIA - COPEL,2025Q2,2025-06-30,2025-08-06,150682
14311,CIA PARANAENSE DE ENERGIA - COPEL,2025Q3,2025-09-30,2025-11-12,153073
14443,CIA SANEAMENTO BASICO EST SAO PAULO,2011Q1,2011-03-31,2011-05-13,7760
14443,CIA SANEAMENTO BASICO EST SAO PAULO,2011Q2,2011-06-30,2011-08-11,10828
14443,CIA SANEAMENTO BASICO EST SAO PAULO,2011Q3,2011-09-30,2011-11-10,12629
14443,CIA SANEAMENTO BASICO EST SAO PAULO,2012Q1,2012-03-31,2012-05-10,17320
14443,CIA SANEAMENTO BASICO EST SAO PAULO,2012Q2,2012-06-30,2012-08-10,20306
14443,CIA SANEAMENTO BASICO EST SAO PAULO,2012Q3,2012-09-30,2012-11-14,22787
14443,CIA SANEAMENTO BASICO EST SAO PAULO,2013Q1,2013-03-31,2013-05-09,27033
14443,CIA SANEAMENTO BASICO EST SAO PAULO,2013Q2,2013-06-30,2013-08-13,30532
14443,CIA SANEAMENTO BASICO EST SAO PAULO,2013Q3,2013-09-30,2013-11-14,33066
14443,CIA SANEAMENTO BASICO EST SAO PAULO,2014Q1,2014-03-31,2014-05-15,37910
14443,CIA SANEAMENTO BASICO EST SAO PAULO,2014Q2,2014-06-30,2014-08-14,40721
14443,CIA SANEAMENTO BASICO EST SAO PAULO,2014Q3,2014-09-30,2014-11-13,42454
14443,CIA SANEAMENTO BASICO EST SAO PAULO,2015Q1,2015-03-31,2015-05-14,47253
14443,CIA SANEAMENTO BASICO EST SAO PAULO,2015Q2,2015-06-30,2015-08-13,49871
14443,CIA SANEAMENTO BASICO EST SAO PAULO,2015Q3,2015-09-30,2015-11-12,51679
14443,CIA SANEAMENTO BASICO EST SAO PAULO,2016Q1,2016-03-31,2016-05-12,56211
14443,CIA SANEAMENTO BASICO EST SAO PAULO,2016Q2,2016-06-30,2016-08-12,59073
14443,CIA SANEAMENTO BASICO EST SAO PAULO,2016Q3,2016-09-30,2016-11-10,60682
14443,CIA SANEAMENTO BASICO EST SAO PAULO,2017Q1,2017-03-31,2017-05-12,65467
14443,CIA SANEAMENTO BASICO EST SAO PAULO,2017Q2,2017-06-30,2017-08-14,68144
14443,CIA SANEAMENTO BASICO EST SAO PAULO,2017Q3,2017-09-30,2017-11-14,70100
14443,CIA SANEAMENTO BASICO EST SAO PAULO,2018Q1,2018-03-31,2018-05-10,74266
14443,CIA SANEAMENTO BASICO EST SAO PAULO,2018Q2,2018-06-30,2018-08-09,76892
14443,CIA SANEAMENTO BASICO EST SAO PAULO,2018Q3,2018-09-30,2018-11-08,78865
14443,CIA SANEAMENTO BASICO EST SAO PAULO,2019Q1,2019-03-31,2019-05-09,83070
14443,CIA SANEAMENTO BASICO EST SAO PAULO,2019Q2,2019-06-30,2019-08-14,86709
14443,CIA SANEAMENTO BASICO EST SAO PAULO,2019Q3,2019-09-30,2019-11-14,89681
14443,CIA SANEAMENTO BASICO EST SAO PAULO,2020Q1,2020-03-31,2020-05-14,93157
14443,CIA SANEAMENTO BASICO EST SAO PAULO,2020Q2,2020-06-30,2020-08-13,96112
14443,CIA SANEAMENTO BASICO EST SAO PAULO,2020Q3,2020-09-30,2020-11-12,98401
14443,CIA SANEAMENTO BASICO EST SAO PAULO,2021Q1,2021-03-31,2021-05-13,104151
14443,CIA SANEAMENTO BASICO EST SAO PAULO,2021Q2,2021-06-30,2021-08-12,107699
14443,CIA SANEAMENTO BASICO EST SAO PAULO,2021Q3,2021-09-30,2021-11-11,109851
14443,CIA SANEAMENTO BASICO EST SAO PAULO,2022Q1,2022-03-31,2022-05-06,114487
14443,CIA SANEAMENTO BASICO EST SAO PAULO,2022Q2,2022-06-30,2022-08-11,119649
14443,CIA SANEAMENTO BASICO EST SAO PAULO,2022Q3,2022-09-30,2022-11-10,121794
14443,CIA SANEAMENTO BASICO EST SAO PAULO,2023Q1,2023-03-31,2023-05-11,126363
14443,CIA SANEAMENTO BASICO EST SAO PAULO,2023Q2,2023-06-30,2023-08-10,130075
14443,CIA SANEAMENTO BASICO EST SAO PAULO,2023Q3,2023-09-30,2023-11-09,132163
14443,CIA SANEAMENTO BASICO EST SAO PAULO,2024Q1,2024-03-31,2024-05-09,136948
14443,CIA SANEAMENTO BASICO EST SAO PAULO,2024Q2,2024-06-30,2024-08-09,140663
14443,CIA SANEAMENTO BASICO EST SAO PAULO,2024Q3,2024-09-30,2024-11-11,142894
14443,CIA SANEAMENTO BASICO EST SAO PAULO,2025Q1,2025-03-31,2025-05-12,147418
14443,CIA SANEAMENTO BASICO EST SAO PAULO,2025Q2,2025-06-30,2025-08-15,151443
14443,CIA SANEAMENTO BASICO EST SAO PAULO,2025Q3,2025-09-30,2025-11-10,152894
19445,CIA SANEAMENTO DE MINAS GERAIS-COPASA MG,2011Q1,2011-03-31,2011-05-26,8549
19445,CIA SANEAMENTO DE MINAS GERAIS-COPASA MG,2011Q2,2011-06-30,2011-08-10,10701
19445,CIA SANEAMENTO DE MINAS GERAIS-COPASA MG,2011Q3,2011-09-30,2011-11-21,13084
19445,CIA SANEAMENTO DE MINAS GERAIS-COPASA MG,2012Q1,2012-03-31,2012-05-07,16947
19445,CIA SANEAMENTO DE MINAS GERAIS-COPASA MG,2012Q2,2012-06-30,2012-08-06,20117
19445,CIA SANEAMENTO DE MINAS GERAIS-COPASA MG,2012Q3,2012-09-30,2012-11-07,22168
19445,CIA SANEAMENTO DE MINAS GERAIS-COPASA MG,2013Q1,2013-03-31,2013-10-21,31929
19445,CIA SANEAMENTO DE MINAS GERAIS-COPASA MG,2013Q2,2013-06-30,2013-10-21,31932
19445,CIA SANEAMENTO DE MINAS GERAIS-COPASA MG,2013Q3,2013-09-30,2013-11-05,32337
19445,CIA SANEAMENTO DE MINAS GERAIS-COPASA MG,2014Q1,2014-03-31,2014-05-06,36764
19445,CIA SANEAMENTO DE MINAS GERAIS-COPASA MG,2014Q2,2014-06-30,2014-08-01,40043
19445,CIA SANEAMENTO DE MINAS GERAIS-COPASA MG,2014Q3,2014-09-30,2014-10-31,41932
19445,CIA SANEAMENTO DE MINAS GERAIS-COPASA MG,2015Q1,2015-03-31,2015-05-14,47226
19445,CIA SANEAMENTO DE MINAS GERAIS-COPASA MG,2015Q2,2015-06-30,2015-08-13,49807
19445,CIA SANEAMENTO DE MINAS GERAIS-COPASA MG,2015Q3,2015-09-30,2015-11-25,52184
19445,CIA SANEAMENTO DE MINAS GERAIS-COPASA MG,2016Q1,2016-03-31,2016-05-05,55644
19445,CIA SANEAMENTO DE MINAS GERAIS-COPASA MG,2016Q2,2016-06-30,2016-08-11,58855
19445,CIA SANEAMENTO DE MINAS GERAIS-COPASA MG,2016Q3,2016-09-30,2016-11-10,60653
19445,CIA SANEAMENTO DE MINAS GERAIS-COPASA MG,2017Q1,2017-03-31,2017-04-27,64474
19445,CIA SANEAMENTO DE MINAS GERAIS-COPASA MG,2017Q2,2017-06-30,2017-07-27,67377
19445,CIA SANEAMENTO DE MINAS GERAIS-COPASA MG,2017Q3,2017-09-30,2017-10-26,69281
19445,CIA SANEAMENTO DE MINAS GERAIS-COPASA MG,2018Q1,2018-03-31,2018-04-26,73531
19445,CIA SANEAMENTO DE MINAS GERAIS-COPASA MG,2018Q2,2018-06-30,2018-07-26,76503
19445,CIA SANEAMENTO DE MINAS GERAIS-COPASA MG,2018Q3,2018-09-30,2018-10-31,78555
19445,CIA SANEAMENTO DE MINAS GERAIS-COPASA MG,2019Q1,2019-03-31,2019-04-25,82403
19445,CIA SANEAMENTO DE MINAS GERAIS-COPASA MG,2019Q2,2019-06-30,2019-07-26,85624
19445,CIA SANEAMENTO DE MINAS GERAIS-COPASA MG,2019Q3,2019-09-30,2019-10-31,88946
19445,CIA SANEAMENTO DE MINAS GERAIS-COPASA MG,2020Q1,2020-03-31,2020-04-30,92637
19445,CIA SANEAMENTO DE MINAS GERAIS-COPASA MG,2020Q2,2020-06-30,2020-07-30,95257
19445,CIA SANEAMENTO DE MINAS GERAIS-COPASA MG,2020Q3,2020-09-30,2020-10-30,97973
19445,CIA SANEAMENTO DE MINAS GERAIS-COPASA MG,2021Q1,2021-03-31,2021-05-04,103359
19445,CIA SANEAMENTO DE MINAS GERAIS-COPASA MG,2021Q2,2021-06-30,2021-08-02,107141
19445,CIA SANEAMENTO DE MINAS GERAIS-COPASA MG,2021Q3,2021-09-30,2021-11-03,109371
19445,CIA SANEAMENTO DE MINAS GERAIS-COPASA MG,2022Q1,2022-03-31,2022-05-03,114201
19445,CIA SANEAMENTO DE MINAS GERAIS-COPASA MG,2022Q2,2022-06-30,2022-08-02,119157
19445,CIA SANEAMENTO DE MINAS GERAIS-COPASA MG,2022Q3,2022-09-30,2022-11-03,121310
19445,CIA SANEAMENTO DE MINAS GERAIS-COPASA MG,2023Q1,2023-03-31,2023-05-02,125589
19445,CIA SANEAMENTO DE MINAS GERAIS-COPASA MG,2023Q2,2023-06-30,2023-07-31,129478
19445,CIA SANEAMENTO DE MINAS GERAIS-COPASA MG,2023Q3,2023-09-30,2023-10-26,131618
19445,CIA SANEAMENTO DE MINAS GERAIS-COPASA MG,2024Q1,2024-03-31,2024-04-29,136030
19445,CIA SANEAMENTO DE MINAS GERAIS-COPASA MG,2024Q2,2024-06-30,2024-07-30,140062
19445,CIA SANEAMENTO DE MINAS GERAIS-COPASA MG,2024Q3,2024-09-30,2024-11-04,142512
19445,CIA SANEAMENTO DE MINAS GERAIS-COPASA MG,2025Q1,2025-03-31,2025-05-14,147606
19445,CIA SANEAMENTO DE MINAS GERAIS-COPASA MG,2025Q2,2025-06-30,2025-08-04,150568
19445,CIA SANEAMENTO DE MINAS GERAIS-COPASA MG,2025Q3,2025-09-30,2025-11-03,152615
18627,CIA SANEAMENTO DO PARANA - SANEPAR,2011Q1,2011-03-31,2011-05-11,7589
18627,CIA SANEAMENTO DO PARANA - SANEPAR,2011Q2,2011-06-30,2011-08-10,10700
18627,CIA SANEAMENTO DO PARANA - SANEPAR,2011Q3,2011-09-30,2011-11-09,12470
18627,CIA SANEAMENTO DO PARANA - SANEPAR,2012Q1,2012-03-31,2012-05-14,17466
18627,CIA SANEAMENTO DO PARANA - SANEPAR,2012Q2,2012-06-30,2012-08-10,20272
18627,CIA SANEAMENTO DO PARANA - SANEPAR,2012Q3,2012-09-30,2012-11-08,22230
18627,CIA SANEAMENTO DO PARANA - SANEPAR,2013Q1,2013-03-31,2013-05-09,26983
18627,CIA SANEAMENTO DO PARANA - SANEPAR,2013Q2,2013-06-30,2013-08-08,30315
18627,CIA SANEAMENTO DO PARANA - SANEPAR,2013Q3,2013-09-30,2013-11-07,32432
18627,CIA SANEAMENTO DO PARANA - SANEPAR,2014Q1,2014-03-31,2014-05-14,37585
18627,CIA SANEAMENTO DO PARANA - SANEPAR,2014Q2,2014-06-30,2014-08-12,40348
18627,CIA SANEAMENTO DO PARANA - SANEPAR,2014Q3,2014-09-30,2014-10-30,41888
18627,CIA SANEAMENTO DO PARANA - SANEPAR,2015Q1,2015-03-31,2015-05-14,47172
18627,CIA SANEAMENTO DO PARANA - SANEPAR,2015Q2,2015-06-30,2015-08-13,49832
18627,CIA SANEAMENTO DO PARANA - SANEPAR,2015Q3,2015-09-30,2015-11-11,51515
18627,CIA SANEAMENTO DO PARANA - SANEPAR,2016Q1,2016-03-31,2016-05-12,56166
18627,CIA SANEAMENTO DO PARANA - SANEPAR,2016Q2,2016-06-30,2016-08-03,58437
18627,CIA SANEAMENTO DO PARANA - SANEPAR,2016Q3,2016-09-30,2016-12-14,61478
18627,CIA SANEAMENTO DO PARANA - SANEPAR,2017Q1,2017-03-31,2017-05-09,64958
18627,CIA SANEAMENTO DO PARANA - SANEPAR,2017Q2,2017-06-30,2017-08-08,67604
18627,CIA SANEAMENTO DO PARANA - SANEPAR,2017Q3,2017-09-30,2017-11-29,70289
18627,CIA SANEAMENTO DO PARANA - SANEPAR,2018Q1,2018-03-31,2018-05-08,73940
18627,CIA SANEAMENTO DO PARANA - SANEPAR,2018Q2,2018-06-30,2018-08-07,76752
18627,CIA SANEAMENTO DO PARANA - SANEPAR,2018Q3,2018-09-30,2018-11-06,78689
18627,CIA SANEAMENTO DO PARANA - SANEPAR,2019Q1,2019-03-31,2019-05-07,82803
18627,CIA SANEAMENTO DO PARANA - SANEPAR,2019Q2,2019-06-30,2019-08-13,86457
18627,CIA SANEAMENTO DO PARANA - SANEPAR,2019Q3,2019-09-30,2019-11-11,89244
18627,CIA SANEAMENTO DO PARANA - SANEPAR,2020Q1,2020-03-31,2020-05-07,92810
18627,CIA SANEAMENTO DO PARANA - SANEPAR,2020Q2,2020-06-30,2020-08-07,95783
18627,CIA SANEAMENTO DO PARANA - SANEPAR,2020Q3,2020-09-30,2020-11-13,98435
18627,CIA SANEAMENTO DO PARANA - SANEPAR,2021Q1,2021-03-31,2021-05-13,104040
18627,CIA SANEAMENTO DO PARANA - SANEPAR,2021Q2,2021-06-30,2021-08-12,107641
18627,CIA SANEAMENTO DO PARANA - SANEPAR,2021Q3,2021-09-30,2021-11-11,109764
18627,CIA SANEAMENTO DO PARANA - SANEPAR,2022Q1,2022-03-31,2022-05-05,114348
18627,CIA SANEAMENTO DO PARANA - SANEPAR,2022Q2,2022-06-30,2022-08-04,119232
18627,CIA SANEAMENTO DO PARANA - SANEPAR,2022Q3,2022-09-30,2022-11-03,121313
18627,CIA SANEAMENTO DO PARANA - SANEPAR,2023Q1,2023-03-31,2023-05-11,126298
18627,CIA SANEAMENTO DO PARANA - SANEPAR,2023Q2,2023-06-30,2023-08-10,129988
18627,CIA SANEAMENTO DO PARANA - SANEPAR,2023Q3,2023-09-30,2023-11-08,131911
18627,CIA SANEAMENTO DO PARANA - SANEPAR,2024Q1,2024-03-31,2024-05-09,136850
18627,CIA SANEAMENTO DO PARANA - SANEPAR,2024Q2,2024-06-30,2024-08-08,140584
18627,CIA SANEAMENTO DO PARANA - SANEPAR,2024Q3,2024-09-30,2024-11-07,142688
18627,CIA SANEAMENTO DO PARANA - SANEPAR,2025Q1,2025-03-31,2025-05-08,147094
18627,CIA SANEAMENTO DO PARANA - SANEPAR,2025Q2,2025-06-30,2025-08-07,150724
18627,CIA SANEAMENTO DO PARANA - SANEPAR,2025Q3,2025-09-30,2025-11-06,152767
4030,CIA SIDERURGICA NACIONAL,2011Q1,2011-03-31,2011-05-03,7073
4030,CIA SIDERURGICA NACIONAL,2011Q2,2011-06-30,2011-08-02,10476
4030,CIA SIDERURGICA NACIONAL,2011Q3,2011-09-30,2011-10-27,12201
4030,CIA SIDERURGICA NACIONAL,2012Q1,2012-03-31,2012-05-10,17311
4030,CIA SIDERURGICA NACIONAL,2012Q2,2012-06-30,2012-08-14,20622
4030,CIA SIDERURGICA NACIONAL,2012Q3,2012-09-30,2012-10-31,22019
4030,CIA SIDERURGICA NACIONAL,2013Q1,2013-03-31,2013-05-15,27904
4030,CIA SIDERURGICA NACIONAL,2013Q2,2013-06-30,2013-08-06,30237
4030,CIA SIDERURGICA NACIONAL,2013Q3,2013-09-30,2013-11-14,32827
4030,CIA SIDERURGICA NACIONAL,2014Q1,2014-03-31,2014-05-07,36795
4030,CIA SIDERURGICA NACIONAL,2014Q2,2014-06-30,2014-08-04,40052
4030,CIA SIDERURGICA NACIONAL,2014Q3,2014-09-30,2014-11-14,42475
4030,CIA SIDERURGICA NACIONAL,2015Q1,2015-03-31,2015-05-06,46437
4030,CIA SIDERURGICA NACIONAL,2015Q2,2015-06-30,2015-08-13,49764
4030,CIA SIDERURGICA NACIONAL,2015Q3,2015-09-30,2015-11-13,51717
4030,CIA SIDERURGICA NACIONAL,2016Q1,2016-03-31,2017-10-30,69333
4030,CIA SIDERURGICA NACIONAL,2016Q2,2016-06-30,2017-10-30,69334
4030,CIA SIDERURGICA NACIONAL,2016Q3,2016-09-30,2017-10-30,69335
4030,CIA SIDERURGICA NACIONAL,2017Q1,2017-03-31,2017-12-26,70661
4030,CIA SIDERURGICA NACIONAL,2017Q2,2017-06-30,2017-12-26,70662
4030,CIA SIDERURGICA NACIONAL,2017Q3,2017-09-30,2017-12-26,70663
4030,CIA SIDERURGICA NACIONAL,2018Q1,2018-03-31,2018-05-14,74521
4030,CIA SIDERURGICA NACIONAL,2018Q2,2018-06-30,2018-08-08,76767
4030,CIA SIDERURGICA NACIONAL,2018Q3,2018-09-30,2018-11-07,78766
4030,CIA SIDERURGICA NACIONAL,2019Q1,2019-03-31,2019-05-08,82941
4030,CIA SIDERURGICA NACIONAL,2019Q2,2019-06-30,2019-07-30,85770
4030,CIA SIDERURGICA NACIONAL,2019Q3,2019-09-30,2019-10-23,88770
4030,CIA SIDERURGICA NACIONAL,2020Q1,2020-03-31,2020-05-14,93131
4030,CIA SIDERURGICA NACIONAL,2020Q2,2020-06-30,2020-07-28,95052
4030,CIA SIDERURGICA NACIONAL,2020Q3,2020-09-30,2020-10-15,97656
4030,CIA SIDERURGICA NACIONAL,2021Q1,2021-03-31,2021-04-28,103143
4030,CIA SIDERURGICA NACIONAL,2021Q2,2021-06-30,2021-07-27,106721
4030,CIA SIDERURGICA NACIONAL,2021Q3,2021-09-30,2021-11-03,109392
4030,CIA SIDERURGICA NACIONAL,2022Q1,2022-03-31,2022-05-04,114290
4030,CIA SIDERURGICA NACIONAL,2022Q2,2022-06-30,2022-08-15,119996
4030,CIA SIDERURGICA NACIONAL,2022Q3,2022-09-30,2022-10-31,121269
4030,CIA SIDERURGICA NACIONAL,2023Q1,2023-03-31,2023-05-03,125707
4030,CIA SIDERURGICA NACIONAL,2023Q2,2023-06-30,2023-08-03,129693
4030,CIA SIDERURGICA NACIONAL,2023Q3,2023-09-30,2023-11-13,132464
4030,CIA SIDERURGICA NACIONAL,2024Q1,2024-03-31,2024-05-09,136963
4030,CIA SIDERURGICA NACIONAL,2024Q2,2024-06-30,2024-08-12,140838
4030,CIA SIDERURGICA NACIONAL,2024Q3,2024-09-30,2024-11-27,143553
4030,CIA SIDERURGICA NACIONAL,2025Q1,2025-03-31,2025-05-08,147173
4030,CIA SIDERURGICA NACIONAL,2025Q3,2025-09-30,2025-11-04,152664
17973,COGNA EDUCAÇÃO S.A.,2011Q1,2011-03-31,2011-05-30,8766
17973,COGNA EDUCAÇÃO S.A.,2011Q2,2011-06-30,2011-08-10,10664
17973,COGNA EDUCAÇÃO S.A.,2011Q3,2011-09-30,2011-11-09,12472
17973,COGNA EDUCAÇÃO S.A.,2012Q1,2012-03-31,2012-05-14,17510
17973,COGNA EDUCAÇÃO S.A.,2012Q2,2012-06-30,2012-08-09,20209
17973,COGNA EDUCAÇÃO S.A.,2012Q3,2012-09-30,2012-11-08,22204
17973,COGNA EDUCAÇÃO S.A.,2013Q1,2013-03-31,2013-05-14,27296
17973,COGNA EDUCAÇÃO S.A.,2013Q2,2013-06-30,2013-08-08,30294
17973,COGNA EDUCAÇÃO S.A.,2013Q3,2013-09-30,2013-12-05,33391
17973,COGNA EDUCAÇÃO S.A.,2014Q1,2014-03-31,2014-05-13,37381
17973,COGNA EDUCAÇÃO S.A.,2014Q2,2014-06-30,2014-08-14,40524
17973,COGNA EDUCAÇÃO S.A.,2014Q3,2014-09-30,2014-11-14,42471
17973,COGNA EDUCAÇÃO S.A.,2015Q1,2015-03-31,2015-05-12,46861
17973,COGNA EDUCAÇÃO S.A.,2015Q2,2015-06-30,2015-08-12,49671
17973,COGNA EDUCAÇÃO S.A.,2015Q3,2015-09-30,2015-11-12,51555
17973,COGNA EDUCAÇÃO S.A.,2016Q1,2016-03-31,2016-05-12,56104
17973,COGNA EDUCAÇÃO S.A.,2016Q2,2016-06-30,2016-08-15,59140
17973,COGNA EDUCAÇÃO S.A.,2016Q3,2016-09-30,2016-11-10,60595
17973,COGNA EDUCAÇÃO S.A.,2017Q1,2017-03-31,2017-05-12,65307
17973,COGNA EDUCAÇÃO S.A.,2017Q2,2017-06-30,2017-08-11,67825
17973,COGNA EDUCAÇÃO S.A.,2017Q3,2017-09-30,2017-11-10,69678
17973,COGNA EDUCAÇÃO S.A.,2018Q1,2018-03-31,2018-05-14,74419
17973,COGNA EDUCAÇÃO S.A.,2018Q2,2018-06-30,2018-08-14,77327
17973,COGNA EDUCAÇÃO S.A.,2018Q3,2018-09-30,2018-11-09,78879
17973,COGNA EDUCAÇÃO S.A.,2019Q1,2019-03-31,2019-05-15,83522
17973,COGNA EDUCAÇÃO S.A.,2019Q2,2019-06-30,2019-08-27,87021
17973,COGNA EDUCAÇÃO S.A.,2019Q3,2019-09-30,2019-11-13,89346
17973,COGNA EDUCAÇÃO S.A.,2020Q1,2020-03-31,2020-05-21,93353
17973,COGNA EDUCAÇÃO S.A.,2020Q2,2020-06-30,2020-08-20,96367
17973,COGNA EDUCAÇÃO S.A.,2020Q3,2020-09-30,2020-11-13,98438
17973,COGNA EDUCAÇÃO S.A.,2021Q1,2021-03-31,2021-05-14,104170
17973,COGNA EDUCAÇÃO S.A.,2021Q2,2021-06-30,2021-08-13,107754
17973,COGNA EDUCAÇÃO S.A.,2021Q3,2021-09-30,2021-11-12,109887
17973,COGNA EDUCAÇÃO S.A.,2022Q1,2022-03-31,2022-05-12,114987
17973,COGNA EDUCAÇÃO S.A.,2022Q2,2022-06-30,2022-08-11,119594
17973,COGNA EDUCAÇÃO S.A.,2022Q3,2022-09-30,2022-11-10,121673
17973,COGNA EDUCAÇÃO S.A.,2023Q1,2023-03-31,2023-05-11,126371
17973,COGNA EDUCAÇÃO S.A.,2023Q2,2023-06-30,2023-08-09,129923
17973,COGNA EDUCAÇÃO S.A.,2023Q3,2023-09-30,2023-11-08,131917
17973,COGNA EDUCAÇÃO S.A.,2024Q1,2024-03-31,2024-05-08,136707
17973,COGNA EDUCAÇÃO S.A.,2024Q2,2024-06-30,2024-08-07,140482
17973,COGNA EDUCAÇÃO S.A.,2024Q3,2024-09-30,2024-11-07,142686
17973,COGNA EDUCAÇÃO S.A.,2025Q1,2025-03-31,2025-05-08,147084
17973,COGNA EDUCAÇÃO S.A.,2025Q2,2025-06-30,2025-08-06,150644
17973,COGNA EDUCAÇÃO S.A.,2025Q3,2025-09-30,2025-11-06,152745
25984,COMPANHIA BRASILEIRA DE ALUMÍNIO,2021Q1,2021-03-31,2021-06-22,104503
25984,COMPANHIA BRASILEIRA DE ALUMÍNIO,2021Q3,2021-09-30,2021-11-10,109639
25984,COMPANHIA BRASILEIRA DE ALUMÍNIO,2022Q1,2022-03-31,2022-05-09,114514
25984,COMPANHIA BRASILEIRA DE ALUMÍNIO,2022Q2,2022-06-30,2022-08-09,119360
25984,COMPANHIA BRASILEIRA DE ALUMÍNIO,2022Q3,2022-09-30,2022-11-08,121457
25984,COMPANHIA BRASILEIRA DE ALUMÍNIO,2023Q1,2023-03-31,2023-05-08,125929
25984,COMPANHIA BRASILEIRA DE ALUMÍNIO,2023Q2,2023-06-30,2023-08-07,129783
25984,COMPANHIA BRASILEIRA DE ALUMÍNIO,2024Q2,2024-06-30,2024-08-07,140513
25984,COMPANHIA BRASILEIRA DE ALUMÍNIO,2024Q3,2024-09-30,2024-11-06,142614
25984,COMPANHIA BRASILEIRA DE ALUMÍNIO,2025Q1,2025-03-31,2025-05-08,147161
25984,COMPANHIA BRASILEIRA DE ALUMÍNIO,2025Q2,2025-06-30,2025-08-06,150680
18112,COMPANHIA DE BEBIDAS DAS AMÉRICAS-AMBEV,2011Q1,2011-03-31,2011-05-04,7078
18112,COMPANHIA DE BEBIDAS DAS AMÉRICAS-AMBEV,2011Q2,2011-06-30,2011-08-11,10735
18112,COMPANHIA DE BEBIDAS DAS AMÉRICAS-AMBEV,2011Q3,2011-09-30,2011-11-09,12446
18112,COMPANHIA DE BEBIDAS DAS AMÉRICAS-AMBEV,2012Q2,2012-06-30,2012-07-31,19973
18112,COMPANHIA DE BEBIDAS DAS AMÉRICAS-AMBEV,2012Q3,2012-09-30,2012-10-31,21993
18112,COMPANHIA DE BEBIDAS DAS AMÉRICAS-AMBEV,2013Q1,2013-03-31,2013-04-30,26426
22691,COMPANHIA DE LOCAÇÃO DAS AMÉRICAS,2011Q1,2011-03-31,2012-05-15,17601
22691,COMPANHIA DE LOCAÇÃO DAS AMÉRICAS,2011Q2,2011-06-30,2012-05-15,17600
22691,COMPANHIA DE LOCAÇÃO DAS AMÉRICAS,2011Q3,2011-09-30,2012-05-15,17599
22691,COMPANHIA DE LOCAÇÃO DAS AMÉRICAS,2012Q1,2012-03-31,2012-05-15,17596
22691,COMPANHIA DE LOCAÇÃO DAS AMÉRICAS,2012Q2,2012-06-30,2012-08-14,20439
22691,COMPANHIA DE LOCAÇÃO DAS AMÉRICAS,2012Q3,2012-09-30,2012-11-12,22371
22691,COMPANHIA DE LOCAÇÃO DAS AMÉRICAS,2013Q1,2013-03-31,2013-05-09,27013
22691,COMPANHIA DE LOCAÇÃO DAS AMÉRICAS,2013Q2,2013-06-30,2013-08-14,30728
22691,COMPANHIA DE LOCAÇÃO DAS AMÉRICAS,2013Q3,2013-09-30,2013-11-11,32556
22691,COMPANHIA DE LOCAÇÃO DAS AMÉRICAS,2014Q1,2014-03-31,2014-05-08,36928
22691,COMPANHIA DE LOCAÇÃO DAS AMÉRICAS,2014Q2,2014-06-30,2014-08-05,40138
22691,COMPANHIA DE LOCAÇÃO DAS AMÉRICAS,2014Q3,2014-09-30,2014-11-12,42286
22691,COMPANHIA DE LOCAÇÃO DAS AMÉRICAS,2015Q1,2015-03-31,2015-05-06,46505
22691,COMPANHIA DE LOCAÇÃO DAS AMÉRICAS,2015Q2,2015-06-30,2015-08-14,50151
22691,COMPANHIA DE LOCAÇÃO DAS AMÉRICAS,2015Q3,2015-09-30,2015-11-10,51466
22691,COMPANHIA DE LOCAÇÃO DAS AMÉRICAS,2016Q1,2016-03-31,2016-04-26,55271
22691,COMPANHIA DE LOCAÇÃO DAS AMÉRICAS,2016Q2,2016-06-30,2016-08-10,58680
22691,COMPANHIA DE LOCAÇÃO DAS AMÉRICAS,2016Q3,2016-09-30,2016-10-26,60190
22691,COMPANHIA DE LOCAÇÃO DAS AMÉRICAS,2017Q1,2017-03-31,2017-05-03,64636
22691,COMPANHIA DE LOCAÇÃO DAS AMÉRICAS,2017Q2,2017-06-30,2017-07-24,67276
22691,COMPANHIA DE LOCAÇÃO DAS AMÉRICAS,2017Q3,2017-09-30,2017-10-25,69260
22691,COMPANHIA DE LOCAÇÃO DAS AMÉRICAS,2018Q1,2018-03-31,2018-08-13,77086
22691,COMPANHIA DE LOCAÇÃO DAS AMÉRICAS,2018Q2,2018-06-30,2018-08-13,77083
22691,COMPANHIA DE LOCAÇÃO DAS AMÉRICAS,2018Q3,2018-09-30,2018-11-06,78708
22691,COMPANHIA DE LOCAÇÃO DAS AMÉRICAS,2019Q1,2019-03-31,2019-05-06,82732
22691,COMPANHIA DE LOCAÇÃO DAS AMÉRICAS,2019Q2,2019-06-30,2019-08-05,86056
22691,COMPANHIA DE LOCAÇÃO DAS AMÉRICAS,2019Q3,2019-09-30,2019-11-21,89763
22691,COMPANHIA DE LOCAÇÃO DAS AMÉRICAS,2020Q1,2020-03-31,2020-05-20,93317
22691,COMPANHIA DE LOCAÇÃO DAS AMÉRICAS,2020Q2,2020-06-30,2020-08-13,96072
22691,COMPANHIA DE LOCAÇÃO DAS AMÉRICAS,2020Q3,2020-09-30,2020-10-26,97865
22691,COMPANHIA DE LOCAÇÃO DAS AMÉRICAS,2021Q1,2021-03-31,2021-04-30,103219
22691,COMPANHIA DE LOCAÇÃO DAS AMÉRICAS,2021Q2,2021-06-30,2021-07-27,106718
22691,COMPANHIA DE LOCAÇÃO DAS AMÉRICAS,2021Q3,2021-09-30,2021-11-23,110395
22691,COMPANHIA DE LOCAÇÃO DAS AMÉRICAS,2022Q1,2022-03-31,2022-08-08,119320
22691,COMPANHIA DE LOCAÇÃO DAS AMÉRICAS,2022Q2,2022-06-30,2022-08-11,119641
22691,COMPANHIA DE LOCAÇÃO DAS AMÉRICAS,2022Q3,2022-09-30,2022-11-14,122165
22691,COMPANHIA DE LOCAÇÃO DAS AMÉRICAS,2023Q1,2023-03-31,2023-05-15,126727
22691,COMPANHIA DE LOCAÇÃO DAS AMÉRICAS,2023Q2,2023-06-30,2023-08-14,130453
22691,COMPANHIA DE LOCAÇÃO DAS AMÉRICAS,2023Q3,2023-09-30,2023-11-13,132413
22691,COMPANHIA DE LOCAÇÃO DAS AMÉRICAS,2024Q1,2024-03-31,2024-05-15,137554
22691,COMPANHIA DE LOCAÇÃO DAS AMÉRICAS,2024Q2,2024-06-30,2024-08-14,141123
22691,COMPANHIA DE LOCAÇÃO DAS AMÉRICAS,2024Q3,2024-09-30,2024-11-14,143318
22691,COMPANHIA DE LOCAÇÃO DAS AMÉRICAS,2025Q1,2025-03-31,2025-05-14,147685
22691,COMPANHIA DE LOCAÇÃO DAS AMÉRICAS,2025Q2,2025-06-30,2025-08-13,151175
4650,CONFAB INDUSTRIAL SA,2011Q1,2011-03-31,2011-05-04,7087
4650,CONFAB INDUSTRIAL SA,2011Q2,2011-06-30,2011-08-03,10480
4650,CONFAB INDUSTRIAL SA,2011Q3,2011-09-30,2011-11-03,12308
4650,CONFAB INDUSTRIAL SA,2012Q1,2012-03-31,2012-04-26,16459
21148,CONSTRUTORA TENDA S.A.,2011Q1,2011-03-31,2011-05-10,7431
21148,CONSTRUTORA TENDA S.A.,2012Q1,2012-03-31,2012-05-08,17036
21148,CONSTRUTORA TENDA S.A.,2012Q2,2012-06-30,2012-08-10,20268
21148,CONSTRUTORA TENDA S.A.,2012Q3,2012-09-30,2012-11-12,22391
21148,CONSTRUTORA TENDA S.A.,2013Q1,2013-03-31,2013-05-10,27201
21148,CONSTRUTORA TENDA S.A.,2013Q2,2013-06-30,2013-08-09,30397
21148,CONSTRUTORA TENDA S.A.,2013Q3,2013-09-30,2013-11-05,32347
21148,CONSTRUTORA TENDA S.A.,2014Q1,2014-03-31,2014-05-09,37172
21148,CONSTRUTORA TENDA S.A.,2014Q2,2014-06-30,2014-08-08,40251
21148,CONSTRUTORA TENDA S.A.,2014Q3,2014-09-30,2014-11-07,42159
21148,CONSTRUTORA TENDA S.A.,2015Q1,2015-03-31,2015-05-07,46631
21148,CONSTRUTORA TENDA S.A.,2015Q2,2015-06-30,2015-08-07,49564
21148,CONSTRUTORA TENDA S.A.,2015Q3,2015-09-30,2015-11-06,51387
21148,CONSTRUTORA TENDA S.A.,2016Q1,2016-03-31,2016-05-05,55651
21148,CONSTRUTORA TENDA S.A.,2016Q2,2016-06-30,2016-08-11,58853
21148,CONSTRUTORA TENDA S.A.,2016Q3,2016-09-30,2016-10-18,60086
21148,CONSTRUTORA TENDA S.A.,2017Q2,2017-06-30,2017-08-10,67808
21148,CONSTRUTORA TENDA S.A.,2018Q1,2018-03-31,2018-05-10,74220
21148,CONSTRUTORA TENDA S.A.,2018Q2,2018-06-30,2018-08-13,77044
21148,CONSTRUTORA TENDA S.A.,2018Q3,2018-09-30,2018-11-08,78836
21148,CONSTRUTORA TENDA S.A.,2019Q1,2019-03-31,2019-05-09,83067
21148,CONSTRUTORA TENDA S.A.,2019Q2,2019-06-30,2019-08-08,86185
21148,CONSTRUTORA TENDA S.A.,2019Q3,2019-09-30,2019-11-07,89121
21148,CONSTRUTORA TENDA S.A.,2020Q1,2020-03-31,2020-05-14,93134
21148,CONSTRUTORA TENDA S.A.,2020Q2,2020-06-30,2020-08-06,95749
21148,CONSTRUTORA TENDA S.A.,2020Q3,2020-09-30,2020-11-05,98066
21148,CONSTRUTORA TENDA S.A.,2022Q2,2022-06-30,2022-08-04,119248
21148,CONSTRUTORA TENDA S.A.,2022Q3,2022-09-30,2022-11-03,121331
21148,CONSTRUTORA TENDA S.A.,2023Q2,2023-06-30,2023-08-02,129678
21148,CONSTRUTORA TENDA S.A.,2024Q1,2024-03-31,2024-05-08,136751
21148,CONSTRUTORA TENDA S.A.,2024Q2,2024-06-30,2024-08-07,140519
21148,CONSTRUTORA TENDA S.A.,2024Q3,2024-09-30,2024-11-06,142634
21148,CONSTRUTORA TENDA S.A.,2025Q1,2025-03-31,2025-05-27,148308
21148,CONSTRUTORA TENDA S.A.,2025Q2,2025-06-30,2025-08-07,150780
21148,CONSTRUTORA TENDA S.A.,2025Q3,2025-09-30,2025-11-06,152793
23485,COSAN LOGISTICA S.A.,2014Q1,2014-03-31,2014-09-12,41265
23485,COSAN LOGISTICA S.A.,2014Q2,2014-06-30,2014-09-12,41266
23485,COSAN LOGISTICA S.A.,2014Q3,2014-09-30,2014-11-05,42066
23485,COSAN LOGISTICA S.A.,2015Q1,2015-03-31,2015-05-06,46545
23485,COSAN LOGISTICA S.A.,2015Q2,2015-06-30,2015-08-13,49775
23485,COSAN LOGISTICA S.A.,2016Q1,2016-03-31,2016-05-04,55576
23485,COSAN LOGISTICA S.A.,2016Q2,2016-06-30,2016-08-10,58734
23485,COSAN LOGISTICA S.A.,2016Q3,2016-09-30,2016-11-09,60584
23485,COSAN LOGISTICA S.A.,2017Q1,2017-03-31,2017-05-10,65140
23485,COSAN LOGISTICA S.A.,2017Q3,2017-09-30,2017-11-08,69588
23485,COSAN LOGISTICA S.A.,2018Q1,2018-03-31,2018-05-08,73977
23485,COSAN LOGISTICA S.A.,2018Q2,2018-06-30,2018-08-13,77010
23485,COSAN LOGISTICA S.A.,2019Q1,2019-03-31,2019-05-10,83227
23485,COSAN LOGISTICA S.A.,2019Q2,2019-06-30,2019-08-13,86464
23485,COSAN LOGISTICA S.A.,2019Q3,2019-09-30,2019-11-12,89328
23485,COSAN LOGISTICA S.A.,2020Q1,2020-03-31,2020-05-28,93511
23485,COSAN LOGISTICA S.A.,2020Q2,2020-06-30,2020-08-14,96206
23485,COSAN LOGISTICA S.A.,2020Q3,2020-09-30,2020-11-12,98381
19836,COSAN S.A.,2011Q2,2011-06-30,2011-09-08,11649
19836,COSAN S.A.,2011Q3,2011-09-30,2011-11-09,12506
19836,COSAN S.A.,2012Q2,2012-06-30,2012-08-08,20194
19836,COSAN S.A.,2013Q2,2013-06-30,2013-08-16,30967
19836,COSAN S.A.,2013Q3,2013-09-30,2013-11-06,32389
19836,COSAN S.A.,2014Q1,2014-03-31,2014-05-13,37484
19836,COSAN S.A.,2014Q2,2014-06-30,2014-08-15,40852
19836,COSAN S.A.,2014Q3,2014-09-30,2014-11-05,42064
19836,COSAN S.A.,2015Q1,2015-03-31,2015-06-16,48673
19836,COSAN S.A.,2015Q2,2015-06-30,2015-08-12,49746
19836,COSAN S.A.,2015Q3,2015-09-30,2015-11-11,51538
19836,COSAN S.A.,2016Q1,2016-03-31,2016-05-12,56239
19836,COSAN S.A.,2016Q2,2016-06-30,2016-08-10,58731
19836,COSAN S.A.,2016Q3,2016-09-30,2016-11-09,60582
19836,COSAN S.A.,2017Q1,2017-03-31,2017-05-10,65142
19836,COSAN S.A.,2017Q2,2017-06-30,2017-08-09,67665
19836,COSAN S.A.,2017Q3,2017-09-30,2017-11-10,69749
19836,COSAN S.A.,2018Q1,2018-03-31,2018-05-15,74585
19836,COSAN S.A.,2018Q2,2018-06-30,2018-08-08,76800
19836,COSAN S.A.,2018Q3,2018-09-30,2018-11-07,78764
19836,COSAN S.A.,2019Q1,2019-03-31,2019-05-13,83331
19836,COSAN S.A.,2019Q2,2019-06-30,2019-08-12,86348
19836,COSAN S.A.,2019Q3,2019-09-30,2019-11-12,89277
19836,COSAN S.A.,2020Q1,2020-03-31,2020-05-29,93642
19836,COSAN S.A.,2020Q2,2020-06-30,2020-08-10,95853
19836,COSAN S.A.,2020Q3,2020-09-30,2020-11-13,98547
19836,COSAN S.A.,2021Q1,2021-03-31,2021-05-14,104366
19836,COSAN S.A.,2021Q2,2021-06-30,2021-08-13,107917
19836,COSAN S.A.,2021Q3,2021-09-30,2021-11-12,110054
19836,COSAN S.A.,2022Q1,2022-03-31,2022-05-13,115210
19836,COSAN S.A.,2022Q2,2022-06-30,2022-08-12,119783
19836,COSAN S.A.,2022Q3,2022-09-30,2023-02-28,123767
19836,COSAN S.A.,2023Q1,2023-03-31,2023-05-16,126883
19836,COSAN S.A.,2023Q2,2023-06-30,2023-08-15,130501
19836,COSAN S.A.,2023Q3,2023-09-30,2023-11-13,132421
19836,COSAN S.A.,2024Q1,2024-03-31,2024-05-28,138075
19836,COSAN S.A.,2024Q2,2024-06-30,2024-08-14,141105
19836,COSAN S.A.,2024Q3,2024-09-30,2024-11-13,143096
19836,COSAN S.A.,2025Q1,2025-03-31,2025-05-15,147908
19836,COSAN S.A.,2025Q2,2025-06-30,2025-08-14,151381
19836,COSAN S.A.,2025Q3,2025-09-30,2025-11-14,153383
18660,CPFL ENERGIA S.A.,2011Q1,2011-03-31,2011-05-11,7602
18660,CPFL ENERGIA S.A.,2011Q2,2011-06-30,2011-08-10,10722
18660,CPFL ENERGIA S.A.,2011Q3,2011-09-30,2011-11-10,12609
18660,CPFL ENERGIA S.A.,2012Q1,2012-03-31,2012-05-07,16943
18660,CPFL ENERGIA S.A.,2012Q2,2012-06-30,2012-08-06,20120
18660,CPFL ENERGIA S.A.,2012Q3,2012-09-30,2012-11-05,22095
18660,CPFL ENERGIA S.A.,2013Q1,2013-03-31,2013-05-09,27037
18660,CPFL ENERGIA S.A.,2013Q2,2013-06-30,2013-08-14,30874
18660,CPFL ENERGIA S.A.,2014Q1,2014-03-31,2014-05-12,37339
18660,CPFL ENERGIA S.A.,2014Q3,2014-09-30,2014-11-13,42460
18660,CPFL ENERGIA S.A.,2015Q1,2015-03-31,2015-05-08,46746
18660,CPFL ENERGIA S.A.,2015Q2,2015-06-30,2015-08-13,49886
18660,CPFL ENERGIA S.A.,2015Q3,2015-09-30,2015-11-12,51680
18660,CPFL ENERGIA S.A.,2016Q1,2016-03-31,2016-05-12,56240
18660,CPFL ENERGIA S.A.,2016Q2,2016-06-30,2016-08-11,58863
18660,CPFL ENERGIA S.A.,2016Q3,2016-09-30,2016-11-10,60685
18660,CPFL ENERGIA S.A.,2017Q1,2017-03-31,2017-08-07,67543
18660,CPFL ENERGIA S.A.,2017Q2,2017-06-30,2017-08-10,67774
18660,CPFL ENERGIA S.A.,2017Q3,2017-09-30,2017-11-13,69854
18660,CPFL ENERGIA S.A.,2018Q1,2018-03-31,2018-05-15,74756
18660,CPFL ENERGIA S.A.,2018Q2,2018-06-30,2018-08-14,77297
18660,CPFL ENERGIA S.A.,2018Q3,2018-09-30,2018-11-12,78998
18660,CPFL ENERGIA S.A.,2019Q1,2019-03-31,2019-05-08,82873
18660,CPFL ENERGIA S.A.,2019Q2,2019-06-30,2019-08-13,86478
18660,CPFL ENERGIA S.A.,2019Q3,2019-09-30,2019-11-12,89312
18660,CPFL ENERGIA S.A.,2020Q1,2020-03-31,2020-05-14,93141
18660,CPFL ENERGIA S.A.,2020Q2,2020-06-30,2020-08-13,96083
18660,CPFL ENERGIA S.A.,2020Q3,2020-09-30,2020-11-12,98406
18660,CPFL ENERGIA S.A.,2021Q1,2021-03-31,2021-05-13,104066
18660,CPFL ENERGIA S.A.,2021Q2,2021-06-30,2021-08-12,107694
18660,CPFL ENERGIA S.A.,2021Q3,2021-09-30,2021-11-11,109794
18660,CPFL ENERGIA S.A.,2022Q1,2022-03-31,2022-05-12,114924
18660,CPFL ENERGIA S.A.,2022Q2,2022-06-30,2022-08-11,119588
18660,CPFL ENERGIA S.A.,2022Q3,2022-09-30,2022-11-10,121699
18660,CPFL ENERGIA S.A.,2023Q1,2023-03-31,2023-05-11,126329
18660,CPFL ENERGIA S.A.,2023Q2,2023-06-30,2023-08-10,130025
18660,CPFL ENERGIA S.A.,2023Q3,2023-09-30,2023-11-09,132064
18660,CPFL ENERGIA S.A.,2024Q1,2024-03-31,2024-05-09,136931
18660,CPFL ENERGIA S.A.,2024Q2,2024-06-30,2024-08-08,140625
18660,CPFL ENERGIA S.A.,2024Q3,2024-09-30,2024-11-07,142724
18660,CPFL ENERGIA S.A.,2025Q2,2025-06-30,2025-08-14,151358
18660,CPFL ENERGIA S.A.,2025Q3,2025-09-30,2025-11-13,153176
25585,CSN MINERAÇÃO S.A.,2020Q1,2020-03-31,2021-01-27,97693
25585,CSN MINERAÇÃO S.A.,2020Q2,2020-06-30,2021-01-27,97694
25585,CSN MINERAÇÃO S.A.,2020Q3,2020-09-30,2021-01-27,97695
25585,CSN MINERAÇÃO S.A.,2021Q1,2021-03-31,2021-04-28,103144
25585,CSN MINERAÇÃO S.A.,2021Q2,2021-06-30,2021-07-27,106720
25585,CSN MINERAÇÃO S.A.,2021Q3,2021-09-30,2021-11-03,109390
25585,CSN MINERAÇÃO S.A.,2022Q1,2022-03-31,2022-05-04,114289
25585,CSN MINERAÇÃO S.A.,2022Q2,2022-06-30,2022-08-15,119998
25585,CSN MINERAÇÃO S.A.,2022Q3,2022-09-30,2022-10-31,121270
25585,CSN MINERAÇÃO S.A.,2023Q1,2023-03-31,2023-05-03,125706
25585,CSN MINERAÇÃO S.A.,2023Q2,2023-06-30,2023-08-02,129680
25585,CSN MINERAÇÃO S.A.,2023Q3,2023-09-30,2023-11-13,132461
25585,CSN MINERAÇÃO S.A.,2024Q1,2024-03-31,2024-05-09,136964
25585,CSN MINERAÇÃO S.A.,2024Q2,2024-06-30,2024-08-12,140831
25585,CSN MINERAÇÃO S.A.,2024Q3,2024-09-30,2025-01-13,144266
25585,CSN MINERAÇÃO S.A.,2025Q1,2025-03-31,2025-05-08,147174
25585,CSN MINERAÇÃO S.A.,2025Q3,2025-09-30,2025-11-04,152663
18376,CTEEP - CIA TRANSMISSÃO ENERGIA ELÉTRICA PAULISTA,2011Q1,2011-03-31,2011-08-19,11315
18376,CTEEP - CIA TRANSMISSÃO ENERGIA ELÉTRICA PAULISTA,2011Q2,2011-06-30,2011-08-15,11112
18376,CTEEP - CIA TRANSMISSÃO ENERGIA ELÉTRICA PAULISTA,2011Q3,2011-09-30,2011-11-14,12838
18376,CTEEP - CIA TRANSMISSÃO ENERGIA ELÉTRICA PAULISTA,2012Q1,2012-03-31,2012-05-14,17543
18376,CTEEP - CIA TRANSMISSÃO ENERGIA ELÉTRICA PAULISTA,2012Q2,2012-06-30,2012-08-13,20386
18376,CTEEP - CIA TRANSMISSÃO ENERGIA ELÉTRICA PAULISTA,2012Q3,2012-09-30,2012-11-12,22379
18376,CTEEP - CIA TRANSMISSÃO ENERGIA ELÉTRICA PAULISTA,2013Q1,2013-03-31,2013-05-16,27956
18376,CTEEP - CIA TRANSMISSÃO ENERGIA ELÉTRICA PAULISTA,2013Q2,2013-06-30,2013-08-14,30694
18376,CTEEP - CIA TRANSMISSÃO ENERGIA ELÉTRICA PAULISTA,2014Q1,2014-03-31,2014-05-15,37790
18376,CTEEP - CIA TRANSMISSÃO ENERGIA ELÉTRICA PAULISTA,2014Q2,2014-06-30,2014-07-30,39989
18376,CTEEP - CIA TRANSMISSÃO ENERGIA ELÉTRICA PAULISTA,2014Q3,2014-09-30,2014-10-30,41893
18376,CTEEP - CIA TRANSMISSÃO ENERGIA ELÉTRICA PAULISTA,2015Q1,2015-03-31,2015-04-29,46226
18376,CTEEP - CIA TRANSMISSÃO ENERGIA ELÉTRICA PAULISTA,2015Q2,2015-06-30,2015-07-30,49343
18376,CTEEP - CIA TRANSMISSÃO ENERGIA ELÉTRICA PAULISTA,2015Q3,2015-09-30,2015-10-26,51090
18376,CTEEP - CIA TRANSMISSÃO ENERGIA ELÉTRICA PAULISTA,2016Q1,2016-03-31,2016-04-28,55344
18376,CTEEP - CIA TRANSMISSÃO ENERGIA ELÉTRICA PAULISTA,2016Q2,2016-06-30,2016-09-08,59545
18376,CTEEP - CIA TRANSMISSÃO ENERGIA ELÉTRICA PAULISTA,2016Q3,2016-09-30,2016-10-28,60228
18376,CTEEP - CIA TRANSMISSÃO ENERGIA ELÉTRICA PAULISTA,2017Q1,2017-03-31,2017-04-27,64472
18376,CTEEP - CIA TRANSMISSÃO ENERGIA ELÉTRICA PAULISTA,2017Q2,2017-06-30,2017-08-01,67460
18376,CTEEP - CIA TRANSMISSÃO ENERGIA ELÉTRICA PAULISTA,2017Q3,2017-09-30,2017-10-30,69346
18376,CTEEP - CIA TRANSMISSÃO ENERGIA ELÉTRICA PAULISTA,2018Q1,2018-03-31,2018-05-15,74531
18376,CTEEP - CIA TRANSMISSÃO ENERGIA ELÉTRICA PAULISTA,2018Q2,2018-06-30,2018-07-31,76595
18376,CTEEP - CIA TRANSMISSÃO ENERGIA ELÉTRICA PAULISTA,2018Q3,2018-09-30,2018-10-29,78347
18376,CTEEP - CIA TRANSMISSÃO ENERGIA ELÉTRICA PAULISTA,2019Q1,2019-03-31,2019-04-29,82475
18376,CTEEP - CIA TRANSMISSÃO ENERGIA ELÉTRICA PAULISTA,2019Q2,2019-06-30,2019-07-30,85747
18376,CTEEP - CIA TRANSMISSÃO ENERGIA ELÉTRICA PAULISTA,2019Q3,2019-09-30,2019-11-05,89027
25100,CURY CONSTRUTORA E INCORPORADORA S.A.,2020Q1,2020-03-31,2020-07-25,94984
25100,CURY CONSTRUTORA E INCORPORADORA S.A.,2020Q2,2020-06-30,2020-08-10,94983
25100,CURY CONSTRUTORA E INCORPORADORA S.A.,2020Q3,2020-09-30,2020-12-10,99151
25100,CURY CONSTRUTORA E INCORPORADORA S.A.,2021Q1,2021-03-31,2021-05-13,104157
25100,CURY CONSTRUTORA E INCORPORADORA S.A.,2021Q2,2021-06-30,2021-08-12,107666
25100,CURY CONSTRUTORA E INCORPORADORA S.A.,2021Q3,2021-09-30,2021-11-11,109772
25100,CURY CONSTRUTORA E INCORPORADORA S.A.,2022Q1,2022-03-31,2022-05-10,114644
25100,CURY CONSTRUTORA E INCORPORADORA S.A.,2022Q2,2022-06-30,2022-08-09,119339
25100,CURY CONSTRUTORA E INCORPORADORA S.A.,2022Q3,2022-09-30,2022-11-08,121451
25100,CURY CONSTRUTORA E INCORPORADORA S.A.,2023Q1,2023-03-31,2023-05-09,126022
25100,CURY CONSTRUTORA E INCORPORADORA S.A.,2023Q2,2023-06-30,2023-08-08,129820
25100,CURY CONSTRUTORA E INCORPORADORA S.A.,2023Q3,2023-09-30,2023-11-07,131846
25100,CURY CONSTRUTORA E INCORPORADORA S.A.,2024Q1,2024-03-31,2024-05-07,136591
25100,CURY CONSTRUTORA E INCORPORADORA S.A.,2024Q2,2024-06-30,2024-08-06,140423
25100,CURY CONSTRUTORA E INCORPORADORA S.A.,2024Q3,2024-09-30,2024-11-12,142960
25100,CURY CONSTRUTORA E INCORPORADORA S.A.,2025Q1,2025-03-31,2025-05-13,147489
25100,CURY CONSTRUTORA E INCORPORADORA S.A.,2025Q3,2025-09-30,2025-11-11,152937
23310,CVC BRASIL OPERADORA E AGÊNCIA DE VIAGENS S.A.,2013Q1,2013-03-31,2013-12-17,33547
23310,CVC BRASIL OPERADORA E AGÊNCIA DE VIAGENS S.A.,2013Q2,2013-06-30,2013-12-17,33548
23310,CVC BRASIL OPERADORA E AGÊNCIA DE VIAGENS S.A.,2013Q3,2013-09-30,2013-12-17,33549
23310,CVC BRASIL OPERADORA E AGÊNCIA DE VIAGENS S.A.,2014Q1,2014-03-31,2014-05-06,36775
23310,CVC BRASIL OPERADORA E AGÊNCIA DE VIAGENS S.A.,2014Q2,2014-06-30,2014-08-11,40293
23310,CVC BRASIL OPERADORA E AGÊNCIA DE VIAGENS S.A.,2014Q3,2014-09-30,2014-10-20,41722
23310,CVC BRASIL OPERADORA E AGÊNCIA DE VIAGENS S.A.,2015Q1,2015-03-31,2015-05-05,46419
23310,CVC BRASIL OPERADORA E AGÊNCIA DE VIAGENS S.A.,2015Q2,2015-06-30,2015-08-05,49476
23310,CVC BRASIL OPERADORA E AGÊNCIA DE VIAGENS S.A.,2015Q3,2015-09-30,2015-11-11,51552
23310,CVC BRASIL OPERADORA E AGÊNCIA DE VIAGENS S.A.,2016Q1,2016-03-31,2016-05-05,55647
23310,CVC BRASIL OPERADORA E AGÊNCIA DE VIAGENS S.A.,2016Q2,2016-06-30,2016-07-27,58294
23310,CVC BRASIL OPERADORA E AGÊNCIA DE VIAGENS S.A.,2016Q3,2016-09-30,2016-11-03,60355
23310,CVC BRASIL OPERADORA E AGÊNCIA DE VIAGENS S.A.,2017Q1,2017-03-31,2017-05-10,65159
23310,CVC BRASIL OPERADORA E AGÊNCIA DE VIAGENS S.A.,2017Q2,2017-06-30,2017-08-09,67682
23310,CVC BRASIL OPERADORA E AGÊNCIA DE VIAGENS S.A.,2017Q3,2017-09-30,2017-11-08,69574
23310,CVC BRASIL OPERADORA E AGÊNCIA DE VIAGENS S.A.,2018Q1,2018-03-31,2018-05-10,74233
23310,CVC BRASIL OPERADORA E AGÊNCIA DE VIAGENS S.A.,2018Q2,2018-06-30,2018-08-09,76863
23310,CVC BRASIL OPERADORA E AGÊNCIA DE VIAGENS S.A.,2018Q3,2018-09-30,2018-11-09,78873
23310,CVC BRASIL OPERADORA E AGÊNCIA DE VIAGENS S.A.,2019Q1,2019-03-31,2019-05-09,83103
23310,CVC BRASIL OPERADORA E AGÊNCIA DE VIAGENS S.A.,2019Q2,2019-06-30,2019-08-08,86216
23310,CVC BRASIL OPERADORA E AGÊNCIA DE VIAGENS S.A.,2019Q3,2019-09-30,2019-11-08,89180
23310,CVC BRASIL OPERADORA E AGÊNCIA DE VIAGENS S.A.,2020Q1,2020-03-31,2020-09-30,97433
23310,CVC BRASIL OPERADORA E AGÊNCIA DE VIAGENS S.A.,2020Q2,2020-06-30,2020-10-20,97710
23310,CVC BRASIL OPERADORA E AGÊNCIA DE VIAGENS S.A.,2020Q3,2020-09-30,2020-11-13,98597
23310,CVC BRASIL OPERADORA E AGÊNCIA DE VIAGENS S.A.,2021Q1,2021-03-31,2021-05-14,104356
23310,CVC BRASIL OPERADORA E AGÊNCIA DE VIAGENS S.A.,2021Q2,2021-06-30,2021-08-13,107887
23310,CVC BRASIL OPERADORA E AGÊNCIA DE VIAGENS S.A.,2021Q3,2021-09-30,2021-11-12,110061
23310,CVC BRASIL OPERADORA E AGÊNCIA DE VIAGENS S.A.,2022Q1,2022-03-31,2022-05-10,114651
23310,CVC BRASIL OPERADORA E AGÊNCIA DE VIAGENS S.A.,2022Q2,2022-06-30,2022-08-09,119365
23310,CVC BRASIL OPERADORA E AGÊNCIA DE VIAGENS S.A.,2022Q3,2022-09-30,2022-11-08,121454
23310,CVC BRASIL OPERADORA E AGÊNCIA DE VIAGENS S.A.,2023Q1,2023-03-31,2023-05-09,126039
23310,CVC BRASIL OPERADORA E AGÊNCIA DE VIAGENS S.A.,2023Q2,2023-06-30,2023-08-08,129812
23310,CVC BRASIL OPERADORA E AGÊNCIA DE VIAGENS S.A.,2023Q3,2023-09-30,2023-11-03,131771
23310,CVC BRASIL OPERADORA E AGÊNCIA DE VIAGENS S.A.,2024Q1,2024-03-31,2024-07-01,139357
23310,CVC BRASIL OPERADORA E AGÊNCIA DE VIAGENS S.A.,2024Q2,2024-06-30,2024-08-07,140503
23310,CVC BRASIL OPERADORA E AGÊNCIA DE VIAGENS S.A.,2024Q3,2024-09-30,2024-11-12,142975
23310,CVC BRASIL OPERADORA E AGÊNCIA DE VIAGENS S.A.,2025Q1,2025-03-31,2025-05-13,147511
23310,CVC BRASIL OPERADORA E AGÊNCIA DE VIAGENS S.A.,2025Q2,2025-06-30,2025-08-12,150943
23310,CVC BRASIL OPERADORA E AGÊNCIA DE VIAGENS S.A.,2025Q3,2025-09-30,2025-11-11,152959
14460,CYRELA BRAZIL REALTY S.A.EMPREEND E PART,2011Q2,2011-06-30,2011-08-11,10827
14460,CYRELA BRAZIL REALTY S.A.EMPREEND E PART,2012Q1,2012-03-31,2012-05-14,17575
14460,CYRELA BRAZIL REALTY S.A.EMPREEND E PART,2012Q2,2012-06-30,2012-08-13,20426
14460,CYRELA BRAZIL REALTY S.A.EMPREEND E PART,2012Q3,2012-09-30,2012-11-13,22407
14460,CYRELA BRAZIL REALTY S.A.EMPREEND E PART,2013Q2,2013-06-30,2013-08-14,30741
14460,CYRELA BRAZIL REALTY S.A.EMPREEND E PART,2013Q3,2013-09-30,2013-11-13,32779
14460,CYRELA BRAZIL REALTY S.A.EMPREEND E PART,2014Q1,2014-03-31,2014-05-14,37607
14460,CYRELA BRAZIL REALTY S.A.EMPREEND E PART,2014Q3,2014-09-30,2014-11-13,42414
14460,CYRELA BRAZIL REALTY S.A.EMPREEND E PART,2015Q1,2015-03-31,2015-05-14,47208
14460,CYRELA BRAZIL REALTY S.A.EMPREEND E PART,2015Q2,2015-06-30,2015-08-13,49866
14460,CYRELA BRAZIL REALTY S.A.EMPREEND E PART,2015Q3,2015-09-30,2015-11-12,51640
14460,CYRELA BRAZIL REALTY S.A.EMPREEND E PART,2016Q1,2016-03-31,2016-05-12,56191
14460,CYRELA BRAZIL REALTY S.A.EMPREEND E PART,2016Q2,2016-06-30,2016-08-09,58618
14460,CYRELA BRAZIL REALTY S.A.EMPREEND E PART,2016Q3,2016-09-30,2016-11-10,60650
14460,CYRELA BRAZIL REALTY S.A.EMPREEND E PART,2017Q1,2017-03-31,2017-05-11,65253
14460,CYRELA BRAZIL REALTY S.A.EMPREEND E PART,2017Q2,2017-06-30,2017-08-10,67769
14460,CYRELA BRAZIL REALTY S.A.EMPREEND E PART,2017Q3,2017-09-30,2017-11-10,69677
14460,CYRELA BRAZIL REALTY S.A.EMPREEND E PART,2018Q1,2018-03-31,2018-05-10,74250
14460,CYRELA BRAZIL REALTY S.A.EMPREEND E PART,2018Q2,2018-06-30,2018-08-10,76955
14460,CYRELA BRAZIL REALTY S.A.EMPREEND E PART,2018Q3,2018-09-30,2018-11-08,78828
14460,CYRELA BRAZIL REALTY S.A.EMPREEND E PART,2019Q1,2019-03-31,2019-05-09,83034
14460,CYRELA BRAZIL REALTY S.A.EMPREEND E PART,2019Q2,2019-06-30,2019-08-08,86168
14460,CYRELA BRAZIL REALTY S.A.EMPREEND E PART,2019Q3,2019-09-30,2019-11-07,89134
14460,CYRELA BRAZIL REALTY S.A.EMPREEND E PART,2020Q1,2020-03-31,2020-05-14,93089
14460,CYRELA BRAZIL REALTY S.A.EMPREEND E PART,2020Q2,2020-06-30,2020-08-13,96010
14460,CYRELA BRAZIL REALTY S.A.EMPREEND E PART,2020Q3,2020-09-30,2020-11-12,98335
14460,CYRELA BRAZIL REALTY S.A.EMPREEND E PART,2021Q1,2021-03-31,2021-05-13,104029
14460,CYRELA BRAZIL REALTY S.A.EMPREEND E PART,2021Q2,2021-06-30,2021-08-12,107625
14460,CYRELA BRAZIL REALTY S.A.EMPREEND E PART,2021Q3,2021-09-30,2021-11-11,109766
14460,CYRELA BRAZIL REALTY S.A.EMPREEND E PART,2022Q1,2022-03-31,2022-05-14,115226
14460,CYRELA BRAZIL REALTY S.A.EMPREEND E PART,2022Q2,2022-06-30,2022-08-11,119539
14460,CYRELA BRAZIL REALTY S.A.EMPREEND E PART,2022Q3,2022-09-30,2022-11-10,121687
14460,CYRELA BRAZIL REALTY S.A.EMPREEND E PART,2023Q1,2023-03-31,2023-05-11,126293
14460,CYRELA BRAZIL REALTY S.A.EMPREEND E PART,2023Q2,2023-06-30,2023-08-10,129975
14460,CYRELA BRAZIL REALTY S.A.EMPREEND E PART,2023Q3,2023-09-30,2023-11-09,132037
14460,CYRELA BRAZIL REALTY S.A.EMPREEND E PART,2024Q1,2024-03-31,2024-05-09,136835
14460,CYRELA BRAZIL REALTY S.A.EMPREEND E PART,2024Q2,2024-06-30,2024-08-08,140576
14460,CYRELA BRAZIL REALTY S.A.EMPREEND E PART,2024Q3,2024-09-30,2024-11-13,143076
14460,CYRELA BRAZIL REALTY S.A.EMPREEND E PART,2025Q2,2025-06-30,2025-08-14,151247
14460,CYRELA BRAZIL REALTY S.A.EMPREEND E PART,2025Q3,2025-09-30,2025-11-13,153167
21091,DEXCO S.A.,2011Q1,2011-03-31,2011-05-06,7240
21091,DEXCO S.A.,2011Q2,2011-06-30,2011-08-01,10422
21091,DEXCO S.A.,2011Q3,2011-09-30,2011-11-03,12305
21091,DEXCO S.A.,2012Q1,2012-03-31,2012-04-26,16461
21091,DEXCO S.A.,2012Q2,2012-06-30,2012-07-27,19900
21091,DEXCO S.A.,2012Q3,2012-09-30,2012-10-25,21912
21091,DEXCO S.A.,2013Q1,2013-03-31,2013-04-22,26237
21091,DEXCO S.A.,2013Q2,2013-06-30,2013-07-22,29950
21091,DEXCO S.A.,2013Q3,2013-09-30,2013-10-28,32090
21091,DEXCO S.A.,2014Q1,2014-03-31,2014-04-23,36356
21091,DEXCO S.A.,2015Q1,2015-03-31,2015-04-28,46164
21091,DEXCO S.A.,2015Q2,2015-06-30,2015-07-28,49263
21091,DEXCO S.A.,2015Q3,2015-09-30,2015-10-29,51171
21091,DEXCO S.A.,2016Q1,2016-03-31,2016-04-28,55328
21091,DEXCO S.A.,2016Q2,2016-06-30,2016-08-01,58386
21091,DEXCO S.A.,2016Q3,2016-09-30,2016-10-28,60247
21091,DEXCO S.A.,2017Q1,2017-03-31,2017-04-26,64440
21091,DEXCO S.A.,2017Q2,2017-06-30,2017-08-10,67755
21091,DEXCO S.A.,2017Q3,2017-09-30,2017-10-27,69321
21091,DEXCO S.A.,2018Q1,2018-03-31,2018-05-02,73629
21091,DEXCO S.A.,2018Q2,2018-06-30,2018-08-01,76622
21091,DEXCO S.A.,2018Q3,2018-09-30,2018-11-05,78618
21091,DEXCO S.A.,2019Q1,2019-03-31,2019-05-06,82742
21091,DEXCO S.A.,2019Q2,2019-06-30,2019-07-31,85925
21091,DEXCO S.A.,2019Q3,2019-09-30,2019-10-29,88870
21091,DEXCO S.A.,2020Q1,2020-03-31,2020-05-06,92759
21091,DEXCO S.A.,2020Q2,2020-06-30,2020-07-29,95150
21091,DEXCO S.A.,2020Q3,2020-09-30,2020-11-03,97983
21091,DEXCO S.A.,2021Q1,2021-03-31,2021-04-29,103186
21091,DEXCO S.A.,2021Q2,2021-06-30,2021-07-28,106768
21091,DEXCO S.A.,2021Q3,2021-09-30,2021-10-27,109262
21091,DEXCO S.A.,2022Q1,2022-03-31,2022-04-27,113993
21091,DEXCO S.A.,2022Q2,2022-06-30,2022-07-27,118744
21091,DEXCO S.A.,2022Q3,2022-09-30,2022-10-26,121172
21091,DEXCO S.A.,2023Q1,2023-03-31,2023-05-23,127159
21091,DEXCO S.A.,2023Q2,2023-06-30,2023-08-02,129679
21091,DEXCO S.A.,2023Q3,2023-09-30,2023-11-07,131871
21091,DEXCO S.A.,2024Q1,2024-03-31,2024-05-08,136746
21091,DEXCO S.A.,2024Q2,2024-06-30,2024-08-07,140529
21091,DEXCO S.A.,2024Q3,2024-09-30,2024-11-06,142660
21091,DEXCO S.A.,2025Q1,2025-03-31,2025-05-07,147020
19623,DIAGNOSTICOS DA AMERICA S.A.,2011Q1,2011-03-31,2011-05-10,7521
19623,DIAGNOSTICOS DA AMERICA S.A.,2011Q2,2011-06-30,2011-08-15,11002
19623,DIAGNOSTICOS DA AMERICA S.A.,2011Q3,2011-09-30,2011-11-14,12965
19623,DIAGNOSTICOS DA AMERICA S.A.,2012Q1,2012-03-31,2012-05-14,17561
19623,DIAGNOSTICOS DA AMERICA S.A.,2012Q2,2012-06-30,2012-08-13,20405
19623,DIAGNOSTICOS DA AMERICA S.A.,2012Q3,2012-09-30,2012-11-12,22381
19623,DIAGNOSTICOS DA AMERICA S.A.,2013Q1,2013-03-31,2013-05-13,27284
19623,DIAGNOSTICOS DA AMERICA S.A.,2013Q2,2013-06-30,2013-08-26,31146
19623,DIAGNOSTICOS DA AMERICA S.A.,2013Q3,2013-09-30,2013-11-11,32551
19623,DIAGNOSTICOS DA AMERICA S.A.,2014Q1,2014-03-31,2014-05-12,37289
19623,DIAGNOSTICOS DA AMERICA S.A.,2014Q2,2014-06-30,2014-08-11,40311
19623,DIAGNOSTICOS DA AMERICA S.A.,2014Q3,2014-09-30,2014-11-10,42201
19623,DIAGNOSTICOS DA AMERICA S.A.,2015Q1,2015-03-31,2015-05-12,46977
19623,DIAGNOSTICOS DA AMERICA S.A.,2015Q2,2015-06-30,2015-08-10,49602
19623,DIAGNOSTICOS DA AMERICA S.A.,2015Q3,2015-09-30,2015-11-12,51663
19623,DIAGNOSTICOS DA AMERICA S.A.,2016Q1,2016-03-31,2016-05-10,55970
19623,DIAGNOSTICOS DA AMERICA S.A.,2016Q2,2016-06-30,2016-08-10,58710
19623,DIAGNOSTICOS DA AMERICA S.A.,2016Q3,2016-09-30,2016-11-08,60458
19623,DIAGNOSTICOS DA AMERICA S.A.,2017Q1,2017-03-31,2017-05-12,65445
19623,DIAGNOSTICOS DA AMERICA S.A.,2017Q2,2017-06-30,2017-08-11,67902
19623,DIAGNOSTICOS DA AMERICA S.A.,2017Q3,2017-09-30,2017-11-13,69869
19623,DIAGNOSTICOS DA AMERICA S.A.,2018Q1,2018-03-31,2018-05-15,74713
19623,DIAGNOSTICOS DA AMERICA S.A.,2018Q2,2018-06-30,2018-08-14,77253
19623,DIAGNOSTICOS DA AMERICA S.A.,2018Q3,2018-09-30,2018-11-14,79335
19623,DIAGNOSTICOS DA AMERICA S.A.,2019Q1,2019-03-31,2019-05-14,83473
19623,DIAGNOSTICOS DA AMERICA S.A.,2019Q2,2019-06-30,2019-08-14,86641
19623,DIAGNOSTICOS DA AMERICA S.A.,2019Q3,2019-09-30,2019-11-14,89645
19623,DIAGNOSTICOS DA AMERICA S.A.,2020Q1,2020-03-31,2020-06-19,94137
19623,DIAGNOSTICOS DA AMERICA S.A.,2020Q2,2020-06-30,2020-08-21,96401
19623,DIAGNOSTICOS DA AMERICA S.A.,2020Q3,2020-09-30,2020-11-13,98584
19623,DIAGNOSTICOS DA AMERICA S.A.,2021Q1,2021-03-31,2021-05-13,104146
19623,DIAGNOSTICOS DA AMERICA S.A.,2021Q2,2021-06-30,2021-08-12,107729
19623,DIAGNOSTICOS DA AMERICA S.A.,2021Q3,2021-09-30,2021-11-11,109874
19623,DIAGNOSTICOS DA AMERICA S.A.,2022Q1,2022-03-31,2022-05-12,115016
19623,DIAGNOSTICOS DA AMERICA S.A.,2022Q2,2022-06-30,2022-08-11,119648
19623,DIAGNOSTICOS DA AMERICA S.A.,2022Q3,2022-09-30,2022-11-14,122114
19623,DIAGNOSTICOS DA AMERICA S.A.,2023Q1,2023-03-31,2023-05-11,126396
19623,DIAGNOSTICOS DA AMERICA S.A.,2023Q2,2023-06-30,2023-08-10,130027
19623,DIAGNOSTICOS DA AMERICA S.A.,2023Q3,2023-09-30,2023-11-09,132141
19623,DIAGNOSTICOS DA AMERICA S.A.,2024Q1,2024-03-31,2024-05-15,137509
19623,DIAGNOSTICOS DA AMERICA S.A.,2024Q2,2024-06-30,2024-08-14,141159
19623,DIAGNOSTICOS DA AMERICA S.A.,2024Q3,2024-09-30,2024-11-13,143162
19623,DIAGNOSTICOS DA AMERICA S.A.,2025Q1,2025-03-31,2025-06-12,149445
19623,DIAGNOSTICOS DA AMERICA S.A.,2025Q2,2025-06-30,2025-08-14,151408
19623,DIAGNOSTICOS DA AMERICA S.A.,2025Q3,2025-09-30,2025-11-13,153220
21350,DIRECIONAL ENGENHARIA S.A.,2011Q1,2011-03-31,2011-05-13,7843
21350,DIRECIONAL ENGENHARIA S.A.,2011Q2,2011-06-30,2011-08-09,10622
21350,DIRECIONAL ENGENHARIA S.A.,2011Q3,2011-09-30,2011-11-10,12593
21350,DIRECIONAL ENGENHARIA S.A.,2012Q1,2012-03-31,2012-05-16,17910
21350,DIRECIONAL ENGENHARIA S.A.,2012Q2,2012-06-30,2012-08-06,20127
21350,DIRECIONAL ENGENHARIA S.A.,2012Q3,2012-09-30,2012-11-06,22114
21350,DIRECIONAL ENGENHARIA S.A.,2013Q1,2013-03-31,2013-07-01,29654
21350,DIRECIONAL ENGENHARIA S.A.,2013Q2,2013-06-30,2013-08-05,30196
21350,DIRECIONAL ENGENHARIA S.A.,2013Q3,2013-09-30,2013-11-11,32535
21350,DIRECIONAL ENGENHARIA S.A.,2014Q1,2014-03-31,2014-05-13,37478
21350,DIRECIONAL ENGENHARIA S.A.,2014Q3,2014-09-30,2014-11-13,42405
21350,DIRECIONAL ENGENHARIA S.A.,2015Q1,2015-03-31,2015-05-15,47497
21350,DIRECIONAL ENGENHARIA S.A.,2015Q2,2015-06-30,2015-08-10,49623
21350,DIRECIONAL ENGENHARIA S.A.,2015Q3,2015-09-30,2015-11-11,51499
21350,DIRECIONAL ENGENHARIA S.A.,2016Q1,2016-03-31,2016-05-09,55850
21350,DIRECIONAL ENGENHARIA S.A.,2016Q2,2016-06-30,2016-08-08,58574
21350,DIRECIONAL ENGENHARIA S.A.,2016Q3,2016-09-30,2016-11-16,61069
21350,DIRECIONAL ENGENHARIA S.A.,2017Q1,2017-03-31,2017-05-11,65223
21350,DIRECIONAL ENGENHARIA S.A.,2017Q2,2017-06-30,2017-08-10,67761
21350,DIRECIONAL ENGENHARIA S.A.,2017Q3,2017-09-30,2017-11-14,70038
21350,DIRECIONAL ENGENHARIA S.A.,2018Q1,2018-03-31,2018-05-14,74473
21350,DIRECIONAL ENGENHARIA S.A.,2018Q2,2018-06-30,2018-08-13,77053
21350,DIRECIONAL ENGENHARIA S.A.,2018Q3,2018-09-30,2018-11-08,78832
21350,DIRECIONAL ENGENHARIA S.A.,2019Q1,2019-03-31,2019-05-10,83189
21350,DIRECIONAL ENGENHARIA S.A.,2019Q2,2019-06-30,2019-08-12,86328
21350,DIRECIONAL ENGENHARIA S.A.,2019Q3,2019-09-30,2019-10-31,88939
21350,DIRECIONAL ENGENHARIA S.A.,2020Q1,2020-03-31,2020-05-14,93104
21350,DIRECIONAL ENGENHARIA S.A.,2020Q2,2020-06-30,2020-08-14,96177
21350,DIRECIONAL ENGENHARIA S.A.,2020Q3,2020-09-30,2020-11-09,98136
21350,DIRECIONAL ENGENHARIA S.A.,2021Q1,2021-03-31,2021-05-10,103670
21350,DIRECIONAL ENGENHARIA S.A.,2021Q2,2021-06-30,2021-08-09,107383
21350,DIRECIONAL ENGENHARIA S.A.,2021Q3,2021-09-30,2021-11-08,109516
21350,DIRECIONAL ENGENHARIA S.A.,2022Q1,2022-03-31,2022-05-05,114353
21350,DIRECIONAL ENGENHARIA S.A.,2022Q2,2022-06-30,2022-08-08,119298
21350,DIRECIONAL ENGENHARIA S.A.,2022Q3,2022-09-30,2022-11-07,121390
21350,DIRECIONAL ENGENHARIA S.A.,2023Q1,2023-03-31,2023-06-22,128573
21350,DIRECIONAL ENGENHARIA S.A.,2023Q2,2023-06-30,2023-08-07,129777
21350,DIRECIONAL ENGENHARIA S.A.,2023Q3,2023-09-30,2023-11-07,131853
21350,DIRECIONAL ENGENHARIA S.A.,2024Q1,2024-03-31,2024-05-09,136880
21350,DIRECIONAL ENGENHARIA S.A.,2024Q2,2024-06-30,2024-08-12,140774
21350,DIRECIONAL ENGENHARIA S.A.,2024Q3,2024-09-30,2024-11-07,142747
21350,DIRECIONAL ENGENHARIA S.A.,2025Q1,2025-03-31,2025-05-12,147372
21350,DIRECIONAL ENGENHARIA S.A.,2025Q2,2025-06-30,2025-08-11,150860
19453,ECORODOVIAS INFRAESTRUTURA E LOGÍSTICA S.A.,2011Q1,2011-03-31,2011-05-16,8082
19453,ECORODOVIAS INFRAESTRUTURA E LOGÍSTICA S.A.,2011Q2,2011-06-30,2011-08-09,10652
19453,ECORODOVIAS INFRAESTRUTURA E LOGÍSTICA S.A.,2011Q3,2011-09-30,2011-11-08,12432
19453,ECORODOVIAS INFRAESTRUTURA E LOGÍSTICA S.A.,2012Q1,2012-03-31,2012-05-14,17454
19453,ECORODOVIAS INFRAESTRUTURA E LOGÍSTICA S.A.,2012Q2,2012-06-30,2012-08-09,20261
19453,ECORODOVIAS INFRAESTRUTURA E LOGÍSTICA S.A.,2012Q3,2012-09-30,2012-11-06,22156
19453,ECORODOVIAS INFRAESTRUTURA E LOGÍSTICA S.A.,2013Q1,2013-03-31,2013-05-15,27814
19453,ECORODOVIAS INFRAESTRUTURA E LOGÍSTICA S.A.,2013Q2,2013-06-30,2013-08-07,30253
19453,ECORODOVIAS INFRAESTRUTURA E LOGÍSTICA S.A.,2013Q3,2013-09-30,2013-11-05,32329
19453,ECORODOVIAS INFRAESTRUTURA E LOGÍSTICA S.A.,2014Q1,2014-03-31,2014-05-06,36776
19453,ECORODOVIAS INFRAESTRUTURA E LOGÍSTICA S.A.,2014Q2,2014-06-30,2014-08-07,40213
19453,ECORODOVIAS INFRAESTRUTURA E LOGÍSTICA S.A.,2015Q1,2015-03-31,2015-05-11,46756
19453,ECORODOVIAS INFRAESTRUTURA E LOGÍSTICA S.A.,2015Q2,2015-06-30,2015-08-14,50142
19453,ECORODOVIAS INFRAESTRUTURA E LOGÍSTICA S.A.,2015Q3,2015-09-30,2015-11-10,51463
19453,ECORODOVIAS INFRAESTRUTURA E LOGÍSTICA S.A.,2016Q1,2016-03-31,2016-05-12,56204
19453,ECORODOVIAS INFRAESTRUTURA E LOGÍSTICA S.A.,2016Q2,2016-06-30,2016-08-11,58751
19453,ECORODOVIAS INFRAESTRUTURA E LOGÍSTICA S.A.,2016Q3,2016-09-30,2016-11-10,60625
19453,ECORODOVIAS INFRAESTRUTURA E LOGÍSTICA S.A.,2017Q1,2017-03-31,2017-05-08,64834
19453,ECORODOVIAS INFRAESTRUTURA E LOGÍSTICA S.A.,2017Q2,2017-06-30,2017-07-27,67357
19453,ECORODOVIAS INFRAESTRUTURA E LOGÍSTICA S.A.,2017Q3,2017-09-30,2017-11-09,69642
19453,ECORODOVIAS INFRAESTRUTURA E LOGÍSTICA S.A.,2018Q1,2018-03-31,2018-04-25,73498
19453,ECORODOVIAS INFRAESTRUTURA E LOGÍSTICA S.A.,2018Q2,2018-06-30,2018-07-26,76505
19453,ECORODOVIAS INFRAESTRUTURA E LOGÍSTICA S.A.,2018Q3,2018-09-30,2018-10-30,78450
19453,ECORODOVIAS INFRAESTRUTURA E LOGÍSTICA S.A.,2019Q1,2019-03-31,2019-04-29,82484
19453,ECORODOVIAS INFRAESTRUTURA E LOGÍSTICA S.A.,2019Q2,2019-06-30,2019-07-25,85591
19453,ECORODOVIAS INFRAESTRUTURA E LOGÍSTICA S.A.,2019Q3,2019-09-30,2019-10-29,88875
19453,ECORODOVIAS INFRAESTRUTURA E LOGÍSTICA S.A.,2020Q1,2020-03-31,2020-12-17,99257
19453,ECORODOVIAS INFRAESTRUTURA E LOGÍSTICA S.A.,2020Q2,2020-06-30,2020-12-17,99258
19453,ECORODOVIAS INFRAESTRUTURA E LOGÍSTICA S.A.,2020Q3,2020-09-30,2020-11-04,98025
19453,ECORODOVIAS INFRAESTRUTURA E LOGÍSTICA S.A.,2021Q1,2021-03-31,2021-05-13,104049
19453,ECORODOVIAS INFRAESTRUTURA E LOGÍSTICA S.A.,2021Q2,2021-06-30,2021-08-03,107231
19453,ECORODOVIAS INFRAESTRUTURA E LOGÍSTICA S.A.,2021Q3,2021-09-30,2021-10-25,109185
19453,ECORODOVIAS INFRAESTRUTURA E LOGÍSTICA S.A.,2022Q1,2022-03-31,2022-05-05,114395
19453,ECORODOVIAS INFRAESTRUTURA E LOGÍSTICA S.A.,2022Q2,2022-06-30,2022-07-28,118797
19453,ECORODOVIAS INFRAESTRUTURA E LOGÍSTICA S.A.,2022Q3,2022-09-30,2022-11-07,121388
19453,ECORODOVIAS INFRAESTRUTURA E LOGÍSTICA S.A.,2023Q1,2023-03-31,2023-05-09,126000
19453,ECORODOVIAS INFRAESTRUTURA E LOGÍSTICA S.A.,2023Q2,2023-06-30,2023-07-31,129490
19453,ECORODOVIAS INFRAESTRUTURA E LOGÍSTICA S.A.,2023Q3,2023-09-30,2023-11-09,132031
19453,ECORODOVIAS INFRAESTRUTURA E LOGÍSTICA S.A.,2024Q1,2024-03-31,2024-05-09,136851
19453,ECORODOVIAS INFRAESTRUTURA E LOGÍSTICA S.A.,2024Q2,2024-06-30,2024-07-31,140198
19453,ECORODOVIAS INFRAESTRUTURA E LOGÍSTICA S.A.,2024Q3,2024-09-30,2024-11-07,142705
19453,ECORODOVIAS INFRAESTRUTURA E LOGÍSTICA S.A.,2025Q1,2025-03-31,2025-05-08,147087
19453,ECORODOVIAS INFRAESTRUTURA E LOGÍSTICA S.A.,2025Q2,2025-06-30,2025-07-30,150265
19453,ECORODOVIAS INFRAESTRUTURA E LOGÍSTICA S.A.,2025Q3,2025-09-30,2025-11-11,152939
19763,EDP - ENERGIAS DO BRASIL S.A.,2011Q1,2011-03-31,2011-05-17,8237
19763,EDP - ENERGIAS DO BRASIL S.A.,2011Q2,2011-06-30,2011-07-27,10342
19763,EDP - ENERGIAS DO BRASIL S.A.,2011Q3,2011-09-30,2011-10-26,12173
19763,EDP - ENERGIAS DO BRASIL S.A.,2012Q1,2012-03-31,2012-05-09,17104
19763,EDP - ENERGIAS DO BRASIL S.A.,2012Q2,2012-06-30,2012-07-25,19875
19763,EDP - ENERGIAS DO BRASIL S.A.,2012Q3,2012-09-30,2012-10-31,22027
19763,EDP - ENERGIAS DO BRASIL S.A.,2013Q1,2013-03-31,2013-05-08,26912
19763,EDP - ENERGIAS DO BRASIL S.A.,2013Q2,2013-06-30,2013-07-24,30001
19763,EDP - ENERGIAS DO BRASIL S.A.,2013Q3,2013-09-30,2013-10-30,32162
19763,EDP - ENERGIAS DO BRASIL S.A.,2014Q1,2014-03-31,2014-05-09,37163
19763,EDP - ENERGIAS DO BRASIL S.A.,2014Q2,2014-06-30,2014-07-30,40000
19763,EDP - ENERGIAS DO BRASIL S.A.,2014Q3,2014-09-30,2014-10-29,41869
19763,EDP - ENERGIAS DO BRASIL S.A.,2015Q1,2015-03-31,2015-05-06,46524
19763,EDP - ENERGIAS DO BRASIL S.A.,2015Q2,2015-06-30,2015-09-04,50476
19763,EDP - ENERGIAS DO BRASIL S.A.,2015Q3,2015-09-30,2015-10-28,51159
19763,EDP - ENERGIAS DO BRASIL S.A.,2016Q1,2016-03-31,2016-05-02,55446
19763,EDP - ENERGIAS DO BRASIL S.A.,2016Q2,2016-06-30,2016-07-25,58248
19763,EDP - ENERGIAS DO BRASIL S.A.,2016Q3,2016-09-30,2016-10-31,60282
19763,EDP - ENERGIAS DO BRASIL S.A.,2017Q1,2017-03-31,2017-05-02,64587
19763,EDP - ENERGIAS DO BRASIL S.A.,2017Q2,2017-06-30,2017-07-26,67342
19763,EDP - ENERGIAS DO BRASIL S.A.,2017Q3,2017-09-30,2017-10-31,69385
19763,EDP - ENERGIAS DO BRASIL S.A.,2018Q1,2018-03-31,2018-05-11,74327
19763,EDP - ENERGIAS DO BRASIL S.A.,2018Q2,2018-06-30,2018-07-25,76485
19763,EDP - ENERGIAS DO BRASIL S.A.,2018Q3,2018-09-30,2018-11-01,78607
19763,EDP - ENERGIAS DO BRASIL S.A.,2019Q1,2019-03-31,2019-05-10,83119
19763,EDP - ENERGIAS DO BRASIL S.A.,2019Q2,2019-06-30,2019-07-24,85564
19763,EDP - ENERGIAS DO BRASIL S.A.,2019Q3,2019-09-30,2019-10-23,88776
19763,EDP - ENERGIAS DO BRASIL S.A.,2020Q1,2020-03-31,2020-05-05,92708
19763,EDP - ENERGIAS DO BRASIL S.A.,2020Q2,2020-06-30,2020-08-28,96671
19763,EDP - ENERGIAS DO BRASIL S.A.,2020Q3,2020-09-30,2020-11-30,98943
19763,EDP - ENERGIAS DO BRASIL S.A.,2021Q1,2021-03-31,2021-05-12,103946
19763,EDP - ENERGIAS DO BRASIL S.A.,2021Q2,2021-06-30,2021-07-26,106678
19763,EDP - ENERGIAS DO BRASIL S.A.,2021Q3,2021-09-30,2021-10-25,109195
19763,EDP - ENERGIAS DO BRASIL S.A.,2022Q1,2022-03-31,2022-05-04,114285
19763,EDP - ENERGIAS DO BRASIL S.A.,2022Q2,2022-06-30,2022-09-01,120412
19763,EDP - ENERGIAS DO BRASIL S.A.,2022Q3,2022-09-30,2022-10-26,121173
19763,EDP - ENERGIAS DO BRASIL S.A.,2023Q1,2023-03-31,2023-05-03,125692
19763,EDP - ENERGIAS DO BRASIL S.A.,2023Q2,2023-06-30,2023-07-26,129230
19763,EDP - ENERGIAS DO BRASIL S.A.,2023Q3,2023-09-30,2023-10-31,131712
19763,EDP - ENERGIAS DO BRASIL S.A.,2024Q1,2024-03-31,2024-05-08,136689
19763,EDP - ENERGIAS DO BRASIL S.A.,2024Q2,2024-06-30,2024-07-29,139981
19763,EDP - ENERGIAS DO BRASIL S.A.,2024Q3,2024-09-30,2024-11-06,142608
19763,EDP - ENERGIAS DO BRASIL S.A.,2025Q1,2025-03-31,2025-05-07,146962
19763,EDP - ENERGIAS DO BRASIL S.A.,2025Q2,2025-06-30,2025-07-30,150285
19763,EDP - ENERGIAS DO BRASIL S.A.,2025Q3,2025-09-30,2025-10-30,152555
14176,ELETROPAULO METROP. ELET. SAO PAULO S.A.,2011Q1,2011-03-31,2011-05-11,7579
14176,ELETROPAULO METROP. ELET. SAO PAULO S.A.,2011Q2,2011-06-30,2011-08-10,10705
14176,ELETROPAULO METROP. ELET. SAO PAULO S.A.,2011Q3,2011-09-30,2011-11-09,12487
14176,ELETROPAULO METROP. ELET. SAO PAULO S.A.,2012Q1,2012-03-31,2012-05-03,16731
14176,ELETROPAULO METROP. ELET. SAO PAULO S.A.,2012Q2,2012-06-30,2012-08-03,20089
14176,ELETROPAULO METROP. ELET. SAO PAULO S.A.,2012Q3,2012-09-30,2012-11-06,22150
14176,ELETROPAULO METROP. ELET. SAO PAULO S.A.,2013Q1,2013-03-31,2013-05-08,26898
14176,ELETROPAULO METROP. ELET. SAO PAULO S.A.,2013Q2,2013-06-30,2013-08-07,30278
14176,ELETROPAULO METROP. ELET. SAO PAULO S.A.,2013Q3,2013-09-30,2013-11-06,32386
14176,ELETROPAULO METROP. ELET. SAO PAULO S.A.,2014Q1,2014-03-31,2014-05-07,36890
14176,ELETROPAULO METROP. ELET. SAO PAULO S.A.,2014Q2,2014-06-30,2014-08-06,40167
14176,ELETROPAULO METROP. ELET. SAO PAULO S.A.,2014Q3,2014-09-30,2014-11-05,42051
14176,ELETROPAULO METROP. ELET. SAO PAULO S.A.,2015Q1,2015-03-31,2015-05-08,46737
14176,ELETROPAULO METROP. ELET. SAO PAULO S.A.,2015Q2,2015-06-30,2015-08-07,49565
14176,ELETROPAULO METROP. ELET. SAO PAULO S.A.,2015Q3,2015-09-30,2015-11-04,51288
14176,ELETROPAULO METROP. ELET. SAO PAULO S.A.,2016Q1,2016-03-31,2016-05-06,55756
14176,ELETROPAULO METROP. ELET. SAO PAULO S.A.,2016Q2,2016-06-30,2016-08-04,58495
14176,ELETROPAULO METROP. ELET. SAO PAULO S.A.,2016Q3,2016-09-30,2016-11-03,60350
14176,ELETROPAULO METROP. ELET. SAO PAULO S.A.,2017Q1,2017-03-31,2017-05-05,64781
14176,ELETROPAULO METROP. ELET. SAO PAULO S.A.,2017Q2,2017-06-30,2017-08-07,67577
14176,ELETROPAULO METROP. ELET. SAO PAULO S.A.,2017Q3,2017-09-30,2017-11-01,69415
14176,ELETROPAULO METROP. ELET. SAO PAULO S.A.,2018Q1,2018-03-31,2018-05-15,74712
14176,ELETROPAULO METROP. ELET. SAO PAULO S.A.,2018Q2,2018-06-30,2018-08-02,76645
14176,ELETROPAULO METROP. ELET. SAO PAULO S.A.,2018Q3,2018-09-30,2018-10-30,78437
14176,ELETROPAULO METROP. ELET. SAO PAULO S.A.,2019Q1,2019-03-31,2019-04-25,82375
14176,ELETROPAULO METROP. ELET. SAO PAULO S.A.,2019Q2,2019-06-30,2019-07-30,85760
14176,ELETROPAULO METROP. ELET. SAO PAULO S.A.,2019Q3,2019-09-30,2019-10-25,88823
14176,ELETROPAULO METROP. ELET. SAO PAULO S.A.,2020Q1,2020-03-31,2020-04-30,92649
14176,ELETROPAULO METROP. ELET. SAO PAULO S.A.,2020Q2,2020-06-30,2020-07-27,95023
14176,ELETROPAULO METROP. ELET. SAO PAULO S.A.,2020Q3,2020-09-30,2020-11-03,97993
14176,ELETROPAULO METROP. ELET. SAO PAULO S.A.,2021Q1,2021-03-31,2021-04-30,103253
14176,ELETROPAULO METROP. ELET. SAO PAULO S.A.,2021Q2,2021-06-30,2021-07-27,106715
14176,ELETROPAULO METROP. ELET. SAO PAULO S.A.,2021Q3,2021-09-30,2021-10-26,109231
14176,ELETROPAULO METROP. ELET. SAO PAULO S.A.,2022Q1,2022-03-31,2022-04-29,114088
14176,ELETROPAULO METROP. ELET. SAO PAULO S.A.,2022Q2,2022-06-30,2022-07-26,118691
14176,ELETROPAULO METROP. ELET. SAO PAULO S.A.,2022Q3,2022-09-30,2022-10-26,121169
14176,ELETROPAULO METROP. ELET. SAO PAULO S.A.,2023Q1,2023-03-31,2023-04-26,125469
14176,ELETROPAULO METROP. ELET. SAO PAULO S.A.,2023Q2,2023-06-30,2023-07-25,129178
14176,ELETROPAULO METROP. ELET. SAO PAULO S.A.,2023Q3,2023-09-30,2023-10-25,131593
14176,ELETROPAULO METROP. ELET. SAO PAULO S.A.,2024Q1,2024-03-31,2024-04-29,136031
14176,ELETROPAULO METROP. ELET. SAO PAULO S.A.,2024Q2,2024-06-30,2024-08-23,141387
14176,ELETROPAULO METROP. ELET. SAO PAULO S.A.,2024Q3,2024-09-30,2024-10-28,142361
14176,ELETROPAULO METROP. ELET. SAO PAULO S.A.,2025Q1,2025-03-31,2025-04-29,146656
14176,ELETROPAULO METROP. ELET. SAO PAULO S.A.,2025Q2,2025-06-30,2025-07-29,150215
14176,ELETROPAULO METROP. ELET. SAO PAULO S.A.,2025Q3,2025-09-30,2025-10-29,152541
20087,EMBRAER S.A.,2011Q1,2011-03-31,2011-05-06,7279
20087,EMBRAER S.A.,2011Q2,2011-06-30,2011-07-28,10362
20087,EMBRAER S.A.,2011Q3,2011-09-30,2011-11-02,12304
20087,EMBRAER S.A.,2012Q2,2012-06-30,2012-07-30,19965
20087,EMBRAER S.A.,2012Q3,2012-09-30,2012-10-23,21853
20087,EMBRAER S.A.,2013Q3,2013-09-30,2013-10-31,32178
20087,EMBRAER S.A.,2014Q1,2014-03-31,2014-04-30,36517
20087,EMBRAER S.A.,2014Q2,2014-06-30,2014-07-31,40004
20087,EMBRAER S.A.,2014Q3,2014-09-30,2014-11-06,42069
20087,EMBRAER S.A.,2015Q1,2015-03-31,2015-04-30,46238
20087,EMBRAER S.A.,2015Q2,2015-06-30,2015-07-30,49333
20087,EMBRAER S.A.,2015Q3,2015-09-30,2015-10-27,51106
20087,EMBRAER S.A.,2016Q1,2016-03-31,2016-05-31,57048
20087,EMBRAER S.A.,2016Q2,2016-06-30,2016-08-12,58964
20087,EMBRAER S.A.,2016Q3,2016-09-30,2016-10-31,60257
20087,EMBRAER S.A.,2017Q1,2017-03-31,2017-05-02,64535
20087,EMBRAER S.A.,2017Q2,2017-06-30,2017-07-28,67382
20087,EMBRAER S.A.,2017Q3,2017-09-30,2017-10-27,69302
20087,EMBRAER S.A.,2018Q1,2018-03-31,2018-04-27,73550
20087,EMBRAER S.A.,2018Q2,2018-06-30,2018-07-31,76583
20087,EMBRAER S.A.,2018Q3,2018-09-30,2018-10-30,78362
20087,EMBRAER S.A.,2019Q1,2019-03-31,2019-05-31,84371
20087,EMBRAER S.A.,2019Q2,2019-06-30,2019-08-14,86492
20087,EMBRAER S.A.,2019Q3,2019-09-30,2019-11-12,89272
20087,EMBRAER S.A.,2020Q1,2020-03-31,2020-06-01,93680
20087,EMBRAER S.A.,2020Q2,2020-06-30,2020-08-05,95660
20087,EMBRAER S.A.,2020Q3,2020-09-30,2020-11-10,98155
20087,EMBRAER S.A.,2021Q1,2021-03-31,2021-04-29,103155
20087,EMBRAER S.A.,2021Q2,2021-06-30,2021-08-13,107744
20087,EMBRAER S.A.,2021Q3,2021-09-30,2021-11-05,109446
20087,EMBRAER S.A.,2022Q1,2022-03-31,2022-04-28,114002
20087,EMBRAER S.A.,2022Q2,2022-06-30,2022-11-14,122006
20087,EMBRAER S.A.,2022Q3,2022-09-30,2022-11-14,122007
20087,EMBRAER S.A.,2023Q1,2023-03-31,2023-05-04,125719
20087,EMBRAER S.A.,2023Q2,2023-06-30,2023-08-14,130237
20087,EMBRAER S.A.,2023Q3,2023-09-30,2023-11-06,131776
20087,EMBRAER S.A.,2024Q1,2024-03-31,2024-05-07,136531
20087,EMBRAER S.A.,2024Q2,2024-06-30,2024-08-08,140556
20087,EMBRAER S.A.,2024Q3,2024-09-30,2024-11-08,142782
20087,EMBRAER S.A.,2025Q1,2025-03-31,2025-05-06,146808
20087,EMBRAER S.A.,2025Q2,2025-06-30,2025-08-05,150615
20087,EMBRAER S.A.,2025Q3,2025-09-30,2025-11-04,152626
22365,ENAUTA PARTICIPAÇÕES S.A.,2011Q1,2011-03-31,2011-05-12,7721
22365,ENAUTA PARTICIPAÇÕES S.A.,2011Q2,2011-06-30,2011-08-10,10714
22365,ENAUTA PARTICIPAÇÕES S.A.,2011Q3,2011-09-30,2011-11-09,12507
22365,ENAUTA PARTICIPAÇÕES S.A.,2012Q1,2012-03-31,2012-05-09,17152
22365,ENAUTA PARTICIPAÇÕES S.A.,2012Q2,2012-06-30,2012-08-15,20716
22365,ENAUTA PARTICIPAÇÕES S.A.,2012Q3,2012-09-30,2012-11-08,22218
22365,ENAUTA PARTICIPAÇÕES S.A.,2013Q1,2013-03-31,2013-05-08,26918
22365,ENAUTA PARTICIPAÇÕES S.A.,2013Q2,2013-06-30,2013-08-07,30275
22365,ENAUTA PARTICIPAÇÕES S.A.,2013Q3,2013-09-30,2013-11-06,32391
22365,ENAUTA PARTICIPAÇÕES S.A.,2014Q1,2014-03-31,2014-05-07,36917
22365,ENAUTA PARTICIPAÇÕES S.A.,2014Q2,2014-06-30,2014-08-13,40503
22365,ENAUTA PARTICIPAÇÕES S.A.,2014Q3,2014-09-30,2014-11-12,42317
22365,ENAUTA PARTICIPAÇÕES S.A.,2015Q1,2015-03-31,2016-03-10,53962
22365,ENAUTA PARTICIPAÇÕES S.A.,2015Q2,2015-06-30,2016-03-10,53963
22365,ENAUTA PARTICIPAÇÕES S.A.,2015Q3,2015-09-30,2016-03-10,53964
22365,ENAUTA PARTICIPAÇÕES S.A.,2016Q1,2016-03-31,2016-05-11,56084
22365,ENAUTA PARTICIPAÇÕES S.A.,2016Q2,2016-06-30,2016-08-10,58720
22365,ENAUTA PARTICIPAÇÕES S.A.,2016Q3,2016-09-30,2016-11-09,60543
22365,ENAUTA PARTICIPAÇÕES S.A.,2017Q3,2017-09-30,2017-11-08,69591
22365,ENAUTA PARTICIPAÇÕES S.A.,2018Q1,2018-03-31,2018-05-09,74086
22365,ENAUTA PARTICIPAÇÕES S.A.,2018Q2,2018-06-30,2018-08-08,76824
22365,ENAUTA PARTICIPAÇÕES S.A.,2018Q3,2018-09-30,2018-11-12,79026
22365,ENAUTA PARTICIPAÇÕES S.A.,2019Q1,2019-03-31,2019-05-08,82953
22365,ENAUTA PARTICIPAÇÕES S.A.,2019Q2,2019-06-30,2019-08-07,86151
22365,ENAUTA PARTICIPAÇÕES S.A.,2019Q3,2019-09-30,2019-11-11,89264
22365,ENAUTA PARTICIPAÇÕES S.A.,2020Q1,2020-03-31,2021-04-20,102995
22365,ENAUTA PARTICIPAÇÕES S.A.,2020Q2,2020-06-30,2021-04-20,102996
22365,ENAUTA PARTICIPAÇÕES S.A.,2021Q2,2021-06-30,2021-08-11,107567
22365,ENAUTA PARTICIPAÇÕES S.A.,2021Q3,2021-09-30,2021-11-10,109658
22365,ENAUTA PARTICIPAÇÕES S.A.,2022Q1,2022-03-31,2022-05-12,114998
22365,ENAUTA PARTICIPAÇÕES S.A.,2022Q2,2022-06-30,2022-08-11,119582
22365,ENAUTA PARTICIPAÇÕES S.A.,2022Q3,2022-09-30,2022-11-10,121712
22365,ENAUTA PARTICIPAÇÕES S.A.,2023Q1,2023-03-31,2023-05-10,126146
22365,ENAUTA PARTICIPAÇÕES S.A.,2023Q2,2023-06-30,2023-08-03,129728
22365,ENAUTA PARTICIPAÇÕES S.A.,2023Q3,2023-09-30,2023-11-10,132171
22365,ENAUTA PARTICIPAÇÕES S.A.,2024Q1,2024-03-31,2024-05-06,136527
22365,ENAUTA PARTICIPAÇÕES S.A.,2024Q2,2024-06-30,2024-07-30,140076
22365,ENAUTA PARTICIPAÇÕES S.A.,2024Q3,2024-09-30,2024-11-14,143196
15253,ENERGISA S.A.,2011Q1,2011-03-31,2012-02-17,14437
15253,ENERGISA S.A.,2011Q2,2011-06-30,2012-02-27,14534
15253,ENERGISA S.A.,2011Q3,2011-09-30,2012-02-17,14440
15253,ENERGISA S.A.,2012Q1,2012-03-31,2012-07-03,19533
15253,ENERGISA S.A.,2012Q2,2012-06-30,2012-08-14,20463
15253,ENERGISA S.A.,2012Q3,2012-09-30,2012-11-08,22226
15253,ENERGISA S.A.,2013Q1,2013-03-31,2013-05-16,27945
15253,ENERGISA S.A.,2013Q2,2013-06-30,2013-08-09,30363
15253,ENERGISA S.A.,2014Q1,2014-03-31,2014-05-16,37959
15253,ENERGISA S.A.,2014Q2,2014-06-30,2014-09-19,41345
15253,ENERGISA S.A.,2014Q3,2014-09-30,2015-01-27,43662
15253,ENERGISA S.A.,2015Q1,2015-03-31,2015-05-15,47453
15253,ENERGISA S.A.,2015Q2,2015-06-30,2015-08-14,50082
15253,ENERGISA S.A.,2015Q3,2015-09-30,2015-11-13,51861
15253,ENERGISA S.A.,2016Q1,2016-03-31,2016-07-05,57983
15253,ENERGISA S.A.,2016Q2,2016-06-30,2016-08-12,59112
15253,ENERGISA S.A.,2016Q3,2016-09-30,2016-11-11,60905
15253,ENERGISA S.A.,2017Q1,2017-03-31,2017-07-20,67237
15253,ENERGISA S.A.,2017Q2,2017-06-30,2017-08-18,68332
15253,ENERGISA S.A.,2017Q3,2017-09-30,2017-11-14,70056
15253,ENERGISA S.A.,2018Q1,2018-03-31,2018-05-10,74191
15253,ENERGISA S.A.,2018Q2,2018-06-30,2018-08-08,76822
15253,ENERGISA S.A.,2018Q3,2018-09-30,2018-11-08,78871
15253,ENERGISA S.A.,2019Q1,2019-03-31,2019-05-09,83071
15253,ENERGISA S.A.,2019Q2,2019-06-30,2019-08-08,86199
15253,ENERGISA S.A.,2019Q3,2019-09-30,2019-11-07,89145
15253,ENERGISA S.A.,2020Q1,2020-03-31,2021-05-17,104408
15253,ENERGISA S.A.,2020Q2,2020-06-30,2020-08-28,96652
15253,ENERGISA S.A.,2020Q3,2020-09-30,2020-11-12,98395
15253,ENERGISA S.A.,2021Q1,2021-03-31,2021-05-17,104419
15253,ENERGISA S.A.,2021Q2,2021-06-30,2021-08-12,107646
15253,ENERGISA S.A.,2021Q3,2021-09-30,2021-11-23,110397
15253,ENERGISA S.A.,2022Q1,2022-03-31,2022-05-12,114960
15253,ENERGISA S.A.,2022Q2,2022-06-30,2022-08-22,120169
15253,ENERGISA S.A.,2022Q3,2022-09-30,2022-11-11,121842
15253,ENERGISA S.A.,2023Q1,2023-03-31,2023-05-11,126412
15253,ENERGISA S.A.,2023Q2,2023-06-30,2023-08-10,130079
15253,ENERGISA S.A.,2023Q3,2023-09-30,2023-11-09,132147
15253,ENERGISA S.A.,2024Q1,2024-03-31,2024-08-14,141059
15253,ENERGISA S.A.,2024Q2,2024-06-30,2024-08-07,140526
15253,ENERGISA S.A.,2024Q3,2024-09-30,2024-11-14,143317
15253,ENERGISA S.A.,2025Q1,2025-03-31,2025-05-08,147167
15253,ENERGISA S.A.,2025Q2,2025-06-30,2025-08-07,150758
15253,ENERGISA S.A.,2025Q3,2025-09-30,2025-11-06,152753
21237,ENEVA S.A,2011Q1,2011-03-31,2011-05-12,7723
21237,ENEVA S.A,2011Q2,2011-06-30,2011-08-12,10976
21237,ENEVA S.A,2011Q3,2011-09-30,2011-11-10,12586
21237,ENEVA S.A,2012Q1,2012-03-31,2012-05-14,17529
21237,ENEVA S.A,2012Q2,2012-06-30,2012-08-14,20584
21237,ENEVA S.A,2012Q3,2012-09-30,2012-11-09,22283
21237,ENEVA S.A,2013Q1,2013-03-31,2013-05-08,26890
21237,ENEVA S.A,2013Q2,2013-06-30,2013-08-13,30541
21237,ENEVA S.A,2013Q3,2013-09-30,2013-11-13,32802
21237,ENEVA S.A,2014Q1,2014-03-31,2014-05-13,37483
21237,ENEVA S.A,2014Q2,2014-06-30,2014-08-13,40508
21237,ENEVA S.A,2014Q3,2014-09-30,2014-11-14,42652
21237,ENEVA S.A,2015Q1,2015-03-31,2015-05-14,47257
21237,ENEVA S.A,2015Q2,2015-06-30,2015-08-13,49874
21237,ENEVA S.A,2015Q3,2015-09-30,2015-11-12,51699
21237,ENEVA S.A,2016Q1,2016-03-31,2016-05-12,56236
21237,ENEVA S.A,2016Q2,2016-06-30,2016-08-12,58968
21237,ENEVA S.A,2016Q3,2016-09-30,2016-11-11,60906
21237,ENEVA S.A,2017Q1,2017-03-31,2017-09-16,68727
21237,ENEVA S.A,2017Q2,2017-06-30,2017-09-16,68728
21237,ENEVA S.A,2017Q3,2017-09-30,2017-11-09,69653
21237,ENEVA S.A,2018Q1,2018-03-31,2018-05-10,74259
21237,ENEVA S.A,2018Q2,2018-06-30,2018-08-08,76813
21237,ENEVA S.A,2018Q3,2018-09-30,2018-11-08,78866
21237,ENEVA S.A,2019Q1,2019-03-31,2019-05-08,82950
21237,ENEVA S.A,2019Q2,2019-06-30,2019-08-14,86686
21237,ENEVA S.A,2019Q3,2019-09-30,2019-11-05,89032
21237,ENEVA S.A,2020Q1,2020-03-31,2020-05-15,93230
21237,ENEVA S.A,2020Q2,2020-06-30,2020-08-11,95900
21237,ENEVA S.A,2020Q3,2020-09-30,2020-11-12,98377
21237,ENEVA S.A,2021Q1,2021-03-31,2021-05-12,103937
21237,ENEVA S.A,2021Q2,2021-06-30,2021-09-30,108835
21237,ENEVA S.A,2021Q3,2021-09-30,2021-11-04,109434
21237,ENEVA S.A,2022Q1,2022-03-31,2022-05-12,115004
21237,ENEVA S.A,2022Q2,2022-06-30,2022-08-11,119591
21237,ENEVA S.A,2022Q3,2022-09-30,2022-11-10,121675
21237,ENEVA S.A,2023Q1,2023-03-31,2023-05-16,126895
21237,ENEVA S.A,2023Q2,2023-06-30,2023-08-10,130077
21237,ENEVA S.A,2023Q3,2023-09-30,2023-11-13,132404
21237,ENEVA S.A,2024Q1,2024-03-31,2024-05-14,137326
21237,ENEVA S.A,2024Q2,2024-06-30,2024-08-14,141087
21237,ENEVA S.A,2024Q3,2024-09-30,2024-11-12,143000
21237,ENEVA S.A,2025Q1,2025-03-31,2025-05-14,147630
21237,ENEVA S.A,2025Q2,2025-06-30,2025-08-13,151110
21237,ENEVA S.A,2025Q3,2025-09-30,2025-11-11,152933
17329,ENGIE BRASIL ENERGIA S.A.,2011Q1,2011-03-31,2011-04-28,6749
17329,ENGIE BRASIL ENERGIA S.A.,2011Q2,2011-06-30,2011-07-29,10407
17329,ENGIE BRASIL ENERGIA S.A.,2011Q3,2011-09-30,2011-11-04,12352
17329,ENGIE BRASIL ENERGIA S.A.,2012Q1,2012-03-31,2012-05-04,16815
17329,ENGIE BRASIL ENERGIA S.A.,2012Q2,2012-06-30,2012-07-26,19891
17329,ENGIE BRASIL ENERGIA S.A.,2012Q3,2012-09-30,2012-10-25,21909
17329,ENGIE BRASIL ENERGIA S.A.,2013Q1,2013-03-31,2013-04-30,26429
17329,ENGIE BRASIL ENERGIA S.A.,2013Q2,2013-06-30,2013-07-30,30074
17329,ENGIE BRASIL ENERGIA S.A.,2013Q3,2013-09-30,2013-10-25,32046
17329,ENGIE BRASIL ENERGIA S.A.,2014Q3,2014-09-30,2014-10-24,41799
17329,ENGIE BRASIL ENERGIA S.A.,2015Q1,2015-03-31,2015-04-24,46127
17329,ENGIE BRASIL ENERGIA S.A.,2015Q2,2015-06-30,2015-07-24,49226
17329,ENGIE BRASIL ENERGIA S.A.,2015Q3,2015-09-30,2015-11-06,51374
17329,ENGIE BRASIL ENERGIA S.A.,2016Q1,2016-03-31,2016-05-05,55623
17329,ENGIE BRASIL ENERGIA S.A.,2016Q2,2016-06-30,2016-07-28,58322
17329,ENGIE BRASIL ENERGIA S.A.,2016Q3,2016-09-30,2016-10-27,60208
17329,ENGIE BRASIL ENERGIA S.A.,2017Q1,2017-03-31,2017-04-25,64408
17329,ENGIE BRASIL ENERGIA S.A.,2017Q2,2017-06-30,2017-07-27,67367
17329,ENGIE BRASIL ENERGIA S.A.,2017Q3,2017-09-30,2017-10-26,69296
17329,ENGIE BRASIL ENERGIA S.A.,2018Q1,2018-03-31,2018-04-19,73382
17329,ENGIE BRASIL ENERGIA S.A.,2018Q2,2018-06-30,2018-08-08,76795
17329,ENGIE BRASIL ENERGIA S.A.,2018Q3,2018-09-30,2018-10-31,78530
17329,ENGIE BRASIL ENERGIA S.A.,2019Q1,2019-03-31,2019-05-08,82911
17329,ENGIE BRASIL ENERGIA S.A.,2019Q2,2019-06-30,2019-08-06,86077
17329,ENGIE BRASIL ENERGIA S.A.,2019Q3,2019-09-30,2019-11-05,89019
17329,ENGIE BRASIL ENERGIA S.A.,2020Q1,2020-03-31,2020-06-24,94237
17329,ENGIE BRASIL ENERGIA S.A.,2020Q2,2020-06-30,2020-07-30,95223
17329,ENGIE BRASIL ENERGIA S.A.,2020Q3,2020-09-30,2020-11-05,98056
17329,ENGIE BRASIL ENERGIA S.A.,2021Q1,2021-03-31,2021-05-05,103410
17329,ENGIE BRASIL ENERGIA S.A.,2021Q2,2021-06-30,2021-08-05,107291
17329,ENGIE BRASIL ENERGIA S.A.,2021Q3,2021-09-30,2021-11-04,109436
17329,ENGIE BRASIL ENERGIA S.A.,2022Q1,2022-03-31,2022-05-05,114347
17329,ENGIE BRASIL ENERGIA S.A.,2022Q2,2022-06-30,2022-08-02,119158
17329,ENGIE BRASIL ENERGIA S.A.,2022Q3,2022-09-30,2022-11-08,121465
17329,ENGIE BRASIL ENERGIA S.A.,2023Q1,2023-03-31,2023-05-04,125750
17329,ENGIE BRASIL ENERGIA S.A.,2023Q2,2023-06-30,2023-08-08,129823
17329,ENGIE BRASIL ENERGIA S.A.,2023Q3,2023-09-30,2023-11-06,131790
17329,ENGIE BRASIL ENERGIA S.A.,2024Q1,2024-03-31,2024-05-07,136615
17329,ENGIE BRASIL ENERGIA S.A.,2024Q2,2024-06-30,2024-08-07,140479
17329,ENGIE BRASIL ENERGIA S.A.,2024Q3,2024-09-30,2024-11-05,142559
17329,ENGIE BRASIL ENERGIA S.A.,2025Q1,2025-03-31,2025-05-07,147000
17329,ENGIE BRASIL ENERGIA S.A.,2025Q2,2025-06-30,2025-08-07,150722
17329,ENGIE BRASIL ENERGIA S.A.,2025Q3,2025-09-30,2025-11-06,152739
20010,EQUATORIAL ENERGIA S.A.,2011Q1,2011-03-31,2011-05-11,7556
20010,EQUATORIAL ENERGIA S.A.,2011Q2,2011-06-30,2011-07-29,10373
20010,EQUATORIAL ENERGIA S.A.,2011Q3,2011-09-30,2011-11-03,12311
20010,EQUATORIAL ENERGIA S.A.,2012Q1,2012-03-31,2012-12-02,23013
20010,EQUATORIAL ENERGIA S.A.,2012Q2,2012-06-30,2012-12-02,23014
20010,EQUATORIAL ENERGIA S.A.,2012Q3,2012-09-30,2012-12-02,23015
20010,EQUATORIAL ENERGIA S.A.,2013Q1,2013-03-31,2013-05-15,27908
20010,EQUATORIAL ENERGIA S.A.,2013Q2,2013-06-30,2013-08-14,30880
20010,EQUATORIAL ENERGIA S.A.,2013Q3,2013-09-30,2013-11-01,32219
20010,EQUATORIAL ENERGIA S.A.,2014Q1,2014-03-31,2014-05-08,36940
20010,EQUATORIAL ENERGIA S.A.,2014Q2,2014-06-30,2014-08-08,40253
20010,EQUATORIAL ENERGIA S.A.,2014Q3,2014-09-30,2014-10-31,41937
20010,EQUATORIAL ENERGIA S.A.,2015Q1,2015-03-31,2015-05-07,46639
20010,EQUATORIAL ENERGIA S.A.,2015Q2,2015-06-30,2015-08-13,49898
20010,EQUATORIAL ENERGIA S.A.,2015Q3,2015-09-30,2015-11-03,51264
20010,EQUATORIAL ENERGIA S.A.,2016Q1,2016-03-31,2016-05-12,56267
20010,EQUATORIAL ENERGIA S.A.,2016Q2,2016-06-30,2016-08-11,58836
20010,EQUATORIAL ENERGIA S.A.,2016Q3,2016-09-30,2016-11-14,60929
20010,EQUATORIAL ENERGIA S.A.,2017Q1,2017-03-31,2017-05-09,65006
20010,EQUATORIAL ENERGIA S.A.,2017Q2,2017-06-30,2017-09-23,68810
20010,EQUATORIAL ENERGIA S.A.,2017Q3,2017-09-30,2017-11-09,69659
20010,EQUATORIAL ENERGIA S.A.,2018Q1,2018-03-31,2018-05-10,74267
20010,EQUATORIAL ENERGIA S.A.,2018Q2,2018-06-30,2018-08-09,76889
20010,EQUATORIAL ENERGIA S.A.,2018Q3,2018-09-30,2018-11-08,78859
20010,EQUATORIAL ENERGIA S.A.,2019Q1,2019-03-31,2019-05-15,83515
20010,EQUATORIAL ENERGIA S.A.,2019Q2,2019-06-30,2019-08-15,86759
20010,EQUATORIAL ENERGIA S.A.,2019Q3,2019-09-30,2019-11-14,89694
20010,EQUATORIAL S.A.,2020Q1,2020-03-31,2020-06-29,94447
20010,EQUATORIAL S.A.,2020Q2,2020-06-30,2020-08-20,96364
20010,EQUATORIAL S.A.,2020Q3,2020-09-30,2020-11-13,98426
20010,EQUATORIAL S.A.,2021Q1,2021-03-31,2021-05-12,103930
20010,EQUATORIAL S.A.,2021Q2,2021-06-30,2021-08-11,107542
20010,EQUATORIAL S.A.,2021Q3,2021-09-30,2021-11-10,109709
20010,EQUATORIAL S.A.,2022Q1,2022-03-31,2022-05-19,115572
20010,EQUATORIAL S.A.,2022Q2,2022-06-30,2022-08-10,119472
20010,EQUATORIAL S.A.,2022Q3,2022-09-30,2022-11-09,121589
20010,EQUATORIAL S.A.,2023Q1,2023-03-31,2023-05-12,126414
20010,EQUATORIAL S.A.,2023Q2,2023-06-30,2023-08-11,130118
20010,EQUATORIAL S.A.,2023Q3,2023-09-30,2023-11-08,131919
20010,EQUATORIAL S.A.,2024Q1,2024-03-31,2024-05-15,137571
20010,EQUATORIAL S.A.,2024Q2,2024-06-30,2024-08-14,141163
20010,EQUATORIAL S.A.,2024Q3,2024-09-30,2024-11-13,143145
20010,EQUATORIAL S.A.,2025Q1,2025-03-31,2025-05-14,147695
20010,EQUATORIAL S.A.,2025Q3,2025-09-30,2025-11-12,153065
20524,EVEN CONSTRUTORA E INCORPORADORA S.A.,2011Q1,2011-03-31,2011-05-09,7421
20524,EVEN CONSTRUTORA E INCORPORADORA S.A.,2011Q2,2011-06-30,2011-08-10,10665
20524,EVEN CONSTRUTORA E INCORPORADORA S.A.,2011Q3,2011-09-30,2011-11-09,12496
20524,EVEN CONSTRUTORA E INCORPORADORA S.A.,2012Q1,2012-03-31,2012-05-07,16957
20524,EVEN CONSTRUTORA E INCORPORADORA S.A.,2012Q2,2012-06-30,2012-08-07,20155
20524,EVEN CONSTRUTORA E INCORPORADORA S.A.,2012Q3,2012-09-30,2012-12-11,23131
20524,EVEN CONSTRUTORA E INCORPORADORA S.A.,2013Q1,2013-03-31,2013-05-08,26915
20524,EVEN CONSTRUTORA E INCORPORADORA S.A.,2013Q2,2013-06-30,2013-08-12,30444
20524,EVEN CONSTRUTORA E INCORPORADORA S.A.,2013Q3,2013-09-30,2013-11-06,32359
20524,EVEN CONSTRUTORA E INCORPORADORA S.A.,2014Q1,2014-03-31,2014-05-07,36889
20524,EVEN CONSTRUTORA E INCORPORADORA S.A.,2014Q2,2014-06-30,2014-08-12,40380
20524,EVEN CONSTRUTORA E INCORPORADORA S.A.,2014Q3,2014-09-30,2014-11-13,42366
20524,EVEN CONSTRUTORA E INCORPORADORA S.A.,2015Q1,2015-03-31,2015-05-07,46610
20524,EVEN CONSTRUTORA E INCORPORADORA S.A.,2015Q2,2015-06-30,2015-08-07,49534
20524,EVEN CONSTRUTORA E INCORPORADORA S.A.,2015Q3,2015-09-30,2015-12-07,52346
20524,EVEN CONSTRUTORA E INCORPORADORA S.A.,2016Q1,2016-03-31,2016-05-12,56118
20524,EVEN CONSTRUTORA E INCORPORADORA S.A.,2016Q2,2016-06-30,2016-08-11,58879
20524,EVEN CONSTRUTORA E INCORPORADORA S.A.,2016Q3,2016-09-30,2016-11-11,60747
20524,EVEN CONSTRUTORA E INCORPORADORA S.A.,2017Q1,2017-03-31,2017-05-15,65645
20524,EVEN CONSTRUTORA E INCORPORADORA S.A.,2017Q2,2017-06-30,2017-08-14,68090
20524,EVEN CONSTRUTORA E INCORPORADORA S.A.,2017Q3,2017-09-30,2017-11-13,69851
20524,EVEN CONSTRUTORA E INCORPORADORA S.A.,2018Q1,2018-03-31,2018-05-10,74228
20524,EVEN CONSTRUTORA E INCORPORADORA S.A.,2018Q2,2018-06-30,2018-08-13,77036
20524,EVEN CONSTRUTORA E INCORPORADORA S.A.,2018Q3,2018-09-30,2018-11-13,79130
20524,EVEN CONSTRUTORA E INCORPORADORA S.A.,2019Q1,2019-03-31,2019-05-09,83029
20524,EVEN CONSTRUTORA E INCORPORADORA S.A.,2019Q2,2019-06-30,2019-08-14,86590
20524,EVEN CONSTRUTORA E INCORPORADORA S.A.,2019Q3,2019-09-30,2019-11-12,89305
20524,EVEN CONSTRUTORA E INCORPORADORA S.A.,2020Q1,2020-03-31,2020-05-15,93216
20524,EVEN CONSTRUTORA E INCORPORADORA S.A.,2020Q2,2020-06-30,2020-07-30,95249
20524,EVEN CONSTRUTORA E INCORPORADORA S.A.,2020Q3,2020-09-30,2020-11-12,98419
20524,EVEN CONSTRUTORA E INCORPORADORA S.A.,2021Q1,2021-03-31,2021-05-13,104088
20524,EVEN CONSTRUTORA E INCORPORADORA S.A.,2021Q2,2021-06-30,2021-08-09,107385
20524,EVEN CONSTRUTORA E INCORPORADORA S.A.,2021Q3,2021-09-30,2021-11-10,109668
20524,EVEN CONSTRUTORA E INCORPORADORA S.A.,2022Q1,2022-03-31,2022-05-12,114970
20524,EVEN CONSTRUTORA E INCORPORADORA S.A.,2022Q2,2022-06-30,2022-08-15,119944
20524,EVEN CONSTRUTORA E INCORPORADORA S.A.,2022Q3,2022-09-30,2022-11-10,121707
20524,EVEN CONSTRUTORA E INCORPORADORA S.A.,2023Q1,2023-03-31,2023-05-15,126754
20524,EVEN CONSTRUTORA E INCORPORADORA S.A.,2023Q2,2023-06-30,2023-08-10,130072
20524,EVEN CONSTRUTORA E INCORPORADORA S.A.,2023Q3,2023-09-30,2023-11-13,132352
20524,EVEN CONSTRUTORA E INCORPORADORA S.A.,2024Q1,2024-03-31,2024-05-13,137188
20524,EVEN CONSTRUTORA E INCORPORADORA S.A.,2024Q2,2024-06-30,2024-08-14,141053
20524,EVEN CONSTRUTORA E INCORPORADORA S.A.,2024Q3,2024-09-30,2024-11-11,142868
20524,EVEN CONSTRUTORA E INCORPORADORA S.A.,2025Q1,2025-03-31,2025-05-30,148627
20524,EVEN CONSTRUTORA E INCORPORADORA S.A.,2025Q2,2025-06-30,2025-08-11,150851
20524,EVEN CONSTRUTORA E INCORPORADORA S.A.,2025Q3,2025-09-30,2025-11-10,152857
20770,EZ TEC EMPREEND. E PARTICIPACOES S.A.,2011Q1,2011-03-31,2011-05-10,7541
20770,EZ TEC EMPREEND. E PARTICIPACOES S.A.,2011Q2,2011-06-30,2011-08-08,10608
20770,EZ TEC EMPREEND. E PARTICIPACOES S.A.,2011Q3,2011-09-30,2011-11-08,12442
20770,EZ TEC EMPREEND. E PARTICIPACOES S.A.,2012Q1,2012-03-31,2012-05-15,17612
20770,EZ TEC EMPREEND. E PARTICIPACOES S.A.,2012Q2,2012-06-30,2012-08-13,20402
20770,EZ TEC EMPREEND. E PARTICIPACOES S.A.,2012Q3,2012-09-30,2012-11-09,22303
20770,EZ TEC EMPREEND. E PARTICIPACOES S.A.,2013Q1,2013-03-31,2013-05-13,27286
20770,EZ TEC EMPREEND. E PARTICIPACOES S.A.,2013Q2,2013-06-30,2013-08-12,30454
20770,EZ TEC EMPREEND. E PARTICIPACOES S.A.,2013Q3,2013-09-30,2013-11-12,32651
20770,EZ TEC EMPREEND. E PARTICIPACOES S.A.,2014Q1,2014-03-31,2014-05-08,37066
20770,EZ TEC EMPREEND. E PARTICIPACOES S.A.,2014Q2,2014-06-30,2014-08-11,40317
20770,EZ TEC EMPREEND. E PARTICIPACOES S.A.,2014Q3,2014-09-30,2014-11-10,42211
20770,EZ TEC EMPREEND. E PARTICIPACOES S.A.,2015Q1,2015-03-31,2015-05-07,46628
20770,EZ TEC EMPREEND. E PARTICIPACOES S.A.,2015Q2,2015-06-30,2015-08-13,49884
20770,EZ TEC EMPREEND. E PARTICIPACOES S.A.,2015Q3,2015-09-30,2015-11-12,51708
20770,EZ TEC EMPREEND. E PARTICIPACOES S.A.,2016Q1,2016-03-31,2016-05-12,56248
20770,EZ TEC EMPREEND. E PARTICIPACOES S.A.,2016Q2,2016-06-30,2016-08-11,58874
20770,EZ TEC EMPREEND. E PARTICIPACOES S.A.,2016Q3,2016-09-30,2016-11-09,60564
20770,EZ TEC EMPREEND. E PARTICIPACOES S.A.,2017Q1,2017-03-31,2017-05-11,65298
20770,EZ TEC EMPREEND. E PARTICIPACOES S.A.,2017Q2,2017-06-30,2017-08-10,67819
20770,EZ TEC EMPREEND. E PARTICIPACOES S.A.,2017Q3,2017-09-30,2017-11-09,69665
20770,EZ TEC EMPREEND. E PARTICIPACOES S.A.,2018Q1,2018-03-31,2018-05-10,74271
20770,EZ TEC EMPREEND. E PARTICIPACOES S.A.,2018Q2,2018-06-30,2018-08-14,77091
20770,EZ TEC EMPREEND. E PARTICIPACOES S.A.,2018Q3,2018-09-30,2018-11-08,78862
20770,EZ TEC EMPREEND. E PARTICIPACOES S.A.,2019Q1,2019-03-31,2019-05-14,83487
20770,EZ TEC EMPREEND. E PARTICIPACOES S.A.,2019Q2,2019-06-30,2019-08-14,86691
20770,EZ TEC EMPREEND. E PARTICIPACOES S.A.,2019Q3,2019-09-30,2019-11-13,89484
20770,EZ TEC EMPREEND. E PARTICIPACOES S.A.,2020Q1,2020-03-31,2020-05-15,93184
20770,EZ TEC EMPREEND. E PARTICIPACOES S.A.,2020Q2,2020-06-30,2020-08-14,96115
20770,EZ TEC EMPREEND. E PARTICIPACOES S.A.,2020Q3,2020-09-30,2020-12-02,98987
20770,EZ TEC EMPREEND. E PARTICIPACOES S.A.,2021Q1,2021-03-31,2021-05-13,104094
20770,EZ TEC EMPREEND. E PARTICIPACOES S.A.,2021Q2,2021-06-30,2021-08-12,107672
20770,EZ TEC EMPREEND. E PARTICIPACOES S.A.,2021Q3,2021-09-30,2021-11-11,109810
20770,EZ TEC EMPREEND. E PARTICIPACOES S.A.,2022Q1,2022-03-31,2022-05-12,114944
20770,EZ TEC EMPREEND. E PARTICIPACOES S.A.,2022Q2,2022-06-30,2022-08-11,119537
20770,EZ TEC EMPREEND. E PARTICIPACOES S.A.,2022Q3,2022-09-30,2022-11-10,121730
20770,EZ TEC EMPREEND. E PARTICIPACOES S.A.,2023Q1,2023-03-31,2023-05-11,126357
20770,EZ TEC EMPREEND. E PARTICIPACOES S.A.,2023Q2,2023-06-30,2023-08-10,130017
20770,EZ TEC EMPREEND. E PARTICIPACOES S.A.,2023Q3,2023-09-30,2023-11-09,132039
20770,EZ TEC EMPREEND. E PARTICIPACOES S.A.,2024Q1,2024-03-31,2024-05-02,136138
20770,EZ TEC EMPREEND. E PARTICIPACOES S.A.,2024Q2,2024-06-30,2024-08-01,140338
20770,EZ TEC EMPREEND. E PARTICIPACOES S.A.,2024Q3,2024-09-30,2024-10-31,142461
20770,EZ TEC EMPREEND. E PARTICIPACOES S.A.,2025Q1,2025-03-31,2025-05-15,147850
20770,EZ TEC EMPREEND. E PARTICIPACOES S.A.,2025Q2,2025-06-30,2025-08-07,150734
20770,EZ TEC EMPREEND. E PARTICIPACOES S.A.,2025Q3,2025-09-30,2025-11-13,153188
20621,FERTILIZANTES HERINGER S.A.,2011Q2,2011-06-30,2011-08-11,10802
20621,FERTILIZANTES HERINGER S.A.,2011Q3,2011-09-30,2011-11-16,13013
20621,FERTILIZANTES HERINGER S.A.,2012Q1,2012-03-31,2012-05-10,17259
20621,FERTILIZANTES HERINGER S.A.,2012Q2,2012-06-30,2012-08-28,21022
20621,FERTILIZANTES HERINGER S.A.,2012Q3,2012-09-30,2012-11-09,22265
20621,FERTILIZANTES HERINGER S.A.,2013Q1,2013-03-31,2013-05-09,26996
20621,FERTILIZANTES HERINGER S.A.,2013Q2,2013-06-30,2013-08-08,30336
20621,FERTILIZANTES HERINGER S.A.,2013Q3,2013-09-30,2013-11-07,32430
20621,FERTILIZANTES HERINGER S.A.,2014Q1,2014-03-31,2014-05-08,37029
20621,FERTILIZANTES HERINGER S.A.,2014Q2,2014-06-30,2014-08-07,40208
20621,FERTILIZANTES HERINGER S.A.,2015Q1,2015-03-31,2015-05-14,47179
20621,FERTILIZANTES HERINGER S.A.,2015Q2,2015-06-30,2015-08-13,49823
20621,FERTILIZANTES HERINGER S.A.,2015Q3,2015-09-30,2015-11-12,51629
20621,FERTILIZANTES HERINGER S.A.,2016Q1,2016-03-31,2016-05-12,56178
20621,FERTILIZANTES HERINGER S.A.,2016Q2,2016-06-30,2016-08-05,58527
20621,FERTILIZANTES HERINGER S.A.,2016Q3,2016-09-30,2016-11-04,60376
20621,FERTILIZANTES HERINGER S.A.,2017Q1,2017-03-31,2017-05-05,64737
20621,FERTILIZANTES HERINGER S.A.,2017Q2,2017-06-30,2017-08-10,67745
20621,FERTILIZANTES HERINGER S.A.,2017Q3,2017-09-30,2017-11-09,69624
20621,FERTILIZANTES HERINGER S.A.,2018Q1,2018-03-31,2018-05-15,74656
20621,FERTILIZANTES HERINGER S.A.,2018Q3,2018-09-30,2018-11-14,79319
20621,FERTILIZANTES HERINGER S.A.,2019Q1,2019-03-31,2019-05-14,83462
20621,FERTILIZANTES HERINGER S.A.,2019Q2,2019-06-30,2019-09-18,87344
20621,FERTILIZANTES HERINGER S.A.,2019Q3,2019-09-30,2019-11-12,89300
20621,FERTILIZANTES HERINGER S.A.,2020Q1,2020-03-31,2020-06-15,94022
20621,FERTILIZANTES HERINGER S.A.,2020Q2,2020-06-30,2020-08-28,96664
20621,FERTILIZANTES HERINGER S.A.,2020Q3,2020-09-30,2020-11-13,98582
20621,FERTILIZANTES HERINGER S.A.,2021Q1,2021-03-31,2021-05-14,104317
20621,FERTILIZANTES HERINGER S.A.,2021Q2,2021-06-30,2021-08-02,107147
20621,FERTILIZANTES HERINGER S.A.,2021Q3,2021-09-30,2021-11-12,109984
20621,FERTILIZANTES HERINGER S.A.,2022Q1,2022-03-31,2022-05-13,115215
20621,FERTILIZANTES HERINGER S.A.,2022Q2,2022-06-30,2022-08-26,120267
20621,FERTILIZANTES HERINGER S.A.,2022Q3,2022-09-30,2022-11-11,121993
20621,FERTILIZANTES HERINGER S.A.,2023Q1,2023-03-31,2023-05-30,127473
20621,FERTILIZANTES HERINGER S.A.,2023Q2,2023-06-30,2023-08-04,129761
20621,FERTILIZANTES HERINGER S.A.,2023Q3,2023-09-30,2023-11-14,132668
20621,FERTILIZANTES HERINGER S.A.,2024Q1,2024-03-31,2024-05-15,137534
20621,FERTILIZANTES HERINGER S.A.,2024Q2,2024-06-30,2024-07-31,140208
20621,FERTILIZANTES HERINGER S.A.,2024Q3,2024-09-30,2024-11-01,142491
20621,FERTILIZANTES HERINGER S.A.,2025Q1,2025-03-31,2025-05-09,147311
20621,FERTILIZANTES HERINGER S.A.,2025Q2,2025-06-30,2025-08-13,151172
20621,FERTILIZANTES HERINGER S.A.,2025Q3,2025-09-30,2025-11-07,152835
12793,FIBRIA CELULOSE S.A.,2011Q1,2011-03-31,2011-06-02,9520
12793,FIBRIA CELULOSE S.A.,2011Q2,2011-06-30,2011-07-27,10324
12793,FIBRIA CELULOSE S.A.,2011Q3,2011-09-30,2011-10-26,12159
12793,FIBRIA CELULOSE S.A.,2012Q1,2012-03-31,2012-05-14,17447
12793,FIBRIA CELULOSE S.A.,2012Q2,2012-06-30,2012-07-26,19880
12793,FIBRIA CELULOSE S.A.,2012Q3,2012-09-30,2012-10-29,21937
12793,FIBRIA CELULOSE S.A.,2013Q1,2013-03-31,2013-04-23,26247
12793,FIBRIA CELULOSE S.A.,2013Q2,2013-06-30,2013-07-24,29980
12793,FIBRIA CELULOSE S.A.,2013Q3,2013-09-30,2013-10-23,31975
12793,FIBRIA CELULOSE S.A.,2014Q1,2014-03-31,2014-04-24,36379
12793,FIBRIA CELULOSE S.A.,2014Q2,2014-06-30,2014-07-23,39853
12793,FIBRIA CELULOSE S.A.,2014Q3,2014-09-30,2014-10-22,41752
12793,FIBRIA CELULOSE S.A.,2015Q1,2015-03-31,2015-04-24,46105
12793,FIBRIA CELULOSE S.A.,2015Q2,2015-06-30,2015-07-23,49193
12793,FIBRIA CELULOSE S.A.,2015Q3,2015-09-30,2015-10-23,51060
12793,FIBRIA CELULOSE S.A.,2016Q1,2016-03-31,2016-04-27,55280
12793,FIBRIA CELULOSE S.A.,2016Q2,2016-06-30,2016-07-25,58233
12793,FIBRIA CELULOSE S.A.,2016Q3,2016-09-30,2016-10-31,60259
12793,FIBRIA CELULOSE S.A.,2017Q1,2017-03-31,2017-04-25,64413
12793,FIBRIA CELULOSE S.A.,2017Q2,2017-06-30,2017-07-25,67279
12793,FIBRIA CELULOSE S.A.,2017Q3,2017-09-30,2017-10-24,69223
12793,FIBRIA CELULOSE S.A.,2018Q1,2018-03-31,2018-04-25,73480
12793,FIBRIA CELULOSE S.A.,2018Q2,2018-06-30,2018-07-25,76470
12793,FIBRIA CELULOSE S.A.,2018Q3,2018-09-30,2018-10-24,78247
21881,FLEURY S.A.,2011Q1,2011-03-31,2011-05-05,7225
21881,FLEURY S.A.,2011Q2,2011-06-30,2011-08-04,10542
21881,FLEURY S.A.,2011Q3,2011-09-30,2011-11-03,12331
21881,FLEURY S.A.,2012Q1,2012-03-31,2012-05-03,16725
21881,FLEURY S.A.,2012Q2,2012-06-30,2012-08-02,20052
21881,FLEURY S.A.,2012Q3,2012-09-30,2012-10-31,22012
21881,FLEURY S.A.,2013Q1,2013-03-31,2013-05-03,26559
21881,FLEURY S.A.,2013Q2,2013-06-30,2013-08-01,30122
21881,FLEURY S.A.,2013Q3,2013-09-30,2013-10-31,32188
21881,FLEURY S.A.,2014Q1,2014-03-31,2014-05-08,37042
21881,FLEURY S.A.,2014Q2,2014-06-30,2014-07-31,40013
21881,FLEURY S.A.,2014Q3,2014-09-30,2014-10-30,41887
21881,FLEURY S.A.,2015Q1,2015-03-31,2015-04-29,46217
21881,FLEURY S.A.,2015Q2,2015-06-30,2015-07-30,49344
21881,FLEURY S.A.,2015Q3,2015-09-30,2015-10-29,51192
21881,FLEURY S.A.,2016Q1,2016-03-31,2016-04-28,55356
21881,FLEURY S.A.,2016Q2,2016-06-30,2016-07-29,58345
21881,FLEURY S.A.,2016Q3,2016-09-30,2016-10-27,60210
21881,FLEURY S.A.,2017Q1,2017-03-31,2017-04-27,64489
21881,FLEURY S.A.,2017Q2,2017-06-30,2017-07-27,67358
21881,FLEURY S.A.,2017Q3,2017-09-30,2017-10-26,69300
21881,FLEURY S.A.,2018Q1,2018-03-31,2018-04-26,73530
21881,FLEURY S.A.,2018Q2,2018-06-30,2018-07-26,76501
21881,FLEURY S.A.,2018Q3,2018-09-30,2018-10-25,78290
21881,FLEURY S.A.,2019Q1,2019-03-31,2019-04-25,82401
21881,FLEURY S.A.,2019Q2,2019-06-30,2019-07-25,85584
21881,FLEURY S.A.,2019Q3,2019-09-30,2019-10-24,88795
21881,FLEURY S.A.,2020Q1,2020-03-31,2020-05-14,93127
21881,FLEURY S.A.,2020Q2,2020-06-30,2020-07-30,95255
21881,FLEURY S.A.,2020Q3,2020-09-30,2020-10-29,97943
21881,FLEURY S.A.,2021Q1,2021-03-31,2021-04-29,103174
21881,FLEURY S.A.,2021Q2,2021-06-30,2021-07-29,106830
21881,FLEURY S.A.,2021Q3,2021-09-30,2021-10-28,109282
21881,FLEURY S.A.,2022Q1,2022-03-31,2022-05-05,114365
21881,FLEURY S.A.,2022Q2,2022-06-30,2022-08-04,119228
21881,FLEURY S.A.,2022Q3,2022-09-30,2022-11-03,121315
21881,FLEURY S.A.,2023Q1,2023-03-31,2023-05-04,125748
21881,FLEURY S.A.,2023Q2,2023-06-30,2023-08-03,129713
21881,FLEURY S.A.,2023Q3,2023-09-30,2023-11-09,132023
21881,FLEURY S.A.,2024Q1,2024-03-31,2024-05-09,136849
21881,FLEURY S.A.,2024Q2,2024-06-30,2024-08-08,140583
21881,FLEURY S.A.,2024Q3,2024-09-30,2024-11-07,142698
21881,FLEURY S.A.,2025Q1,2025-03-31,2025-05-08,147086
21881,FLEURY S.A.,2025Q2,2025-06-30,2025-08-07,150714
21881,FLEURY S.A.,2025Q3,2025-09-30,2025-11-06,152746
16101,GAFISA S.A.,2011Q1,2011-03-31,2011-05-10,7432
16101,GAFISA S.A.,2011Q2,2011-06-30,2011-08-11,10833
16101,GAFISA S.A.,2011Q3,2011-09-30,2011-11-24,13121
16101,GAFISA S.A.,2012Q1,2012-03-31,2012-05-08,17037
16101,GAFISA S.A.,2012Q2,2012-06-30,2012-08-10,20269
16101,GAFISA S.A.,2012Q3,2012-09-30,2012-11-12,22390
16101,GAFISA S.A.,2013Q1,2013-03-31,2013-05-10,27199
16101,GAFISA S.A.,2013Q2,2013-06-30,2013-08-12,30412
16101,GAFISA S.A.,2013Q3,2013-09-30,2013-11-05,32346
16101,GAFISA S.A.,2014Q1,2014-03-31,2014-05-09,37171
16101,GAFISA S.A.,2014Q2,2014-06-30,2014-08-08,40252
16101,GAFISA S.A.,2014Q3,2014-09-30,2014-11-07,42158
16101,GAFISA S.A.,2015Q1,2015-03-31,2015-05-07,46630
16101,GAFISA S.A.,2015Q2,2015-06-30,2015-08-07,49563
16101,GAFISA S.A.,2015Q3,2015-09-30,2015-11-06,51386
16101,GAFISA S.A.,2016Q1,2016-03-31,2016-05-05,55652
16101,GAFISA S.A.,2016Q2,2016-06-30,2016-08-11,58852
16101,GAFISA S.A.,2016Q3,2016-09-30,2016-11-08,60464
16101,GAFISA S.A.,2017Q1,2017-03-31,2017-05-09,64997
16101,GAFISA S.A.,2017Q2,2017-06-30,2017-08-10,67782
16101,GAFISA S.A.,2017Q3,2017-09-30,2017-11-09,69655
16101,GAFISA S.A.,2018Q1,2018-03-31,2018-05-10,74242
16101,GAFISA S.A.,2018Q2,2018-06-30,2018-08-09,76881
16101,GAFISA S.A.,2018Q3,2018-09-30,2018-11-08,78857
16101,GAFISA S.A.,2019Q1,2019-03-31,2019-05-14,83507
16101,GAFISA S.A.,2019Q2,2019-06-30,2019-08-14,86614
16101,GAFISA S.A.,2019Q3,2019-09-30,2019-11-08,89153
16101,GAFISA S.A.,2020Q1,2020-03-31,2020-05-14,93159
16101,GAFISA S.A.,2020Q2,2020-06-30,2020-08-11,95904
16101,GAFISA S.A.,2020Q3,2020-09-30,2020-11-16,98713
16101,GAFISA S.A.,2021Q1,2021-03-31,2021-05-17,104476
16101,GAFISA S.A.,2021Q2,2021-06-30,2021-08-16,108084
16101,GAFISA S.A.,2021Q3,2021-09-30,2021-11-16,110209
16101,GAFISA S.A.,2022Q1,2022-03-31,2022-05-16,115426
16101,GAFISA S.A.,2022Q2,2022-06-30,2022-08-15,120024
16101,GAFISA S.A.,2022Q3,2022-09-30,2022-11-14,122154
16101,GAFISA S.A.,2023Q1,2023-03-31,2023-05-15,126847
16101,GAFISA S.A.,2023Q2,2023-06-30,2023-08-14,130391
16101,GAFISA S.A.,2023Q3,2023-09-30,2023-11-09,132149
16101,GAFISA S.A.,2024Q1,2024-03-31,2024-05-15,137546
16101,GAFISA S.A.,2024Q2,2024-06-30,2024-08-08,140646
16101,GAFISA S.A.,2024Q3,2024-09-30,2024-11-13,143194
16101,GAFISA S.A.,2025Q2,2025-06-30,2025-08-14,151419
16101,GAFISA S.A.,2025Q3,2025-09-30,2025-11-13,153257
3980,GERDAU S.A.,2011Q1,2011-03-31,2011-05-12,7662
3980,GERDAU S.A.,2011Q2,2011-06-30,2011-08-04,10516
3980,GERDAU S.A.,2011Q3,2011-09-30,2011-11-10,12558
3980,GERDAU S.A.,2012Q1,2012-03-31,2012-05-03,16716
3980,GERDAU S.A.,2012Q2,2012-06-30,2012-08-02,20043
3980,GERDAU S.A.,2012Q3,2012-09-30,2012-11-01,22053
3980,GERDAU S.A.,2013Q1,2013-03-31,2013-05-07,26774
3980,GERDAU S.A.,2013Q2,2013-06-30,2013-08-01,30119
3980,GERDAU S.A.,2013Q3,2013-09-30,2013-10-31,32185
3980,GERDAU S.A.,2014Q1,2014-03-31,2014-05-07,36845
3980,GERDAU S.A.,2014Q2,2014-06-30,2014-07-30,39985
3980,GERDAU S.A.,2014Q3,2014-09-30,2014-11-12,42265
3980,GERDAU S.A.,2015Q1,2015-03-31,2015-05-06,46440
3980,GERDAU S.A.,2015Q2,2015-06-30,2015-08-12,49717
3980,GERDAU S.A.,2015Q3,2015-09-30,2015-10-29,51175
3980,GERDAU S.A.,2016Q1,2016-03-31,2016-05-04,55517
3980,GERDAU S.A.,2016Q2,2016-06-30,2016-08-10,58640
3980,GERDAU S.A.,2016Q3,2016-09-30,2016-11-09,60480
3980,GERDAU S.A.,2017Q1,2017-03-31,2017-05-04,64658
3980,GERDAU S.A.,2017Q2,2017-06-30,2017-08-09,67626
3980,GERDAU S.A.,2017Q3,2017-09-30,2017-11-08,69544
3980,GERDAU S.A.,2018Q1,2018-03-31,2018-05-09,74000
3980,GERDAU S.A.,2018Q2,2018-06-30,2018-08-08,76769
3980,GERDAU S.A.,2018Q3,2018-09-30,2018-11-07,78738
3980,GERDAU S.A.,2019Q1,2019-03-31,2019-05-08,82859
3980,GERDAU S.A.,2019Q2,2019-06-30,2019-08-07,86103
3980,GERDAU S.A.,2019Q3,2019-09-30,2019-10-30,88885
3980,GERDAU S.A.,2020Q1,2020-03-31,2020-05-06,92716
3980,GERDAU S.A.,2020Q2,2020-06-30,2020-08-05,95662
3980,GERDAU S.A.,2020Q3,2020-09-30,2020-10-28,97901
3980,GERDAU S.A.,2021Q1,2021-03-31,2021-05-05,103385
3980,GERDAU S.A.,2021Q2,2021-06-30,2021-08-04,107243
3980,GERDAU S.A.,2021Q3,2021-09-30,2021-10-27,109233
3980,GERDAU S.A.,2022Q1,2022-03-31,2022-05-05,114304
3980,GERDAU S.A.,2022Q2,2022-06-30,2022-08-03,119174
3980,GERDAU S.A.,2022Q3,2022-09-30,2022-11-09,121502
3980,GERDAU S.A.,2023Q1,2023-03-31,2023-05-03,125642
3980,GERDAU S.A.,2023Q2,2023-06-30,2023-08-08,129833
3980,GERDAU S.A.,2023Q3,2023-09-30,2023-11-06,131808
3980,GERDAU S.A.,2024Q1,2024-03-31,2024-07-12,139605
3980,GERDAU S.A.,2024Q2,2024-06-30,2024-07-31,140244
3980,GERDAU S.A.,2024Q3,2024-09-30,2024-11-05,142555
3980,GERDAU S.A.,2025Q1,2025-03-31,2025-04-28,146586
3980,GERDAU S.A.,2025Q2,2025-06-30,2025-07-31,150437
19569,GOL LINHAS AEREAS INTELIGENTES S.A.,2011Q1,2011-03-31,2012-05-25,18247
19569,GOL LINHAS AEREAS INTELIGENTES S.A.,2011Q2,2011-06-30,2012-05-25,18249
19569,GOL LINHAS AEREAS INTELIGENTES S.A.,2011Q3,2011-09-30,2012-05-25,18251
19569,GOL LINHAS AEREAS INTELIGENTES S.A.,2012Q1,2012-03-31,2012-05-25,18253
19569,GOL LINHAS AEREAS INTELIGENTES S.A.,2012Q2,2012-06-30,2012-08-13,20413
19569,GOL LINHAS AEREAS INTELIGENTES S.A.,2012Q3,2012-09-30,2012-11-13,22505
19569,GOL LINHAS AEREAS INTELIGENTES S.A.,2013Q1,2013-03-31,2013-05-13,27281
19569,GOL LINHAS AEREAS INTELIGENTES S.A.,2013Q2,2013-06-30,2013-08-13,30463
19569,GOL LINHAS AEREAS INTELIGENTES S.A.,2013Q3,2013-09-30,2013-11-12,32648
19569,GOL LINHAS AEREAS INTELIGENTES S.A.,2014Q1,2014-03-31,2014-05-14,37633
19569,GOL LINHAS AEREAS INTELIGENTES S.A.,2014Q2,2014-06-30,2014-08-19,40933
19569,GOL LINHAS AEREAS INTELIGENTES S.A.,2014Q3,2014-09-30,2014-11-11,42249
19569,GOL LINHAS AEREAS INTELIGENTES S.A.,2015Q1,2015-03-31,2015-05-12,46992
19569,GOL LINHAS AEREAS INTELIGENTES S.A.,2015Q2,2015-06-30,2015-09-11,50551
19569,GOL LINHAS AEREAS INTELIGENTES S.A.,2015Q3,2015-09-30,2015-11-11,51551
19569,GOL LINHAS AEREAS INTELIGENTES S.A.,2016Q1,2016-03-31,2016-05-13,56516
19569,GOL LINHAS AEREAS INTELIGENTES S.A.,2016Q2,2016-06-30,2016-08-16,59227
19569,GOL LINHAS AEREAS INTELIGENTES S.A.,2016Q3,2016-09-30,2016-11-07,60393
19569,GOL LINHAS AEREAS INTELIGENTES S.A.,2017Q1,2017-03-31,2017-05-10,65019
19569,GOL LINHAS AEREAS INTELIGENTES S.A.,2017Q2,2017-06-30,2017-08-09,67624
19569,GOL LINHAS AEREAS INTELIGENTES S.A.,2017Q3,2017-09-30,2017-11-08,69547
19569,GOL LINHAS AEREAS INTELIGENTES S.A.,2018Q1,2018-03-31,2018-05-09,73999
19569,GOL LINHAS AEREAS INTELIGENTES S.A.,2018Q2,2018-06-30,2018-08-02,76627
19569,GOL LINHAS AEREAS INTELIGENTES S.A.,2018Q3,2018-09-30,2018-11-01,78570
19569,GOL LINHAS AEREAS INTELIGENTES S.A.,2019Q1,2019-03-31,2019-04-30,82501
19569,GOL LINHAS AEREAS INTELIGENTES S.A.,2019Q2,2019-06-30,2019-08-01,85961
19569,GOL LINHAS AEREAS INTELIGENTES S.A.,2019Q3,2019-09-30,2019-10-31,88919
19569,GOL LINHAS AEREAS INTELIGENTES S.A.,2020Q1,2020-03-31,2020-06-29,94452
19569,GOL LINHAS AEREAS INTELIGENTES S.A.,2020Q2,2020-06-30,2020-08-13,95986
19569,GOL LINHAS AEREAS INTELIGENTES S.A.,2020Q3,2020-09-30,2020-11-04,98013
19569,GOL LINHAS AEREAS INTELIGENTES S.A.,2021Q1,2021-03-31,2021-04-29,103156
19569,GOL LINHAS AEREAS INTELIGENTES S.A.,2021Q2,2021-06-30,2021-07-29,106782
19569,GOL LINHAS AEREAS INTELIGENTES S.A.,2021Q3,2021-09-30,2021-11-09,109536
19569,GOL LINHAS AEREAS INTELIGENTES S.A.,2022Q1,2022-03-31,2022-04-28,114001
19569,GOL LINHAS AEREAS INTELIGENTES S.A.,2022Q2,2022-06-30,2022-07-28,118752
19569,GOL LINHAS AEREAS INTELIGENTES S.A.,2022Q3,2022-09-30,2022-10-27,121182
19569,GOL LINHAS AEREAS INTELIGENTES S.A.,2023Q1,2023-03-31,2023-04-26,125437
19569,GOL LINHAS AEREAS INTELIGENTES S.A.,2023Q2,2023-06-30,2023-07-27,129242
19569,GOL LINHAS AEREAS INTELIGENTES S.A.,2023Q3,2023-09-30,2023-11-06,131777
19569,GOL LINHAS AEREAS INTELIGENTES S.A.,2024Q1,2024-03-31,2024-05-14,137349
19569,GOL LINHAS AEREAS INTELIGENTES S.A.,2024Q2,2024-06-30,2024-08-14,141187
19569,GOL LINHAS AEREAS INTELIGENTES S.A.,2024Q3,2024-09-30,2024-11-13,143016
19569,GOL LINHAS AEREAS INTELIGENTES S.A.,2025Q1,2025-03-31,2025-05-15,147877
19569,GOL LINHAS AEREAS INTELIGENTES S.A.,2025Q2,2025-06-30,2025-08-15,151438
19569,GOL LINHAS AEREAS INTELIGENTES S.A.,2025Q3,2025-09-30,2025-11-11,152973
25712,GPS PARTICIPAÇÕES E EMPREENDIMENTOS S.A.,2021Q1,2021-03-31,2021-05-13,103985
25712,GPS PARTICIPAÇÕES E EMPREENDIMENTOS S.A.,2021Q2,2021-06-30,2021-08-11,107483
25712,GPS PARTICIPAÇÕES E EMPREENDIMENTOS S.A.,2021Q3,2021-09-30,2021-11-11,109736
25712,GPS PARTICIPAÇÕES E EMPREENDIMENTOS S.A.,2022Q1,2022-03-31,2022-05-12,115019
25712,GPS PARTICIPAÇÕES E EMPREENDIMENTOS S.A.,2022Q2,2022-06-30,2022-08-11,119677
25712,GPS PARTICIPAÇÕES E EMPREENDIMENTOS S.A.,2022Q3,2022-09-30,2022-11-10,121821
25712,GPS PARTICIPAÇÕES E EMPREENDIMENTOS S.A.,2023Q1,2023-03-31,2023-05-05,125795
25712,GPS PARTICIPAÇÕES E EMPREENDIMENTOS S.A.,2023Q2,2023-06-30,2023-08-10,130065
25712,GPS PARTICIPAÇÕES E EMPREENDIMENTOS S.A.,2023Q3,2023-09-30,2023-11-09,132146
25712,GPS PARTICIPAÇÕES E EMPREENDIMENTOS S.A.,2024Q1,2024-03-31,2024-05-09,136953
25712,GPS PARTICIPAÇÕES E EMPREENDIMENTOS S.A.,2024Q2,2024-06-30,2024-08-12,140823
25712,GPS PARTICIPAÇÕES E EMPREENDIMENTOS S.A.,2024Q3,2024-09-30,2024-11-11,142896
25712,GPS PARTICIPAÇÕES E EMPREENDIMENTOS S.A.,2025Q1,2025-03-31,2025-05-08,147144
25712,GPS PARTICIPAÇÕES E EMPREENDIMENTOS S.A.,2025Q3,2025-09-30,2025-11-12,153080
19615,GRENDENE S.A.,2011Q1,2011-03-31,2012-04-12,16154
19615,GRENDENE S.A.,2011Q2,2011-06-30,2012-04-12,16155
19615,GRENDENE S.A.,2011Q3,2011-09-30,2012-04-12,16157
19615,GRENDENE S.A.,2012Q1,2012-03-31,2012-04-25,16438
19615,GRENDENE S.A.,2012Q2,2012-06-30,2012-07-26,19888
19615,GRENDENE S.A.,2012Q3,2012-09-30,2012-10-25,21905
19615,GRENDENE S.A.,2013Q1,2013-03-31,2013-04-25,26325
19615,GRENDENE S.A.,2013Q2,2013-06-30,2013-07-25,30025
19615,GRENDENE S.A.,2013Q3,2013-09-30,2013-10-24,32023
19615,GRENDENE S.A.,2014Q1,2014-03-31,2014-04-24,36400
19615,GRENDENE S.A.,2014Q2,2014-06-30,2014-07-24,39890
19615,GRENDENE S.A.,2014Q3,2014-09-30,2014-10-24,41793
19615,GRENDENE S.A.,2015Q1,2015-03-31,2015-04-23,46100
19615,GRENDENE S.A.,2015Q3,2015-09-30,2015-10-22,51052
19615,GRENDENE S.A.,2016Q1,2016-03-31,2016-04-28,55359
19615,GRENDENE S.A.,2016Q2,2016-06-30,2016-07-28,58315
19615,GRENDENE S.A.,2016Q3,2016-09-30,2016-10-20,60122
19615,GRENDENE S.A.,2017Q1,2017-03-31,2017-04-27,64483
19615,GRENDENE S.A.,2017Q2,2017-06-30,2017-07-27,67369
19615,GRENDENE S.A.,2017Q3,2017-09-30,2017-10-26,69283
19615,GRENDENE S.A.,2018Q1,2018-03-31,2018-04-26,73532
19615,GRENDENE S.A.,2018Q2,2018-06-30,2018-07-26,76500
19615,GRENDENE S.A.,2018Q3,2018-09-30,2018-10-25,78282
19615,GRENDENE S.A.,2019Q1,2019-03-31,2019-04-25,82413
19615,GRENDENE S.A.,2019Q2,2019-06-30,2019-08-01,85976
19615,GRENDENE S.A.,2019Q3,2019-09-30,2019-10-24,88803
19615,GRENDENE S.A.,2020Q1,2020-03-31,2021-03-04,100668
19615,GRENDENE S.A.,2020Q2,2020-06-30,2021-03-04,100669
19615,GRENDENE S.A.,2020Q3,2020-09-30,2021-03-04,100670
19615,GRENDENE S.A.,2021Q1,2021-03-31,2021-04-29,103181
19615,GRENDENE S.A.,2021Q2,2021-06-30,2021-07-29,106817
19615,GRENDENE S.A.,2021Q3,2021-09-30,2021-10-28,109285
19615,GRENDENE S.A.,2022Q1,2022-03-31,2022-04-28,114031
19615,GRENDENE S.A.,2022Q2,2022-06-30,2022-08-04,119236
19615,GRENDENE S.A.,2022Q3,2022-09-30,2022-10-27,121198
19615,GRENDENE S.A.,2023Q1,2023-03-31,2023-05-11,126331
19615,GRENDENE S.A.,2023Q2,2023-06-30,2023-08-10,130011
19615,GRENDENE S.A.,2023Q3,2023-09-30,2023-11-09,132032
19615,GRENDENE S.A.,2024Q1,2024-03-31,2024-05-09,136855
19615,GRENDENE S.A.,2024Q2,2024-06-30,2024-08-08,140590
19615,GRENDENE S.A.,2024Q3,2024-09-30,2024-11-07,142694
19615,GRENDENE S.A.,2025Q1,2025-03-31,2025-05-08,147111
19615,GRENDENE S.A.,2025Q2,2025-06-30,2025-08-07,150728
19615,GRENDENE S.A.,2025Q3,2025-09-30,2025-11-06,152765
6505,GRUPO CASAS BAHIA S.A.,2011Q1,2011-03-31,2011-05-13,7764
6505,GRUPO CASAS BAHIA S.A.,2011Q2,2011-06-30,2011-07-25,10294
6505,GRUPO CASAS BAHIA S.A.,2011Q3,2011-09-30,2011-11-03,12330
6505,GRUPO CASAS BAHIA S.A.,2012Q1,2012-03-31,2012-05-07,16955
6505,GRUPO CASAS BAHIA S.A.,2012Q2,2012-06-30,2012-07-24,19839
6505,GRUPO CASAS BAHIA S.A.,2012Q3,2012-09-30,2012-10-31,22030
6505,GRUPO CASAS BAHIA S.A.,2013Q1,2013-03-31,2013-04-29,26411
6505,GRUPO CASAS BAHIA S.A.,2013Q2,2013-06-30,2013-07-23,29977
6505,GRUPO CASAS BAHIA S.A.,2013Q3,2013-09-30,2013-10-16,31882
6505,GRUPO CASAS BAHIA S.A.,2014Q1,2014-03-31,2014-04-28,36460
6505,GRUPO CASAS BAHIA S.A.,2014Q2,2014-06-30,2014-07-23,39856
6505,GRUPO CASAS BAHIA S.A.,2014Q3,2014-09-30,2014-10-29,41874
6505,GRUPO CASAS BAHIA S.A.,2015Q1,2015-03-31,2016-10-26,60195
6505,GRUPO CASAS BAHIA S.A.,2015Q2,2015-06-30,2016-10-26,60196
6505,GRUPO CASAS BAHIA S.A.,2015Q3,2015-09-30,2016-10-26,60197
6505,GRUPO CASAS BAHIA S.A.,2016Q1,2016-03-31,2016-08-22,59326
6505,GRUPO CASAS BAHIA S.A.,2016Q2,2016-06-30,2016-08-10,58707
6505,GRUPO CASAS BAHIA S.A.,2016Q3,2016-09-30,2016-10-26,60200
6505,GRUPO CASAS BAHIA S.A.,2017Q1,2017-03-31,2017-04-26,64450
6505,GRUPO CASAS BAHIA S.A.,2017Q2,2017-06-30,2017-07-24,67277
6505,GRUPO CASAS BAHIA S.A.,2017Q3,2017-09-30,2017-10-25,69261
6505,GRUPO CASAS BAHIA S.A.,2018Q1,2018-03-31,2018-04-25,73505
6505,GRUPO CASAS BAHIA S.A.,2018Q2,2018-06-30,2018-07-23,76443
6505,GRUPO CASAS BAHIA S.A.,2018Q3,2018-09-30,2018-10-24,78262
6505,GRUPO CASAS BAHIA S.A.,2019Q1,2019-03-31,2019-08-14,86693
6505,GRUPO CASAS BAHIA S.A.,2019Q2,2019-06-30,2019-08-14,86706
6505,GRUPO CASAS BAHIA S.A.,2019Q3,2019-09-30,2019-11-13,89485
6505,GRUPO CASAS BAHIA S.A.,2020Q1,2020-03-31,2020-05-26,93416
6505,GRUPO CASAS BAHIA S.A.,2020Q2,2020-06-30,2020-08-12,95976
6505,GRUPO CASAS BAHIA S.A.,2020Q3,2020-09-30,2020-11-11,98272
6505,GRUPO CASAS BAHIA S.A.,2021Q1,2021-03-31,2021-05-12,103956
6505,GRUPO CASAS BAHIA S.A.,2021Q2,2021-06-30,2021-08-11,107539
6505,GRUPO CASAS BAHIA S.A.,2021Q3,2021-09-30,2021-11-10,109697
6505,GRUPO CASAS BAHIA S.A.,2022Q1,2022-03-31,2022-05-09,114573
6505,GRUPO CASAS BAHIA S.A.,2022Q2,2022-06-30,2022-08-11,119622
6505,GRUPO CASAS BAHIA S.A.,2022Q3,2022-09-30,2022-11-10,121804
6505,GRUPO CASAS BAHIA S.A.,2023Q1,2023-03-31,2023-05-04,125760
6505,GRUPO CASAS BAHIA S.A.,2023Q2,2023-06-30,2023-08-10,130067
6505,GRUPO CASAS BAHIA S.A.,2023Q3,2023-09-30,2023-11-08,131962
6505,GRUPO CASAS BAHIA S.A.,2024Q1,2024-03-31,2024-05-08,136739
6505,GRUPO CASAS BAHIA S.A.,2024Q2,2024-06-30,2024-08-07,140548
6505,GRUPO CASAS BAHIA S.A.,2024Q3,2024-09-30,2024-11-13,143182
6505,GRUPO CASAS BAHIA S.A.,2025Q1,2025-03-31,2025-05-14,147713
6505,GRUPO CASAS BAHIA S.A.,2025Q2,2025-06-30,2025-08-13,151183
6505,GRUPO CASAS BAHIA S.A.,2025Q3,2025-09-30,2025-11-12,153070
25011,GRUPO DE MODA SOMA S.A.,2020Q1,2020-03-31,2020-07-24,93878
25011,GRUPO DE MODA SOMA S.A.,2020Q2,2020-06-30,2020-08-28,96595
25011,GRUPO DE MODA SOMA S.A.,2020Q3,2020-09-30,2020-11-12,98423
25011,GRUPO DE MODA SOMA S.A.,2021Q1,2021-03-31,2021-05-13,104147
25011,GRUPO DE MODA SOMA S.A.,2021Q2,2021-06-30,2021-08-12,107668
25011,GRUPO DE MODA SOMA S.A.,2021Q3,2021-09-30,2021-11-11,109856
25011,GRUPO DE MODA SOMA S.A.,2022Q1,2022-03-31,2022-05-12,114850
25011,GRUPO DE MODA SOMA S.A.,2022Q2,2022-06-30,2022-08-10,119450
25011,GRUPO DE MODA SOMA S.A.,2022Q3,2022-09-30,2022-11-10,121760
25011,GRUPO DE MODA SOMA S.A.,2023Q1,2023-03-31,2023-05-04,125751
25011,GRUPO DE MODA SOMA S.A.,2023Q2,2023-06-30,2023-08-09,129944
25011,GRUPO DE MODA SOMA S.A.,2023Q3,2023-09-30,2023-11-08,131942
25011,GRUPO DE MODA SOMA S.A.,2024Q1,2024-03-31,2024-05-08,136677
25186,GRUPO MATEUS S.A.,2020Q1,2020-03-31,2020-09-18,96148
25186,GRUPO MATEUS S.A.,2020Q2,2020-06-30,2020-09-18,96149
25186,GRUPO MATEUS S.A.,2020Q3,2020-09-30,2020-11-12,98389
25186,GRUPO MATEUS S.A.,2021Q1,2021-03-31,2021-06-10,105858
25186,GRUPO MATEUS S.A.,2021Q2,2021-06-30,2021-08-12,107708
25186,GRUPO MATEUS S.A.,2021Q3,2021-09-30,2021-11-16,110182
25186,GRUPO MATEUS S.A.,2022Q1,2022-03-31,2022-05-09,114562
25186,GRUPO MATEUS S.A.,2022Q2,2022-06-30,2022-08-11,119647
25186,GRUPO MATEUS S.A.,2022Q3,2022-09-30,2022-11-10,121811
25186,GRUPO MATEUS S.A.,2023Q1,2023-03-31,2023-05-10,126162
25186,GRUPO MATEUS S.A.,2023Q2,2023-06-30,2023-08-09,129896
25186,GRUPO MATEUS S.A.,2023Q3,2023-09-30,2023-11-28,132827
25186,GRUPO MATEUS S.A.,2024Q1,2024-03-31,2024-05-08,136768
25186,GRUPO MATEUS S.A.,2024Q2,2024-06-30,2024-08-06,140447
25186,GRUPO MATEUS S.A.,2024Q3,2024-09-30,2024-11-11,142884
25186,GRUPO MATEUS S.A.,2025Q1,2025-03-31,2025-05-05,146801
25186,GRUPO MATEUS S.A.,2025Q2,2025-06-30,2025-08-12,151037
25186,GRUPO MATEUS S.A.,2025Q3,2025-09-30,2025-11-14,153261
24694,GRUPO SBF S.A.,2019Q1,2019-03-31,2019-05-14,83348
24694,GRUPO SBF S.A.,2019Q2,2019-06-30,2019-08-23,86972
24694,GRUPO SBF S.A.,2020Q1,2020-03-31,2020-06-29,94444
24694,GRUPO SBF S.A.,2021Q1,2021-03-31,2021-05-13,104070
24694,GRUPO SBF S.A.,2021Q2,2021-06-30,2021-08-12,107696
24694,GRUPO SBF S.A.,2021Q3,2021-09-30,2021-11-11,109798
24694,GRUPO SBF S.A.,2022Q1,2022-03-31,2022-05-12,114867
24694,GRUPO SBF S.A.,2022Q2,2022-06-30,2022-08-01,119113
24694,GRUPO SBF S.A.,2022Q3,2022-09-30,2022-11-01,121283
24694,GRUPO SBF S.A.,2023Q1,2023-03-31,2023-05-08,125918
24694,GRUPO SBF S.A.,2023Q2,2023-06-30,2023-08-07,129784
24694,GRUPO SBF S.A.,2023Q3,2023-09-30,2023-11-13,132443
24694,GRUPO SBF S.A.,2024Q1,2024-03-31,2024-05-13,137147
24694,GRUPO SBF S.A.,2024Q2,2024-06-30,2024-07-26,139919
24694,GRUPO SBF S.A.,2024Q3,2024-09-30,2024-11-11,142865
24694,GRUPO SBF S.A.,2025Q1,2025-03-31,2025-05-30,148795
24694,GRUPO SBF S.A.,2025Q3,2025-09-30,2025-11-10,152877
24392,HAPVIDA PARTICIPAÇÕES E INVESTIMENTOS S.A.,2018Q1,2018-03-31,2018-05-16,74840
24392,HAPVIDA PARTICIPAÇÕES E INVESTIMENTOS S.A.,2018Q2,2018-06-30,2018-08-15,77394
24392,HAPVIDA PARTICIPAÇÕES E INVESTIMENTOS S.A.,2018Q3,2018-09-30,2018-11-14,79337
24392,HAPVIDA PARTICIPAÇÕES E INVESTIMENTOS S.A.,2019Q1,2019-03-31,2019-05-08,82960
24392,HAPVIDA PARTICIPAÇÕES E INVESTIMENTOS S.A.,2019Q2,2019-06-30,2019-08-13,86486
24392,HAPVIDA PARTICIPAÇÕES E INVESTIMENTOS S.A.,2019Q3,2019-09-30,2019-11-13,89438
24392,HAPVIDA PARTICIPAÇÕES E INVESTIMENTOS S.A.,2020Q1,2020-03-31,2020-05-20,93315
24392,HAPVIDA PARTICIPAÇÕES E INVESTIMENTOS S.A.,2020Q2,2020-06-30,2020-08-13,96024
24392,HAPVIDA PARTICIPAÇÕES E INVESTIMENTOS S.A.,2020Q3,2020-09-30,2020-11-12,98321
24392,HAPVIDA PARTICIPAÇÕES E INVESTIMENTOS S.A.,2021Q1,2021-03-31,2021-05-12,103894
24392,HAPVIDA PARTICIPAÇÕES E INVESTIMENTOS S.A.,2021Q2,2021-06-30,2021-08-11,107512
24392,HAPVIDA PARTICIPAÇÕES E INVESTIMENTOS S.A.,2021Q3,2021-09-30,2021-11-11,109834
24392,HAPVIDA PARTICIPAÇÕES E INVESTIMENTOS S.A.,2022Q1,2022-03-31,2022-05-16,115338
24392,HAPVIDA PARTICIPAÇÕES E INVESTIMENTOS S.A.,2022Q2,2022-06-30,2022-08-11,119556
24392,HAPVIDA PARTICIPAÇÕES E INVESTIMENTOS S.A.,2022Q3,2022-09-30,2022-11-09,121565
24392,HAPVIDA PARTICIPAÇÕES E INVESTIMENTOS S.A.,2023Q1,2023-03-31,2024-11-29,143593
24392,HAPVIDA PARTICIPAÇÕES E INVESTIMENTOS S.A.,2023Q2,2023-06-30,2024-11-29,143594
24392,HAPVIDA PARTICIPAÇÕES E INVESTIMENTOS S.A.,2023Q3,2023-09-30,2024-11-29,143595
24392,HAPVIDA PARTICIPAÇÕES E INVESTIMENTOS S.A.,2024Q1,2024-03-31,2024-05-21,137769
24392,HAPVIDA PARTICIPAÇÕES E INVESTIMENTOS S.A.,2024Q2,2024-06-30,2024-08-19,141282
24392,HAPVIDA PARTICIPAÇÕES E INVESTIMENTOS S.A.,2024Q3,2024-09-30,2024-11-12,142969
24392,HAPVIDA PARTICIPAÇÕES E INVESTIMENTOS S.A.,2025Q1,2025-03-31,2025-05-12,147408
24392,HAPVIDA PARTICIPAÇÕES E INVESTIMENTOS S.A.,2025Q2,2025-06-30,2025-08-13,151160
24392,HAPVIDA PARTICIPAÇÕES E INVESTIMENTOS S.A.,2025Q3,2025-09-30,2025-11-12,153063
21431,HYPERA S.A.,2011Q1,2011-03-31,2011-05-09,7404
21431,HYPERA S.A.,2011Q2,2011-06-30,2011-08-15,11075
21431,HYPERA S.A.,2011Q3,2011-09-30,2011-11-07,12360
21431,HYPERA S.A.,2012Q1,2012-03-31,2012-06-11,19216
21431,HYPERA S.A.,2012Q2,2012-06-30,2012-08-13,20329
21431,HYPERA S.A.,2013Q1,2013-03-31,2013-05-03,26587
21431,HYPERA S.A.,2013Q2,2013-06-30,2013-08-02,30164
21431,HYPERA S.A.,2013Q3,2013-09-30,2013-11-01,32247
21431,HYPERA S.A.,2014Q1,2014-03-31,2014-04-25,36431
21431,HYPERA S.A.,2014Q2,2014-06-30,2014-07-25,39917
21431,HYPERA S.A.,2014Q3,2014-09-30,2014-10-24,41804
21431,HYPERA S.A.,2015Q1,2015-03-31,2015-04-24,46131
21431,HYPERA S.A.,2015Q2,2015-06-30,2015-07-24,49227
21431,HYPERA S.A.,2015Q3,2015-09-30,2015-10-30,51221
21431,HYPERA S.A.,2016Q1,2016-03-31,2016-04-27,55277
21431,HYPERA S.A.,2016Q2,2016-06-30,2016-07-22,58230
21431,HYPERA S.A.,2016Q3,2016-09-30,2016-10-28,60250
21431,HYPERA S.A.,2017Q1,2017-03-31,2017-04-28,64526
21431,HYPERA S.A.,2017Q2,2017-06-30,2017-07-28,67402
21431,HYPERA S.A.,2017Q3,2017-09-30,2017-10-27,69326
21431,HYPERA S.A.,2018Q1,2018-03-31,2018-04-26,73548
21431,HYPERA S.A.,2018Q2,2018-06-30,2018-07-27,76539
21431,HYPERA S.A.,2018Q3,2018-09-30,2018-10-26,78330
21431,HYPERA S.A.,2019Q1,2019-03-31,2019-04-26,82439
21431,HYPERA S.A.,2019Q2,2019-06-30,2019-07-26,85629
21431,HYPERA S.A.,2019Q3,2019-09-30,2019-10-25,88825
21431,HYPERA S.A.,2020Q1,2020-03-31,2020-04-24,92510
21431,HYPERA S.A.,2020Q2,2020-06-30,2020-07-24,94979
21431,HYPERA S.A.,2020Q3,2020-09-30,2020-10-23,97841
21431,HYPERA S.A.,2021Q1,2021-03-31,2021-04-23,103053
21431,HYPERA S.A.,2021Q2,2021-06-30,2021-07-23,106632
21431,HYPERA S.A.,2021Q3,2021-09-30,2021-10-22,109149
21431,HYPERA S.A.,2022Q1,2022-03-31,2022-04-28,114041
21431,HYPERA S.A.,2022Q2,2022-06-30,2022-07-28,118799
21431,HYPERA S.A.,2022Q3,2022-09-30,2022-10-27,121197
21431,HYPERA S.A.,2023Q1,2023-03-31,2023-04-27,125497
21431,HYPERA S.A.,2023Q2,2023-06-30,2023-07-27,129268
21431,HYPERA S.A.,2023Q3,2023-09-30,2023-10-26,131628
21431,HYPERA S.A.,2024Q1,2024-03-31,2024-04-26,135994
21431,HYPERA S.A.,2024Q2,2024-06-30,2024-07-25,139892
21431,HYPERA S.A.,2024Q3,2024-09-30,2024-11-13,143108
21431,HYPERA S.A.,2025Q1,2025-03-31,2025-04-23,146462
21431,HYPERA S.A.,2025Q2,2025-06-30,2025-08-06,150663
21431,HYPERA S.A.,2025Q3,2025-09-30,2025-10-28,152512
20494,IGUATEMI EMPRESA DE SHOPPING CENTERS S.A,2011Q1,2011-03-31,2011-05-17,8233
20494,IGUATEMI EMPRESA DE SHOPPING CENTERS S.A,2011Q2,2011-06-30,2011-08-04,10530
20494,IGUATEMI EMPRESA DE SHOPPING CENTERS S.A,2011Q3,2011-09-30,2011-11-08,12409
20494,IGUATEMI EMPRESA DE SHOPPING CENTERS S.A,2012Q1,2012-03-31,2013-02-07,24142
20494,IGUATEMI EMPRESA DE SHOPPING CENTERS S.A,2012Q2,2012-06-30,2013-02-07,24143
20494,IGUATEMI EMPRESA DE SHOPPING CENTERS S.A,2012Q3,2012-09-30,2013-02-07,24144
20494,IGUATEMI EMPRESA DE SHOPPING CENTERS S.A,2013Q1,2013-03-31,2013-05-21,28109
20494,IGUATEMI EMPRESA DE SHOPPING CENTERS S.A,2013Q2,2013-06-30,2013-08-16,30999
20494,IGUATEMI EMPRESA DE SHOPPING CENTERS S.A,2013Q3,2013-09-30,2013-11-07,32453
20494,IGUATEMI EMPRESA DE SHOPPING CENTERS S.A,2014Q1,2014-03-31,2014-05-06,36789
20494,IGUATEMI EMPRESA DE SHOPPING CENTERS S.A,2014Q2,2014-06-30,2014-08-12,40386
20494,IGUATEMI EMPRESA DE SHOPPING CENTERS S.A,2014Q3,2014-09-30,2014-11-03,41978
20494,IGUATEMI EMPRESA DE SHOPPING CENTERS S.A,2015Q1,2015-03-31,2015-05-11,46844
20494,IGUATEMI EMPRESA DE SHOPPING CENTERS S.A,2015Q2,2015-06-30,2015-08-10,49609
20494,IGUATEMI EMPRESA DE SHOPPING CENTERS S.A,2015Q3,2015-09-30,2015-11-10,51472
20494,IGUATEMI EMPRESA DE SHOPPING CENTERS S.A,2016Q1,2016-03-31,2016-05-10,55964
20494,IGUATEMI EMPRESA DE SHOPPING CENTERS S.A,2016Q2,2016-06-30,2016-08-09,58617
20494,IGUATEMI EMPRESA DE SHOPPING CENTERS S.A,2016Q3,2016-09-30,2016-11-08,60457
20494,IGUATEMI EMPRESA DE SHOPPING CENTERS S.A,2017Q1,2017-03-31,2017-05-09,64948
20494,IGUATEMI EMPRESA DE SHOPPING CENTERS S.A,2017Q2,2017-06-30,2017-08-08,67608
20494,IGUATEMI EMPRESA DE SHOPPING CENTERS S.A,2017Q3,2017-09-30,2017-11-07,69535
20494,IGUATEMI EMPRESA DE SHOPPING CENTERS S.A,2018Q1,2018-03-31,2018-05-08,73944
20494,IGUATEMI EMPRESA DE SHOPPING CENTERS S.A,2018Q2,2018-06-30,2018-08-07,76751
20494,IGUATEMI EMPRESA DE SHOPPING CENTERS S.A,2018Q3,2018-09-30,2018-11-06,78688
20494,IGUATEMI EMPRESA DE SHOPPING CENTERS S.A,2019Q1,2019-03-31,2019-05-07,82821
20494,IGUATEMI EMPRESA DE SHOPPING CENTERS S.A,2019Q2,2019-06-30,2019-08-06,86088
20494,IGUATEMI EMPRESA DE SHOPPING CENTERS S.A,2019Q3,2019-09-30,2019-11-07,89128
20494,IGUATEMI EMPRESA DE SHOPPING CENTERS S.A,2020Q1,2020-03-31,2020-05-26,93434
20494,IGUATEMI EMPRESA DE SHOPPING CENTERS S.A,2020Q2,2020-06-30,2020-08-04,95646
20494,IGUATEMI EMPRESA DE SHOPPING CENTERS S.A,2020Q3,2020-09-30,2020-11-05,98057
20494,IGUATEMI EMPRESA DE SHOPPING CENTERS S.A,2021Q1,2021-03-31,2021-05-04,103366
20494,IGUATEMI EMPRESA DE SHOPPING CENTERS S.A,2021Q2,2021-06-30,2021-08-09,107390
20494,IGUATEMI EMPRESA DE SHOPPING CENTERS S.A,2021Q3,2021-09-30,2021-11-09,109611
20494,IGUATEMI EMPRESA DE SHOPPING CENTERS S.A,2022Q1,2022-03-31,2022-05-03,114211
20494,IGUATEMI EMPRESA DE SHOPPING CENTERS S.A,2022Q2,2022-06-30,2022-08-02,119169
20494,IGUATEMI EMPRESA DE SHOPPING CENTERS S.A,2022Q3,2022-09-30,2022-11-08,121474
20494,IGUATEMI EMPRESA DE SHOPPING CENTERS S.A,2023Q1,2023-03-31,2023-05-02,125622
20494,IGUATEMI EMPRESA DE SHOPPING CENTERS S.A,2023Q2,2023-06-30,2023-08-01,129665
20494,IGUATEMI EMPRESA DE SHOPPING CENTERS S.A,2023Q3,2023-09-30,2023-11-07,131864
20494,IGUATEMI EMPRESA DE SHOPPING CENTERS S.A,2024Q1,2024-03-31,2024-05-02,136148
20494,IGUATEMI EMPRESA DE SHOPPING CENTERS S.A,2024Q2,2024-06-30,2024-08-06,140441
20494,IGUATEMI EMPRESA DE SHOPPING CENTERS S.A,2024Q3,2024-09-30,2024-11-05,142565
20494,IGUATEMI EMPRESA DE SHOPPING CENTERS S.A,2025Q1,2025-03-31,2025-04-29,146645
20494,IGUATEMI EMPRESA DE SHOPPING CENTERS S.A,2025Q2,2025-06-30,2025-08-05,150609
20494,IGUATEMI EMPRESA DE SHOPPING CENTERS S.A,2025Q3,2025-09-30,2025-11-04,152652
8672,IGUATEMI S.A.,2011Q1,2011-03-31,2012-05-29,18425
8672,IGUATEMI S.A.,2011Q2,2011-06-30,2012-05-29,18426
8672,IGUATEMI S.A.,2011Q3,2011-09-30,2012-05-29,18427
8672,IGUATEMI S.A.,2012Q1,2012-03-31,2012-05-29,18431
8672,IGUATEMI S.A.,2012Q2,2012-06-30,2012-08-15,20715
8672,IGUATEMI S.A.,2012Q3,2012-09-30,2012-11-14,22792
8672,IGUATEMI S.A.,2013Q1,2013-03-31,2013-05-14,27450
8672,IGUATEMI S.A.,2013Q2,2013-06-30,2013-08-14,30864
8672,IGUATEMI S.A.,2013Q3,2013-09-30,2013-11-13,32659
8672,IGUATEMI S.A.,2014Q1,2014-03-31,2014-05-28,38404
8672,IGUATEMI S.A.,2014Q2,2014-06-30,2014-08-27,41070
8672,IGUATEMI S.A.,2014Q3,2014-09-30,2014-11-14,42712
8672,IGUATEMI S.A.,2015Q1,2015-03-31,2015-05-14,47187
8672,IGUATEMI S.A.,2015Q2,2015-06-30,2015-08-14,50179
8672,IGUATEMI S.A.,2015Q3,2015-09-30,2015-11-15,51978
8672,IGUATEMI S.A.,2016Q1,2016-03-31,2016-05-13,56511
8672,IGUATEMI S.A.,2016Q2,2016-06-30,2016-08-12,59057
8672,IGUATEMI S.A.,2016Q3,2016-09-30,2016-11-10,60679
8672,IGUATEMI S.A.,2017Q1,2017-03-31,2017-05-11,65295
8672,IGUATEMI S.A.,2017Q2,2017-06-30,2017-08-10,67784
8672,IGUATEMI S.A.,2017Q3,2017-09-30,2017-11-13,69824
8672,IGUATEMI S.A.,2018Q1,2018-03-31,2018-05-10,74189
8672,IGUATEMI S.A.,2018Q2,2018-06-30,2018-08-08,76812
8672,IGUATEMI S.A.,2018Q3,2018-09-30,2018-11-13,79112
8672,IGUATEMI S.A.,2019Q1,2019-03-31,2019-05-14,83456
8672,IGUATEMI S.A.,2019Q2,2019-06-30,2019-08-12,86335
8672,IGUATEMI S.A.,2019Q3,2019-09-30,2019-11-12,89302
8672,IGUATEMI S.A.,2020Q1,2020-03-31,2020-06-04,93816
8672,IGUATEMI S.A.,2020Q2,2020-06-30,2020-08-11,95905
8672,IGUATEMI S.A.,2020Q3,2020-09-30,2020-11-12,98320
8672,IGUATEMI S.A.,2021Q1,2021-03-31,2021-05-13,104090
8672,IGUATEMI S.A.,2021Q2,2021-06-30,2021-08-12,107678
8672,IGUATEMI S.A.,2021Q3,2021-09-30,2021-11-10,109693
8672,IGUATEMI S.A.,2022Q1,2022-03-31,2022-05-09,114520
8672,IGUATEMI S.A.,2022Q2,2022-06-30,2022-09-13,120552
8672,IGUATEMI S.A.,2022Q3,2022-09-30,2022-11-08,121469
8672,IGUATEMI S.A.,2023Q1,2023-03-31,2023-05-02,125623
8672,IGUATEMI S.A.,2023Q2,2023-06-30,2023-08-01,129664
8672,IGUATEMI S.A.,2023Q3,2023-09-30,2023-11-07,131863
8672,IGUATEMI S.A.,2024Q1,2024-03-31,2024-05-02,136147
8672,IGUATEMI S.A.,2024Q2,2024-06-30,2024-08-06,140439
8672,IGUATEMI S.A.,2024Q3,2024-09-30,2024-11-05,142563
8672,IGUATEMI S.A.,2025Q1,2025-03-31,2025-06-06,149335
8672,IGUATEMI S.A.,2025Q2,2025-06-30,2025-08-05,150608
8672,IGUATEMI S.A.,2025Q3,2025-09-30,2025-11-04,152651
25453,INTELBRAS S.A. IND. DE TELECOMUNICAÇÃO ELETRÔNICA BRASILEIRA,2020Q1,2020-03-31,2020-11-26,98897
25453,INTELBRAS S.A. IND. DE TELECOMUNICAÇÃO ELETRÔNICA BRASILEIRA,2020Q2,2020-06-30,2020-11-26,98898
25453,INTELBRAS S.A. IND. DE TELECOMUNICAÇÃO ELETRÔNICA BRASILEIRA,2020Q3,2020-09-30,2020-11-26,98899
25453,INTELBRAS S.A. IND. DE TELECOMUNICAÇÃO ELETRÔNICA BRASILEIRA,2021Q1,2021-03-31,2021-05-10,103669
25453,INTELBRAS S.A. IND. DE TELECOMUNICAÇÃO ELETRÔNICA BRASILEIRA,2021Q2,2021-06-30,2021-07-28,106763
25453,INTELBRAS S.A. IND. DE TELECOMUNICAÇÃO ELETRÔNICA BRASILEIRA,2021Q3,2021-09-30,2021-10-27,109261
25453,INTELBRAS S.A. IND. DE TELECOMUNICAÇÃO ELETRÔNICA BRASILEIRA,2022Q1,2022-03-31,2022-05-02,114125
25453,INTELBRAS S.A. IND. DE TELECOMUNICAÇÃO ELETRÔNICA BRASILEIRA,2022Q2,2022-06-30,2022-07-27,118747
25453,INTELBRAS S.A. IND. DE TELECOMUNICAÇÃO ELETRÔNICA BRASILEIRA,2022Q3,2022-09-30,2022-10-31,121248
25453,INTELBRAS S.A. IND. DE TELECOMUNICAÇÃO ELETRÔNICA BRASILEIRA,2023Q1,2023-03-31,2023-05-02,125599
25453,INTELBRAS S.A. IND. DE TELECOMUNICAÇÃO ELETRÔNICA BRASILEIRA,2023Q2,2023-06-30,2023-07-28,129287
25453,INTELBRAS S.A. IND. DE TELECOMUNICAÇÃO ELETRÔNICA BRASILEIRA,2023Q3,2023-09-30,2023-10-30,131671
25453,INTELBRAS S.A. IND. DE TELECOMUNICAÇÃO ELETRÔNICA BRASILEIRA,2024Q1,2024-03-31,2024-04-29,136023
25453,INTELBRAS S.A. IND. DE TELECOMUNICAÇÃO ELETRÔNICA BRASILEIRA,2024Q2,2024-06-30,2024-07-29,139971
25453,INTELBRAS S.A. IND. DE TELECOMUNICAÇÃO ELETRÔNICA BRASILEIRA,2024Q3,2024-09-30,2024-10-28,142377
25453,INTELBRAS S.A. IND. DE TELECOMUNICAÇÃO ELETRÔNICA BRASILEIRA,2025Q1,2025-03-31,2025-05-08,147100
25453,INTELBRAS S.A. IND. DE TELECOMUNICAÇÃO ELETRÔNICA BRASILEIRA,2025Q2,2025-06-30,2025-07-29,150206
25453,INTELBRAS S.A. IND. DE TELECOMUNICAÇÃO ELETRÔNICA BRASILEIRA,2025Q3,2025-09-30,2025-10-28,152506
23574,INTERNATIONAL MEAL COMPANY ALIMENTACAO S.A.,2014Q1,2014-03-31,2015-03-24,45178
23574,INTERNATIONAL MEAL COMPANY ALIMENTACAO S.A.,2014Q2,2014-06-30,2015-03-24,45179
23574,INTERNATIONAL MEAL COMPANY ALIMENTACAO S.A.,2014Q3,2014-09-30,2015-03-24,45180
23574,INTERNATIONAL MEAL COMPANY ALIMENTACAO S.A.,2015Q1,2015-03-31,2015-05-18,47552
23574,INTERNATIONAL MEAL COMPANY ALIMENTACAO S.A.,2015Q2,2015-06-30,2015-08-10,49622
23574,INTERNATIONAL MEAL COMPANY ALIMENTACAO S.A.,2015Q3,2015-09-30,2015-11-11,51546
23574,INTERNATIONAL MEAL COMPANY ALIMENTACAO S.A.,2016Q1,2016-03-31,2016-05-11,56092
23574,INTERNATIONAL MEAL COMPANY ALIMENTACAO S.A.,2016Q2,2016-06-30,2016-08-16,59231
23574,INTERNATIONAL MEAL COMPANY ALIMENTACAO S.A.,2016Q3,2016-09-30,2016-11-10,60592
23574,INTERNATIONAL MEAL COMPANY ALIMENTACAO S.A.,2017Q1,2017-03-31,2017-05-10,65007
23574,INTERNATIONAL MEAL COMPANY ALIMENTACAO S.A.,2017Q2,2017-06-30,2017-08-10,67695
23574,INTERNATIONAL MEAL COMPANY ALIMENTACAO S.A.,2017Q3,2017-09-30,2017-10-26,69268
23574,INTERNATIONAL MEAL COMPANY ALIMENTACAO S.A.,2018Q1,2018-03-31,2018-05-11,74276
23574,INTERNATIONAL MEAL COMPANY ALIMENTACAO S.A.,2018Q2,2018-06-30,2018-08-14,77354
23574,INTERNATIONAL MEAL COMPANY ALIMENTACAO S.A.,2018Q3,2018-09-30,2018-11-08,78774
23574,INTERNATIONAL MEAL COMPANY ALIMENTACAO S.A.,2019Q2,2019-06-30,2019-08-14,86490
23574,INTERNATIONAL MEAL COMPANY ALIMENTACAO S.A.,2019Q3,2019-09-30,2019-11-12,89301
23574,INTERNATIONAL MEAL COMPANY ALIMENTACAO S.A.,2020Q1,2020-03-31,2020-06-01,93710
23574,INTERNATIONAL MEAL COMPANY ALIMENTACAO S.A.,2020Q2,2020-06-30,2020-08-31,96758
23574,INTERNATIONAL MEAL COMPANY ALIMENTACAO S.A.,2020Q3,2020-09-30,2020-11-16,98727
23574,INTERNATIONAL MEAL COMPANY ALIMENTACAO S.A.,2021Q2,2021-06-30,2021-08-13,107750
23574,INTERNATIONAL MEAL COMPANY ALIMENTACAO S.A.,2021Q3,2021-09-30,2021-11-12,109895
23574,INTERNATIONAL MEAL COMPANY ALIMENTACAO S.A.,2022Q1,2022-03-31,2022-05-16,115404
23574,INTERNATIONAL MEAL COMPANY ALIMENTACAO S.A.,2022Q2,2022-06-30,2022-08-11,119684
23574,INTERNATIONAL MEAL COMPANY ALIMENTACAO S.A.,2022Q3,2022-09-30,2022-11-10,121711
23574,INTERNATIONAL MEAL COMPANY ALIMENTACAO S.A.,2023Q1,2023-03-31,2023-05-11,126325
23574,INTERNATIONAL MEAL COMPANY ALIMENTACAO S.A.,2023Q2,2023-06-30,2023-08-10,129993
23574,INTERNATIONAL MEAL COMPANY ALIMENTACAO S.A.,2024Q2,2024-06-30,2024-08-14,141200
23574,INTERNATIONAL MEAL COMPANY ALIMENTACAO S.A.,2024Q3,2024-09-30,2024-11-13,143093
23574,INTERNATIONAL MEAL COMPANY ALIMENTACAO S.A.,2025Q1,2025-03-31,2025-05-21,148106
23574,INTERNATIONAL MEAL COMPANY ALIMENTACAO S.A.,2025Q2,2025-06-30,2025-11-11,152981
23574,INTERNATIONAL MEAL COMPANY ALIMENTACAO S.A.,2025Q3,2025-09-30,2025-11-28,153638
11932,IOCHPE MAXION S.A.,2011Q1,2011-03-31,2011-05-10,7478
11932,IOCHPE MAXION S.A.,2011Q2,2011-06-30,2011-08-10,10698
11932,IOCHPE MAXION S.A.,2011Q3,2011-09-30,2011-11-09,12486
11932,IOCHPE MAXION S.A.,2012Q1,2012-03-31,2012-05-15,17833
11932,IOCHPE MAXION S.A.,2012Q2,2012-06-30,2012-08-14,20615
11932,IOCHPE MAXION S.A.,2012Q3,2012-09-30,2012-11-08,22227
11932,IOCHPE MAXION S.A.,2013Q1,2013-03-31,2013-05-15,27746
11932,IOCHPE MAXION S.A.,2013Q2,2013-06-30,2013-08-14,30848
11932,IOCHPE MAXION S.A.,2013Q3,2013-09-30,2013-11-07,32449
11932,IOCHPE MAXION S.A.,2014Q2,2014-06-30,2014-08-06,40161
11932,IOCHPE MAXION S.A.,2014Q3,2014-09-30,2014-11-05,42050
11932,IOCHPE MAXION S.A.,2015Q1,2015-03-31,2015-05-07,46587
11932,IOCHPE MAXION S.A.,2015Q2,2015-06-30,2015-08-06,49500
11932,IOCHPE MAXION S.A.,2015Q3,2015-09-30,2015-11-05,51323
11932,IOCHPE MAXION S.A.,2016Q1,2016-03-31,2016-05-05,55614
11932,IOCHPE MAXION S.A.,2016Q2,2016-06-30,2016-08-04,58483
11932,IOCHPE MAXION S.A.,2016Q3,2016-09-30,2016-11-10,60670
11932,IOCHPE MAXION S.A.,2017Q1,2017-03-31,2017-05-11,65221
11932,IOCHPE MAXION S.A.,2017Q2,2017-06-30,2017-08-10,67752
11932,IOCHPE MAXION S.A.,2017Q3,2017-09-30,2017-11-09,69634
11932,IOCHPE MAXION S.A.,2018Q1,2018-03-31,2018-05-10,74178
11932,IOCHPE MAXION S.A.,2018Q2,2018-06-30,2018-08-09,76848
11932,IOCHPE MAXION S.A.,2018Q3,2018-09-30,2018-11-08,78801
11932,IOCHPE MAXION S.A.,2019Q1,2019-03-31,2019-05-08,82900
11932,IOCHPE MAXION S.A.,2019Q2,2019-06-30,2019-08-06,86070
11932,IOCHPE MAXION S.A.,2019Q3,2019-09-30,2019-11-06,89059
11932,IOCHPE MAXION S.A.,2020Q1,2020-03-31,2020-05-14,93093
11932,IOCHPE MAXION S.A.,2020Q2,2020-06-30,2020-08-13,96011
11932,IOCHPE MAXION S.A.,2020Q3,2020-09-30,2020-11-03,97991
11932,IOCHPE MAXION S.A.,2021Q1,2021-03-31,2021-05-17,104452
11932,IOCHPE MAXION S.A.,2021Q2,2021-06-30,2021-08-11,107524
11932,IOCHPE MAXION S.A.,2021Q3,2021-09-30,2021-11-16,110176
11932,IOCHPE MAXION S.A.,2022Q1,2022-03-31,2022-05-09,114572
11932,IOCHPE MAXION S.A.,2022Q2,2022-06-30,2022-08-10,119457
11932,IOCHPE MAXION S.A.,2022Q3,2022-09-30,2022-11-09,121538
11932,IOCHPE MAXION S.A.,2023Q1,2023-03-31,2023-05-08,125941
11932,IOCHPE MAXION S.A.,2023Q2,2023-06-30,2023-08-09,129882
11932,IOCHPE MAXION S.A.,2023Q3,2023-09-30,2023-11-08,131938
11932,IOCHPE MAXION S.A.,2024Q1,2024-03-31,2024-05-08,136687
11932,IOCHPE MAXION S.A.,2024Q2,2024-06-30,2024-08-05,140390
11932,IOCHPE MAXION S.A.,2024Q3,2024-09-30,2024-11-06,142601
11932,IOCHPE MAXION S.A.,2025Q1,2025-03-31,2025-05-07,146949
11932,IOCHPE MAXION S.A.,2025Q2,2025-06-30,2025-08-06,150642
11932,IOCHPE MAXION S.A.,2025Q3,2025-09-30,2025-11-05,152692
18376,ISA ENERGIA BRASIL,2020Q1,2020-03-31,2020-04-29,92601
18376,ISA ENERGIA BRASIL,2020Q2,2020-06-30,2020-07-30,95222
18376,ISA ENERGIA BRASIL,2020Q3,2020-09-30,2020-10-29,97951
18376,ISA ENERGIA BRASIL,2021Q1,2021-03-31,2021-04-29,103180
18376,ISA ENERGIA BRASIL,2021Q2,2021-06-30,2021-07-29,106832
18376,ISA ENERGIA BRASIL,2021Q3,2021-09-30,2021-10-28,109292
18376,ISA ENERGIA BRASIL,2022Q1,2022-03-31,2022-05-03,114193
18376,ISA ENERGIA BRASIL,2022Q2,2022-06-30,2022-07-28,118800
18376,ISA ENERGIA BRASIL,2022Q3,2022-09-30,2022-10-27,121191
18376,ISA ENERGIA BRASIL,2023Q1,2023-03-31,2023-05-02,125610
18376,ISA ENERGIA BRASIL,2023Q2,2023-06-30,2023-07-31,129609
18376,ISA ENERGIA BRASIL,2023Q3,2023-09-30,2023-10-30,131673
18376,ISA ENERGIA BRASIL,2024Q1,2024-03-31,2024-04-30,136067
18376,ISA ENERGIA BRASIL,2024Q2,2024-06-30,2024-07-31,140241
18376,ISA ENERGIA BRASIL,2024Q3,2024-09-30,2024-10-30,142435
18376,ISA ENERGIA BRASIL,2025Q1,2025-03-31,2025-04-29,146640
18376,ISA ENERGIA BRASIL,2025Q2,2025-06-30,2025-07-30,150281
18376,ISA ENERGIA BRASIL,2025Q3,2025-09-30,2025-10-29,152535
20575,JBS S.A.,2011Q1,2011-03-31,2011-05-11,7544
20575,JBS S.A.,2011Q2,2011-06-30,2012-04-05,16031
20575,JBS S.A.,2011Q3,2011-09-30,2012-04-05,16033
20575,JBS S.A.,2012Q1,2012-03-31,2012-05-15,17853
20575,JBS S.A.,2012Q2,2012-06-30,2012-08-14,20633
20575,JBS S.A.,2012Q3,2012-09-30,2012-11-13,22467
20575,JBS S.A.,2013Q1,2013-03-31,2013-05-14,27376
20575,JBS S.A.,2013Q2,2013-06-30,2013-11-06,32361
20575,JBS S.A.,2013Q3,2013-09-30,2013-11-13,32772
20575,JBS S.A.,2014Q1,2014-03-31,2014-05-15,37704
20575,JBS S.A.,2014Q2,2014-06-30,2014-08-14,40687
20575,JBS S.A.,2014Q3,2014-09-30,2014-11-12,42314
20575,JBS S.A.,2015Q1,2015-03-31,2015-05-13,47089
20575,JBS S.A.,2015Q2,2015-06-30,2015-08-13,49907
20575,JBS S.A.,2015Q3,2015-09-30,2015-11-11,51543
20575,JBS S.A.,2016Q1,2016-03-31,2016-08-05,58536
20575,JBS S.A.,2016Q2,2016-06-30,2016-08-10,58738
20575,JBS S.A.,2016Q3,2016-09-30,2016-11-14,61045
20575,JBS S.A.,2017Q1,2017-03-31,2018-03-29,72905
20575,JBS S.A.,2017Q2,2017-06-30,2018-03-29,72906
20575,JBS S.A.,2017Q3,2017-09-30,2018-03-29,72907
20575,JBS S.A.,2018Q1,2018-03-31,2018-05-14,74515
20575,JBS S.A.,2018Q2,2018-06-30,2018-08-14,77353
20575,JBS S.A.,2018Q3,2018-09-30,2018-11-13,79161
20575,JBS S.A.,2019Q1,2019-03-31,2019-05-14,83359
20575,JBS S.A.,2019Q2,2019-06-30,2019-08-14,86703
20575,JBS S.A.,2020Q2,2020-06-30,2020-08-13,96035
20575,JBS S.A.,2021Q1,2021-03-31,2021-05-12,103914
20575,JBS S.A.,2021Q2,2021-06-30,2021-08-11,107560
20575,JBS S.A.,2021Q3,2021-09-30,2021-11-10,109674
20575,JBS S.A.,2022Q2,2022-06-30,2022-08-15,119869
20575,JBS S.A.,2022Q3,2022-09-30,2022-11-10,121691
20575,JBS S.A.,2023Q1,2023-03-31,2023-05-11,126332
20575,JBS S.A.,2023Q2,2023-06-30,2023-08-14,130305
20575,JBS S.A.,2023Q3,2023-09-30,2023-11-13,132360
20575,JBS S.A.,2024Q1,2024-03-31,2024-05-14,137315
20575,JBS S.A.,2024Q2,2024-06-30,2024-08-13,140937
20575,JBS S.A.,2024Q3,2024-09-30,2024-11-13,143081
20575,JBS S.A.,2025Q1,2025-03-31,2025-05-13,147504
20575,JBS S.A.,2025Q2,2025-06-30,2025-08-13,151166
20575,JBS S.A.,2025Q3,2025-09-30,2025-11-13,153211
20605,JHSF PARTICIPACOES S.A.,2011Q1,2011-03-31,2011-05-17,8204
20605,JHSF PARTICIPACOES S.A.,2011Q2,2011-06-30,2011-08-15,11172
20605,JHSF PARTICIPACOES S.A.,2011Q3,2011-09-30,2011-11-10,12612
20605,JHSF PARTICIPACOES S.A.,2012Q1,2012-03-31,2012-05-15,17764
20605,JHSF PARTICIPACOES S.A.,2012Q2,2012-06-30,2012-08-14,20687
20605,JHSF PARTICIPACOES S.A.,2012Q3,2012-09-30,2012-11-12,22386
20605,JHSF PARTICIPACOES S.A.,2013Q1,2013-03-31,2013-05-14,27452
20605,JHSF PARTICIPACOES S.A.,2013Q2,2013-06-30,2013-08-14,30551
20605,JHSF PARTICIPACOES S.A.,2013Q3,2013-09-30,2013-11-14,32817
20605,JHSF PARTICIPACOES S.A.,2014Q1,2014-03-31,2014-05-13,37405
20605,JHSF PARTICIPACOES S.A.,2014Q2,2014-06-30,2014-08-13,40519
20605,JHSF PARTICIPACOES S.A.,2014Q3,2014-09-30,2014-11-13,42455
20605,JHSF PARTICIPACOES S.A.,2015Q1,2015-03-31,2015-05-11,46854
20605,JHSF PARTICIPACOES S.A.,2015Q2,2015-06-30,2015-08-13,49849
20605,JHSF PARTICIPACOES S.A.,2015Q3,2015-09-30,2015-11-12,51694
20605,JHSF PARTICIPACOES S.A.,2016Q1,2016-03-31,2016-05-16,56565
20605,JHSF PARTICIPACOES S.A.,2016Q2,2016-06-30,2016-08-16,59228
20605,JHSF PARTICIPACOES S.A.,2016Q3,2016-09-30,2016-11-15,61054
20605,JHSF PARTICIPACOES S.A.,2017Q1,2017-03-31,2017-05-15,65744
20605,JHSF PARTICIPACOES S.A.,2017Q2,2017-06-30,2017-08-14,68070
20605,JHSF PARTICIPACOES S.A.,2017Q3,2017-09-30,2017-11-10,69755
20605,JHSF PARTICIPACOES S.A.,2018Q1,2018-03-31,2018-05-14,74502
20605,JHSF PARTICIPACOES S.A.,2018Q2,2018-06-30,2018-08-09,76854
20605,JHSF PARTICIPACOES S.A.,2018Q3,2018-09-30,2018-11-08,78856
20605,JHSF PARTICIPACOES S.A.,2019Q1,2019-03-31,2019-05-07,82789
20605,JHSF PARTICIPACOES S.A.,2019Q2,2019-06-30,2019-08-21,86932
20605,JHSF PARTICIPACOES S.A.,2019Q3,2019-09-30,2019-10-30,88914
20605,JHSF PARTICIPACOES S.A.,2020Q1,2020-03-31,2020-05-14,93099
20605,JHSF PARTICIPACOES S.A.,2020Q2,2020-06-30,2020-08-13,96009
20605,JHSF PARTICIPACOES S.A.,2020Q3,2020-09-30,2020-11-05,98070
20605,JHSF PARTICIPACOES S.A.,2021Q1,2021-03-31,2021-05-06,103476
20605,JHSF PARTICIPACOES S.A.,2021Q2,2021-06-30,2021-08-24,108249
20605,JHSF PARTICIPACOES S.A.,2021Q3,2021-09-30,2021-11-04,109423
20605,JHSF PARTICIPACOES S.A.,2022Q1,2022-03-31,2022-05-12,114993
20605,JHSF PARTICIPACOES S.A.,2022Q2,2022-06-30,2022-08-12,119694
20605,JHSF PARTICIPACOES S.A.,2022Q3,2022-09-30,2022-11-11,121836
20605,JHSF PARTICIPACOES S.A.,2023Q1,2023-03-31,2023-05-16,126879
20605,JHSF PARTICIPACOES S.A.,2023Q2,2023-06-30,2023-08-15,130459
20605,JHSF PARTICIPACOES S.A.,2023Q3,2023-09-30,2023-11-14,132651
20605,JHSF PARTICIPACOES S.A.,2024Q1,2024-03-31,2024-05-14,137375
20605,JHSF PARTICIPACOES S.A.,2024Q2,2024-06-30,2024-08-14,141217
20605,JHSF PARTICIPACOES S.A.,2024Q3,2024-09-30,2024-11-14,143365
20605,JHSF PARTICIPACOES S.A.,2025Q1,2025-03-31,2025-05-15,147722
20605,JHSF PARTICIPACOES S.A.,2025Q2,2025-06-30,2025-08-15,151437
20605,JHSF PARTICIPACOES S.A.,2025Q3,2025-09-30,2025-11-13,153258
7870,KEPLER WEBER S.A.,2011Q1,2011-03-31,2011-05-12,7624
7870,KEPLER WEBER S.A.,2011Q2,2011-06-30,2011-08-15,11004
7870,KEPLER WEBER S.A.,2011Q3,2011-09-30,2011-12-20,13391
7870,KEPLER WEBER S.A.,2012Q1,2012-03-31,2012-05-11,17354
7870,KEPLER WEBER S.A.,2012Q2,2012-06-30,2012-08-13,20342
7870,KEPLER WEBER S.A.,2012Q3,2012-09-30,2012-11-14,22512
7870,KEPLER WEBER S.A.,2013Q1,2013-03-31,2013-05-10,27060
7870,KEPLER WEBER S.A.,2013Q3,2013-09-30,2013-11-11,32539
7870,KEPLER WEBER S.A.,2014Q1,2014-03-31,2014-05-12,37262
7870,KEPLER WEBER S.A.,2014Q2,2014-06-30,2014-08-15,40858
7870,KEPLER WEBER S.A.,2014Q3,2014-09-30,2014-11-13,42399
7870,KEPLER WEBER S.A.,2015Q1,2015-03-31,2015-05-11,46822
7870,KEPLER WEBER S.A.,2015Q2,2015-06-30,2015-08-14,50112
7870,KEPLER WEBER S.A.,2015Q3,2015-09-30,2015-11-13,51860
7870,KEPLER WEBER S.A.,2016Q1,2016-03-31,2016-05-13,56408
7870,KEPLER WEBER S.A.,2016Q2,2016-06-30,2016-08-12,59014
7870,KEPLER WEBER S.A.,2016Q3,2016-09-30,2016-11-11,60845
7870,KEPLER WEBER S.A.,2017Q1,2017-03-31,2017-05-12,65399
7870,KEPLER WEBER S.A.,2017Q2,2017-06-30,2017-08-11,67890
7870,KEPLER WEBER S.A.,2017Q3,2017-09-30,2017-11-14,70125
7870,KEPLER WEBER S.A.,2018Q1,2018-03-31,2018-05-10,74207
7870,KEPLER WEBER S.A.,2018Q2,2018-06-30,2018-08-09,76852
7870,KEPLER WEBER S.A.,2019Q1,2019-03-31,2019-05-08,82926
7870,KEPLER WEBER S.A.,2019Q2,2019-06-30,2019-08-08,86178
7870,KEPLER WEBER S.A.,2019Q3,2019-09-30,2019-11-07,89125
7870,KEPLER WEBER S.A.,2020Q1,2020-03-31,2020-05-14,93094
7870,KEPLER WEBER S.A.,2020Q2,2020-06-30,2020-08-13,96019
7870,KEPLER WEBER S.A.,2020Q3,2020-09-30,2020-11-11,98240
7870,KEPLER WEBER S.A.,2021Q1,2021-03-31,2021-04-28,103134
7870,KEPLER WEBER S.A.,2021Q2,2021-06-30,2021-07-28,106761
7870,KEPLER WEBER S.A.,2021Q3,2021-09-30,2021-10-27,109250
7870,KEPLER WEBER S.A.,2022Q1,2022-03-31,2022-04-27,113984
7870,KEPLER WEBER S.A.,2022Q2,2022-06-30,2022-07-27,118722
7870,KEPLER WEBER S.A.,2022Q3,2022-09-30,2022-10-26,121164
7870,KEPLER WEBER S.A.,2023Q1,2023-03-31,2023-04-26,125464
7870,KEPLER WEBER S.A.,2023Q2,2023-06-30,2023-08-02,129670
7870,KEPLER WEBER S.A.,2023Q3,2023-09-30,2023-10-31,131704
7870,KEPLER WEBER S.A.,2024Q1,2024-03-31,2024-04-29,136020
7870,KEPLER WEBER S.A.,2024Q2,2024-06-30,2024-07-31,140250
7870,KEPLER WEBER S.A.,2024Q3,2024-09-30,2024-10-30,142433
7870,KEPLER WEBER S.A.,2025Q2,2025-06-30,2025-08-07,150717
7870,KEPLER WEBER S.A.,2025Q3,2025-09-30,2025-10-29,152527
12653,KLABIN S.A.,2011Q1,2011-03-31,2011-04-28,6741
12653,KLABIN S.A.,2011Q2,2011-06-30,2011-08-01,10425
12653,KLABIN S.A.,2011Q3,2011-09-30,2011-10-31,12244
12653,KLABIN S.A.,2012Q1,2012-03-31,2012-04-26,16462
12653,KLABIN S.A.,2012Q2,2012-06-30,2012-07-26,19881
12653,KLABIN S.A.,2012Q3,2012-09-30,2012-10-25,21886
12653,KLABIN S.A.,2013Q1,2013-03-31,2013-04-25,26296
12653,KLABIN S.A.,2013Q2,2013-06-30,2013-07-25,30010
12653,KLABIN S.A.,2013Q3,2013-09-30,2013-10-28,32061
12653,KLABIN S.A.,2014Q1,2014-03-31,2014-04-24,36384
12653,KLABIN S.A.,2014Q2,2014-06-30,2014-07-30,39976
12653,KLABIN S.A.,2014Q3,2014-09-30,2014-10-28,41822
12653,KLABIN S.A.,2015Q1,2015-03-31,2015-04-27,46135
12653,KLABIN S.A.,2015Q2,2015-06-30,2015-07-27,49232
12653,KLABIN S.A.,2015Q3,2015-09-30,2015-10-26,51082
12653,KLABIN S.A.,2016Q1,2016-03-31,2016-09-06,59514
12653,KLABIN S.A.,2016Q2,2016-06-30,2016-09-06,59516
12653,KLABIN S.A.,2016Q3,2016-09-30,2016-11-09,60490
12653,KLABIN S.A.,2017Q1,2017-03-31,2017-05-15,65483
12653,KLABIN S.A.,2017Q2,2017-06-30,2017-08-09,67633
12653,KLABIN S.A.,2017Q3,2017-09-30,2017-12-19,70558
12653,KLABIN S.A.,2018Q1,2018-03-31,2018-04-26,73510
12653,KLABIN S.A.,2018Q2,2018-06-30,2018-10-18,78158
12653,KLABIN S.A.,2018Q3,2018-09-30,2018-10-29,78333
12653,KLABIN S.A.,2019Q1,2019-03-31,2019-05-21,83930
12653,KLABIN S.A.,2019Q2,2019-06-30,2019-08-05,86034
12653,KLABIN S.A.,2019Q3,2019-09-30,2019-10-28,88829
12653,KLABIN S.A.,2020Q1,2020-03-31,2020-05-11,92895
12653,KLABIN S.A.,2020Q2,2020-06-30,2020-10-28,97906
12653,KLABIN S.A.,2020Q3,2020-09-30,2020-10-28,97907
12653,KLABIN S.A.,2021Q1,2021-03-31,2021-05-14,104228
12653,KLABIN S.A.,2021Q2,2021-06-30,2021-08-11,107485
12653,KLABIN S.A.,2021Q3,2021-09-30,2021-10-26,109206
12653,KLABIN S.A.,2022Q1,2022-03-31,2022-05-03,114151
12653,KLABIN S.A.,2022Q2,2022-06-30,2022-07-27,118698
12653,KLABIN S.A.,2022Q3,2022-09-30,2022-10-26,121163
12653,KLABIN S.A.,2023Q1,2023-03-31,2023-05-03,125641
12653,KLABIN S.A.,2023Q2,2023-06-30,2023-08-01,129649
12653,KLABIN S.A.,2023Q3,2023-09-30,2023-10-25,131576
12653,KLABIN S.A.,2024Q1,2024-03-31,2024-04-25,135923
12653,KLABIN S.A.,2024Q2,2024-06-30,2024-07-30,140000
12653,KLABIN S.A.,2024Q3,2024-09-30,2024-11-07,142772
12653,KLABIN S.A.,2025Q1,2025-03-31,2025-05-07,146901
12653,KLABIN S.A.,2025Q2,2025-06-30,2025-08-05,150588
12653,KLABIN S.A.,2025Q3,2025-09-30,2025-11-04,152627
19879,LIGHT S.A. - EM RECUPERAÇÃO JUDICIAL,2011Q1,2011-03-31,2011-05-13,7925
19879,LIGHT S.A. - EM RECUPERAÇÃO JUDICIAL,2011Q2,2011-06-30,2011-08-05,10572
19879,LIGHT S.A. - EM RECUPERAÇÃO JUDICIAL,2011Q3,2011-09-30,2011-11-11,12632
19879,LIGHT S.A. - EM RECUPERAÇÃO JUDICIAL,2012Q1,2012-03-31,2012-05-11,17416
19879,LIGHT S.A. - EM RECUPERAÇÃO JUDICIAL,2012Q2,2012-06-30,2012-08-14,20478
19879,LIGHT S.A. - EM RECUPERAÇÃO JUDICIAL,2012Q3,2012-09-30,2012-11-09,22286
19879,LIGHT S.A. - EM RECUPERAÇÃO JUDICIAL,2013Q1,2013-03-31,2013-05-10,27181
19879,LIGHT S.A. - EM RECUPERAÇÃO JUDICIAL,2013Q2,2013-06-30,2013-08-13,30507
19879,LIGHT S.A. - EM RECUPERAÇÃO JUDICIAL,2013Q3,2013-09-30,2013-11-08,32500
19879,LIGHT S.A. - EM RECUPERAÇÃO JUDICIAL,2014Q1,2014-03-31,2014-05-15,37906
19879,LIGHT S.A. - EM RECUPERAÇÃO JUDICIAL,2014Q2,2014-06-30,2014-08-13,40500
19879,LIGHT S.A. - EM RECUPERAÇÃO JUDICIAL,2014Q3,2014-09-30,2014-11-13,42419
19879,LIGHT S.A. - EM RECUPERAÇÃO JUDICIAL,2015Q1,2015-03-31,2015-05-08,46729
19879,LIGHT S.A. - EM RECUPERAÇÃO JUDICIAL,2015Q2,2015-06-30,2015-08-12,49747
19879,LIGHT S.A. - EM RECUPERAÇÃO JUDICIAL,2015Q3,2015-09-30,2015-11-12,51678
19879,LIGHT S.A. - EM RECUPERAÇÃO JUDICIAL,2016Q1,2016-03-31,2017-03-23,63494
19879,LIGHT S.A. - EM RECUPERAÇÃO JUDICIAL,2016Q2,2016-06-30,2017-03-23,63498
19879,LIGHT S.A. - EM RECUPERAÇÃO JUDICIAL,2016Q3,2016-09-30,2017-03-23,63500
19879,LIGHT S.A. - EM RECUPERAÇÃO JUDICIAL,2017Q1,2017-03-31,2017-05-15,65741
19879,LIGHT S.A. - EM RECUPERAÇÃO JUDICIAL,2017Q2,2017-06-30,2017-08-10,67786
19879,LIGHT S.A. - EM RECUPERAÇÃO JUDICIAL,2017Q3,2017-09-30,2017-11-14,70025
19879,LIGHT S.A. - EM RECUPERAÇÃO JUDICIAL,2018Q1,2018-03-31,2018-05-14,74526
19879,LIGHT S.A. - EM RECUPERAÇÃO JUDICIAL,2018Q2,2018-06-30,2018-08-22,77557
19879,LIGHT S.A. - EM RECUPERAÇÃO JUDICIAL,2018Q3,2018-09-30,2018-11-12,79018
19879,LIGHT S.A. - EM RECUPERAÇÃO JUDICIAL,2019Q1,2019-03-31,2019-05-15,83780
19879,LIGHT S.A. - EM RECUPERAÇÃO JUDICIAL,2019Q2,2019-06-30,2019-08-15,86808
19879,LIGHT S.A. - EM RECUPERAÇÃO JUDICIAL,2019Q3,2019-09-30,2019-11-13,89465
19879,LIGHT S.A. - EM RECUPERAÇÃO JUDICIAL,2020Q1,2020-03-31,2020-05-07,92816
19879,LIGHT S.A. - EM RECUPERAÇÃO JUDICIAL,2020Q2,2020-06-30,2020-08-13,96082
19879,LIGHT S.A. - EM RECUPERAÇÃO JUDICIAL,2020Q3,2020-09-30,2020-11-12,98392
19879,LIGHT S.A. - EM RECUPERAÇÃO JUDICIAL,2021Q1,2021-03-31,2021-05-13,104105
19879,LIGHT S.A. - EM RECUPERAÇÃO JUDICIAL,2021Q2,2021-06-30,2021-08-12,107730
19879,LIGHT S.A. - EM RECUPERAÇÃO JUDICIAL,2021Q3,2021-09-30,2021-11-24,110444
19879,LIGHT S.A. - EM RECUPERAÇÃO JUDICIAL,2022Q1,2022-03-31,2022-05-12,114991
19879,LIGHT S.A. - EM RECUPERAÇÃO JUDICIAL,2022Q2,2022-06-30,2022-08-11,119688
19879,LIGHT S.A. - EM RECUPERAÇÃO JUDICIAL,2022Q3,2022-09-30,2022-11-11,121963
19879,LIGHT S.A. - EM RECUPERAÇÃO JUDICIAL,2023Q1,2023-03-31,2023-05-15,126826
19879,LIGHT S.A. - EM RECUPERAÇÃO JUDICIAL,2023Q2,2023-06-30,2023-08-10,130101
19879,LIGHT S.A. - EM RECUPERAÇÃO JUDICIAL,2023Q3,2023-09-30,2023-11-09,132157
19879,LIGHT S.A. - EM RECUPERAÇÃO JUDICIAL,2024Q1,2024-03-31,2024-05-15,137550
19879,LIGHT S.A. - EM RECUPERAÇÃO JUDICIAL,2024Q2,2024-06-30,2024-08-14,141101
19879,LIGHT S.A. - EM RECUPERAÇÃO JUDICIAL,2024Q3,2024-09-30,2024-11-13,143170
19879,LIGHT S.A. - EM RECUPERAÇÃO JUDICIAL,2025Q1,2025-03-31,2025-05-14,147699
19879,LIGHT S.A. - EM RECUPERAÇÃO JUDICIAL,2025Q2,2025-06-30,2025-08-12,150956
19879,LIGHT S.A. - EM RECUPERAÇÃO JUDICIAL,2025Q3,2025-09-30,2025-11-13,153207
23035,LINX S.A.,2012Q1,2012-03-31,2013-02-08,24198
23035,LINX S.A.,2012Q2,2012-06-30,2013-02-08,24199
23035,LINX S.A.,2012Q3,2012-09-30,2013-02-08,24200
23035,LINX S.A.,2013Q1,2013-03-31,2013-05-10,27103
23035,LINX S.A.,2013Q2,2013-06-30,2013-08-07,30272
23035,LINX S.A.,2013Q3,2013-09-30,2013-11-07,32429
23035,LINX S.A.,2014Q1,2014-03-31,2014-05-08,37033
23035,LINX S.A.,2014Q2,2014-06-30,2014-08-07,40197
23035,LINX S.A.,2014Q3,2014-09-30,2014-11-06,42099
23035,LINX S.A.,2015Q1,2015-03-31,2015-05-07,46604
23035,LINX S.A.,2015Q2,2015-06-30,2015-08-06,49507
23035,LINX S.A.,2015Q3,2015-09-30,2015-11-05,51324
23035,LINX S.A.,2016Q1,2016-03-31,2016-05-09,55857
23035,LINX S.A.,2016Q2,2016-06-30,2016-08-08,58561
23035,LINX S.A.,2016Q3,2016-09-30,2016-11-07,60413
23035,LINX S.A.,2017Q1,2017-03-31,2017-05-16,65780
23035,LINX S.A.,2017Q2,2017-06-30,2017-08-07,67568
23035,LINX S.A.,2017Q3,2017-09-30,2017-11-06,69485
23035,LINX S.A.,2018Q2,2018-06-30,2018-08-28,77613
23035,LINX S.A.,2018Q3,2018-09-30,2018-11-12,78974
23035,LINX S.A.,2019Q1,2019-03-31,2019-05-02,82595
23035,LINX S.A.,2019Q3,2019-09-30,2019-11-13,89467
23035,LINX S.A.,2020Q2,2020-06-30,2020-08-21,96402
23035,LINX S.A.,2020Q3,2020-09-30,2020-11-09,98152
23035,LINX S.A.,2021Q1,2021-03-31,2021-05-17,104516
19739,LOCALIZA RENT A CAR S.A.,2011Q1,2011-03-31,2011-05-10,7538
19739,LOCALIZA RENT A CAR S.A.,2011Q2,2011-06-30,2011-07-25,10289
19739,LOCALIZA RENT A CAR S.A.,2011Q3,2011-09-30,2011-10-24,12141
19739,LOCALIZA RENT A CAR S.A.,2012Q1,2012-03-31,2012-05-09,17076
19739,LOCALIZA RENT A CAR S.A.,2012Q2,2012-06-30,2012-07-30,19969
19739,LOCALIZA RENT A CAR S.A.,2012Q3,2012-09-30,2012-10-26,21934
19739,LOCALIZA RENT A CAR S.A.,2013Q1,2013-03-31,2013-04-25,26331
19739,LOCALIZA RENT A CAR S.A.,2013Q2,2013-06-30,2013-08-06,30216
19739,LOCALIZA RENT A CAR S.A.,2013Q3,2013-09-30,2013-10-24,32027
19739,LOCALIZA RENT A CAR S.A.,2014Q1,2014-03-31,2014-04-16,36295
19739,LOCALIZA RENT A CAR S.A.,2014Q2,2014-06-30,2014-07-25,39921
19739,LOCALIZA RENT A CAR S.A.,2014Q3,2014-09-30,2014-10-23,41789
19739,LOCALIZA RENT A CAR S.A.,2015Q1,2015-03-31,2015-04-24,46130
19739,LOCALIZA RENT A CAR S.A.,2015Q2,2015-06-30,2015-07-23,49206
19739,LOCALIZA RENT A CAR S.A.,2015Q3,2015-09-30,2015-10-22,51059
19739,LOCALIZA RENT A CAR S.A.,2016Q1,2016-03-31,2016-04-25,55249
19739,LOCALIZA RENT A CAR S.A.,2016Q2,2016-06-30,2016-07-21,58222
19739,LOCALIZA RENT A CAR S.A.,2016Q3,2016-09-30,2016-10-20,60120
19739,LOCALIZA RENT A CAR S.A.,2017Q1,2017-03-31,2017-04-26,64451
19739,LOCALIZA RENT A CAR S.A.,2017Q2,2017-06-30,2017-07-20,67238
19739,LOCALIZA RENT A CAR S.A.,2017Q3,2017-09-30,2017-11-06,69478
19739,LOCALIZA RENT A CAR S.A.,2018Q1,2018-03-31,2018-04-26,73547
19739,LOCALIZA RENT A CAR S.A.,2018Q2,2018-06-30,2018-07-26,76513
19739,LOCALIZA RENT A CAR S.A.,2018Q3,2018-09-30,2018-10-24,78258
19739,LOCALIZA RENT A CAR S.A.,2019Q1,2019-03-31,2019-04-25,82409
19739,LOCALIZA RENT A CAR S.A.,2019Q2,2019-06-30,2019-08-01,85981
19739,LOCALIZA RENT A CAR S.A.,2019Q3,2019-09-30,2019-10-23,88769
19739,LOCALIZA RENT A CAR S.A.,2020Q1,2020-03-31,2020-05-14,93132
19739,LOCALIZA RENT A CAR S.A.,2020Q2,2020-06-30,2020-07-29,95144
19739,LOCALIZA RENT A CAR S.A.,2020Q3,2020-09-30,2020-10-27,97894
19739,LOCALIZA RENT A CAR S.A.,2021Q1,2021-03-31,2021-05-03,103329
19739,LOCALIZA RENT A CAR S.A.,2021Q2,2021-06-30,2021-07-29,106843
19739,LOCALIZA RENT A CAR S.A.,2021Q3,2021-09-30,2021-11-09,109609
19739,LOCALIZA RENT A CAR S.A.,2022Q1,2022-03-31,2022-05-02,114134
19739,LOCALIZA RENT A CAR S.A.,2022Q2,2022-06-30,2022-08-11,119675
19739,LOCALIZA RENT A CAR S.A.,2022Q3,2022-09-30,2022-12-16,122620
19739,LOCALIZA RENT A CAR S.A.,2023Q1,2023-03-31,2023-05-15,126733
19739,LOCALIZA RENT A CAR S.A.,2023Q2,2023-06-30,2023-08-14,130456
19739,LOCALIZA RENT A CAR S.A.,2023Q3,2023-09-30,2023-11-13,132403
19739,LOCALIZA RENT A CAR S.A.,2024Q1,2024-03-31,2024-05-10,137040
19739,LOCALIZA RENT A CAR S.A.,2024Q2,2024-06-30,2024-08-13,140953
19739,LOCALIZA RENT A CAR S.A.,2024Q3,2024-09-30,2024-11-11,142885
19739,LOCALIZA RENT A CAR S.A.,2025Q2,2025-06-30,2025-08-11,150882
23272,LOG COMMERCIAL PROPERTIES E PARTICIPAÇÕES,2013Q1,2013-03-31,2013-11-13,32778
23272,LOG COMMERCIAL PROPERTIES E PARTICIPAÇÕES,2014Q1,2014-03-31,2014-08-14,40771
23272,LOG COMMERCIAL PROPERTIES E PARTICIPAÇÕES,2014Q2,2014-06-30,2014-08-14,40749
23272,LOG COMMERCIAL PROPERTIES E PARTICIPAÇÕES,2014Q3,2014-09-30,2014-11-11,42241
23272,LOG COMMERCIAL PROPERTIES E PARTICIPAÇÕES,2015Q1,2015-03-31,2015-05-12,46988
23272,LOG COMMERCIAL PROPERTIES E PARTICIPAÇÕES,2015Q2,2015-06-30,2015-08-12,49722
23272,LOG COMMERCIAL PROPERTIES E PARTICIPAÇÕES,2015Q3,2015-09-30,2015-11-11,51534
23272,LOG COMMERCIAL PROPERTIES E PARTICIPAÇÕES,2016Q1,2016-03-31,2016-05-10,55982
23272,LOG COMMERCIAL PROPERTIES E PARTICIPAÇÕES,2016Q2,2016-06-30,2016-08-05,58540
23272,LOG COMMERCIAL PROPERTIES E PARTICIPAÇÕES,2016Q3,2016-09-30,2016-11-08,60460
23272,LOG COMMERCIAL PROPERTIES E PARTICIPAÇÕES,2017Q1,2017-03-31,2017-05-11,65236
23272,LOG COMMERCIAL PROPERTIES E PARTICIPAÇÕES,2017Q2,2017-06-30,2017-08-08,67622
23272,LOG COMMERCIAL PROPERTIES E PARTICIPAÇÕES,2017Q3,2017-09-30,2017-11-06,69480
23272,LOG COMMERCIAL PROPERTIES E PARTICIPAÇÕES,2018Q1,2018-03-31,2018-05-04,73786
23272,LOG COMMERCIAL PROPERTIES E PARTICIPAÇÕES,2018Q2,2018-06-30,2018-08-06,76713
23272,LOG COMMERCIAL PROPERTIES E PARTICIPAÇÕES,2018Q3,2018-09-30,2018-10-31,78554
23272,LOG COMMERCIAL PROPERTIES E PARTICIPAÇÕES,2019Q1,2019-03-31,2019-04-25,82404
23272,LOG COMMERCIAL PROPERTIES E PARTICIPAÇÕES,2019Q2,2019-06-30,2019-08-01,85974
23272,LOG COMMERCIAL PROPERTIES E PARTICIPAÇÕES,2019Q3,2019-09-30,2019-10-30,88905
23272,LOG COMMERCIAL PROPERTIES E PARTICIPAÇÕES,2020Q1,2020-03-31,2020-04-29,92599
23272,LOG COMMERCIAL PROPERTIES E PARTICIPAÇÕES,2020Q2,2020-06-30,2020-08-17,96256
23272,LOG COMMERCIAL PROPERTIES E PARTICIPAÇÕES,2020Q3,2020-09-30,2020-10-29,97946
23272,LOG COMMERCIAL PROPERTIES E PARTICIPAÇÕES,2021Q1,2021-03-31,2021-04-28,103136
23272,LOG COMMERCIAL PROPERTIES E PARTICIPAÇÕES,2021Q2,2021-06-30,2021-07-28,106762
23272,LOG COMMERCIAL PROPERTIES E PARTICIPAÇÕES,2021Q3,2021-09-30,2021-10-27,109248
23272,LOG COMMERCIAL PROPERTIES E PARTICIPAÇÕES,2022Q1,2022-03-31,2022-04-28,114029
23272,LOG COMMERCIAL PROPERTIES E PARTICIPAÇÕES,2022Q2,2022-06-30,2022-07-27,118720
23272,LOG COMMERCIAL PROPERTIES E PARTICIPAÇÕES,2022Q3,2022-09-30,2022-10-26,121160
23272,LOG COMMERCIAL PROPERTIES E PARTICIPAÇÕES,2023Q1,2023-03-31,2023-04-26,125461
23272,LOG COMMERCIAL PROPERTIES E PARTICIPAÇÕES,2023Q2,2023-06-30,2023-08-03,129724
23272,LOG COMMERCIAL PROPERTIES E PARTICIPAÇÕES,2023Q3,2023-09-30,2023-10-31,131703
23272,LOG COMMERCIAL PROPERTIES E PARTICIPAÇÕES,2024Q1,2024-03-31,2024-04-24,135900
23272,LOG COMMERCIAL PROPERTIES E PARTICIPAÇÕES,2024Q2,2024-06-30,2024-08-01,140339
23272,LOG COMMERCIAL PROPERTIES E PARTICIPAÇÕES,2024Q3,2024-09-30,2024-10-30,142432
23272,LOG COMMERCIAL PROPERTIES E PARTICIPAÇÕES,2025Q1,2025-03-31,2025-04-29,146631
23272,LOG COMMERCIAL PROPERTIES E PARTICIPAÇÕES,2025Q2,2025-06-30,2025-08-04,150576
23272,LOG COMMERCIAL PROPERTIES E PARTICIPAÇÕES,2025Q3,2025-09-30,2025-10-29,152532
8087,LOJAS AMERICANAS S.A.,2011Q2,2011-06-30,2011-08-04,10544
8087,LOJAS AMERICANAS S.A.,2011Q3,2011-09-30,2011-11-10,12615
8087,LOJAS AMERICANAS S.A.,2012Q2,2012-06-30,2012-08-14,20706
8087,LOJAS AMERICANAS S.A.,2012Q3,2012-09-30,2012-11-13,22498
8087,LOJAS AMERICANAS S.A.,2013Q1,2013-03-31,2013-05-09,27039
8087,LOJAS AMERICANAS S.A.,2013Q2,2013-06-30,2013-08-14,30816
8087,LOJAS AMERICANAS S.A.,2013Q3,2013-09-30,2013-11-13,32807
8087,LOJAS AMERICANAS S.A.,2014Q1,2014-03-31,2014-05-08,37057
8087,LOJAS AMERICANAS S.A.,2014Q2,2014-06-30,2014-08-13,40498
8087,LOJAS AMERICANAS S.A.,2014Q3,2014-09-30,2014-11-12,42303
8087,LOJAS AMERICANAS S.A.,2015Q1,2015-03-31,2015-05-07,46634
8087,LOJAS AMERICANAS S.A.,2015Q2,2015-06-30,2015-08-13,49895
8087,LOJAS AMERICANAS S.A.,2015Q3,2015-09-30,2015-11-12,51672
8087,LOJAS AMERICANAS S.A.,2016Q1,2016-03-31,2016-05-05,55650
8087,LOJAS AMERICANAS S.A.,2016Q2,2016-06-30,2016-08-11,58860
8087,LOJAS AMERICANAS S.A.,2016Q3,2016-09-30,2016-11-10,60687
8087,LOJAS AMERICANAS S.A.,2017Q1,2017-03-31,2017-05-11,65283
8087,LOJAS AMERICANAS S.A.,2017Q2,2017-06-30,2017-08-10,67802
8087,LOJAS AMERICANAS S.A.,2017Q3,2017-09-30,2017-11-01,69418
8087,LOJAS AMERICANAS S.A.,2018Q1,2018-03-31,2018-05-10,74249
8087,LOJAS AMERICANAS S.A.,2018Q2,2018-06-30,2018-08-09,76900
8087,LOJAS AMERICANAS S.A.,2018Q3,2018-09-30,2018-10-31,78558
8087,LOJAS AMERICANAS S.A.,2019Q1,2019-03-31,2019-05-09,83078
8087,LOJAS AMERICANAS S.A.,2019Q2,2019-06-30,2019-08-08,86206
8087,LOJAS AMERICANAS S.A.,2019Q3,2019-09-30,2019-10-30,88912
8087,LOJAS AMERICANAS S.A.,2020Q1,2020-03-31,2020-05-07,92820
8087,LOJAS AMERICANAS S.A.,2020Q2,2020-06-30,2020-08-13,96066
8087,LOJAS AMERICANAS S.A.,2020Q3,2020-09-30,2020-10-29,97956
8087,LOJAS AMERICANAS S.A.,2021Q1,2021-03-31,2021-05-06,103524
8087,LOJAS AMERICANAS S.A.,2021Q2,2021-06-30,2021-08-12,107712
8087,LOJAS AMERICANAS S.A.,2021Q3,2021-09-30,2021-11-11,109823
8133,LOJAS RENNER S.A.,2011Q1,2011-03-31,2011-04-28,6762
8133,LOJAS RENNER S.A.,2011Q2,2011-06-30,2011-08-15,11101
8133,LOJAS RENNER S.A.,2011Q3,2011-09-30,2011-10-27,12191
8133,LOJAS RENNER S.A.,2012Q1,2012-03-31,2012-04-27,16517
8133,LOJAS RENNER S.A.,2012Q2,2012-06-30,2012-08-09,20246
8133,LOJAS RENNER S.A.,2012Q3,2012-09-30,2012-10-30,21976
8133,LOJAS RENNER S.A.,2013Q1,2013-03-31,2013-05-08,26877
8133,LOJAS RENNER S.A.,2013Q2,2013-06-30,2013-08-14,30688
8133,LOJAS RENNER S.A.,2013Q3,2013-09-30,2013-10-24,32014
8133,LOJAS RENNER S.A.,2014Q1,2014-03-31,2014-04-29,36494
8133,LOJAS RENNER S.A.,2014Q2,2014-06-30,2014-07-22,39843
8133,LOJAS RENNER S.A.,2014Q3,2014-09-30,2014-10-23,41782
8133,LOJAS RENNER S.A.,2015Q1,2015-03-31,2015-04-29,46214
8133,LOJAS RENNER S.A.,2015Q2,2015-06-30,2015-07-30,49346
8133,LOJAS RENNER S.A.,2015Q3,2015-09-30,2015-10-22,51050
8133,LOJAS RENNER S.A.,2016Q1,2016-03-31,2016-04-25,55248
8133,LOJAS RENNER S.A.,2016Q2,2016-06-30,2016-07-25,58246
8133,LOJAS RENNER S.A.,2016Q3,2016-09-30,2016-10-24,60148
8133,LOJAS RENNER S.A.,2017Q1,2017-03-31,2017-04-25,64407
8133,LOJAS RENNER S.A.,2017Q2,2017-06-30,2017-07-25,67294
8133,LOJAS RENNER S.A.,2017Q3,2017-09-30,2017-10-24,69238
8133,LOJAS RENNER S.A.,2018Q1,2018-03-31,2018-05-03,73731
8133,LOJAS RENNER S.A.,2018Q2,2018-06-30,2018-07-26,76512
8133,LOJAS RENNER S.A.,2018Q3,2018-09-30,2018-10-25,78277
8133,LOJAS RENNER S.A.,2019Q1,2019-03-31,2019-04-25,82408
8133,LOJAS RENNER S.A.,2019Q2,2019-06-30,2019-07-31,85806
8133,LOJAS RENNER S.A.,2019Q3,2019-09-30,2019-10-25,88815
8133,LOJAS RENNER S.A.,2020Q1,2020-03-31,2020-05-21,93344
8133,LOJAS RENNER S.A.,2020Q2,2020-06-30,2020-08-31,96738
8133,LOJAS RENNER S.A.,2020Q3,2020-09-30,2020-11-05,98061
8133,LOJAS RENNER S.A.,2021Q1,2021-03-31,2021-05-13,104030
8133,LOJAS RENNER S.A.,2021Q2,2021-06-30,2021-08-12,107633
8133,LOJAS RENNER S.A.,2021Q3,2021-09-30,2021-11-11,109812
8133,LOJAS RENNER S.A.,2022Q1,2022-03-31,2022-05-05,114371
8133,LOJAS RENNER S.A.,2022Q2,2022-06-30,2022-08-04,119226
8133,LOJAS RENNER S.A.,2022Q3,2022-09-30,2022-11-03,121312
8133,LOJAS RENNER S.A.,2023Q1,2023-03-31,2023-05-03,125674
8133,LOJAS RENNER S.A.,2023Q2,2023-06-30,2023-08-03,129721
8133,LOJAS RENNER S.A.,2023Q3,2023-09-30,2023-11-09,132059
8133,LOJAS RENNER S.A.,2024Q1,2024-03-31,2024-05-08,136671
8133,LOJAS RENNER S.A.,2024Q2,2024-06-30,2024-08-08,140580
8133,LOJAS RENNER S.A.,2024Q3,2024-09-30,2024-11-07,142690
8133,LOJAS RENNER S.A.,2025Q1,2025-03-31,2025-05-08,147068
8133,LOJAS RENNER S.A.,2025Q2,2025-06-30,2025-08-14,151202
8133,LOJAS RENNER S.A.,2025Q3,2025-09-30,2025-11-06,152754
20060,LUPATECH S.A,2011Q2,2011-06-30,2011-08-10,10728
20060,LUPATECH S.A,2011Q3,2011-09-30,2011-11-09,12490
20060,LUPATECH S.A,2012Q1,2012-03-31,2012-05-15,17775
20060,LUPATECH S.A,2012Q3,2012-09-30,2012-11-14,22625
20060,LUPATECH S.A,2013Q1,2013-03-31,2013-05-15,27762
20060,LUPATECH S.A,2013Q2,2013-06-30,2013-08-14,30757
20060,LUPATECH S.A,2013Q3,2013-09-30,2013-11-14,33023
20060,LUPATECH S.A,2014Q1,2014-03-31,2014-05-15,37884
20060,LUPATECH S.A,2014Q2,2014-06-30,2014-08-14,40716
20060,LUPATECH S.A,2014Q3,2014-09-30,2014-11-03,41982
20060,LUPATECH S.A,2015Q1,2015-03-31,2015-05-15,47517
20060,LUPATECH S.A,2015Q2,2015-06-30,2015-08-14,50202
20060,LUPATECH S.A,2015Q3,2015-09-30,2015-11-13,51956
20060,LUPATECH S.A,2016Q1,2016-03-31,2016-05-13,56397
20060,LUPATECH S.A,2016Q2,2016-06-30,2016-11-11,60898
20060,LUPATECH S.A,2016Q3,2016-09-30,2016-11-11,60892
20060,LUPATECH S.A,2017Q1,2017-03-31,2017-05-15,65723
20060,LUPATECH S.A,2017Q2,2017-06-30,2017-08-14,68072
20060,LUPATECH S.A,2017Q3,2017-09-30,2017-11-14,70135
20060,LUPATECH S.A,2018Q1,2018-03-31,2018-05-16,74849
20060,LUPATECH S.A,2018Q2,2018-06-30,2018-09-06,77731
20060,LUPATECH S.A,2018Q3,2018-09-30,2018-11-14,79378
20060,LUPATECH S.A,2019Q1,2019-03-31,2019-05-15,83782
20060,LUPATECH S.A,2019Q2,2019-06-30,2019-08-14,86678
20060,LUPATECH S.A,2019Q3,2019-09-30,2019-11-14,89696
20060,LUPATECH S.A,2020Q1,2020-03-31,2020-05-14,93161
20060,LUPATECH S.A,2020Q2,2020-06-30,2020-08-28,96669
20060,LUPATECH S.A,2020Q3,2020-09-30,2020-11-12,98402
20060,LUPATECH S.A,2021Q1,2021-03-31,2021-05-14,104377
20060,LUPATECH S.A,2021Q2,2021-06-30,2021-08-13,107901
20060,LUPATECH S.A,2021Q3,2021-09-30,2021-11-17,110264
20060,LUPATECH S.A,2022Q1,2022-03-31,2022-05-27,115885
20060,LUPATECH S.A,2022Q2,2022-06-30,2022-08-15,119982
20060,LUPATECH S.A,2022Q3,2022-09-30,2022-11-10,121809
20060,LUPATECH S.A,2023Q1,2023-03-31,2023-05-18,127004
20060,LUPATECH S.A,2023Q2,2023-06-30,2023-08-14,130401
20060,LUPATECH S.A,2024Q1,2024-03-31,2024-05-15,137543
20060,LUPATECH S.A,2024Q2,2024-06-30,2024-08-14,141145
20060,LUPATECH S.A,2024Q3,2024-09-30,2024-11-14,143282
20060,LUPATECH S.A,2025Q1,2025-03-31,2025-05-14,147710
20060,LUPATECH S.A,2025Q2,2025-06-30,2025-09-01,151721
20060,LUPATECH S.A,2025Q3,2025-09-30,2025-11-14,153354
24910,LWSA S/A,2019Q1,2019-03-31,2020-01-13,89990
24910,LWSA S/A,2019Q2,2019-06-30,2020-01-14,89991
24910,LWSA S/A,2019Q3,2019-09-30,2020-01-14,89992
24910,LWSA S/A,2020Q1,2020-03-31,2020-05-13,93036
24910,LWSA S/A,2020Q2,2020-06-30,2020-08-12,95945
24910,LWSA S/A,2020Q3,2020-09-30,2020-11-11,98237
24910,LWSA S/A,2021Q1,2021-03-31,2021-05-12,103895
24910,LWSA S/A,2021Q2,2021-06-30,2021-08-11,107514
24910,LWSA S/A,2021Q3,2021-09-30,2021-11-10,109664
24910,LWSA S/A,2022Q1,2022-03-31,2022-05-12,114917
24910,LWSA S/A,2022Q2,2022-06-30,2022-08-11,119545
24910,LWSA S/A,2022Q3,2022-09-30,2022-11-10,121667
24910,LWSA S/A,2023Q1,2023-03-31,2023-05-11,126296
24910,LWSA S/A,2023Q2,2023-06-30,2023-08-10,129985
24910,LWSA S/A,2023Q3,2023-09-30,2023-11-09,132030
24910,LWSA S/A,2024Q1,2024-03-31,2024-05-09,136885
24910,LWSA S/A,2024Q2,2024-06-30,2024-08-13,140894
24910,LWSA S/A,2024Q3,2024-09-30,2024-11-07,142706
24910,LWSA S/A,2025Q1,2025-03-31,2025-05-08,147112
24910,LWSA S/A,2025Q2,2025-06-30,2025-08-14,151296
24910,LWSA S/A,2025Q3,2025-09-30,2025-11-13,153191
20338,M.DIAS BRANCO S.A. IND COM DE ALIMENTOS,2011Q1,2011-03-31,2011-05-06,7249
20338,M.DIAS BRANCO S.A. IND COM DE ALIMENTOS,2011Q2,2011-06-30,2011-07-25,10288
20338,M.DIAS BRANCO S.A. IND COM DE ALIMENTOS,2011Q3,2011-09-30,2011-10-31,12274
20338,M.DIAS BRANCO S.A. IND COM DE ALIMENTOS,2012Q1,2012-03-31,2012-04-23,16371
20338,M.DIAS BRANCO S.A. IND COM DE ALIMENTOS,2012Q2,2012-06-30,2012-07-27,19923
20338,M.DIAS BRANCO S.A. IND COM DE ALIMENTOS,2012Q3,2012-09-30,2012-10-26,21930
20338,M.DIAS BRANCO S.A. IND COM DE ALIMENTOS,2013Q1,2013-03-31,2013-05-07,26746
20338,M.DIAS BRANCO S.A. IND COM DE ALIMENTOS,2013Q2,2013-06-30,2013-07-30,30071
20338,M.DIAS BRANCO S.A. IND COM DE ALIMENTOS,2013Q3,2013-09-30,2013-10-28,32078
20338,M.DIAS BRANCO S.A. IND COM DE ALIMENTOS,2014Q1,2014-03-31,2014-05-05,36658
20338,M.DIAS BRANCO S.A. IND COM DE ALIMENTOS,2014Q2,2014-06-30,2014-07-28,39939
20338,M.DIAS BRANCO S.A. IND COM DE ALIMENTOS,2014Q3,2014-09-30,2014-10-27,41815
20338,M.DIAS BRANCO S.A. IND COM DE ALIMENTOS,2015Q1,2015-03-31,2015-04-27,46145
20338,M.DIAS BRANCO S.A. IND COM DE ALIMENTOS,2015Q2,2015-06-30,2015-07-27,49242
20338,M.DIAS BRANCO S.A. IND COM DE ALIMENTOS,2015Q3,2015-09-30,2015-10-26,51092
20338,M.DIAS BRANCO S.A. IND COM DE ALIMENTOS,2016Q1,2016-03-31,2016-05-02,55438
20338,M.DIAS BRANCO S.A. IND COM DE ALIMENTOS,2016Q2,2016-06-30,2016-08-04,58479
20338,M.DIAS BRANCO S.A. IND COM DE ALIMENTOS,2016Q3,2016-09-30,2016-10-31,60274
20338,M.DIAS BRANCO S.A. IND COM DE ALIMENTOS,2017Q1,2017-03-31,2017-05-05,64752
20338,M.DIAS BRANCO S.A. IND COM DE ALIMENTOS,2017Q2,2017-06-30,2017-08-07,67557
20338,M.DIAS BRANCO S.A. IND COM DE ALIMENTOS,2017Q3,2017-09-30,2017-10-30,69350
20338,M.DIAS BRANCO S.A. IND COM DE ALIMENTOS,2018Q1,2018-03-31,2018-05-14,74388
20338,M.DIAS BRANCO S.A. IND COM DE ALIMENTOS,2018Q2,2018-06-30,2018-08-13,77089
20338,M.DIAS BRANCO S.A. IND COM DE ALIMENTOS,2018Q3,2018-09-30,2018-11-14,79342
20338,M.DIAS BRANCO S.A. IND COM DE ALIMENTOS,2019Q1,2019-03-31,2019-05-10,83174
20338,M.DIAS BRANCO S.A. IND COM DE ALIMENTOS,2019Q2,2019-06-30,2019-08-09,86267
20338,M.DIAS BRANCO S.A. IND COM DE ALIMENTOS,2019Q3,2019-09-30,2019-11-08,89193
20338,M.DIAS BRANCO S.A. IND COM DE ALIMENTOS,2020Q1,2020-03-31,2020-05-08,92861
20338,M.DIAS BRANCO S.A. IND COM DE ALIMENTOS,2020Q2,2020-06-30,2020-08-07,95778
20338,M.DIAS BRANCO S.A. IND COM DE ALIMENTOS,2020Q3,2020-09-30,2020-11-06,98080
20338,M.DIAS BRANCO S.A. IND COM DE ALIMENTOS,2021Q1,2021-03-31,2021-05-07,103574
20338,M.DIAS BRANCO S.A. IND COM DE ALIMENTOS,2021Q2,2021-06-30,2021-08-06,107330
20338,M.DIAS BRANCO S.A. IND COM DE ALIMENTOS,2021Q3,2021-09-30,2021-11-05,109469
20338,M.DIAS BRANCO S.A. IND COM DE ALIMENTOS,2022Q1,2022-03-31,2022-05-13,115137
20338,M.DIAS BRANCO S.A. IND COM DE ALIMENTOS,2022Q2,2022-06-30,2022-08-12,119761
20338,M.DIAS BRANCO S.A. IND COM DE ALIMENTOS,2022Q3,2022-09-30,2022-11-11,121908
20338,M.DIAS BRANCO S.A. IND COM DE ALIMENTOS,2023Q1,2023-03-31,2023-05-12,126528
20338,M.DIAS BRANCO S.A. IND COM DE ALIMENTOS,2023Q3,2023-09-30,2023-11-10,132226
20338,M.DIAS BRANCO S.A. IND COM DE ALIMENTOS,2024Q1,2024-03-31,2024-05-10,137006
20338,M.DIAS BRANCO S.A. IND COM DE ALIMENTOS,2024Q3,2024-09-30,2024-11-08,142814
20338,M.DIAS BRANCO S.A. IND COM DE ALIMENTOS,2025Q1,2025-03-31,2025-05-02,146732
20338,M.DIAS BRANCO S.A. IND COM DE ALIMENTOS,2025Q2,2025-06-30,2025-08-08,150803
20338,M.DIAS BRANCO S.A. IND COM DE ALIMENTOS,2025Q3,2025-09-30,2025-11-07,152817
22470,MAGAZINE LUIZA S.A.,2011Q1,2011-03-31,2011-05-16,8009
22470,MAGAZINE LUIZA S.A.,2011Q2,2011-06-30,2011-08-15,11106
22470,MAGAZINE LUIZA S.A.,2011Q3,2011-09-30,2011-11-16,13028
22470,MAGAZINE LUIZA S.A.,2012Q1,2012-03-31,2012-05-14,17562
22470,MAGAZINE LUIZA S.A.,2012Q2,2012-06-30,2012-08-14,20479
22470,MAGAZINE LUIZA S.A.,2012Q3,2012-09-30,2012-11-12,22373
22470,MAGAZINE LUIZA S.A.,2013Q1,2013-03-31,2013-05-13,27272
22470,MAGAZINE LUIZA S.A.,2013Q2,2013-06-30,2013-08-12,30443
22470,MAGAZINE LUIZA S.A.,2013Q3,2013-09-30,2013-10-31,32173
22470,MAGAZINE LUIZA S.A.,2014Q1,2014-03-31,2014-05-08,36967
22470,MAGAZINE LUIZA S.A.,2014Q2,2014-06-30,2014-07-31,40021
22470,MAGAZINE LUIZA S.A.,2014Q3,2014-09-30,2014-10-30,41891
22470,MAGAZINE LUIZA S.A.,2015Q1,2015-03-31,2015-05-07,46618
22470,MAGAZINE LUIZA S.A.,2015Q2,2015-06-30,2015-07-30,49358
22470,MAGAZINE LUIZA S.A.,2015Q3,2015-09-30,2015-11-09,51427
22470,MAGAZINE LUIZA S.A.,2016Q1,2016-03-31,2016-05-05,55634
22470,MAGAZINE LUIZA S.A.,2016Q2,2016-06-30,2016-08-03,58448
22470,MAGAZINE LUIZA S.A.,2016Q3,2016-09-30,2016-10-31,60258
22470,MAGAZINE LUIZA S.A.,2017Q1,2017-03-31,2017-05-31,66588
22470,MAGAZINE LUIZA S.A.,2017Q2,2017-06-30,2017-09-12,68648
22470,MAGAZINE LUIZA S.A.,2017Q3,2017-09-30,2017-10-31,69380
22470,MAGAZINE LUIZA S.A.,2018Q1,2018-03-31,2018-05-07,73853
22470,MAGAZINE LUIZA S.A.,2018Q2,2018-06-30,2018-08-06,76709
22470,MAGAZINE LUIZA S.A.,2018Q3,2018-09-30,2018-11-05,78649
22470,MAGAZINE LUIZA S.A.,2019Q1,2019-03-31,2019-05-06,82751
22470,MAGAZINE LUIZA S.A.,2019Q2,2019-06-30,2019-08-12,86340
22470,MAGAZINE LUIZA S.A.,2019Q3,2019-09-30,2019-10-29,88872
22470,MAGAZINE LUIZA S.A.,2020Q1,2020-03-31,2020-05-25,93407
22470,MAGAZINE LUIZA S.A.,2020Q2,2020-06-30,2020-08-17,96258
22470,MAGAZINE LUIZA S.A.,2020Q3,2020-09-30,2020-11-09,98133
22470,MAGAZINE LUIZA S.A.,2021Q1,2021-03-31,2021-05-13,104108
22470,MAGAZINE LUIZA S.A.,2021Q2,2021-06-30,2021-08-16,108046
22470,MAGAZINE LUIZA S.A.,2021Q3,2021-09-30,2021-11-11,109832
22470,MAGAZINE LUIZA S.A.,2022Q1,2022-03-31,2022-05-16,115349
22470,MAGAZINE LUIZA S.A.,2022Q2,2022-06-30,2022-08-11,119619
22470,MAGAZINE LUIZA S.A.,2022Q3,2022-09-30,2022-11-10,121749
22470,MAGAZINE LUIZA S.A.,2023Q1,2023-03-31,2023-05-15,126776
22470,MAGAZINE LUIZA S.A.,2023Q2,2023-06-30,2023-08-14,130377
22470,MAGAZINE LUIZA S.A.,2023Q3,2023-09-30,2024-03-18,134845
22470,MAGAZINE LUIZA S.A.,2024Q1,2024-03-31,2024-05-09,136901
22470,MAGAZINE LUIZA S.A.,2024Q2,2024-06-30,2024-08-09,140658
22470,MAGAZINE LUIZA S.A.,2024Q3,2024-09-30,2024-11-07,142746
22470,MAGAZINE LUIZA S.A.,2025Q1,2025-03-31,2025-05-08,147120
22470,MAGAZINE LUIZA S.A.,2025Q2,2025-06-30,2025-08-07,150749
22470,MAGAZINE LUIZA S.A.,2025Q3,2025-09-30,2025-11-06,152782
20842,MAGNESITA REFRATARIOS S.A.,2011Q1,2011-03-31,2011-05-16,7994
20842,MAGNESITA REFRATARIOS S.A.,2011Q2,2011-06-30,2011-08-10,10695
20842,MAGNESITA REFRATARIOS S.A.,2011Q3,2011-09-30,2011-11-09,12493
20842,MAGNESITA REFRATARIOS S.A.,2012Q1,2012-03-31,2012-05-10,17305
20842,MAGNESITA REFRATARIOS S.A.,2012Q2,2012-06-30,2012-08-09,20241
20842,MAGNESITA REFRATARIOS S.A.,2012Q3,2012-09-30,2012-11-08,22254
20842,MAGNESITA REFRATARIOS S.A.,2013Q1,2013-03-31,2013-05-09,27041
20842,MAGNESITA REFRATARIOS S.A.,2013Q2,2013-06-30,2013-08-08,30352
20842,MAGNESITA REFRATARIOS S.A.,2013Q3,2013-09-30,2013-11-07,32451
20842,MAGNESITA REFRATARIOS S.A.,2014Q2,2014-06-30,2014-08-14,40559
20842,MAGNESITA REFRATARIOS S.A.,2014Q3,2014-09-30,2014-11-13,42435
20842,MAGNESITA REFRATARIOS S.A.,2015Q1,2015-03-31,2015-05-14,47256
20842,MAGNESITA REFRATARIOS S.A.,2015Q2,2015-06-30,2015-08-14,49947
20842,MAGNESITA REFRATARIOS S.A.,2015Q3,2015-09-30,2015-11-12,51710
20842,MAGNESITA REFRATARIOS S.A.,2016Q1,2016-03-31,2016-05-13,56528
20842,MAGNESITA REFRATARIOS S.A.,2016Q2,2016-06-30,2016-08-10,58737
20842,MAGNESITA REFRATARIOS S.A.,2016Q3,2016-09-30,2016-11-10,60688
20842,MAGNESITA REFRATARIOS S.A.,2017Q1,2017-03-31,2017-05-09,64986
20842,MAGNESITA REFRATARIOS S.A.,2017Q2,2017-06-30,2017-08-11,67923
20842,MAGNESITA REFRATARIOS S.A.,2017Q3,2017-09-30,2017-11-13,69761
20842,MAGNESITA REFRATARIOS S.A.,2018Q1,2018-03-31,2018-05-09,74097
20842,MAGNESITA REFRATARIOS S.A.,2018Q2,2018-06-30,2018-08-15,77433
20842,MAGNESITA REFRATARIOS S.A.,2018Q3,2018-09-30,2018-11-05,78612
8575,MAHLE METAL LEVE S.A.,2021Q1,2021-03-31,2021-05-13,104026
8575,MAHLE METAL LEVE S.A.,2021Q2,2021-06-30,2021-08-12,107626
8575,MAHLE METAL LEVE S.A.,2021Q3,2021-09-30,2021-11-11,109770
8575,MAHLE METAL LEVE S.A.,2022Q1,2022-03-31,2022-05-11,114755
8575,MAHLE METAL LEVE S.A.,2022Q2,2022-06-30,2022-08-10,119409
8575,MAHLE METAL LEVE S.A.,2022Q3,2022-09-30,2022-11-11,121906
8575,MAHLE METAL LEVE S.A.,2023Q1,2023-03-31,2023-05-10,126110
8575,MAHLE METAL LEVE S.A.,2023Q2,2023-06-30,2023-08-09,129875
8575,MAHLE METAL LEVE S.A.,2023Q3,2023-09-30,2023-11-14,132477
8575,MAHLE METAL LEVE S.A.,2024Q1,2024-03-31,2024-05-08,136667
8575,MAHLE METAL LEVE S.A.,2024Q2,2024-06-30,2024-08-14,141030
8575,MAHLE METAL LEVE S.A.,2024Q3,2024-09-30,2024-11-07,142701
8575,MAHLE METAL LEVE S.A.,2025Q1,2025-03-31,2025-05-14,147613
8575,MAHLE METAL LEVE S.A.,2025Q2,2025-06-30,2025-08-06,150639
8575,MAHLE METAL LEVE S.A.,2025Q3,2025-09-30,2025-11-12,153039
8575,MAHLE-METAL LEVE S.A.,2011Q1,2011-03-31,2011-05-02,7011
8575,MAHLE-METAL LEVE S.A.,2011Q2,2011-06-30,2011-08-12,10947
8575,MAHLE-METAL LEVE S.A.,2011Q3,2011-09-30,2011-11-09,12497
8575,MAHLE-METAL LEVE S.A.,2012Q1,2012-03-31,2012-05-08,17019
8575,MAHLE-METAL LEVE S.A.,2012Q2,2012-06-30,2012-08-06,20132
8575,MAHLE-METAL LEVE S.A.,2012Q3,2012-09-30,2012-11-07,22194
8575,MAHLE-METAL LEVE S.A.,2013Q1,2013-03-31,2013-05-08,26880
8575,MAHLE-METAL LEVE S.A.,2013Q2,2013-06-30,2013-08-08,30327
8575,MAHLE-METAL LEVE S.A.,2013Q3,2013-09-30,2013-11-08,32478
8575,MAHLE-METAL LEVE S.A.,2014Q1,2014-03-31,2014-05-12,37251
8575,MAHLE-METAL LEVE S.A.,2014Q2,2014-06-30,2014-08-11,40279
8575,MAHLE-METAL LEVE S.A.,2015Q1,2015-03-31,2015-05-11,46828
8575,MAHLE-METAL LEVE S.A.,2015Q2,2015-06-30,2015-08-10,49591
8575,MAHLE-METAL LEVE S.A.,2015Q3,2015-09-30,2015-11-09,51415
8575,MAHLE-METAL LEVE S.A.,2016Q1,2016-03-31,2016-05-11,56063
8575,MAHLE-METAL LEVE S.A.,2016Q2,2016-06-30,2016-08-10,58675
8575,MAHLE-METAL LEVE S.A.,2016Q3,2016-09-30,2016-11-09,60580
8575,MAHLE-METAL LEVE S.A.,2017Q1,2017-03-31,2017-05-11,65222
8575,MAHLE-METAL LEVE S.A.,2017Q2,2017-06-30,2017-08-14,67984
8575,MAHLE-METAL LEVE S.A.,2017Q3,2017-09-30,2017-11-14,70033
8575,MAHLE-METAL LEVE S.A.,2018Q1,2018-03-31,2018-05-14,74462
8575,MAHLE-METAL LEVE S.A.,2018Q2,2018-06-30,2018-08-13,77026
8575,MAHLE-METAL LEVE S.A.,2018Q3,2018-09-30,2018-11-13,79123
8575,MAHLE-METAL LEVE S.A.,2019Q1,2019-03-31,2019-05-15,83624
8575,MAHLE-METAL LEVE S.A.,2019Q2,2019-06-30,2019-08-12,86318
8575,MAHLE-METAL LEVE S.A.,2019Q3,2019-09-30,2019-11-14,89630
8575,MAHLE-METAL LEVE S.A.,2020Q1,2020-03-31,2020-05-13,93032
8575,MAHLE-METAL LEVE S.A.,2020Q2,2020-06-30,2020-08-12,95931
8575,MAHLE-METAL LEVE S.A.,2020Q3,2020-09-30,2020-11-11,98236
8451,MARCOPOLO S.A.,2011Q1,2011-03-31,2011-05-09,7408
8451,MARCOPOLO S.A.,2011Q2,2011-06-30,2011-08-08,10597
8451,MARCOPOLO S.A.,2011Q3,2011-09-30,2011-11-07,12382
8451,MARCOPOLO S.A.,2012Q1,2012-03-31,2012-05-07,16925
8451,MARCOPOLO S.A.,2012Q2,2012-06-30,2012-08-06,20115
8451,MARCOPOLO S.A.,2012Q3,2012-09-30,2012-11-05,22081
8451,MARCOPOLO S.A.,2013Q1,2013-03-31,2013-05-06,26665
8451,MARCOPOLO S.A.,2013Q3,2013-09-30,2013-11-04,32263
8451,MARCOPOLO S.A.,2014Q1,2014-03-31,2014-05-12,37238
8451,MARCOPOLO S.A.,2014Q2,2014-06-30,2014-08-11,40278
8451,MARCOPOLO S.A.,2014Q3,2014-09-30,2014-11-10,42191
8451,MARCOPOLO S.A.,2015Q1,2015-03-31,2015-05-04,46323
8451,MARCOPOLO S.A.,2015Q2,2015-06-30,2015-08-03,49389
8451,MARCOPOLO S.A.,2015Q3,2015-09-30,2015-11-03,51248
8451,MARCOPOLO S.A.,2016Q1,2016-03-31,2016-05-02,55433
8451,MARCOPOLO S.A.,2016Q2,2016-06-30,2016-08-08,58556
8451,MARCOPOLO S.A.,2016Q3,2016-09-30,2016-11-07,60418
8451,MARCOPOLO S.A.,2017Q1,2017-03-31,2017-05-08,64826
8451,MARCOPOLO S.A.,2017Q2,2017-06-30,2017-08-07,67549
8451,MARCOPOLO S.A.,2017Q3,2017-09-30,2017-11-06,69466
8451,MARCOPOLO S.A.,2018Q1,2018-03-31,2018-05-07,73835
8451,MARCOPOLO S.A.,2018Q2,2018-06-30,2018-08-06,76699
8451,MARCOPOLO S.A.,2018Q3,2018-09-30,2018-11-05,78644
8451,MARCOPOLO S.A.,2019Q1,2019-03-31,2019-05-06,82710
8451,MARCOPOLO S.A.,2019Q2,2019-06-30,2019-08-05,86043
8451,MARCOPOLO S.A.,2019Q3,2019-09-30,2019-11-04,88993
8451,MARCOPOLO S.A.,2020Q1,2020-03-31,2020-05-25,93397
8451,MARCOPOLO S.A.,2020Q2,2020-06-30,2020-08-03,95610
8451,MARCOPOLO S.A.,2020Q3,2020-09-30,2020-11-03,97990
8451,MARCOPOLO S.A.,2021Q1,2021-03-31,2021-05-03,103331
8451,MARCOPOLO S.A.,2021Q2,2021-06-30,2021-08-02,107135
8451,MARCOPOLO S.A.,2021Q3,2021-09-30,2021-11-03,109375
8451,MARCOPOLO S.A.,2022Q1,2022-03-31,2022-05-02,114119
8451,MARCOPOLO S.A.,2022Q2,2022-06-30,2022-08-01,119095
8451,MARCOPOLO S.A.,2022Q3,2022-09-30,2022-11-03,121307
8451,MARCOPOLO S.A.,2023Q1,2023-03-31,2023-05-02,125586
8451,MARCOPOLO S.A.,2023Q2,2023-06-30,2023-08-01,129655
8451,MARCOPOLO S.A.,2023Q3,2023-09-30,2023-10-31,131698
8451,MARCOPOLO S.A.,2024Q1,2024-03-31,2024-05-02,136124
8451,MARCOPOLO S.A.,2024Q2,2024-06-30,2024-08-01,140335
8451,MARCOPOLO S.A.,2024Q3,2024-09-30,2024-10-31,142458
8451,MARCOPOLO S.A.,2025Q1,2025-03-31,2025-04-29,146624
8451,MARCOPOLO S.A.,2025Q2,2025-06-30,2025-07-31,150409
8451,MARCOPOLO S.A.,2025Q3,2025-09-30,2025-10-30,152550
20788,MARFRIG GLOBAL FOODS S.A.,2011Q1,2011-03-31,2011-05-19,8352
20788,MARFRIG GLOBAL FOODS S.A.,2011Q2,2011-06-30,2011-08-15,11003
20788,MARFRIG GLOBAL FOODS S.A.,2011Q3,2011-09-30,2011-11-11,12638
20788,MARFRIG GLOBAL FOODS S.A.,2012Q1,2012-03-31,2012-11-27,22963
20788,MARFRIG GLOBAL FOODS S.A.,2012Q2,2012-06-30,2012-11-27,22964
20788,MARFRIG GLOBAL FOODS S.A.,2012Q3,2012-09-30,2012-11-27,22965
20788,MARFRIG GLOBAL FOODS S.A.,2013Q1,2013-03-31,2013-05-14,27294
20788,MARFRIG GLOBAL FOODS S.A.,2013Q2,2013-06-30,2013-11-13,32663
20788,MARFRIG GLOBAL FOODS S.A.,2013Q3,2013-09-30,2013-11-13,32660
20788,MARFRIG GLOBAL FOODS S.A.,2014Q1,2014-03-31,2014-05-12,37188
20788,MARFRIG GLOBAL FOODS S.A.,2014Q2,2014-06-30,2014-08-13,40394
20788,MARFRIG GLOBAL FOODS S.A.,2014Q3,2014-09-30,2014-12-22,43199
20788,MARFRIG GLOBAL FOODS S.A.,2015Q1,2015-03-31,2015-05-08,46641
20788,MARFRIG GLOBAL FOODS S.A.,2015Q2,2015-06-30,2015-08-12,49669
20788,MARFRIG GLOBAL FOODS S.A.,2015Q3,2015-09-30,2015-11-06,51348
20788,MARFRIG GLOBAL FOODS S.A.,2016Q1,2016-03-31,2016-05-12,56101
20788,MARFRIG GLOBAL FOODS S.A.,2016Q2,2016-06-30,2016-08-11,58750
20788,MARFRIG GLOBAL FOODS S.A.,2016Q3,2016-09-30,2016-11-10,60684
20788,MARFRIG GLOBAL FOODS S.A.,2017Q1,2017-03-31,2017-05-11,65289
20788,MARFRIG GLOBAL FOODS S.A.,2017Q2,2017-06-30,2017-08-14,68092
20788,MARFRIG GLOBAL FOODS S.A.,2017Q3,2017-09-30,2018-03-27,72768
20788,MARFRIG GLOBAL FOODS S.A.,2018Q1,2018-03-31,2018-05-14,74504
20788,MARFRIG GLOBAL FOODS S.A.,2018Q2,2018-06-30,2018-08-14,77367
20788,MARFRIG GLOBAL FOODS S.A.,2018Q3,2018-09-30,2018-11-05,78650
20788,MARFRIG GLOBAL FOODS S.A.,2019Q1,2019-03-31,2019-05-15,83739
20788,MARFRIG GLOBAL FOODS S.A.,2019Q2,2019-06-30,2019-08-22,86940
20788,MARFRIG GLOBAL FOODS S.A.,2019Q3,2019-09-30,2019-11-11,89247
20788,MARFRIG GLOBAL FOODS S.A.,2020Q1,2020-03-31,2020-05-18,93252
20788,MARFRIG GLOBAL FOODS S.A.,2020Q2,2020-06-30,2020-08-12,95948
20788,MARFRIG GLOBAL FOODS S.A.,2020Q3,2020-09-30,2020-11-11,98245
20788,MARFRIG GLOBAL FOODS S.A.,2021Q1,2021-03-31,2021-05-11,103777
20788,MARFRIG GLOBAL FOODS S.A.,2021Q2,2021-06-30,2021-08-11,107484
20788,MARFRIG GLOBAL FOODS S.A.,2021Q3,2021-09-30,2021-10-26,109217
20788,MARFRIG GLOBAL FOODS S.A.,2022Q1,2022-03-31,2022-05-03,114200
20788,MARFRIG GLOBAL FOODS S.A.,2022Q2,2022-06-30,2022-08-11,119650
20788,MARFRIG GLOBAL FOODS S.A.,2022Q3,2022-09-30,2022-11-10,121693
20788,MARFRIG GLOBAL FOODS S.A.,2023Q1,2023-03-31,2023-05-15,126742
20788,MARFRIG GLOBAL FOODS S.A.,2023Q2,2023-06-30,2023-08-14,130372
20788,MARFRIG GLOBAL FOODS S.A.,2023Q3,2023-09-30,2023-11-13,132395
20788,MARFRIG GLOBAL FOODS S.A.,2024Q1,2024-03-31,2024-05-15,137528
20788,MARFRIG GLOBAL FOODS S.A.,2024Q2,2024-06-30,2024-08-14,141165
20788,MARFRIG GLOBAL FOODS S.A.,2024Q3,2024-09-30,2024-11-13,143147
20788,MARFRIG GLOBAL FOODS S.A.,2025Q1,2025-03-31,2025-05-15,147886
20788,MARFRIG GLOBAL FOODS S.A.,2025Q2,2025-06-30,2025-08-14,151373
20788,MARFRIG GLOBAL FOODS S.A.,2025Q3,2025-09-30,2025-11-10,152867
22055,MARISA LOJAS S.A.,2011Q1,2011-03-31,2011-05-03,7061
22055,MARISA LOJAS S.A.,2011Q2,2011-06-30,2011-08-03,10495
22055,MARISA LOJAS S.A.,2011Q3,2011-09-30,2011-11-07,12390
22055,MARISA LOJAS S.A.,2012Q1,2012-03-31,2012-05-03,16747
22055,MARISA LOJAS S.A.,2012Q2,2012-06-30,2012-08-02,20065
22055,MARISA LOJAS S.A.,2012Q3,2012-09-30,2012-10-31,22024
22055,MARISA LOJAS S.A.,2013Q1,2013-03-31,2013-04-30,26423
22055,MARISA LOJAS S.A.,2013Q2,2013-06-30,2013-08-14,30567
22055,MARISA LOJAS S.A.,2013Q3,2013-09-30,2013-11-14,33043
22055,MARISA LOJAS S.A.,2014Q1,2014-03-31,2014-05-08,37063
22055,MARISA LOJAS S.A.,2014Q2,2014-06-30,2014-08-07,40218
22055,MARISA LOJAS S.A.,2014Q3,2014-09-30,2014-11-06,42124
22055,MARISA LOJAS S.A.,2015Q1,2015-03-31,2015-05-04,46363
22055,MARISA LOJAS S.A.,2015Q2,2015-06-30,2015-09-21,50635
22055,MARISA LOJAS S.A.,2015Q3,2015-09-30,2015-10-27,51131
22055,MARISA LOJAS S.A.,2016Q1,2016-03-31,2016-05-02,55443
22055,MARISA LOJAS S.A.,2016Q2,2016-06-30,2016-08-04,58494
22055,MARISA LOJAS S.A.,2016Q3,2016-09-30,2016-10-27,60214
22055,MARISA LOJAS S.A.,2017Q1,2017-03-31,2017-05-11,65275
22055,MARISA LOJAS S.A.,2017Q2,2017-06-30,2017-08-10,67798
22055,MARISA LOJAS S.A.,2017Q3,2017-09-30,2017-10-26,69277
22055,MARISA LOJAS S.A.,2018Q1,2018-03-31,2018-05-11,74348
22055,MARISA LOJAS S.A.,2018Q2,2018-06-30,2018-08-09,76877
22055,MARISA LOJAS S.A.,2018Q3,2018-09-30,2018-11-13,79168
22055,MARISA LOJAS S.A.,2019Q1,2019-03-31,2019-05-13,83319
22055,MARISA LOJAS S.A.,2019Q2,2019-06-30,2019-08-09,86231
22055,MARISA LOJAS S.A.,2019Q3,2019-09-30,2019-11-07,89148
22055,MARISA LOJAS S.A.,2020Q1,2020-03-31,2020-05-29,93546
22055,MARISA LOJAS S.A.,2020Q2,2020-06-30,2020-08-24,96450
22055,MARISA LOJAS S.A.,2020Q3,2020-09-30,2020-11-09,98134
22055,MARISA LOJAS S.A.,2021Q1,2021-03-31,2021-05-10,103683
22055,MARISA LOJAS S.A.,2021Q2,2021-06-30,2021-08-12,107676
22055,MARISA LOJAS S.A.,2021Q3,2021-09-30,2021-11-08,109520
22055,MARISA LOJAS S.A.,2022Q1,2022-03-31,2022-05-25,115726
22055,MARISA LOJAS S.A.,2022Q2,2022-06-30,2022-08-11,119593
22055,MARISA LOJAS S.A.,2022Q3,2022-09-30,2022-11-10,121753
22055,MARISA LOJAS S.A.,2023Q1,2023-03-31,2023-05-15,126850
22055,MARISA LOJAS S.A.,2023Q2,2023-06-30,2023-08-09,129931
22055,MARISA LOJAS S.A.,2023Q3,2023-09-30,2023-11-15,132679
22055,MARISA LOJAS S.A.,2024Q1,2024-03-31,2024-09-09,141649
22055,MARISA LOJAS S.A.,2024Q2,2024-06-30,2024-09-13,141728
22055,MARISA LOJAS S.A.,2024Q3,2024-09-30,2024-11-12,142984
22055,MARISA LOJAS S.A.,2025Q1,2025-03-31,2025-05-15,147889
22055,MARISA LOJAS S.A.,2025Q2,2025-06-30,2025-08-11,150868
22055,MARISA LOJAS S.A.,2025Q3,2025-09-30,2025-11-14,153360
17914,MASSA FALIDA DA MMX MINERACAO E METALICOS S.A.,2011Q1,2011-03-31,2011-05-10,7535
17914,MASSA FALIDA DA MMX MINERACAO E METALICOS S.A.,2011Q2,2011-06-30,2011-08-09,10651
17914,MASSA FALIDA DA MMX MINERACAO E METALICOS S.A.,2011Q3,2011-09-30,2011-11-18,13070
17914,MASSA FALIDA DA MMX MINERACAO E METALICOS S.A.,2012Q1,2012-03-31,2012-05-09,17139
17914,MASSA FALIDA DA MMX MINERACAO E METALICOS S.A.,2012Q2,2012-06-30,2012-08-13,20409
17914,MASSA FALIDA DA MMX MINERACAO E METALICOS S.A.,2012Q3,2012-09-30,2012-11-07,22193
17914,MASSA FALIDA DA MMX MINERACAO E METALICOS S.A.,2013Q1,2013-03-31,2013-04-29,26400
17914,MASSA FALIDA DA MMX MINERACAO E METALICOS S.A.,2013Q2,2013-06-30,2013-08-14,30865
17914,MASSA FALIDA DA MMX MINERACAO E METALICOS S.A.,2013Q3,2013-09-30,2013-12-02,33338
17914,MASSA FALIDA DA MMX MINERACAO E METALICOS S.A.,2014Q1,2014-03-31,2014-06-24,39474
17914,MASSA FALIDA DA MMX MINERACAO E METALICOS S.A.,2014Q2,2014-06-30,2014-10-31,41938
17914,MASSA FALIDA DA MMX MINERACAO E METALICOS S.A.,2014Q3,2014-09-30,2014-12-16,43113
17914,MASSA FALIDA DA MMX MINERACAO E METALICOS S.A.,2015Q1,2015-03-31,2015-05-15,47486
17914,MASSA FALIDA DA MMX MINERACAO E METALICOS S.A.,2015Q2,2015-06-30,2015-08-14,50199
17914,MASSA FALIDA DA MMX MINERACAO E METALICOS S.A.,2015Q3,2015-09-30,2015-11-13,51922
17914,MASSA FALIDA DA MMX MINERACAO E METALICOS S.A.,2016Q1,2016-03-31,2016-05-13,56456
17914,MASSA FALIDA DA MMX MINERACAO E METALICOS S.A.,2016Q2,2016-06-30,2016-08-29,59415
17914,MASSA FALIDA DA MMX MINERACAO E METALICOS S.A.,2016Q3,2016-09-30,2016-11-17,61120
17914,MASSA FALIDA DA MMX MINERACAO E METALICOS S.A.,2017Q1,2017-03-31,2017-05-15,65668
17914,MASSA FALIDA DA MMX MINERACAO E METALICOS S.A.,2017Q2,2017-06-30,2017-08-14,68056
17914,MASSA FALIDA DA MMX MINERACAO E METALICOS S.A.,2017Q3,2017-09-30,2017-11-14,70096
17914,MASSA FALIDA DA MMX MINERACAO E METALICOS S.A.,2018Q1,2018-03-31,2018-05-15,74787
17914,MASSA FALIDA DA MMX MINERACAO E METALICOS S.A.,2018Q2,2018-06-30,2018-08-14,77336
17914,MASSA FALIDA DA MMX MINERACAO E METALICOS S.A.,2018Q3,2018-09-30,2018-11-14,79346
17914,MASSA FALIDA DA MMX MINERACAO E METALICOS S.A.,2019Q1,2019-03-31,2019-05-15,83736
17914,MASSA FALIDA DA MMX MINERACAO E METALICOS S.A.,2019Q2,2019-06-30,2019-08-14,86662
17914,MASSA FALIDA DA MMX MINERACAO E METALICOS S.A.,2019Q3,2019-09-30,2019-11-14,89665
17914,MASSA FALIDA DA MMX MINERACAO E METALICOS S.A.,2020Q1,2020-03-31,2020-06-29,94442
17914,MASSA FALIDA DA MMX MINERACAO E METALICOS S.A.,2020Q2,2020-06-30,2020-08-28,96660
17914,MASSA FALIDA DA MMX MINERACAO E METALICOS S.A.,2020Q3,2020-09-30,2020-11-13,98553
17914,MASSA FALIDA DA MMX MINERACAO E METALICOS S.A.,2021Q1,2021-03-31,2021-05-17,104531
8656,METALURGICA GERDAU S.A.,2011Q1,2011-03-31,2011-05-12,7664
8656,METALURGICA GERDAU S.A.,2011Q2,2011-06-30,2011-08-04,10517
8656,METALURGICA GERDAU S.A.,2011Q3,2011-09-30,2011-11-10,12559
8656,METALURGICA GERDAU S.A.,2012Q1,2012-03-31,2012-05-03,16717
8656,METALURGICA GERDAU S.A.,2012Q2,2012-06-30,2012-08-02,20045
8656,METALURGICA GERDAU S.A.,2012Q3,2012-09-30,2012-11-01,22054
8656,METALURGICA GERDAU S.A.,2013Q1,2013-03-31,2013-05-07,26776
8656,METALURGICA GERDAU S.A.,2013Q2,2013-06-30,2013-08-01,30120
8656,METALURGICA GERDAU S.A.,2013Q3,2013-09-30,2013-10-31,32186
8656,METALURGICA GERDAU S.A.,2014Q1,2014-03-31,2014-05-13,37445
8656,METALURGICA GERDAU S.A.,2014Q2,2014-06-30,2014-07-30,39986
8656,METALURGICA GERDAU S.A.,2014Q3,2014-09-30,2014-11-12,42267
8656,METALURGICA GERDAU S.A.,2015Q1,2015-03-31,2015-05-06,46441
8656,METALURGICA GERDAU S.A.,2015Q2,2015-06-30,2015-08-12,49728
8656,METALURGICA GERDAU S.A.,2015Q3,2015-09-30,2015-10-29,51172
8656,METALURGICA GERDAU S.A.,2016Q1,2016-03-31,2016-05-04,55518
8656,METALURGICA GERDAU S.A.,2016Q2,2016-06-30,2016-08-10,58641
8656,METALURGICA GERDAU S.A.,2016Q3,2016-09-30,2016-11-09,60485
8656,METALURGICA GERDAU S.A.,2017Q1,2017-03-31,2017-05-04,64659
8656,METALURGICA GERDAU S.A.,2017Q2,2017-06-30,2017-08-09,67627
8656,METALURGICA GERDAU S.A.,2017Q3,2017-09-30,2017-11-08,69545
8656,METALURGICA GERDAU S.A.,2018Q1,2018-03-31,2018-05-09,74002
8656,METALURGICA GERDAU S.A.,2018Q2,2018-06-30,2018-08-08,76770
8656,METALURGICA GERDAU S.A.,2018Q3,2018-09-30,2018-11-07,78740
8656,METALURGICA GERDAU S.A.,2019Q1,2019-03-31,2019-05-08,82943
8656,METALURGICA GERDAU S.A.,2019Q2,2019-06-30,2019-08-07,86104
8656,METALURGICA GERDAU S.A.,2019Q3,2019-09-30,2019-10-30,88886
8656,METALURGICA GERDAU S.A.,2020Q1,2020-03-31,2020-05-06,92718
8656,METALURGICA GERDAU S.A.,2020Q2,2020-06-30,2020-08-05,95663
8656,METALURGICA GERDAU S.A.,2020Q3,2020-09-30,2020-10-28,97902
8656,METALURGICA GERDAU S.A.,2021Q1,2021-03-31,2021-05-05,103384
8656,METALURGICA GERDAU S.A.,2021Q2,2021-06-30,2021-08-04,107244
8656,METALURGICA GERDAU S.A.,2021Q3,2021-09-30,2021-10-27,109236
8656,METALURGICA GERDAU S.A.,2022Q1,2022-03-31,2022-05-05,114305
8656,METALURGICA GERDAU S.A.,2022Q2,2022-06-30,2022-08-03,119176
8656,METALURGICA GERDAU S.A.,2022Q3,2022-09-30,2022-11-09,121503
8656,METALURGICA GERDAU S.A.,2023Q1,2023-03-31,2023-05-03,125643
8656,METALURGICA GERDAU S.A.,2023Q2,2023-06-30,2023-08-08,129834
8656,METALURGICA GERDAU S.A.,2023Q3,2023-09-30,2023-11-06,131807
8656,METALURGICA GERDAU S.A.,2024Q1,2024-03-31,2024-07-12,139606
8656,METALURGICA GERDAU S.A.,2024Q2,2024-06-30,2024-07-31,140243
8656,METALURGICA GERDAU S.A.,2024Q3,2024-09-30,2024-11-05,142556
8656,METALURGICA GERDAU S.A.,2025Q1,2025-03-31,2025-04-28,146588
8656,METALURGICA GERDAU S.A.,2025Q2,2025-06-30,2025-07-31,150441
8656,METALURGICA GERDAU S.A.,2025Q3,2025-09-30,2025-10-30,152553
22012,"MILLS LOCAÇÃO, SERVIÇOS E LOGÍSTICA S.A.",2011Q1,2011-03-31,2011-05-13,7729
22012,"MILLS LOCAÇÃO, SERVIÇOS E LOGÍSTICA S.A.",2011Q2,2011-06-30,2011-08-08,10588
22012,"MILLS LOCAÇÃO, SERVIÇOS E LOGÍSTICA S.A.",2011Q3,2011-09-30,2011-11-09,12488
22012,"MILLS LOCAÇÃO, SERVIÇOS E LOGÍSTICA S.A.",2012Q1,2012-03-31,2012-05-10,17266
22012,"MILLS LOCAÇÃO, SERVIÇOS E LOGÍSTICA S.A.",2012Q2,2012-06-30,2012-08-08,20197
22012,"MILLS LOCAÇÃO, SERVIÇOS E LOGÍSTICA S.A.",2012Q3,2012-09-30,2012-11-08,22229
22012,"MILLS LOCAÇÃO, SERVIÇOS E LOGÍSTICA S.A.",2013Q1,2013-03-31,2013-05-08,26889
22012,"MILLS LOCAÇÃO, SERVIÇOS E LOGÍSTICA S.A.",2013Q2,2013-06-30,2013-08-06,30241
22012,"MILLS LOCAÇÃO, SERVIÇOS E LOGÍSTICA S.A.",2013Q3,2013-09-30,2013-11-06,32380
22012,"MILLS LOCAÇÃO, SERVIÇOS E LOGÍSTICA S.A.",2014Q1,2014-03-31,2014-05-06,36786
22012,"MILLS LOCAÇÃO, SERVIÇOS E LOGÍSTICA S.A.",2014Q2,2014-06-30,2014-08-06,40159
22012,"MILLS LOCAÇÃO, SERVIÇOS E LOGÍSTICA S.A.",2014Q3,2014-09-30,2014-11-05,42068
22012,"MILLS LOCAÇÃO, SERVIÇOS E LOGÍSTICA S.A.",2015Q1,2015-03-31,2015-05-06,46517
22012,"MILLS LOCAÇÃO, SERVIÇOS E LOGÍSTICA S.A.",2015Q2,2015-06-30,2015-08-05,49478
22012,"MILLS LOCAÇÃO, SERVIÇOS E LOGÍSTICA S.A.",2015Q3,2015-09-30,2015-11-05,51317
22012,"MILLS LOCAÇÃO, SERVIÇOS E LOGÍSTICA S.A.",2016Q1,2016-03-31,2016-05-05,55630
22012,"MILLS LOCAÇÃO, SERVIÇOS E LOGÍSTICA S.A.",2016Q2,2016-06-30,2016-08-03,58442
22012,"MILLS LOCAÇÃO, SERVIÇOS E LOGÍSTICA S.A.",2016Q3,2016-09-30,2016-11-07,60420
22012,"MILLS LOCAÇÃO, SERVIÇOS E LOGÍSTICA S.A.",2017Q1,2017-03-31,2017-05-10,65099
22012,"MILLS LOCAÇÃO, SERVIÇOS E LOGÍSTICA S.A.",2017Q2,2017-06-30,2017-08-08,67612
22012,"MILLS LOCAÇÃO, SERVIÇOS E LOGÍSTICA S.A.",2017Q3,2017-09-30,2017-11-08,69589
22012,"MILLS LOCAÇÃO, SERVIÇOS E LOGÍSTICA S.A.",2018Q1,2018-03-31,2018-05-09,74082
22012,"MILLS LOCAÇÃO, SERVIÇOS E LOGÍSTICA S.A.",2018Q2,2018-06-30,2018-08-08,76804
22012,"MILLS LOCAÇÃO, SERVIÇOS E LOGÍSTICA S.A.",2018Q3,2018-09-30,2018-11-07,78751
22012,"MILLS LOCAÇÃO, SERVIÇOS E LOGÍSTICA S.A.",2019Q1,2019-03-31,2019-05-09,83063
22012,"MILLS LOCAÇÃO, SERVIÇOS E LOGÍSTICA S.A.",2019Q2,2019-06-30,2019-08-14,86506
22012,"MILLS LOCAÇÃO, SERVIÇOS E LOGÍSTICA S.A.",2019Q3,2019-09-30,2019-11-13,89456
22012,"MILLS LOCAÇÃO, SERVIÇOS E LOGÍSTICA S.A.",2020Q1,2020-03-31,2020-05-14,93119
22012,"MILLS LOCAÇÃO, SERVIÇOS E LOGÍSTICA S.A.",2020Q2,2020-06-30,2020-08-13,96027
22012,"MILLS LOCAÇÃO, SERVIÇOS E LOGÍSTICA S.A.",2020Q3,2020-09-30,2020-11-12,98350
22012,"MILLS LOCAÇÃO, SERVIÇOS E LOGÍSTICA S.A.",2021Q1,2021-03-31,2021-05-13,104087
22012,"MILLS LOCAÇÃO, SERVIÇOS E LOGÍSTICA S.A.",2021Q2,2021-06-30,2021-08-12,107715
22012,"MILLS LOCAÇÃO, SERVIÇOS E LOGÍSTICA S.A.",2021Q3,2021-09-30,2021-11-11,109859
22012,"MILLS LOCAÇÃO, SERVIÇOS E LOGÍSTICA S.A.",2022Q1,2022-03-31,2022-05-11,114835
22012,"MILLS LOCAÇÃO, SERVIÇOS E LOGÍSTICA S.A.",2022Q2,2022-06-30,2022-08-15,120023
22012,"MILLS LOCAÇÃO, SERVIÇOS E LOGÍSTICA S.A.",2022Q3,2022-09-30,2022-11-10,121806
22012,"MILLS LOCAÇÃO, SERVIÇOS E LOGÍSTICA S.A.",2023Q1,2023-03-31,2023-05-15,126726
22012,"MILLS LOCAÇÃO, SERVIÇOS E LOGÍSTICA S.A.",2023Q2,2023-06-30,2023-08-10,129991
22012,"MILLS LOCAÇÃO, SERVIÇOS E LOGÍSTICA S.A.",2023Q3,2023-09-30,2023-11-13,132299
22012,"MILLS LOCAÇÃO, SERVIÇOS E LOGÍSTICA S.A.",2024Q1,2024-03-31,2024-05-08,136699
22012,"MILLS LOCAÇÃO, SERVIÇOS E LOGÍSTICA S.A.",2024Q2,2024-06-30,2024-08-13,140949
22012,"MILLS LOCAÇÃO, SERVIÇOS E LOGÍSTICA S.A.",2024Q3,2024-09-30,2024-11-06,142625
22012,"MILLS LOCAÇÃO, SERVIÇOS E LOGÍSTICA S.A.",2025Q1,2025-03-31,2025-05-07,147009
22012,"MILLS LOCAÇÃO, SERVIÇOS E LOGÍSTICA S.A.",2025Q2,2025-06-30,2025-08-12,150946
22012,"MILLS LOCAÇÃO, SERVIÇOS E LOGÍSTICA S.A.",2025Q3,2025-09-30,2025-11-11,152978
20931,MINERVA S.A.,2011Q1,2011-03-31,2011-07-12,10114
20931,MINERVA S.A.,2011Q2,2011-06-30,2011-08-14,11000
20931,MINERVA S.A.,2011Q3,2011-09-30,2011-11-03,12334
20931,MINERVA S.A.,2012Q1,2012-03-31,2013-03-20,25101
20931,MINERVA S.A.,2012Q2,2012-06-30,2013-03-20,25102
20931,MINERVA S.A.,2012Q3,2012-09-30,2013-03-20,25104
20931,MINERVA S.A.,2013Q1,2013-03-31,2013-05-09,27035
20931,MINERVA S.A.,2013Q2,2013-06-30,2013-08-14,30701
20931,MINERVA S.A.,2013Q3,2013-09-30,2013-11-13,32740
20931,MINERVA S.A.,2014Q1,2014-03-31,2014-05-07,36909
20931,MINERVA S.A.,2014Q2,2014-06-30,2014-07-31,40020
20931,MINERVA S.A.,2014Q3,2014-09-30,2014-11-07,42126
20931,MINERVA S.A.,2015Q1,2015-03-31,2015-04-29,46232
20931,MINERVA S.A.,2015Q2,2015-06-30,2015-08-04,49441
20931,MINERVA S.A.,2015Q3,2015-09-30,2015-11-10,51458
20931,MINERVA S.A.,2016Q1,2016-03-31,2016-05-11,56066
20931,MINERVA S.A.,2016Q2,2016-06-30,2016-08-02,58411
20931,MINERVA S.A.,2016Q3,2016-09-30,2016-11-08,60466
20931,MINERVA S.A.,2017Q1,2017-03-31,2017-06-12,66796
20931,MINERVA S.A.,2017Q2,2017-06-30,2017-08-14,68116
20931,MINERVA S.A.,2017Q3,2017-09-30,2017-11-09,69644
20931,MINERVA S.A.,2018Q1,2018-03-31,2018-05-11,74333
20931,MINERVA S.A.,2018Q2,2018-06-30,2018-08-10,76963
20931,MINERVA S.A.,2018Q3,2018-09-30,2018-11-06,78702
20931,MINERVA S.A.,2019Q1,2019-03-31,2019-05-14,83472
20931,MINERVA S.A.,2019Q2,2019-06-30,2019-07-25,85603
20931,MINERVA S.A.,2019Q3,2019-09-30,2019-11-12,89336
20931,MINERVA S.A.,2020Q1,2020-03-31,2020-04-28,92566
20931,MINERVA S.A.,2020Q2,2020-06-30,2020-07-28,95058
20931,MINERVA S.A.,2020Q3,2020-09-30,2020-11-03,98002
20931,MINERVA S.A.,2021Q1,2021-03-31,2021-05-04,103372
20931,MINERVA S.A.,2021Q2,2021-06-30,2021-08-09,107400
20931,MINERVA S.A.,2021Q3,2021-09-30,2021-11-04,109428
20931,MINERVA S.A.,2022Q1,2022-03-31,2022-05-11,114794
20931,MINERVA S.A.,2022Q2,2022-06-30,2022-08-10,119418
20931,MINERVA S.A.,2022Q3,2022-09-30,2022-11-09,121525
20931,MINERVA S.A.,2023Q1,2023-03-31,2023-05-09,126023
20931,MINERVA S.A.,2023Q2,2023-06-30,2023-08-09,129888
20931,MINERVA S.A.,2023Q3,2023-09-30,2023-11-08,131908
20931,MINERVA S.A.,2024Q1,2024-03-31,2024-05-08,136717
20931,MINERVA S.A.,2024Q2,2024-06-30,2024-08-07,140499
20931,MINERVA S.A.,2024Q3,2024-09-30,2024-11-06,142610
20931,MINERVA S.A.,2025Q1,2025-03-31,2025-05-07,146972
20931,MINERVA S.A.,2025Q2,2025-06-30,2025-08-06,150666
20931,MINERVA S.A.,2025Q3,2025-09-30,2025-11-05,152682
18821,MOTIVA INFRAESTRUTURA DE MOBILIDADE S.A.,2021Q1,2021-03-31,2021-05-13,104069
18821,MOTIVA INFRAESTRUTURA DE MOBILIDADE S.A.,2021Q2,2021-06-30,2021-08-12,107684
18821,MOTIVA INFRAESTRUTURA DE MOBILIDADE S.A.,2021Q3,2021-09-30,2021-11-19,110350
18821,MOTIVA INFRAESTRUTURA DE MOBILIDADE S.A.,2022Q1,2022-03-31,2022-05-12,114955
18821,MOTIVA INFRAESTRUTURA DE MOBILIDADE S.A.,2022Q2,2022-06-30,2022-08-11,119602
18821,MOTIVA INFRAESTRUTURA DE MOBILIDADE S.A.,2022Q3,2022-09-30,2022-11-10,121718
18821,MOTIVA INFRAESTRUTURA DE MOBILIDADE S.A.,2023Q1,2023-03-31,2023-05-04,125745
18821,MOTIVA INFRAESTRUTURA DE MOBILIDADE S.A.,2023Q2,2023-06-30,2023-08-03,129715
18821,MOTIVA INFRAESTRUTURA DE MOBILIDADE S.A.,2023Q3,2023-09-30,2023-10-31,131711
18821,MOTIVA INFRAESTRUTURA DE MOBILIDADE S.A.,2024Q1,2024-03-31,2024-05-06,136390
18821,MOTIVA INFRAESTRUTURA DE MOBILIDADE S.A.,2024Q2,2024-06-30,2024-07-29,139988
18821,MOTIVA INFRAESTRUTURA DE MOBILIDADE S.A.,2024Q3,2024-09-30,2024-10-31,142469
18821,MOTIVA INFRAESTRUTURA DE MOBILIDADE S.A.,2025Q1,2025-03-31,2025-05-05,146790
18821,MOTIVA INFRAESTRUTURA DE MOBILIDADE S.A.,2025Q2,2025-06-30,2025-07-29,150225
18821,MOTIVA INFRAESTRUTURA DE MOBILIDADE S.A.,2025Q3,2025-09-30,2025-10-29,152529
23825,MOVIDA PARTICIPACOES SA,2015Q1,2015-03-31,2016-02-01,53149
23825,MOVIDA PARTICIPACOES SA,2015Q2,2015-06-30,2016-02-01,53150
23825,MOVIDA PARTICIPACOES SA,2015Q3,2015-09-30,2016-02-01,53151
23825,MOVIDA PARTICIPACOES SA,2016Q1,2016-03-31,2016-05-13,56525
23825,MOVIDA PARTICIPACOES SA,2016Q2,2016-06-30,2017-03-28,63663
23825,MOVIDA PARTICIPACOES SA,2016Q3,2016-09-30,2017-01-11,61941
23825,MOVIDA PARTICIPACOES SA,2017Q1,2017-03-31,2017-04-28,64498
23825,MOVIDA PARTICIPACOES SA,2017Q2,2017-06-30,2017-08-08,67617
23825,MOVIDA PARTICIPACOES SA,2017Q3,2017-09-30,2017-11-08,69594
23825,MOVIDA PARTICIPACOES SA,2018Q1,2018-03-31,2018-05-28,75143
23825,MOVIDA PARTICIPACOES SA,2018Q2,2018-06-30,2018-08-08,76826
23825,MOVIDA PARTICIPACOES SA,2018Q3,2018-09-30,2019-01-16,80173
23825,MOVIDA PARTICIPACOES SA,2019Q1,2019-03-31,2019-04-30,82513
23825,MOVIDA PARTICIPACOES SA,2019Q2,2019-06-30,2019-08-28,87050
23825,MOVIDA PARTICIPACOES SA,2019Q3,2019-09-30,2019-11-18,89713
23825,MOVIDA PARTICIPACOES SA,2020Q1,2020-03-31,2020-05-25,93401
23825,MOVIDA PARTICIPACOES SA,2020Q2,2020-06-30,2020-08-12,95968
23825,MOVIDA PARTICIPACOES SA,2020Q3,2020-09-30,2020-11-10,98206
23825,MOVIDA PARTICIPACOES SA,2021Q1,2021-03-31,2021-05-03,103326
23825,MOVIDA PARTICIPACOES SA,2021Q2,2021-06-30,2021-07-30,107002
23825,MOVIDA PARTICIPACOES SA,2021Q3,2021-09-30,2021-10-28,109300
23825,MOVIDA PARTICIPACOES SA,2022Q1,2022-03-31,2022-05-05,114401
23825,MOVIDA PARTICIPACOES SA,2022Q2,2022-06-30,2022-08-01,119145
23825,MOVIDA PARTICIPACOES SA,2022Q3,2022-09-30,2022-11-07,121414
23825,MOVIDA PARTICIPACOES SA,2023Q1,2023-03-31,2023-04-25,125436
23825,MOVIDA PARTICIPACOES SA,2023Q2,2023-06-30,2023-08-08,129840
23825,MOVIDA PARTICIPACOES SA,2023Q3,2023-09-30,2023-11-07,131868
23825,MOVIDA PARTICIPACOES SA,2024Q1,2024-03-31,2024-05-08,136767
23825,MOVIDA PARTICIPACOES SA,2024Q2,2024-06-30,2024-08-06,140435
23825,MOVIDA PARTICIPACOES SA,2024Q3,2024-09-30,2024-11-07,142751
23825,MOVIDA PARTICIPACOES SA,2025Q1,2025-03-31,2025-05-07,146984
23825,MOVIDA PARTICIPACOES SA,2025Q2,2025-06-30,2025-08-07,150740
23825,MOVIDA PARTICIPACOES SA,2025Q3,2025-09-30,2025-11-10,152859
20915,MRV ENGENHARIA E PARTICIPACOES S.A.,2011Q1,2011-03-31,2011-05-16,8117
20915,MRV ENGENHARIA E PARTICIPACOES S.A.,2011Q2,2011-06-30,2011-08-10,10661
20915,MRV ENGENHARIA E PARTICIPACOES S.A.,2011Q3,2011-09-30,2011-11-16,13025
20915,MRV ENGENHARIA E PARTICIPACOES S.A.,2012Q1,2012-03-31,2012-05-14,17551
20915,MRV ENGENHARIA E PARTICIPACOES S.A.,2012Q2,2012-06-30,2012-08-13,20397
20915,MRV ENGENHARIA E PARTICIPACOES S.A.,2012Q3,2012-09-30,2012-11-08,22247
20915,MRV ENGENHARIA E PARTICIPACOES S.A.,2013Q1,2013-03-31,2013-05-24,28250
20915,MRV ENGENHARIA E PARTICIPACOES S.A.,2013Q2,2013-06-30,2013-08-16,30996
20915,MRV ENGENHARIA E PARTICIPACOES S.A.,2013Q3,2013-09-30,2013-11-11,32557
20915,MRV ENGENHARIA E PARTICIPACOES S.A.,2014Q1,2014-03-31,2014-05-14,37637
20915,MRV ENGENHARIA E PARTICIPACOES S.A.,2014Q2,2014-06-30,2014-08-25,41007
20915,MRV ENGENHARIA E PARTICIPACOES S.A.,2014Q3,2014-09-30,2014-11-12,42321
20915,MRV ENGENHARIA E PARTICIPACOES S.A.,2015Q1,2015-03-31,2015-05-12,47006
20915,MRV ENGENHARIA E PARTICIPACOES S.A.,2015Q2,2015-06-30,2015-08-14,50197
20915,MRV ENGENHARIA E PARTICIPACOES S.A.,2015Q3,2015-09-30,2015-11-12,51638
20915,MRV ENGENHARIA E PARTICIPACOES S.A.,2016Q1,2016-03-31,2016-05-12,56233
20915,MRV ENGENHARIA E PARTICIPACOES S.A.,2016Q2,2016-06-30,2016-08-11,58842
20915,MRV ENGENHARIA E PARTICIPACOES S.A.,2016Q3,2016-09-30,2016-11-09,60573
20915,MRV ENGENHARIA E PARTICIPACOES S.A.,2017Q1,2017-03-31,2017-05-11,65244
20915,MRV ENGENHARIA E PARTICIPACOES S.A.,2017Q2,2017-06-30,2017-08-09,67666
20915,MRV ENGENHARIA E PARTICIPACOES S.A.,2017Q3,2017-09-30,2017-11-07,69527
20915,MRV ENGENHARIA E PARTICIPACOES S.A.,2018Q1,2018-03-31,2018-05-07,73865
20915,MRV ENGENHARIA E PARTICIPACOES S.A.,2018Q2,2018-06-30,2018-08-09,76873
20915,MRV ENGENHARIA E PARTICIPACOES S.A.,2018Q3,2018-09-30,2018-11-07,78746
20915,MRV ENGENHARIA E PARTICIPACOES S.A.,2019Q1,2019-03-31,2019-05-08,82910
20915,MRV ENGENHARIA E PARTICIPACOES S.A.,2019Q2,2019-06-30,2019-08-08,86181
20915,MRV ENGENHARIA E PARTICIPACOES S.A.,2019Q3,2019-09-30,2019-11-12,89307
20915,MRV ENGENHARIA E PARTICIPACOES S.A.,2020Q1,2020-03-31,2020-05-28,93512
20915,MRV ENGENHARIA E PARTICIPACOES S.A.,2020Q2,2020-06-30,2020-08-14,96171
20915,MRV ENGENHARIA E PARTICIPACOES S.A.,2020Q3,2020-09-30,2020-11-11,98254
20915,MRV ENGENHARIA E PARTICIPACOES S.A.,2021Q1,2021-03-31,2021-05-12,103948
20915,MRV ENGENHARIA E PARTICIPACOES S.A.,2021Q2,2021-06-30,2021-08-11,107536
20915,MRV ENGENHARIA E PARTICIPACOES S.A.,2021Q3,2021-09-30,2021-11-10,109622
20915,MRV ENGENHARIA E PARTICIPACOES S.A.,2022Q1,2022-03-31,2023-07-06,128799
20915,MRV ENGENHARIA E PARTICIPACOES S.A.,2022Q2,2022-06-30,2023-08-08,129800
20915,MRV ENGENHARIA E PARTICIPACOES S.A.,2022Q3,2022-09-30,2023-11-06,131788
20915,MRV ENGENHARIA E PARTICIPACOES S.A.,2023Q1,2023-03-31,2023-07-06,128800
20915,MRV ENGENHARIA E PARTICIPACOES S.A.,2023Q2,2023-06-30,2023-08-09,129916
20915,MRV ENGENHARIA E PARTICIPACOES S.A.,2023Q3,2023-09-30,2023-11-08,131902
20915,MRV ENGENHARIA E PARTICIPACOES S.A.,2024Q1,2024-03-31,2024-05-09,136811
20915,MRV ENGENHARIA E PARTICIPACOES S.A.,2024Q2,2024-06-30,2024-08-12,140814
20915,MRV ENGENHARIA E PARTICIPACOES S.A.,2024Q3,2024-09-30,2024-11-13,143069
20915,MRV ENGENHARIA E PARTICIPACOES S.A.,2025Q1,2025-03-31,2025-05-08,147113
20915,MRV ENGENHARIA E PARTICIPACOES S.A.,2025Q2,2025-06-30,2025-08-12,150928
20915,MRV ENGENHARIA E PARTICIPACOES S.A.,2025Q3,2025-09-30,2025-11-12,153084
20982,MULTIPLAN - EMPREEND IMOBILIARIOS S.A.,2011Q1,2011-03-31,2011-05-09,7420
20982,MULTIPLAN - EMPREEND IMOBILIARIOS S.A.,2011Q2,2011-06-30,2011-08-10,10716
20982,MULTIPLAN - EMPREEND IMOBILIARIOS S.A.,2011Q3,2011-09-30,2011-11-09,12485
20982,MULTIPLAN - EMPREEND IMOBILIARIOS S.A.,2012Q1,2012-03-31,2013-05-06,26718
20982,MULTIPLAN - EMPREEND IMOBILIARIOS S.A.,2012Q2,2012-06-30,2013-07-26,30040
20982,MULTIPLAN - EMPREEND IMOBILIARIOS S.A.,2012Q3,2012-09-30,2013-10-29,32126
20982,MULTIPLAN - EMPREEND IMOBILIARIOS S.A.,2013Q1,2013-03-31,2013-05-06,26719
20982,MULTIPLAN - EMPREEND IMOBILIARIOS S.A.,2013Q2,2013-06-30,2013-07-26,30041
20982,MULTIPLAN - EMPREEND IMOBILIARIOS S.A.,2013Q3,2013-09-30,2013-10-29,32127
20982,MULTIPLAN - EMPREEND IMOBILIARIOS S.A.,2014Q1,2014-03-31,2014-05-06,36768
20982,MULTIPLAN - EMPREEND IMOBILIARIOS S.A.,2014Q2,2014-06-30,2014-07-28,39932
20982,MULTIPLAN - EMPREEND IMOBILIARIOS S.A.,2014Q3,2014-09-30,2014-10-30,41889
20982,MULTIPLAN - EMPREEND IMOBILIARIOS S.A.,2015Q1,2015-03-31,2015-04-29,46231
20982,MULTIPLAN - EMPREEND IMOBILIARIOS S.A.,2015Q2,2015-06-30,2015-07-30,49348
20982,MULTIPLAN - EMPREEND IMOBILIARIOS S.A.,2015Q3,2015-09-30,2015-10-28,51158
20982,MULTIPLAN - EMPREEND IMOBILIARIOS S.A.,2016Q1,2016-03-31,2016-04-27,55317
20982,MULTIPLAN - EMPREEND IMOBILIARIOS S.A.,2016Q2,2016-06-30,2016-07-28,58331
20982,MULTIPLAN - EMPREEND IMOBILIARIOS S.A.,2016Q3,2016-09-30,2016-10-31,60280
20982,MULTIPLAN - EMPREEND IMOBILIARIOS S.A.,2017Q1,2017-03-31,2017-04-26,64443
20982,MULTIPLAN - EMPREEND IMOBILIARIOS S.A.,2017Q2,2017-06-30,2017-07-27,67362
20982,MULTIPLAN - EMPREEND IMOBILIARIOS S.A.,2017Q3,2017-09-30,2017-10-30,69349
20982,MULTIPLAN - EMPREEND IMOBILIARIOS S.A.,2018Q1,2018-03-31,2018-04-25,73492
20982,MULTIPLAN - EMPREEND IMOBILIARIOS S.A.,2018Q2,2018-06-30,2018-07-26,76506
20982,MULTIPLAN - EMPREEND IMOBILIARIOS S.A.,2018Q3,2018-09-30,2018-10-29,78348
20982,MULTIPLAN - EMPREEND IMOBILIARIOS S.A.,2019Q1,2019-03-31,2019-04-29,82482
20982,MULTIPLAN - EMPREEND IMOBILIARIOS S.A.,2019Q2,2019-06-30,2019-07-29,85673
20982,MULTIPLAN - EMPREEND IMOBILIARIOS S.A.,2019Q3,2019-09-30,2019-10-29,88868
20982,MULTIPLAN - EMPREEND IMOBILIARIOS S.A.,2020Q1,2020-03-31,2020-04-29,92602
20982,MULTIPLAN - EMPREEND IMOBILIARIOS S.A.,2020Q2,2020-06-30,2020-08-06,95739
20982,MULTIPLAN - EMPREEND IMOBILIARIOS S.A.,2020Q3,2020-09-30,2020-10-28,97922
20982,MULTIPLAN - EMPREEND IMOBILIARIOS S.A.,2021Q1,2021-03-31,2021-04-28,103135
20982,MULTIPLAN - EMPREEND IMOBILIARIOS S.A.,2021Q2,2021-06-30,2021-07-28,106755
20982,MULTIPLAN - EMPREEND IMOBILIARIOS S.A.,2021Q3,2021-09-30,2021-10-27,109247
20982,MULTIPLAN - EMPREEND IMOBILIARIOS S.A.,2022Q1,2022-03-31,2022-05-04,114244
20982,MULTIPLAN - EMPREEND IMOBILIARIOS S.A.,2022Q2,2022-06-30,2022-07-28,118784
20982,MULTIPLAN - EMPREEND IMOBILIARIOS S.A.,2022Q3,2022-09-30,2022-11-03,121309
20982,MULTIPLAN - EMPREEND IMOBILIARIOS S.A.,2023Q1,2023-03-31,2024-02-09,133965
20982,MULTIPLAN - EMPREEND IMOBILIARIOS S.A.,2023Q2,2023-06-30,2023-07-27,129264
20982,MULTIPLAN - EMPREEND IMOBILIARIOS S.A.,2023Q3,2023-09-30,2023-10-27,131647
20982,MULTIPLAN - EMPREEND IMOBILIARIOS S.A.,2024Q1,2024-03-31,2024-04-25,135948
20982,MULTIPLAN - EMPREEND IMOBILIARIOS S.A.,2024Q2,2024-06-30,2024-07-25,139899
20982,MULTIPLAN - EMPREEND IMOBILIARIOS S.A.,2024Q3,2024-09-30,2024-10-24,142327
20982,MULTIPLAN - EMPREEND IMOBILIARIOS S.A.,2025Q1,2025-03-31,2025-04-25,146508
20982,MULTIPLAN - EMPREEND IMOBILIARIOS S.A.,2025Q2,2025-06-30,2025-07-24,150116
20982,MULTIPLAN - EMPREEND IMOBILIARIOS S.A.,2025Q3,2025-09-30,2025-10-30,152552
21946,MULTIPLUS S.A.,2011Q1,2011-03-31,2011-05-03,7058
21946,MULTIPLUS S.A.,2011Q2,2011-06-30,2011-08-04,10524
21946,MULTIPLUS S.A.,2011Q3,2011-09-30,2011-11-03,12321
21946,MULTIPLUS S.A.,2012Q1,2012-03-31,2012-05-02,16642
21946,MULTIPLUS S.A.,2012Q2,2012-06-30,2012-08-09,20252
21946,MULTIPLUS S.A.,2012Q3,2012-09-30,2012-11-07,22181
21946,MULTIPLUS S.A.,2013Q1,2013-03-31,2013-05-10,27073
21946,MULTIPLUS S.A.,2013Q2,2013-06-30,2013-08-08,30314
21946,MULTIPLUS S.A.,2013Q3,2013-09-30,2013-11-07,32427
21946,MULTIPLUS S.A.,2014Q1,2014-03-31,2014-05-12,37189
21946,MULTIPLUS S.A.,2014Q2,2014-06-30,2014-08-05,40139
21946,MULTIPLUS S.A.,2014Q3,2014-09-30,2014-11-05,42055
21946,MULTIPLUS S.A.,2015Q1,2015-03-31,2015-05-04,46365
21946,MULTIPLUS S.A.,2015Q2,2015-06-30,2015-08-03,49410
21946,MULTIPLUS S.A.,2015Q3,2015-09-30,2016-10-28,60238
21946,MULTIPLUS S.A.,2016Q1,2016-03-31,2016-05-05,55648
21946,MULTIPLUS S.A.,2016Q2,2016-06-30,2016-08-18,59281
21946,MULTIPLUS S.A.,2016Q3,2016-09-30,2017-05-23,65950
21946,MULTIPLUS S.A.,2017Q1,2017-03-31,2017-05-02,64594
21946,MULTIPLUS S.A.,2017Q2,2017-06-30,2017-08-04,67514
21946,MULTIPLUS S.A.,2017Q3,2017-09-30,2017-11-07,69531
21946,MULTIPLUS S.A.,2018Q1,2018-03-31,2018-05-08,73963
21946,MULTIPLUS S.A.,2018Q2,2018-06-30,2018-08-06,76706
21946,MULTIPLUS S.A.,2018Q3,2018-09-30,2018-11-07,78750
25232,MÉLIUZ S.A.,2020Q1,2020-03-31,2020-10-08,96795
25232,MÉLIUZ S.A.,2020Q2,2020-06-30,2020-10-08,96796
25232,MÉLIUZ S.A.,2020Q3,2020-09-30,2020-11-16,98612
25232,MÉLIUZ S.A.,2021Q1,2021-03-31,2021-05-17,104391
25232,MÉLIUZ S.A.,2021Q2,2021-06-30,2021-08-16,107957
25232,MÉLIUZ S.A.,2021Q3,2021-09-30,2021-12-07,110627
25232,MÉLIUZ S.A.,2022Q1,2022-03-31,2022-05-27,115883
25232,MÉLIUZ S.A.,2022Q2,2022-06-30,2022-08-15,119965
25232,MÉLIUZ S.A.,2022Q3,2022-09-30,2022-11-08,121456
25232,MÉLIUZ S.A.,2023Q1,2023-03-31,2023-05-09,126024
25232,MÉLIUZ S.A.,2023Q2,2023-06-30,2023-08-08,129837
25232,MÉLIUZ S.A.,2023Q3,2023-09-30,2023-11-08,131941
25232,MÉLIUZ S.A.,2024Q1,2024-03-31,2024-05-09,136896
25232,MÉLIUZ S.A.,2024Q2,2024-06-30,2024-08-08,140623
25232,MÉLIUZ S.A.,2024Q3,2024-09-30,2024-11-07,142727
25232,MÉLIUZ S.A.,2025Q1,2025-03-31,2025-05-15,147870
25232,MÉLIUZ S.A.,2025Q2,2025-06-30,2025-08-07,150779
25232,MÉLIUZ S.A.,2025Q3,2025-09-30,2025-11-05,152714
24783,NATURA &CO HOLDING S.A.,2019Q1,2019-03-31,2019-07-26,85633
24783,NATURA &CO HOLDING S.A.,2019Q2,2019-06-30,2019-07-26,85634
24783,NATURA &CO HOLDING S.A.,2019Q3,2019-09-30,2019-11-13,89470
24783,NATURA &CO HOLDING S.A.,2020Q1,2020-03-31,2020-11-12,98380
24783,NATURA &CO HOLDING S.A.,2020Q2,2020-06-30,2020-10-01,97436
24783,NATURA &CO HOLDING S.A.,2020Q3,2020-09-30,2020-11-12,98365
24783,NATURA &CO HOLDING S.A.,2021Q1,2021-03-31,2021-05-12,103952
24783,NATURA &CO HOLDING S.A.,2021Q2,2021-06-30,2021-08-12,107703
24783,NATURA &CO HOLDING S.A.,2021Q3,2021-09-30,2021-11-11,109872
24783,NATURA &CO HOLDING S.A.,2022Q1,2022-03-31,2022-05-05,114428
24783,NATURA &CO HOLDING S.A.,2022Q2,2022-06-30,2022-08-11,119661
24783,NATURA &CO HOLDING S.A.,2022Q3,2022-09-30,2023-01-20,123167
24783,NATURA &CO HOLDING S.A.,2023Q1,2023-03-31,2023-05-10,126163
24783,NATURA &CO HOLDING S.A.,2023Q2,2023-06-30,2023-08-14,130423
24783,NATURA &CO HOLDING S.A.,2023Q3,2023-09-30,2023-11-13,132472
24783,NATURA &CO HOLDING S.A.,2024Q1,2024-03-31,2024-05-13,137214
24783,NATURA &CO HOLDING S.A.,2024Q2,2024-06-30,2024-08-12,140834
24783,NATURA &CO HOLDING S.A.,2024Q3,2024-09-30,2024-11-07,142779
24783,NATURA &CO HOLDING S.A.,2025Q1,2025-03-31,2025-05-12,147422
24783,NATURA &CO HOLDING S.A.,2025Q2,2025-06-30,2025-08-11,150876
19550,NATURA COSMETICOS S.A.,2011Q1,2011-03-31,2011-04-27,6718
19550,NATURA COSMETICOS S.A.,2011Q2,2011-06-30,2011-07-20,10220
19550,NATURA COSMETICOS S.A.,2011Q3,2011-09-30,2011-10-26,12168
19550,NATURA COSMETICOS S.A.,2012Q1,2012-03-31,2012-04-25,16439
19550,NATURA COSMETICOS S.A.,2012Q2,2012-06-30,2012-07-26,19895
19550,NATURA COSMETICOS S.A.,2012Q3,2012-09-30,2012-10-24,21875
19550,NATURA COSMETICOS S.A.,2013Q1,2013-03-31,2013-04-24,26287
19550,NATURA COSMETICOS S.A.,2013Q2,2013-06-30,2013-07-25,30018
19550,NATURA COSMETICOS S.A.,2013Q3,2013-09-30,2013-10-29,32125
19550,NATURA COSMETICOS S.A.,2014Q1,2014-03-31,2014-04-23,36375
19550,NATURA COSMETICOS S.A.,2014Q2,2014-06-30,2014-07-23,39873
19550,NATURA COSMETICOS S.A.,2014Q3,2014-09-30,2014-10-24,41801
19550,NATURA COSMETICOS S.A.,2015Q1,2015-03-31,2015-04-29,46227
19550,NATURA COSMETICOS S.A.,2015Q2,2015-06-30,2015-07-22,49191
19550,NATURA COSMETICOS S.A.,2015Q3,2015-09-30,2015-10-22,51044
19550,NATURA COSMETICOS S.A.,2016Q1,2016-03-31,2016-04-27,55322
19550,NATURA COSMETICOS S.A.,2016Q2,2016-06-30,2016-07-27,58292
19550,NATURA COSMETICOS S.A.,2016Q3,2016-09-30,2016-10-26,60198
19550,NATURA COSMETICOS S.A.,2017Q1,2017-03-31,2017-04-26,64442
19550,NATURA COSMETICOS S.A.,2017Q2,2017-06-30,2017-07-26,67335
19550,NATURA COSMETICOS S.A.,2017Q3,2017-09-30,2017-11-14,70098
19550,NATURA COSMETICOS S.A.,2018Q1,2018-03-31,2018-07-13,76348
19550,NATURA COSMETICOS S.A.,2018Q2,2018-06-30,2018-08-09,76876
19550,NATURA COSMETICOS S.A.,2018Q3,2018-09-30,2018-11-08,78826
19550,NATURA COSMETICOS S.A.,2019Q1,2019-03-31,2019-05-02,82604
19550,NATURA COSMETICOS S.A.,2019Q2,2019-06-30,2019-08-14,86683
19550,NATURA COSMETICOS S.A.,2019Q3,2019-09-30,2019-11-13,89464
19550,NATURA COSMETICOS S.A.,2020Q1,2020-03-31,2020-05-27,93465
19550,NATURA COSMETICOS S.A.,2020Q2,2020-06-30,2020-08-27,96575
19550,NATURA COSMETICOS S.A.,2020Q3,2020-09-30,2020-11-13,98548
19550,NATURA COSMÉTICOS S.A.,2021Q1,2021-03-31,2021-05-12,103933
19550,NATURA COSMÉTICOS S.A.,2021Q2,2021-06-30,2021-08-12,107717
19550,NATURA COSMÉTICOS S.A.,2021Q3,2021-09-30,2021-11-11,109857
19550,NATURA COSMÉTICOS S.A.,2022Q1,2022-03-31,2022-05-19,115558
19550,NATURA COSMÉTICOS S.A.,2022Q2,2022-06-30,2022-08-11,119664
19550,NATURA COSMÉTICOS S.A.,2022Q3,2022-09-30,2023-02-25,123715
19550,NATURA COSMÉTICOS S.A.,2023Q1,2023-03-31,2023-05-15,126871
19550,NATURA COSMÉTICOS S.A.,2023Q2,2023-06-30,2023-08-15,130502
19550,NATURA COSMÉTICOS S.A.,2023Q3,2023-09-30,2023-11-13,132473
19550,NATURA COSMÉTICOS S.A.,2024Q1,2024-03-31,2024-05-14,137216
19550,NATURA COSMÉTICOS S.A.,2024Q2,2024-06-30,2024-08-12,140837
19550,NATURA COSMÉTICOS S.A.,2024Q3,2024-09-30,2024-11-08,142781
19550,NATURA COSMÉTICOS S.A.,2025Q1,2025-03-31,2025-05-12,147429
19550,NATURA COSMÉTICOS S.A.,2025Q2,2025-06-30,2025-08-11,150894
19550,NATURA COSMÉTICOS S.A.,2025Q3,2025-09-30,2025-11-10,152883
15539,NEOENERGIA S.A.,2011Q1,2011-03-31,2011-05-13,7853
15539,NEOENERGIA S.A.,2011Q2,2011-06-30,2011-08-03,10492
15539,NEOENERGIA S.A.,2011Q3,2011-09-30,2011-10-31,12271
15539,NEOENERGIA S.A.,2012Q1,2012-03-31,2012-05-04,16820
15539,NEOENERGIA S.A.,2012Q2,2012-06-30,2012-07-27,19930
15539,NEOENERGIA S.A.,2012Q3,2012-09-30,2012-11-14,22696
15539,NEOENERGIA S.A.,2013Q1,2013-03-31,2013-05-21,28115
15539,NEOENERGIA S.A.,2013Q2,2013-06-30,2013-08-23,31133
15539,NEOENERGIA S.A.,2013Q3,2013-09-30,2013-11-08,32479
15539,NEOENERGIA S.A.,2014Q1,2014-03-31,2014-05-15,37936
15539,NEOENERGIA S.A.,2014Q2,2014-06-30,2014-08-14,40744
15539,NEOENERGIA S.A.,2014Q3,2014-09-30,2014-11-12,42305
15539,NEOENERGIA S.A.,2015Q1,2015-03-31,2015-05-14,47242
15539,NEOENERGIA S.A.,2015Q2,2015-06-30,2015-08-13,49870
15539,NEOENERGIA S.A.,2015Q3,2015-09-30,2015-11-12,51660
15539,NEOENERGIA S.A.,2016Q1,2016-03-31,2016-05-12,56254
15539,NEOENERGIA S.A.,2016Q2,2016-06-30,2016-08-11,58822
15539,NEOENERGIA S.A.,2016Q3,2016-09-30,2016-11-11,60900
15539,NEOENERGIA S.A.,2017Q1,2017-03-31,2017-08-10,67820
15539,NEOENERGIA S.A.,2017Q2,2017-06-30,2017-11-06,69444
15539,NEOENERGIA S.A.,2017Q3,2017-09-30,2017-11-28,70266
15539,NEOENERGIA S.A.,2018Q1,2018-03-31,2018-04-23,73452
15539,NEOENERGIA S.A.,2018Q2,2018-06-30,2018-07-31,76597
15539,NEOENERGIA S.A.,2018Q3,2018-09-30,2018-10-22,78227
15539,NEOENERGIA S.A.,2019Q1,2019-03-31,2019-04-24,82336
15539,NEOENERGIA S.A.,2019Q2,2019-06-30,2019-07-24,85539
15539,NEOENERGIA S.A.,2019Q3,2019-09-30,2019-10-21,88731
15539,NEOENERGIA S.A.,2020Q1,2020-03-31,2020-04-27,92529
15539,NEOENERGIA S.A.,2020Q2,2020-06-30,2020-07-21,94875
15539,NEOENERGIA S.A.,2020Q3,2020-09-30,2020-10-20,97748
15539,NEOENERGIA S.A.,2021Q1,2021-03-31,2021-05-13,104047
15539,NEOENERGIA S.A.,2021Q2,2021-06-30,2021-07-20,106559
15539,NEOENERGIA S.A.,2021Q3,2021-09-30,2021-10-25,109182
15539,NEOENERGIA S.A.,2022Q1,2022-03-31,2022-04-27,113990
15539,NEOENERGIA S.A.,2022Q2,2022-06-30,2022-07-26,118685
15539,NEOENERGIA S.A.,2022Q3,2022-09-30,2022-10-25,121134
15539,NEOENERGIA S.A.,2023Q1,2023-03-31,2023-04-25,125423
15539,NEOENERGIA S.A.,2023Q2,2023-06-30,2023-07-25,129187
15539,NEOENERGIA S.A.,2023Q3,2023-09-30,2023-10-25,131602
15539,NEOENERGIA S.A.,2024Q1,2024-03-31,2024-06-13,139096
15539,NEOENERGIA S.A.,2024Q2,2024-06-30,2024-07-23,139824
15539,NEOENERGIA S.A.,2024Q3,2024-09-30,2024-10-22,142285
15539,NEOENERGIA S.A.,2025Q1,2025-03-31,2025-04-29,146648
15539,NEOENERGIA S.A.,2025Q2,2025-06-30,2025-07-22,150058
15539,NEOENERGIA S.A.,2025Q3,2025-09-30,2025-10-27,152492
14621,NET SERVIÇOS DE COMUNICAÇÃO S.A.,2011Q1,2011-03-31,2011-05-02,7012
14621,NET SERVIÇOS DE COMUNICAÇÃO S.A.,2011Q2,2011-06-30,2011-07-20,10223
14621,NET SERVIÇOS DE COMUNICAÇÃO S.A.,2011Q3,2011-09-30,2011-12-22,13444
14621,NET SERVIÇOS DE COMUNICAÇÃO S.A.,2012Q1,2012-03-31,2012-04-26,16505
14621,NET SERVIÇOS DE COMUNICAÇÃO S.A.,2012Q2,2012-06-30,2012-07-26,19898
14621,NET SERVIÇOS DE COMUNICAÇÃO S.A.,2012Q3,2012-09-30,2012-10-25,21911
14621,NET SERVIÇOS DE COMUNICAÇÃO S.A.,2013Q1,2013-03-31,2013-04-18,26195
14621,NET SERVIÇOS DE COMUNICAÇÃO S.A.,2013Q2,2013-06-30,2013-08-06,30232
14621,NET SERVIÇOS DE COMUNICAÇÃO S.A.,2013Q3,2013-09-30,2013-11-12,32621
14621,NET SERVIÇOS DE COMUNICAÇÃO S.A.,2014Q1,2014-03-31,2014-05-14,37626
14621,NET SERVIÇOS DE COMUNICAÇÃO S.A.,2014Q2,2014-06-30,2014-08-14,40706
14621,NET SERVIÇOS DE COMUNICAÇÃO S.A.,2014Q3,2014-09-30,2014-11-14,42651
21180,NEXPE PARTICIPAÇÕES S.A,2011Q1,2011-03-31,2011-05-18,8303
21180,NEXPE PARTICIPAÇÕES S.A,2011Q2,2011-06-30,2011-08-15,11147
21180,NEXPE PARTICIPAÇÕES S.A,2011Q3,2011-09-30,2011-11-14,12988
21180,NEXPE PARTICIPAÇÕES S.A,2012Q1,2012-03-31,2012-05-14,17570
21180,NEXPE PARTICIPAÇÕES S.A,2012Q2,2012-06-30,2012-08-14,20667
21180,NEXPE PARTICIPAÇÕES S.A,2012Q3,2012-09-30,2012-11-13,22500
21180,NEXPE PARTICIPAÇÕES S.A,2013Q1,2013-03-31,2013-05-09,27051
21180,NEXPE PARTICIPAÇÕES S.A,2013Q2,2013-06-30,2013-08-13,30547
21180,NEXPE PARTICIPAÇÕES S.A,2013Q3,2013-09-30,2013-11-13,32811
21180,NEXPE PARTICIPAÇÕES S.A,2014Q1,2014-03-31,2014-05-07,36921
21180,NEXPE PARTICIPAÇÕES S.A,2014Q2,2014-06-30,2014-08-14,40779
21180,NEXPE PARTICIPAÇÕES S.A,2014Q3,2014-09-30,2014-11-19,42789
21180,NEXPE PARTICIPAÇÕES S.A,2015Q1,2015-03-31,2015-07-14,49074
21180,NEXPE PARTICIPAÇÕES S.A,2015Q2,2015-06-30,2015-08-11,49667
21180,NEXPE PARTICIPAÇÕES S.A,2015Q3,2015-09-30,2015-11-13,51752
21180,NEXPE PARTICIPAÇÕES S.A,2016Q1,2016-03-31,2016-05-12,56260
21180,NEXPE PARTICIPAÇÕES S.A,2016Q2,2016-06-30,2016-08-11,58876
21180,NEXPE PARTICIPAÇÕES S.A,2016Q3,2016-09-30,2016-11-14,61029
21180,NEXPE PARTICIPAÇÕES S.A,2017Q1,2017-03-31,2017-05-11,65287
21180,NEXPE PARTICIPAÇÕES S.A,2017Q2,2017-06-30,2017-08-11,67925
21180,NEXPE PARTICIPAÇÕES S.A,2017Q3,2017-09-30,2017-11-13,69878
21180,NEXPE PARTICIPAÇÕES S.A,2018Q1,2018-03-31,2018-05-08,73987
21180,NEXPE PARTICIPAÇÕES S.A,2018Q2,2018-06-30,2018-08-13,77087
21180,NEXPE PARTICIPAÇÕES S.A,2018Q3,2018-09-30,2018-11-13,79172
21180,NEXPE PARTICIPAÇÕES S.A,2019Q1,2019-03-31,2019-05-14,83506
21180,NEXPE PARTICIPAÇÕES S.A,2019Q2,2019-06-30,2019-08-13,86397
21180,NEXPE PARTICIPAÇÕES S.A,2019Q3,2019-09-30,2019-11-06,89087
21180,NEXPE PARTICIPAÇÕES S.A,2020Q1,2020-03-31,2020-06-29,94420
21180,NEXPE PARTICIPAÇÕES S.A,2020Q2,2020-06-30,2020-07-31,95467
21180,NEXPE PARTICIPAÇÕES S.A,2020Q3,2020-09-30,2020-11-13,98537
21180,NEXPE PARTICIPAÇÕES S.A,2021Q1,2021-03-31,2021-05-14,104298
21180,NEXPE PARTICIPAÇÕES S.A,2021Q2,2021-06-30,2021-08-17,108118
21180,NEXPE PARTICIPAÇÕES S.A,2021Q3,2021-09-30,2021-11-11,109802
21180,NEXPE PARTICIPAÇÕES S.A,2022Q1,2022-03-31,2022-05-12,114969
21180,NEXPE PARTICIPAÇÕES S.A,2022Q2,2022-06-30,2022-08-11,119548
21180,NEXPE PARTICIPAÇÕES S.A,2022Q3,2022-09-30,2022-11-10,121705
21180,NEXPE PARTICIPAÇÕES S.A,2023Q1,2023-03-31,2023-05-15,126672
21180,NEXPE PARTICIPAÇÕES S.A,2023Q2,2023-06-30,2023-11-16,132695
21180,NEXPE PARTICIPAÇÕES S.A,2023Q3,2023-09-30,2023-11-09,132123
21180,NEXPE PARTICIPAÇÕES S.A,2024Q1,2024-03-31,2024-07-08,139528
21180,NEXPE PARTICIPAÇÕES S.A,2024Q2,2024-06-30,2024-08-16,141269
21180,NEXPE PARTICIPAÇÕES S.A,2024Q3,2024-09-30,2024-11-07,142761
21180,NEXPE PARTICIPAÇÕES S.A,2025Q1,2025-03-31,2025-05-15,147887
21180,NEXPE PARTICIPAÇÕES S.A,2025Q2,2025-06-30,2025-08-14,151341
21180,NEXPE PARTICIPAÇÕES S.A,2025Q3,2025-09-30,2025-11-13,153212
24384,NOTRE DAME INTERMÉDICA PARTICIPAÇÕES S.A.,2018Q1,2018-03-31,2018-05-14,74498
24384,NOTRE DAME INTERMÉDICA PARTICIPAÇÕES S.A.,2018Q2,2018-06-30,2018-08-09,76869
24384,NOTRE DAME INTERMÉDICA PARTICIPAÇÕES S.A.,2018Q3,2018-09-30,2018-11-08,78823
24384,NOTRE DAME INTERMÉDICA PARTICIPAÇÕES S.A.,2019Q1,2019-03-31,2019-05-10,83250
24384,NOTRE DAME INTERMÉDICA PARTICIPAÇÕES S.A.,2019Q2,2019-06-30,2019-08-07,86145
24384,NOTRE DAME INTERMÉDICA PARTICIPAÇÕES S.A.,2019Q3,2019-09-30,2019-11-06,89063
24384,NOTRE DAME INTERMÉDICA PARTICIPAÇÕES S.A.,2020Q1,2020-03-31,2020-05-06,92758
24384,NOTRE DAME INTERMÉDICA PARTICIPAÇÕES S.A.,2020Q2,2020-06-30,2020-08-06,95750
24384,NOTRE DAME INTERMÉDICA PARTICIPAÇÕES S.A.,2020Q3,2020-09-30,2020-11-16,98696
24384,NOTRE DAME INTERMÉDICA PARTICIPAÇÕES S.A.,2021Q1,2021-03-31,2021-05-18,104555
24384,NOTRE DAME INTERMÉDICA PARTICIPAÇÕES S.A.,2021Q2,2021-06-30,2021-08-10,107480
24384,NOTRE DAME INTERMÉDICA PARTICIPAÇÕES S.A.,2021Q3,2021-09-30,2021-11-10,109677
20125,ODONTOPREV S.A.,2011Q1,2011-03-31,2011-05-10,7479
20125,ODONTOPREV S.A.,2011Q2,2011-06-30,2011-08-04,10525
20125,ODONTOPREV S.A.,2011Q3,2011-09-30,2011-11-03,12319
20125,ODONTOPREV S.A.,2012Q1,2012-03-31,2012-04-26,16495
20125,ODONTOPREV S.A.,2012Q2,2012-06-30,2012-07-26,19893
20125,ODONTOPREV S.A.,2012Q3,2012-09-30,2012-10-25,21908
20125,ODONTOPREV S.A.,2013Q1,2013-03-31,2013-04-30,26443
20125,ODONTOPREV S.A.,2013Q2,2013-06-30,2013-07-30,30068
20125,ODONTOPREV S.A.,2013Q3,2013-09-30,2013-10-29,32120
20125,ODONTOPREV S.A.,2014Q1,2014-03-31,2014-04-29,36499
20125,ODONTOPREV S.A.,2014Q2,2014-06-30,2014-07-29,39961
20125,ODONTOPREV S.A.,2014Q3,2014-09-30,2014-10-28,41826
20125,ODONTOPREV S.A.,2015Q1,2015-03-31,2015-04-29,46213
20125,ODONTOPREV S.A.,2015Q2,2015-06-30,2015-07-29,49316
20125,ODONTOPREV S.A.,2015Q3,2015-09-30,2015-10-28,51146
20125,ODONTOPREV S.A.,2016Q1,2016-03-31,2016-04-27,55308
20125,ODONTOPREV S.A.,2016Q2,2016-06-30,2016-07-27,58288
20125,ODONTOPREV S.A.,2016Q3,2016-09-30,2016-10-26,60189
20125,ODONTOPREV S.A.,2017Q1,2017-03-31,2017-04-26,64433
20125,ODONTOPREV S.A.,2017Q2,2017-06-30,2017-07-26,67329
20125,ODONTOPREV S.A.,2017Q3,2017-09-30,2017-10-25,69256
20125,ODONTOPREV S.A.,2018Q1,2018-03-31,2018-04-25,73490
20125,ODONTOPREV S.A.,2018Q2,2018-06-30,2018-07-25,76475
20125,ODONTOPREV S.A.,2018Q3,2018-09-30,2018-10-24,78252
20125,ODONTOPREV S.A.,2019Q1,2019-03-31,2019-05-02,82567
20125,ODONTOPREV S.A.,2019Q2,2019-06-30,2019-08-01,85970
20125,ODONTOPREV S.A.,2019Q3,2019-09-30,2019-10-30,88896
20125,ODONTOPREV S.A.,2020Q1,2020-03-31,2020-04-29,92591
20125,ODONTOPREV S.A.,2020Q2,2020-06-30,2020-07-29,95106
20125,ODONTOPREV S.A.,2020Q3,2020-09-30,2020-10-28,97913
20125,ODONTOPREV S.A.,2021Q1,2021-03-31,2021-04-28,103130
20125,ODONTOPREV S.A.,2021Q2,2021-06-30,2021-07-28,106749
20125,ODONTOPREV S.A.,2021Q3,2021-09-30,2021-10-27,109243
11312,OI S.A. - EM RECUPERAÇÃO JUDICIAL,2011Q1,2011-03-31,2011-05-10,7424
11312,OI S.A. - EM RECUPERAÇÃO JUDICIAL,2011Q2,2011-06-30,2011-08-15,11191
11312,OI S.A. - EM RECUPERAÇÃO JUDICIAL,2011Q3,2011-09-30,2011-10-27,12205
11312,OI S.A. - EM RECUPERAÇÃO JUDICIAL,2012Q1,2012-03-31,2013-05-15,27738
11312,OI S.A. - EM RECUPERAÇÃO JUDICIAL,2012Q2,2012-06-30,2013-05-15,27741
11312,OI S.A. - EM RECUPERAÇÃO JUDICIAL,2012Q3,2012-09-30,2013-05-15,27749
11312,OI S.A. - EM RECUPERAÇÃO JUDICIAL,2013Q1,2013-03-31,2013-04-30,26425
11312,OI S.A. - EM RECUPERAÇÃO JUDICIAL,2013Q2,2013-06-30,2013-08-14,30553
11312,OI S.A. - EM RECUPERAÇÃO JUDICIAL,2013Q3,2013-09-30,2013-11-13,32656
11312,OI S.A. - EM RECUPERAÇÃO JUDICIAL,2014Q1,2014-03-31,2014-05-15,37664
11312,OI S.A. - EM RECUPERAÇÃO JUDICIAL,2014Q2,2014-06-30,2014-08-06,40142
11312,OI S.A. - EM RECUPERAÇÃO JUDICIAL,2014Q3,2014-09-30,2014-11-13,42329
11312,OI S.A. - EM RECUPERAÇÃO JUDICIAL,2015Q1,2015-03-31,2015-05-07,46551
11312,OI S.A. - EM RECUPERAÇÃO JUDICIAL,2015Q2,2015-06-30,2015-08-13,49762
11312,OI S.A. - EM RECUPERAÇÃO JUDICIAL,2015Q3,2015-09-30,2015-11-12,51559
11312,OI S.A. - EM RECUPERAÇÃO JUDICIAL,2016Q1,2016-03-31,2017-05-10,65097
11312,OI S.A. - EM RECUPERAÇÃO JUDICIAL,2016Q2,2016-06-30,2016-08-11,58757
11312,OI S.A. - EM RECUPERAÇÃO JUDICIAL,2016Q3,2016-09-30,2016-11-09,60577
11312,OI S.A. - EM RECUPERAÇÃO JUDICIAL,2017Q1,2017-03-31,2017-05-10,65114
11312,OI S.A. - EM RECUPERAÇÃO JUDICIAL,2017Q2,2017-06-30,2017-08-09,67663
11312,OI S.A. - EM RECUPERAÇÃO JUDICIAL,2017Q3,2017-09-30,2017-11-13,69856
11312,OI S.A. - EM RECUPERAÇÃO JUDICIAL,2018Q1,2018-03-31,2018-05-29,75156
11312,OI S.A. - EM RECUPERAÇÃO JUDICIAL,2018Q2,2018-06-30,2018-08-13,77084
11312,OI S.A. - EM RECUPERAÇÃO JUDICIAL,2018Q3,2018-09-30,2018-11-14,79177
11312,OI S.A. - EM RECUPERAÇÃO JUDICIAL,2019Q1,2019-03-31,2019-05-14,83346
11312,OI S.A. - EM RECUPERAÇÃO JUDICIAL,2019Q2,2019-06-30,2019-08-14,86745
11312,OI S.A. - EM RECUPERAÇÃO JUDICIAL,2019Q3,2019-09-30,2019-12-02,89882
11312,OI S.A. - EM RECUPERAÇÃO JUDICIAL,2020Q1,2020-03-31,2020-06-16,94033
11312,OI S.A. - EM RECUPERAÇÃO JUDICIAL,2020Q2,2020-06-30,2020-08-14,96114
11312,OI S.A. - EM RECUPERAÇÃO JUDICIAL,2020Q3,2020-09-30,2020-11-12,98421
11312,OI S.A. - EM RECUPERAÇÃO JUDICIAL,2021Q1,2021-03-31,2021-07-07,106352
11312,OI S.A. - EM RECUPERAÇÃO JUDICIAL,2021Q2,2021-06-30,2021-08-11,107583
11312,OI S.A. - EM RECUPERAÇÃO JUDICIAL,2021Q3,2021-09-30,2021-11-10,109727
11312,OI S.A. - EM RECUPERAÇÃO JUDICIAL,2022Q1,2022-03-31,2022-06-29,118172
11312,OI S.A. - EM RECUPERAÇÃO JUDICIAL,2022Q2,2022-06-30,2022-08-11,119687
11312,OI S.A. - EM RECUPERAÇÃO JUDICIAL,2022Q3,2022-09-30,2022-11-09,121606
11312,OI S.A. - EM RECUPERAÇÃO JUDICIAL,2023Q1,2023-03-31,2023-06-14,128443
11312,OI S.A. - EM RECUPERAÇÃO JUDICIAL,2023Q2,2023-06-30,2023-08-10,130051
11312,OI S.A. - EM RECUPERAÇÃO JUDICIAL,2023Q3,2023-09-30,2023-11-08,131943
11312,OI S.A. - EM RECUPERAÇÃO JUDICIAL,2024Q1,2024-03-31,2024-05-08,136742
11312,OI S.A. - EM RECUPERAÇÃO JUDICIAL,2024Q2,2024-06-30,2024-08-14,141189
11312,OI S.A. - EM RECUPERAÇÃO JUDICIAL,2024Q3,2024-09-30,2024-11-06,142657
11312,OI S.A. - EM RECUPERAÇÃO JUDICIAL,2025Q1,2025-03-31,2025-05-14,147672
11312,OI S.A. - EM RECUPERAÇÃO JUDICIAL,2025Q2,2025-06-30,2025-09-04,151773
26123,ONCOCLÍNICAS DO BRASIL SERVIÇOS MÉDICOS S.A.,2021Q1,2021-03-31,2021-06-07,105782
26123,ONCOCLÍNICAS DO BRASIL SERVIÇOS MÉDICOS S.A.,2021Q2,2021-06-30,2021-08-16,108024
26123,ONCOCLÍNICAS DO BRASIL SERVIÇOS MÉDICOS S.A.,2021Q3,2021-09-30,2021-11-16,110170
26123,ONCOCLÍNICAS DO BRASIL SERVIÇOS MÉDICOS S.A.,2022Q1,2022-03-31,2022-05-16,115394
26123,ONCOCLÍNICAS DO BRASIL SERVIÇOS MÉDICOS S.A.,2022Q2,2022-06-30,2022-08-15,119962
26123,ONCOCLÍNICAS DO BRASIL SERVIÇOS MÉDICOS S.A.,2022Q3,2022-09-30,2022-11-10,121799
26123,ONCOCLÍNICAS DO BRASIL SERVIÇOS MÉDICOS S.A.,2023Q1,2023-03-31,2023-05-15,126767
26123,ONCOCLÍNICAS DO BRASIL SERVIÇOS MÉDICOS S.A.,2023Q2,2023-06-30,2023-08-14,130339
26123,ONCOCLÍNICAS DO BRASIL SERVIÇOS MÉDICOS S.A.,2023Q3,2023-09-30,2023-11-13,132454
26123,ONCOCLÍNICAS DO BRASIL SERVIÇOS MÉDICOS S.A.,2024Q1,2024-03-31,2024-05-13,137185
26123,ONCOCLÍNICAS DO BRASIL SERVIÇOS MÉDICOS S.A.,2024Q2,2024-06-30,2024-08-13,140916
26123,ONCOCLÍNICAS DO BRASIL SERVIÇOS MÉDICOS S.A.,2024Q3,2024-09-30,2024-11-13,143015
26123,ONCOCLÍNICAS DO BRASIL SERVIÇOS MÉDICOS S.A.,2025Q1,2025-03-31,2025-05-15,147919
26123,ONCOCLÍNICAS DO BRASIL SERVIÇOS MÉDICOS S.A.,2025Q2,2025-06-30,2025-08-14,151321
26123,ONCOCLÍNICAS DO BRASIL SERVIÇOS MÉDICOS S.A.,2025Q3,2025-09-30,2025-11-14,153419
21342,OSX BRASIL S.A. - EM RECUPERAÇÃO JUDICIAL,2011Q1,2011-03-31,2011-05-10,7524
21342,OSX BRASIL S.A. - EM RECUPERAÇÃO JUDICIAL,2011Q2,2011-06-30,2011-07-28,10371
21342,OSX BRASIL S.A. - EM RECUPERAÇÃO JUDICIAL,2011Q3,2011-09-30,2011-10-27,12203
21342,OSX BRASIL S.A. - EM RECUPERAÇÃO JUDICIAL,2012Q1,2012-03-31,2012-05-03,16748
21342,OSX BRASIL S.A. - EM RECUPERAÇÃO JUDICIAL,2012Q2,2012-06-30,2012-07-26,19899
21342,OSX BRASIL S.A. - EM RECUPERAÇÃO JUDICIAL,2012Q3,2012-09-30,2012-10-29,21958
21342,OSX BRASIL S.A. - EM RECUPERAÇÃO JUDICIAL,2013Q1,2013-03-31,2013-05-15,27803
21342,OSX BRASIL S.A. - EM RECUPERAÇÃO JUDICIAL,2013Q2,2013-06-30,2013-08-14,30846
21342,OSX BRASIL S.A. - EM RECUPERAÇÃO JUDICIAL,2013Q3,2013-09-30,2013-12-19,33614
21342,OSX BRASIL S.A. - EM RECUPERAÇÃO JUDICIAL,2014Q1,2014-03-31,2014-07-07,39600
21342,OSX BRASIL S.A. - EM RECUPERAÇÃO JUDICIAL,2014Q2,2014-06-30,2014-08-14,40561
21342,OSX BRASIL S.A. - EM RECUPERAÇÃO JUDICIAL,2014Q3,2014-09-30,2014-11-27,42867
21342,OSX BRASIL S.A. - EM RECUPERAÇÃO JUDICIAL,2015Q1,2015-03-31,2015-06-15,48639
21342,OSX BRASIL S.A. - EM RECUPERAÇÃO JUDICIAL,2015Q2,2015-06-30,2015-08-14,50152
21342,OSX BRASIL S.A. - EM RECUPERAÇÃO JUDICIAL,2015Q3,2015-09-30,2015-11-13,51939
21342,OSX BRASIL S.A. - EM RECUPERAÇÃO JUDICIAL,2016Q1,2016-03-31,2017-06-13,66817
21342,OSX BRASIL S.A. - EM RECUPERAÇÃO JUDICIAL,2016Q2,2016-06-30,2017-06-13,66818
21342,OSX BRASIL S.A. - EM RECUPERAÇÃO JUDICIAL,2016Q3,2016-09-30,2017-06-13,66819
21342,OSX BRASIL S.A. - EM RECUPERAÇÃO JUDICIAL,2017Q1,2017-03-31,2017-07-31,67441
21342,OSX BRASIL S.A. - EM RECUPERAÇÃO JUDICIAL,2017Q2,2017-06-30,2017-08-31,68537
21342,OSX BRASIL S.A. - EM RECUPERAÇÃO JUDICIAL,2017Q3,2017-09-30,2017-12-14,70493
21342,OSX BRASIL S.A. - EM RECUPERAÇÃO JUDICIAL,2018Q2,2018-06-30,2018-08-14,77358
21342,OSX BRASIL S.A. - EM RECUPERAÇÃO JUDICIAL,2018Q3,2018-09-30,2018-11-14,79328
21342,OSX BRASIL S.A. - EM RECUPERAÇÃO JUDICIAL,2019Q1,2019-03-31,2019-05-10,83231
21342,OSX BRASIL S.A. - EM RECUPERAÇÃO JUDICIAL,2019Q2,2019-06-30,2019-08-14,86625
21342,OSX BRASIL S.A. - EM RECUPERAÇÃO JUDICIAL,2019Q3,2019-09-30,2019-11-08,89186
21342,OSX BRASIL S.A. - EM RECUPERAÇÃO JUDICIAL,2020Q1,2020-03-31,2020-05-16,93233
21342,OSX BRASIL S.A. - EM RECUPERAÇÃO JUDICIAL,2020Q2,2020-06-30,2020-08-14,96175
21342,OSX BRASIL S.A. - EM RECUPERAÇÃO JUDICIAL,2020Q3,2020-09-30,2020-11-13,98516
21342,OSX BRASIL S.A. - EM RECUPERAÇÃO JUDICIAL,2021Q1,2021-03-31,2021-05-13,104065
21342,OSX BRASIL S.A. - EM RECUPERAÇÃO JUDICIAL,2021Q2,2021-06-30,2021-08-13,107826
21342,OSX BRASIL S.A. - EM RECUPERAÇÃO JUDICIAL,2021Q3,2021-09-30,2021-11-12,109992
21342,OSX BRASIL S.A. - EM RECUPERAÇÃO JUDICIAL,2022Q1,2022-03-31,2022-05-13,115128
21342,OSX BRASIL S.A. - EM RECUPERAÇÃO JUDICIAL,2022Q2,2022-06-30,2022-08-12,119774
21342,OSX BRASIL S.A. - EM RECUPERAÇÃO JUDICIAL,2022Q3,2022-09-30,2022-11-11,121910
21342,OSX BRASIL S.A. - EM RECUPERAÇÃO JUDICIAL,2023Q1,2023-03-31,2023-05-12,126550
21342,OSX BRASIL S.A. - EM RECUPERAÇÃO JUDICIAL,2023Q2,2023-06-30,2023-08-11,130196
21342,OSX BRASIL S.A. - EM RECUPERAÇÃO JUDICIAL,2023Q3,2023-09-30,2023-11-13,132310
21342,OSX BRASIL S.A. - EM RECUPERAÇÃO JUDICIAL,2024Q1,2024-03-31,2024-05-13,137156
21342,OSX BRASIL S.A. - EM RECUPERAÇÃO JUDICIAL,2024Q2,2024-06-30,2024-08-14,141056
21342,OSX BRASIL S.A. - EM RECUPERAÇÃO JUDICIAL,2024Q3,2024-09-30,2024-11-13,143094
21342,OSX BRASIL S.A. - EM RECUPERAÇÃO JUDICIAL,2025Q1,2025-03-31,2025-05-13,147535
21342,OSX BRASIL S.A. - EM RECUPERAÇÃO JUDICIAL,2025Q2,2025-06-30,2025-08-14,151288
21342,OSX BRASIL S.A. - EM RECUPERAÇÃO JUDICIAL,2025Q3,2025-09-30,2025-11-12,153031
9393,PARANAPANEMA S.A. - EM RECUPERAÇÃO JUDICIAL,2011Q1,2011-03-31,2011-05-13,7939
9393,PARANAPANEMA S.A. - EM RECUPERAÇÃO JUDICIAL,2011Q2,2011-06-30,2011-08-12,10916
9393,PARANAPANEMA S.A. - EM RECUPERAÇÃO JUDICIAL,2011Q3,2011-09-30,2011-11-10,12581
9393,PARANAPANEMA S.A. - EM RECUPERAÇÃO JUDICIAL,2012Q1,2012-03-31,2012-05-11,17423
9393,PARANAPANEMA S.A. - EM RECUPERAÇÃO JUDICIAL,2012Q2,2012-06-30,2012-08-10,20300
9393,PARANAPANEMA S.A. - EM RECUPERAÇÃO JUDICIAL,2012Q3,2012-09-30,2012-11-14,22733
9393,PARANAPANEMA S.A. - EM RECUPERAÇÃO JUDICIAL,2013Q1,2013-03-31,2013-04-30,26445
9393,PARANAPANEMA S.A. - EM RECUPERAÇÃO JUDICIAL,2013Q2,2013-06-30,2013-07-31,30095
9393,PARANAPANEMA S.A. - EM RECUPERAÇÃO JUDICIAL,2013Q3,2013-09-30,2013-10-31,32193
9393,PARANAPANEMA S.A. - EM RECUPERAÇÃO JUDICIAL,2014Q1,2014-03-31,2014-06-24,39467
9393,PARANAPANEMA S.A. - EM RECUPERAÇÃO JUDICIAL,2014Q2,2014-06-30,2014-07-31,40029
9393,PARANAPANEMA S.A. - EM RECUPERAÇÃO JUDICIAL,2014Q3,2014-09-30,2014-10-31,41925
9393,PARANAPANEMA S.A. - EM RECUPERAÇÃO JUDICIAL,2015Q1,2015-03-31,2015-04-27,46143
9393,PARANAPANEMA S.A. - EM RECUPERAÇÃO JUDICIAL,2015Q2,2015-06-30,2015-07-29,49327
9393,PARANAPANEMA S.A. - EM RECUPERAÇÃO JUDICIAL,2015Q3,2015-09-30,2015-10-28,51145
9393,PARANAPANEMA S.A. - EM RECUPERAÇÃO JUDICIAL,2016Q1,2016-03-31,2016-04-28,55345
9393,PARANAPANEMA S.A. - EM RECUPERAÇÃO JUDICIAL,2016Q2,2016-06-30,2016-08-23,59334
9393,PARANAPANEMA S.A. - EM RECUPERAÇÃO JUDICIAL,2016Q3,2016-09-30,2016-10-26,60199
9393,PARANAPANEMA S.A. - EM RECUPERAÇÃO JUDICIAL,2017Q1,2017-03-31,2017-05-15,65695
9393,PARANAPANEMA S.A. - EM RECUPERAÇÃO JUDICIAL,2017Q2,2017-06-30,2017-07-25,67293
9393,PARANAPANEMA S.A. - EM RECUPERAÇÃO JUDICIAL,2017Q3,2017-09-30,2017-10-26,69299
9393,PARANAPANEMA S.A. - EM RECUPERAÇÃO JUDICIAL,2018Q1,2018-03-31,2018-04-27,73572
9393,PARANAPANEMA S.A. - EM RECUPERAÇÃO JUDICIAL,2018Q2,2018-06-30,2018-07-26,76511
9393,PARANAPANEMA S.A. - EM RECUPERAÇÃO JUDICIAL,2018Q3,2018-09-30,2018-10-25,78289
9393,PARANAPANEMA S.A. - EM RECUPERAÇÃO JUDICIAL,2019Q1,2019-03-31,2019-04-26,82448
9393,PARANAPANEMA S.A. - EM RECUPERAÇÃO JUDICIAL,2019Q2,2019-06-30,2019-08-12,86324
9393,PARANAPANEMA S.A. - EM RECUPERAÇÃO JUDICIAL,2019Q3,2019-09-30,2019-11-07,89122
9393,PARANAPANEMA S.A. - EM RECUPERAÇÃO JUDICIAL,2020Q1,2020-03-31,2020-05-07,92829
9393,PARANAPANEMA S.A. - EM RECUPERAÇÃO JUDICIAL,2020Q2,2020-06-30,2020-08-03,95611
9393,PARANAPANEMA S.A. - EM RECUPERAÇÃO JUDICIAL,2020Q3,2020-09-30,2020-10-30,97968
9393,PARANAPANEMA S.A. - EM RECUPERAÇÃO JUDICIAL,2021Q1,2021-03-31,2021-04-29,103187
9393,PARANAPANEMA S.A. - EM RECUPERAÇÃO JUDICIAL,2021Q2,2021-06-30,2021-07-29,106842
9393,PARANAPANEMA S.A. - EM RECUPERAÇÃO JUDICIAL,2021Q3,2021-09-30,2021-11-12,110081
9393,PARANAPANEMA S.A. - EM RECUPERAÇÃO JUDICIAL,2022Q1,2022-03-31,2022-04-28,114043
9393,PARANAPANEMA S.A. - EM RECUPERAÇÃO JUDICIAL,2022Q2,2022-06-30,2022-08-12,119851
9393,PARANAPANEMA S.A. - EM RECUPERAÇÃO JUDICIAL,2022Q3,2022-09-30,2022-11-11,121995
9393,PARANAPANEMA S.A. - EM RECUPERAÇÃO JUDICIAL,2023Q1,2023-03-31,2023-05-12,126559
9393,PARANAPANEMA S.A. - EM RECUPERAÇÃO JUDICIAL,2023Q2,2023-06-30,2023-08-11,130192
9393,PARANAPANEMA S.A. - EM RECUPERAÇÃO JUDICIAL,2023Q3,2023-09-30,2023-11-10,132198
9393,PARANAPANEMA S.A. - EM RECUPERAÇÃO JUDICIAL,2024Q1,2024-03-31,2024-05-10,137016
9393,PARANAPANEMA S.A. - EM RECUPERAÇÃO JUDICIAL,2024Q2,2024-06-30,2024-08-09,140698
9393,PARANAPANEMA S.A. - EM RECUPERAÇÃO JUDICIAL,2024Q3,2024-09-30,2024-11-08,142806
9393,PARANAPANEMA S.A. - EM RECUPERAÇÃO JUDICIAL,2025Q1,2025-03-31,2025-05-09,147247
9393,PARANAPANEMA S.A. - EM RECUPERAÇÃO JUDICIAL,2025Q2,2025-06-30,2025-08-08,150808
9393,PARANAPANEMA S.A. - EM RECUPERAÇÃO JUDICIAL,2025Q3,2025-09-30,2026-03-26,155725
20478,PDG REALTY S.A. EMPREEND E PARTICIPACOES,2011Q1,2011-03-31,2011-08-24,11411
20478,PDG REALTY S.A. EMPREEND E PARTICIPACOES,2011Q2,2011-06-30,2011-08-24,11412
20478,PDG REALTY S.A. EMPREEND E PARTICIPACOES,2011Q3,2011-09-30,2011-12-16,13377
20478,PDG REALTY S.A. EMPREEND E PARTICIPACOES,2012Q1,2012-03-31,2012-05-14,17574
20478,PDG REALTY S.A. EMPREEND E PARTICIPACOES,2012Q2,2012-06-30,2012-08-13,20401
20478,PDG REALTY S.A. EMPREEND E PARTICIPACOES,2012Q3,2012-09-30,2012-11-21,22870
20478,PDG REALTY S.A. EMPREEND E PARTICIPACOES,2013Q1,2013-03-31,2013-05-09,27056
20478,PDG REALTY S.A. EMPREEND E PARTICIPACOES,2013Q2,2013-06-30,2013-08-09,30384
20478,PDG REALTY S.A. EMPREEND E PARTICIPACOES,2013Q3,2013-09-30,2013-11-06,32349
20478,PDG REALTY S.A. EMPREEND E PARTICIPACOES,2014Q1,2014-03-31,2014-05-09,37096
20478,PDG REALTY S.A. EMPREEND E PARTICIPACOES,2014Q2,2014-06-30,2014-07-31,40027
20478,PDG REALTY S.A. EMPREEND E PARTICIPACOES,2014Q3,2014-09-30,2014-10-30,41902
20478,PDG REALTY S.A. EMPREEND E PARTICIPACOES,2015Q1,2015-03-31,2015-05-06,46508
20478,PDG REALTY S.A. EMPREEND E PARTICIPACOES,2015Q2,2015-06-30,2015-07-31,49365
20478,PDG REALTY S.A. EMPREEND E PARTICIPACOES,2015Q3,2015-09-30,2015-11-04,51291
20478,PDG REALTY S.A. EMPREEND E PARTICIPACOES,2016Q1,2016-03-31,2016-05-11,56078
20478,PDG REALTY S.A. EMPREEND E PARTICIPACOES,2016Q2,2016-06-30,2016-08-10,58747
20478,PDG REALTY S.A. EMPREEND E PARTICIPACOES,2016Q3,2016-09-30,2016-11-15,61052
20478,PDG REALTY S.A. EMPREEND E PARTICIPACOES,2017Q1,2017-03-31,2017-05-15,65734
20478,PDG REALTY S.A. EMPREEND E PARTICIPACOES,2017Q2,2017-06-30,2017-08-15,68225
20478,PDG REALTY S.A. EMPREEND E PARTICIPACOES,2017Q3,2017-09-30,2017-11-03,69432
20478,PDG REALTY S.A. EMPREEND E PARTICIPACOES,2018Q1,2018-03-31,2018-05-17,74895
20478,PDG REALTY S.A. EMPREEND E PARTICIPACOES,2018Q2,2018-06-30,2018-08-14,77359
20478,PDG REALTY S.A. EMPREEND E PARTICIPACOES,2018Q3,2018-09-30,2018-11-14,79383
20478,PDG REALTY S.A. EMPREEND E PARTICIPACOES,2019Q1,2019-03-31,2019-05-15,83724
20478,PDG REALTY S.A. EMPREEND E PARTICIPACOES,2019Q2,2019-06-30,2019-08-14,86673
20478,PDG REALTY S.A. EMPREEND E PARTICIPACOES,2019Q3,2019-09-30,2019-11-14,89669
20478,PDG REALTY S.A. EMPREEND E PARTICIPACOES,2020Q1,2020-03-31,2020-05-15,93228
20478,PDG REALTY S.A. EMPREEND E PARTICIPACOES,2020Q2,2020-06-30,2020-08-14,96204
20478,PDG REALTY S.A. EMPREEND E PARTICIPACOES,2020Q3,2020-09-30,2020-11-13,98544
20478,PDG REALTY S.A. EMPREEND E PARTICIPACOES,2021Q1,2021-03-31,2021-05-14,104306
20478,PDG REALTY S.A. EMPREEND E PARTICIPACOES,2021Q2,2021-06-30,2021-08-13,107848
20478,PDG REALTY S.A. EMPREEND E PARTICIPACOES,2021Q3,2021-09-30,2021-11-12,110062
20478,PDG REALTY S.A. EMPREEND E PARTICIPACOES,2022Q1,2022-03-31,2022-05-13,115181
20478,PDG REALTY S.A. EMPREEND E PARTICIPACOES,2022Q2,2022-06-30,2022-08-12,119835
20478,PDG REALTY S.A. EMPREEND E PARTICIPACOES,2022Q3,2022-09-30,2022-11-11,121967
20478,PDG REALTY S.A. EMPREEND E PARTICIPACOES,2023Q1,2023-03-31,2023-05-12,126580
20478,PDG REALTY S.A. EMPREEND E PARTICIPACOES,2023Q2,2023-06-30,2023-08-11,130229
20478,PDG REALTY S.A. EMPREEND E PARTICIPACOES,2023Q3,2023-09-30,2023-11-10,132237
20478,PDG REALTY S.A. EMPREEND E PARTICIPACOES,2024Q1,2024-03-31,2024-05-10,137017
20478,PDG REALTY S.A. EMPREEND E PARTICIPACOES,2024Q2,2024-06-30,2024-08-09,140721
20478,PDG REALTY S.A. EMPREEND E PARTICIPACOES,2024Q3,2024-09-30,2024-11-08,142820
20478,PDG REALTY S.A. EMPREEND E PARTICIPACOES,2025Q1,2025-03-31,2025-05-14,147668
20478,PDG REALTY S.A. EMPREEND E PARTICIPACOES,2025Q2,2025-06-30,2025-08-08,150822
20478,PDG REALTY S.A. EMPREEND E PARTICIPACOES,2025Q3,2025-09-30,2025-11-14,153352
25089,PET CENTER COMÉRCIO E PARTICIPAÇÕES S.A.,2020Q1,2020-03-31,2020-07-17,94807
25089,PET CENTER COMÉRCIO E PARTICIPAÇÕES S.A.,2020Q2,2020-06-30,2020-07-17,94806
25089,PET CENTER COMÉRCIO E PARTICIPAÇÕES S.A.,2020Q3,2020-09-30,2020-10-26,97878
25089,PET CENTER COMÉRCIO E PARTICIPAÇÕES S.A.,2021Q1,2021-03-31,2022-05-05,114426
25089,PET CENTER COMÉRCIO E PARTICIPAÇÕES S.A.,2021Q2,2021-06-30,2022-08-10,119471
25089,PET CENTER COMÉRCIO E PARTICIPAÇÕES S.A.,2021Q3,2021-09-30,2021-11-08,109529
25089,PET CENTER COMÉRCIO E PARTICIPAÇÕES S.A.,2022Q1,2022-03-31,2022-06-03,116827
25089,PET CENTER COMÉRCIO E PARTICIPAÇÕES S.A.,2022Q2,2022-06-30,2022-08-10,119485
25089,PET CENTER COMÉRCIO E PARTICIPAÇÕES S.A.,2022Q3,2022-09-30,2022-11-09,121498
25089,PET CENTER COMÉRCIO E PARTICIPAÇÕES S.A.,2023Q1,2023-03-31,2023-05-04,125768
25089,PET CENTER COMÉRCIO E PARTICIPAÇÕES S.A.,2023Q2,2023-06-30,2023-08-10,130039
25089,PET CENTER COMÉRCIO E PARTICIPAÇÕES S.A.,2023Q3,2023-09-30,2023-11-09,132128
25089,PET CENTER COMÉRCIO E PARTICIPAÇÕES S.A.,2024Q1,2024-03-31,2024-05-09,136954
25089,PET CENTER COMÉRCIO E PARTICIPAÇÕES S.A.,2024Q2,2024-06-30,2024-08-14,141192
25089,PET CENTER COMÉRCIO E PARTICIPAÇÕES S.A.,2024Q3,2024-09-30,2024-11-06,142639
25089,PET CENTER COMÉRCIO E PARTICIPAÇÕES S.A.,2025Q1,2025-03-31,2025-05-08,147142
25089,PET CENTER COMÉRCIO E PARTICIPAÇÕES S.A.,2025Q2,2025-06-30,2025-08-07,150735
25089,PET CENTER COMÉRCIO E PARTICIPAÇÕES S.A.,2025Q3,2025-09-30,2025-11-05,152709
9512,PETROLEO BRASILEIRO S.A. PETROBRAS,2011Q1,2011-03-31,2011-05-13,7897
9512,PETROLEO BRASILEIRO S.A. PETROBRAS,2011Q2,2011-06-30,2011-08-15,11159
9512,PETROLEO BRASILEIRO S.A. PETROBRAS,2011Q3,2011-09-30,2011-11-11,12812
9512,PETROLEO BRASILEIRO S.A. PETROBRAS,2012Q1,2012-03-31,2012-05-15,17765
9512,PETROLEO BRASILEIRO S.A. PETROBRAS,2012Q2,2012-06-30,2012-08-03,20091
9512,PETROLEO BRASILEIRO S.A. PETROBRAS,2012Q3,2012-09-30,2012-10-26,21933
9512,PETROLEO BRASILEIRO S.A. PETROBRAS,2013Q1,2013-03-31,2013-04-26,26368
9512,PETROLEO BRASILEIRO S.A. PETROBRAS,2013Q2,2013-06-30,2013-08-09,30399
9512,PETROLEO BRASILEIRO S.A. PETROBRAS,2013Q3,2013-09-30,2013-10-25,32053
9512,PETROLEO BRASILEIRO S.A. PETROBRAS,2014Q1,2014-03-31,2014-05-09,37155
9512,PETROLEO BRASILEIRO S.A. PETROBRAS,2014Q2,2014-06-30,2014-08-08,40247
9512,PETROLEO BRASILEIRO S.A. PETROBRAS,2014Q3,2014-09-30,2015-04-22,46082
9512,PETROLEO BRASILEIRO S.A. PETROBRAS,2015Q1,2015-03-31,2015-05-15,47464
9512,PETROLEO BRASILEIRO S.A. PETROBRAS,2015Q2,2015-06-30,2015-08-06,49524
9512,PETROLEO BRASILEIRO S.A. PETROBRAS,2015Q3,2015-09-30,2015-11-12,51686
9512,PETROLEO BRASILEIRO S.A. PETROBRAS,2016Q1,2016-03-31,2016-05-12,56212
9512,PETROLEO BRASILEIRO S.A. PETROBRAS,2016Q2,2016-06-30,2016-08-11,58862
9512,PETROLEO BRASILEIRO S.A. PETROBRAS,2016Q3,2016-09-30,2016-11-10,60695
9512,PETROLEO BRASILEIRO S.A. PETROBRAS,2017Q1,2017-03-31,2017-05-12,65332
9512,PETROLEO BRASILEIRO S.A. PETROBRAS,2017Q2,2017-06-30,2017-08-10,67775
9512,PETROLEO BRASILEIRO S.A. PETROBRAS,2017Q3,2017-09-30,2017-11-13,69862
9512,PETROLEO BRASILEIRO S.A. PETROBRAS,2018Q1,2018-03-31,2018-05-08,73883
9512,PETROLEO BRASILEIRO S.A. PETROBRAS,2018Q2,2018-06-30,2018-08-03,76653
9512,PETROLEO BRASILEIRO S.A. PETROBRAS,2018Q3,2018-09-30,2018-11-06,78661
9512,PETROLEO BRASILEIRO S.A. PETROBRAS,2019Q1,2019-03-31,2019-05-07,82841
9512,PETROLEO BRASILEIRO S.A. PETROBRAS,2019Q2,2019-06-30,2019-08-01,85986
9512,PETROLEO BRASILEIRO S.A. PETROBRAS,2019Q3,2019-09-30,2019-10-24,88808
9512,PETROLEO BRASILEIRO S.A. PETROBRAS,2020Q1,2020-03-31,2020-05-14,93136
9512,PETROLEO BRASILEIRO S.A. PETROBRAS,2020Q2,2020-06-30,2020-07-30,95247
9512,PETROLEO BRASILEIRO S.A. PETROBRAS,2020Q3,2020-09-30,2020-10-28,97925
9512,PETROLEO BRASILEIRO S.A. PETROBRAS,2021Q1,2021-03-31,2021-05-13,104118
9512,PETROLEO BRASILEIRO S.A. PETROBRAS,2021Q2,2021-06-30,2021-08-04,107271
9512,PETROLEO BRASILEIRO S.A. PETROBRAS,2021Q3,2021-09-30,2021-10-28,109302
9512,PETROLEO BRASILEIRO S.A. PETROBRAS,2022Q1,2022-03-31,2022-05-05,114416
9512,PETROLEO BRASILEIRO S.A. PETROBRAS,2022Q2,2022-06-30,2022-07-28,118820
9512,PETROLEO BRASILEIRO S.A. PETROBRAS,2022Q3,2022-09-30,2022-11-03,121328
9512,PETROLEO BRASILEIRO S.A. PETROBRAS,2023Q1,2023-03-31,2023-05-11,126375
9512,PETROLEO BRASILEIRO S.A. PETROBRAS,2023Q2,2023-06-30,2023-08-04,129730
9512,PETROLEO BRASILEIRO S.A. PETROBRAS,2023Q3,2023-09-30,2023-11-09,132143
9512,PETROLEO BRASILEIRO S.A. PETROBRAS,2024Q1,2024-03-31,2024-05-13,137205
9512,PETROLEO BRASILEIRO S.A. PETROBRAS,2024Q2,2024-06-30,2024-08-08,140652
9512,PETROLEO BRASILEIRO S.A. PETROBRAS,2024Q3,2024-09-30,2024-11-07,142766
9512,PETROLEO BRASILEIRO S.A. PETROBRAS,2025Q1,2025-03-31,2025-05-12,147406
9512,PETROLEO BRASILEIRO S.A. PETROBRAS,2025Q2,2025-06-30,2025-08-07,150784
9512,PETROLEO BRASILEIRO S.A. PETROBRAS,2025Q3,2025-09-30,2025-11-06,152792
25780,PETRORECÔNCAVO S.A.,2021Q1,2021-03-31,2021-05-17,104502
25780,PETRORECÔNCAVO S.A.,2021Q2,2021-06-30,2021-08-16,108072
25780,PETRORECÔNCAVO S.A.,2021Q3,2021-09-30,2021-11-10,109704
25780,PETRORECÔNCAVO S.A.,2022Q1,2022-03-31,2022-05-05,114410
25780,PETRORECÔNCAVO S.A.,2022Q2,2022-06-30,2022-08-10,119487
25780,PETRORECÔNCAVO S.A.,2022Q3,2022-09-30,2022-11-10,121793
25780,PETRORECÔNCAVO S.A.,2023Q1,2023-03-31,2023-05-12,126566
25780,PETRORECÔNCAVO S.A.,2023Q2,2023-06-30,2023-08-10,130018
25780,PETRORECÔNCAVO S.A.,2023Q3,2023-09-30,2023-11-09,132127
25780,PETRORECÔNCAVO S.A.,2024Q1,2024-03-31,2024-05-08,136738
25780,PETRORECÔNCAVO S.A.,2024Q2,2024-06-30,2024-08-08,140639
25780,PETRORECÔNCAVO S.A.,2024Q3,2024-09-30,2024-11-07,142769
25780,PETRORECÔNCAVO S.A.,2025Q1,2025-03-31,2025-05-08,147088
25780,PETRORECÔNCAVO S.A.,2025Q2,2025-06-30,2025-08-07,150774
25780,PETRORECÔNCAVO S.A.,2025Q3,2025-09-30,2025-11-06,152784
13471,PLASCAR PARTICIPACOES INDUSTRIAIS S.A.,2011Q1,2011-03-31,2011-05-16,8000
13471,PLASCAR PARTICIPACOES INDUSTRIAIS S.A.,2011Q2,2011-06-30,2011-07-29,10399
13471,PLASCAR PARTICIPACOES INDUSTRIAIS S.A.,2011Q3,2011-09-30,2011-10-28,12228
13471,PLASCAR PARTICIPACOES INDUSTRIAIS S.A.,2012Q1,2012-03-31,2012-05-14,17448
13471,PLASCAR PARTICIPACOES INDUSTRIAIS S.A.,2012Q2,2012-06-30,2012-08-07,20153
13471,PLASCAR PARTICIPACOES INDUSTRIAIS S.A.,2012Q3,2012-09-30,2012-11-08,22222
13471,PLASCAR PARTICIPACOES INDUSTRIAIS S.A.,2013Q1,2013-03-31,2013-05-08,26888
13471,PLASCAR PARTICIPACOES INDUSTRIAIS S.A.,2013Q2,2013-06-30,2013-08-13,30499
13471,PLASCAR PARTICIPACOES INDUSTRIAIS S.A.,2013Q3,2013-09-30,2013-10-28,32077
13471,PLASCAR PARTICIPACOES INDUSTRIAIS S.A.,2014Q1,2014-03-31,2014-05-13,37443
13471,PLASCAR PARTICIPACOES INDUSTRIAIS S.A.,2014Q2,2014-06-30,2014-07-18,39811
13471,PLASCAR PARTICIPACOES INDUSTRIAIS S.A.,2014Q3,2014-09-30,2014-10-28,41825
13471,PLASCAR PARTICIPACOES INDUSTRIAIS S.A.,2015Q1,2015-03-31,2015-04-28,46173
13471,PLASCAR PARTICIPACOES INDUSTRIAIS S.A.,2015Q2,2015-06-30,2015-07-29,49312
13471,PLASCAR PARTICIPACOES INDUSTRIAIS S.A.,2015Q3,2015-09-30,2015-10-27,51115
13471,PLASCAR PARTICIPACOES INDUSTRIAIS S.A.,2016Q1,2016-03-31,2016-05-11,56039
13471,PLASCAR PARTICIPACOES INDUSTRIAIS S.A.,2016Q2,2016-06-30,2016-08-01,58376
13471,PLASCAR PARTICIPACOES INDUSTRIAIS S.A.,2016Q3,2016-09-30,2016-11-08,60468
13471,PLASCAR PARTICIPACOES INDUSTRIAIS S.A.,2017Q1,2017-03-31,2017-05-08,64831
13471,PLASCAR PARTICIPACOES INDUSTRIAIS S.A.,2017Q2,2017-06-30,2017-08-08,67590
13471,PLASCAR PARTICIPACOES INDUSTRIAIS S.A.,2017Q3,2017-09-30,2017-10-31,69375
13471,PLASCAR PARTICIPACOES INDUSTRIAIS S.A.,2018Q1,2018-03-31,2018-04-27,73566
13471,PLASCAR PARTICIPACOES INDUSTRIAIS S.A.,2018Q2,2018-06-30,2018-08-13,76976
13471,PLASCAR PARTICIPACOES INDUSTRIAIS S.A.,2018Q3,2018-09-30,2018-11-05,78642
13471,PLASCAR PARTICIPACOES INDUSTRIAIS S.A.,2019Q1,2019-03-31,2019-05-15,83521
13471,PLASCAR PARTICIPACOES INDUSTRIAIS S.A.,2019Q2,2019-06-30,2019-08-08,86171
13471,PLASCAR PARTICIPACOES INDUSTRIAIS S.A.,2019Q3,2019-09-30,2019-11-06,89058
13471,PLASCAR PARTICIPACOES INDUSTRIAIS S.A.,2020Q1,2020-03-31,2020-06-29,94379
13471,PLASCAR PARTICIPACOES INDUSTRIAIS S.A.,2020Q2,2020-06-30,2020-08-13,96004
13471,PLASCAR PARTICIPACOES INDUSTRIAIS S.A.,2020Q3,2020-09-30,2020-11-11,98232
13471,PLASCAR PARTICIPACOES INDUSTRIAIS S.A.,2021Q1,2021-03-31,2021-05-11,103771
13471,PLASCAR PARTICIPACOES INDUSTRIAIS S.A.,2021Q2,2021-06-30,2021-08-10,107445
13471,PLASCAR PARTICIPACOES INDUSTRIAIS S.A.,2021Q3,2021-09-30,2021-11-09,109578
13471,PLASCAR PARTICIPACOES INDUSTRIAIS S.A.,2022Q1,2022-03-31,2022-05-10,114631
13471,PLASCAR PARTICIPACOES INDUSTRIAIS S.A.,2022Q2,2022-06-30,2022-08-09,119332
13471,PLASCAR PARTICIPACOES INDUSTRIAIS S.A.,2022Q3,2022-09-30,2022-11-10,121639
13471,PLASCAR PARTICIPACOES INDUSTRIAIS S.A.,2023Q1,2023-03-31,2023-05-15,126695
13471,PLASCAR PARTICIPACOES INDUSTRIAIS S.A.,2023Q2,2023-06-30,2023-08-10,129983
13471,PLASCAR PARTICIPACOES INDUSTRIAIS S.A.,2023Q3,2023-09-30,2023-11-10,132195
13471,PLASCAR PARTICIPACOES INDUSTRIAIS S.A.,2024Q1,2024-03-31,2024-05-09,136831
13471,PLASCAR PARTICIPACOES INDUSTRIAIS S.A.,2024Q2,2024-06-30,2024-08-14,140969
13471,PLASCAR PARTICIPACOES INDUSTRIAIS S.A.,2024Q3,2024-09-30,2024-11-11,142833
13471,PLASCAR PARTICIPACOES INDUSTRIAIS S.A.,2025Q1,2025-03-31,2025-05-13,147443
13471,PLASCAR PARTICIPACOES INDUSTRIAIS S.A.,2025Q2,2025-06-30,2025-08-13,151090
13471,PLASCAR PARTICIPACOES INDUSTRIAIS S.A.,2025Q3,2025-09-30,2025-11-12,153024
20362,POSITIVO TECNOLOGIA S.A.,2011Q1,2011-03-31,2011-05-12,7693
20362,POSITIVO TECNOLOGIA S.A.,2011Q2,2011-06-30,2011-08-12,10959
20362,POSITIVO TECNOLOGIA S.A.,2011Q3,2011-09-30,2011-11-10,12599
20362,POSITIVO TECNOLOGIA S.A.,2012Q1,2012-03-31,2012-05-09,17123
20362,POSITIVO TECNOLOGIA S.A.,2012Q2,2012-06-30,2012-08-14,20580
20362,POSITIVO TECNOLOGIA S.A.,2012Q3,2012-09-30,2012-11-08,22233
20362,POSITIVO TECNOLOGIA S.A.,2013Q1,2013-03-31,2013-05-09,26999
20362,POSITIVO TECNOLOGIA S.A.,2013Q2,2013-06-30,2013-08-08,30346
20362,POSITIVO TECNOLOGIA S.A.,2013Q3,2013-09-30,2013-11-11,32548
20362,POSITIVO TECNOLOGIA S.A.,2014Q1,2014-03-31,2014-05-08,37038
20362,POSITIVO TECNOLOGIA S.A.,2014Q2,2014-06-30,2014-08-06,40169
20362,POSITIVO TECNOLOGIA S.A.,2014Q3,2014-09-30,2014-11-10,42209
20362,POSITIVO TECNOLOGIA S.A.,2015Q1,2015-03-31,2015-05-15,47298
20362,POSITIVO TECNOLOGIA S.A.,2015Q2,2015-06-30,2015-08-14,50194
20362,POSITIVO TECNOLOGIA S.A.,2015Q3,2015-09-30,2015-11-13,51948
20362,POSITIVO TECNOLOGIA S.A.,2016Q1,2016-03-31,2016-05-13,56510
20362,POSITIVO TECNOLOGIA S.A.,2016Q2,2016-06-30,2016-08-09,58620
20362,POSITIVO TECNOLOGIA S.A.,2016Q3,2016-09-30,2016-11-10,60667
20362,POSITIVO TECNOLOGIA S.A.,2017Q1,2017-03-31,2017-05-11,65290
20362,POSITIVO TECNOLOGIA S.A.,2017Q2,2017-06-30,2017-08-09,67678
20362,POSITIVO TECNOLOGIA S.A.,2017Q3,2017-09-30,2017-11-13,69860
20362,POSITIVO TECNOLOGIA S.A.,2018Q1,2018-03-31,2018-05-14,74503
20362,POSITIVO TECNOLOGIA S.A.,2018Q2,2018-06-30,2018-08-14,77362
20362,POSITIVO TECNOLOGIA S.A.,2018Q3,2018-09-30,2018-11-12,79017
20362,POSITIVO TECNOLOGIA S.A.,2019Q1,2019-03-31,2019-05-15,83733
20362,POSITIVO TECNOLOGIA S.A.,2019Q2,2019-06-30,2019-08-14,86646
20362,POSITIVO TECNOLOGIA S.A.,2019Q3,2019-09-30,2019-11-13,89459
20362,POSITIVO TECNOLOGIA S.A.,2020Q1,2020-03-31,2020-06-08,93901
20362,POSITIVO TECNOLOGIA S.A.,2020Q2,2020-06-30,2020-08-13,96047
20362,POSITIVO TECNOLOGIA S.A.,2020Q3,2020-09-30,2020-11-09,98129
20362,POSITIVO TECNOLOGIA S.A.,2021Q1,2021-03-31,2021-05-12,103925
20362,POSITIVO TECNOLOGIA S.A.,2021Q2,2021-06-30,2021-08-10,107463
20362,POSITIVO TECNOLOGIA S.A.,2021Q3,2021-09-30,2021-11-10,109692
20362,POSITIVO TECNOLOGIA S.A.,2022Q1,2022-03-31,2022-05-11,114826
20362,POSITIVO TECNOLOGIA S.A.,2022Q2,2022-06-30,2022-08-10,119455
20362,POSITIVO TECNOLOGIA S.A.,2022Q3,2022-09-30,2022-11-09,121554
20362,POSITIVO TECNOLOGIA S.A.,2023Q1,2023-03-31,2023-05-18,127028
20362,POSITIVO TECNOLOGIA S.A.,2023Q2,2023-06-30,2023-08-09,129909
20362,POSITIVO TECNOLOGIA S.A.,2023Q3,2023-09-30,2023-11-13,132345
20362,POSITIVO TECNOLOGIA S.A.,2024Q1,2024-03-31,2024-05-14,137325
20362,POSITIVO TECNOLOGIA S.A.,2024Q2,2024-06-30,2024-08-14,141172
20362,POSITIVO TECNOLOGIA S.A.,2024Q3,2024-09-30,2024-11-13,143103
20362,POSITIVO TECNOLOGIA S.A.,2025Q1,2025-03-31,2025-05-14,147708
20362,POSITIVO TECNOLOGIA S.A.,2025Q2,2025-06-30,2025-08-13,151157
20362,POSITIVO TECNOLOGIA S.A.,2025Q3,2025-09-30,2025-11-12,153041
22187,PRIO S.A.,2011Q1,2011-03-31,2011-05-14,7970
22187,PRIO S.A.,2011Q2,2011-06-30,2011-08-11,10741
22187,PRIO S.A.,2011Q3,2011-09-30,2011-11-10,12523
22187,PRIO S.A.,2012Q1,2012-03-31,2012-05-10,17335
22187,PRIO S.A.,2012Q2,2012-06-30,2012-08-09,20260
22187,PRIO S.A.,2012Q3,2012-09-30,2012-11-12,22388
22187,PRIO S.A.,2013Q1,2013-03-31,2013-05-15,27457
22187,PRIO S.A.,2013Q2,2013-06-30,2013-08-14,30557
22187,PRIO S.A.,2013Q3,2013-09-30,2013-11-13,32813
22187,PRIO S.A.,2014Q1,2014-03-31,2014-05-14,37648
22187,PRIO S.A.,2014Q2,2014-06-30,2014-08-14,40752
22187,PRIO S.A.,2014Q3,2014-09-30,2014-11-13,42442
22187,PRIO S.A.,2015Q1,2015-03-31,2015-05-14,47230
22187,PRIO S.A.,2015Q2,2015-06-30,2015-08-20,50337
22187,PRIO S.A.,2015Q3,2015-09-30,2015-11-12,51646
22187,PRIO S.A.,2016Q1,2016-03-31,2016-05-12,56247
22187,PRIO S.A.,2016Q2,2016-06-30,2016-08-11,58880
22187,PRIO S.A.,2016Q3,2016-09-30,2016-11-14,61016
22187,PRIO S.A.,2017Q1,2017-03-31,2017-05-12,65455
22187,PRIO S.A.,2017Q2,2017-06-30,2017-08-09,67688
22187,PRIO S.A.,2017Q3,2017-09-30,2017-11-09,69654
22187,PRIO S.A.,2018Q1,2018-03-31,2018-05-10,74261
22187,PRIO S.A.,2018Q2,2018-06-30,2018-08-09,76886
22187,PRIO S.A.,2018Q3,2018-09-30,2018-10-30,78463
22187,PRIO S.A.,2019Q1,2019-03-31,2019-05-15,83785
22187,PRIO S.A.,2019Q2,2019-06-30,2020-08-28,96592
22187,PRIO S.A.,2019Q3,2019-09-30,2020-11-04,98011
22187,PRIO S.A.,2020Q1,2020-03-31,2020-11-04,98020
22187,PRIO S.A.,2020Q2,2020-06-30,2020-08-28,96591
22187,PRIO S.A.,2020Q3,2020-09-30,2020-11-18,98772
22187,PRIO S.A.,2021Q1,2021-03-31,2021-05-03,103325
22187,PRIO S.A.,2021Q2,2021-06-30,2021-08-02,107171
22187,PRIO S.A.,2021Q3,2021-09-30,2021-11-05,109478
22187,PRIO S.A.,2022Q1,2022-03-31,2022-05-04,114282
22187,PRIO S.A.,2022Q2,2022-06-30,2022-08-03,119205
22187,PRIO S.A.,2022Q3,2022-09-30,2022-10-31,121259
22187,PRIO S.A.,2023Q1,2023-03-31,2023-05-03,125710
22187,PRIO S.A.,2023Q2,2023-06-30,2023-08-02,129676
22187,PRIO S.A.,2023Q3,2023-09-30,2023-10-31,131719
22187,PRIO S.A.,2024Q1,2024-03-31,2024-05-07,136634
22187,PRIO S.A.,2024Q2,2024-06-30,2024-08-06,140433
22187,PRIO S.A.,2024Q3,2024-09-30,2024-11-05,142576
22187,PRIO S.A.,2025Q1,2025-03-31,2025-05-06,146892
22187,PRIO S.A.,2025Q2,2025-06-30,2025-08-05,150614
22187,PRIO S.A.,2025Q3,2025-09-30,2025-11-04,152656
5258,RAIA DROGASIL S.A.,2011Q1,2011-03-31,2011-05-11,7583
5258,RAIA DROGASIL S.A.,2011Q2,2011-06-30,2011-08-10,10708
5258,RAIA DROGASIL S.A.,2011Q3,2011-09-30,2011-11-09,12471
5258,RAIA DROGASIL S.A.,2012Q1,2012-03-31,2012-05-10,17279
5258,RAIA DROGASIL S.A.,2012Q2,2012-06-30,2012-08-09,20228
5258,RAIA DROGASIL S.A.,2012Q3,2012-09-30,2012-11-13,22453
5258,RAIA DROGASIL S.A.,2013Q1,2013-03-31,2013-05-09,27032
5258,RAIA DROGASIL S.A.,2013Q2,2013-06-30,2013-08-08,30332
5258,RAIA DROGASIL S.A.,2013Q3,2013-09-30,2013-11-07,32435
5258,RAIA DROGASIL S.A.,2014Q1,2014-03-31,2014-05-08,37059
5258,RAIA DROGASIL S.A.,2014Q2,2014-06-30,2014-08-07,40205
5258,RAIA DROGASIL S.A.,2014Q3,2014-09-30,2014-11-06,42091
5258,RAIA DROGASIL S.A.,2015Q1,2015-03-31,2015-04-29,46215
5258,RAIA DROGASIL S.A.,2015Q2,2015-06-30,2015-07-30,49342
5258,RAIA DROGASIL S.A.,2015Q3,2015-09-30,2015-10-29,51182
5258,RAIA DROGASIL S.A.,2016Q1,2016-03-31,2016-04-28,55338
5258,RAIA DROGASIL S.A.,2016Q2,2016-06-30,2016-08-04,58482
5258,RAIA DROGASIL S.A.,2016Q3,2016-09-30,2016-10-27,60212
5258,RAIA DROGASIL S.A.,2017Q1,2017-03-31,2017-04-27,64484
5258,RAIA DROGASIL S.A.,2017Q2,2017-06-30,2017-07-27,67368
5258,RAIA DROGASIL S.A.,2017Q3,2017-09-30,2017-10-26,69280
5258,RAIA DROGASIL S.A.,2018Q1,2018-03-31,2018-05-02,73653
5258,RAIA DROGASIL S.A.,2018Q2,2018-06-30,2018-07-30,76564
5258,RAIA DROGASIL S.A.,2018Q3,2018-09-30,2018-10-30,78426
5258,RAIA DROGASIL S.A.,2019Q1,2019-03-31,2019-04-29,82498
5258,RAIA DROGASIL S.A.,2019Q2,2019-06-30,2019-08-06,86087
5258,RAIA DROGASIL S.A.,2019Q3,2019-09-30,2019-10-29,88882
5258,RAIA DROGASIL S.A.,2020Q1,2020-03-31,2020-04-28,92564
5258,RAIA DROGASIL S.A.,2020Q2,2020-06-30,2020-08-11,95911
5258,RAIA DROGASIL S.A.,2020Q3,2020-09-30,2020-10-27,97898
5258,RAIA DROGASIL S.A.,2021Q1,2021-03-31,2021-05-11,103829
5258,RAIA DROGASIL S.A.,2021Q2,2021-06-30,2021-08-10,107470
5258,RAIA DROGASIL S.A.,2021Q3,2021-09-30,2021-11-09,109602
5258,RAIA DROGASIL S.A.,2022Q1,2022-03-31,2022-05-04,114265
5258,RAIA DROGASIL S.A.,2022Q2,2022-06-30,2022-07-29,118970
5258,RAIA DROGASIL S.A.,2022Q3,2022-09-30,2022-10-31,121261
5258,RAIA DROGASIL S.A.,2023Q1,2023-03-31,2023-05-03,125685
5258,RAIA DROGASIL S.A.,2023Q2,2023-06-30,2023-08-08,129835
5258,RAIA DROGASIL S.A.,2023Q3,2023-09-30,2023-10-31,131720
5258,RAIA DROGASIL S.A.,2024Q1,2024-03-31,2024-05-07,136628
5258,RAIA DROGASIL S.A.,2024Q2,2024-06-30,2024-08-28,141470
5258,RAIA DROGASIL S.A.,2024Q3,2024-09-30,2024-11-07,142672
5258,RAIA DROGASIL S.A.,2025Q1,2025-03-31,2025-05-06,146891
5258,RAIA DROGASIL S.A.,2025Q2,2025-06-30,2025-08-05,150610
5258,RAIA DROGASIL S.A.,2025Q3,2025-09-30,2025-11-04,152662
14109,RANDON S.A. IMPLEMENTOS E PARTICIPACOES,2011Q1,2011-03-31,2011-05-09,7378
14109,RANDON S.A. IMPLEMENTOS E PARTICIPACOES,2011Q2,2011-06-30,2011-08-09,10630
14109,RANDON S.A. IMPLEMENTOS E PARTICIPACOES,2011Q3,2011-09-30,2011-11-08,12415
14109,RANDON S.A. IMPLEMENTOS E PARTICIPACOES,2012Q1,2012-03-31,2012-05-08,16998
14109,RANDON S.A. IMPLEMENTOS E PARTICIPACOES,2012Q2,2012-06-30,2012-08-08,20186
14109,RANDON S.A. IMPLEMENTOS E PARTICIPACOES,2012Q3,2012-09-30,2012-11-12,22334
14109,RANDON S.A. IMPLEMENTOS E PARTICIPACOES,2013Q1,2013-03-31,2013-05-08,26878
14109,RANDON S.A. IMPLEMENTOS E PARTICIPACOES,2013Q2,2013-06-30,2013-08-08,30317
14109,RANDON S.A. IMPLEMENTOS E PARTICIPACOES,2013Q3,2013-09-30,2013-11-07,32423
14109,RANDON S.A. IMPLEMENTOS E PARTICIPACOES,2014Q1,2014-03-31,2014-05-08,37012
14109,RANDON S.A. IMPLEMENTOS E PARTICIPACOES,2014Q2,2014-06-30,2014-08-07,40188
14109,RANDON S.A. IMPLEMENTOS E PARTICIPACOES,2014Q3,2014-09-30,2014-11-10,42184
14109,RANDON S.A. IMPLEMENTOS E PARTICIPACOES,2015Q1,2015-03-31,2015-05-13,47066
14109,RANDON S.A. IMPLEMENTOS E PARTICIPACOES,2015Q2,2015-06-30,2015-08-12,49708
14109,RANDON S.A. IMPLEMENTOS E PARTICIPACOES,2015Q3,2015-09-30,2015-11-11,51514
14109,RANDON S.A. IMPLEMENTOS E PARTICIPACOES,2016Q1,2016-03-31,2016-05-12,56169
14109,RANDON S.A. IMPLEMENTOS E PARTICIPACOES,2016Q2,2016-06-30,2016-08-11,58804
14109,RANDON S.A. IMPLEMENTOS E PARTICIPACOES,2016Q3,2016-09-30,2016-11-10,60656
14109,RANDON S.A. IMPLEMENTOS E PARTICIPACOES,2017Q1,2017-03-31,2017-05-10,65061
14109,RANDON S.A. IMPLEMENTOS E PARTICIPACOES,2017Q2,2017-06-30,2017-08-09,67644
14109,RANDON S.A. IMPLEMENTOS E PARTICIPACOES,2017Q3,2017-09-30,2017-11-09,69628
14109,RANDON S.A. IMPLEMENTOS E PARTICIPACOES,2018Q1,2018-03-31,2018-05-10,74186
14109,RANDON S.A. IMPLEMENTOS E PARTICIPACOES,2018Q2,2018-06-30,2018-08-08,76786
14109,RANDON S.A. IMPLEMENTOS E PARTICIPACOES,2018Q3,2018-09-30,2018-11-08,78805
14109,RANDON S.A. IMPLEMENTOS E PARTICIPACOES,2019Q1,2019-03-31,2019-05-09,83031
14109,RANDON S.A. IMPLEMENTOS E PARTICIPACOES,2019Q2,2019-06-30,2019-08-13,86425
14109,RANDON S.A. IMPLEMENTOS E PARTICIPACOES,2019Q3,2019-09-30,2019-11-13,89442
14109,RANDON S.A. IMPLEMENTOS E PARTICIPACOES,2020Q1,2020-03-31,2020-06-04,93813
14109,RANDON S.A. IMPLEMENTOS E PARTICIPACOES,2020Q2,2020-06-30,2020-08-13,96020
14109,RANDON S.A. IMPLEMENTOS E PARTICIPACOES,2020Q3,2020-09-30,2020-11-12,98346
14109,RANDONCORP S.A.,2021Q1,2021-03-31,2022-09-13,120559
14109,RANDONCORP S.A.,2021Q2,2021-06-30,2022-09-13,120560
14109,RANDONCORP S.A.,2021Q3,2021-09-30,2022-09-13,120561
14109,RANDONCORP S.A.,2022Q1,2022-03-31,2022-09-13,120562
14109,RANDONCORP S.A.,2022Q2,2022-06-30,2022-09-15,120586
14109,RANDONCORP S.A.,2022Q3,2022-09-30,2022-11-17,122212
14109,RANDONCORP S.A.,2023Q1,2023-03-31,2023-05-10,126114
14109,RANDONCORP S.A.,2023Q2,2023-06-30,2023-08-09,129877
14109,RANDONCORP S.A.,2023Q3,2023-09-30,2023-11-09,132056
14109,RANDONCORP S.A.,2024Q1,2024-03-31,2024-05-08,136714
14109,RANDONCORP S.A.,2024Q2,2024-06-30,2024-08-07,140488
14109,RANDONCORP S.A.,2024Q3,2024-09-30,2024-11-07,142739
14109,RANDONCORP S.A.,2025Q1,2025-03-31,2025-05-08,147082
14109,RANDONCORP S.A.,2025Q2,2025-06-30,2025-08-08,150797
14109,RANDONCORP S.A.,2025Q3,2025-09-30,2025-11-12,153043
25917,RAÍZEN S.A.,2020Q2,2020-06-30,2021-03-16,100994
25917,RAÍZEN S.A.,2020Q3,2020-09-30,2021-03-16,100995
25917,RAÍZEN S.A.,2021Q2,2021-06-30,2021-08-12,107733
25917,RAÍZEN S.A.,2021Q3,2021-09-30,2021-11-11,109877
25917,RAÍZEN S.A.,2022Q2,2022-06-30,2022-08-11,119587
25917,RAÍZEN S.A.,2022Q3,2022-09-30,2022-11-10,121792
25917,RAÍZEN S.A.,2023Q2,2023-06-30,2023-08-14,130365
25917,RAÍZEN S.A.,2023Q3,2023-09-30,2023-11-13,132374
25917,RAÍZEN S.A.,2024Q2,2024-06-30,2024-08-13,140939
25917,RAÍZEN S.A.,2024Q3,2024-09-30,2024-11-12,142997
25917,RAÍZEN S.A.,2025Q2,2025-06-30,2025-08-13,151153
25917,RAÍZEN S.A.,2025Q3,2025-09-30,2025-11-14,153335
24821,REDE D'OR SÃO LUIZ S.A.,2019Q1,2019-03-31,2020-11-15,98606
24821,REDE D'OR SÃO LUIZ S.A.,2019Q2,2019-06-30,2020-11-15,98607
24821,REDE D'OR SÃO LUIZ S.A.,2019Q3,2019-09-30,2020-11-15,98608
24821,REDE D'OR SÃO LUIZ S.A.,2020Q1,2020-03-31,2020-11-15,98609
24821,REDE D'OR SÃO LUIZ S.A.,2020Q2,2020-06-30,2020-11-15,98610
24821,REDE D'OR SÃO LUIZ S.A.,2020Q3,2020-09-30,2020-11-16,98627
24821,REDE D'OR SÃO LUIZ S.A.,2021Q1,2021-03-31,2021-05-17,104392
24821,REDE D'OR SÃO LUIZ S.A.,2021Q2,2021-06-30,2021-08-03,107242
24821,REDE D'OR SÃO LUIZ S.A.,2021Q3,2021-09-30,2021-11-03,109395
24821,REDE D'OR SÃO LUIZ S.A.,2022Q1,2022-03-31,2022-05-12,115002
24821,REDE D'OR SÃO LUIZ S.A.,2022Q2,2022-06-30,2022-08-15,119960
24821,REDE D'OR SÃO LUIZ S.A.,2022Q3,2022-09-30,2022-11-09,121587
24821,REDE D'OR SÃO LUIZ S.A.,2023Q1,2023-03-31,2024-03-27,135180
24821,REDE D'OR SÃO LUIZ S.A.,2023Q2,2023-06-30,2024-03-27,135178
24821,REDE D'OR SÃO LUIZ S.A.,2023Q3,2023-09-30,2024-03-27,135179
24821,REDE D'OR SÃO LUIZ S.A.,2024Q1,2024-03-31,2024-05-06,136515
24821,REDE D'OR SÃO LUIZ S.A.,2024Q2,2024-06-30,2024-08-13,140920
24821,REDE D'OR SÃO LUIZ S.A.,2024Q3,2024-09-30,2024-11-13,143122
24821,REDE D'OR SÃO LUIZ S.A.,2025Q1,2025-03-31,2025-05-07,146968
24821,REDE D'OR SÃO LUIZ S.A.,2025Q2,2025-06-30,2025-08-06,150649
24821,REDE D'OR SÃO LUIZ S.A.,2025Q3,2025-09-30,2025-11-05,152693
20893,REDECARD S/A,2011Q1,2011-03-31,2011-06-20,9773
20893,REDECARD S/A,2011Q2,2011-06-30,2011-07-27,10344
20893,REDECARD S/A,2011Q3,2011-09-30,2011-10-26,12179
20893,REDECARD S/A,2012Q1,2012-03-31,2012-04-20,16312
20893,REDECARD S/A,2012Q2,2012-06-30,2012-07-20,19784
9989,REFINARIA DE PETROLEOS MANGUINHOS S.A.,2011Q1,2011-03-31,2011-07-31,10421
9989,REFINARIA DE PETROLEOS MANGUINHOS S.A.,2011Q2,2011-06-30,2011-09-30,11894
9989,REFINARIA DE PETROLEOS MANGUINHOS S.A.,2011Q3,2011-09-30,2011-11-15,12993
9989,REFINARIA DE PETROLEOS MANGUINHOS S.A.,2012Q1,2012-03-31,2012-07-04,19557
9989,REFINARIA DE PETROLEOS MANGUINHOS S.A.,2012Q2,2012-06-30,2012-09-26,21450
9989,REFINARIA DE PETROLEOS MANGUINHOS S.A.,2012Q3,2012-09-30,2012-11-27,22960
9989,REFINARIA DE PETROLEOS MANGUINHOS S.A.,2013Q1,2013-03-31,2017-03-01,62827
9989,REFINARIA DE PETROLEOS MANGUINHOS S.A.,2013Q2,2013-06-30,2017-03-01,62829
9989,REFINARIA DE PETROLEOS MANGUINHOS S.A.,2013Q3,2013-09-30,2017-03-01,62830
9989,REFINARIA DE PETROLEOS MANGUINHOS S.A.,2014Q1,2014-03-31,2017-03-01,62832
9989,REFINARIA DE PETROLEOS MANGUINHOS S.A.,2014Q2,2014-06-30,2017-03-01,62833
9989,REFINARIA DE PETROLEOS MANGUINHOS S.A.,2014Q3,2014-09-30,2017-03-01,62834
9989,REFINARIA DE PETROLEOS MANGUINHOS S.A.,2015Q1,2015-03-31,2017-03-09,63022
9989,REFINARIA DE PETROLEOS MANGUINHOS S.A.,2015Q2,2015-06-30,2017-03-09,63025
9989,REFINARIA DE PETROLEOS MANGUINHOS S.A.,2015Q3,2015-09-30,2017-03-09,63026
9989,REFINARIA DE PETROLEOS MANGUINHOS S.A.,2016Q1,2016-03-31,2016-05-27,56915
9989,REFINARIA DE PETROLEOS MANGUINHOS S.A.,2016Q2,2016-06-30,2016-08-15,59207
9989,REFINARIA DE PETROLEOS MANGUINHOS S.A.,2016Q3,2016-09-30,2017-01-16,61993
9989,REFINARIA DE PETROLEOS MANGUINHOS S.A.,2017Q1,2017-03-31,2017-08-21,68342
9989,REFINARIA DE PETROLEOS MANGUINHOS S.A.,2017Q2,2017-06-30,2018-02-26,71757
9989,REFINARIA DE PETROLEOS MANGUINHOS S.A.,2017Q3,2017-09-30,2018-03-08,72117
9989,REFINARIA DE PETROLEOS MANGUINHOS S.A.,2018Q1,2018-03-31,2018-10-30,78367
9989,REFINARIA DE PETROLEOS MANGUINHOS S.A.,2018Q2,2018-06-30,2019-03-04,81044
9989,REFINARIA DE PETROLEOS MANGUINHOS S.A.,2018Q3,2018-09-30,2019-03-11,81118
9989,REFINARIA DE PETROLEOS MANGUINHOS S.A.,2019Q1,2019-03-31,2019-07-19,85474
9989,REFINARIA DE PETROLEOS MANGUINHOS S.A.,2019Q2,2019-06-30,2019-08-19,86886
9989,REFINARIA DE PETROLEOS MANGUINHOS S.A.,2019Q3,2019-09-30,2019-11-27,89839
9989,REFINARIA DE PETROLEOS MANGUINHOS S.A.,2020Q1,2020-03-31,2020-06-29,94383
9989,REFINARIA DE PETROLEOS MANGUINHOS S.A.,2020Q2,2020-06-30,2020-08-31,96712
9989,REFINARIA DE PETROLEOS MANGUINHOS S.A.,2020Q3,2020-09-30,2020-11-16,98662
9989,REFINARIA DE PETROLEOS MANGUINHOS S.A.,2021Q1,2021-03-31,2021-05-17,104436
9989,REFINARIA DE PETROLEOS MANGUINHOS S.A.,2021Q2,2021-06-30,2021-08-16,107992
9989,REFINARIA DE PETROLEOS MANGUINHOS S.A.,2021Q3,2021-09-30,2021-11-16,110154
9989,REFINARIA DE PETROLEOS MANGUINHOS S.A.,2022Q1,2022-03-31,2022-05-16,115284
9989,REFINARIA DE PETROLEOS MANGUINHOS S.A.,2022Q2,2022-06-30,2022-08-15,119896
9989,REFINARIA DE PETROLEOS MANGUINHOS S.A.,2022Q3,2022-09-30,2022-11-14,122018
9989,REFINARIA DE PETROLEOS MANGUINHOS S.A.,2023Q1,2023-03-31,2023-09-01,130799
9989,REFINARIA DE PETROLEOS MANGUINHOS S.A.,2023Q2,2023-06-30,2023-09-04,130827
9989,REFINARIA DE PETROLEOS MANGUINHOS S.A.,2023Q3,2023-09-30,2023-11-14,132549
9989,REFINARIA DE PETROLEOS MANGUINHOS S.A.,2024Q1,2024-03-31,2024-08-13,140884
9989,REFINARIA DE PETROLEOS MANGUINHOS S.A.,2024Q2,2024-06-30,2024-08-14,140976
9989,REFINARIA DE PETROLEOS MANGUINHOS S.A.,2024Q3,2024-09-30,2024-11-14,143288
9989,REFINARIA DE PETROLEOS MANGUINHOS S.A.,2025Q1,2025-03-31,2025-05-15,147874
9989,REFINARIA DE PETROLEOS MANGUINHOS S.A.,2025Q2,2025-06-30,2025-08-14,151246
16306,ROSSI RESIDENCIAL S.A. - EM RECUPERAÇÃO JUDICIAL,2011Q1,2011-03-31,2012-10-11,21666
16306,ROSSI RESIDENCIAL S.A. - EM RECUPERAÇÃO JUDICIAL,2011Q2,2011-06-30,2012-10-11,21667
16306,ROSSI RESIDENCIAL S.A. - EM RECUPERAÇÃO JUDICIAL,2011Q3,2011-09-30,2012-11-13,22503
16306,ROSSI RESIDENCIAL S.A. - EM RECUPERAÇÃO JUDICIAL,2012Q1,2012-03-31,2012-10-12,21669
16306,ROSSI RESIDENCIAL S.A. - EM RECUPERAÇÃO JUDICIAL,2012Q2,2012-06-30,2012-10-12,21670
16306,ROSSI RESIDENCIAL S.A. - EM RECUPERAÇÃO JUDICIAL,2012Q3,2012-09-30,2012-11-28,22976
16306,ROSSI RESIDENCIAL S.A. - EM RECUPERAÇÃO JUDICIAL,2013Q1,2013-03-31,2013-08-14,30870
16306,ROSSI RESIDENCIAL S.A. - EM RECUPERAÇÃO JUDICIAL,2013Q2,2013-06-30,2013-08-14,30871
16306,ROSSI RESIDENCIAL S.A. - EM RECUPERAÇÃO JUDICIAL,2013Q3,2013-09-30,2013-11-13,32809
16306,ROSSI RESIDENCIAL S.A. - EM RECUPERAÇÃO JUDICIAL,2014Q1,2014-03-31,2014-05-14,37647
16306,ROSSI RESIDENCIAL S.A. - EM RECUPERAÇÃO JUDICIAL,2014Q2,2014-06-30,2014-08-15,40794
16306,ROSSI RESIDENCIAL S.A. - EM RECUPERAÇÃO JUDICIAL,2014Q3,2014-09-30,2014-11-14,42521
16306,ROSSI RESIDENCIAL S.A. - EM RECUPERAÇÃO JUDICIAL,2015Q1,2015-03-31,2015-05-14,47246
16306,ROSSI RESIDENCIAL S.A. - EM RECUPERAÇÃO JUDICIAL,2015Q2,2015-06-30,2015-08-12,49756
16306,ROSSI RESIDENCIAL S.A. - EM RECUPERAÇÃO JUDICIAL,2015Q3,2015-09-30,2015-11-10,51471
16306,ROSSI RESIDENCIAL S.A. - EM RECUPERAÇÃO JUDICIAL,2016Q1,2016-03-31,2016-05-12,56234
16306,ROSSI RESIDENCIAL S.A. - EM RECUPERAÇÃO JUDICIAL,2016Q2,2016-06-30,2016-08-11,58875
16306,ROSSI RESIDENCIAL S.A. - EM RECUPERAÇÃO JUDICIAL,2016Q3,2016-09-30,2016-11-10,60676
16306,ROSSI RESIDENCIAL S.A. - EM RECUPERAÇÃO JUDICIAL,2017Q1,2017-03-31,2017-05-11,65269
16306,ROSSI RESIDENCIAL S.A. - EM RECUPERAÇÃO JUDICIAL,2017Q2,2017-06-30,2017-08-14,68089
16306,ROSSI RESIDENCIAL S.A. - EM RECUPERAÇÃO JUDICIAL,2017Q3,2017-09-30,2017-11-13,69840
16306,ROSSI RESIDENCIAL S.A. - EM RECUPERAÇÃO JUDICIAL,2018Q1,2018-03-31,2018-05-14,74510
16306,ROSSI RESIDENCIAL S.A. - EM RECUPERAÇÃO JUDICIAL,2018Q2,2018-06-30,2018-08-13,77078
16306,ROSSI RESIDENCIAL S.A. - EM RECUPERAÇÃO JUDICIAL,2018Q3,2018-09-30,2018-11-13,79166
16306,ROSSI RESIDENCIAL S.A. - EM RECUPERAÇÃO JUDICIAL,2019Q1,2019-03-31,2019-05-14,83471
16306,ROSSI RESIDENCIAL S.A. - EM RECUPERAÇÃO JUDICIAL,2019Q2,2019-06-30,2019-08-14,86697
16306,ROSSI RESIDENCIAL S.A. - EM RECUPERAÇÃO JUDICIAL,2019Q3,2019-09-30,2019-11-13,89452
16306,ROSSI RESIDENCIAL S.A. - EM RECUPERAÇÃO JUDICIAL,2020Q1,2020-03-31,2020-06-09,93931
16306,ROSSI RESIDENCIAL S.A. - EM RECUPERAÇÃO JUDICIAL,2020Q2,2020-06-30,2020-08-12,95953
16306,ROSSI RESIDENCIAL S.A. - EM RECUPERAÇÃO JUDICIAL,2020Q3,2020-09-30,2020-11-11,98270
16306,ROSSI RESIDENCIAL S.A. - EM RECUPERAÇÃO JUDICIAL,2021Q1,2021-03-31,2021-05-12,103919
16306,ROSSI RESIDENCIAL S.A. - EM RECUPERAÇÃO JUDICIAL,2021Q2,2021-06-30,2021-08-11,107538
16306,ROSSI RESIDENCIAL S.A. - EM RECUPERAÇÃO JUDICIAL,2021Q3,2021-09-30,2021-11-10,109683
16306,ROSSI RESIDENCIAL S.A. - EM RECUPERAÇÃO JUDICIAL,2022Q1,2022-03-31,2022-05-11,114831
16306,ROSSI RESIDENCIAL S.A. - EM RECUPERAÇÃO JUDICIAL,2022Q2,2022-06-30,2022-08-10,119432
16306,ROSSI RESIDENCIAL S.A. - EM RECUPERAÇÃO JUDICIAL,2022Q3,2022-09-30,2022-11-10,121620
16306,ROSSI RESIDENCIAL S.A. - EM RECUPERAÇÃO JUDICIAL,2023Q1,2023-03-31,2023-05-10,126150
16306,ROSSI RESIDENCIAL S.A. - EM RECUPERAÇÃO JUDICIAL,2023Q2,2023-06-30,2023-08-09,129881
16306,ROSSI RESIDENCIAL S.A. - EM RECUPERAÇÃO JUDICIAL,2023Q3,2023-09-30,2023-11-08,131918
16306,ROSSI RESIDENCIAL S.A. - EM RECUPERAÇÃO JUDICIAL,2024Q1,2024-03-31,2024-06-24,139225
16306,ROSSI RESIDENCIAL S.A. - EM RECUPERAÇÃO JUDICIAL,2024Q2,2024-06-30,2024-08-15,141256
16306,ROSSI RESIDENCIAL S.A. - EM RECUPERAÇÃO JUDICIAL,2024Q3,2024-09-30,2024-11-22,143464
16306,ROSSI RESIDENCIAL S.A. - EM RECUPERAÇÃO JUDICIAL,2025Q1,2025-03-31,2026-06-03,158952
16306,ROSSI RESIDENCIAL S.A. - EM RECUPERAÇÃO JUDICIAL,2025Q2,2025-06-30,2026-08-18,160968
16306,ROSSI RESIDENCIAL S.A. - EM RECUPERAÇÃO JUDICIAL,2025Q3,2025-09-30,2026-08-18,160969
23450,RUMO LOGÍSTICA OPERADORA MULTIMODAL S.A.,2014Q1,2014-03-31,2014-08-11,40270
23450,RUMO LOGÍSTICA OPERADORA MULTIMODAL S.A.,2014Q2,2014-06-30,2014-08-13,40507
23450,RUMO LOGÍSTICA OPERADORA MULTIMODAL S.A.,2014Q3,2014-09-30,2014-11-05,42067
23450,RUMO LOGÍSTICA OPERADORA MULTIMODAL S.A.,2015Q1,2015-03-31,2015-05-06,46542
23450,RUMO LOGÍSTICA OPERADORA MULTIMODAL S.A.,2015Q2,2015-06-30,2015-08-12,49741
23450,RUMO LOGÍSTICA OPERADORA MULTIMODAL S.A.,2015Q3,2015-09-30,2015-11-05,51329
23450,RUMO LOGÍSTICA OPERADORA MULTIMODAL S.A.,2016Q1,2016-03-31,2016-05-04,55575
23450,RUMO LOGÍSTICA OPERADORA MULTIMODAL S.A.,2016Q2,2016-06-30,2016-08-10,58732
23450,RUMO LOGÍSTICA OPERADORA MULTIMODAL S.A.,2016Q3,2016-09-30,2016-11-09,60583
17450,RUMO S.A.,2011Q1,2011-03-31,2011-05-10,7430
17450,RUMO S.A.,2011Q2,2011-06-30,2011-08-09,10612
17450,RUMO S.A.,2011Q3,2011-09-30,2011-11-08,12402
17450,RUMO S.A.,2012Q1,2012-03-31,2012-05-14,17548
17450,RUMO S.A.,2012Q2,2012-06-30,2012-08-14,20428
17450,RUMO S.A.,2012Q3,2012-09-30,2012-11-13,22419
17450,RUMO S.A.,2013Q1,2013-03-31,2013-05-07,26720
17450,RUMO S.A.,2013Q2,2013-06-30,2013-08-07,30284
17450,RUMO S.A.,2013Q3,2013-09-30,2014-04-10,36212
17450,RUMO S.A.,2014Q1,2014-03-31,2014-05-06,36715
17450,RUMO S.A.,2014Q2,2014-06-30,2014-12-22,43192
17450,RUMO S.A.,2014Q3,2014-09-30,2014-11-04,41988
17450,RUMO S.A.,2015Q1,2015-03-31,2015-05-11,46857
17450,RUMO S.A.,2015Q2,2015-06-30,2015-10-01,50796
17450,RUMO S.A.,2015Q3,2015-09-30,2015-11-13,51958
17450,RUMO S.A.,2016Q1,2016-03-31,2016-05-12,56130
17450,RUMO S.A.,2016Q2,2016-06-30,2016-08-12,58940
17450,RUMO S.A.,2016Q3,2016-09-30,2016-11-10,60690
17450,RUMO S.A.,2017Q1,2017-03-31,2017-05-10,65135
17450,RUMO S.A.,2017Q2,2017-06-30,2017-08-09,67654
17450,RUMO S.A.,2017Q3,2017-09-30,2017-11-08,69587
17450,RUMO S.A.,2018Q1,2018-03-31,2018-05-08,73976
17450,RUMO S.A.,2018Q2,2018-06-30,2018-08-13,77009
17450,RUMO S.A.,2018Q3,2018-09-30,2018-11-08,78838
17450,RUMO S.A.,2019Q1,2019-03-31,2019-05-09,83088
17450,RUMO S.A.,2019Q2,2019-06-30,2019-08-12,86343
17450,RUMO S.A.,2019Q3,2019-09-30,2019-11-11,89254
17450,RUMO S.A.,2020Q1,2020-03-31,2020-05-27,93470
17450,RUMO S.A.,2020Q2,2020-06-30,2020-08-13,96096
17450,RUMO S.A.,2020Q3,2020-09-30,2020-11-11,98266
17450,RUMO S.A.,2021Q1,2021-03-31,2021-05-13,104120
17450,RUMO S.A.,2021Q2,2021-06-30,2021-08-12,107714
17450,RUMO S.A.,2021Q3,2021-09-30,2021-11-11,109817
17450,RUMO S.A.,2022Q1,2022-03-31,2022-05-05,114392
17450,RUMO S.A.,2022Q2,2022-06-30,2022-08-11,119604
17450,RUMO S.A.,2022Q3,2022-09-30,2022-11-10,121802
17450,RUMO S.A.,2023Q1,2023-03-31,2023-05-04,125761
17450,RUMO S.A.,2023Q2,2023-06-30,2023-08-10,130036
17450,RUMO S.A.,2023Q3,2023-09-30,2023-11-09,132144
17450,RUMO S.A.,2024Q1,2024-03-31,2024-05-09,136883
17450,RUMO S.A.,2024Q2,2024-06-30,2024-08-14,141080
17450,RUMO S.A.,2024Q3,2024-09-30,2024-11-07,142700
17450,RUMO S.A.,2025Q1,2025-03-31,2025-05-08,147139
17450,RUMO S.A.,2025Q2,2025-06-30,2025-08-07,150742
17450,RUMO S.A.,2025Q3,2025-09-30,2025-11-14,153357
17892,SANTOS BRASIL PARTICIPACOES S.A.,2011Q1,2011-03-31,2011-04-27,6735
17892,SANTOS BRASIL PARTICIPACOES S.A.,2011Q2,2011-06-30,2011-07-28,10364
17892,SANTOS BRASIL PARTICIPACOES S.A.,2011Q3,2011-09-30,2011-11-08,12427
17892,SANTOS BRASIL PARTICIPACOES S.A.,2012Q1,2012-03-31,2012-04-27,16525
17892,SANTOS BRASIL PARTICIPACOES S.A.,2012Q2,2012-06-30,2012-07-26,19897
17892,SANTOS BRASIL PARTICIPACOES S.A.,2012Q3,2012-09-30,2012-10-29,21954
17892,SANTOS BRASIL PARTICIPACOES S.A.,2013Q1,2013-03-31,2013-04-29,26392
17892,SANTOS BRASIL PARTICIPACOES S.A.,2013Q2,2013-06-30,2013-07-25,30028
17892,SANTOS BRASIL PARTICIPACOES S.A.,2013Q3,2013-09-30,2013-10-28,32086
17892,SANTOS BRASIL PARTICIPACOES S.A.,2014Q1,2014-03-31,2014-04-29,36508
17892,SANTOS BRASIL PARTICIPACOES S.A.,2014Q2,2014-06-30,2014-07-30,39993
17892,SANTOS BRASIL PARTICIPACOES S.A.,2014Q3,2014-09-30,2014-10-29,41865
17892,SANTOS BRASIL PARTICIPACOES S.A.,2015Q1,2015-03-31,2015-04-29,46233
17892,SANTOS BRASIL PARTICIPACOES S.A.,2015Q2,2015-06-30,2015-08-05,49485
17892,SANTOS BRASIL PARTICIPACOES S.A.,2015Q3,2015-09-30,2015-10-28,51164
17892,SANTOS BRASIL PARTICIPACOES S.A.,2016Q1,2016-03-31,2016-05-09,55869
17892,SANTOS BRASIL PARTICIPACOES S.A.,2016Q2,2016-06-30,2016-08-03,58460
17892,SANTOS BRASIL PARTICIPACOES S.A.,2016Q3,2016-09-30,2016-11-09,60574
17892,SANTOS BRASIL PARTICIPACOES S.A.,2017Q1,2017-03-31,2017-05-10,65091
17892,SANTOS BRASIL PARTICIPACOES S.A.,2017Q2,2017-06-30,2017-08-09,67669
17892,SANTOS BRASIL PARTICIPACOES S.A.,2017Q3,2017-09-30,2017-11-13,69845
17892,SANTOS BRASIL PARTICIPACOES S.A.,2018Q1,2018-03-31,2018-06-18,75946
17892,SANTOS BRASIL PARTICIPACOES S.A.,2018Q2,2018-06-30,2018-08-08,76811
17892,SANTOS BRASIL PARTICIPACOES S.A.,2018Q3,2018-09-30,2018-11-12,79003
17892,SANTOS BRASIL PARTICIPACOES S.A.,2019Q1,2019-03-31,2019-05-14,83489
17892,SANTOS BRASIL PARTICIPACOES S.A.,2019Q2,2019-06-30,2019-08-13,86446
17892,SANTOS BRASIL PARTICIPACOES S.A.,2019Q3,2019-09-30,2019-11-12,89323
17892,SANTOS BRASIL PARTICIPACOES S.A.,2020Q1,2020-03-31,2020-05-12,92980
17892,SANTOS BRASIL PARTICIPACOES S.A.,2020Q2,2020-06-30,2020-08-11,95895
17892,SANTOS BRASIL PARTICIPACOES S.A.,2020Q3,2020-09-30,2020-11-10,98200
17892,SANTOS BRASIL PARTICIPACOES S.A.,2021Q1,2021-03-31,2021-05-11,103792
17892,SANTOS BRASIL PARTICIPACOES S.A.,2021Q2,2021-06-30,2021-08-10,107459
17892,SANTOS BRASIL PARTICIPACOES S.A.,2021Q3,2021-09-30,2021-11-09,109610
17892,SANTOS BRASIL PARTICIPACOES S.A.,2022Q1,2022-03-31,2022-05-11,114821
17892,SANTOS BRASIL PARTICIPACOES S.A.,2022Q2,2022-06-30,2022-08-11,119499
17892,SANTOS BRASIL PARTICIPACOES S.A.,2022Q3,2022-09-30,2022-11-09,121543
17892,SANTOS BRASIL PARTICIPACOES S.A.,2023Q1,2023-03-31,2023-05-11,126334
17892,SANTOS BRASIL PARTICIPACOES S.A.,2023Q2,2023-06-30,2023-08-08,129838
17892,SANTOS BRASIL PARTICIPACOES S.A.,2023Q3,2023-09-30,2023-11-08,131923
17892,SANTOS BRASIL PARTICIPACOES S.A.,2024Q1,2024-03-31,2024-05-08,136719
17892,SANTOS BRASIL PARTICIPACOES S.A.,2024Q2,2024-06-30,2024-08-07,140554
17892,SANTOS BRASIL PARTICIPACOES S.A.,2024Q3,2024-09-30,2024-11-06,142615
17892,SANTOS BRASIL PARTICIPACOES S.A.,2025Q1,2025-03-31,2025-05-13,147530
17892,SANTOS BRASIL PARTICIPACOES S.A.,2025Q2,2025-06-30,2025-08-06,150654
17892,SANTOS BRASIL PARTICIPACOES S.A.,2025Q3,2025-09-30,2025-11-05,152701
20516,SAO MARTINHO S.A.,2011Q2,2011-06-30,2011-08-15,11139
20516,SAO MARTINHO S.A.,2011Q3,2011-09-30,2011-11-14,12945
20516,SAO MARTINHO S.A.,2012Q2,2012-06-30,2012-08-14,20543
20516,SAO MARTINHO S.A.,2012Q3,2012-09-30,2012-11-07,22185
20516,SAO MARTINHO S.A.,2013Q2,2013-06-30,2013-08-12,30436
20516,SAO MARTINHO S.A.,2013Q3,2013-09-30,2013-11-11,32536
20516,SAO MARTINHO S.A.,2014Q2,2014-06-30,2014-08-11,40304
20516,SAO MARTINHO S.A.,2014Q3,2014-09-30,2014-11-10,42200
20516,SAO MARTINHO S.A.,2015Q2,2015-06-30,2015-08-10,49610
20516,SAO MARTINHO S.A.,2015Q3,2015-09-30,2015-11-09,51430
20516,SAO MARTINHO S.A.,2016Q2,2016-06-30,2016-08-08,58562
20516,SAO MARTINHO S.A.,2016Q3,2016-09-30,2016-11-09,60555
20516,SAO MARTINHO S.A.,2017Q2,2017-06-30,2017-08-14,68069
20516,SAO MARTINHO S.A.,2017Q3,2017-09-30,2017-11-09,69650
20516,SAO MARTINHO S.A.,2018Q2,2018-06-30,2018-08-13,77050
20516,SAO MARTINHO S.A.,2018Q3,2018-09-30,2018-11-06,78691
20516,SAO MARTINHO S.A.,2019Q2,2019-06-30,2019-08-12,86331
20516,SAO MARTINHO S.A.,2019Q3,2019-09-30,2019-11-11,89242
20516,SAO MARTINHO S.A.,2020Q2,2020-06-30,2020-08-10,95855
20516,SAO MARTINHO S.A.,2020Q3,2020-09-30,2021-02-18,100248
20516,SAO MARTINHO S.A.,2021Q2,2021-06-30,2021-08-09,107394
20516,SAO MARTINHO S.A.,2021Q3,2021-09-30,2021-11-08,109524
20516,SAO MARTINHO S.A.,2022Q2,2022-06-30,2022-08-08,119313
20516,SAO MARTINHO S.A.,2022Q3,2022-09-30,2022-11-07,121420
20516,SAO MARTINHO S.A.,2023Q2,2023-06-30,2023-08-14,130427
20516,SAO MARTINHO S.A.,2023Q3,2023-09-30,2023-11-09,132055
20516,SAO MARTINHO S.A.,2024Q2,2024-06-30,2024-08-12,140816
20516,SAO MARTINHO S.A.,2024Q3,2024-09-30,2024-11-11,142908
20516,SAO MARTINHO S.A.,2025Q2,2025-06-30,2025-08-11,150871
20516,SAO MARTINHO S.A.,2025Q3,2025-09-30,2025-11-10,152896
25372,SENDAS DISTRIBUIDORA S.A.,2020Q1,2020-03-31,2020-11-11,97519
25372,SENDAS DISTRIBUIDORA S.A.,2020Q2,2020-06-30,2020-11-11,97520
25372,SENDAS DISTRIBUIDORA S.A.,2020Q3,2020-09-30,2021-02-02,99879
25372,SENDAS DISTRIBUIDORA S.A.,2021Q1,2021-03-31,2021-05-04,103367
25372,SENDAS DISTRIBUIDORA S.A.,2021Q2,2021-06-30,2021-07-27,106701
25372,SENDAS DISTRIBUIDORA S.A.,2021Q3,2021-09-30,2021-10-28,109277
25372,SENDAS DISTRIBUIDORA S.A.,2022Q1,2022-03-31,2022-05-09,114543
25372,SENDAS DISTRIBUIDORA S.A.,2022Q2,2022-06-30,2022-07-27,118725
25372,SENDAS DISTRIBUIDORA S.A.,2022Q3,2022-09-30,2022-10-20,121080
25372,SENDAS DISTRIBUIDORA S.A.,2023Q1,2023-03-31,2023-05-04,125749
25372,SENDAS DISTRIBUIDORA S.A.,2023Q2,2023-06-30,2023-07-26,129235
25372,SENDAS DISTRIBUIDORA S.A.,2023Q3,2023-09-30,2023-10-30,131680
25372,SENDAS DISTRIBUIDORA S.A.,2024Q1,2024-03-31,2024-04-24,135897
25372,SENDAS DISTRIBUIDORA S.A.,2024Q2,2024-06-30,2024-08-08,140578
25372,SENDAS DISTRIBUIDORA S.A.,2024Q3,2024-09-30,2024-11-07,142697
25372,SENDAS DISTRIBUIDORA S.A.,2025Q1,2025-03-31,2025-05-08,147075
25372,SENDAS DISTRIBUIDORA S.A.,2025Q2,2025-06-30,2025-08-07,150710
25372,SENDAS DISTRIBUIDORA S.A.,2025Q3,2025-09-30,2025-11-06,152775
23221,SER EDUCACIONAL S.A.,2013Q1,2013-03-31,2013-10-23,31971
23221,SER EDUCACIONAL S.A.,2013Q2,2013-06-30,2013-10-23,31972
23221,SER EDUCACIONAL S.A.,2013Q3,2013-09-30,2013-11-20,33161
23221,SER EDUCACIONAL S.A.,2014Q1,2014-03-31,2014-05-15,37907
23221,SER EDUCACIONAL S.A.,2014Q2,2014-06-30,2014-08-14,40780
23221,SER EDUCACIONAL S.A.,2014Q3,2014-09-30,2014-11-17,42721
23221,SER EDUCACIONAL S.A.,2015Q1,2015-03-31,2015-05-15,47288
23221,SER EDUCACIONAL S.A.,2015Q2,2015-06-30,2015-08-14,49926
23221,SER EDUCACIONAL S.A.,2015Q3,2015-09-30,2015-11-18,52088
23221,SER EDUCACIONAL S.A.,2016Q1,2016-03-31,2016-05-06,55655
23221,SER EDUCACIONAL S.A.,2016Q2,2016-06-30,2016-08-05,58499
23221,SER EDUCACIONAL S.A.,2016Q3,2016-09-30,2016-11-04,60361
23221,SER EDUCACIONAL S.A.,2017Q1,2017-03-31,2017-05-05,64703
23221,SER EDUCACIONAL S.A.,2017Q2,2017-06-30,2017-08-04,67527
23221,SER EDUCACIONAL S.A.,2017Q3,2017-09-30,2017-11-08,69542
23221,SER EDUCACIONAL S.A.,2018Q1,2018-03-31,2018-05-09,73995
23221,SER EDUCACIONAL S.A.,2018Q2,2018-06-30,2018-08-09,76829
23221,SER EDUCACIONAL S.A.,2018Q3,2018-09-30,2018-11-07,78710
23221,SER EDUCACIONAL S.A.,2019Q1,2019-03-31,2019-05-10,83107
23221,SER EDUCACIONAL S.A.,2019Q2,2019-06-30,2019-08-09,86222
23221,SER EDUCACIONAL S.A.,2019Q3,2019-09-30,2019-11-12,89326
23221,SER EDUCACIONAL S.A.,2020Q1,2020-03-31,2020-05-15,93163
23221,SER EDUCACIONAL S.A.,2020Q2,2020-06-30,2020-08-24,96444
23221,SER EDUCACIONAL S.A.,2020Q3,2020-09-30,2020-11-13,98425
23221,SER EDUCACIONAL S.A.,2021Q1,2021-03-31,2021-05-14,104163
23221,SER EDUCACIONAL S.A.,2021Q2,2021-06-30,2021-08-13,107743
23221,SER EDUCACIONAL S.A.,2021Q3,2021-09-30,2021-11-12,109885
23221,SER EDUCACIONAL S.A.,2022Q1,2022-03-31,2022-05-13,115022
23221,SER EDUCACIONAL S.A.,2022Q2,2022-06-30,2022-08-12,119691
23221,SER EDUCACIONAL S.A.,2022Q3,2022-09-30,2023-01-20,123163
23221,SER EDUCACIONAL S.A.,2023Q1,2023-03-31,2023-05-15,126722
23221,SER EDUCACIONAL S.A.,2023Q2,2023-06-30,2023-08-14,130415
23221,SER EDUCACIONAL S.A.,2023Q3,2023-09-30,2023-11-14,132475
23221,SER EDUCACIONAL S.A.,2024Q1,2024-03-31,2024-05-10,136966
23221,SER EDUCACIONAL S.A.,2024Q2,2024-06-30,2024-08-12,140799
23221,SER EDUCACIONAL S.A.,2024Q3,2024-09-30,2024-11-12,142910
23221,SER EDUCACIONAL S.A.,2025Q1,2025-03-31,2025-05-14,147631
23221,SER EDUCACIONAL S.A.,2025Q2,2025-06-30,2025-08-14,151269
23221,SER EDUCACIONAL S.A.,2025Q3,2025-09-30,2025-11-14,153427
26441,SERENA ENERGIA S.A.,2021Q2,2021-06-30,2021-10-07,108971
26441,SERENA ENERGIA S.A.,2021Q3,2021-09-30,2021-11-04,109411
26441,SERENA ENERGIA S.A.,2022Q1,2022-03-31,2022-05-04,114225
26441,SERENA ENERGIA S.A.,2022Q2,2022-06-30,2022-08-16,120053
26441,SERENA ENERGIA S.A.,2022Q3,2022-09-30,2022-11-11,121831
26441,SERENA ENERGIA S.A.,2023Q1,2023-03-31,2023-05-04,125725
26441,SERENA ENERGIA S.A.,2023Q2,2023-06-30,2023-08-09,129932
26441,SERENA ENERGIA S.A.,2023Q3,2023-09-30,2023-10-31,131730
26441,SERENA ENERGIA S.A.,2024Q1,2024-03-31,2024-05-09,136962
26441,SERENA ENERGIA S.A.,2024Q2,2024-06-30,2024-08-14,140967
26441,SERENA ENERGIA S.A.,2024Q3,2024-09-30,2024-11-04,142533
26441,SERENA ENERGIA S.A.,2025Q1,2025-03-31,2025-05-15,147734
26441,SERENA ENERGIA S.A.,2025Q2,2025-06-30,2025-08-15,151447
26441,SERENA ENERGIA S.A.,2025Q3,2025-09-30,2025-11-13,153228
25003,SIMPAR S.A.,2020Q1,2020-03-31,2020-06-04,93814
25003,SIMPAR S.A.,2020Q2,2020-06-30,2020-09-21,97108
25003,SIMPAR S.A.,2020Q3,2020-09-30,2020-11-13,98424
25003,SIMPAR S.A.,2021Q1,2021-03-31,2021-05-06,103526
25003,SIMPAR S.A.,2021Q2,2021-06-30,2021-08-11,107578
25003,SIMPAR S.A.,2021Q3,2021-09-30,2021-11-10,109698
25003,SIMPAR S.A.,2022Q1,2022-03-31,2022-05-05,114424
25003,SIMPAR S.A.,2022Q2,2022-06-30,2022-08-04,119243
25003,SIMPAR S.A.,2022Q3,2022-09-30,2022-11-09,121580
25003,SIMPAR S.A.,2023Q1,2023-03-31,2023-05-03,125716
25003,SIMPAR S.A.,2023Q2,2023-06-30,2023-08-10,130049
25003,SIMPAR S.A.,2023Q3,2023-09-30,2023-11-08,131971
25003,SIMPAR S.A.,2024Q1,2024-03-31,2024-05-09,136952
25003,SIMPAR S.A.,2024Q2,2024-06-30,2024-08-08,140648
25003,SIMPAR S.A.,2024Q3,2024-09-30,2024-11-12,142993
25003,SIMPAR S.A.,2025Q1,2025-03-31,2025-05-08,147127
25003,SIMPAR S.A.,2025Q2,2025-06-30,2025-08-12,151001
25003,SIMPAR S.A.,2025Q3,2025-09-30,2025-11-12,153050
20745,SLC AGRICOLA S.A.,2011Q1,2011-03-31,2011-05-16,8143
20745,SLC AGRICOLA S.A.,2011Q2,2011-06-30,2011-08-11,10747
20745,SLC AGRICOLA S.A.,2011Q3,2011-09-30,2011-11-09,12475
20745,SLC AGRICOLA S.A.,2012Q1,2012-03-31,2012-05-03,16734
20745,SLC AGRICOLA S.A.,2012Q2,2012-06-30,2012-08-08,20192
20745,SLC AGRICOLA S.A.,2012Q3,2012-09-30,2012-11-13,22465
20745,SLC AGRICOLA S.A.,2013Q1,2013-03-31,2013-05-08,26909
20745,SLC AGRICOLA S.A.,2013Q2,2013-06-30,2013-08-07,30276
20745,SLC AGRICOLA S.A.,2013Q3,2013-09-30,2013-11-13,32744
20745,SLC AGRICOLA S.A.,2014Q1,2014-03-31,2014-05-08,37045
20745,SLC AGRICOLA S.A.,2014Q2,2014-06-30,2014-08-13,40480
20745,SLC AGRICOLA S.A.,2014Q3,2014-09-30,2014-11-12,42290
20745,SLC AGRICOLA S.A.,2015Q1,2015-03-31,2015-05-06,46518
20745,SLC AGRICOLA S.A.,2015Q2,2015-06-30,2015-08-12,49736
20745,SLC AGRICOLA S.A.,2015Q3,2015-09-30,2015-12-09,52374
20745,SLC AGRICOLA S.A.,2016Q1,2016-03-31,2016-05-25,56872
20745,SLC AGRICOLA S.A.,2016Q2,2016-06-30,2016-08-10,58721
20745,SLC AGRICOLA S.A.,2016Q3,2016-09-30,2016-11-08,60461
20745,SLC AGRICOLA S.A.,2017Q1,2017-03-31,2017-05-10,65127
20745,SLC AGRICOLA S.A.,2017Q2,2017-06-30,2017-10-06,69013
20745,SLC AGRICOLA S.A.,2017Q3,2017-09-30,2017-11-28,70274
20745,SLC AGRICOLA S.A.,2018Q1,2018-03-31,2018-05-22,74981
20745,SLC AGRICOLA S.A.,2018Q2,2018-06-30,2018-08-14,77284
20745,SLC AGRICOLA S.A.,2018Q3,2018-09-30,2018-11-13,79136
20745,SLC AGRICOLA S.A.,2019Q1,2019-03-31,2019-05-08,82915
20745,SLC AGRICOLA S.A.,2019Q2,2019-06-30,2019-11-21,89752
20745,SLC AGRICOLA S.A.,2019Q3,2019-09-30,2019-11-21,89751
20745,SLC AGRICOLA S.A.,2020Q1,2020-03-31,2020-05-13,93039
20745,SLC AGRICOLA S.A.,2020Q2,2020-06-30,2020-08-13,96049
20745,SLC AGRICOLA S.A.,2020Q3,2020-09-30,2020-11-13,98442
20745,SLC AGRICOLA S.A.,2021Q1,2021-03-31,2021-05-12,103929
20745,SLC AGRICOLA S.A.,2021Q2,2021-06-30,2021-08-12,107728
20745,SLC AGRICOLA S.A.,2021Q3,2021-09-30,2021-11-10,109729
20745,SLC AGRICOLA S.A.,2022Q1,2022-03-31,2022-05-13,115099
20745,SLC AGRICOLA S.A.,2022Q2,2022-06-30,2022-08-10,119443
20745,SLC AGRICOLA S.A.,2022Q3,2022-09-30,2022-11-04,121355
20745,SLC AGRICOLA S.A.,2023Q1,2023-03-31,2023-05-15,126777
20745,SLC AGRICOLA S.A.,2023Q2,2023-06-30,2023-08-10,129960
20745,SLC AGRICOLA S.A.,2023Q3,2023-09-30,2023-11-08,131909
20745,SLC AGRICOLA S.A.,2024Q1,2024-03-31,2024-05-08,136701
20745,SLC AGRICOLA S.A.,2024Q2,2024-06-30,2024-08-14,141113
20745,SLC AGRICOLA S.A.,2024Q3,2024-09-30,2024-11-12,142990
20745,SLC AGRICOLA S.A.,2025Q1,2025-03-31,2025-05-13,147519
20745,SLC AGRICOLA S.A.,2025Q2,2025-06-30,2025-08-14,151229
20745,SLC AGRICOLA S.A.,2025Q3,2025-09-30,2025-11-24,153535
24260,SMARTFIT ESCOLA DE GINÁSTICA E DANÇA S.A.,2017Q1,2017-03-31,2017-10-23,69218
24260,SMARTFIT ESCOLA DE GINÁSTICA E DANÇA S.A.,2017Q2,2017-06-30,2017-10-23,69219
24260,SMARTFIT ESCOLA DE GINÁSTICA E DANÇA S.A.,2017Q3,2017-09-30,2018-01-19,71113
24260,SMARTFIT ESCOLA DE GINÁSTICA E DANÇA S.A.,2018Q1,2018-03-31,2018-05-16,74835
24260,SMARTFIT ESCOLA DE GINÁSTICA E DANÇA S.A.,2018Q2,2018-06-30,2018-08-16,77446
24260,SMARTFIT ESCOLA DE GINÁSTICA E DANÇA S.A.,2018Q3,2018-09-30,2018-11-15,79403
24260,SMARTFIT ESCOLA DE GINÁSTICA E DANÇA S.A.,2019Q1,2019-03-31,2019-05-20,83922
24260,SMARTFIT ESCOLA DE GINÁSTICA E DANÇA S.A.,2019Q2,2019-06-30,2019-09-25,88432
24260,SMARTFIT ESCOLA DE GINÁSTICA E DANÇA S.A.,2019Q3,2019-09-30,2019-11-15,89700
24260,SMARTFIT ESCOLA DE GINÁSTICA E DANÇA S.A.,2020Q1,2020-03-31,2020-05-29,93547
24260,SMARTFIT ESCOLA DE GINÁSTICA E DANÇA S.A.,2020Q2,2020-06-30,2020-08-28,96589
24260,SMARTFIT ESCOLA DE GINÁSTICA E DANÇA S.A.,2020Q3,2020-09-30,2020-11-14,98602
24260,SMARTFIT ESCOLA DE GINÁSTICA E DANÇA S.A.,2021Q1,2021-03-31,2021-06-18,106047
24260,SMARTFIT ESCOLA DE GINÁSTICA E DANÇA S.A.,2021Q2,2021-06-30,2021-08-12,107585
24260,SMARTFIT ESCOLA DE GINÁSTICA E DANÇA S.A.,2021Q3,2021-09-30,2021-11-12,109929
24260,SMARTFIT ESCOLA DE GINÁSTICA E DANÇA S.A.,2022Q1,2022-03-31,2022-05-12,114856
24260,SMARTFIT ESCOLA DE GINÁSTICA E DANÇA S.A.,2022Q2,2022-06-30,2022-08-10,119385
24260,SMARTFIT ESCOLA DE GINÁSTICA E DANÇA S.A.,2022Q3,2022-09-30,2022-11-09,121505
24260,SMARTFIT ESCOLA DE GINÁSTICA E DANÇA S.A.,2023Q1,2023-03-31,2023-05-11,126257
24260,SMARTFIT ESCOLA DE GINÁSTICA E DANÇA S.A.,2023Q2,2023-06-30,2023-08-09,129857
24260,SMARTFIT ESCOLA DE GINÁSTICA E DANÇA S.A.,2023Q3,2023-09-30,2023-11-08,131883
24260,SMARTFIT ESCOLA DE GINÁSTICA E DANÇA S.A.,2024Q1,2024-03-31,2024-05-09,136793
24260,SMARTFIT ESCOLA DE GINÁSTICA E DANÇA S.A.,2024Q2,2024-06-30,2024-08-08,140557
24260,SMARTFIT ESCOLA DE GINÁSTICA E DANÇA S.A.,2024Q3,2024-09-30,2024-11-07,142666
24260,SMARTFIT ESCOLA DE GINÁSTICA E DANÇA S.A.,2025Q1,2025-03-31,2025-05-08,147029
24260,SMARTFIT ESCOLA DE GINÁSTICA E DANÇA S.A.,2025Q2,2025-06-30,2025-08-07,150698
24260,SMARTFIT ESCOLA DE GINÁSTICA E DANÇA S.A.,2025Q3,2025-09-30,2025-11-06,152734
24252,SMILES FIDELIDADE S.A.,2017Q1,2017-03-31,2017-10-13,69098
24252,SMILES FIDELIDADE S.A.,2017Q2,2017-06-30,2017-10-13,69099
24252,SMILES FIDELIDADE S.A.,2017Q3,2017-09-30,2017-11-06,69467
24252,SMILES FIDELIDADE S.A.,2018Q1,2018-03-31,2018-05-07,73840
24252,SMILES FIDELIDADE S.A.,2018Q2,2018-06-30,2018-07-31,76594
24252,SMILES FIDELIDADE S.A.,2018Q3,2018-09-30,2018-10-31,78468
24252,SMILES FIDELIDADE S.A.,2019Q1,2019-03-31,2019-04-26,82436
24252,SMILES FIDELIDADE S.A.,2019Q2,2019-06-30,2019-07-30,85767
24252,SMILES FIDELIDADE S.A.,2019Q3,2019-09-30,2019-10-29,88873
24252,SMILES FIDELIDADE S.A.,2020Q1,2020-03-31,2020-04-28,92569
24252,SMILES FIDELIDADE S.A.,2020Q2,2020-06-30,2020-07-28,95060
24252,SMILES FIDELIDADE S.A.,2020Q3,2020-09-30,2020-10-27,97890
24252,SMILES FIDELIDADE S.A.,2021Q1,2021-03-31,2021-04-26,103072
24252,SMILES FIDELIDADE S.A.,2021Q2,2021-06-30,2021-08-13,107855
23140,SMILES S.A.,2013Q1,2013-03-31,2013-05-14,27305
23140,SMILES S.A.,2013Q2,2013-06-30,2013-08-09,30393
23140,SMILES S.A.,2013Q3,2013-09-30,2013-10-31,32196
23140,SMILES S.A.,2014Q1,2014-03-31,2014-05-06,36761
23140,SMILES S.A.,2014Q2,2014-06-30,2014-07-31,40011
23140,SMILES S.A.,2014Q3,2014-09-30,2014-10-30,41885
23140,SMILES S.A.,2015Q1,2015-03-31,2015-04-28,46174
23140,SMILES S.A.,2015Q2,2015-06-30,2015-08-04,49439
23140,SMILES S.A.,2015Q3,2015-09-30,2015-11-04,51278
23140,SMILES S.A.,2016Q1,2016-03-31,2016-05-04,55544
23140,SMILES S.A.,2016Q2,2016-06-30,2016-08-08,58560
23140,SMILES S.A.,2016Q3,2016-09-30,2016-10-31,60276
23140,SMILES S.A.,2017Q1,2017-03-31,2017-04-27,64481
23140,SMILES S.A.,2017Q2,2017-06-30,2017-08-03,67511
4057,SOUZA CRUZ SA,2011Q1,2011-03-31,2011-08-12,10865
4057,SOUZA CRUZ SA,2011Q2,2011-06-30,2011-07-29,10374
4057,SOUZA CRUZ SA,2011Q3,2011-09-30,2011-10-31,12272
4057,SOUZA CRUZ SA,2012Q1,2012-03-31,2012-04-26,16483
4057,SOUZA CRUZ SA,2012Q2,2012-06-30,2012-07-27,19915
4057,SOUZA CRUZ SA,2012Q3,2012-09-30,2012-10-31,22015
4057,SOUZA CRUZ SA,2013Q1,2013-03-31,2013-05-02,26506
4057,SOUZA CRUZ SA,2013Q2,2013-06-30,2013-07-29,30053
4057,SOUZA CRUZ SA,2013Q3,2013-09-30,2013-10-21,31939
4057,SOUZA CRUZ SA,2014Q1,2014-03-31,2014-04-28,36462
4057,SOUZA CRUZ SA,2014Q2,2014-06-30,2014-07-29,39967
4057,SOUZA CRUZ SA,2014Q3,2014-09-30,2014-10-21,41750
4057,SOUZA CRUZ SA,2015Q1,2015-03-31,2015-04-27,46148
4057,SOUZA CRUZ SA,2015Q2,2015-06-30,2015-07-24,49229
4057,SOUZA CRUZ SA,2015Q3,2015-09-30,2015-11-13,51929
13986,SUZANO S.A.,2011Q1,2011-03-31,2011-05-11,7555
13986,SUZANO S.A.,2011Q2,2011-06-30,2011-08-10,10663
13986,SUZANO S.A.,2011Q3,2011-09-30,2011-10-28,12212
13986,SUZANO S.A.,2012Q1,2012-03-31,2012-05-10,17177
13986,SUZANO S.A.,2012Q2,2012-06-30,2012-08-02,20061
13986,SUZANO S.A.,2012Q3,2012-09-30,2012-11-13,22406
13986,SUZANO S.A.,2013Q1,2013-03-31,2013-05-10,27065
13986,SUZANO S.A.,2013Q2,2013-06-30,2013-08-13,30464
13986,SUZANO S.A.,2013Q3,2013-09-30,2013-10-28,32060
13986,SUZANO S.A.,2014Q1,2014-03-31,2014-05-12,37193
13986,SUZANO S.A.,2014Q2,2014-06-30,2014-08-14,40740
13986,SUZANO S.A.,2014Q3,2014-09-30,2014-10-30,41890
13986,SUZANO S.A.,2015Q1,2015-03-31,2015-05-07,46602
13986,SUZANO S.A.,2015Q2,2015-06-30,2015-08-12,49744
13986,SUZANO S.A.,2015Q3,2015-09-30,2015-11-12,51560
13986,SUZANO S.A.,2016Q1,2016-03-31,2016-04-27,55278
13986,SUZANO S.A.,2016Q2,2016-06-30,2016-08-03,58422
13986,SUZANO S.A.,2016Q3,2016-09-30,2016-10-28,60252
13986,SUZANO S.A.,2017Q1,2017-03-31,2017-05-03,64646
13986,SUZANO S.A.,2017Q2,2017-06-30,2017-08-02,67484
13986,SUZANO S.A.,2017Q3,2017-09-30,2017-10-26,69279
13986,SUZANO S.A.,2018Q1,2018-03-31,2018-04-26,73535
13986,SUZANO S.A.,2018Q2,2018-06-30,2018-08-09,76832
13986,SUZANO S.A.,2018Q3,2018-09-30,2018-10-25,78285
13986,SUZANO S.A.,2019Q1,2019-03-31,2019-05-09,83037
13986,SUZANO S.A.,2019Q2,2019-06-30,2019-08-08,86186
13986,SUZANO S.A.,2019Q3,2019-09-30,2019-11-05,89026
13986,SUZANO S.A.,2020Q1,2020-03-31,2020-05-19,93272
13986,SUZANO S.A.,2020Q2,2020-06-30,2020-08-13,96028
13986,SUZANO S.A.,2020Q3,2020-09-30,2020-10-29,97945
13986,SUZANO S.A.,2021Q1,2021-03-31,2021-05-12,103898
13986,SUZANO S.A.,2021Q2,2021-06-30,2021-08-11,107513
13986,SUZANO S.A.,2021Q3,2021-09-30,2021-10-28,109284
13986,SUZANO S.A.,2022Q1,2022-03-31,2022-05-04,114269
13986,SUZANO S.A.,2022Q2,2022-06-30,2022-07-27,118721
13986,SUZANO S.A.,2022Q3,2022-09-30,2022-10-27,121193
13986,SUZANO S.A.,2023Q1,2023-03-31,2023-04-27,125496
13986,SUZANO S.A.,2023Q2,2023-06-30,2023-08-02,129669
13986,SUZANO S.A.,2023Q3,2023-09-30,2023-10-26,131621
13986,SUZANO S.A.,2024Q1,2024-03-31,2024-05-09,136846
13986,SUZANO S.A.,2024Q2,2024-06-30,2024-08-08,140585
13986,SUZANO S.A.,2024Q3,2024-09-30,2024-10-24,142330
13986,SUZANO S.A.,2025Q1,2025-03-31,2025-05-08,147085
13986,SUZANO S.A.,2025Q2,2025-06-30,2025-08-06,150687
13986,SUZANO S.A.,2025Q3,2025-09-30,2025-11-06,152783
6173,TAURUS ARMAS S.A.,2011Q1,2011-03-31,2011-05-13,7942
6173,TAURUS ARMAS S.A.,2011Q2,2011-06-30,2011-09-12,11671
6173,TAURUS ARMAS S.A.,2011Q3,2011-09-30,2011-11-11,12752
6173,TAURUS ARMAS S.A.,2012Q1,2012-03-31,2012-05-14,17511
6173,TAURUS ARMAS S.A.,2012Q2,2012-06-30,2014-03-28,35799
6173,TAURUS ARMAS S.A.,2012Q3,2012-09-30,2014-03-28,35807
6173,TAURUS ARMAS S.A.,2013Q1,2013-03-31,2014-03-28,35814
6173,TAURUS ARMAS S.A.,2013Q2,2013-06-30,2014-03-28,35816
6173,TAURUS ARMAS S.A.,2013Q3,2013-09-30,2014-03-28,35818
6173,TAURUS ARMAS S.A.,2014Q1,2014-03-31,2014-05-15,37843
6173,TAURUS ARMAS S.A.,2014Q2,2014-06-30,2014-08-14,40628
6173,TAURUS ARMAS S.A.,2014Q3,2014-09-30,2014-11-13,42392
6173,TAURUS ARMAS S.A.,2015Q1,2015-03-31,2015-05-15,47446
6173,TAURUS ARMAS S.A.,2015Q2,2015-06-30,2015-08-14,50064
6173,TAURUS ARMAS S.A.,2015Q3,2015-09-30,2015-11-13,51827
6173,TAURUS ARMAS S.A.,2016Q1,2016-03-31,2016-05-13,56416
6173,TAURUS ARMAS S.A.,2016Q2,2016-06-30,2016-08-12,59006
6173,TAURUS ARMAS S.A.,2016Q3,2016-09-30,2016-11-11,60850
6173,TAURUS ARMAS S.A.,2017Q1,2017-03-31,2017-05-12,65392
6173,TAURUS ARMAS S.A.,2017Q2,2017-06-30,2017-08-11,67883
6173,TAURUS ARMAS S.A.,2017Q3,2017-09-30,2017-11-10,69723
6173,TAURUS ARMAS S.A.,2018Q1,2018-03-31,2018-05-16,74833
6173,TAURUS ARMAS S.A.,2018Q2,2018-06-30,2018-08-14,77372
6173,TAURUS ARMAS S.A.,2018Q3,2018-09-30,2018-11-16,79412
6173,TAURUS ARMAS S.A.,2019Q1,2019-03-31,2019-05-14,83347
6173,TAURUS ARMAS S.A.,2019Q2,2019-06-30,2019-08-22,86952
6173,TAURUS ARMAS S.A.,2019Q3,2019-09-30,2019-11-13,89347
6173,TAURUS ARMAS S.A.,2020Q1,2020-03-31,2020-06-29,94354
6173,TAURUS ARMAS S.A.,2020Q2,2020-06-30,2020-08-13,96023
6173,TAURUS ARMAS S.A.,2020Q3,2020-09-30,2020-11-12,98374
6173,TAURUS ARMAS S.A.,2021Q1,2021-03-31,2021-05-06,103485
6173,TAURUS ARMAS S.A.,2021Q2,2021-06-30,2021-08-10,107448
6173,TAURUS ARMAS S.A.,2021Q3,2021-09-30,2021-11-09,109580
6173,TAURUS ARMAS S.A.,2022Q1,2022-03-31,2022-05-10,114638
6173,TAURUS ARMAS S.A.,2022Q2,2022-06-30,2022-08-09,119334
6173,TAURUS ARMAS S.A.,2022Q3,2022-09-30,2022-11-08,121441
6173,TAURUS ARMAS S.A.,2023Q1,2023-03-31,2023-05-15,126693
6173,TAURUS ARMAS S.A.,2023Q2,2023-06-30,2023-08-14,130297
6173,TAURUS ARMAS S.A.,2023Q3,2023-09-30,2023-11-07,131845
6173,TAURUS ARMAS S.A.,2024Q1,2024-03-31,2024-05-14,137284
6173,TAURUS ARMAS S.A.,2024Q2,2024-06-30,2024-08-13,140892
6173,TAURUS ARMAS S.A.,2024Q3,2024-09-30,2024-11-12,142953
6173,TAURUS ARMAS S.A.,2025Q1,2025-03-31,2025-05-13,147500
6173,TAURUS ARMAS S.A.,2025Q2,2025-06-30,2025-08-12,150930
6173,TAURUS ARMAS S.A.,2025Q3,2025-09-30,2025-11-11,152977
20435,TECNISA S.A.,2011Q1,2011-03-31,2011-05-11,7608
20435,TECNISA S.A.,2011Q2,2011-06-30,2011-08-04,10546
20435,TECNISA S.A.,2011Q3,2011-09-30,2011-11-10,12545
20435,TECNISA S.A.,2012Q1,2012-03-31,2012-05-14,17555
20435,TECNISA S.A.,2012Q2,2012-06-30,2012-08-16,20833
20435,TECNISA S.A.,2012Q3,2012-09-30,2012-11-13,22477
20435,TECNISA S.A.,2013Q1,2013-03-31,2013-05-24,28243
20435,TECNISA S.A.,2013Q2,2013-06-30,2013-07-30,30075
20435,TECNISA S.A.,2013Q3,2013-09-30,2013-10-31,32197
20435,TECNISA S.A.,2014Q1,2014-03-31,2014-04-29,36510
20435,TECNISA S.A.,2014Q2,2014-06-30,2014-08-05,40137
20435,TECNISA S.A.,2014Q3,2014-09-30,2014-10-29,41873
20435,TECNISA S.A.,2015Q1,2015-03-31,2015-04-29,46225
20435,TECNISA S.A.,2015Q2,2015-06-30,2015-10-07,50866
20435,TECNISA S.A.,2015Q3,2015-09-30,2015-11-12,51667
20435,TECNISA S.A.,2016Q1,2016-03-31,2016-05-13,56328
20435,TECNISA S.A.,2016Q2,2016-06-30,2016-08-16,59240
20435,TECNISA S.A.,2016Q3,2016-09-30,2016-11-10,60675
20435,TECNISA S.A.,2017Q1,2017-03-31,2017-05-10,65108
20435,TECNISA S.A.,2017Q2,2017-06-30,2018-01-29,71222
20435,TECNISA S.A.,2017Q3,2017-09-30,2018-01-29,71223
20435,TECNISA S.A.,2018Q1,2018-03-31,2018-05-10,74223
20435,TECNISA S.A.,2018Q2,2018-06-30,2018-08-09,76865
20435,TECNISA S.A.,2018Q3,2018-09-30,2018-11-08,78813
20435,TECNISA S.A.,2019Q1,2019-03-31,2019-05-09,83068
20435,TECNISA S.A.,2019Q2,2019-06-30,2019-08-08,86209
20435,TECNISA S.A.,2019Q3,2019-09-30,2019-11-08,89188
20435,TECNISA S.A.,2020Q1,2020-03-31,2020-05-14,93151
20435,TECNISA S.A.,2020Q2,2020-06-30,2020-08-12,95962
20435,TECNISA S.A.,2020Q3,2020-09-30,2020-11-11,98249
20435,TECNISA S.A.,2021Q1,2021-03-31,2021-05-13,104139
20435,TECNISA S.A.,2021Q2,2021-06-30,2021-08-16,108020
20435,TECNISA S.A.,2021Q3,2021-09-30,2021-11-11,109839
20435,TECNISA S.A.,2022Q1,2022-03-31,2022-05-12,114974
20435,TECNISA S.A.,2022Q2,2022-06-30,2022-08-11,119657
20435,TECNISA S.A.,2022Q3,2022-09-30,2022-11-10,121702
20435,TECNISA S.A.,2023Q1,2023-03-31,2023-05-11,126382
20435,TECNISA S.A.,2023Q2,2023-06-30,2023-08-10,130014
20435,TECNISA S.A.,2023Q3,2023-09-30,2023-11-09,132129
20435,TECNISA S.A.,2024Q1,2024-03-31,2024-05-09,136946
20435,TECNISA S.A.,2024Q2,2024-06-30,2024-08-08,140633
20435,TECNISA S.A.,2024Q3,2024-09-30,2024-11-12,142964
20435,TECNISA S.A.,2025Q1,2025-03-31,2025-05-15,147807
20435,TECNISA S.A.,2025Q2,2025-06-30,2025-08-14,151193
20435,TECNISA S.A.,2025Q3,2025-09-30,2026-01-05,154124
25844,TEGRA INCORPORADORA S.A.,2021Q1,2021-03-31,2021-05-17,104524
25844,TEGRA INCORPORADORA S.A.,2021Q2,2021-06-30,2021-08-13,107883
25844,TEGRA INCORPORADORA S.A.,2021Q3,2021-09-30,2021-11-16,110218
25844,TEGRA INCORPORADORA S.A.,2022Q1,2022-03-31,2022-05-13,115116
25844,TEGRA INCORPORADORA S.A.,2022Q2,2022-06-30,2022-08-30,120325
25844,TEGRA INCORPORADORA S.A.,2022Q3,2022-09-30,2022-11-10,121694
25844,TEGRA INCORPORADORA S.A.,2023Q1,2023-03-31,2023-05-11,126297
25844,TEGRA INCORPORADORA S.A.,2023Q2,2023-06-30,2023-08-10,130001
25844,TEGRA INCORPORADORA S.A.,2023Q3,2023-09-30,2023-11-09,132017
25844,TEGRA INCORPORADORA S.A.,2024Q1,2024-03-31,2024-05-09,136879
25844,TEGRA INCORPORADORA S.A.,2024Q2,2024-06-30,2024-08-08,140589
25844,TEGRA INCORPORADORA S.A.,2024Q3,2024-09-30,2024-11-07,142723
25844,TEGRA INCORPORADORA S.A.,2025Q1,2025-03-31,2025-05-13,147497
25844,TEGRA INCORPORADORA S.A.,2025Q2,2025-06-30,2025-08-14,151282
25844,TEGRA INCORPORADORA S.A.,2025Q3,2025-09-30,2025-11-14,153267
17671,TELEFÔNICA BRASIL S.A,2011Q1,2011-03-31,2011-05-12,7621
17671,TELEFÔNICA BRASIL S.A,2011Q2,2011-06-30,2011-07-27,10325
17671,TELEFÔNICA BRASIL S.A,2011Q3,2011-09-30,2011-11-10,12520
17671,TELEFÔNICA BRASIL S.A,2012Q1,2012-03-31,2012-05-10,17173
17671,TELEFÔNICA BRASIL S.A,2012Q2,2012-06-30,2012-07-25,19851
17671,TELEFÔNICA BRASIL S.A,2012Q3,2012-09-30,2012-11-06,22119
17671,TELEFÔNICA BRASIL S.A,2013Q1,2013-03-31,2013-05-07,26721
17671,TELEFÔNICA BRASIL S.A,2013Q2,2013-06-30,2014-12-23,43206
17671,TELEFÔNICA BRASIL S.A,2013Q3,2013-09-30,2013-11-07,32396
17671,TELEFÔNICA BRASIL S.A,2014Q1,2014-03-31,2014-05-08,36939
17671,TELEFÔNICA BRASIL S.A,2014Q2,2014-06-30,2014-07-30,39979
17671,TELEFÔNICA BRASIL S.A,2014Q3,2014-09-30,2014-11-11,42213
17671,TELEFÔNICA BRASIL S.A,2015Q1,2015-03-31,2015-05-13,47022
17671,TELEFÔNICA BRASIL S.A,2015Q2,2015-06-30,2015-07-29,49292
17671,TELEFÔNICA BRASIL S.A,2015Q3,2015-09-30,2015-11-04,51284
17671,TELEFÔNICA BRASIL S.A,2016Q1,2016-03-31,2016-04-27,55319
17671,TELEFÔNICA BRASIL S.A,2016Q2,2016-06-30,2016-07-26,58269
17671,TELEFÔNICA BRASIL S.A,2016Q3,2016-09-30,2016-10-25,60171
17671,TELEFÔNICA BRASIL S.A,2017Q1,2017-03-31,2017-05-09,64949
17671,TELEFÔNICA BRASIL S.A,2017Q2,2017-06-30,2017-07-26,67325
17671,TELEFÔNICA BRASIL S.A,2017Q3,2017-09-30,2017-10-25,69249
17671,TELEFÔNICA BRASIL S.A,2018Q1,2018-03-31,2018-04-25,73479
17671,TELEFÔNICA BRASIL S.A,2018Q2,2018-06-30,2018-07-25,76469
17671,TELEFÔNICA BRASIL S.A,2018Q3,2018-09-30,2018-10-30,78363
17671,TELEFÔNICA BRASIL S.A,2019Q1,2019-03-31,2019-05-09,82963
17671,TELEFÔNICA BRASIL S.A,2019Q2,2019-06-30,2019-07-24,85531
17671,TELEFÔNICA BRASIL S.A,2019Q3,2019-09-30,2019-11-04,88976
17671,TELEFÔNICA BRASIL S.A,2020Q1,2020-03-31,2020-05-06,92715
17671,TELEFÔNICA BRASIL S.A,2020Q2,2020-06-30,2020-07-29,95061
17671,TELEFÔNICA BRASIL S.A,2020Q3,2020-09-30,2020-10-27,97896
17671,TELEFÔNICA BRASIL S.A,2021Q1,2021-03-31,2021-05-11,103805
17671,TELEFÔNICA BRASIL S.A,2021Q2,2021-06-30,2021-07-27,106705
17671,TELEFÔNICA BRASIL S.A,2021Q3,2021-09-30,2021-10-27,109256
17671,TELEFÔNICA BRASIL S.A,2022Q1,2022-03-31,2022-05-10,114647
17671,TELEFÔNICA BRASIL S.A,2022Q2,2022-06-30,2022-08-04,119213
17671,TELEFÔNICA BRASIL S.A,2022Q3,2022-09-30,2022-10-25,121143
17671,TELEFÔNICA BRASIL S.A,2023Q1,2023-03-31,2023-05-09,126037
17671,TELEFÔNICA BRASIL S.A,2023Q2,2023-06-30,2023-07-25,129172
17671,TELEFÔNICA BRASIL S.A,2023Q3,2023-09-30,2023-10-31,131708
17671,TELEFÔNICA BRASIL S.A,2024Q1,2024-03-31,2024-05-07,136590
17671,TELEFÔNICA BRASIL S.A,2024Q2,2024-06-30,2024-07-29,139977
17671,TELEFÔNICA BRASIL S.A,2024Q3,2024-09-30,2024-11-05,142553
17671,TELEFÔNICA BRASIL S.A,2025Q1,2025-03-31,2025-05-12,147383
17671,TELEFÔNICA BRASIL S.A,2025Q2,2025-06-30,2025-07-28,150175
17671,TELEFÔNICA BRASIL S.A,2025Q3,2025-09-30,2025-10-30,152563
11320,TELEMAR NORTE LESTE SA,2011Q1,2011-03-31,2011-05-10,7425
11320,TELEMAR NORTE LESTE SA,2011Q2,2011-06-30,2011-11-10,12592
11320,TELEMAR NORTE LESTE SA,2011Q3,2011-09-30,2011-10-27,12206
22136,TEREOS INTERNACIONAL S/A,2011Q2,2011-06-30,2011-11-08,12417
22136,TEREOS INTERNACIONAL S/A,2011Q3,2011-09-30,2011-11-16,13008
22136,TEREOS INTERNACIONAL S/A,2012Q2,2012-06-30,2012-08-09,20267
22136,TEREOS INTERNACIONAL S/A,2012Q3,2012-09-30,2012-11-13,22393
22136,TEREOS INTERNACIONAL S/A,2013Q2,2013-06-30,2013-08-14,30825
22136,TEREOS INTERNACIONAL S/A,2013Q3,2013-09-30,2013-11-13,32810
22136,TEREOS INTERNACIONAL S/A,2014Q2,2014-06-30,2014-08-11,40316
22136,TEREOS INTERNACIONAL S/A,2014Q3,2014-09-30,2014-11-10,42208
22136,TEREOS INTERNACIONAL S/A,2015Q2,2015-06-30,2015-08-05,49473
22136,TEREOS INTERNACIONAL S/A,2015Q3,2015-09-30,2015-11-10,51480
22136,TEREOS INTERNACIONAL S/A,2016Q2,2016-06-30,2016-08-05,58503
20354,TERRA SANTA AGRO S.A.,2011Q1,2011-03-31,2011-05-12,7718
20354,TERRA SANTA AGRO S.A.,2011Q2,2011-06-30,2011-08-12,10946
20354,TERRA SANTA AGRO S.A.,2011Q3,2011-09-30,2012-04-04,15999
20354,TERRA SANTA AGRO S.A.,2012Q1,2012-03-31,2012-04-28,16568
20354,TERRA SANTA AGRO S.A.,2012Q2,2012-06-30,2012-08-09,20217
20354,TERRA SANTA AGRO S.A.,2012Q3,2012-09-30,2012-11-13,22464
20354,TERRA SANTA AGRO S.A.,2013Q1,2013-03-31,2013-05-10,27193
20354,TERRA SANTA AGRO S.A.,2013Q2,2013-06-30,2013-08-14,30780
20354,TERRA SANTA AGRO S.A.,2013Q3,2013-09-30,2013-11-08,32489
20354,TERRA SANTA AGRO S.A.,2014Q1,2014-03-31,2014-04-23,36376
20354,TERRA SANTA AGRO S.A.,2014Q2,2014-06-30,2014-08-01,40049
20354,TERRA SANTA AGRO S.A.,2014Q3,2014-09-30,2014-10-30,41897
20354,TERRA SANTA AGRO S.A.,2015Q1,2015-03-31,2015-04-29,46192
20354,TERRA SANTA AGRO S.A.,2015Q2,2015-06-30,2015-08-04,49440
20354,TERRA SANTA AGRO S.A.,2015Q3,2015-09-30,2015-11-12,51674
20354,TERRA SANTA AGRO S.A.,2016Q1,2016-03-31,2016-05-10,55972
20354,TERRA SANTA AGRO S.A.,2016Q2,2016-06-30,2016-08-09,58623
20354,TERRA SANTA AGRO S.A.,2016Q3,2016-09-30,2016-11-10,60661
20354,TERRA SANTA AGRO S.A.,2017Q1,2017-03-31,2017-05-03,64642
20354,TERRA SANTA AGRO S.A.,2017Q2,2017-06-30,2017-08-09,67660
20354,TERRA SANTA AGRO S.A.,2017Q3,2017-09-30,2017-11-01,69407
20354,TERRA SANTA AGRO S.A.,2018Q1,2018-03-31,2018-05-09,74090
20354,TERRA SANTA AGRO S.A.,2018Q2,2018-06-30,2018-08-14,77356
20354,TERRA SANTA AGRO S.A.,2018Q3,2018-09-30,2018-10-31,78544
20354,TERRA SANTA AGRO S.A.,2019Q1,2019-03-31,2019-05-07,82845
20354,TERRA SANTA AGRO S.A.,2019Q2,2019-06-30,2019-08-06,86089
20354,TERRA SANTA AGRO S.A.,2019Q3,2019-09-30,2019-11-04,89003
20354,TERRA SANTA AGRO S.A.,2020Q1,2020-03-31,2020-05-14,93158
20354,TERRA SANTA AGRO S.A.,2020Q2,2020-06-30,2020-09-04,96870
20354,TERRA SANTA AGRO S.A.,2020Q3,2020-09-30,2020-11-12,98384
20354,TERRA SANTA AGRO S.A.,2021Q1,2021-03-31,2021-05-17,104517
20354,TERRA SANTA AGRO S.A.,2021Q2,2021-06-30,2021-08-13,107928
17639,TIM PARTICIPACOES S.A.,2011Q1,2011-03-31,2011-05-02,7009
17639,TIM PARTICIPACOES S.A.,2011Q2,2011-06-30,2011-08-02,10477
17639,TIM PARTICIPACOES S.A.,2011Q3,2011-09-30,2011-10-31,12277
17639,TIM PARTICIPACOES S.A.,2012Q1,2012-03-31,2012-04-26,16506
17639,TIM PARTICIPACOES S.A.,2012Q2,2012-06-30,2012-07-30,19968
17639,TIM PARTICIPACOES S.A.,2012Q3,2012-09-30,2012-10-30,21988
17639,TIM PARTICIPACOES S.A.,2013Q1,2013-03-31,2013-04-30,26424
17639,TIM PARTICIPACOES S.A.,2013Q2,2013-06-30,2013-07-30,30077
17639,TIM PARTICIPACOES S.A.,2013Q3,2013-09-30,2013-10-29,32132
17639,TIM PARTICIPACOES S.A.,2014Q1,2014-03-31,2014-05-08,37056
17639,TIM PARTICIPACOES S.A.,2014Q2,2014-06-30,2014-07-31,40030
17639,TIM PARTICIPACOES S.A.,2014Q3,2014-09-30,2014-11-04,42019
17639,TIM PARTICIPACOES S.A.,2015Q1,2015-03-31,2015-05-05,46431
17639,TIM PARTICIPACOES S.A.,2015Q2,2015-06-30,2015-08-04,49445
17639,TIM PARTICIPACOES S.A.,2015Q3,2015-09-30,2015-11-03,51252
17639,TIM PARTICIPACOES S.A.,2016Q1,2016-03-31,2016-05-11,56096
17639,TIM PARTICIPACOES S.A.,2016Q2,2016-06-30,2016-07-25,58256
17639,TIM PARTICIPACOES S.A.,2016Q3,2016-09-30,2016-10-31,60285
17639,TIM PARTICIPACOES S.A.,2017Q1,2017-03-31,2017-04-27,64494
17639,TIM PARTICIPACOES S.A.,2017Q2,2017-06-30,2017-07-25,67324
17639,TIM PARTICIPACOES S.A.,2017Q3,2017-09-30,2017-11-07,69541
17639,TIM PARTICIPACOES S.A.,2018Q1,2018-03-31,2018-05-08,73992
17639,TIM PARTICIPACOES S.A.,2018Q2,2018-06-30,2018-07-19,76401
17639,TIM PARTICIPACOES S.A.,2018Q3,2018-09-30,2018-11-06,78705
17639,TIM PARTICIPACOES S.A.,2019Q1,2019-03-31,2019-05-07,82847
17639,TIM PARTICIPACOES S.A.,2019Q2,2019-06-30,2019-07-30,85775
17639,TIM PARTICIPACOES S.A.,2019Q3,2019-09-30,2019-11-05,89037
17639,TIM PARTICIPACOES S.A.,2020Q1,2020-03-31,2020-05-05,92713
17639,TIM PARTICIPACOES S.A.,2020Q2,2020-06-30,2020-07-29,95154
24929,TIM S.A.,2019Q1,2019-03-31,2019-11-01,88962
24929,TIM S.A.,2019Q2,2019-06-30,2019-11-01,88963
24929,TIM S.A.,2019Q3,2019-09-30,2020-02-06,90797
24929,TIM S.A.,2020Q1,2020-03-31,2020-05-05,92714
24929,TIM S.A.,2020Q2,2020-06-30,2020-07-29,95155
24929,TIM S.A.,2020Q3,2020-09-30,2020-11-03,98007
24929,TIM S.A.,2021Q1,2021-03-31,2021-05-05,103448
24929,TIM S.A.,2021Q2,2021-06-30,2021-07-26,106682
24929,TIM S.A.,2021Q3,2021-09-30,2021-10-25,109194
24929,TIM S.A.,2022Q1,2022-03-31,2022-05-03,114219
24929,TIM S.A.,2022Q2,2022-06-30,2022-08-01,119130
24929,TIM S.A.,2022Q3,2022-09-30,2022-11-07,121415
24929,TIM S.A.,2023Q2,2023-06-30,2023-07-31,129616
24929,TIM S.A.,2023Q3,2023-09-30,2023-11-06,131793
24929,TIM S.A.,2024Q1,2024-03-31,2024-05-06,136514
24929,TIM S.A.,2024Q2,2024-06-30,2024-07-30,140072
24929,TIM S.A.,2024Q3,2024-09-30,2024-11-04,142522
24929,TIM S.A.,2025Q1,2025-03-31,2025-06-27,149650
24929,TIM S.A.,2025Q2,2025-06-30,2025-07-30,150294
24929,TIM S.A.,2025Q3,2025-09-30,2025-11-03,152619
19992,TOTVS S.A.,2011Q1,2011-03-31,2011-04-27,6716
19992,TOTVS S.A.,2011Q2,2011-06-30,2011-07-27,10337
19992,TOTVS S.A.,2011Q3,2011-09-30,2011-10-26,12169
19992,TOTVS S.A.,2012Q1,2012-03-31,2012-04-25,16436
19992,TOTVS S.A.,2012Q2,2012-06-30,2012-07-25,19862
19992,TOTVS S.A.,2012Q3,2012-09-30,2012-11-01,22060
19992,TOTVS S.A.,2013Q1,2013-03-31,2013-05-02,26501
19992,TOTVS S.A.,2013Q2,2013-06-30,2013-07-31,30094
19992,TOTVS S.A.,2013Q3,2013-09-30,2013-10-30,32152
19992,TOTVS S.A.,2014Q1,2014-03-31,2014-04-29,36502
19992,TOTVS S.A.,2014Q2,2014-06-30,2014-07-30,39990
19992,TOTVS S.A.,2014Q3,2014-09-30,2014-10-29,41863
19992,TOTVS S.A.,2015Q1,2015-03-31,2015-05-06,46507
19992,TOTVS S.A.,2015Q2,2015-06-30,2015-08-05,49472
19992,TOTVS S.A.,2015Q3,2015-09-30,2015-10-28,51149
19992,TOTVS S.A.,2016Q1,2016-03-31,2016-05-04,55563
19992,TOTVS S.A.,2016Q2,2016-06-30,2016-08-03,58438
19992,TOTVS S.A.,2016Q3,2016-09-30,2016-11-03,60338
19992,TOTVS S.A.,2017Q1,2017-03-31,2017-05-03,64634
19992,TOTVS S.A.,2017Q2,2017-06-30,2017-08-02,67477
19992,TOTVS S.A.,2017Q3,2017-09-30,2017-11-08,69571
19992,TOTVS S.A.,2018Q1,2018-03-31,2018-05-09,74066
19992,TOTVS S.A.,2018Q2,2018-06-30,2018-08-01,76621
19992,TOTVS S.A.,2018Q3,2018-09-30,2018-11-13,79128
19992,TOTVS S.A.,2019Q1,2019-03-31,2019-05-08,82906
19992,TOTVS S.A.,2019Q2,2019-06-30,2019-08-07,86133
19992,TOTVS S.A.,2019Q3,2019-09-30,2019-11-06,89064
19992,TOTVS S.A.,2020Q1,2020-03-31,2022-05-25,115737
19992,TOTVS S.A.,2020Q2,2020-06-30,2022-05-25,115739
19992,TOTVS S.A.,2020Q3,2020-09-30,2022-05-25,115743
19992,TOTVS S.A.,2021Q1,2021-03-31,2022-05-25,115746
19992,TOTVS S.A.,2021Q2,2021-06-30,2022-05-25,115747
19992,TOTVS S.A.,2021Q3,2021-09-30,2022-05-25,115748
19992,TOTVS S.A.,2022Q1,2022-03-31,2022-05-04,114288
19992,TOTVS S.A.,2022Q2,2022-06-30,2022-08-03,119204
19992,TOTVS S.A.,2022Q3,2022-09-30,2022-11-08,121472
19992,TOTVS S.A.,2023Q1,2023-03-31,2023-05-08,125914
19992,TOTVS S.A.,2023Q2,2023-06-30,2023-08-08,129830
19992,TOTVS S.A.,2023Q3,2023-09-30,2023-11-07,131852
19992,TOTVS S.A.,2024Q1,2024-03-31,2024-05-08,136696
19992,TOTVS S.A.,2024Q2,2024-06-30,2024-08-07,140501
19992,TOTVS S.A.,2024Q3,2024-09-30,2024-11-06,142620
19992,TOTVS S.A.,2025Q1,2025-03-31,2025-05-08,147118
19992,TOTVS S.A.,2025Q2,2025-06-30,2025-08-06,150669
19992,TOTVS S.A.,2025Q3,2025-09-30,2025-11-05,152679
20257,TRANSMISSORA ALIANÇA DE ENERGIA ELÉTRICA S.A.,2011Q1,2011-03-31,2011-06-10,9655
20257,TRANSMISSORA ALIANÇA DE ENERGIA ELÉTRICA S.A.,2011Q2,2011-06-30,2011-08-09,10617
20257,TRANSMISSORA ALIANÇA DE ENERGIA ELÉTRICA S.A.,2011Q3,2011-09-30,2011-11-10,12517
20257,TRANSMISSORA ALIANÇA DE ENERGIA ELÉTRICA S.A.,2012Q1,2012-03-31,2012-07-02,19519
20257,TRANSMISSORA ALIANÇA DE ENERGIA ELÉTRICA S.A.,2012Q2,2012-06-30,2012-10-10,21616
20257,TRANSMISSORA ALIANÇA DE ENERGIA ELÉTRICA S.A.,2012Q3,2012-09-30,2012-11-14,22544
20257,TRANSMISSORA ALIANÇA DE ENERGIA ELÉTRICA S.A.,2013Q1,2013-03-31,2013-05-15,27504
20257,TRANSMISSORA ALIANÇA DE ENERGIA ELÉTRICA S.A.,2013Q2,2013-06-30,2013-08-14,30565
20257,TRANSMISSORA ALIANÇA DE ENERGIA ELÉTRICA S.A.,2013Q3,2013-09-30,2013-11-13,32662
20257,TRANSMISSORA ALIANÇA DE ENERGIA ELÉTRICA S.A.,2014Q1,2014-03-31,2014-05-14,37494
20257,TRANSMISSORA ALIANÇA DE ENERGIA ELÉTRICA S.A.,2014Q2,2014-06-30,2014-08-13,40483
20257,TRANSMISSORA ALIANÇA DE ENERGIA ELÉTRICA S.A.,2014Q3,2014-09-30,2014-11-10,42166
20257,TRANSMISSORA ALIANÇA DE ENERGIA ELÉTRICA S.A.,2015Q1,2015-03-31,2015-05-11,46809
20257,TRANSMISSORA ALIANÇA DE ENERGIA ELÉTRICA S.A.,2015Q2,2015-06-30,2015-08-19,50301
20257,TRANSMISSORA ALIANÇA DE ENERGIA ELÉTRICA S.A.,2015Q3,2015-09-30,2015-11-05,51334
20257,TRANSMISSORA ALIANÇA DE ENERGIA ELÉTRICA S.A.,2016Q1,2016-03-31,2016-05-04,55561
20257,TRANSMISSORA ALIANÇA DE ENERGIA ELÉTRICA S.A.,2016Q2,2016-06-30,2016-08-08,58572
20257,TRANSMISSORA ALIANÇA DE ENERGIA ELÉTRICA S.A.,2016Q3,2016-09-30,2016-11-08,60462
20257,TRANSMISSORA ALIANÇA DE ENERGIA ELÉTRICA S.A.,2017Q1,2017-03-31,2017-05-05,64757
20257,TRANSMISSORA ALIANÇA DE ENERGIA ELÉTRICA S.A.,2017Q2,2017-06-30,2017-08-09,67672
20257,TRANSMISSORA ALIANÇA DE ENERGIA ELÉTRICA S.A.,2017Q3,2017-09-30,2017-11-08,69580
20257,TRANSMISSORA ALIANÇA DE ENERGIA ELÉTRICA S.A.,2018Q1,2018-03-31,2018-05-09,74088
20257,TRANSMISSORA ALIANÇA DE ENERGIA ELÉTRICA S.A.,2018Q2,2018-06-30,2018-08-06,76718
20257,TRANSMISSORA ALIANÇA DE ENERGIA ELÉTRICA S.A.,2018Q3,2018-09-30,2018-11-06,78686
20257,TRANSMISSORA ALIANÇA DE ENERGIA ELÉTRICA S.A.,2019Q1,2019-03-31,2019-05-14,83484
20257,TRANSMISSORA ALIANÇA DE ENERGIA ELÉTRICA S.A.,2019Q2,2019-06-30,2019-08-06,86066
20257,TRANSMISSORA ALIANÇA DE ENERGIA ELÉTRICA S.A.,2019Q3,2019-09-30,2019-11-13,89483
20257,TRANSMISSORA ALIANÇA DE ENERGIA ELÉTRICA S.A.,2020Q1,2020-03-31,2020-05-14,93133
20257,TRANSMISSORA ALIANÇA DE ENERGIA ELÉTRICA S.A.,2020Q2,2020-06-30,2020-08-12,95979
20257,TRANSMISSORA ALIANÇA DE ENERGIA ELÉTRICA S.A.,2020Q3,2020-09-30,2020-11-11,98264
20257,TRANSMISSORA ALIANÇA DE ENERGIA ELÉTRICA S.A.,2021Q1,2021-03-31,2021-05-05,103439
20257,TRANSMISSORA ALIANÇA DE ENERGIA ELÉTRICA S.A.,2021Q2,2021-06-30,2021-08-11,107572
20257,TRANSMISSORA ALIANÇA DE ENERGIA ELÉTRICA S.A.,2022Q1,2022-03-31,2022-05-12,114855
20257,TRANSMISSORA ALIANÇA DE ENERGIA ELÉTRICA S.A.,2022Q2,2022-06-30,2022-08-10,119465
20257,TRANSMISSORA ALIANÇA DE ENERGIA ELÉTRICA S.A.,2022Q3,2022-09-30,2022-11-09,121586
20257,TRANSMISSORA ALIANÇA DE ENERGIA ELÉTRICA S.A.,2023Q1,2023-03-31,2023-05-03,125715
20257,TRANSMISSORA ALIANÇA DE ENERGIA ELÉTRICA S.A.,2023Q2,2023-06-30,2023-08-02,129683
20257,TRANSMISSORA ALIANÇA DE ENERGIA ELÉTRICA S.A.,2023Q3,2023-09-30,2023-11-08,131952
20257,TRANSMISSORA ALIANÇA DE ENERGIA ELÉTRICA S.A.,2024Q1,2024-03-31,2024-05-08,136771
20257,TRANSMISSORA ALIANÇA DE ENERGIA ELÉTRICA S.A.,2024Q2,2024-06-30,2024-08-13,140919
20257,TRANSMISSORA ALIANÇA DE ENERGIA ELÉTRICA S.A.,2024Q3,2024-09-30,2024-11-06,142655
20257,TRANSMISSORA ALIANÇA DE ENERGIA ELÉTRICA S.A.,2025Q1,2025-03-31,2025-05-07,147010
20257,TRANSMISSORA ALIANÇA DE ENERGIA ELÉTRICA S.A.,2025Q2,2025-06-30,2025-08-13,151178
20257,TRANSMISSORA ALIANÇA DE ENERGIA ELÉTRICA S.A.,2025Q3,2025-09-30,2025-11-11,152982
6343,TUPY S.A.,2011Q1,2011-03-31,2011-05-13,7890
6343,TUPY S.A.,2011Q2,2011-06-30,2011-08-12,10907
6343,TUPY S.A.,2011Q3,2011-09-30,2011-11-14,12961
6343,TUPY S.A.,2012Q1,2012-03-31,2012-05-15,17780
6343,TUPY S.A.,2012Q2,2012-06-30,2012-08-15,20749
6343,TUPY S.A.,2012Q3,2012-09-30,2012-11-14,22677
6343,TUPY S.A.,2013Q1,2013-03-31,2013-05-16,27928
6343,TUPY S.A.,2013Q2,2013-06-30,2013-09-25,31583
6343,TUPY S.A.,2013Q3,2013-09-30,2013-11-14,32832
6343,TUPY S.A.,2014Q1,2014-03-31,2014-05-09,37076
6343,TUPY S.A.,2014Q2,2014-06-30,2014-08-25,41022
6343,TUPY S.A.,2014Q3,2014-09-30,2014-11-06,42095
6343,TUPY S.A.,2015Q1,2015-03-31,2015-05-13,47069
6343,TUPY S.A.,2015Q2,2015-06-30,2015-08-12,49742
6343,TUPY S.A.,2015Q3,2015-09-30,2015-11-12,51621
6343,TUPY S.A.,2016Q1,2016-03-31,2016-05-11,56042
6343,TUPY S.A.,2016Q2,2016-06-30,2016-08-04,58485
6343,TUPY S.A.,2016Q3,2016-09-30,2016-11-07,60419
6343,TUPY S.A.,2017Q1,2017-03-31,2017-05-15,65631
6343,TUPY S.A.,2017Q2,2017-06-30,2017-08-14,68064
6343,TUPY S.A.,2017Q3,2017-09-30,2017-11-24,70241
6343,TUPY S.A.,2018Q1,2018-03-31,2018-05-08,73937
6343,TUPY S.A.,2018Q2,2018-06-30,2018-08-07,76739
6343,TUPY S.A.,2018Q3,2018-09-30,2018-11-07,78747
6343,TUPY S.A.,2019Q1,2019-03-31,2019-05-14,83440
6343,TUPY S.A.,2019Q2,2019-06-30,2019-08-14,86576
6343,TUPY S.A.,2019Q3,2019-09-30,2019-11-11,89231
6343,TUPY S.A.,2020Q1,2020-03-31,2020-06-29,94390
6343,TUPY S.A.,2020Q2,2020-06-30,2020-08-12,95934
6343,TUPY S.A.,2020Q3,2020-09-30,2020-10-28,97914
6343,TUPY S.A.,2021Q1,2021-03-31,2021-04-28,103132
6343,TUPY S.A.,2021Q2,2021-06-30,2021-08-05,107293
6343,TUPY S.A.,2021Q3,2021-09-30,2021-11-10,109681
6343,TUPY S.A.,2022Q1,2022-03-31,2022-05-12,114913
6343,TUPY S.A.,2022Q2,2022-06-30,2022-08-04,119225
6343,TUPY S.A.,2022Q3,2022-09-30,2022-11-07,121387
6343,TUPY S.A.,2023Q1,2023-03-31,2023-05-10,126143
6343,TUPY S.A.,2023Q2,2023-06-30,2023-08-14,130366
6343,TUPY S.A.,2023Q3,2023-09-30,2023-11-13,132401
6343,TUPY S.A.,2024Q1,2024-03-31,2024-05-14,137340
6343,TUPY S.A.,2024Q2,2024-06-30,2024-08-13,140934
6343,TUPY S.A.,2024Q3,2024-09-30,2024-11-13,143136
6343,TUPY S.A.,2025Q1,2025-03-31,2025-05-14,147666
6343,TUPY S.A.,2025Q2,2025-06-30,2025-08-13,151119
6343,TUPY S.A.,2025Q3,2025-09-30,2025-11-06,152772
18465,ULTRAPAR PARTICIPACOES S.A.,2011Q1,2011-03-31,2011-05-12,7637
18465,ULTRAPAR PARTICIPACOES S.A.,2011Q2,2011-06-30,2011-08-10,10731
18465,ULTRAPAR PARTICIPACOES S.A.,2011Q3,2011-09-30,2011-11-09,12498
18465,ULTRAPAR PARTICIPACOES S.A.,2012Q1,2012-03-31,2012-05-02,16657
18465,ULTRAPAR PARTICIPACOES S.A.,2012Q2,2012-06-30,2012-08-01,20027
18465,ULTRAPAR PARTICIPACOES S.A.,2012Q3,2012-09-30,2012-11-08,22245
18465,ULTRAPAR PARTICIPACOES S.A.,2013Q1,2013-03-31,2013-05-15,27864
18465,ULTRAPAR PARTICIPACOES S.A.,2013Q2,2013-06-30,2013-07-31,30101
18465,ULTRAPAR PARTICIPACOES S.A.,2013Q3,2013-09-30,2013-11-06,32379
18465,ULTRAPAR PARTICIPACOES S.A.,2014Q1,2014-03-31,2014-05-14,37632
18465,ULTRAPAR PARTICIPACOES S.A.,2014Q2,2014-06-30,2014-08-06,40165
18465,ULTRAPAR PARTICIPACOES S.A.,2014Q3,2014-09-30,2014-11-05,42065
18465,ULTRAPAR PARTICIPACOES S.A.,2015Q1,2015-03-31,2015-05-06,46514
18465,ULTRAPAR PARTICIPACOES S.A.,2015Q2,2015-06-30,2015-08-05,49474
18465,ULTRAPAR PARTICIPACOES S.A.,2015Q3,2015-09-30,2015-11-04,51285
18465,ULTRAPAR PARTICIPACOES S.A.,2016Q1,2016-03-31,2016-05-11,56085
18465,ULTRAPAR PARTICIPACOES S.A.,2016Q2,2016-06-30,2016-08-10,58716
18465,ULTRAPAR PARTICIPACOES S.A.,2016Q3,2016-09-30,2016-11-09,60569
18465,ULTRAPAR PARTICIPACOES S.A.,2017Q1,2017-03-31,2017-05-10,65117
18465,ULTRAPAR PARTICIPACOES S.A.,2017Q2,2017-06-30,2017-08-09,67659
18465,ULTRAPAR PARTICIPACOES S.A.,2017Q3,2017-09-30,2017-11-08,69583
18465,ULTRAPAR PARTICIPACOES S.A.,2018Q1,2018-03-31,2018-05-02,73675
18465,ULTRAPAR PARTICIPACOES S.A.,2018Q2,2018-06-30,2018-08-02,76626
18465,ULTRAPAR PARTICIPACOES S.A.,2018Q3,2018-09-30,2018-11-07,78770
18465,ULTRAPAR PARTICIPACOES S.A.,2019Q1,2019-03-31,2019-05-15,83756
18465,ULTRAPAR PARTICIPACOES S.A.,2019Q2,2019-06-30,2019-08-14,86664
18465,ULTRAPAR PARTICIPACOES S.A.,2019Q3,2019-09-30,2019-11-06,89077
18465,ULTRAPAR PARTICIPACOES S.A.,2020Q1,2020-03-31,2020-05-13,93063
18465,ULTRAPAR PARTICIPACOES S.A.,2020Q2,2020-06-30,2020-08-12,95965
18465,ULTRAPAR PARTICIPACOES S.A.,2020Q3,2020-09-30,2020-11-04,98044
18465,ULTRAPAR PARTICIPACOES S.A.,2021Q1,2021-03-31,2021-05-05,103449
18465,ULTRAPAR PARTICIPACOES S.A.,2021Q2,2021-06-30,2021-08-11,107575
18465,ULTRAPAR PARTICIPACOES S.A.,2021Q3,2021-09-30,2021-11-03,109393
18465,ULTRAPAR PARTICIPACOES S.A.,2022Q1,2022-03-31,2022-05-11,114841
18465,ULTRAPAR PARTICIPACOES S.A.,2022Q2,2022-06-30,2022-08-03,119206
18465,ULTRAPAR PARTICIPACOES S.A.,2022Q3,2022-09-30,2022-11-09,121584
18465,ULTRAPAR PARTICIPACOES S.A.,2023Q1,2023-03-31,2023-05-03,125704
18465,ULTRAPAR PARTICIPACOES S.A.,2023Q2,2023-06-30,2023-08-09,129915
18465,ULTRAPAR PARTICIPACOES S.A.,2023Q3,2023-09-30,2023-11-08,131929
18465,ULTRAPAR PARTICIPACOES S.A.,2024Q1,2024-03-31,2024-05-08,136753
18465,ULTRAPAR PARTICIPACOES S.A.,2024Q2,2024-06-30,2024-08-07,140516
18465,ULTRAPAR PARTICIPACOES S.A.,2024Q3,2024-09-30,2024-11-13,143137
18465,ULTRAPAR PARTICIPACOES S.A.,2025Q1,2025-03-31,2025-05-07,146983
18465,ULTRAPAR PARTICIPACOES S.A.,2025Q2,2025-06-30,2025-08-13,151148
18465,ULTRAPAR PARTICIPACOES S.A.,2025Q3,2025-09-30,2025-11-12,153062
14320,USINAS SID DE MINAS GERAIS S.A.-USIMINAS,2011Q1,2011-03-31,2011-05-11,7565
14320,USINAS SID DE MINAS GERAIS S.A.-USIMINAS,2011Q2,2011-06-30,2011-08-02,10459
14320,USINAS SID DE MINAS GERAIS S.A.-USIMINAS,2011Q3,2011-09-30,2011-11-08,12400
14320,USINAS SID DE MINAS GERAIS S.A.-USIMINAS,2012Q1,2012-03-31,2012-04-23,16377
14320,USINAS SID DE MINAS GERAIS S.A.-USIMINAS,2012Q2,2012-06-30,2012-07-30,19963
14320,USINAS SID DE MINAS GERAIS S.A.-USIMINAS,2012Q3,2012-09-30,2012-11-01,22038
14320,USINAS SID DE MINAS GERAIS S.A.-USIMINAS,2013Q1,2013-03-31,2013-04-26,26334
14320,USINAS SID DE MINAS GERAIS S.A.-USIMINAS,2013Q2,2013-06-30,2013-07-26,30031
14320,USINAS SID DE MINAS GERAIS S.A.-USIMINAS,2013Q3,2013-09-30,2013-10-30,32136
14320,USINAS SID DE MINAS GERAIS S.A.-USIMINAS,2014Q1,2014-03-31,2014-04-24,36381
14320,USINAS SID DE MINAS GERAIS S.A.-USIMINAS,2014Q2,2014-06-30,2014-07-24,39876
14320,USINAS SID DE MINAS GERAIS S.A.-USIMINAS,2014Q3,2014-09-30,2014-10-29,41849
14320,USINAS SID DE MINAS GERAIS S.A.-USIMINAS,2015Q1,2015-03-31,2015-04-23,46084
14320,USINAS SID DE MINAS GERAIS S.A.-USIMINAS,2015Q2,2015-06-30,2015-08-06,49487
14320,USINAS SID DE MINAS GERAIS S.A.-USIMINAS,2015Q3,2015-09-30,2015-10-29,51176
14320,USINAS SID DE MINAS GERAIS S.A.-USIMINAS,2016Q1,2016-03-31,2016-04-25,55231
14320,USINAS SID DE MINAS GERAIS S.A.-USIMINAS,2016Q2,2016-06-30,2016-07-28,58302
14320,USINAS SID DE MINAS GERAIS S.A.-USIMINAS,2016Q3,2016-09-30,2016-10-28,60229
14320,USINAS SID DE MINAS GERAIS S.A.-USIMINAS,2017Q1,2017-03-31,2017-04-20,64312
14320,USINAS SID DE MINAS GERAIS S.A.-USIMINAS,2017Q2,2017-06-30,2017-07-28,67383
14320,USINAS SID DE MINAS GERAIS S.A.-USIMINAS,2017Q3,2017-09-30,2017-10-27,69303
14320,USINAS SID DE MINAS GERAIS S.A.-USIMINAS,2018Q1,2018-03-31,2018-05-09,74046
14320,USINAS SID DE MINAS GERAIS S.A.-USIMINAS,2018Q2,2018-06-30,2018-07-27,76533
14320,USINAS SID DE MINAS GERAIS S.A.-USIMINAS,2018Q3,2018-09-30,2018-10-26,78308
14320,USINAS SID DE MINAS GERAIS S.A.-USIMINAS,2019Q1,2019-03-31,2019-04-18,82249
14320,USINAS SID DE MINAS GERAIS S.A.-USIMINAS,2019Q2,2019-06-30,2019-07-26,85604
14320,USINAS SID DE MINAS GERAIS S.A.-USIMINAS,2019Q3,2019-09-30,2019-10-25,88812
14320,USINAS SID DE MINAS GERAIS S.A.-USIMINAS,2020Q1,2020-03-31,2020-05-22,93356
14320,USINAS SID DE MINAS GERAIS S.A.-USIMINAS,2020Q2,2020-06-30,2020-07-30,95158
14320,USINAS SID DE MINAS GERAIS S.A.-USIMINAS,2020Q3,2020-09-30,2020-10-29,97932
14320,USINAS SID DE MINAS GERAIS S.A.-USIMINAS,2021Q1,2021-03-31,2021-04-23,103030
14320,USINAS SID DE MINAS GERAIS S.A.-USIMINAS,2021Q2,2021-06-30,2021-07-30,106860
14320,USINAS SID DE MINAS GERAIS S.A.-USIMINAS,2021Q3,2021-09-30,2021-10-29,109311
14320,USINAS SID DE MINAS GERAIS S.A.-USIMINAS,2022Q1,2022-03-31,2022-04-20,113852
14320,USINAS SID DE MINAS GERAIS S.A.-USIMINAS,2022Q2,2022-06-30,2022-07-29,118828
14320,USINAS SID DE MINAS GERAIS S.A.-USIMINAS,2022Q3,2022-09-30,2022-10-28,121207
14320,USINAS SID DE MINAS GERAIS S.A.-USIMINAS,2023Q1,2023-03-31,2023-04-20,125334
14320,USINAS SID DE MINAS GERAIS S.A.-USIMINAS,2023Q2,2023-06-30,2023-07-28,129289
14320,USINAS SID DE MINAS GERAIS S.A.-USIMINAS,2023Q3,2023-09-30,2023-10-27,131633
14320,USINAS SID DE MINAS GERAIS S.A.-USIMINAS,2024Q1,2024-03-31,2024-04-23,135847
14320,USINAS SID DE MINAS GERAIS S.A.-USIMINAS,2024Q2,2024-06-30,2024-07-26,139900
14320,USINAS SID DE MINAS GERAIS S.A.-USIMINAS,2024Q3,2024-09-30,2024-10-25,142336
14320,USINAS SID DE MINAS GERAIS S.A.-USIMINAS,2025Q1,2025-03-31,2025-04-24,146466
14320,USINAS SID DE MINAS GERAIS S.A.-USIMINAS,2025Q2,2025-06-30,2025-07-25,150128
14320,USINAS SID DE MINAS GERAIS S.A.-USIMINAS,2025Q3,2025-09-30,2025-10-24,152464
14028,VALE FERTILIZANTES S.A.,2011Q1,2011-03-31,2011-05-06,7289
14028,VALE FERTILIZANTES S.A.,2011Q2,2011-06-30,2011-07-29,10412
14028,VALE FERTILIZANTES S.A.,2011Q3,2011-09-30,2011-10-31,12248
4170,VALE S.A.,2011Q1,2011-03-31,2011-05-05,7230
4170,VALE S.A.,2011Q2,2011-06-30,2011-07-28,10365
4170,VALE S.A.,2011Q3,2011-09-30,2011-11-07,12389
4170,VALE S.A.,2012Q1,2012-03-31,2012-04-25,16440
4170,VALE S.A.,2012Q2,2012-06-30,2012-07-25,19866
4170,VALE S.A.,2012Q3,2012-09-30,2012-10-24,21878
4170,VALE S.A.,2013Q1,2013-03-31,2013-04-25,26295
4170,VALE S.A.,2013Q2,2013-06-30,2013-08-12,30434
4170,VALE S.A.,2013Q3,2013-09-30,2013-11-06,32385
4170,VALE S.A.,2014Q1,2014-03-31,2014-04-30,36520
4170,VALE S.A.,2014Q2,2014-06-30,2014-07-31,40002
4170,VALE S.A.,2014Q3,2014-09-30,2014-10-30,41876
4170,VALE S.A.,2015Q1,2015-03-31,2015-04-30,46237
4170,VALE S.A.,2015Q2,2015-06-30,2015-07-30,49330
4170,VALE S.A.,2015Q3,2015-09-30,2015-10-22,51039
4170,VALE S.A.,2016Q1,2016-03-31,2016-04-28,55326
4170,VALE S.A.,2016Q2,2016-06-30,2016-07-28,58299
4170,VALE S.A.,2016Q3,2016-09-30,2016-10-27,60202
4170,VALE S.A.,2017Q1,2017-03-31,2017-04-27,64456
4170,VALE S.A.,2017Q2,2017-06-30,2017-07-27,67346
4170,VALE S.A.,2017Q3,2017-09-30,2017-10-26,69270
4170,VALE S.A.,2018Q1,2018-03-31,2018-04-25,73496
4170,VALE S.A.,2018Q2,2018-06-30,2018-07-25,76479
4170,VALE S.A.,2018Q3,2018-09-30,2018-10-24,78256
4170,VALE S.A.,2019Q1,2019-03-31,2019-05-09,83060
4170,VALE S.A.,2019Q2,2019-06-30,2020-05-29,93633
4170,VALE S.A.,2019Q3,2019-09-30,2019-10-24,88794
4170,VALE S.A.,2020Q1,2020-03-31,2020-04-28,92568
4170,VALE S.A.,2020Q2,2020-06-30,2020-07-29,95152
4170,VALE S.A.,2020Q3,2020-09-30,2020-10-29,97948
4170,VALE S.A.,2021Q1,2021-03-31,2021-04-27,103078
4170,VALE S.A.,2021Q2,2021-06-30,2021-07-29,106831
4170,VALE S.A.,2021Q3,2021-09-30,2021-10-28,109308
4170,VALE S.A.,2022Q1,2022-03-31,2022-04-29,114080
4170,VALE S.A.,2022Q2,2022-06-30,2022-07-28,118792
4170,VALE S.A.,2022Q3,2022-09-30,2022-10-27,121194
4170,VALE S.A.,2023Q1,2023-03-31,2023-04-26,125475
4170,VALE S.A.,2023Q2,2023-06-30,2023-07-27,129283
4170,VALE S.A.,2023Q3,2023-09-30,2023-10-26,131627
4170,VALE S.A.,2024Q1,2024-03-31,2024-04-24,135918
4170,VALE S.A.,2024Q2,2024-06-30,2024-07-25,139893
4170,VALE S.A.,2024Q3,2024-09-30,2024-10-24,142334
4170,VALE S.A.,2025Q1,2025-03-31,2025-04-25,146543
4170,VALE S.A.,2025Q2,2025-06-30,2025-07-31,150500
4170,VALE S.A.,2025Q3,2025-09-30,2025-10-30,152560
20028,VALID SOLUÇÕES S.A.,2011Q1,2011-03-31,2011-05-10,7509
20028,VALID SOLUÇÕES S.A.,2011Q2,2011-06-30,2011-08-10,10724
20028,VALID SOLUÇÕES S.A.,2011Q3,2011-09-30,2011-11-09,12477
20028,VALID SOLUÇÕES S.A.,2012Q1,2012-03-31,2012-05-09,17096
20028,VALID SOLUÇÕES S.A.,2012Q2,2012-06-30,2012-08-14,20562
20028,VALID SOLUÇÕES S.A.,2012Q3,2012-09-30,2012-11-07,22182
20028,VALID SOLUÇÕES S.A.,2013Q1,2013-03-31,2013-05-15,27785
20028,VALID SOLUÇÕES S.A.,2013Q2,2013-06-30,2013-08-14,30798
20028,VALID SOLUÇÕES S.A.,2013Q3,2013-09-30,2013-12-18,33575
20028,VALID SOLUÇÕES S.A.,2014Q1,2014-03-31,2014-05-05,36666
20028,VALID SOLUÇÕES S.A.,2014Q2,2014-06-30,2014-08-04,40079
20028,VALID SOLUÇÕES S.A.,2014Q3,2014-09-30,2014-11-10,42194
20028,VALID SOLUÇÕES S.A.,2015Q1,2015-03-31,2015-05-05,46378
20028,VALID SOLUÇÕES S.A.,2015Q2,2015-06-30,2015-08-03,49415
20028,VALID SOLUÇÕES S.A.,2015Q3,2015-09-30,2015-11-03,51266
20028,VALID SOLUÇÕES S.A.,2016Q1,2016-03-31,2016-05-12,56164
20028,VALID SOLUÇÕES S.A.,2016Q2,2016-06-30,2016-08-15,59169
20028,VALID SOLUÇÕES S.A.,2016Q3,2016-09-30,2016-11-09,60567
20028,VALID SOLUÇÕES S.A.,2017Q1,2017-03-31,2017-05-10,65104
20028,VALID SOLUÇÕES S.A.,2017Q2,2017-06-30,2017-08-07,67560
20028,VALID SOLUÇÕES S.A.,2017Q3,2017-09-30,2017-11-08,69585
20028,VALID SOLUÇÕES S.A.,2018Q1,2018-03-31,2018-05-09,74063
20028,VALID SOLUÇÕES S.A.,2018Q2,2018-06-30,2018-08-08,76797
20028,VALID SOLUÇÕES S.A.,2018Q3,2018-09-30,2018-11-07,78744
20028,VALID SOLUÇÕES S.A.,2019Q1,2019-03-31,2019-05-08,82922
20028,VALID SOLUÇÕES S.A.,2019Q2,2019-06-30,2019-08-06,86092
20028,VALID SOLUÇÕES S.A.,2019Q3,2019-09-30,2019-10-31,88942
20028,VALID SOLUÇÕES S.A.,2020Q1,2020-03-31,2020-05-21,93352
20028,VALID SOLUÇÕES S.A.,2020Q2,2020-06-30,2020-08-06,95742
20028,VALID SOLUÇÕES S.A.,2020Q3,2020-09-30,2020-11-05,98067
20028,VALID SOLUÇÕES S.A.,2021Q1,2021-03-31,2021-05-12,103951
20028,VALID SOLUÇÕES S.A.,2021Q2,2021-06-30,2021-08-11,107557
20028,VALID SOLUÇÕES S.A.,2021Q3,2021-09-30,2021-11-10,109669
20028,VALID SOLUÇÕES S.A.,2022Q1,2022-03-31,2022-05-10,114654
20028,VALID SOLUÇÕES S.A.,2022Q2,2022-06-30,2022-08-10,119383
20028,VALID SOLUÇÕES S.A.,2022Q3,2022-09-30,2022-11-08,121442
20028,VALID SOLUÇÕES S.A.,2023Q1,2023-03-31,2023-05-09,126029
20028,VALID SOLUÇÕES S.A.,2023Q2,2023-06-30,2023-08-14,130384
20028,VALID SOLUÇÕES S.A.,2023Q3,2023-09-30,2023-11-07,131855
20028,VALID SOLUÇÕES S.A.,2024Q1,2024-03-31,2024-05-08,136683
20028,VALID SOLUÇÕES S.A.,2024Q2,2024-06-30,2024-08-07,140484
20028,VALID SOLUÇÕES S.A.,2024Q3,2024-09-30,2024-11-06,142605
20028,VALID SOLUÇÕES S.A.,2025Q1,2025-03-31,2025-05-07,146995
20028,VALID SOLUÇÕES S.A.,2025Q2,2025-06-30,2025-08-06,150675
20028,VALID SOLUÇÕES S.A.,2025Q3,2025-09-30,2025-11-06,152759
24716,"VAMOS LOCAÇÃO DE CAMINHÕES, MÁQUINAS E EQUIPAMENTOS S.A.",2019Q1,2019-03-31,2019-05-08,82959
24716,"VAMOS LOCAÇÃO DE CAMINHÕES, MÁQUINAS E EQUIPAMENTOS S.A.",2019Q2,2019-06-30,2019-08-14,86738
24716,"VAMOS LOCAÇÃO DE CAMINHÕES, MÁQUINAS E EQUIPAMENTOS S.A.",2019Q3,2019-09-30,2019-11-08,89150
24716,"VAMOS LOCAÇÃO DE CAMINHÕES, MÁQUINAS E EQUIPAMENTOS S.A.",2020Q1,2020-03-31,2020-05-14,93162
24716,"VAMOS LOCAÇÃO DE CAMINHÕES, MÁQUINAS E EQUIPAMENTOS S.A.",2020Q2,2020-06-30,2020-08-13,96095
24716,"VAMOS LOCAÇÃO DE CAMINHÕES, MÁQUINAS E EQUIPAMENTOS S.A.",2020Q3,2020-09-30,2020-10-31,97978
24716,"VAMOS LOCAÇÃO DE CAMINHÕES, MÁQUINAS E EQUIPAMENTOS S.A.",2021Q1,2021-03-31,2021-04-27,103098
24716,"VAMOS LOCAÇÃO DE CAMINHÕES, MÁQUINAS E EQUIPAMENTOS S.A.",2021Q2,2021-06-30,2021-07-27,106724
24716,"VAMOS LOCAÇÃO DE CAMINHÕES, MÁQUINAS E EQUIPAMENTOS S.A.",2021Q3,2021-09-30,2021-10-28,109303
24716,"VAMOS LOCAÇÃO DE CAMINHÕES, MÁQUINAS E EQUIPAMENTOS S.A.",2022Q1,2022-03-31,2022-04-28,114042
24716,"VAMOS LOCAÇÃO DE CAMINHÕES, MÁQUINAS E EQUIPAMENTOS S.A.",2022Q2,2022-06-30,2022-07-28,118802
24716,"VAMOS LOCAÇÃO DE CAMINHÕES, MÁQUINAS E EQUIPAMENTOS S.A.",2022Q3,2022-09-30,2022-10-27,121195
24716,"VAMOS LOCAÇÃO DE CAMINHÕES, MÁQUINAS E EQUIPAMENTOS S.A.",2023Q1,2023-03-31,2023-04-26,125478
24716,"VAMOS LOCAÇÃO DE CAMINHÕES, MÁQUINAS E EQUIPAMENTOS S.A.",2023Q2,2023-06-30,2023-08-03,129729
24716,"VAMOS LOCAÇÃO DE CAMINHÕES, MÁQUINAS E EQUIPAMENTOS S.A.",2023Q3,2023-09-30,2023-10-31,131733
24716,"VAMOS LOCAÇÃO DE CAMINHÕES, MÁQUINAS E EQUIPAMENTOS S.A.",2024Q1,2024-03-31,2024-05-07,136529
24716,"VAMOS LOCAÇÃO DE CAMINHÕES, MÁQUINAS E EQUIPAMENTOS S.A.",2024Q2,2024-06-30,2024-08-09,140729
24716,"VAMOS LOCAÇÃO DE CAMINHÕES, MÁQUINAS E EQUIPAMENTOS S.A.",2024Q3,2024-09-30,2024-11-12,142912
24716,"VAMOS LOCAÇÃO DE CAMINHÕES, MÁQUINAS E EQUIPAMENTOS S.A.",2025Q1,2025-03-31,2025-05-07,146899
24716,"VAMOS LOCAÇÃO DE CAMINHÕES, MÁQUINAS E EQUIPAMENTOS S.A.",2025Q2,2025-06-30,2025-08-11,150880
24716,"VAMOS LOCAÇÃO DE CAMINHÕES, MÁQUINAS E EQUIPAMENTOS S.A.",2025Q3,2025-09-30,2025-11-11,152976
24295,VIBRA ENERGIA S/A,2017Q1,2017-03-31,2017-12-14,70495
24295,VIBRA ENERGIA S/A,2017Q2,2017-06-30,2017-12-14,70496
24295,VIBRA ENERGIA S/A,2017Q3,2017-09-30,2017-12-14,70497
24295,VIBRA ENERGIA S/A,2018Q1,2018-03-31,2018-05-04,73801
24295,VIBRA ENERGIA S/A,2018Q2,2018-06-30,2018-08-01,76625
24295,VIBRA ENERGIA S/A,2018Q3,2018-09-30,2018-11-05,78659
24295,VIBRA ENERGIA S/A,2019Q1,2019-03-31,2019-05-06,82750
24295,VIBRA ENERGIA S/A,2019Q2,2019-06-30,2019-07-31,85937
24295,VIBRA ENERGIA S/A,2019Q3,2019-09-30,2019-11-12,89276
24295,VIBRA ENERGIA S/A,2020Q1,2020-03-31,2020-06-10,93973
24295,VIBRA ENERGIA S/A,2020Q2,2020-06-30,2020-08-11,95896
24295,VIBRA ENERGIA S/A,2020Q3,2020-09-30,2020-11-10,98192
24295,VIBRA ENERGIA S/A,2021Q1,2021-03-31,2021-05-11,103815
24295,VIBRA ENERGIA S/A,2021Q2,2021-06-30,2021-08-10,107458
24295,VIBRA ENERGIA S/A,2021Q3,2021-09-30,2021-11-15,110093
24295,VIBRA ENERGIA S/A,2022Q1,2022-03-31,2022-05-16,115330
24295,VIBRA ENERGIA S/A,2022Q2,2022-06-30,2022-08-15,119961
24295,VIBRA ENERGIA S/A,2022Q3,2022-09-30,2022-11-10,121820
24295,VIBRA ENERGIA S/A,2023Q1,2023-03-31,2023-05-12,126514
24295,VIBRA ENERGIA S/A,2023Q2,2023-06-30,2023-08-14,130370
24295,VIBRA ENERGIA S/A,2023Q3,2023-09-30,2023-11-06,131818
24295,VIBRA ENERGIA S/A,2024Q1,2024-03-31,2024-05-08,136685
24295,VIBRA ENERGIA S/A,2024Q2,2024-06-30,2024-08-06,140431
24295,VIBRA ENERGIA S/A,2024Q3,2024-09-30,2024-11-05,142562
24295,VIBRA ENERGIA S/A,2025Q1,2025-03-31,2025-05-06,146883
24295,VIBRA ENERGIA S/A,2025Q2,2025-06-30,2025-08-11,150879
24295,VIBRA ENERGIA S/A,2025Q3,2025-09-30,2025-11-05,152702
24805,VIVARA PARTICIPAÇÕES S.A.,2019Q2,2019-06-30,2019-09-18,86893
24805,VIVARA PARTICIPAÇÕES S.A.,2019Q3,2019-09-30,2019-11-13,89457
24805,VIVARA PARTICIPAÇÕES S.A.,2020Q1,2020-03-31,2020-05-14,93101
24805,VIVARA PARTICIPAÇÕES S.A.,2020Q2,2020-06-30,2020-08-26,96534
24805,VIVARA PARTICIPAÇÕES S.A.,2020Q3,2020-09-30,2020-11-12,98333
24805,VIVARA PARTICIPAÇÕES S.A.,2021Q1,2021-03-31,2021-05-14,104253
24805,VIVARA PARTICIPAÇÕES S.A.,2021Q2,2021-06-30,2021-08-13,107802
24805,VIVARA PARTICIPAÇÕES S.A.,2021Q3,2021-09-30,2021-11-10,109685
24805,VIVARA PARTICIPAÇÕES S.A.,2022Q1,2022-03-31,2022-05-09,114513
24805,VIVARA PARTICIPAÇÕES S.A.,2022Q2,2022-06-30,2022-08-11,119555
24805,VIVARA PARTICIPAÇÕES S.A.,2022Q3,2022-09-30,2022-11-10,121696
24805,VIVARA PARTICIPAÇÕES S.A.,2023Q1,2023-03-31,2023-05-08,125898
24805,VIVARA PARTICIPAÇÕES S.A.,2023Q2,2023-06-30,2023-08-07,129773
24805,VIVARA PARTICIPAÇÕES S.A.,2023Q3,2023-09-30,2023-11-08,131933
24805,VIVARA PARTICIPAÇÕES S.A.,2024Q1,2024-03-31,2024-05-06,136506
24805,VIVARA PARTICIPAÇÕES S.A.,2024Q2,2024-06-30,2024-08-08,140624
24805,VIVARA PARTICIPAÇÕES S.A.,2024Q3,2024-09-30,2024-11-07,142754
24805,VIVARA PARTICIPAÇÕES S.A.,2025Q1,2025-03-31,2025-05-07,147005
24805,VIVARA PARTICIPAÇÕES S.A.,2025Q2,2025-06-30,2025-08-07,150756
24805,VIVARA PARTICIPAÇÕES S.A.,2025Q3,2025-09-30,2025-11-05,152715
20702,VIVER INCORPORADORA E CONSTRUTORA S.A.,2011Q1,2011-03-31,2011-05-16,8145
20702,VIVER INCORPORADORA E CONSTRUTORA S.A.,2011Q2,2011-06-30,2011-08-15,11113
20702,VIVER INCORPORADORA E CONSTRUTORA S.A.,2011Q3,2011-09-30,2011-11-14,12976
20702,VIVER INCORPORADORA E CONSTRUTORA S.A.,2012Q1,2012-03-31,2012-05-15,17808
20702,VIVER INCORPORADORA E CONSTRUTORA S.A.,2012Q2,2012-06-30,2012-08-14,20694
20702,VIVER INCORPORADORA E CONSTRUTORA S.A.,2012Q3,2012-09-30,2012-11-14,22761
20702,VIVER INCORPORADORA E CONSTRUTORA S.A.,2013Q1,2013-03-31,2013-05-22,28143
20702,VIVER INCORPORADORA E CONSTRUTORA S.A.,2013Q2,2013-06-30,2013-08-14,30774
20702,VIVER INCORPORADORA E CONSTRUTORA S.A.,2013Q3,2013-09-30,2013-11-14,33038
20702,VIVER INCORPORADORA E CONSTRUTORA S.A.,2014Q1,2014-03-31,2014-05-15,37879
20702,VIVER INCORPORADORA E CONSTRUTORA S.A.,2014Q2,2014-06-30,2014-08-14,40670
20702,VIVER INCORPORADORA E CONSTRUTORA S.A.,2014Q3,2014-09-30,2014-11-14,42470
20702,VIVER INCORPORADORA E CONSTRUTORA S.A.,2015Q1,2015-03-31,2015-05-15,47449
20702,VIVER INCORPORADORA E CONSTRUTORA S.A.,2015Q2,2015-06-30,2015-08-14,50109
20702,VIVER INCORPORADORA E CONSTRUTORA S.A.,2015Q3,2015-09-30,2015-11-13,51921
20702,VIVER INCORPORADORA E CONSTRUTORA S.A.,2016Q1,2016-03-31,2016-05-13,56424
20702,VIVER INCORPORADORA E CONSTRUTORA S.A.,2016Q2,2016-06-30,2016-08-12,59041
20702,VIVER INCORPORADORA E CONSTRUTORA S.A.,2016Q3,2016-09-30,2016-11-14,61008
20702,VIVER INCORPORADORA E CONSTRUTORA S.A.,2017Q1,2017-03-31,2017-05-12,65401
20702,VIVER INCORPORADORA E CONSTRUTORA S.A.,2017Q2,2017-06-30,2017-08-11,67894
20702,VIVER INCORPORADORA E CONSTRUTORA S.A.,2017Q3,2017-09-30,2017-11-13,69762
20702,VIVER INCORPORADORA E CONSTRUTORA S.A.,2018Q1,2018-03-31,2018-05-14,74468
20702,VIVER INCORPORADORA E CONSTRUTORA S.A.,2018Q2,2018-06-30,2018-08-14,77229
20702,VIVER INCORPORADORA E CONSTRUTORA S.A.,2018Q3,2018-09-30,2018-11-13,79108
20702,VIVER INCORPORADORA E CONSTRUTORA S.A.,2019Q1,2019-03-31,2019-05-14,83442
20702,VIVER INCORPORADORA E CONSTRUTORA S.A.,2019Q2,2019-06-30,2019-08-14,86596
20702,VIVER INCORPORADORA E CONSTRUTORA S.A.,2019Q3,2019-09-30,2019-11-13,89429
20702,VIVER INCORPORADORA E CONSTRUTORA S.A.,2020Q1,2020-03-31,2020-05-29,93587
20702,VIVER INCORPORADORA E CONSTRUTORA S.A.,2020Q2,2020-06-30,2020-08-13,96026
20702,VIVER INCORPORADORA E CONSTRUTORA S.A.,2020Q3,2020-09-30,2020-11-13,98510
20702,VIVER INCORPORADORA E CONSTRUTORA S.A.,2021Q1,2021-03-31,2021-05-13,104042
20702,VIVER INCORPORADORA E CONSTRUTORA S.A.,2021Q2,2021-06-30,2021-08-13,107882
20702,VIVER INCORPORADORA E CONSTRUTORA S.A.,2021Q3,2021-09-30,2021-11-16,110127
20702,VIVER INCORPORADORA E CONSTRUTORA S.A.,2022Q1,2022-03-31,2022-05-13,115157
20702,VIVER INCORPORADORA E CONSTRUTORA S.A.,2022Q2,2022-06-30,2022-09-29,120790
20702,VIVER INCORPORADORA E CONSTRUTORA S.A.,2022Q3,2022-09-30,2022-11-10,121719
20702,VIVER INCORPORADORA E CONSTRUTORA S.A.,2023Q1,2023-03-31,2024-07-01,139373
20702,VIVER INCORPORADORA E CONSTRUTORA S.A.,2023Q2,2023-06-30,2024-03-28,135375
20702,VIVER INCORPORADORA E CONSTRUTORA S.A.,2023Q3,2023-09-30,2024-03-28,135360
20702,VIVER INCORPORADORA E CONSTRUTORA S.A.,2024Q1,2024-03-31,2024-05-14,137322
20702,VIVER INCORPORADORA E CONSTRUTORA S.A.,2024Q2,2024-06-30,2024-08-13,140922
20702,VIVER INCORPORADORA E CONSTRUTORA S.A.,2024Q3,2024-09-30,2024-11-14,143273
20702,VIVER INCORPORADORA E CONSTRUTORA S.A.,2025Q1,2025-03-31,2025-09-17,151936
20702,VIVER INCORPORADORA E CONSTRUTORA S.A.,2025Q2,2025-06-30,2025-10-07,152187
20702,VIVER INCORPORADORA E CONSTRUTORA S.A.,2025Q3,2025-09-30,2025-11-26,153584
17710,VIVO PARTICIPAÇÕES SA,2011Q1,2011-03-31,2011-05-12,7631
17710,VIVO PARTICIPAÇÕES SA,2011Q2,2011-06-30,2011-07-27,10326
5410,WEG S.A.,2011Q1,2011-03-31,2011-04-27,6694
5410,WEG S.A.,2011Q2,2011-06-30,2011-07-22,10245
5410,WEG S.A.,2011Q3,2011-09-30,2011-10-26,12156
5410,WEG S.A.,2012Q1,2012-03-31,2012-04-25,16424
5410,WEG S.A.,2012Q2,2012-06-30,2012-07-25,19852
5410,WEG S.A.,2012Q3,2012-09-30,2012-10-24,21857
5410,WEG S.A.,2013Q1,2013-03-31,2013-04-24,26269
5410,WEG S.A.,2013Q2,2013-06-30,2013-07-31,30081
5410,WEG S.A.,2013Q3,2013-09-30,2013-10-30,32134
5410,WEG S.A.,2014Q1,2014-03-31,2014-04-24,36378
5410,WEG S.A.,2014Q2,2014-06-30,2014-07-23,39852
5410,WEG S.A.,2014Q3,2014-09-30,2014-10-29,41847
5410,WEG S.A.,2015Q1,2015-03-31,2015-04-29,46193
5410,WEG S.A.,2015Q2,2015-06-30,2015-07-29,49293
5410,WEG S.A.,2015Q3,2015-09-30,2015-10-28,51132
5410,WEG S.A.,2016Q1,2016-03-31,2016-04-20,55186
5410,WEG S.A.,2016Q2,2016-06-30,2016-07-27,58280
5410,WEG S.A.,2016Q3,2016-09-30,2016-10-26,60179
5410,WEG S.A.,2017Q1,2017-03-31,2017-04-26,64436
5410,WEG S.A.,2017Q2,2017-06-30,2017-07-19,67211
5410,WEG S.A.,2017Q3,2017-09-30,2017-10-25,69250
5410,WEG S.A.,2018Q1,2018-03-31,2018-11-05,78619
5410,WEG S.A.,2018Q2,2018-06-30,2018-08-14,77198
5410,WEG S.A.,2018Q3,2018-09-30,2018-10-24,78246
5410,WEG S.A.,2019Q1,2019-03-31,2019-04-24,82335
5410,WEG S.A.,2019Q2,2019-06-30,2019-07-24,85540
5410,WEG S.A.,2019Q3,2019-09-30,2019-10-23,88758
5410,WEG S.A.,2020Q1,2020-03-31,2020-04-29,92574
5410,WEG S.A.,2020Q2,2020-06-30,2020-07-22,94882
5410,WEG S.A.,2020Q3,2020-09-30,2020-10-21,97758
5410,WEG S.A.,2021Q1,2021-03-31,2021-04-28,103112
5410,WEG S.A.,2021Q2,2021-06-30,2021-07-28,106729
5410,WEG S.A.,2021Q3,2021-09-30,2021-10-27,109232
5410,WEG S.A.,2022Q1,2022-03-31,2022-04-27,113968
5410,WEG S.A.,2022Q2,2022-06-30,2022-07-20,118560
5410,WEG S.A.,2022Q3,2022-09-30,2022-10-26,121152
5410,WEG S.A.,2023Q1,2023-03-31,2023-04-26,125438
5410,WEG S.A.,2023Q2,2023-06-30,2023-07-19,129067
5410,WEG S.A.,2023Q3,2023-09-30,2023-10-25,131575
5410,WEG S.A.,2024Q1,2024-03-31,2024-05-02,136105
5410,WEG S.A.,2024Q2,2024-06-30,2024-07-31,140081
5410,WEG S.A.,2024Q3,2024-09-30,2024-10-30,142418
5410,WEG S.A.,2025Q1,2025-03-31,2025-04-30,146659
5410,WEG S.A.,2025Q2,2025-06-30,2025-07-23,150076
5410,WEG S.A.,2025Q3,2025-09-30,2025-10-22,152433
27111,XP INVESTIMENTOS S.A.,2022Q1,2022-03-31,2022-12-05,122469
27111,XP INVESTIMENTOS S.A.,2022Q2,2022-06-30,2022-12-05,122470
27111,XP INVESTIMENTOS S.A.,2022Q3,2022-09-30,2022-12-05,122471
27111,XP INVESTIMENTOS S.A.,2023Q1,2023-03-31,2023-05-15,126817
27111,XP INVESTIMENTOS S.A.,2023Q2,2023-06-30,2023-08-14,130321
27111,XP INVESTIMENTOS S.A.,2023Q3,2023-09-30,2023-11-14,132675
27111,XP INVESTIMENTOS S.A.,2024Q1,2024-03-31,2024-05-15,137566
27111,XP INVESTIMENTOS S.A.,2024Q2,2024-06-30,2024-08-14,141193
27111,XP INVESTIMENTOS S.A.,2024Q3,2024-09-30,2024-11-13,143142
27111,XP INVESTIMENTOS S.A.,2025Q1,2025-03-31,2025-05-15,147913
27111,XP INVESTIMENTOS S.A.,2025Q2,2025-06-30,2025-08-14,151376
27111,XP INVESTIMENTOS S.A.,2025Q3,2025-09-30,2025-11-18,153470
21016,YDUQS PARTICIPACOES S.A.,2011Q1,2011-03-31,2011-05-13,7741
21016,YDUQS PARTICIPACOES S.A.,2011Q2,2011-06-30,2011-08-11,10814
21016,YDUQS PARTICIPACOES S.A.,2011Q3,2011-09-30,2013-01-15,23761
21016,YDUQS PARTICIPACOES S.A.,2012Q1,2012-03-31,2012-05-11,17357
21016,YDUQS PARTICIPACOES S.A.,2012Q2,2012-06-30,2012-08-08,20187
21016,YDUQS PARTICIPACOES S.A.,2012Q3,2012-09-30,2013-01-15,23763
21016,YDUQS PARTICIPACOES S.A.,2013Q1,2013-03-31,2013-05-09,26986
21016,YDUQS PARTICIPACOES S.A.,2013Q2,2013-06-30,2013-08-20,31052
21016,YDUQS PARTICIPACOES S.A.,2013Q3,2013-09-30,2013-11-07,32444
21016,YDUQS PARTICIPACOES S.A.,2014Q1,2014-03-31,2014-05-08,37052
21016,YDUQS PARTICIPACOES S.A.,2014Q2,2014-06-30,2014-08-07,40206
21016,YDUQS PARTICIPACOES S.A.,2014Q3,2014-09-30,2014-11-07,42127
21016,YDUQS PARTICIPACOES S.A.,2015Q1,2015-03-31,2015-05-07,46613
21016,YDUQS PARTICIPACOES S.A.,2015Q2,2015-06-30,2015-08-06,49521
21016,YDUQS PARTICIPACOES S.A.,2015Q3,2015-09-30,2015-11-05,51344
21016,YDUQS PARTICIPACOES S.A.,2016Q1,2016-03-31,2016-05-05,55631
21016,YDUQS PARTICIPACOES S.A.,2016Q2,2016-06-30,2016-08-12,59024
21016,YDUQS PARTICIPACOES S.A.,2016Q3,2016-09-30,2016-11-10,60672
21016,YDUQS PARTICIPACOES S.A.,2017Q1,2017-03-31,2017-04-27,64482
21016,YDUQS PARTICIPACOES S.A.,2017Q2,2017-06-30,2017-07-27,67374
21016,YDUQS PARTICIPACOES S.A.,2017Q3,2017-09-30,2017-10-27,69325
21016,YDUQS PARTICIPACOES S.A.,2018Q1,2018-03-31,2018-04-27,73591
21016,YDUQS PARTICIPACOES S.A.,2018Q2,2018-06-30,2018-08-14,77368
21016,YDUQS PARTICIPACOES S.A.,2018Q3,2018-09-30,2018-11-07,78769
21016,YDUQS PARTICIPACOES S.A.,2019Q1,2019-03-31,2019-05-09,83089
21016,YDUQS PARTICIPACOES S.A.,2019Q2,2019-06-30,2019-08-12,86347
21016,YDUQS PARTICIPACOES S.A.,2019Q3,2019-09-30,2019-11-11,89256
21016,YDUQS PARTICIPACOES S.A.,2020Q1,2020-03-31,2020-05-07,92828
21016,YDUQS PARTICIPACOES S.A.,2020Q2,2020-06-30,2020-08-26,96541
21016,YDUQS PARTICIPACOES S.A.,2020Q3,2020-09-30,2020-11-09,98141
21016,YDUQS PARTICIPACOES S.A.,2021Q1,2021-03-31,2021-05-12,103964
21016,YDUQS PARTICIPACOES S.A.,2021Q2,2021-06-30,2021-08-16,108004
21016,YDUQS PARTICIPACOES S.A.,2021Q3,2021-09-30,2021-11-08,109508
21016,YDUQS PARTICIPACOES S.A.,2022Q1,2022-03-31,2022-05-12,114896
21016,YDUQS PARTICIPACOES S.A.,2022Q2,2022-06-30,2022-08-15,119899
21016,YDUQS PARTICIPACOES S.A.,2022Q3,2022-09-30,2022-11-10,121653
21016,YDUQS PARTICIPACOES S.A.,2023Q1,2023-03-31,2023-05-09,125998
21016,YDUQS PARTICIPACOES S.A.,2023Q2,2023-06-30,2023-08-10,129979
21016,YDUQS PARTICIPACOES S.A.,2023Q3,2023-09-30,2023-11-13,132297
21016,YDUQS PARTICIPACOES S.A.,2024Q1,2024-03-31,2024-05-10,137019
21016,YDUQS PARTICIPACOES S.A.,2024Q2,2024-06-30,2024-08-08,140579
21016,YDUQS PARTICIPACOES S.A.,2024Q3,2024-09-30,2024-11-07,142774
21016,YDUQS PARTICIPACOES S.A.,2025Q1,2025-03-31,2025-05-12,147364
21016,YDUQS PARTICIPACOES S.A.,2025Q2,2025-06-30,2025-08-14,151285
21016,YDUQS PARTICIPACOES S.A.,2025Q3,2025-09-30,2025-11-13,153178
20168,ÓLEO E GÁS PARTICIPAÇÕES S.A.,2011Q1,2011-03-31,2011-05-06,7309
20168,ÓLEO E GÁS PARTICIPAÇÕES S.A.,2011Q2,2011-06-30,2011-08-10,10733
20168,ÓLEO E GÁS PARTICIPAÇÕES S.A.,2011Q3,2011-09-30,2011-11-10,12616
20168,ÓLEO E GÁS PARTICIPAÇÕES S.A.,2012Q1,2012-03-31,2012-05-14,17571
20168,ÓLEO E GÁS PARTICIPAÇÕES S.A.,2012Q2,2012-06-30,2012-08-14,20649
20168,ÓLEO E GÁS PARTICIPAÇÕES S.A.,2012Q3,2012-09-30,2012-11-08,22243
20168,ÓLEO E GÁS PARTICIPAÇÕES S.A.,2013Q1,2013-03-31,2013-05-10,27083
20168,ÓLEO E GÁS PARTICIPAÇÕES S.A.,2013Q2,2013-06-30,2013-08-14,30838
20168,ÓLEO E GÁS PARTICIPAÇÕES S.A.,2013Q3,2013-09-30,2013-11-27,33292
20168,ÓLEO E GÁS PARTICIPAÇÕES S.A.,2014Q1,2014-03-31,2014-05-29,38540
20168,ÓLEO E GÁS PARTICIPAÇÕES S.A.,2014Q2,2014-06-30,2014-08-15,40808
20168,ÓLEO E GÁS PARTICIPAÇÕES S.A.,2014Q3,2014-09-30,2014-12-23,43205
20168,ÓLEO E GÁS PARTICIPAÇÕES S.A.,2015Q1,2015-03-31,2015-05-14,47099
20168,ÓLEO E GÁS PARTICIPAÇÕES S.A.,2015Q2,2015-06-30,2015-08-13,49774
20168,ÓLEO E GÁS PARTICIPAÇÕES S.A.,2015Q3,2015-09-30,2015-11-16,52031
20168,ÓLEO E GÁS PARTICIPAÇÕES S.A.,2016Q1,2016-03-31,2016-05-13,56431
20168,ÓLEO E GÁS PARTICIPAÇÕES S.A.,2016Q2,2016-06-30,2016-08-16,59239
20168,ÓLEO E GÁS PARTICIPAÇÕES S.A.,2016Q3,2016-09-30,2016-11-11,60714
20168,ÓLEO E GÁS PARTICIPAÇÕES S.A.,2017Q1,2017-03-31,2017-05-08,64873
20168,ÓLEO E GÁS PARTICIPAÇÕES S.A.,2017Q2,2017-06-30,2017-08-14,68143
20168,ÓLEO E GÁS PARTICIPAÇÕES S.A.,2017Q3,2017-09-30,2017-11-10,69753
20168,ÓLEO E GÁS PARTICIPAÇÕES S.A.,2018Q1,2018-03-31,2018-05-15,74797
20168,ÓLEO E GÁS PARTICIPAÇÕES S.A.,2018Q2,2018-06-30,2018-08-14,77259
20168,ÓLEO E GÁS PARTICIPAÇÕES S.A.,2018Q3,2018-09-30,2018-11-14,79329
