CD_CVM,company_name,fiscal_year,total_assets,net_revenue,net_income,total_equity,total_liabilities,ln_total_assets,ln_net_revenue,leverage,roa,roe,past_12m_return
2437,AXIA ENERGIA S.A.,2010,146901002.0,29814652.0,2552985.0,70530411.0,76370591.0,18.805269462087487,17.210510508494032,0.5198779447399549,0.017378948851553784,0.0361969392181764,-0.4114845197142101
2437,AXIA ENERGIA S.A.,2011,163142432.0,33061356.0,3762019.0,77202321.0,85940111.0,18.910134193167053,17.313875665849945,0.5267796363364253,0.023059721213424107,0.048729351025599346,-0.1910634904738331
2437,AXIA ENERGIA S.A.,2012,172195578.0,39538861.0,-6925652.0,67280593.0,104914985.0,18.964141470185673,17.492794569019708,0.6092780442944941,-0.0402196855484872,-0.10293684539908857,-0.6319767441860464
2437,AXIA ENERGIA S.A.,2013,138385401.0,28186399.0,-6291375.0,60688908.0,77696493.0,18.745553111479957,17.154350114597353,0.5614500694332634,-0.04546270744267309,-0.10366597797409702,-0.11729323308270678
2437,AXIA ENERGIA S.A.,2014,144631697.0,30244854.0,-2962502.0,56848500.0,87783197.0,18.789701048369725,17.224836612267328,0.6069430064144238,-0.020483075711958214,-0.05211222811507779,-0.016949152444402427
2437,AXIA ENERGIA S.A.,2015,149645408.0,32588838.0,-14953658.0,41739222.0,107906186.0,18.823779106860684,17.299480395069157,0.7210791660242591,-0.09992727608454247,-0.3582639369751549,0.11844660180766842
2437,AXIA ENERGIA S.A.,2016,170499429.0,60748853.0,3513276.0,44064927.0,126434502.0,18.95424250570863,17.922258759348253,0.7415538148224532,0.02060579334843403,0.07972953183378699,2.8991452984968618
2437,AXIA ENERGIA S.A.,2017,172975359.0,37876024.0,-1725691.0,42752532.0,130222827.0,18.968659708791424,17.449828857731962,0.7528403337495024,-0.009976513475540755,-0.04036465021533695,-0.14839277875458157
2437,AXIA ENERGIA S.A.,2018,181210208.0,24975747.0,13347577.0,56008948.0,125201260.0,19.015168285527206,17.03341579196151,0.6909172578180585,0.07365797516219395,0.2383115105107848,0.3673814897923633
2437,AXIA ENERGIA S.A.,2019,177466715.0,27725527.0,10743843.0,71394146.0,106072569.0,18.9942936281687,17.137864099135474,0.5977040201594986,0.06054004549529189,0.15048632978956006,0.5775706906245932
2437,AXIA ENERGIA S.A.,2020,178966449.0,29080513.0,6387313.0,73751294.0,105215155.0,19.002708910482564,17.185578851464363,0.5879043563075893,0.03569000243168483,0.08660611432797369,0.020595602560534276
2437,AXIA ENERGIA S.A.,2021,188303069.0,37616241.0,5713633.0,76416764.0,111886305.0,19.053563291954468,17.442946456589613,0.594182057648779,0.030342750281993545,0.07476936605166898,-0.10668449197860963
2437,AXIA ENERGIA S.A.,2022,270217462.0,34074233.0,3638382.0,111028636.0,159188826.0,19.414737607605,17.34405202612259,0.589113763491717,0.01346464426492171,0.03276976220801271,0.2705882352941176
2437,AXIA ENERGIA S.A.,2023,267057654.0,37158908.0,4394861.0,112464644.0,154593010.0,19.402975125638708,17.430714085041092,0.5788750394699416,0.0164566000418771,0.03907771228084801,0.036394723986321376
2437,AXIA ENERGIA S.A.,2024,289871330.0,40181552.0,10380753.0,121999776.0,167871554.0,19.484947692830243,17.50891854278727,0.5791243790822639,0.035811589231677377,0.08508829557195252,-0.17877767083734364
2437,AXIA ENERGIA S.A.,2025,279685593.0,41281596.0,6559659.0,118501657.0,161183936.0,19.44917664808618,17.535927341180894,0.5763040357963666,0.02345368930032803,0.05535499811618668,0.8152832017727665
2453,CIA ENERGETICA DE MINAS GERAIS - CEMIG,2010,33555834.0,12863330.0,2257976.0,11476133.0,22079701.0,17.32872129598174,16.369891185711168,0.6579988743537115,0.0672901171224056,0.19675408083890278,-0.0634045266177875
2453,CIA ENERGETICA DE MINAS GERAIS - CEMIG,2011,37357746.0,15814227.0,2415450.0,11744948.0,25612798.0,17.43605083759909,16.57642053587953,0.6856087623701923,0.06465727348753857,0.20565863722853434,0.14172958133150315
2453,CIA ENERGETICA DE MINAS GERAIS - CEMIG,2012,40772961.0,18460375.0,4271685.0,12044062.0,28728899.0,17.523529699089796,16.7311371010255,0.7046066386986218,0.10476759340583579,0.35467145552721335,-0.097444089456869
2453,CIA ENERGETICA DE MINAS GERAIS - CEMIG,2013,29814142.0,14627280.0,3103855.0,12638357.0,17175785.0,17.210493402664255,16.49839883636735,0.5760952302434194,0.10410680273810999,0.24559007155756085,-0.1882510411623699
2453,CIA ENERGETICA DE MINAS GERAIS - CEMIG,2014,35000003.0,19539578.0,3136903.0,11284952.0,23715051.0,17.37085870516797,16.78795260762103,0.6775728276366147,0.08962579231778924,0.2779722058188639,-0.04541330996136572
2453,CIA ENERGETICA DE MINAS GERAIS - CEMIG,2015,40857089.0,21292211.0,2469003.0,12987676.0,27869413.0,17.525590901546128,16.87385188305097,0.6821193991573898,0.0604302230146646,0.1901035258347991,-0.5008143323317034
2453,CIA ENERGETICA DE MINAS GERAIS - CEMIG,2016,42035853.0,18772656.0,334754.0,12934371.0,29101482.0,17.55403345495894,16.747911900949614,0.6923014503833193,0.007963535318291269,0.025880964756616307,0.23756019283171903
2453,CIA ENERGETICA DE MINAS GERAIS - CEMIG,2017,42239589.0,21711690.0,1001596.0,14330136.0,27909453.0,17.558868467201307,16.893361383136142,0.6607415853407096,0.023712257238109016,0.06989438202121738,-0.011567286947988809
2453,CIA ENERGETICA DE MINAS GERAIS - CEMIG,2018,59854673.0,22266217.0,1741713.0,15939327.0,43915346.0,17.907430065449944,16.91858115502407,0.733699539215593,0.02909903124857102,0.10927142657905192,1.1323076921600346
2453,CIA ENERGETICA DE MINAS GERAIS - CEMIG,2019,49927052.0,25390306.0,3128073.0,15890865.0,34036187.0,17.726073538073983,17.049878005597208,0.6817183397890186,0.06265286802833862,0.1968472452569448,0.10055865920125817
2453,CIA ENERGETICA DE MINAS GERAIS - CEMIG,2020,54083080.0,25227625.0,2865121.0,17477348.0,36605732.0,17.806031940739963,17.043450182218862,0.6768425910654496,0.052976291291102505,0.16393339538698892,0.12287906376148561
2453,CIA ENERGETICA DE MINAS GERAIS - CEMIG,2021,52045808.0,33646118.0,3752869.0,19461765.0,32584043.0,17.767634811837613,17.331408243358464,0.6260646966994922,0.07210703693945918,0.19283292137172553,0.08436525151624763
2453,CIA ENERGETICA DE MINAS GERAIS - CEMIG,2022,53670837.0,34462808.0,4094367.0,21783266.0,31887571.0,17.798380339336045,17.355391271524887,0.5941321727477438,0.07628662470831227,0.18795928030259557,0.038136200666563536
2453,CIA ENERGETICA DE MINAS GERAIS - CEMIG,2023,55000080.0,36849769.0,5766835.0,24655193.0,30344887.0,17.82284519774114,17.422359907923255,0.5517244156735772,0.10485139294342845,0.23389940610077561,0.04840182652099001
2453,CIA ENERGETICA DE MINAS GERAIS - CEMIG,2024,59726836.0,39819620.0,7119287.0,27383079.0,32343757.0,17.905291991599427,17.499870313611545,0.5415280494684165,0.11919745757166846,0.2599885498632203,0.2537326388235901
2453,CIA ENERGETICA DE MINAS GERAIS - CEMIG,2025,67028076.0,42751283.0,4899617.0,28581703.0,38446373.0,18.020622134356618,17.570909764592606,0.5735861044258528,0.07309798061337759,0.17142494973095201,-0.01668129938542595
2461,Centrais Eletricas de Santa Catarina SA,2010,5001872.0,4036765.0,273516.0,1940507.0,3061365.0,15.425322800328184,15.210954186597496,0.6120438507822671,0.054682726787090914,0.14095079275673833,0.11141983884412321
2461,Centrais Eletricas de Santa Catarina SA,2011,5365230.0,4191414.0,323887.0,2174531.0,3190699.0,15.495449803584687,15.248548705135136,0.5946993884698326,0.060367775472812905,0.148945680700804,0.02489391796322482
2461,Centrais Eletricas de Santa Catarina SA,2012,5369248.0,4545214.0,-258366.0,1900780.0,3468468.0,15.49619841943497,15.329585369193737,0.6459876690367068,-0.04811958769645209,-0.1359263039383832,-0.2551724137931034
2461,Centrais Eletricas de Santa Catarina SA,2013,5627763.0,4872377.0,198874.0,2137462.0,3490301.0,15.543222585455528,15.399092466330499,0.6201933165984423,0.03533801974248027,0.09304212191842474,-0.2272154556908862
2461,Centrais Eletricas de Santa Catarina SA,2014,6171127.0,6246243.0,513055.0,2343458.0,3827669.0,15.635392037224316,15.64749072096752,0.620254452711798,0.0831379746357513,0.21893074251810785,-0.23235445646573927
2461,Centrais Eletricas de Santa Catarina SA,2015,7988928.0,6864695.0,130674.0,2224728.0,5764200.0,15.893567141031529,15.741902167937958,0.721523588646687,0.016356887932899133,0.058737068082030705,-0.2914893617021276
2461,Centrais Eletricas de Santa Catarina SA,2016,8628715.0,6108740.0,-9817.0,2075843.0,6552872.0,15.97060615278415,15.62523109056905,0.7594261717996249,-0.001137712857592353,-0.004729163043640584,0.6534859521331948
2461,Centrais Eletricas de Santa Catarina SA,2017,9060252.0,7091235.0,66485.0,1842238.0,7218014.0,16.019407492201882,15.774370072337758,0.7966681279946739,0.007338096114765903,0.03608925665413481,0.9219858156028371
2461,Centrais Eletricas de Santa Catarina SA,2018,9854745.0,7664544.0,165032.0,1800856.0,8053889.0,16.10346362304393,15.852115577324643,0.8172600102793122,0.01674645056772144,0.09164086412239512,1.1701479547432547
2461,Centrais Eletricas de Santa Catarina SA,2019,9498257.0,8015909.0,283575.0,1407124.0,8091133.0,16.066618866053204,15.896938749946935,0.8518545034104679,0.029855477694486474,0.20152808139154757,0.17045454545454541
2461,Centrais Eletricas de Santa Catarina SA,2020,10667254.0,8858700.0,518685.0,1984642.0,8682612.0,16.18268923308001,15.996910584953522,0.8139500568749933,0.048624041388721034,0.2613494020584065,0.13293172690763067
2461,Centrais Eletricas de Santa Catarina SA,2021,11958245.0,11341550.0,563172.0,2621369.0,9336876.0,16.296931556589087,16.24398353122678,0.7807898232558373,0.04709487052656974,0.21483888761940803,0.301244019138756
2461,Centrais Eletricas de Santa Catarina SA,2022,11628067.0,10082841.0,540562.0,2883176.0,8744891.0,16.26893230259821,16.126345626134682,0.7520502762840978,0.04648769223637944,0.18748838086887515,-0.2532337645019336
2461,Centrais Eletricas de Santa Catarina SA,2023,12302261.0,10402608.0,557034.0,2932567.0,9369694.0,16.32529362458782,16.157567101905023,0.76162373729512,0.04527899383698655,0.18994757835029857,0.24999999999999978
2461,Centrais Eletricas de Santa Catarina SA,2024,13037758.0,10658858.0,715802.0,3671279.0,9366479.0,16.383360167165353,16.181901841507294,0.718411785216446,0.054902230889697444,0.19497346837437307,0.22994652406417115
2461,Centrais Eletricas de Santa Catarina SA,2025,13831031.0,11900276.0,729495.0,3968465.0,9862566.0,16.442425248946247,16.29207215109011,0.7130752580917503,0.05274335658708306,0.1838229642947588,0.5691422855713928
2577,CESP - Companhia Energética de São Paulo,2010,18884004.0,2905327.0,93042.0,10474951.0,8409053.0,16.75382577246782,14.882056506477126,0.44530031872477893,0.004927027128356889,0.008882332719265227,0.10384300899427634
2577,CESP - Companhia Energética de São Paulo,2011,18246081.0,2957525.0,108581.0,10118127.0,8127954.0,16.71946087520687,14.899863327884328,0.44546300106855824,0.005950921734919405,0.010731333971198425,0.19833212472806383
2577,CESP - Companhia Energética de São Paulo,2012,16889872.0,3354005.0,147982.0,9879937.0,7009935.0,16.64222471030648,15.025665712121485,0.4150377812217878,0.0087615820889584,0.014978030730357896,-0.40338461538461534
2577,CESP - Companhia Energética de São Paulo,2013,15174853.0,3904102.0,-195346.0,9317386.0,5857467.0,16.535150207877745,15.177538353222996,0.38599826963727424,-0.012873007731936514,-0.020965751553064346,0.18311345646438015
2577,CESP - Companhia Energética de São Paulo,2014,14687886.0,4856023.0,560139.0,8629077.0,6058809.0,16.50253363037438,15.395730348118821,0.4125038143678403,0.0381361211545351,0.0649129680961243,0.16413373860182356
2577,CESP - Companhia Energética de São Paulo,2015,11986763.0,2950982.0,-61357.0,7310892.0,4675871.0,16.29931351557474,14.897648554279229,0.390086214268189,-0.005118729718773951,-0.008392546354124777,-0.47160883280757093
2577,CESP - Companhia Energética de São Paulo,2016,11416449.0,1668590.0,305095.0,7161537.0,4254912.0,16.250565768129217,14.32748951638409,0.3727001276841862,0.026724159149662037,0.042601888393511055,-0.024584237165582112
2577,CESP - Companhia Energética de São Paulo,2017,11131537.0,1476615.0,-168528.0,7114565.0,4016972.0,16.225292808955555,14.205262864027771,0.3608640927124439,-0.015139688256886717,-0.023687744788332105,0.010719754977029039
2577,CESP - Companhia Energética de São Paulo,2018,10326500.0,1634110.0,294433.0,7102066.0,3224434.0,16.15022396470984,14.306608871597676,0.3122484869026292,0.028512371084104003,0.04145737310805053,0.7165354330708662
2577,CESP - Companhia Energética de São Paulo,2019,12929688.0,1571296.0,1163014.0,7144905.0,5784783.0,16.375036620526515,14.267411314512156,0.447403139194078,0.08994911555483782,0.16277529232369078,0.5209523809523811
2577,CESP - Companhia Energética de São Paulo,2020,14551864.0,1917248.0,1728762.0,7206213.0,7345651.0,16.49322965334203,14.466401382465785,0.5047910700649759,0.11880003826313935,0.23989882064268708,-0.02457912457912459
2577,CESP - Companhia Energética de São Paulo,2021,14427182.0,2292813.0,440827.0,7583562.0,6843620.0,16.48462462408366,14.645290005963208,0.4743559761012234,0.03055530872210526,0.05812928014566242,-0.2718348002708192
2577,CESP - Companhia Energética de São Paulo,2022,16260718.0,2255353.0,0.0,10141330.0,6119388.0,16.604262818550602,14.628817059687604,0.37632950771300505,0.0,0.0,0.18544600938967126
2577,CESP - Companhia Energética de São Paulo,2023,13568181.0,1389769.0,-449370.0,7961186.0,5606995.0,16.423237977137106,14.144648104245917,0.4132458875659162,-0.03311939898207431,-0.05644510755055842,
2577,CESP - Companhia Energética de São Paulo,2024,14493499.0,1469889.0,1077900.0,7939081.0,6554418.0,16.489210762026623,14.200697445699799,0.45223158327744045,0.07437127501095492,0.13577138210329381,
2577,CESP - Companhia Energética de São Paulo,2025,13477622.0,1710155.0,335809.0,4779444.0,8698178.0,16.416541238390902,14.352094567645842,0.6453792813005143,0.02491604231072811,0.07026110150050927,
3980,GERDAU S.A.,2010,42891260.0,31393209.0,2457379.0,20147615.0,22743645.0,17.57417863353882,17.262102153602562,0.5302629253605513,0.05729323409944124,0.1219687293012101,-0.23412162162162165
3980,GERDAU S.A.,2011,49981794.0,35406780.0,2097576.0,26519803.0,23461991.0,17.727169377084635,17.38241388518908,0.4694107418393185,0.04196680095156248,0.07909470519068336,-0.34625788999098295
3980,GERDAU S.A.,2012,53093158.0,37981668.0,1496240.0,28797917.0,24295241.0,17.787558626686028,17.452614180235553,0.45759645715555286,0.028181408986822747,0.05195653560637736,0.3380597014925375
3980,GERDAU S.A.,2013,58215040.0,39863037.0,1693702.0,32020757.0,26194283.0,17.87965429856115,17.500960061517333,0.44995731343652773,0.029093890513516782,0.05289387755573673,0.025153717160424804
3980,GERDAU S.A.,2014,63042330.0,42546339.0,1488373.0,33254534.0,29787796.0,17.959316963490767,17.56610436932901,0.4725046805852512,0.02360910518377097,0.044756994640189514,-0.4642058165671141
3980,GERDAU S.A.,2015,70094709.0,43581241.0,-4595986.0,31970383.0,38124326.0,18.06535787126749,17.590137363440608,0.5438973432359924,-0.06556822997867072,-0.14375761466479772,-0.46180555561378767
3980,GERDAU S.A.,2016,54635141.0,37651667.0,-2885929.0,24274653.0,30360488.0,17.8161878417469,17.443887787458433,0.5556952438358309,-0.052821845925134524,-0.11888651920173689,1.2268041237193752
3980,GERDAU S.A.,2017,50301761.0,36917619.0,-338667.0,23893941.0,26407820.0,17.733550644397493,17.424199474728407,0.5249879820310863,-0.0067327066342667405,-0.014173760619899414,0.1336996336102425
3980,GERDAU S.A.,2018,51281029.0,46159478.0,2326382.0,25938571.0,25342458.0,17.752831436678015,17.647612871607976,0.494187782386348,0.04536535333563607,0.0896881327811004,0.23706176940743195
3980,GERDAU S.A.,2019,54002970.0,39644010.0,1216887.0,27173127.0,26829843.0,17.804549603016103,17.495450422753684,0.49682161925538537,0.022533705090664456,0.04478273700336365,0.3245033114627429
3980,GERDAU S.A.,2020,63123009.0,43814661.0,2388054.0,31085210.0,32037799.0,17.960595904468324,17.595479045365813,0.5075454973954109,0.03783175165176299,0.07682283632634297,0.35682574898521935
3980,GERDAU S.A.,2021,73814613.0,78345081.0,15558938.0,42815649.0,30998964.0,18.11706727809976,18.176633742408683,0.41995700769981686,0.21078398121521005,0.3633937208332402,0.14634146333709408
3980,GERDAU S.A.,2022,73798652.0,82412210.0,11479552.0,46298193.0,27500459.0,18.116851023821226,18.227244163513838,0.37264175231818597,0.15555232634872518,0.24794816506121525,-0.015420717187041189
3980,GERDAU S.A.,2023,74885144.0,68916447.0,7536983.0,49238863.0,25646281.0,18.131466084355306,18.04840541577046,0.34247488393692616,0.10064723919072653,0.15306980179457028,-0.17308584671426186
3980,GERDAU S.A.,2024,86814493.0,67026656.0,4599062.0,58173786.0,28640707.0,18.279284135738713,18.020600948979887,0.3299069776287238,0.05297573989172522,0.07905729223124656,-0.07527612590054777
3980,GERDAU S.A.,2025,81688175.0,69858532.0,1418438.0,53798489.0,27889686.0,18.21841981251274,18.061982783666693,0.34141644124134246,0.017364055446213604,0.026365759082936327,0.012916045702930923
4030,CIA SIDERURGICA NACIONAL,2010,37801214.0,14450510.0,2516191.0,7822688.0,29978526.0,17.447851776476213,16.48624026601754,0.7930572282678541,0.0665637616823629,0.32165299191275426,-0.05105853051058529
4030,CIA SIDERURGICA NACIONAL,2011,46869702.0,16519584.0,3667234.0,8417170.0,38452532.0,17.662882011867154,16.62005714414198,0.8204134090718136,0.07824316868923127,0.4356849154763418,-0.45148297326986453
4030,CIA SIDERURGICA NACIONAL,2012,49295228.0,16896264.0,-480574.0,9007513.0,40287715.0,17.71333783919612,16.642603090366055,0.8172741385839619,-0.009748894964031812,-0.05335257356830903,-0.13367421475529584
4030,CIA SIDERURGICA NACIONAL,2013,50402539.0,17312432.0,533994.0,8069059.0,42333480.0,17.735552108756846,16.666935414106284,0.8399076879837343,0.01059458532436233,0.06617797688677206,0.23752151462994853
4030,CIA SIDERURGICA NACIONAL,2014,49767100.0,16126232.0,-112267.0,5734975.0,44032125.0,17.722864681104138,16.595957820828318,0.8847637294517864,-0.0022558477387671777,-0.019575848194630315,-0.5740458015267176
4030,CIA SIDERURGICA NACIONAL,2015,48649974.0,15331852.0,1615951.0,8735663.0,39914311.0,17.700161832166547,16.545443052422687,0.8204384857430757,0.03321586564465584,0.18498321192106426,-0.19028340080971662
4030,CIA SIDERURGICA NACIONAL,2016,44153623.0,17148949.0,-853058.0,7384521.0,36769102.0,17.603185542802564,16.65744744689952,0.8327539056081537,-0.01932022656442032,-0.11551974732010377,1.5232558139534884
4030,CIA SIDERURGICA NACIONAL,2017,45209970.0,18524601.0,111229.0,8288229.0,36921741.0,17.62682819570056,16.73461019045293,0.8166725392651223,0.0024602759081680434,0.013420116649769208,-0.21828358208955223
4030,CIA SIDERURGICA NACIONAL,2018,47327524.0,22968885.0,5200583.0,10013440.0,37314084.0,17.67260258697082,16.94965103191113,0.7884224832890053,0.10988495827501985,0.5193602797839704,0.17709720372836224
4030,CIA SIDERURGICA NACIONAL,2019,50869276.0,25436417.0,2244511.0,11361932.0,39507344.0,17.744769684340678,17.051692445322175,0.7766445113156318,0.04412311667262573,0.19754659682877876,0.5188374596340151
4030,CIA SIDERURGICA NACIONAL,2020,63002149.0,30064020.0,4292618.0,11251505.0,51750644.0,17.95867939488515,17.218839665882633,0.8214107744165997,0.06813446950833375,0.3815150062147242,1.2946685878962536
4030,CIA SIDERURGICA NACIONAL,2021,79379103.0,47912039.0,13595621.0,23374389.0,56004714.0,18.18974570517976,17.684877366918425,0.7055347299653916,0.1712745607619174,0.5816460485876229,-0.11913993655269661
4030,CIA SIDERURGICA NACIONAL,2022,85354359.0,44362120.0,2167698.0,21816044.0,63538315.0,18.26232207795683,17.60789651010702,0.7444062112867604,0.02539645339027149,0.09936256087492307,-0.43648334624322227
4030,CIA SIDERURGICA NACIONAL,2023,91529720.0,45437950.0,402649.0,19684838.0,71844882.0,18.33217428624998,17.631858216922865,0.7849350134579238,0.004399106650823361,0.02045477844420157,0.41337167505391803
4030,CIA SIDERURGICA NACIONAL,2024,103906654.0,43687460.0,-1538141.0,15459116.0,88447538.0,18.459003496367245,17.59257166236418,0.8512211162145593,-0.014803103947510426,-0.09949734512633193,-0.5218564490016191
4030,CIA SIDERURGICA NACIONAL,2025,100575369.0,44797946.0,-1506726.0,15736350.0,84839019.0,18.4264179446972,17.617672848119867,0.8435367410881685,-0.01498106360415143,-0.09574812456509928,-0.15739868049010364
4057,Souza Cruz S.A.,2010,4474119.0,5518895.0,1449708.0,2095542.0,2378577.0,15.313820018800973,15.523688217054936,0.5316302494412867,0.32402088545253266,0.6918057476299687,0.48204623708804717
4057,Souza Cruz S.A.,2011,4253853.0,5550178.0,1602709.0,2079295.0,2174558.0,15.263335718432986,15.529340557280392,0.5111972604601053,0.37676642798893145,0.7707944279190784,0.2817500279735927
4057,Souza Cruz S.A.,2012,6124681.0,6131131.0,1641371.0,2365463.0,3759218.0,15.627837231406117,15.628889793340893,0.613781844311565,0.26799289628308803,0.693889948817631,0.3251612903225807
4057,Souza Cruz S.A.,2013,6405486.0,6287412.0,1694282.0,2440374.0,3965112.0,15.672665368654506,15.65406009726833,0.6190181353920686,0.2645048322640936,0.6942714518348417,-0.2711608222490931
4057,Souza Cruz S.A.,2014,6632627.0,6264116.0,1714158.0,2515241.0,4117386.0,15.707511512944896,15.650348034999828,0.6207775591782864,0.25844329856028386,0.6815084518739953,-0.12380952380952381
4170,VALE S.A.,2010,214662114.0,83225007.0,30421492.0,116326864.0,98335250.0,19.18457578710109,18.237058425534702,0.458093178007182,0.1417180304112723,0.2615173396232877,0.07457758788114188
4170,VALE S.A.,2011,241783112.0,103195407.0,37400224.0,146690367.0,95092745.0,19.303551650860516,18.45213490420737,0.39329771303464733,0.15468501373247276,0.2549603274221817,-0.3048458149779735
4170,VALE S.A.,2012,266921654.0,93511482.0,9232934.0,155633216.0,111288438.0,19.402465742593698,18.353594788858388,0.41693297015160863,0.03459042704718142,0.05932495798326239,0.09562062710546759
4170,VALE S.A.,2013,291880311.0,101489747.0,-257964.0,152122066.0,139758245.0,19.4918543823675,18.435468336565453,0.47882039223947515,-0.0008838006205906777,-0.001695769764262865,-0.14976190476190476
4170,VALE S.A.,2014,309415532.0,88274564.0,219588.0,149601623.0,159813909.0,19.55019569523109,18.295962560655795,0.5165025426066847,0.0007096864161298793,0.0014678183003402308,-0.36289619075312596
4170,VALE S.A.,2015,345549435.0,85499184.0,-45996622.0,139419590.0,206129845.0,19.660646273425822,18.264017390001797,0.5965278021652676,-0.13311155319932733,-0.32991505713078056,-0.3266149870801034
4170,VALE S.A.,2016,322696154.0,94633264.0,13296496.0,133701739.0,188994415.0,19.592221738760898,18.36551960012248,0.5856729702455642,0.04120438324158025,0.09944893835674044,1.0156985871271584
4170,VALE S.A.,2017,328096703.0,108532022.0,17669992.0,148105642.0,179991061.0,19.60881894911522,18.502555821041977,0.5485914955993935,0.05385604865404576,0.11930667705420703,0.45081081081081065
4170,VALE S.A.,2018,341714838.0,134483126.0,25773768.0,173682178.0,168032660.0,19.649487140198914,18.716949291886678,0.4917335781596935,0.07542478445141443,0.1483961584129835,0.3477801268498941
4170,VALE S.A.,2019,369670328.0,148639921.0,-8696040.0,157149353.0,212520975.0,19.72812216101588,18.817037301544193,0.5748932465036793,-0.023523770617586596,-0.05533614891815686,0.040000000000000036
4170,VALE S.A.,2020,478129515.0,208528759.0,24902341.0,180985984.0,297143531.0,19.985392205637744,19.155587522544987,0.6214707975097501,0.05208283575633268,0.13759264916337388,0.6391752577319587
4170,VALE S.A.,2021,499128000.0,293524000.0,121343000.0,197058000.0,302070000.0,20.028373133848003,19.497469965609913,0.6051954608837813,0.2431099838117677,0.6157730211409839,-0.09580143818139653
4170,VALE S.A.,2022,453387000.0,226508000.0,96337000.0,194894000.0,258493000.0,19.932256623372567,19.238290822351924,0.5701376528219821,0.2124829340056067,0.49430459634467966,0.1049229239184486
4170,VALE S.A.,2023,455984000.0,208066000.0,40554000.0,198325000.0,257659000.0,19.937968279143774,19.15336589502646,0.5650614933857329,0.08893733113442577,0.2044825412832472,-0.09897292250233436
4170,VALE S.A.,2024,496325000.0,206005000.0,30431000.0,213720000.0,282605000.0,20.022741512047418,19.14341099830396,0.5693950536442856,0.06131264796252456,0.1423872356354108,-0.26492386470826035
4170,VALE S.A.,2025,476094000.0,213595000.0,11811000.0,188926000.0,287168000.0,19.98112587169088,19.179592256536637,0.6031750032556596,0.0248081261263532,0.06251654086785302,0.2889127709116961
4650,Confab Industrial SA,2010,1780221.0,1011714.0,95582.0,1336639.0,443582.0,14.392248071864758,13.827156480192533,0.24917243420901114,0.05369108666845296,0.071509210789151,0.20130268199233714
4650,Confab Industrial SA,2011,1988358.0,1635043.0,252773.0,1506975.0,481383.0,14.50281973046901,14.30717966166185,0.2421007685738685,0.12712650337615258,0.16773536389123908,-0.3072651006711411
4820,BRASKEM S.A.,2010,34477491.0,25494817.0,1889485.0,10408286.0,24069205.0,17.355817234290786,17.05398573456762,0.6981135895300502,0.05480343682781325,0.18153661419372988,0.42947368421052645
4820,BRASKEM S.A.,2011,37354161.0,33176160.0,-516839.0,9951218.0,27402943.0,17.435954868960444,17.317342103660167,0.7335981391738393,-0.013836182801696443,-0.05193726034340721,-0.3364437532400206
4820,BRASKEM S.A.,2012,41163578.0,35513397.0,-738305.0,8663800.0,32499778.0,17.533064394209347,17.385420563537306,0.7895275284378827,-0.01793588011226818,-0.08521722569773078,-0.051851851851851816
4820,BRASKEM S.A.,2013,48346083.0,40969490.0,507038.0,7681334.0,40664749.0,17.693895763138173,17.528338201312796,0.8411177592195008,0.010487674875335815,0.06600910727225245,0.590909090909091
4820,BRASKEM S.A.,2014,49421751.0,46031389.0,726301.0,5894350.0,43527401.0,17.71590118889667,17.64483409131033,0.8807336874810445,0.014695978699742953,0.12321986308922951,-0.11392405063291144
4820,BRASKEM S.A.,2015,59961294.0,47282996.0,2898780.0,1337711.0,58623583.0,17.90920981201984,17.671661296228784,0.9776904247596792,0.048344186834927215,2.1669702947796647,0.6114352392065345
4820,BRASKEM S.A.,2016,51821851.0,47663988.0,-729197.0,1720710.0,50101141.0,17.763322452259608,17.679686702172834,0.9667956669475198,-0.014071226440753728,-0.42377681305972537,0.2919652961146737
4820,BRASKEM S.A.,2017,53341550.0,49260594.0,4133321.0,5690350.0,47651200.0,17.792226135163585,17.71263500904925,0.8933223725219833,0.07748783078107029,0.7263737731422496,0.2816143497757846
4820,BRASKEM S.A.,2018,59193982.0,57999866.0,2907210.0,5911245.0,53282737.0,17.896330439281567,17.875951258163198,0.900137736974681,0.04911326965636473,0.49181010091782695,0.0575892857142859
4820,BRASKEM S.A.,2019,68129037.0,52323525.0,-2896973.0,3944706.0,64184331.0,18.03691406790755,17.77295663669691,0.9420994898254617,-0.042521854521442894,-0.7343951615152055,-0.3723717409587889
4820,BRASKEM S.A.,2020,86083919.0,58543494.0,-7015306.0,-3866518.0,89950437.0,18.270833180757762,17.885280523131897,1.0449156828001755,-0.08149380373818715,1.8143730353770497,-0.17182009838369638
4820,BRASKEM S.A.,2021,92564368.0,105625201.0,13961620.0,6203828.0,86360540.0,18.34341483074747,18.47540754659838,0.9329782276480297,0.15083147329434582,2.250484700736384,1.5727678571428574
4820,BRASKEM S.A.,2022,88048858.0,96519284.0,-820391.0,6108217.0,81940641.0,18.293402422918916,18.38525338054191,0.9306269594092862,-0.00931745190834843,-0.13430940649292583,-0.5715058611361588
4820,BRASKEM S.A.,2023,91741000.0,70569000.0,-4890000.0,3279000.0,88462000.0,18.334479947444503,18.072101512549278,0.9642580743615178,-0.0533022312815426,-1.4913083257090576,-0.031028368794326244
4820,BRASKEM S.A.,2024,101575000.0,77411000.0,-12052000.0,-4278000.0,105853000.0,18.436307999838064,18.164639447325076,1.0421166625646074,-0.11865124292394783,2.817204301075269,-0.36268574573472767
4820,BRASKEM S.A.,2025,81879000.0,70717000.0,-10961000.0,-16502000.0,98381000.0,18.220753105688157,18.074196554579395,1.2015412987457101,-0.1338682690311313,0.6642225184826082,-0.3738095238095238
5258,RAIA DROGASIL S.A.,2010,922285.0,2005216.0,89015.0,598617.0,323668.0,13.73460956540295,14.511262343593591,0.35094141181955685,0.09651571911068704,0.14870108934427187,0.426056338028169
5258,RAIA DROGASIL S.A.,2011,3168308.0,2729392.0,68696.0,2201174.0,967134.0,14.968708249412902,14.81958943173474,0.3052525196413985,0.021682235439231288,0.031208800394698467,-0.13050279329608927
5258,RAIA DROGASIL S.A.,2012,3340186.0,5380728.0,104855.0,2264659.0,1075527.0,15.021537052025083,15.498334238968715,0.3219961403346999,0.03139196439958733,0.04630056887151664,0.7746153846153843
5258,RAIA DROGASIL S.A.,2013,3614093.0,6232919.0,100985.0,2326983.0,1287110.0,15.100351483062763,15.645355320359203,0.35613638055246505,0.027942003706047408,0.04339739482411346,-0.3573913043478262
5258,RAIA DROGASIL S.A.,2014,4049289.0,7391569.0,221386.0,2456937.0,1592352.0,15.214051868115487,15.815850584326723,0.39324236921592903,0.05467280799172398,0.09010650252733383,0.6843853821634553
5258,RAIA DROGASIL S.A.,2015,4699201.0,8897849.0,339785.0,2656798.0,2042403.0,15.36290305222865,16.001320120098487,0.43462771649903886,0.07230697303648004,0.12789267381261202,0.5260215053273822
5258,RAIA DROGASIL S.A.,2016,5659303.0,11256565.0,451252.0,2935955.0,2723348.0,15.548811297720087,16.236462071967928,0.4812161497626121,0.07973632088615859,0.15369854101987257,0.5905900703874456
5258,RAIA DROGASIL S.A.,2017,6464249.0,13212505.0,512653.0,3250372.0,3213877.0,15.681797399480756,16.396674287590077,0.4971771662879942,0.07930588688647358,0.15772133158912272,0.5811229757603975
5258,RAIA DROGASIL S.A.,2018,7352005.0,14801445.0,509313.0,3534767.0,3817238.0,15.81048362310448,16.51023536910348,0.519210473877534,0.06927538814241829,0.14408672481099885,-0.34610983954926033
5258,RAIA DROGASIL S.A.,2019,12248255.0,17565600.0,788735.0,4076419.0,8171836.0,16.320894035828598,16.681453001937264,0.6671836926974496,0.06439570371452913,0.19348722493934015,0.8331691301155637
5258,RAIA DROGASIL S.A.,2020,13828088.0,20066840.0,495533.0,4425621.0,9402467.0,16.442212443902736,16.814579259447388,0.6799542351769818,0.03583525068686286,0.11196914512110277,0.18102065882183305
5258,RAIA DROGASIL S.A.,2021,14775506.0,24127002.0,764133.0,4718802.0,10056704.0,16.508481367708935,16.998842186202264,0.6806334754288618,0.0517161984164874,0.16193368571090713,-0.045186640424016766
5258,RAIA DROGASIL S.A.,2022,17185306.0,29067380.0,1014968.0,5402941.0,11782365.0,16.659565274333904,17.18512714119437,0.6856069365305454,0.059060222727485914,0.18785472578730733,-0.01413133873610728
5258,RAIA DROGASIL S.A.,2023,20094412.0,33973790.0,1087143.0,6028301.0,14066111.0,16.815952324427126,17.341099902944904,0.7000011246907847,0.05410175724475043,0.18033986690445616,0.39616438348228455
5258,RAIA DROGASIL S.A.,2024,22163756.0,38871522.0,1211373.0,6446887.0,15716869.0,16.913968900065612,17.47577245822339,0.7091247981614669,0.05465558274509068,0.18790045490172233,-0.24059371755811565
5258,RAIA DROGASIL S.A.,2025,25170475.0,44250449.0,1300243.0,7335968.0,17834507.0,17.04118223860606,17.60537607625939,0.7085486865067108,0.05165746772756573,0.17724218535304406,0.026566523825443333
5410,WEG S.A.,2010,7511164.0,4391973.0,533634.0,3543836.0,3967328.0,15.8319010050723,15.295289114611624,0.5281908369994318,0.07104544648472594,0.15058089595568191,0.18930714675395555
5410,WEG S.A.,2011,9105861.0,5189409.0,607021.0,3906589.0,5199272.0,16.024428830099694,15.462130375825698,0.5709808221320313,0.06666266924127219,0.1553838911643892,-0.1726872246696035
5410,WEG S.A.,2012,8873550.0,6173878.0,664864.0,4151626.0,4721924.0,15.998585499696052,15.635837723563938,0.5321347149675159,0.0749264950329913,0.16014544662741778,0.5323496027241774
5410,WEG S.A.,2013,10141293.0,6828896.0,845304.0,4642267.0,5499026.0,16.132126062790892,15.736673578657545,0.5422411126470756,0.08335268490911366,0.18208862178758783,0.15236686390532572
5410,WEG S.A.,2014,11782630.0,7840757.0,962316.0,5139263.0,6643367.0,16.28213697103127,15.874845943787797,0.563827176105844,0.08167242797236271,0.18724786024766585,0.2745914771739828
5410,WEG S.A.,2015,14261541.0,9760323.0,1165810.0,6156060.0,8105481.0,16.473077031628005,16.093836052103967,0.5683453842750934,0.08174502320611776,0.18937599698508462,0.0016750419431608154
5410,WEG S.A.,2016,13509331.0,9367008.0,1127832.0,6070832.0,7438499.0,16.418891189835374,16.052704286253036,0.5506193459913004,0.08348540723445151,0.1857788191140852,-0.0025740025096194774
5410,WEG S.A.,2017,13985987.0,9523830.0,1140942.0,6843307.0,7142680.0,16.45356645774459,16.069307636786576,0.5107026054006771,0.08157751040380633,0.1667237784305161,0.6446111870241156
5410,WEG S.A.,2018,15399850.0,11970090.0,1344148.0,7853257.0,7546593.0,16.54986832707668,16.29792159630288,0.4900432796423342,0.08728318782325802,0.17115803035606755,-0.028875638866383224
5410,WEG S.A.,2019,15687641.0,13347434.0,1632455.0,8929990.0,6757651.0,16.568383762863693,16.406834714598045,0.43076272589358716,0.10405994119829744,0.1828059157960983,1.0484633569739947
5410,WEG S.A.,2020,19927896.0,17469557.0,2395957.0,11930298.0,7997598.0,16.8076311171229,16.675970324032573,0.40132676324685757,0.12023130791128175,0.20082960207699757,1.230270906949352
5410,WEG S.A.,2021,23932787.0,23563338.0,3657480.0,14010672.0,9922115.0,16.990759917791745,16.975202587526823,0.4145825139378878,0.15282298714311876,0.2610495770652543,-0.10013642564802183
5410,WEG S.A.,2022,28134660.0,29904722.0,4272872.0,15248355.0,12886305.0,17.152512826184353,17.213526952313256,0.45802241790019854,0.15187217474815762,0.2802185547227881,0.08174157303370766
5410,WEG S.A.,2023,31496270.0,32503601.0,5867615.0,17854776.0,13641494.0,17.265379684086113,17.2968614411621,0.43311458785437135,0.18629555182248564,0.32862999793444625,-0.014419225634179078
5410,WEG S.A.,2024,41489701.0,37986941.0,6318763.0,23125217.0,18364484.0,17.540955785727288,17.452753000732017,0.4426275330352465,0.15229714477817036,0.2732412413686756,0.4642064372918979
5410,WEG S.A.,2025,42645030.0,40804110.0,6775958.0,18553364.0,24091666.0,17.568421295217338,17.52429336959505,0.564934905661926,0.1588920912941086,0.3652145238998168,-0.15058658728769048
6173,Taurus Armas SA,2010,999861.0,671558.0,70310.0,460579.0,539282.0,13.81537154830288,13.41735566500545,0.5393569706189161,0.07031977444864836,0.15265567904745983,-0.2153110047846888
6173,Taurus Armas SA,2011,1126657.0,617968.0,37337.0,325235.0,801422.0,13.934765398872628,13.334191955163925,0.711327404880101,0.03313963344655916,0.11480006764339631,-0.4427619834170853
6173,Taurus Armas SA,2012,1114304.0,700971.0,-117210.0,201780.0,912524.0,13.92374055272627,13.460221795688804,0.8189183562115904,-0.10518673539716271,-0.5808801665179899,1.0714285714285712
6173,Taurus Armas SA,2013,1184094.0,807340.0,-80310.0,145993.0,1038101.0,13.98448848316661,13.601500172031287,0.8767048899833966,-0.06782400721564336,-0.5500948675621434,-0.21379310344827596
6173,Taurus Armas SA,2014,979763.0,591536.0,-185422.0,52115.0,927648.0,13.795065984664841,13.290477822763258,0.9468085649284572,-0.18925189050821475,-3.5579391729828265,-0.7824074074074074
6173,Taurus Armas SA,2015,1022340.0,823809.0,-253810.0,-60116.0,1082456.0,13.83760467543734,13.621693985906232,1.058802355380793,-0.24826378699845453,4.222004125357642,-0.6978612647058824
6173,Taurus Armas SA,2016,893057.0,830273.0,-103027.0,-171901.0,1064958.0,13.702405687608836,13.629509841354533,1.192486033926166,-0.11536441682893701,0.5993391545133536,0.6513761467889907
6173,Taurus Armas SA,2017,768958.0,784876.0,-286028.0,-445233.0,1214191.0,13.552791630611337,13.57328102250383,1.5790082163135049,-0.3719682999591655,0.6424231806716932,0.3437499999999998
6173,Taurus Armas SA,2018,921156.0,845287.0,-59862.0,-406963.0,1328119.0,13.733384682001576,13.64743149364343,1.4417959607276074,-0.06498573531519092,0.14709445330410872,0.9285714285714284
6173,Taurus Armas SA,2019,1066440.0,999581.0,43426.0,-304621.0,1371061.0,13.879836556520521,13.815091470159246,1.2856428866134053,0.04072052811222385,-0.14255747305668356,0.3370535714285712
6173,Taurus Armas SA,2020,1460650.0,1773188.0,263603.0,42269.0,1418381.0,14.194392100089416,14.388289614404014,0.9710615137096498,0.18046965392119946,6.23631976152736,1.7827648114901256
6173,Taurus Armas SA,2021,2093620.0,2740464.0,635060.0,757047.0,1336573.0,14.55440518307564,14.823637807093029,0.6384028620284483,0.3033310724964416,0.8388646940018255,0.6309523809523812
6173,Taurus Armas SA,2022,2276173.0,2540021.0,519984.0,1024231.0,1251942.0,14.63800608188452,14.747682906677078,0.5500205827940143,0.22844660752939253,0.5076823490013483,-0.4453676776069796
6173,Taurus Armas SA,2023,2153861.0,1781887.0,152790.0,1091805.0,1062056.0,14.582772603511328,14.393183473105527,0.49309402974472355,0.0709377253221076,0.13994257216261147,0.1819595645412131
6173,Taurus Armas SA,2024,2628647.0,1672674.0,76592.0,1294361.0,1334286.0,14.781979823110627,14.329934101447604,0.5075942110142594,0.029137423168649118,0.05917359994622829,-0.462890625
6173,Taurus Armas SA,2025,2586405.0,1463029.0,17673.0,1247453.0,1338952.0,14.76577943858048,14.196019502088783,0.5176884517312641,0.006833036589397252,0.014167267223695,-0.4068129330254041
6343,Tupy SA,2010,2404675.0,1871527.0,154431.0,970759.0,1433916.0,14.692925317255288,14.442265233152824,0.5963034505702434,0.06422115254660193,0.15908273835215536,0.9615384615384615
6343,Tupy SA,2011,3419980.0,2185548.0,203384.0,1096631.0,2323349.0,15.045145261068471,14.597377155981867,0.6793457856478693,0.05946935362195101,0.1854625667156956,0.06488549618320616
6343,Tupy SA,2012,3801254.0,2671120.0,66357.0,1185855.0,2615399.0,15.15084157025859,14.798008418076547,0.6880358429086822,0.017456607740498266,0.055957094248453645,0.7937658571946358
6343,Tupy SA,2013,4507010.0,3122984.0,86321.0,1901901.0,2605109.0,15.321144520441125,14.954299512973193,0.5780126957783541,0.0191526089358577,0.045386694680743106,-0.1428571428571429
6343,Tupy SA,2014,4962930.0,3114661.0,89212.0,2032374.0,2930556.0,15.417506850097755,14.951630876031066,0.5904890860842285,0.017975671629460822,0.04389546412225309,-0.1334951456310679
6343,Tupy SA,2015,5751180.0,3426996.0,220126.0,2409665.0,3341515.0,15.56491560911063,15.047194633654431,0.5810138093399964,0.03827492792783394,0.09135128741962056,0.1472392638036808
6343,Tupy SA,2016,4769806.0,3255310.0,-181455.0,2007132.0,2762674.0,15.377816191177903,14.995798067185186,0.5792004957853631,-0.03804242772137902,-0.09040511535863112,-0.3822016460905351
6343,Tupy SA,2017,4609156.0,3706151.0,153401.0,1983318.0,2625838.0,15.34355531795129,15.12550442973566,0.5697003963415428,0.033281798229437234,0.07734563998309903,0.5208333333333333
6343,Tupy SA,2018,4908191.0,4828216.0,271721.0,2199963.0,2708228.0,15.406416000111149,15.389987599221168,0.5517772230135298,0.05536072251466986,0.12351162269547261,0.09809264305177101
6343,Tupy SA,2019,5124167.0,5163585.0,278932.0,2387403.0,2736764.0,15.449478533192877,15.457141663660437,0.5340895407975579,0.054434603712174096,0.11683490386834565,0.21634615384615374
6343,Tupy SA,2020,6113319.0,4257596.0,-76210.0,2553457.0,3559862.0,15.625980391519771,15.26421523970869,0.5823124885189207,-0.012466223339563992,-0.02984581295083489,0.007688611244593968
6343,Tupy SA,2021,7510628.0,7082535.0,202912.0,2753214.0,4757414.0,15.831829642081756,15.773142452432452,0.6334242622587618,0.02701664894067447,0.07370004656376149,-0.09482758620689657
6343,Tupy SA,2022,10243258.0,10178416.0,502221.0,3034360.0,7208898.0,16.142130291034682,16.135779957765692,0.7037700309803775,0.04902942013175886,0.1655113434134381,0.2597881160755413
6343,Tupy SA,2023,10284745.0,11368190.0,517013.0,3327842.0,6956903.0,16.146172287373403,16.246329662201386,0.6764293135123914,0.050269890016718936,0.15535983980008666,0.11631477927063338
6343,Tupy SA,2024,11510863.0,10665110.0,82440.0,3499347.0,8011516.0,16.25880175616709,16.182488223945978,0.6959961212291381,0.00716193043041169,0.023558681091072134,-0.11514253980007416
6343,Tupy SA,2025,9391641.0,9692948.0,-654552.0,2513376.0,6878265.0,16.055330596299015,16.086909168764183,0.732381593376493,-0.06969516828848121,-0.2604274091898705,-0.4573951434878587
6505,Grupo Casas Bahia S.A. (Via Varejo),2010,9891828.0,8606042.0,-65809.0,2568881.0,7322947.0,16.10721951968416,15.967975072684832,0.7403027023923182,-0.006652865375338107,-0.025617768981903016,
6505,Grupo Casas Bahia S.A. (Via Varejo),2011,11674930.0,21016716.0,103854.0,2675515.0,8999415.0,16.272954365783917,16.860828679047717,0.7708324589526447,0.008895470893615635,0.03881645215967767,-0.22499999999999998
6505,Grupo Casas Bahia S.A. (Via Varejo),2012,12082472.0,22846250.0,322159.0,2995588.0,9086884.0,16.30726636529749,16.944297548050788,0.7520715959449358,0.02666333511883992,0.10754449543795742,0.180327868852459
6505,Grupo Casas Bahia S.A. (Via Varejo),2013,13457823.0,21755945.0,1144519.0,3950803.0,9507020.0,16.415071130615377,16.89539761148355,0.7064307503524159,0.08504488430260972,0.28969275359971125,0.6688888888888889
6505,Grupo Casas Bahia S.A. (Via Varejo),2014,16004000.0,22674000.0,938000.0,4715000.0,11289000.0,16.58834924895926,16.936729451559682,0.7053861534616346,0.05861034741314671,0.19893955461293744,-0.24444444444444446
6505,Grupo Casas Bahia S.A. (Via Varejo),2015,16288000.0,19268000.0,14000.0,4246000.0,12042000.0,16.605939198332386,16.773956246732247,0.7393172888015717,0.0008595284872298625,0.003297220913801225,-0.7410714285714286
6505,Grupo Casas Bahia S.A. (Via Varejo),2016,17527000.0,19819000.0,-95000.0,2808000.0,14719000.0,16.679253107055313,16.802151631506486,0.8397900382267359,-0.00542020882067667,-0.033831908831908834,0.9148936170212767
6505,Grupo Casas Bahia S.A. (Via Varejo),2017,19931000.0,25690000.0,195000.0,2959000.0,16972000.0,16.807786866544873,17.061612369086067,0.8515378054287291,0.009783753951131404,0.06590064210882055,1.2657142857142856
6505,Grupo Casas Bahia S.A. (Via Varejo),2018,21056000.0,26928000.0,-267000.0,2523000.0,18533000.0,16.86269611310718,17.108677195412724,0.8801766717325228,-0.012680471124620061,-0.10582639714625446,-0.43354838709677423
6505,Grupo Casas Bahia S.A. (Via Varejo),2019,24424000.0,25655000.0,-1433000.0,578000.0,23846000.0,17.01107681339685,17.0602490423582,0.9763347527022601,-0.058671798231247956,-2.4792387543252596,1.561926605504587
6505,Grupo Casas Bahia S.A. (Via Varejo),2020,33056000.0,28901000.0,1004000.0,5979000.0,27077000.0,17.3137136509015,17.17938675456015,0.8191251210067764,0.03037270087124879,0.16792105703294866,0.4704276615104641
6505,Grupo Casas Bahia S.A. (Via Varejo),2021,35340000.0,30899000.0,-297000.0,5637000.0,29703000.0,17.380526024855826,17.24623437888475,0.8404923599320883,-0.008404074702886248,-0.05268759978712081,-0.6929824561403508
6505,Grupo Casas Bahia S.A. (Via Varejo),2022,35574000.0,30898000.0,-342000.0,5284000.0,30290000.0,17.38712559191756,17.24620201485413,0.8514645527632541,-0.009613762860516108,-0.06472369417108251,-0.5112016293279023
6505,Grupo Casas Bahia S.A. (Via Varejo),2023,31996000.0,28847000.0,-2625000.0,3454000.0,28542000.0,17.28112145295085,17.17751655937627,0.8920490061257658,-0.08204150518814853,-0.759988419224088,-0.761675392670157
6505,Grupo Casas Bahia S.A. (Via Varejo),2024,33889000.0,27206000.0,-1045000.0,2477000.0,31412000.0,17.338601035918614,17.11894809517551,0.9269084363657825,-0.03083596447224763,-0.421881308033912,-0.7177734375
6505,Grupo Casas Bahia S.A. (Via Varejo),2025,33638000.0,29197000.0,-2988000.0,2774000.0,30864000.0,17.331166938269515,17.189576522234397,0.9175337416017599,-0.08882811106486711,-1.0771449170872387,-0.0031645569620254443
7870,Kepler Weber SA,2010,552072.0,366330.0,25404.0,268653.0,283419.0,13.221433751535965,12.811289845495176,0.513373255662305,0.04601573707777246,0.09456064142220634,-0.027777777777777568
7870,Kepler Weber SA,2011,651348.0,422126.0,28254.0,296913.0,354435.0,13.386799340575207,12.9530591266516,0.5441561193094936,0.04337773356178264,0.09515918804498287,-0.34285714285714286
7870,Kepler Weber SA,2012,587901.0,424441.0,31281.0,320973.0,266928.0,13.284313845358453,12.958528288030363,0.4540356284476468,0.053207938071205864,0.09745679543139142,0.1090909090909089
7870,Kepler Weber SA,2013,674361.0,594762.0,62098.0,364082.0,310279.0,13.421520854816116,13.295916604506427,0.46010816165229007,0.09208421008925487,0.17056047813404673,2.625110521662246
7870,Kepler Weber SA,2014,850775.0,905841.0,132684.0,508814.0,341961.0,13.653902977767425,13.716619072935028,0.40194058358555435,0.15595662778055303,0.26077112658063656,0.3333676456808594
7870,Kepler Weber SA,2015,791235.0,705979.0,6237.0,491362.0,299873.0,13.58135029491486,13.467340770990493,0.3789935986148237,0.007882613888414946,0.012693289265348155,-0.6086956521739131
7870,Kepler Weber SA,2016,763805.0,475298.0,-22124.0,468852.0,294953.0,13.546067799968414,13.071697254724533,0.38616269859453656,-0.028965508212174574,-0.04718759864520147,0.149425287356322
7870,Kepler Weber SA,2017,716246.0,578375.0,-34257.0,435349.0,280897.0,13.481778962353259,13.2679777262093,0.39217950257313827,-0.047828539356589775,-0.07868859237071867,0.1569905213270144
7870,Kepler Weber SA,2018,704273.0,576300.0,8266.0,441025.0,263248.0,13.46492134406227,13.264383637424757,0.3737868695804042,0.011736925879594986,0.018742701660903575,-0.16226838854576076
7870,Kepler Weber SA,2019,676102.0,583465.0,37572.0,467384.0,208718.0,13.424099231216681,13.276739746047664,0.30870785769011183,0.0555714966084999,0.08038786094517571,0.9464639788499667
7870,Kepler Weber SA,2020,948778.0,671243.0,67650.0,517651.0,431127.0,13.76293011977296,13.416886496445436,0.4544023997183746,0.07130224351745088,0.1306865050004733,0.6666666666666665
7870,Kepler Weber SA,2021,1018396.0,1226179.0,154635.0,461630.0,556766.0,13.833739398487849,14.019413388083498,0.5467087459102353,0.15184171972395807,0.3349760630808223,0.05413412335039047
7870,Kepler Weber SA,2022,1273778.0,1815401.0,382468.0,597270.0,676508.0,14.057497845613087,14.411816937917301,0.5311035360949867,0.3002626831363079,0.6403603060592362,0.6788990825688073
7870,Kepler Weber SA,2023,1471280.0,1512134.0,245214.0,726203.0,745077.0,14.201643328172862,14.229032456133336,0.5064141427872328,0.16666711978685225,0.3376659143517722,0.1481092436974789
7870,Kepler Weber SA,2024,1594030.0,1607297.0,199183.0,740781.0,853249.0,14.281775958732357,14.290064444071325,0.5352778805919588,0.12495561564085995,0.2688824362395904,-0.15054744525547448
7870,Kepler Weber SA,2025,1512406.0,1490300.0,156270.0,774231.0,738175.0,14.229212318195488,14.214487999936884,0.48807992033885084,0.10332542981183623,0.20183898603905037,0.050160085378868846
8087,Lojas Americanas S.A. (pre-2021 restructuring entity),2010,7996619.0,9388535.0,324201.0,550678.0,7445941.0,15.894529385312994,16.05499982197312,0.9311361464138782,0.040542259172282685,0.5887306193456067,
8087,Lojas Americanas S.A. (pre-2021 restructuring entity),2011,9550056.0,10201624.0,303766.0,1158428.0,8391628.0,16.072057576314066,16.138057481267303,0.8786993500352249,0.03180777159840738,0.2622225982106786,
8087,Lojas Americanas S.A. (pre-2021 restructuring entity),2012,11080294.0,11334061.0,346574.0,1169305.0,9910989.0,16.220678773227412,16.243322997733568,0.8944698579297625,0.031278411926614944,0.2963931566186752,
8087,Lojas Americanas S.A. (pre-2021 restructuring entity),2013,14138353.0,13401172.0,402617.0,1488484.0,12649869.0,16.464401733572224,16.41085272378307,0.894720127584875,0.028476937872466475,0.2704879595615405,
8087,Lojas Americanas S.A. (pre-2021 restructuring entity),2014,16858031.0,16145669.0,355210.0,3048280.0,13809751.0,16.64033771842742,16.597162398293417,0.8191793573045393,0.02107066952243711,0.11652800923799651,
8087,Lojas Americanas S.A. (pre-2021 restructuring entity),2015,20528253.0,17926155.0,64474.0,2943605.0,17584648.0,16.837312690391382,16.701771377520547,0.8566071355414413,0.003140744611828391,0.021903074631276956,
8087,Lojas Americanas S.A. (pre-2021 restructuring entity),2016,20775991.0,18103512.0,27828.0,3155132.0,17620859.0,16.84930859913248,16.71161651056323,0.8481356677522627,0.0013394306918981626,0.008819916250730557,
8087,Lojas Americanas S.A. (pre-2021 restructuring entity),2017,27536385.0,17044716.0,81234.0,6106261.0,21430124.0,17.131018779032402,16.651350801637683,0.7782475441129981,0.0029500604382165633,0.013303394663280852,
8087,Lojas Americanas S.A. (pre-2021 restructuring entity),2018,28304656.0,17689862.0,227510.0,6286125.0,22018531.0,17.158536872049243,16.688502265088015,0.7779119802763192,0.008037900195642723,0.0361924078824395,
8087,Lojas Americanas S.A. (pre-2021 restructuring entity),2019,33269041.0,18956331.0,581283.0,7379873.0,25889168.0,17.32013782281216,16.75764852340693,0.7781759624510968,0.01747218983558919,0.07876598960442815,
8087,Lojas Americanas S.A. (pre-2021 restructuring entity),2020,47709461.0,21291412.0,314929.0,15870576.0,31838885.0,17.68064028000655,16.873814356887443,0.6673495011817467,0.006600975852567271,0.01984357719593794,
8133,LOJAS RENNER S.A.,2010,2456015.0,2751338.0,308028.0,1021308.0,1434707.0,14.714050675722376,14.827597896772438,0.5841605201922627,0.1254178007870473,0.30160147575462054,0.40124223602484466
8133,LOJAS RENNER S.A.,2011,2983504.0,3238543.0,336907.0,1154998.0,1828506.0,14.908609006650599,14.990634095269005,0.6128719787203235,0.11292326070285141,0.29169487739372707,-0.11901728844404036
8133,LOJAS RENNER S.A.,2012,3770028.0,3862508.0,355401.0,1305683.0,2464345.0,15.142592986452316,15.166827271383404,0.6536675589677318,0.09427012213171891,0.27219547164204483,0.58234126984127
8133,LOJAS RENNER S.A.,2013,4515524.0,4370328.0,407404.0,1493253.0,3022271.0,15.323031795684887,15.290348621463359,0.6693068179905588,0.09022297301487048,0.2728298553560582,-0.23125393824826723
8133,LOJAS RENNER S.A.,2014,5321540.0,5216820.0,471420.0,1855268.0,3466272.0,15.487273293112615,15.467398578821607,0.6513663338056277,0.08858713830958707,0.2540980602263393,0.25073601613828944
8133,LOJAS RENNER S.A.,2015,5863719.0,6145198.0,578838.0,2310896.0,3552823.0,15.58429460189158,15.631181521781322,0.6058992594972576,0.09871516694439143,0.2504820640998124,0.195804196103474
8133,LOJAS RENNER S.A.,2016,6475212.0,6451578.0,625058.0,2636796.0,3838416.0,15.683491906326632,15.67983531001253,0.5927861512487931,0.09653089350588058,0.23705208897464955,0.2965864574051831
8133,LOJAS RENNER S.A.,2017,7547658.0,7444305.0,732679.0,3223446.0,4324212.0,15.83674787442815,15.822959868500304,0.5729210306031355,0.09707368828847306,0.22729681216933678,0.7228155335634296
8133,LOJAS RENNER S.A.,2018,8821048.0,8426541.0,1020136.0,3954512.0,4866536.0,15.992651241786012,15.946896925488938,0.5516958982651494,0.11564793661705502,0.257967607634014,0.2852379510561307
8133,LOJAS RENNER S.A.,2019,11791735.0,9588437.0,1099093.0,4704614.0,7087121.0,16.282909420295777,16.076068451303367,0.6010244463600989,0.09320876020365111,0.23362022899221913,0.5930154642265899
8133,LOJAS RENNER S.A.,2020,14642583.0,7537180.0,1096269.0,5501316.0,9141267.0,16.499444485360947,15.83535866472167,0.6242933367698855,0.07486855290490756,0.1992739555408197,-0.1957886960193066
8133,LOJAS RENNER S.A.,2021,21411985.0,10571556.0,633112.0,9806621.0,11605364.0,16.87946136995341,16.173677556094535,0.5420031818628679,0.02956811337202039,0.0645596480173956,-0.4194774345904615
8133,LOJAS RENNER S.A.,2022,21148892.0,13271137.0,1291704.0,10087515.0,11061377.0,16.86709807437742,16.401102084627347,0.523023948488649,0.06107667484424243,0.1280497724166953,-0.21832061067035713
8133,LOJAS RENNER S.A.,2023,20490638.0,13647849.0,976259.0,10047221.0,10443417.0,16.8354786568704,16.429092484760247,0.5096677321613899,0.047644148513091684,0.09716706739107261,-0.10390946467652917
8133,LOJAS RENNER S.A.,2024,20364590.0,14436366.0,1196668.0,10772951.0,9591639.0,16.829308166281578,16.485260997706884,0.4709959296995422,0.05876219457401303,0.11108079856670657,-0.2293641619833473
8133,LOJAS RENNER S.A.,2025,19626027.0,15829460.0,1457566.0,10456281.0,9169746.0,16.79236715147371,16.577383318830627,0.4672237534372087,0.07426699249929698,0.13939621553781884,0.014328808446455454
8451,MARCOPOLO S.A.,2010,3029601.0,2964499.0,295754.0,963390.0,2066211.0,14.923941485646246,14.90221860480449,0.6820076307078061,0.09762143595806841,0.3069930142517568,0.9914529914529917
8451,MARCOPOLO S.A.,2011,3381131.0,3368876.0,344023.0,1171492.0,2209639.0,15.033720826872575,15.030089715537388,0.6535206710417313,0.10174790624793893,0.2936622699941613,0.03806734992679339
8451,MARCOPOLO S.A.,2012,3512075.0,3817134.0,302357.0,1312444.0,2199631.0,15.071717588862198,15.155010437215433,0.6263052468982012,0.08609070136600158,0.23037706751678547,0.8561151079136693
8451,MARCOPOLO S.A.,2013,4117840.0,3659309.0,292117.0,1533991.0,2583849.0,15.230839312002512,15.11278488973879,0.6274767839449809,0.07093937598352534,0.19042940929901153,-0.2093023255813955
8451,MARCOPOLO S.A.,2014,4438565.0,3400194.0,224070.0,1671011.0,2767554.0,15.305841683970415,15.039343046782127,0.6235244949662785,0.05048253207962483,0.1340924745558228,-0.3716981131818632
8451,MARCOPOLO S.A.,2015,5038863.0,2739132.0,89083.0,1862183.0,3176680.0,15.432691019359023,14.823151639855066,0.6304358741247778,0.017679186753043297,0.047837940739443974,-0.468390804743551
8451,MARCOPOLO S.A.,2016,4968269.0,2574093.0,222546.0,1868517.0,3099752.0,15.418582047667423,14.761007797021648,0.6239098567327976,0.04479346830857991,0.11910301056934457,0.385165371934594
8451,MARCOPOLO S.A.,2017,4732252.0,2875993.0,82112.0,1928612.0,2803640.0,15.369911757100317,14.87190856388409,0.5924536563141608,0.017351569612100118,0.04257569692607948,0.5647058823529412
8451,MARCOPOLO S.A.,2018,5147704.0,4197468.0,190947.0,2134631.0,3013073.0,15.45406134798758,15.249992044319306,0.5853236705140777,0.03709362465285494,0.08945199427910491,0.1784296766371638
8451,MARCOPOLO S.A.,2019,5193678.0,4314534.0,212029.0,2358412.0,2835266.0,15.462952674673922,15.27749988130274,0.5459071586648229,0.040824440791285097,0.08990329085842508,0.11940298521185122
8451,MARCOPOLO S.A.,2020,5860911.0,3589662.0,90707.0,2607996.0,3252915.0,15.583815610221277,15.093568605614205,0.5550186651870332,0.015476604234392913,0.03478034475512999,-0.2913580247283767
8451,MARCOPOLO S.A.,2021,6654524.0,3499439.0,358372.0,2956231.0,3698293.0,15.710807482084256,15.068113227898229,0.5557562043506042,0.05385388947428847,0.1212259799724717,0.04452054818052176
8451,MARCOPOLO S.A.,2022,7395350.0,5415618.0,436802.0,3204773.0,4190577.0,15.816361982283581,15.504797559329011,0.566650259960651,0.05906441209679055,0.1362973290151908,0.03663003675047327
8451,MARCOPOLO S.A.,2023,7959303.0,6683218.0,810811.0,3587709.0,4371594.0,15.889851991172648,15.715110166041987,0.5492433194213111,0.10186959838066223,0.2259968687538482,2.0652173921028356
8451,MARCOPOLO S.A.,2024,9441753.0,8593837.0,1222377.0,4082336.0,5359417.0,16.06065222003427,15.966555876416239,0.56762944338832,0.1294650474334586,0.299430767090215,0.28720930233807485
8451,MARCOPOLO S.A.,2025,9722646.0,9057548.0,1235508.0,3895529.0,5827117.0,16.0899683616131,16.0191090012129,0.5993344815804258,0.12707528382705696,0.3171605191490039,-0.20592503021054243
8575,Mahle Metal Leve SA,2010,2578157.0,1823397.0,83713.0,1347836.0,1230321.0,14.762585360549366,14.416211802853534,0.47720949499972265,0.03247009394695513,0.06210918835822756,0.8134715025906736
8575,Mahle Metal Leve SA,2011,2649332.0,2236756.0,189287.0,1342078.0,1307254.0,14.789818090714345,14.62053715986964,0.4934277772661184,0.07144706665680255,0.14104023760168932,-0.011167985109353129
8575,Mahle Metal Leve SA,2012,2347729.0,2228803.0,179514.0,1362226.0,985503.0,14.668959035892536,14.616975228022566,0.4197686359882252,0.07646282854622488,0.1317798955533076,0.8427518427518426
8575,Mahle Metal Leve SA,2013,2427735.0,2393752.0,193768.0,1374259.0,1053476.0,14.702469281877118,14.688372567419883,0.4339336871610781,0.07981431251763475,0.1409981670121862,0.05061349693251538
8575,Mahle Metal Leve SA,2014,2545829.0,2332980.0,196665.0,1345280.0,1200549.0,14.74996689166477,14.662656978313585,0.47157487796705905,0.07724988598998597,0.14618889747859182,-0.21761851437103397
8575,Mahle Metal Leve SA,2015,2477941.0,2433093.0,172145.0,1290762.0,1187179.0,14.722938531363964,14.70467384544943,0.47909897773998655,0.06947098417597514,0.13336695688283354,0.2108610567514677
8575,Mahle Metal Leve SA,2016,2354914.0,2236007.0,4149.0,1215718.0,1139196.0,14.672014766719146,14.620202243842567,0.4837526975507386,0.0017618477787299238,0.0034127980337545385,-0.18906250000000002
8575,Mahle Metal Leve SA,2017,2226144.0,2264443.0,224685.0,1350220.0,875924.0,14.615781498752272,14.632839370542156,0.3934714016703322,0.10093012850920695,0.1664062152834353,0.16552734375
8575,Mahle Metal Leve SA,2018,2316131.0,2591654.0,293053.0,1352941.0,963190.0,14.655408679115117,14.767806839889712,0.41586162440725505,0.12652695378629275,0.2166044195570982,0.048414023372287174
8575,Mahle Metal Leve SA,2019,2327651.0,2526238.0,255851.0,1296954.0,1030697.0,14.660370162505878,14.742241797564985,0.4428056439732589,0.10991811057585522,0.19727068192086997,0.14741035856573692
8575,Mahle Metal Leve SA,2020,2796583.0,2402578.0,122218.0,1341987.0,1454596.0,14.843908872760428,14.692052885480631,0.520133319840677,0.04370261851695444,0.09107241724398224,-0.21046686746987953
8575,Mahle Metal Leve SA,2021,2941040.0,3615096.0,566620.0,1710803.0,1230237.0,14.894273818259691,15.100628969238995,0.4182999891194951,0.19265973941190873,0.331201196163439,0.4743896601244615
8575,Mahle Metal Leve SA,2022,3132653.0,4224030.0,562360.0,1579757.0,1552896.0,14.957390807336925,15.256300206615741,0.4957127393298907,0.179515573541021,0.3559787992710271,-0.06926799758015734
8575,Mahle Metal Leve SA,2023,2800925.0,4338825.0,747778.0,912718.0,1888207.0,14.845460277732384,15.283114132093433,0.6741369369047725,0.2669753742067353,0.8192870086927178,0.27765726681128
8575,Mahle Metal Leve SA,2024,3593297.0,4557980.0,541204.0,770597.0,2822700.0,15.094580723408642,15.332390100888714,0.7855459762997603,0.15061488098534578,0.7023178133317415,-0.21272935779816515
8575,Mahle Metal Leve SA,2025,3793564.0,5406682.0,608756.0,863791.0,2929773.0,15.148816504581443,15.503146153984343,0.7723009286254298,0.16047073411704665,0.7047491812255511,0.2751401869158878
8656,METALURGICA GERDAU S.A.,2010,43116705.0,31393209.0,2289168.0,18289929.0,24826776.0,17.579421066988495,17.262102153602562,0.5758041111907786,0.053092368723444895,0.12516002659168332,-0.2507688006709532
8656,METALURGICA GERDAU S.A.,2011,50172211.0,35406780.0,1979649.0,24550988.0,25621223.0,17.730971865650826,17.38241388518908,0.510665615274559,0.03945708113202346,0.08063418873407457,-0.3226172465960667
8656,METALURGICA GERDAU S.A.,2012,53370116.0,37981668.0,1332677.0,26818352.0,26551764.0,17.792761521813482,17.452614180235553,0.49750245999090575,0.024970472239558183,0.04969272533972259,0.3502358490566033
8656,METALURGICA GERDAU S.A.,2013,58503964.0,39863037.0,1520480.0,30169539.0,28334425.0,17.884605070590194,17.500960061517333,0.4843163276936243,0.02598935005498089,0.050397853278434254,0.043245653143111795
8656,METALURGICA GERDAU S.A.,2014,63253424.0,42546339.0,1105292.0,31240657.0,32012767.0,17.962659818494043,17.56610436932901,0.5061033059649072,0.01747402638630282,0.035379921747484375,-0.49733096088225837
8656,METALURGICA GERDAU S.A.,2015,70218773.0,43581241.0,-5028973.0,30472262.0,39746511.0,18.067126254897666,17.590137363440608,0.5660382445019368,-0.0716186396478332,-0.1650344500188401,-0.8372549019046098
8656,METALURGICA GERDAU S.A.,2016,54758969.0,37651667.0,-3165249.0,23354348.0,31404621.0,17.818451730595886,17.443887787458433,0.5735064332566232,-0.05780329794010548,-0.13553146506166647,2.3205479770708246
8656,METALURGICA GERDAU S.A.,2017,50351780.0,36917619.0,-404612.0,23342353.0,27009427.0,17.734544529036235,17.424199474728407,0.5364145418493647,-0.00803570400093105,-0.017333813776186147,0.2669584243129455
8656,METALURGICA GERDAU S.A.,2018,51344416.0,46159478.0,2240690.0,25372471.0,25971945.0,17.75406674451148,17.647612871607976,0.5058377721152774,0.0436403834060553,0.08831185579047464,0.25270758104498103
8656,METALURGICA GERDAU S.A.,2019,54048736.0,39644010.0,1196725.0,27227253.0,26821483.0,17.80539671602211,17.495450422753684,0.49624625819186596,0.022141590878276968,0.04395320379914933,0.3015427768947383
8656,METALURGICA GERDAU S.A.,2020,64764475.0,43814661.0,2383590.0,32624240.0,32140235.0,17.98626778568342,17.595479045365813,0.4962633449896722,0.03680397316584439,0.0730619318641599,0.3357058126255472
8656,METALURGICA GERDAU S.A.,2021,74612666.0,78345081.0,15554098.0,43623062.0,30989604.0,18.127820836284847,18.176633742408683,0.4153397226149244,0.2084645789228333,0.35655676806914655,0.0440366972207733
8656,METALURGICA GERDAU S.A.,2022,74769525.0,82412210.0,11462284.0,47289112.0,27480413.0,18.129920940140618,18.227244163513838,0.3675349415420253,0.15330154899339002,0.24238738084149264,0.05704971482599408
8656,METALURGICA GERDAU S.A.,2023,75232462.0,68916447.0,7585094.0,49573439.0,25659023.0,18.136093371306906,18.04840541577046,0.3410631836028442,0.10082208927311191,0.15300721824039684,-0.17789553372128897
8656,METALURGICA GERDAU S.A.,2024,86948529.0,67026656.0,4610512.0,58253714.0,28694815.0,18.280826880852626,18.020600948979887,0.33002070684830104,0.05302576194244758,0.07914537431896616,-0.04562383616038157
8656,METALURGICA GERDAU S.A.,2025,81758415.0,69858532.0,1413724.0,53858747.0,27899668.0,18.21927929822393,18.061982783666693,0.34124521616521064,0.017291480026857174,0.026248735418965465,0.05445518457559628
8672,IGUATEMI S.A.,2010,20073689.0,7169637.0,344322.0,5344135.0,14729554.0,16.814920510558775,15.78536558367912,0.7337741458483291,0.017152900993932903,0.0644298843498527,
8672,IGUATEMI S.A.,2011,17203393.0,5123363.0,989592.0,5323768.0,11879625.0,16.66061718977088,15.44932161733088,0.690539651102547,0.0575230711755524,0.18588187915025597,
8672,IGUATEMI S.A.,2012,16862829.0,5142754.0,227721.0,4610836.0,12251993.0,16.64062229005652,15.4530992916084,0.726568062808441,0.013504317691889065,0.049388223740770655,
8672,IGUATEMI S.A.,2013,5768722.0,419288.0,78491.0,2989110.0,2779612.0,15.567961123483709,12.946313313622202,0.4818419053648278,0.01360630656148797,0.026258986788709682,
8672,IGUATEMI S.A.,2014,5831708.0,577568.0,-348168.0,3164741.0,2666967.0,15.578820482830052,13.266581463363975,0.45732176576742184,-0.05970257770107831,-0.1100146899856892,
8672,IGUATEMI S.A.,2015,5441706.0,636659.0,-568545.0,2745378.0,2696328.0,15.509603172610177,13.363989469397382,0.4954931413053186,-0.10447918355015871,-0.20709170103351887,
8672,IGUATEMI S.A.,2016,5403744.0,668710.0,90501.0,2783984.0,2619760.0,15.50260260462332,13.413105762319367,0.4848046095447897,0.016747832613832187,0.03250772992948235,
8672,IGUATEMI S.A.,2017,5177295.0,693235.0,185306.0,2816685.0,2360610.0,15.459793277069156,13.449124326027926,0.45595431591207375,0.03579204970935595,0.06578868421566487,
8672,IGUATEMI S.A.,2018,5394908.0,722606.0,239664.0,2855040.0,2539868.0,15.500966103702279,13.490619401010221,0.47078986333038486,0.044424112514986354,0.08394418291862811,
8672,IGUATEMI S.A.,2019,5748047.0,755353.0,285588.0,3023770.0,2724277.0,15.564370702904757,13.534940468632747,0.47394828191209987,0.049684353659599514,0.09444765970956785,
8672,IGUATEMI S.A.,2020,7013831.0,676664.0,176080.0,3174014.0,3839817.0,15.763394614724172,13.424930121455395,0.5474635758973947,0.025104682448151373,0.055475495697246455,
8672,IGUATEMI S.A.,2021,7372804.0,858064.0,346205.0,3440534.0,3932270.0,15.813308653138176,13.66243396776284,0.5333479636784051,0.04695703290091531,0.10062536803879862,
8672,IGUATEMI S.A.,2022,8048137.0,1016341.0,12821.0,4107688.0,3940449.0,15.900951194039592,13.831719480730701,0.48961007994769473,0.0015930394823050354,0.0031212205016544585,-0.025751751013744828
8672,IGUATEMI S.A.,2023,7791679.0,1157163.0,308934.0,4177518.0,3614161.0,15.868566927357364,13.961481877843255,0.4638488058863821,0.03964922066219617,0.07395156645644616,0.4494649227110581
8672,IGUATEMI S.A.,2024,8503874.0,1236345.0,399876.0,4310020.0,4193854.0,15.95603238233724,14.027670004264891,0.49316981883786143,0.04702280395970119,0.09277822376694307,-0.2959641255605382
8672,IGUATEMI S.A.,2025,9497101.0,1486833.0,582576.0,4651864.0,4845237.0,16.06649715210589,14.212158912477728,0.5101806330163279,0.061342508624473935,0.1252349595774941,0.40726472206934505
9393,Paranapanema SA,2010,3728920.0,3192020.0,47510.0,1771399.0,1957521.0,15.131629205458047,14.976164503196367,0.5249565557855894,0.01274095448548105,0.02682060902145705,-0.2632352941176471
9393,Paranapanema SA,2011,3776337.0,4098356.0,-47711.0,1661756.0,2114581.0,15.14426505014653,15.226096475652565,0.5599555865909213,-0.012634200814175219,-0.028711194663957884,-0.5033670033670032
9393,Paranapanema SA,2012,4186697.0,4025774.0,-206488.0,1461730.0,2724967.0,15.247422675532901,15.20822774848453,0.6508631983637698,-0.04932002483103028,-0.14126275030272348,0.6051779935275081
9393,Paranapanema SA,2013,4434969.0,5548621.0,5905.0,1377441.0,3057528.0,15.30503118384795,15.529059986380744,0.6894136125866945,0.001331463647209259,0.004286934975799327,0.25845410628019283
9393,Paranapanema SA,2014,4964224.0,4734359.0,123881.0,1204232.0,3759992.0,15.417767549187811,15.370356900570307,0.7574178763891396,0.024954756272077973,0.10287137362235849,-0.5010101010101009
9393,Paranapanema SA,2015,5306234.0,5374268.0,134786.0,344476.0,4961758.0,15.484392913725117,15.497132936657326,0.9350808878764111,0.02540144290658874,0.3912783474030121,0.037735849056603765
9393,Paranapanema SA,2016,3544412.0,4586455.0,-373168.0,257010.0,3287402.0,15.080882836771943,15.338617952480684,0.9274886779527888,-0.10528347156030393,-1.451959067740555,-0.371900826446281
9393,Paranapanema SA,2017,4211491.0,3508460.0,-135770.0,888522.0,3322969.0,15.253327299729454,15.070687752725922,0.7890243621558256,-0.03223798887377416,-0.152804319983073,0.019230769230769384
9393,Paranapanema SA,2018,4623494.0,4765777.0,-323373.0,602497.0,4020997.0,15.346661254280809,15.376971145785344,0.8696879459560237,-0.06994126087327031,-0.5367213446705958,-0.10256410256410253
9393,Paranapanema SA,2019,3870086.0,5227641.0,-25075.0,621396.0,3248690.0,15.168787286981276,15.469470682661484,0.8394361262256188,-0.006479184183503932,-0.04035268975017541,0.3163001230769229
9393,Paranapanema SA,2020,4031714.0,4293474.0,-861604.0,-198590.0,4230304.0,15.209702153677828,15.2726067534108,1.049256966143928,-0.2137066270077689,4.338607180623395,-0.6442547136250445
9393,Paranapanema SA,2021,3066448.0,4714962.0,-801105.0,-954026.0,4020474.0,14.936030446461057,15.366251414632277,1.311117618821516,-0.26124851945964844,0.8397098192292454,0.07211028632025474
9393,Paranapanema SA,2022,1988597.0,2005986.0,-2701084.0,-2817566.0,4806163.0,14.502939922927958,14.511646268416852,2.416861234327518,-1.3582862691636364,0.9586586436661998,-0.5475728155339805
9393,Paranapanema SA,2023,1784257.0,972820.0,-1389934.0,-4223510.0,6007767.0,14.394512640042656,13.787954349193228,3.367097340797878,-0.7789987653123961,0.32909452090796515,0.11282051282051286
9393,Paranapanema SA,2024,1627102.0,459926.0,-2138610.0,-6285846.0,7912948.0,14.302311076307406,13.038820885959163,4.863215704977316,-1.3143675073842942,0.3402262798038641,-0.7616822429906542
9393,Paranapanema SA,2025,1207162.0,562435.0,-1331490.0,-7544086.0,8751248.0,14.003782708140472,13.240030850828099,7.249439594685717,-1.1029919762219156,0.1764945415521509,-0.1494697474119595
9512,PETROLEO BRASILEIRO S.A. PETROBRAS,2010,519970003.0,213273669.0,35901445.0,310223300.0,209746703.0,20.069281681337355,19.178086729970598,0.4033823139601382,0.06904522336454859,0.11572775159054784,-0.2665066026410564
9512,PETROLEO BRASILEIRO S.A. PETROBRAS,2011,599149983.0,244176142.0,33109612.0,332223611.0,266926372.0,20.21102251371927,19.31340041626036,0.44550843624074676,0.05526097461309617,0.09966062285681435,-0.17769038255273506
9512,PETROLEO BRASILEIRO S.A. PETROBRAS,2012,677716287.0,281379482.0,20959362.0,345433653.0,332282634.0,20.334239302575416,19.455214785984786,0.4902975483603805,0.030926454627170558,0.06067550691130838,-0.13876651982378851
9512,PETROLEO BRASILEIRO S.A. PETROBRAS,2013,752966638.0,304889934.0,23006885.0,349333684.0,403632954.0,20.439531479337766,19.53546139731052,0.5360568896812132,0.030554985890357603,0.06585933751524517,-0.20919881305637977
9512,PETROLEO BRASILEIRO S.A. PETROBRAS,2014,793375000.0,337260000.0,-21924000.0,310722000.0,482653000.0,20.49180655559091,19.63636470420631,0.6083541830786198,-0.027633842760359226,-0.07055824820900998,-0.40434782608695663
9512,PETROLEO BRASILEIRO S.A. PETROBRAS,2015,900135000.0,321638000.0,-35171000.0,257930000.0,642205000.0,20.61805531003971,19.588937247492815,0.7134540929971616,-0.03907302793469868,-0.13635870197340363,-0.014942528735632066
9512,PETROLEO BRASILEIRO S.A. PETROBRAS,2016,804945000.0,282589000.0,-13045000.0,252743000.0,552202000.0,20.50628451006735,19.45950410318254,0.6860120877823951,-0.016206076191541036,-0.051613694543469056,0.9206349206349207
9512,PETROLEO BRASILEIRO S.A. PETROBRAS,2017,831515000.0,283695000.0,377000.0,269609000.0,561906000.0,20.538759896121856,19.4634102753728,0.6757617120557056,0.00045338929544265586,0.0013983212726578118,-0.018002322880371624
9512,PETROLEO BRASILEIRO S.A. PETROBRAS,2018,860473000.0,349836000.0,26698000.0,283543000.0,576930000.0,20.572992796017264,19.672975031205265,0.6704800731690593,0.031027121129890187,0.09415855796122634,0.6035353535353534
9512,PETROLEO BRASILEIRO S.A. PETROBRAS,2019,926011000.0,302245000.0,40970000.0,299137000.0,626874000.0,20.646396671589574,19.52674850472516,0.6769617207570968,0.04424353490401302,0.13696065682279357,0.22840690978886746
9512,PETROLEO BRASILEIRO S.A. PETROBRAS,2020,987419000.0,272069000.0,6246000.0,311150000.0,676269000.0,20.710605026058836,19.421566268560426,0.6848855450421756,0.00632558214901678,0.020073919331512133,-0.08470812182741116
9512,PETROLEO BRASILEIRO S.A. PETROBRAS,2021,972951000.0,452668000.0,107264000.0,389581000.0,583370000.0,20.695844279169958,19.930669522918567,0.5995882629238266,0.11024604527874476,0.27533170252142686,0.07492997198879547
9512,PETROLEO BRASILEIRO S.A. PETROBRAS,2022,976709000.0,641256000.0,189005000.0,364385000.0,612324000.0,20.69969931507782,20.278939311130625,0.6269257271101218,0.19351209009029302,0.5186958848470711,-0.11153358681875791
9512,PETROLEO BRASILEIRO S.A. PETROBRAS,2023,1050888000.0,511994000.0,125166000.0,382340000.0,668548000.0,20.77290135798673,20.05382346418512,0.6361743592085931,0.11910498549797885,0.3273683109274468,0.5604483586869493
9512,PETROLEO BRASILEIRO S.A. PETROBRAS,2024,1124797000.0,490829000.0,37009000.0,367514000.0,757283000.0,20.840868411876293,20.011606356260014,0.6732619308195168,0.03290282602105091,0.10070092567902175,0.04286848372585328
9512,PETROLEO BRASILEIRO S.A. PETROBRAS,2025,1223389000.0,497549000.0,110605000.0,417587000.0,805802000.0,20.924890713396696,20.02520460217517,0.658663761076812,0.09040869257447959,0.2648669618546554,-0.1991640029505779
9989,Refinaria de Petroleos de Manguinhos S/A,2010,569677.0,1333236.0,-159049.0,-225192.0,794869.0,13.25282481252783,14.103119627751425,1.3952976862327249,-0.27919154187372847,0.7062817506838609,3.2491498152860148
9989,Refinaria de Petroleos de Manguinhos S/A,2011,602377.0,2355539.0,-22135.0,-209185.0,811562.0,13.308638774128033,14.672280133979436,1.3472659148672674,-0.03674609090320514,0.10581542653631952,1.076923076923077
9989,Refinaria de Petroleos de Manguinhos S/A,2012,319092.0,1862781.0,-367202.0,-521707.0,840799.0,12.673234741441252,14.437581090338965,2.6349736126258256,-1.1507715643137402,0.7038471785887481,-0.7903225806451613
9989,Refinaria de Petroleos de Manguinhos S/A,2013,304512.0,115915.0,-462847.0,-921777.0,1226289.0,12.626465774222575,11.660612442868993,4.027062972887768,-1.5199630884825557,0.5021247004427318,0.07181204195913926
9989,Refinaria de Petroleos de Manguinhos S/A,2014,318362.0,238174.0,-185444.0,-1107593.0,1425955.0,12.670944379096309,12.380756777972694,4.479036442791539,-0.5824941418887932,0.167429732762847,-0.03703703703703709
9989,Refinaria de Petroleos de Manguinhos S/A,2015,368995.0,710127.0,-482566.0,-1573988.0,1942983.0,12.81853837279536,13.473199106261024,5.265607935066871,-1.3077846583287036,0.30658810613549786,-0.3076923076923078
9989,Refinaria de Petroleos de Manguinhos S/A,2016,640725.0,711544.0,-565113.0,-2139203.0,2779928.0,13.370355626687928,13.475192535780561,4.338722540871669,-0.8819899332787077,0.2641698800908563,0.8973684210526316
9989,Refinaria de Petroleos de Manguinhos S/A,2017,1176464.0,694505.0,-236025.0,-2375342.0,3551806.0,13.97802388744637,13.450954640574666,3.0190520066912376,-0.20062237348529152,0.09936463886042515,0.011523687580025754
9989,Refinaria de Petroleos de Manguinhos S/A,2018,1797759.0,1011894.0,-177071.0,-2552423.0,4350182.0,14.402051447210031,13.827334380260604,2.4197804043812323,-0.09849540455645056,0.0693736892356792,-0.6640449438202247
9989,Refinaria de Petroleos de Manguinhos S/A,2019,2489899.0,1185113.0,-228360.0,-2780886.0,5270785.0,14.727752705369225,13.985348686654811,2.1168669893839067,-0.09171456352245613,0.08211771356323129,0.5999999999999999
9989,Refinaria de Petroleos de Manguinhos S/A,2020,3235804.0,1495594.0,-412911.0,-3193872.0,6429676.0,14.989787986722954,14.218034010309196,1.9870412423002135,-0.12760692551217565,0.12928226303370954,-0.4112734864300627
9989,Refinaria de Petroleos de Manguinhos S/A,2021,4196772.0,2211159.0,-361756.0,-3555720.0,7752492.0,15.249826216322585,14.609027370415422,1.8472511730444257,-0.08619863075716289,0.10173916956340769,-0.04109589041095896
9989,Refinaria de Petroleos de Manguinhos S/A,2022,5044804.0,4981609.0,-935854.0,-4491672.0,9536476.0,15.433869360668274,15.421263489187213,1.8903560970852387,-0.18550849547375875,0.20835314778104902,-0.3928571428571428
9989,Refinaria de Petroleos de Manguinhos S/A,2023,5973871.0,5041332.0,-979063.0,-5470881.0,11444752.0,15.602905683952901,15.43318089084452,1.915801663611417,-0.1638908841520013,0.17895892818725173,0.32499999999999996
9989,Refinaria de Petroleos de Manguinhos S/A,2024,8693163.0,6983506.0,-1041119.0,-6512155.0,15205318.0,15.978047412604377,15.759061640895633,1.7491122621305961,-0.1197629677483328,0.15987319097902308,0.23963133640553003
10456,Alpargatas S.A.,2010,2246603.0,2239156.0,310452.0,1348073.0,898530.0,14.624929855539913,14.621609567115364,0.39995050304838015,0.13818729877953514,0.23029316661634794,0.8765217391304347
10456,Alpargatas S.A.,2011,2442554.0,2574700.0,309067.0,1489859.0,952695.0,14.70855477115008,14.761243580438387,0.3900405067810169,0.12653435707050897,0.2074471476831029,0.18095238095238075
10456,Alpargatas S.A.,2012,2740729.0,3006982.0,280536.0,1660898.0,1079831.0,14.823734501371156,14.91644747592016,0.39399407967734135,0.10235816820999084,0.16890621820244228,0.40168776371308046
10456,Alpargatas S.A.,2013,3361984.0,3425959.0,309763.0,1834451.0,1527533.0,15.028041833867393,15.04689199048578,0.4543546310749843,0.09213696436389941,0.16885869396348008,0.1219848380427293
10456,Alpargatas S.A.,2014,3646566.0,3711162.0,286528.0,2100904.0,1545662.0,15.10929646079014,15.126855593091543,0.42386782523612626,0.0785747467617479,0.1363831950436574,-0.43238434163701067
10456,Alpargatas S.A.,2015,3763470.0,4126254.0,263248.0,1931236.0,1832234.0,15.140851962121644,15.232880531552281,0.4868469789848199,0.06994821268669606,0.13631063215474443,-0.023319615912208547
10456,Alpargatas S.A.,2016,3782052.0,4054404.0,358473.0,2065749.0,1716303.0,15.145777277444992,15.215314255690949,0.453802063007066,0.09478267353278062,0.1735317311057636,0.37311385459533586
10456,Alpargatas S.A.,2017,3853454.0,3721863.0,350562.0,2264389.0,1589065.0,15.164480446928987,15.129734907339245,0.4123741972785973,0.09097344875532444,0.15481527246422766,0.676272814601345
10456,Alpargatas S.A.,2018,3980105.0,3904509.0,324041.0,2469838.0,1510267.0,15.196818758822172,15.177642597114865,0.37945405962908013,0.08141518879527047,0.13119929323299748,0.01916167664670665
10456,Alpargatas S.A.,2019,4522040.0,3712184.0,259335.0,2734592.0,1787448.0,15.32447377742445,15.127130940625245,0.39527469902964146,0.057349116770307206,0.09483498818105224,1.6182965299684544
10456,Alpargatas S.A.,2020,4814586.0,3364278.0,126886.0,3018552.0,1796034.0,15.387160618209347,15.028723936375128,0.37304017417073865,0.026354498600710423,0.04203538650319756,0.30841121495327095
10456,Alpargatas S.A.,2021,8031764.0,3948561.0,692563.0,3467211.0,4564553.0,15.898914738011856,15.188861766705086,0.5683126396642132,0.08622800669940003,0.1997464244316253,-0.11688931297709915
10456,Alpargatas S.A.,2022,8499680.0,4181866.0,108531.0,5759758.0,2739922.0,15.955539073693053,15.24626811637223,0.322355900457429,0.012768833650208007,0.01884297916683305,-0.6060606060606061
10456,Alpargatas S.A.,2023,6327389.0,3734146.0,-1867484.0,3727467.0,2599922.0,15.660398228774215,15.1330297024801,0.41089966177202003,-0.29514290965831247,-0.5010061792632906,-0.23680241327300156
10456,Alpargatas S.A.,2024,6839725.0,4108311.0,107397.0,4036379.0,2803346.0,15.738258084112141,15.228522553104666,0.40986238481810305,0.01570194708120575,0.02660726358946967,-0.3326337880377753
10456,Alpargatas S.A.,2025,6096758.0,4564874.0,567926.0,3323759.0,2772999.0,15.623267712450586,15.333901470315935,0.454831731881108,0.09315213101782947,0.17086858583910566,0.9320388349514563
11312,Oi S.A. - Em Recuperação Judicial,2010,26886114.0,10263292.0,1970860.0,11336839.0,15549275.0,17.107120503112316,16.144084203942878,0.5783385058919263,0.07330401113377709,0.17384563721862858,-0.4511627906976746
11312,Oi S.A. - Em Recuperação Judicial,2011,31664031.0,9245255.0,1005750.0,10589172.0,21074859.0,17.270691925853818,16.03962100489999,0.665577260204173,0.03176317001458216,0.09497909751583977,-0.20960108181203507
11312,Oi S.A. - Em Recuperação Judicial,2012,69076894.0,25169230.0,1784927.0,11316554.0,57760340.0,18.050730847869435,17.04113277466898,0.8361745390578794,0.02583971132228383,0.15772707840213548,-0.20829732065687112
11312,Oi S.A. - Em Recuperação Judicial,2013,70096071.0,28422147.0,1493015.0,11524138.0,58571933.0,18.065377301931903,17.16267922317039,0.8355950934824864,0.021299553294506335,0.1295554600265981,-0.5975473801560758
11312,Oi S.A. - Em Recuperação Judicial,2014,102789122.0,28247099.0,-4406421.0,19311489.0,83477633.0,18.44819008826569,17.15650132001823,0.8121251682644006,-0.042868553736649294,-0.22817613908487325,-0.7527027026917921
11312,Oi S.A. - Em Recuperação Judicial,2015,97014806.0,27353765.0,-5347601.0,14406211.0,82608595.0,18.390374163994743,17.12436473732144,0.8515050269749548,-0.055121493517185406,-0.3712010743144051,-0.7894736842355013
11312,Oi S.A. - Em Recuperação Judicial,2016,82171198.0,25996423.0,-7121116.0,12455606.0,69715592.0,18.224315409331332,17.073469509598105,0.8484188340542388,-0.08666194692695121,-0.5717197541412277,0.1637168144320169
11312,Oi S.A. - Em Recuperação Judicial,2017,68639036.0,23789654.0,-6656162.0,-13512523.0,82151559.0,18.044371968756316,16.984761338247356,1.1968635311253497,-0.09697341903228361,0.4925920940153071,0.2560553632586493
11312,Oi S.A. - Em Recuperação Judicial,2018,65437797.0,22060014.0,24615555.0,22895811.0,42541986.0,17.99661058526668,16.90927720642225,0.6501133587978214,0.3761672325246524,1.0751117311371936,-0.5281856692012945
11312,Oi S.A. - Em Recuperação Judicial,2019,71891822.0,20136183.0,-9095107.0,17796506.0,54095316.0,18.09067307491487,16.81802890395623,0.7524543751304564,-0.12651100983363586,-0.5110613847459721,-0.3228346456692913
11312,Oi S.A. - Em Recuperação Judicial,2020,73839787.0,9284303.0,-10528499.0,7769910.0,66069877.0,18.117408263539325,16.04383568263838,0.8947733963533779,-0.14258571737212622,-1.3550348717037906,1.365591397849462
11312,Oi S.A. - Em Recuperação Judicial,2021,77950476.0,10483479.0,-8492526.0,-722981.0,78673457.0,18.171584259927926,16.165311147417622,1.009274876012303,-0.10894771187798777,11.746541057095554,-0.6738197424892705
11312,Oi S.A. - Em Recuperação Judicial,2022,29616098.0,10485230.0,-19265934.0,-21846002.0,51462100.0,17.20382862281209,16.165478158176754,1.7376394419008203,-0.6505223611834348,0.8818974748789276,-0.7901234567901234
11312,Oi S.A. - Em Recuperação Judicial,2023,26123961.0,9717700.0,-5427756.0,-27283395.0,53407356.0,17.078363497123462,16.089459522921985,2.044382013891385,-0.20776925826830012,0.1989399046562937,-0.68
11312,Oi S.A. - Em Recuperação Judicial,2024,19760628.0,3180421.0,9610110.0,-16286602.0,36047230.0,16.799202031155495,14.972524135930692,1.824194554950379,0.4863261430760196,-0.5900623101123242,-0.7950840604943661
11320,Telemar Norte Leste SA,2010,73976386.0,29431553.0,1878410.0,20831617.0,53144769.0,18.11925649213451,17.19757788810045,0.7184018018939179,0.025392021718930687,0.09017110865661557,-0.23936932632584806
11320,Telemar Norte Leste SA,2011,79800943.0,27906989.0,-118371.0,25450354.0,54350589.0,18.195045879392822,17.144387717213373,0.6810770268717251,-0.001483328336107507,-0.004651055148388113,-0.030234280584953255
11932,Iochpe Maxion SA,2010,2084398.0,2227398.0,164153.0,779388.0,1305010.0,14.549990642508005,14.616344646032859,0.6260848456005044,0.07875319396775472,0.21061781808290608,0.8718446601941747
11932,Iochpe Maxion SA,2011,2492614.0,2905139.0,223436.0,918620.0,1573994.0,14.728842516983851,14.881991795660449,0.6314631948629029,0.08963923014153014,0.2432300624850319,0.10358391608391626
11932,Iochpe Maxion SA,2012,5785582.0,5698513.0,105706.0,1090910.0,4694672.0,15.570879518562533,15.555715821577422,0.8114433431243391,0.018270590581898245,0.09689708591909507,0.1255144032921811
11932,Iochpe Maxion SA,2013,6035705.0,6126493.0,211300.0,1445160.0,4590545.0,15.613203224249421,15.628133039793658,0.7605648387388052,0.035008337882649995,0.14621218411802153,-0.026070763500931293
11932,Iochpe Maxion SA,2014,6289024.0,5911677.0,118032.0,1604503.0,4684521.0,15.654316449705352,15.592440105476241,0.7448724953188285,0.018767936010420695,0.0735629662269251,-0.512
11932,Iochpe Maxion SA,2015,7990379.0,6846456.0,119849.0,2456490.0,5533889.0,15.893748750910353,15.739241704092425,0.6925690258246824,0.01499916336884646,0.04878871886309327,0.07049608355091386
11932,Iochpe Maxion SA,2016,7057115.0,6816454.0,89130.0,2017077.0,5040038.0,15.769546885726626,15.734849953254296,0.7141782442258628,0.01262980693952132,0.04418770329541212,-0.12462462462462465
11932,Iochpe Maxion SA,2017,7922248.0,7487940.0,80209.0,2630505.0,5291743.0,15.885185561899954,15.82880428428695,0.6679597760635617,0.010124525261011773,0.030491863729588044,0.85614973218358
11932,Iochpe Maxion SA,2018,9019190.0,9616299.0,306142.0,3198527.0,5820663.0,16.014865087563045,16.0789700292837,0.6453642732883995,0.03394340289981695,0.09571343308966909,0.1007859454461395
11932,Iochpe Maxion SA,2019,9375411.0,10016395.0,421415.0,3496976.0,5878435.0,16.053600968859804,16.11973380844536,0.6270055787420946,0.04494896277080546,0.12050840497618513,0.0465532676812892
11932,Iochpe Maxion SA,2020,12411803.0,8760568.0,-419914.0,3802761.0,8609042.0,16.33415843268742,15.98577130099319,0.69361735760711,-0.03383182926767368,-0.1104234528543866,-0.2674858223062382
11932,Iochpe Maxion SA,2021,14519530.0,13688367.0,626938.0,4398119.0,10121411.0,16.491005197691027,16.4320569060007,0.6970894374680172,0.04317894587496978,0.14254684786837282,0.04778156996587035
11932,Iochpe Maxion SA,2022,15195455.0,16947869.0,404172.0,4292807.0,10902648.0,16.53650692794526,16.645652661173106,0.717494013835058,0.026598216374567264,0.09415098326106904,-0.29351740696278517
11932,Iochpe Maxion SA,2023,14534116.0,14955220.0,105891.0,4085029.0,10449087.0,16.49200927141213,16.520570960737047,0.7189351591799598,0.007285685624086115,0.0259217254026838,0.0361736334405145
11932,Iochpe Maxion SA,2024,15961371.0,15331813.0,380084.0,5070982.0,10890389.0,16.58568204855219,16.545440508695446,0.6822965896851844,0.023812741399219402,0.07495274090896004,-0.1382734912146677
11932,Iochpe Maxion SA,2025,14392484.0,15366537.0,217134.0,4851749.0,9540735.0,16.48221668384137,16.54770278108529,0.6628970370924158,0.015086624379780447,0.04475375787164587,-0.16404308202154105
12653,KLABIN S.A.,2010,12261243.0,3663317.0,582152.0,5154502.0,7106741.0,16.32195386995623,15.11387957910303,0.579610158611162,0.047479036179284596,0.11294049357241495,
12653,KLABIN S.A.,2011,12741595.0,3889151.0,182721.0,4958302.0,7783293.0,16.360382396504235,15.173701439846191,0.6108570394836753,0.014340512314196143,0.03685152699452353,
12653,KLABIN S.A.,2012,14097903.0,4163670.0,751965.0,5420921.0,8676982.0,16.46153662088372,15.241907454856031,0.6154803306562685,0.05333878378933377,0.13871535851564706,
12653,KLABIN S.A.,2013,14919496.0,4599337.0,290097.0,5392667.0,9526829.0,16.51817937200847,15.341422720636752,0.6385489831559994,0.019444155486217498,0.05379471790117951,
12653,KLABIN S.A.,2014,21173855.0,4893882.0,730330.0,7058324.0,14115531.0,16.868277723840855,15.403496411537557,0.6666490820873194,0.03449206580473891,0.10347073894595941,0.2482206239568625
12653,KLABIN S.A.,2015,26268180.0,5687589.0,-1253197.0,5352340.0,20915840.0,17.08386887871356,15.553796990470557,0.7962424499908254,-0.04770779703808943,-0.23414002100016068,0.7460908414386573
12653,KLABIN S.A.,2016,29313729.0,7090798.0,2481946.0,7100336.0,22213393.0,17.19356653079717,15.774308445066104,0.7577812089345576,0.08466838183569207,0.3495533169134531,-0.21244444432154852
12653,KLABIN S.A.,2017,30549541.0,8373378.0,532169.0,7234151.0,23315390.0,17.234860218919092,15.94056794527684,0.7631993554338509,0.01741986892699959,0.07356343543285176,-0.007332205228236188
12653,KLABIN S.A.,2018,29633743.0,10016461.0,186818.0,6533230.0,23100513.0,17.2044242362424,16.119740397620664,0.7795340939549891,0.00630423230706968,0.02859504410528942,-0.0997732428845981
12653,KLABIN S.A.,2019,34703082.0,10271839.0,714618.0,6501273.0,28201809.0,17.36233905941677,16.144916631113034,0.8126600686359788,0.020592349693897505,0.10991970341808442,0.171119593302421
12653,KLABIN S.A.,2020,35270261.0,11948794.0,-2389490.0,4384761.0,30885500.0,17.37855070224156,16.296140910746885,0.8756810730717303,-0.06774801014372987,-0.5449533053226846,0.4117333333336495
12653,KLABIN S.A.,2021,42075707.0,16481388.0,3404874.0,7086227.0,34989480.0,17.554981101227362,16.61774230219999,0.8315838875862502,0.08092256180032815,0.4804918047361452,0.0330112722641458
12653,KLABIN S.A.,2022,47577358.0,20032699.0,4688903.0,11568266.0,36009092.0,17.677867533764797,16.812876446442505,0.7568535436541054,0.09855324459168162,0.40532461822713967,-0.23310291843261188
12653,KLABIN S.A.,2023,55434690.0,18023749.0,2847388.0,13732531.0,41702159.0,17.83071612903802,16.70720083512064,0.7522754975269096,0.051364732083826935,0.20734619131753643,0.0978260870877834
12653,KLABIN S.A.,2024,59390832.0,19645264.0,2046945.0,8637200.0,50753632.0,17.899650428986355,16.79334684941838,0.8545701464495395,0.03446567308570454,0.23699173343213079,0.21177587843002033
12653,KLABIN S.A.,2025,63796777.0,20697507.0,1678211.0,14401101.0,49395676.0,17.971213229797602,16.84552381620014,0.77426601033466,0.026305576534062215,0.11653352059679326,-0.18923406071309057
12793,Fibria Celulose S.A. (pre-Suzano-merger entity),2010,30163492.0,6283387.0,603154.0,15404846.0,14758646.0,17.222142876895123,15.653419724267767,0.4892883754971076,0.019996159595845203,0.039153523508122054,
12793,Fibria Celulose S.A. (pre-Suzano-merger entity),2011,27853536.0,5854300.0,-868114.0,14539675.0,13313861.0,17.14247048216677,15.582686991931476,0.4779953611634803,-0.031167102087146136,-0.05970656152905756,
12793,Fibria Celulose S.A. (pre-Suzano-merger entity),2012,28133166.0,6174373.0,-697970.0,15192965.0,12940201.0,17.152459723013088,15.635917896861399,0.459962486980669,-0.024809507753233317,-0.045940341467251455,
12793,Fibria Celulose S.A. (pre-Suzano-merger entity),2013,26750172.0,6917406.0,-697582.0,14491254.0,12258918.0,17.10205146119216,15.74955140182664,0.4582743617498983,-0.026077664098757943,-0.048138139045799624,
12793,Fibria Celulose S.A. (pre-Suzano-merger entity),2014,25593980.0,7083603.0,162552.0,14615705.0,10978275.0,17.057867725546224,15.77329323453016,0.42893973504706967,0.006351181019911714,0.011121735147226905,
12793,Fibria Celulose S.A. (pre-Suzano-merger entity),2015,29433978.0,10080667.0,356985.0,12815320.0,16618658.0,17.197660279270977,16.126129989053236,0.5646079507160058,0.012128330054469701,0.027856112839944693,
12793,Fibria Celulose S.A. (pre-Suzano-merger entity),2016,34440328.0,9614817.0,1663616.0,13817680.0,20622648.0,17.354738761287976,16.07881590406258,0.5987936003396948,0.048304301863791775,0.12039763549307843,
12793,Fibria Celulose S.A. (pre-Suzano-merger entity),2017,38693331.0,11739153.0,1093344.0,14649929.0,24043402.0,17.471177817568854,16.278440223253874,0.6213836177609005,0.028256652289770555,0.07463135145569648,
12793,Fibria Celulose S.A. (pre-Suzano-merger entity),2018,40818649.0,18264486.0,3059621.0,14222844.0,26595805.0,17.524649618276957,16.720469076561784,0.6515601484017759,0.0749564494405486,0.21512019677639718,
13471,Plascar Participacoes Industriais SA,2010,906111.0,839959.0,9175.0,266243.0,639868.0,13.716917094076868,13.641108360104463,0.7061695531783634,0.010125691002537216,0.034460999913612754,0.5271966527196652
13471,Plascar Participacoes Industriais SA,2011,969278.0,1020111.0,11548.0,283486.0,685792.0,13.784306743431625,13.835422002869015,0.7075286966174823,0.011914022602390646,0.04073569770641231,-0.47042253521126765
13471,Plascar Participacoes Industriais SA,2012,996635.0,910815.0,-57668.0,421834.0,574801.0,13.81213988361875,13.722095082074317,0.576741735941443,-0.05786270801246193,-0.13670780449181433,-0.803921568627451
13471,Plascar Participacoes Industriais SA,2013,975255.0,848213.0,-77599.0,319889.0,655366.0,13.790454254246301,13.650887062479098,0.6719945040015175,-0.07956790788050305,-0.2425810202914136,0.0
13471,Plascar Participacoes Industriais SA,2014,818263.0,658343.0,-76253.0,260214.0,558049.0,13.614939079802147,13.397481351085752,0.6819922201052718,-0.09318886470486873,-0.2930395751189406,-0.43181818181818177
13471,Plascar Participacoes Industriais SA,2015,638763.0,480774.0,-198565.0,66813.0,571950.0,13.367288772543436,13.083152584201844,0.8954025201835423,-0.31085864397280366,-2.971951566311945,-0.845925925925926
13471,Plascar Participacoes Industriais SA,2016,581418.0,351385.0,-252112.0,-185299.0,766717.0,13.273225226379992,12.769637767426776,1.3187018633754028,-0.43361574633052297,1.3605685945417947,0.8608695652173917
13471,Plascar Participacoes Industriais SA,2017,533380.0,389175.0,-72025.0,-257324.0,790704.0,13.186989394713999,12.87178439290405,1.4824402864749335,-0.13503505943229968,0.27990004818827624,0.31221719457013575
13471,Plascar Participacoes Industriais SA,2018,433256.0,346821.0,-257536.0,-514861.0,948117.0,12.979084056299039,12.756564075688445,2.188352844507635,-0.5944199272485551,0.50020490967465,0.6153846153846154
13471,Plascar Participacoes Industriais SA,2019,631482.0,407550.0,-6825.0,-72203.0,703685.0,13.355824716803504,12.917918903522603,1.1143389676982083,-0.010807909014033654,0.0945251582344224,-0.12352941176470589
13471,Plascar Participacoes Industriais SA,2020,605117.0,369188.0,-117013.0,-189216.0,794333.0,13.313177106745599,12.81906127837405,1.3126932477520876,-0.1933725213471114,0.6184096482327076,-0.1705882352941177
13471,Plascar Participacoes Industriais SA,2021,618665.0,612684.0,-122230.0,-311446.0,930111.0,13.335319209691027,13.325604584450787,1.5034162268756113,-0.1975705753517655,0.39245968803580716,1.0791505791505793
13471,Plascar Participacoes Industriais SA,2022,725491.0,848190.0,-97121.0,-408567.0,1134058.0,13.494603945991667,13.650859946280882,1.5631592948775381,-0.13386933814478746,0.23771131784994873,-0.10630291627469435
13471,Plascar Participacoes Industriais SA,2023,679089.0,947129.0,-714.0,-409281.0,1088370.0,13.428507473061698,13.761190582532134,1.6026912525456898,-0.0010514085782570473,0.0017445227117799263,-0.18324022346368718
13471,Plascar Participacoes Industriais SA,2024,662858.0,1131800.0,-109995.0,-519276.0,1182134.0,13.404316068249736,13.93931984369056,1.7833895042377101,-0.16594051818036443,0.2118237700182562,-0.12307692307692308
13471,Plascar Participacoes Industriais SA,2025,608138.0,1152103.0,-203946.0,-723222.0,1331360.0,13.318157108877886,13.957099525963384,2.1892399422499498,-0.33536138179163283,0.28199639944581334,-0.14700854700854693
13986,SUZANO S.A.,2010,18913509.0,4513883.0,768997.0,8640671.0,10272838.0,16.755386986614,15.322668316661721,0.5431481804883483,0.04065861073162045,0.08899737069030866,
13986,SUZANO S.A.,2011,21657079.0,4847988.0,29891.0,9673549.0,11983530.0,16.890842933564073,15.394074331480699,0.553330853158914,0.0013801953624493866,0.003089972459952392,
13986,SUZANO S.A.,2012,25353437.0,5192292.0,-182126.0,11002078.0,14351359.0,17.048424860665122,15.462685776154432,0.5660518138033909,-0.007183483643657465,-0.016553781931013395,
13986,SUZANO S.A.,2013,27149343.0,5688625.0,-220459.0,10687239.0,16462104.0,17.116863405156394,15.55397912487887,0.6063536786138802,-0.00812023333308655,-0.020628246453550818,
13986,SUZANO S.A.,2014,28119456.0,7264599.0,-261506.0,10315132.0,17804324.0,17.151972279058157,15.798523657317252,0.6331674410770962,-0.009299824292475644,-0.025351687210595074,
13986,SUZANO S.A.,2015,28259985.0,10224361.0,-925354.0,9192081.0,19067904.0,17.15695740443495,16.140283764052786,0.674731568328858,-0.032744320281840204,-0.10066860812040276,
13986,SUZANO S.A.,2016,29399313.0,9882313.0,1691998.0,10143494.0,19255819.0,17.196481864688952,16.106257151636484,0.6549751349631877,0.05755229722544877,0.16680623067357264,
13986,SUZANO S.A.,2017,28522982.0,10520790.0,1807433.0,11621554.0,16901428.0,17.16622070624931,16.16886385751138,0.5925547335829052,0.06336760300868963,0.15552420958505206,
13986,SUZANO S.A.,2018,53932644.0,13437329.0,318460.0,12025935.0,41906709.0,17.803246492627505,16.413547138189788,0.777019368826049,0.0059047726271309825,0.026481101053681066,1.0774686306601202
13986,SUZANO S.A.,2019,97908225.0,26012950.0,-2814742.0,18087969.0,79820256.0,18.39954111827204,17.074105048909693,0.8152558786557513,-0.028748779788419207,-0.15561404378789018,0.09552733296521265
13986,SUZANO S.A.,2020,101800748.0,30460277.0,-10714935.0,7337378.0,94463370.0,18.43852800979437,17.231933999283573,0.9279241248797111,-0.10525399086458578,-1.460322066002324,0.4624031976017986
13986,SUZANO S.A.,2021,118975152.0,40965431.0,8635532.0,15175130.0,103800022.0,18.594425222549955,17.52823912267932,0.8724512661265607,0.0725826515439123,0.5690581892873405,0.1055729262460916
13986,SUZANO S.A.,2022,133197968.0,49830946.0,23394887.0,33166365.0,100031603.0,18.707347060698947,17.724146754624844,0.7509994671990792,0.1756399692223533,0.705379893153802,-0.20013264798540875
13986,SUZANO S.A.,2023,143593025.0,39755575.0,14106381.0,44810300.0,98782725.0,18.78249364097532,17.49826064080261,0.6879353993691546,0.09823862266290441,0.3148021994943127,0.0816643982111609
13986,SUZANO S.A.,2024,165936105.0,47403282.0,-7044706.0,32415575.0,133520530.0,18.927113362585533,17.674202024774623,0.8046502598093405,-0.0424543290322501,-0.21732472738799172,0.1756422454804949
13986,SUZANO S.A.,2025,167935519.0,50115679.0,13437687.0,43952173.0,123983346.0,18.93909064821533,17.729844471186993,0.7382794702292849,0.0800169438842774,0.3057343035121381,-0.19445749178017846
14028,Vale Fertilizantes SA/Old,2010,5890527.0,2676774.0,99310.0,3545598.0,2344929.0,15.588856025309449,14.800122896077267,0.39808475540473715,0.01685927252349408,0.02800937951792617,0.13035714285714262
14109,Randoncorp SA,2010,3711245.0,3718972.0,351366.0,1617742.0,2093503.0,15.126877957804231,15.128957843973245,0.5640972234384957,0.09467604537021942,0.21719532533617844,0.17047619047619045
14109,Randoncorp SA,2011,4016536.0,4156396.0,380337.0,1861358.0,2155178.0,15.205930397583348,15.240158910588884,0.5365762936022483,0.09469279000611472,0.2043330729499645,-0.33018867924528306
14109,Randoncorp SA,2012,4321295.0,3501921.0,101052.0,1857657.0,2463638.0,15.279065683817207,15.068822233035508,0.5701156713438911,0.023384656682776808,0.05439755563056043,0.46198156682027647
14109,Randoncorp SA,2013,4906918.0,4253328.0,306766.0,1642808.0,3264110.0,15.406156604111137,15.263212293293527,0.6652057360648782,0.06251704226563395,0.18673271617864048,-0.017948717948717885
14109,Randoncorp SA,2014,4873531.0,3778753.0,246285.0,1743344.0,3130187.0,15.39932928367074,15.144904618988821,0.6422831823579249,0.05053522794868854,0.1412716021622812,-0.44791666666666663
14109,Randoncorp SA,2015,5183866.0,3099402.0,-751.0,1587668.0,3596198.0,15.46106166791473,14.946719747621348,0.6937289659879325,-0.0001448725719376234,-0.00047302080787670975,-0.48958333333333337
14109,Randoncorp SA,2016,4868291.0,2623976.0,-11366.0,1890284.0,2978007.0,15.398253509445887,14.780201282662825,0.6117150761940895,-0.0023347002058833376,-0.006012853095090473,0.3250993274291287
14109,Randoncorp SA,2017,4970681.0,2936758.0,104736.0,1908059.0,3062622.0,15.419067410818933,14.892816809782191,0.616137305934539,0.021070754691359193,0.054891384385912595,1.0485714285714285
14109,Randoncorp SA,2018,5838143.0,4262602.0,226903.0,2044961.0,3793182.0,15.579923324786169,15.265390329906369,0.6497240646554906,0.03886561189063029,0.11095712827775199,0.44913928012519566
14109,Randoncorp SA,2019,6328114.0,5092365.0,300544.0,2175962.0,4152152.0,15.660512803438026,15.443252917158812,0.6561436788275306,0.04749345539603111,0.1381200590819141,0.4725274725274726
14109,Randoncorp SA,2020,8980458.0,5363035.0,833308.0,2664164.0,6316294.0,16.010561441204985,15.49504060414179,0.7033376248739207,0.09279125853046694,0.3127840478288874,0.2711462450592883
14109,Randoncorp SA,2021,10719787.0,9057457.0,884711.0,3274740.0,7445047.0,16.187601844006547,16.019098954293234,0.6945144525726118,0.08253065102879376,0.27016221135113017,-0.3331288343558283
14109,Randoncorp SA,2022,12882347.0,11152417.0,666402.0,3821266.0,9061081.0,16.37136848253724,16.227166803679346,0.7033719088610173,0.05172985947358816,0.17439298912978055,-0.23556797020484166
14109,Randoncorp SA,2023,12820143.0,10887843.0,663489.0,3895390.0,8924753.0,16.366528163840766,16.203157403665024,0.6961508151664143,0.0517536348853519,0.1703267195325757,0.5533980582524272
14109,Randoncorp SA,2024,15437636.0,11915741.0,691696.0,4507688.0,10929948.0,16.552318982030265,16.293370857097386,0.7080065885735355,0.04480582389687126,0.153448064728526,-0.2505677517032552
14109,Randoncorp SA,2025,19077325.0,13143266.0,-59791.0,4747907.0,14329418.0,16.764011014994168,16.39142009416979,0.7511230217024661,-0.003134139613389194,-0.012593127877188833,-0.4438976377952756
14176,Eletropaulo Metropolitana Eletricidade de São Paulo S.A.,2010,11396011.0,9697157.0,1347688.0,3737357.0,7658654.0,16.248773939850434,16.087343307730023,0.6720469118536302,0.11825962610952201,0.3605992148997273,-0.09421720733427374
14176,Eletropaulo Metropolitana Eletricidade de São Paulo S.A.,2011,10765981.0,9835578.0,1572105.0,4009711.0,6756270.0,16.191901813286325,16.101516777778475,0.6275573029526988,0.14602524377481252,0.39207439139628764,0.1959370904325033
14176,Eletropaulo Metropolitana Eletricidade de São Paulo S.A.,2012,10499218.0,9959198.0,107946.0,3576844.0,6922374.0,16.166811336163786,16.11400710423035,0.6593228181375032,0.01028133714339487,0.030179118798583333,-0.5109170305676856
14176,Eletropaulo Metropolitana Eletricidade de São Paulo S.A.,2013,10694051.0,9012207.0,198182.0,2829462.0,7864589.0,16.185198163508804,16.01409054964465,0.7354171959718538,0.018531985680636832,0.07004229072523328,-0.28658536585365857
14176,Eletropaulo Metropolitana Eletricidade de São Paulo S.A.,2014,11590259.0,10557279.0,-131747.0,2567808.0,9022451.0,16.265675561916982,16.17232613258511,0.7784511976824676,-0.011367045378364712,-0.05130718496086935,-0.059717698154180265
14176,Eletropaulo Metropolitana Eletricidade de São Paulo S.A.,2015,13274827.0,13667413.0,101136.0,2839145.0,10435682.0,16.401380092992294,16.43052494426551,0.7861256496977324,0.007618630359551955,0.035621991832048026,0.07279693486590033
14176,Eletropaulo Metropolitana Eletricidade de São Paulo S.A.,2016,13565197.0,11659899.0,20923.0,2694812.0,10870385.0,16.42301802663835,16.27166607675648,0.8013436885583011,0.0015424029595736796,0.00776417798347343,0.36188178528347414
14176,Eletropaulo Metropolitana Eletricidade de São Paulo S.A.,2017,14270404.0,13168492.0,-844424.0,1808432.0,12461972.0,16.473698300194524,16.39333756450598,0.8732739451524988,-0.05917309699150774,-0.46693710352393675,0.8844339622641508
14176,Eletropaulo Metropolitana Eletricidade de São Paulo S.A.,2018,18554580.0,14489839.0,-315261.0,2880980.0,15673600.0,16.736227216812406,16.488958203124024,0.8447294414640483,-0.016991007072108343,-0.10942838895098196,
14176,Eletropaulo Metropolitana Eletricidade de São Paulo S.A.,2019,26469544.0,14704049.0,777067.0,3969216.0,22500328.0,17.091505347005405,16.503633455998603,0.8500459244783363,0.029357022546364984,0.19577342225769523,
14176,Eletropaulo Metropolitana Eletricidade de São Paulo S.A.,2020,30255751.0,15490533.0,980816.0,2699038.0,27556713.0,17.225196840073902,16.555739621097384,0.9107925630403291,0.03241750634449629,0.36339466135712056,
14176,Eletropaulo Metropolitana Eletricidade de São Paulo S.A.,2021,32712953.0,20658070.0,1141433.0,2378304.0,30334649.0,17.303281673642118,16.84361660006074,0.9272977893496805,0.03489238651123914,0.4799357020801378,
14176,Eletropaulo Metropolitana Eletricidade de São Paulo S.A.,2022,29804010.0,18772179.0,1411641.0,2393789.0,27410221.0,17.210153506181133,16.747886491329353,0.9196823179162804,0.04736412986037785,0.5897098700010737,
14176,Eletropaulo Metropolitana Eletricidade de São Paulo S.A.,2023,28630905.0,19250925.0,1301722.0,2822916.0,25807989.0,17.169997286773796,16.77306966949166,0.9014031865216975,0.04546562534436128,0.46112672144690103,
14176,Eletropaulo Metropolitana Eletricidade de São Paulo S.A.,2024,28963964.0,20550042.0,1075231.0,5629270.0,23334694.0,17.181562994567827,16.83837354270005,0.8056457327456974,0.03712306091804285,0.19100718210354095,
14176,Eletropaulo Metropolitana Eletricidade de São Paulo S.A.,2025,31217700.0,22373065.0,944001.0,7307986.0,23909714.0,17.256495799613845,16.923368337938616,0.7659024848082978,0.03023928732738158,0.12917389277976177,
14311,CIA PARANAENSE DE ENERGIA - COPEL,2010,17859432.0,6901113.0,1010281.0,11295826.0,6563606.0,16.69804232999537,15.747193260907167,0.3675148235397408,0.05656848437285127,0.08943843504671549,0.007957559681697424
14311,CIA PARANAENSE DE ENERGIA - COPEL,2011,19121663.0,7776165.0,1176854.0,12069528.0,7052135.0,16.7663324387927,15.866573844033091,0.36880343514055236,0.061545588372726785,0.09750621565317219,-0.13265038087733105
14311,CIA PARANAENSE DE ENERGIA - COPEL,2012,21211554.0,8532217.0,726520.0,12497498.0,8714056.0,16.87005659118368,15.959359791911458,0.41081648237559587,0.03425114444703108,0.05813323594850745,-0.13103448275862062
14311,CIA PARANAENSE DE ENERGIA - COPEL,2013,23111445.0,9180214.0,1101435.0,12928752.0,10182693.0,16.9558385073404,16.032561073871804,0.44059092800125654,0.047657556678087416,0.08519267752989616,-0.11648177496038037
14311,CIA PARANAENSE DE ENERGIA - COPEL,2014,25618142.0,13918517.0,1335615.0,13682780.0,11935362.0,17.058811330335452,16.448730669838717,0.4658949115045111,0.05213551396506429,0.09761283891139082,0.13284804367606928
14311,CIA PARANAENSE DE ENERGIA - COPEL,2015,28947657.0,14728131.0,1265551.0,14584478.0,14363179.0,17.18099982606557,16.50526989647798,0.4961776008331175,0.04371859871076958,0.08677382899819931,-0.32346723044397463
14311,CIA PARANAENSE DE ENERGIA - COPEL,2016,30434209.0,13101753.0,947790.0,15155446.0,15278763.0,17.231077829758064,16.388256596012603,0.5020259603264209,0.031142258371163845,0.06253791541337682,0.0902857142857143
14311,CIA PARANAENSE DE ENERGIA - COPEL,2017,33162377.0,14024573.0,1118255.0,15510503.0,17651874.0,17.316926568412583,16.45632156327676,0.5322861506580183,0.03372059246537122,0.07209663026402174,0.04035002430724366
14311,CIA PARANAENSE DE ENERGIA - COPEL,2018,35930100.0,14934780.0,1444004.0,16336214.0,19593886.0,17.397085942275364,16.519203279025025,0.5453334669260592,0.04018925636165777,0.08839281855636807,0.505050505050505
14311,CIA PARANAENSE DE ENERGIA - COPEL,2019,38312550.0,16244274.0,2062869.0,17598212.0,20714338.0,17.461288076716947,16.603251035412626,0.5406671704180483,0.053843166273192467,0.11722037443349359,1.2048500319081046
14311,CIA PARANAENSE DE ENERGIA - COPEL,2020,46784664.0,18633249.0,3909750.0,20250518.0,26534146.0,17.661066014877328,16.7404581235078,0.5671547838838813,0.0835690516020378,0.19306913531792125,0.027900146842878115
14311,CIA PARANAENSE DE ENERGIA - COPEL,2021,49537535.0,23984287.0,5048602.0,22175235.0,27362300.0,17.71824122301603,16.992909465563795,0.5523548961408759,0.10191467944458682,0.22766847792142902,-0.11240029006526464
14311,CIA PARANAENSE DE ENERGIA - COPEL,2022,49703700.0,21927721.0,1149321.0,21131225.0,28572475.0,17.72158993497592,16.903262193425224,0.574856097232198,0.023123449562105033,0.054389700549778826,0.14691151919866452
14311,CIA PARANAENSE DE ENERGIA - COPEL,2023,55819074.0,21479468.0,2327168.0,24191667.0,31627407.0,17.83762619689866,16.8826080600729,0.5666057269240977,0.04169126847213553,0.09619709133727741,0.4968454258675079
14311,CIA PARANAENSE DE ENERGIA - COPEL,2024,57384156.0,22651036.0,2799370.0,25636935.0,31747221.0,17.865278795312523,16.935716148361646,0.5532401835795929,0.04878297765675947,0.10919285008133772,-0.0935093509350935
14311,CIA PARANAENSE DE ENERGIA - COPEL,2025,60414456.0,26116856.0,2687939.0,23091978.0,37322478.0,17.916738972016677,17.078091487593294,0.6177739645623889,0.04449165279250383,0.1164014187091292,0.6088560885608854
14320,USINAS SID DE MINAS GERAIS S.A.-USIMINAS,2010,31819559.0,12962395.0,1583650.0,19029437.0,12790122.0,17.27559172156983,16.377563031197816,0.4019578649722958,0.04976970296791354,0.08322106429107703,-0.24862745098039207
14320,USINAS SID DE MINAS GERAIS S.A.-USIMINAS,2011,33360425.0,11901959.0,404133.0,19014205.0,14346220.0,17.322880875181824,16.292213566381808,0.4300370873572504,0.012114144229277654,0.02125426753314167,-0.46830801466736505
14320,USINAS SID DE MINAS GERAIS S.A.-USIMINAS,2012,32774219.0,12708799.0,-531300.0,18513073.0,14261146.0,17.305152758192058,16.357805146175366,0.43513305381891787,-0.016210912607864128,-0.028698639064406,0.3047910295616718
14320,USINAS SID DE MINAS GERAIS S.A.-USIMINAS,2013,31357994.0,12829467.0,16791.0,18833945.0,12524049.0,17.26097978456378,16.367255192470886,0.39938935507162865,0.0005354615476997667,0.0008915285671695441,0.23996509598603843
14320,USINAS SID DE MINAS GERAIS S.A.-USIMINAS,2014,30484062.0,11741629.0,208479.0,18761615.0,11722447.0,17.232714547619903,16.278651119126863,0.38454347061753125,0.006838950793368679,0.01111199648857521,-0.610897040274853
14320,USINAS SID DE MINAS GERAIS S.A.-USIMINAS,2015,27758332.0,10185570.0,-3684977.0,14993857.0,12764475.0,17.139046605342283,16.136482570730983,0.4598430121809913,-0.13275210484549288,-0.24576578261350632,-0.6868686868686869
14320,USINAS SID DE MINAS GERAIS S.A.-USIMINAS,2016,26254745.0,8454200.0,-576843.0,15191634.0,11063111.0,17.083357292571204,15.950173917269304,0.42137567894870054,-0.021970999908778394,-0.037971096460064795,1.6973684210526314
14320,USINAS SID DE MINAS GERAIS S.A.-USIMINAS,2017,25984477.0,10734118.0,315080.0,15183964.0,10800513.0,17.073009879225786,16.188937824764505,0.4156525066869731,0.012125701048360527,0.020750839504097875,1.2921914357682618
14320,USINAS SID DE MINAS GERAIS S.A.-USIMINAS,2018,26523851.0,13736780.0,828695.0,15697391.0,10826460.0,17.093554923901202,16.43558746503751,0.4081782845183379,0.03124338920468223,0.052791893888608624,0.07962529274004693
14320,USINAS SID DE MINAS GERAIS S.A.-USIMINAS,2019,26337032.0,14948719.0,376691.0,15565684.0,10771348.0,17.08648656759641,16.52013616851102,0.40898108792213184,0.014302712621528501,0.024200092973749178,-0.02860061287027571
14320,USINAS SID DE MINAS GERAIS S.A.-USIMINAS,2020,29952137.0,16088052.0,1291743.0,16838170.0,13113967.0,17.215111232234037,16.593587442652176,0.4378307631271852,0.04312690610356116,0.0767151656029129,0.5794594594594593
14320,USINAS SID DE MINAS GERAIS S.A.-USIMINAS,2021,39481569.0,33736964.0,10059954.0,24358503.0,15123066.0,17.491344513381215,17.3341046488165,0.3830411602943135,0.25480127195552943,0.4129955769449379,0.09696092619392194
14320,USINAS SID DE MINAS GERAIS S.A.-USIMINAS,2022,40000451.0,32470510.0,2092889.0,25887750.0,14112701.0,17.504401287014648,17.29584285076196,0.35281354702725726,0.05232163507356455,0.08084476248418654,-0.5453968253968253
14320,USINAS SID DE MINAS GERAIS S.A.-USIMINAS,2023,40161751.0,27638348.0,1640368.0,26549437.0,13612314.0,17.50842563299488,17.13471478662602,0.3389372639654083,0.04084403590869332,0.061785415638003924,0.2639455782312925
14320,USINAS SID DE MINAS GERAIS S.A.-USIMINAS,2024,39871790.0,25869799.0,3362.0,26683688.0,13188102.0,17.50117961426146,17.06858678451471,0.3307627272314586,8.432026753752465e-05,0.00012599457766107892,-0.3988700564971751
14320,USINAS SID DE MINAS GERAIS S.A.-USIMINAS,2025,35684766.0,26263450.0,-2910034.0,23701381.0,11983385.0,17.390234432988755,17.08368879673199,0.3358123463665139,-0.08154835595671274,-0.12277909038296123,0.020583190394511064
14443,CIA SANEAMENTO BASICO EST SAO PAULO,2010,23350584.0,9231027.0,1630447.0,9681800.0,13668784.0,16.966132552473056,16.038080867894887,0.585372254501215,0.06982467761834137,0.16840329277613666,0.25449189985272436
14443,CIA SANEAMENTO BASICO EST SAO PAULO,2011,25214984.0,9941637.0,1223419.0,10545896.0,14669088.0,17.04294897894983,16.112242253201927,0.5817607498779297,0.048519523153375786,0.1160090143122974,0.20803343394474094
14443,CIA SANEAMENTO BASICO EST SAO PAULO,2012,26675793.0,10754435.0,1911900.0,11715577.0,14960216.0,17.09926708292015,16.19082878559877,0.5608161676768147,0.07167172124929894,0.1631929865682245,0.7531786074672051
14443,CIA SANEAMENTO BASICO EST SAO PAULO,2013,28274294.0,11315567.0,1923559.0,12930801.0,15343493.0,17.157463610600793,16.241689946267112,0.5426658221775582,0.06803207889116523,0.1487579153062521,-0.06556798116539142
14443,CIA SANEAMENTO BASICO EST SAO PAULO,2014,30355440.0,11213216.0,902983.0,13304403.0,17051037.0,17.22848630158245,16.232603640612517,0.5617127276033554,0.029746990984153086,0.06787098977684305,-0.2840909090376925
14443,CIA SANEAMENTO BASICO EST SAO PAULO,2015,33706614.0,11711569.0,536279.0,13716606.0,19990008.0,17.33320463719349,16.27608771464271,0.5930589171608872,0.0159102008881699,0.03909706234909715,0.1846057573802531
14443,CIA SANEAMENTO BASICO EST SAO PAULO,2016,36745034.0,14098208.0,2947098.0,15419211.0,21325823.0,17.419513645240638,16.461558255072916,0.5803729287609314,0.08020398076104651,0.19113156957252872,0.5783991227518408
14443,CIA SANEAMENTO BASICO EST SAO PAULO,2017,39546444.0,14608233.0,2519310.0,17513009.0,22033435.0,17.49298633663123,16.49709583185398,0.5571533814772321,0.06370509570974321,0.14385363474660465,0.23311781613067462
14443,CIA SANEAMENTO BASICO EST SAO PAULO,2018,43565118.0,16085094.0,2835068.0,19551688.0,24013430.0,17.589767342240208,16.593403562592183,0.5512077345916979,0.0650765596457239,0.14500374596812307,-0.04977375558009267
14443,CIA SANEAMENTO BASICO EST SAO PAULO,2019,46457800.0,17983654.0,3367517.0,21635783.0,24822017.0,17.654054931624025,16.704973792166633,0.5342917012858982,0.07248550297259018,0.1556457189462475,1.0026455029657915
14443,CIA SANEAMENTO BASICO EST SAO PAULO,2020,50418636.0,17797541.0,973318.0,22793704.0,27624932.0,17.735871426601275,16.69457085965185,0.547911133494369,0.01930472692676573,0.04270117748304532,-0.2355066230428018
14443,CIA SANEAMENTO BASICO EST SAO PAULO,2021,53165485.0,19491061.0,2305869.0,24931859.0,28233626.0,17.78891996556874,16.785466508175464,0.5310517904614244,0.04337154076559256,0.0924868458465131,-0.09910313904362744
14443,CIA SANEAMENTO BASICO EST SAO PAULO,2022,57207765.0,22055720.0,3121267.0,27333533.0,29874232.0,17.862200198884842,16.9090825366469,0.522205892853881,0.05456019825280711,0.11419186096433272,0.4437989387837582
14443,CIA SANEAMENTO BASICO EST SAO PAULO,2023,61470957.0,25572056.0,3523531.0,29857376.0,31613581.0,17.934075377332036,17.057010750761556,0.5142848353572891,0.05732025613331512,0.11801207848941582,0.4014503531071958
14443,CIA SANEAMENTO BASICO EST SAO PAULO,2024,80965430.0,36145477.0,9579563.0,36928054.0,44037376.0,18.209532831412428,17.403062381175495,0.5439034412588187,0.11831670627822269,0.2594115303232605,0.22559202300914682
14443,CIA SANEAMENTO BASICO EST SAO PAULO,2025,104202767.0,38092050.0,8462059.0,42401124.0,61801643.0,18.461849241633466,17.455516156906786,0.5930902295521576,0.0812076228263689,0.1995715726781205,0.5431979029579361
14460,CYRELA BRAZIL REALTY S.A.EMPREEND E PART,2010,12042561.0,4890105.0,685066.0,4681937.0,7360624.0,16.303957682867082,15.402724333613165,0.61121749767346,0.05688706912092868,0.14632106326932634,-0.09710743801652888
14460,CYRELA BRAZIL REALTY S.A.EMPREEND E PART,2011,13416769.0,6126781.0,592186.0,4922766.0,8494003.0,16.41201590046084,15.628180047638264,0.6330885625294734,0.04413775030337036,0.12029537865500818,-0.22017866526537044
14460,CYRELA BRAZIL REALTY S.A.EMPREEND E PART,2012,13829895.0,5837953.0,778719.0,5393306.0,8436589.0,16.44234311142123,15.579890779661495,0.610025528031847,0.056306935085190454,0.14438620764332674,0.1769736842105265
14460,CYRELA BRAZIL REALTY S.A.EMPREEND E PART,2013,14387099.0,5371882.0,893999.0,6194048.0,8193051.0,16.4818424602077,15.49668887063569,0.5694720666063394,0.062138934332765766,0.1443319457647083,-0.17050691244239624
14460,CYRELA BRAZIL REALTY S.A.EMPREEND E PART,2014,13420612.0,5817927.0,831386.0,6367845.0,7052767.0,16.41230229204475,15.576454570691464,0.525517539736638,0.06194844169550539,0.13056002462371494,-0.248130523453433
14460,CYRELA BRAZIL REALTY S.A.EMPREEND E PART,2015,12729588.0,4341184.0,593153.0,6678887.0,6050701.0,16.359439605516524,15.283657679930325,0.47532575288375395,0.0465964020202382,0.08881015654254967,-0.2897727272727273
14460,CYRELA BRAZIL REALTY S.A.EMPREEND E PART,2016,11879699.0,3195310.0,244620.0,6766742.0,5112957.0,16.290341534877456,14.977194667691064,0.43039449063482166,0.020591430809821024,0.03615033645438233,0.30994897959183665
14460,CYRELA BRAZIL REALTY S.A.EMPREEND E PART,2017,10401541.0,2673770.0,-10539.0,6365498.0,4036043.0,16.157464526211978,14.799000019481678,0.3880235630470524,-0.0010132152533937038,-0.0016556442245367134,0.3572895277207391
14460,CYRELA BRAZIL REALTY S.A.EMPREEND E PART,2018,9829268.0,3146157.0,6028.0,5537811.0,4291457.0,16.100875023429975,14.961692265995978,0.4365998566729486,0.0006132704897251758,0.0010885167442514741,0.21907013396375086
14460,CYRELA BRAZIL REALTY S.A.EMPREEND E PART,2019,9987778.0,3930822.0,534316.0,5175443.0,4812335.0,16.11687270346278,15.18435912227982,0.4818223833168899,0.05349698401386174,0.10324063080203956,0.9558629776021081
14460,CYRELA BRAZIL REALTY S.A.EMPREEND E PART,2020,11433926.0,3823695.0,1829496.0,5796628.0,5637298.0,16.252095458859277,15.156727790558252,0.49303257691190233,0.16000593322013804,0.315613836182001,-0.006068779501011368
14460,CYRELA BRAZIL REALTY S.A.EMPREEND E PART,2021,13841170.0,4790833.0,1017314.0,6801924.0,7039246.0,16.44315804215295,15.382214858234153,0.5085730469317261,0.0734991333825103,0.14956268255864077,-0.47100234663090845
14460,CYRELA BRAZIL REALTY S.A.EMPREEND E PART,2022,16560139.0,5412295.0,858591.0,7699331.0,8860808.0,16.622509100605967,15.504183775286911,0.5350684556452092,0.05184684742078554,0.11151501344727224,-0.15677419354838718
14460,CYRELA BRAZIL REALTY S.A.EMPREEND E PART,2023,17371200.0,6252699.0,1105700.0,8499826.0,8871374.0,16.670324220459726,15.648523768496526,0.5106943676890485,0.06365133093856498,0.1300850158579717,0.9900826446280993
14460,CYRELA BRAZIL REALTY S.A.EMPREEND E PART,2024,21240962.0,7965688.0,1921052.0,9949274.0,11291688.0,16.871442045214437,15.890653875499257,0.5315996516541953,0.09044091317521306,0.19308464115070104,-0.30475799835931083
14460,CYRELA BRAZIL REALTY S.A.EMPREEND E PART,2025,26109817.0,9423494.0,2395829.0,11466784.0,14643033.0,17.077821931841864,16.05871649073251,0.5608248039425171,0.09175970095845559,0.20893643762714986,0.6621773288439956
14621,NET Servicos de Comunicacao SA,2010,8541244.0,5405669.0,307151.0,3814666.0,4726578.0,15.960417222603587,15.502958775679112,0.5533828561741123,0.03596092091503299,0.08051845168095975,-0.07714285714285718
14621,NET Servicos de Comunicacao SA,2011,8894897.0,6695885.0,373173.0,4187839.0,4707058.0,16.000988299475964,15.717003716571469,0.529186341337061,0.04195360553359977,0.08910872648160544,-0.17569930069930062
14621,NET Servicos de Comunicacao SA,2012,9759180.0,7939196.0,393702.0,4581541.0,5177639.0,16.093718938466257,15.88732256865039,0.5305403732690657,0.04034170903702975,0.0859322223679762,0.5656565656565655
14621,NET Servicos de Comunicacao SA,2013,12826492.0,9708757.0,176568.0,5733132.0,7093360.0,16.367023277537335,16.088538819714834,0.5530241628030486,0.013765883922119937,0.030797825691088222,-0.19255780346820817
14761,Cia Hering,2010,892703.0,1013486.0,212013.0,528224.0,364479.0,13.70200921775327,13.82890643126127,0.4082869666619245,0.2374955612336914,0.4013694947597989,
14761,Cia Hering,2011,1108026.0,1353233.0,297274.0,710811.0,397215.0,13.918090611718021,14.118007102230418,0.3584888802248323,0.2682915382852027,0.41821806359215036,
14761,Cia Hering,2012,1182334.0,1491316.0,311014.0,784000.0,398334.0,13.983001008944271,14.215169509587573,0.3369048001664504,0.2630508807156015,0.3967015306122449,
14761,Cia Hering,2013,1298958.0,1679779.0,318172.0,907258.0,391700.0,14.077072962566518,14.334172795107246,0.30154939574643674,0.24494402436414417,0.35069627382729057,
14761,Cia Hering,2014,1432039.0,1678294.0,318867.0,1076077.0,355962.0,14.174609860768744,14.333288359243703,0.24857004592752013,0.2226664217943785,0.29632359022634996,
14761,Cia Hering,2015,1472492.0,1588889.0,281170.0,1173964.0,298528.0,14.20246676155594,14.278545587823984,0.20273658532610025,0.19094840583174646,0.23950478890323723,
14761,Cia Hering,2016,1528691.0,1475137.0,199417.0,1209407.0,319284.0,14.239922371616526,14.204261424798784,0.2088610451687097,0.13044951530427012,0.16488824688463025,
14761,Cia Hering,2017,1538160.0,1562321.0,263781.0,1232912.0,305248.0,14.246097454846218,14.261683094030195,0.1984500962188589,0.17149126228740832,0.21394957628768316,
14761,Cia Hering,2018,1704129.0,1539568.0,239514.0,1320076.0,384053.0,14.34856468773133,14.247012415556343,0.22536615479227218,0.14054921898518247,0.18143955348025417,
14761,Cia Hering,2019,1811773.0,1549159.0,214702.0,1426397.0,385376.0,14.409816481799187,14.253222761000124,0.2127065587134812,0.11850380814815101,0.1505205072641067,
14761,Cia Hering,2020,2340605.0,1073495.0,342969.0,1622298.0,718307.0,14.665920000924913,13.886430238628272,0.3068894580674655,0.1465300638082889,0.2114093711512928,
14826,Companhia Brasileira de Distribuição (GPA),2010,29932748.0,32091674.0,691735.0,9583770.0,20348978.0,17.214463689847424,17.284107177509185,0.6798232491049603,0.023109638981359145,0.07217775468317791,
14826,Companhia Brasileira de Distribuição (GPA),2011,33769005.0,46594486.0,719656.0,10094425.0,23674580.0,17.33505392790636,17.656992765914524,0.7010742543347073,0.021311140200903165,0.07129242131176367,
14826,Companhia Brasileira de Distribuição (GPA),2012,35396234.0,50924461.0,1156436.0,11067951.0,24328283.0,17.382115988264015,17.74585393582869,0.6873127519724274,0.03267115931033793,0.10448510297886213,
14826,Companhia Brasileira de Distribuição (GPA),2013,38008352.0,57730262.0,1396207.0,12711964.0,25296388.0,17.453316483014177,17.871292065395085,0.6655481405771027,0.036734215679753754,0.10983409015318168,
14826,Companhia Brasileira de Distribuição (GPA),2014,45500000.0,65525000.0,1760000.0,14482000.0,31018000.0,17.633222883921178,17.997942307173744,0.6817142857142857,0.03868131868131868,0.12153017539013948,
14826,Companhia Brasileira de Distribuição (GPA),2015,47241000.0,69220000.0,-276000.0,13352000.0,33889000.0,17.670772717570657,18.052800396171474,0.7173641540187549,-0.005842382676065282,-0.02067106051527861,
14826,Companhia Brasileira de Distribuição (GPA),2016,45217000.0,41454000.0,-1076000.0,12597000.0,32620000.0,17.626983680286944,17.54009493669899,0.7214100891257713,-0.023796359776190372,-0.08541716281654362,
14826,Companhia Brasileira de Distribuição (GPA),2017,47928000.0,44634000.0,865000.0,13292000.0,34636000.0,17.6852104427459,17.614006458401533,0.7226673343348355,0.01804790519112001,0.0650767378874511,
14826,Companhia Brasileira de Distribuição (GPA),2018,52849000.0,49388000.0,1180000.0,13939000.0,38910000.0,17.782949348625632,17.71521803766977,0.7362485572101648,0.022327764006887546,0.08465456632470048,
14826,Companhia Brasileira de Distribuição (GPA),2019,58475000.0,56635000.0,836000.0,13548000.0,44927000.0,17.884109870434518,17.852137726616952,0.7683112441214194,0.014296707994869602,0.061706524948331856,
14826,Companhia Brasileira de Distribuição (GPA),2020,53295000.0,51253000.0,2326000.0,16807000.0,36488000.0,17.791353076105374,17.75228471085496,0.6846420864996716,0.04364386903086594,0.13839471648717797,-0.1373563217354603
14826,Companhia Brasileira de Distribuição (GPA),2021,49443000.0,51291000.0,960000.0,16380000.0,33063000.0,17.716331048884427,17.753025856153357,0.668709422971907,0.019416297554760025,0.05860805860805861,0.4605101186311442
14826,Companhia Brasileira de Distribuição (GPA),2022,43839000.0,17321000.0,-4000.0,13733000.0,30106000.0,17.5960343901249,16.667430196152416,0.6867401172472,-9.124295718424234e-05,-0.0002912692055632418,-0.2937152629328773
14826,Companhia Brasileira de Distribuição (GPA),2023,22050000.0,19250000.0,-2134000.0,4722000.0,17328000.0,16.90882315985713,16.773021618698067,0.7858503401360544,-0.09678004535147393,-0.45192714951291824,-0.20726825201977905
14826,Companhia Brasileira de Distribuição (GPA),2024,19703000.0,18790000.0,-2403000.0,2935000.0,16768000.0,16.796281466378105,16.74883537138965,0.8510379130081713,-0.12196112267167436,-0.8187393526405451,-0.37346437346437356
14826,Companhia Brasileira de Distribuição (GPA),2025,18426000.0,19113000.0,-815000.0,2124000.0,16302000.0,16.729273268651013,16.765879289766733,0.8847281015955715,-0.044230977965917725,-0.3837099811676083,0.386861313868613
15253,ENERGISA S.A.,2010,3634226.0,2154319.0,194648.0,1188160.0,2446066.0,15.105906716428285,14.582985222297788,0.6730638105610383,0.053559685060863026,0.16382305413412335,-0.05213270142180104
15253,ENERGISA S.A.,2011,4258403.0,2426613.0,212054.0,1304275.0,2954128.0,15.264404765330386,14.702007015875594,0.693717339575423,0.04979660215343639,0.16258381092944357,0.1777777777777776
15253,ENERGISA S.A.,2012,5059373.0,2919079.0,291065.0,1501245.0,3558128.0,15.436753120542315,14.886778713533062,0.7032744966619382,0.057529855972271664,0.19388241093225955,0.16999999999999993
15253,ENERGISA S.A.,2013,5526980.0,2857772.0,202747.0,1826516.0,3700464.0,15.52515211220925,14.86555285822249,0.669527300623487,0.03668314341647699,0.11100203885429966,0.0
15253,ENERGISA S.A.,2014,18601642.0,8279559.0,304720.0,2998860.0,15602782.0,16.73876041435691,15.929300264073467,0.838785199715165,0.016381349560431278,0.10161194587276498,0.18534482758620707
15253,ENERGISA S.A.,2015,18502182.0,11935130.0,351401.0,3318170.0,15184012.0,16.733399229039424,16.29499671002922,0.8206606118132446,0.018992408571053943,0.10590204841825464,0.22807017606684177
15253,ENERGISA S.A.,2016,20022820.0,11810695.0,195786.0,4773041.0,15249779.0,16.81238318107249,16.284516034875576,0.7616199416465812,0.009778143138678768,0.04101913224713553,0.35127272698093637
15253,ENERGISA S.A.,2017,22048356.0,13637154.0,572582.0,4784522.0,17263834.0,16.908748599254427,16.428308537582545,0.7829986961386146,0.025969373861706516,0.11967381485548609,0.5234375001731657
15253,ENERGISA S.A.,2018,36418008.0,15787581.0,1179672.0,6047528.0,30370480.0,17.410573935545493,16.57473417626905,0.8339412743277996,0.03239254601734395,0.19506681076962357,0.43290165727452923
15253,ENERGISA S.A.,2019,39319814.0,19903135.0,527158.0,6462220.0,32857594.0,17.487239122814962,16.806387814975405,0.8356497820666191,0.013406930154857803,0.08157537193100822,0.4487144789566635
15253,ENERGISA S.A.,2020,45562807.0,20330208.0,1607474.0,7515669.0,38047138.0,17.63460230570771,16.827618416737632,0.8350481567125573,0.03528039876911008,0.21388302225656824,0.024256651077323443
15253,ENERGISA S.A.,2021,54258000.0,26475504.0,2814807.0,9085560.0,45172440.0,17.809261004950674,17.09173048609774,0.8325489328762579,0.05187819307751852,0.3098110628293688,-0.12364210939421438
15253,ENERGISA S.A.,2022,59670668.0,26503137.0,2428020.0,12483752.0,47186916.0,17.904351134340914,17.092773661308893,0.7907891361296643,0.040690343872134965,0.19449441161599493,-0.02984419582862563
15253,ENERGISA S.A.,2023,68068471.0,28531858.0,2583534.0,15715696.0,52352775.0,18.036024683000562,17.166531845499602,0.7691193034143518,0.037954929235886614,0.16439195566012477,0.2915067179772435
15253,ENERGISA S.A.,2024,77181653.0,33715476.0,4636282.0,22143222.0,55038431.0,18.16167233131006,17.333467518396105,0.713102516734126,0.06006974222228695,0.20937702742627068,-0.28999610752646954
15253,ENERGISA S.A.,2025,83471647.0,35441353.0,3140072.0,21184544.0,62287103.0,18.240017575272365,17.383389860173327,0.7462067089678966,0.0376184262903067,0.14822466794659353,0.3833600000368895
15539,Neoenergia SA,2010,19590086.0,8950036.0,2064592.0,11256488.0,8333598.0,16.790534179905983,16.007168112589316,0.42539874505910796,0.10538963432830259,0.18341351227843,
15539,Neoenergia SA,2011,21634744.0,9770849.0,1845097.0,11982984.0,9651760.0,16.889811098892586,16.09491391891289,0.44612314340303727,0.08528397655179096,0.15397642189958693,
15539,Neoenergia SA,2012,23354367.0,11810628.0,1552750.0,12560106.0,10794261.0,16.966294548147058,16.284510362034982,0.4621945437442171,0.06648649479559861,0.12362554902004808,
15539,Neoenergia SA,2013,20459145.0,10614298.0,1070811.0,9655161.0,10803984.0,16.83394052875827,16.17771251810172,0.5280760266374768,0.052338990705623326,0.11090555610621097,
15539,Neoenergia SA,2014,22657862.0,12308947.0,776886.0,9933271.0,12724591.0,16.936017457832985,16.325836954290654,0.5615971621682575,0.034287701107898,0.07821049078395223,
15539,Neoenergia SA,2015,27371492.0,14617679.0,371983.0,9314882.0,18056610.0,17.1250125917708,16.497742244553017,0.6596867280745967,0.013590161617788319,0.03993426862519568,
15539,Neoenergia SA,2016,27967404.0,14834231.0,354303.0,9219765.0,18747639.0,17.146550247141686,16.51244797349122,0.6703389059635281,0.012668426429567793,0.03842863673857197,
15539,Neoenergia SA,2017,42145769.0,20508070.0,451529.0,15608354.0,26537415.0,17.55664485777709,16.836329025182028,0.6296578667244155,0.010713507208754454,0.028928674990328897,
15539,Neoenergia SA,2018,46564478.0,25953659.0,1593951.0,17576795.0,28987683.0,17.656348533738694,17.071823159563117,0.6225278204557559,0.03423105054458036,0.09068496275913783,
15539,Neoenergia SA,2019,54214782.0,28461313.0,2309322.0,19258737.0,34956045.0,17.808464159852946,17.16405628448801,0.6447696312787904,0.042595799794971044,0.11991035549215923,
15539,Neoenergia SA,2020,66297000.0,31989000.0,2905000.0,21509000.0,44788000.0,18.009655205263552,17.280902651668427,0.6755660135451076,0.04381797064723894,0.13505974243339997,-0.2470085470085469
15539,Neoenergia SA,2021,85800000.0,43165000.0,4066000.0,24238000.0,61562000.0,18.26752956445819,17.58054053965176,0.7175058275058275,0.04738927738927739,0.1677531149434772,-0.06412478336221838
15539,Neoenergia SA,2022,92318000.0,42787000.0,4787000.0,26937000.0,65381000.0,18.34074969671124,17.571744876096442,0.7082150826491042,0.05185337637297169,0.1777109551917437,-0.1201594533029613
15539,Neoenergia SA,2023,99112000.0,44343000.0,4527000.0,30076000.0,69036000.0,18.411761081777712,17.60746541886232,0.6965453224634757,0.04567559932197918,0.15051868599547813,0.470709855272226
15539,Neoenergia SA,2024,109541000.0,48993000.0,3682000.0,32747000.0,76794000.0,18.511809466363445,17.70718798872699,0.7010525739220931,0.033612985092339856,0.1124377805600513,-0.07303921568627447
15539,Neoenergia SA,2025,119278000.0,52633000.0,5057000.0,36584000.0,82694000.0,18.596967461009896,17.778853857415477,0.6932879491607841,0.04239675380204229,0.13822982724688387,0.59822309970385
15636,Cia de Gas de Sao Paulo SA,2010,3847842.0,4095343.0,579980.0,1376400.0,2471442.0,15.163023029633678,15.225361032445337,0.6422930047543532,0.15072864218437243,0.4213746004068585,0.1908823529411765
15636,Cia de Gas de Sao Paulo SA,2011,4307670.0,4102660.0,236139.0,1246436.0,3061234.0,15.27590771265305,15.227146101795263,0.7106472872805949,0.05481826602316334,0.18945136372826202,0.13471502590673579
15636,Cia de Gas de Sao Paulo SA,2012,5968107.0,5279523.0,366655.0,2257273.0,3710834.0,15.601940349659436,15.479346310692367,0.6217773910554888,0.061435728280340815,0.1624327230246408,0.2473347547974416
15636,Cia de Gas de Sao Paulo SA,2013,6919259.0,6336641.0,618911.0,2656439.0,4262820.0,15.749819240935425,15.661859375288563,0.6160804213283533,0.08944758391035804,0.2329852106523056,0.039807211710103374
15636,Cia de Gas de Sao Paulo SA,2014,7640424.0,6387103.0,611601.0,3108862.0,4531562.0,15.84896365698498,15.669791358920662,0.5931034717445001,0.08004804445407741,0.19672825619149387,-0.157167530224525
15636,Cia de Gas de Sao Paulo SA,2015,8868031.0,6597017.0,698852.0,3181402.0,5686629.0,15.99796334542716,15.702128135130595,0.6412504647311223,0.07880576872137682,0.21966793256557957,-0.17339556078348062
15636,Cia de Gas de Sao Paulo SA,2016,8668792.0,5657246.0,901099.0,2590749.0,6078043.0,15.975240008022727,15.548447759326422,0.7011407125698713,0.10394747042033077,0.34781408774064954,0.08076289145279025
15636,Cia de Gas de Sao Paulo SA,2017,8666565.0,5537857.0,640121.0,2017083.0,6649482.0,15.97498307647961,15.527118160783417,0.7672569235908344,0.07386098183074839,0.31734985620324,0.250055525122572
15636,Cia de Gas de Sao Paulo SA,2018,8360577.0,6840011.0,1339433.0,2721324.0,5639253.0,15.939038001817929,15.738299897784575,0.6745052404875883,0.16020820094115515,0.4921990178310264,0.06858467460414386
15636,Cia de Gas de Sao Paulo SA,2019,8451722.0,9514222.0,1367179.0,519508.0,7932214.0,15.949880765553859,16.068298289736184,0.9385322896328109,0.16176336609273234,2.631680359109003,1.5081638038081948
15636,Cia de Gas de Sao Paulo SA,2020,10616884.0,8317691.0,1150613.0,590052.0,10026832.0,16.177956122062422,15.933895250242008,0.9444232413201463,0.10837577202501224,1.9500196592842665,0.3651885226464311
15636,Cia de Gas de Sao Paulo SA,2021,12271498.0,11709713.0,2119121.0,1105217.0,11166281.0,16.322789895624727,16.275929226306854,0.9099362604304707,0.17268641530153858,1.9173800258229832,-0.12306173413090193
15636,Cia de Gas de Sao Paulo SA,2022,12664111.0,17414153.0,1811479.0,1032753.0,11631358.0,16.35428264550773,16.672793824366327,0.9184504147192014,0.14304036027479544,1.754029279024123,-0.10069444444444442
15636,Cia de Gas de Sao Paulo SA,2023,13738834.0,15158674.0,1408787.0,1694174.0,12044660.0,16.435736979439906,16.53408346733457,0.8766872064980187,0.10254050671257837,0.831547999201971,-0.04116876108241463
15636,Cia de Gas de Sao Paulo SA,2024,15591493.0,15443193.0,1792464.0,1133863.0,14457630.0,16.562236002965637,16.55267888169876,0.9272768169154808,0.11496423081484243,1.5808470688257752,-0.05660377358490565
15636,Cia de Gas de Sao Paulo SA,2025,14946780.0,11589616.0,1546478.0,1441482.0,13505298.0,16.520006449986987,16.265620082756705,0.9035590274293193,0.10346562938639627,1.072838925494734,-0.017751926272850826
16101,Gafisa S.A.,2010,9549554.0,3720860.0,439980.0,3783669.0,5765885.0,16.07200500979568,15.129465382326403,0.6037857893677547,0.04607335588656811,0.11628395612829769,-0.13381294964028756
16101,Gafisa S.A.,2011,9506624.0,2940506.0,-905189.0,2747094.0,6759530.0,16.06749937675365,14.894092233349374,0.7110336960839095,-0.09521666156145442,-0.32950783628081165,-0.6254545454545455
16101,Gafisa S.A.,2012,9070994.0,3953282.0,-76363.0,2692367.0,6378627.0,16.02059240814829,15.190056677958506,0.7031894189324787,-0.00841837179034624,-0.028362775208580406,0.06320541760722365
16101,Gafisa S.A.,2013,8183030.0,2481211.0,867678.0,3214483.0,4968547.0,15.917573055639911,14.72425730540998,0.6071769259064185,0.10603382854517214,0.26992769910433495,-0.24086021505376365
16101,Gafisa S.A.,2014,7205852.0,2150998.0,-43725.0,3058403.0,4147449.0,15.79040403163907,14.581442478449341,0.5755667754486214,-0.006067984743511246,-0.014296677056620726,-0.3888888889648491
16101,Gafisa S.A.,2015,6760332.0,2294319.0,70979.0,3097236.0,3663096.0,15.726582559239207,14.64594662541698,0.5418514948674118,0.010499336423122415,0.022916884602916923,0.22727272725125913
16101,Gafisa S.A.,2016,5210089.0,915698.0,-1161725.0,1930453.0,3279636.0,15.466107496117234,13.727441894972001,0.6294779225460448,-0.22297603745348687,-0.6017888029389993,-0.2648221346006542
16101,Gafisa S.A.,2017,2878138.0,608823.0,-850137.0,759404.0,2118734.0,14.87265411524514,13.319282864053841,0.7361474675640988,-0.29537742804549333,-1.1194792231802835,0.20943582334110755
16101,Gafisa S.A.,2018,2526280.0,960891.0,-421276.0,493191.0,2033089.0,14.74225842293871,13.775616258002326,0.8047757968237883,-0.16675744573048118,-0.8541842815460947,-0.09698309640569402
16101,Gafisa S.A.,2019,2551887.0,400465.0,-14103.0,895143.0,1656744.0,14.752343643469608,12.900381650910207,0.649223104314572,-0.005526498626310648,-0.015755024616178646,-0.42333578901511904
16101,Gafisa S.A.,2020,3749999.0,884045.0,-77000.0,1558388.0,2191611.0,15.137266131279892,13.692263245301541,0.5844297558479349,-0.02053333880889035,-0.04941003139141215,-0.3623520279468271
16101,Gafisa S.A.,2021,4722224.0,818308.0,81050.0,1815954.0,2906270.0,15.367790433028944,13.614994072833321,0.6154451800676969,0.017163522950203125,0.04463218781973552,-0.5732484076159097
16101,Gafisa S.A.,2022,5486674.0,1135997.0,-83192.0,1772906.0,3713768.0,15.517832801117706,13.943021237414676,0.67687054124229,-0.01516255567580651,-0.0469240896020432,-0.47087204445121533
16101,Gafisa S.A.,2023,5126365.0,1103532.0,-195470.0,1707291.0,3419074.0,15.449907388989569,13.914026502899164,0.6669587514739976,-0.038130332116421674,-0.11449131987458494,0.8409893990849842
16101,Gafisa S.A.,2024,5302367.0,1012352.0,-40723.0,1951996.0,3350371.0,15.483663882598153,13.827786894439035,0.6318632791732447,-0.0076801549194916155,-0.020862235373433142,-0.7659625370166183
16101,Gafisa S.A.,2025,4727891.0,619692.0,-544550.0,1537033.0,3190858.0,15.368989783656804,13.336977859394546,0.6749009230542752,-0.11517820525050175,-0.3542864727042295,-0.7842741935483871
16292,BRF S.A.,2010,27751547.0,22681253.0,804996.0,13636518.0,14115029.0,17.138802144350617,16.93704928221135,0.5086213391995769,0.029007247776132984,0.05903237175355175,0.1941471937104171
16292,BRF S.A.,2011,29983456.0,25706238.0,1365089.0,14109917.0,15873539.0,17.216156320846093,17.062244244148218,0.5294099185897716,0.04552807388181002,0.09674677746155416,0.36660412757973737
16292,BRF S.A.,2012,30772248.0,28517383.0,820667.0,14576040.0,16196208.0,17.242123802803153,17.166024389131845,0.5263251485559326,0.026669062331747748,0.0563024662391157,0.17357440890125164
16292,BRF S.A.,2013,32374569.0,30521246.0,1066837.0,14696154.0,17678415.0,17.29288376515405,17.233933589235257,0.546058698109618,0.03295293290236544,0.07259293826126209,0.19975639464068218
16292,BRF S.A.,2014,36103735.0,29006843.0,2224877.0,15689943.0,20413792.0,17.401906880555103,17.183042325632506,0.5654205028925677,0.06162456599019464,0.14180274587358285,0.29337410805300723
16292,BRF S.A.,2015,40388014.0,32196601.0,3130858.0,13835853.0,26552161.0,17.514043615743905,17.28737144593668,0.6574267553735126,0.07751948387459705,0.22628586759341834,-0.06181202370872141
16292,BRF S.A.,2016,42944936.0,33732866.0,-367339.0,12219353.0,30725583.0,17.57542929490309,17.333983172298623,0.7154646359235464,-0.008553720978883284,-0.030062066297618213,-0.15867480383609422
16292,BRF S.A.,2017,45228481.0,33469352.0,-1098854.0,11712782.0,33515699.0,17.627237556985587,17.32614071237864,0.7410308340888123,-0.024295620275197834,-0.09381665261079733,-0.23446977619744824
16292,BRF S.A.,2018,42382377.0,30188421.0,-4466246.0,7531777.0,34850600.0,17.56224319700882,17.222968998228435,0.8222898871387039,-0.10537979028406075,-0.5929870201945703,-0.39083333333333337
16292,BRF S.A.,2019,41700631.0,33446980.0,297452.0,8148349.0,33552282.0,17.546026818549027,17.325472056456686,0.8045989040309726,0.007133033550499512,0.036504572889551,0.5304347826086957
16292,BRF S.A.,2020,49664906.0,39469700.0,1390069.0,8813534.0,40851372.0,17.72080912494884,17.491043846900745,0.8225400044047199,0.027988958642144617,0.15771982044886876,-0.34463276836158196
16292,BRF S.A.,2021,55903387.0,48343305.0,437384.0,8825623.0,47077764.0,17.8391355266297,17.693838300782513,0.8421272220947901,0.00782392666118781,0.04955842777331413,0.017163504968382925
16292,BRF S.A.,2022,57854447.0,53805028.0,-3141626.0,11822869.0,46031578.0,17.873440879868188,17.800877478014225,0.7956445940966301,-0.054302238858146896,-0.26572450392540087,-0.5941176470588235
16292,BRF S.A.,2023,57272090.0,53615440.0,-1868852.0,15643656.0,41628434.0,17.86332397750545,17.797347644261293,0.7268537607061311,-0.032631112292217726,-0.11946389002673033,1.01018922852984
16292,BRF S.A.,2024,62675076.0,61379038.0,3691904.0,16499204.0,46175872.0,17.953474414612604,17.932578934175435,0.7367501556759182,0.05890545709110907,0.22376255242374116,0.8257739380849531
16292,BRF S.A.,2025,68259376.0,65048731.0,3288189.0,15030148.0,53229228.0,18.038825359883326,17.990647254661788,0.7798083006208554,0.04817197567115176,0.218772895649464,-0.36684303350970027
16306,Rossi Residencial S.A. - Em Recuperação Judicial,2010,5113503.0,2349499.0,188090.0,1983704.0,3129799.0,15.447395245910345,14.669712671902444,0.612065544891633,0.03678300374518212,0.09481757358960813,-0.057961783439490544
16306,Rossi Residencial S.A. - Em Recuperação Judicial,2011,7134342.0,2837138.0,78677.0,1984702.0,5149640.0,15.780430583196827,14.858306355540634,0.7218100842376214,0.011027926611872546,0.03964171951255151,-0.4065281899109793
16306,Rossi Residencial S.A. - Em Recuperação Judicial,2012,8231963.0,2714588.0,-205718.0,2298112.0,5933851.0,15.923535061830917,14.814150750295452,0.7208306208373385,-0.024990151194800074,-0.08951608972930823,-0.4591096140638917
16306,Rossi Residencial S.A. - Em Recuperação Judicial,2013,7592893.0,2132780.0,60559.0,2464770.0,5128123.0,15.842723236169304,14.572936851018278,0.6753845997829813,0.007975747847362,0.02456983815934144,-0.554585152838428
16306,Rossi Residencial S.A. - Em Recuperação Judicial,2014,6791026.0,1617041.0,-608812.0,1841769.0,4949257.0,15.731112592685271,14.29610849383458,0.7287937051043539,-0.08964948742649491,-0.33055828391074016,-0.6676470588235294
16306,Rossi Residencial S.A. - Em Recuperação Judicial,2015,5260789.0,1226141.0,-551171.0,1268795.0,3991994.0,15.475791573465017,14.01938239702197,0.7588203974726985,-0.10476964576986456,-0.4344050851398374,-0.69377990430622
16306,Rossi Residencial S.A. - Em Recuperação Judicial,2016,4817364.0,538002.0,-528492.0,733575.0,4083789.0,15.38773744846221,13.19561755660913,0.847722737995302,-0.1097056398478504,-0.7204334935078213,-0.26027397260273966
16306,Rossi Residencial S.A. - Em Recuperação Judicial,2017,3840053.0,326028.0,-350753.0,369945.0,3470108.0,15.160996726551994,12.694738546231099,0.9036614859221995,-0.09134066639184407,-0.9481220181378313,1.479310344827586
16306,Rossi Residencial S.A. - Em Recuperação Judicial,2018,2542246.0,148724.0,-607067.0,-245309.0,2787555.0,14.748558500242765,11.909847518214372,1.0964930223117668,-0.23879160395964827,2.4747033333469215,-0.15873015873015872
16306,Rossi Residencial S.A. - Em Recuperação Judicial,2019,2026107.0,60789.0,-311364.0,-562712.0,2588819.0,14.521626775821655,11.015164130533439,1.2777306430509345,-0.15367599045854932,0.5533274570295285,0.7538461538461538
16306,Rossi Residencial S.A. - Em Recuperação Judicial,2020,1632496.0,76159.0,-8916.0,-553792.0,2186288.0,14.305620689900012,11.240578539126943,1.3392302339485058,-0.005461575403553822,0.01609990754651566,0.09586776859504154
16306,Rossi Residencial S.A. - Em Recuperação Judicial,2021,1266760.0,59416.0,-188871.0,-724691.0,1991451.0,14.051973017524483,10.992318829349133,1.5720823202500869,-0.14909769806435316,0.26062280337412774,0.4773790951638064
16306,Rossi Residencial S.A. - Em Recuperação Judicial,2022,673696.0,-37403.0,-442044.0,-1108463.0,1782159.0,13.420534249570283,0.0,2.645345972070489,-0.6561475799173514,0.3987900362934983,-0.6746291900107239
16306,Rossi Residencial S.A. - Em Recuperação Judicial,2023,542480.0,9917.0,254703.0,-853760.0,1396240.0,13.203906497357723,9.202005735186125,2.573809172688394,0.46951592685444626,-0.2983309126686657,0.6144578313253009
16306,Rossi Residencial S.A. - Em Recuperação Judicial,2024,458067.0,146362.0,85990.0,-757854.0,1215921.0,13.034770740606852,11.893838283975553,2.6544610286268164,0.18772362994933056,-0.11346512652832867,-0.3301435406698564
16306,Rossi Residencial S.A. - Em Recuperação Judicial,2025,436124.0,25852.0,-155563.0,-912663.0,1348787.0,12.985681885565839,10.160143246382786,3.0926685988388622,-0.35669442635580706,0.17044955257307462,-0.31854838709677424
17329,ENGIE BRASIL ENERGIA S.A.,2010,12850288.0,4100381.0,1211649.0,5072684.0,7777604.0,16.36887678150571,15.226590454186374,0.605247446594193,0.09428963771084352,0.2388575752008207,0.272011121408712
17329,ENGIE BRASIL ENERGIA S.A.,2011,12371221.0,4326951.0,1448106.0,5450258.0,6920963.0,16.3308834460456,15.280373694899778,0.559440575833218,0.11705441200993823,0.2656949450833337,0.11958146487294452
17329,ENGIE BRASIL ENERGIA S.A.,2012,12264416.0,4912499.0,1499923.0,5462840.0,6801576.0,16.322212619375986,15.407293331597293,0.5545780573653079,0.12229877068749136,0.2745683563860556,0.10797342192691017
17329,ENGIE BRASIL ENERGIA S.A.,2013,12654397.0,5568658.0,1436747.0,5364611.0,7289786.0,16.35351530167557,15.5326646493016,0.5760674333198176,0.11353737361013726,0.2678194187798519,0.07283582089552221
17329,ENGIE BRASIL ENERGIA S.A.,2014,13620546.0,6472496.0,1383105.0,5654949.0,7965597.0,16.42708994598786,15.683072372608411,0.5848221503014637,0.10154548870507835,0.24458310764606364,-0.06701599565637073
17329,ENGIE BRASIL ENERGIA S.A.,2015,15300673.0,6512037.0,1501303.0,6642136.0,8658537.0,16.543407372323372,15.689162868466553,0.5658925591050799,0.0981200630848068,0.22602713946236572,0.05613371192052985
17329,ENGIE BRASIL ENERGIA S.A.,2016,14419691.0,6442371.0,1548301.0,6614394.0,7805297.0,16.484105261020055,15.678407198025301,0.5412943314804735,0.10737407618512769,0.23408055220175877,0.03244837765726016
17329,ENGIE BRASIL ENERGIA S.A.,2017,19568513.0,7009957.0,2004559.0,6834725.0,12733788.0,16.789432352836915,15.762842124897809,0.6507284431882995,0.10243798289629877,0.2932903664741449,0.04257193196455833
17329,ENGIE BRASIL ENERGIA S.A.,2018,23735545.0,8794792.0,2315407.0,6320577.0,17414968.0,16.98248427157459,15.989670286073112,0.7337083686091893,0.0975501931807338,0.36632842223107165,0.15843390422396864
17329,ENGIE BRASIL ENERGIA S.A.,2019,30135578.0,9804478.0,2311099.0,6998820.0,23136758.0,17.22121702507041,16.098349778051578,0.7677555744907232,0.07669005054424376,0.33021266442057373,0.49852507418852965
17329,ENGIE BRASIL ENERGIA S.A.,2020,35186248.0,12259159.0,2797268.0,7741998.0,27444250.0,17.37616588241412,16.321783889055833,0.7799709136364866,0.07949889968376282,0.3613108657480924,-0.07103594079437181
17329,ENGIE BRASIL ENERGIA S.A.,2021,38115725.0,12540673.0,1564970.0,7932597.0,30183128.0,17.456137484606266,16.34448775999052,0.791881251110926,0.04105838207196636,0.19728343693748718,-0.15489548930537667
17329,ENGIE BRASIL ENERGIA S.A.,2022,38186752.0,11906605.0,2664568.0,8440172.0,29746580.0,17.457999207142876,16.292603846119718,0.7789764366448343,0.06977728820717718,0.31570067529429496,-0.028717948715003327
17329,ENGIE BRASIL ENERGIA S.A.,2023,42224473.0,10747784.0,3429060.0,9816210.0,32408263.0,17.558510539822407,16.190210151753387,0.7675232086377963,0.08121024979992053,0.349326267469828,0.2257977287548616
17329,ENGIE BRASIL ENERGIA S.A.,2024,50112301.0,11218635.0,4302841.0,12280398.0,37831903.0,17.72977706485991,16.233086792903908,0.7549424441715419,0.0858639678110171,0.35038286218410836,-0.195193833580123
17329,ENGIE BRASIL ENERGIA S.A.,2025,55312909.0,12860075.0,2857919.0,13914493.0,41398416.0,17.828516875055367,16.369638108794067,0.7484404047525326,0.051668210037551995,0.2053915295368649,0.19961759082217978
17450,RUMO S.A.,2010,12519836.0,2753531.0,239879.0,3827976.0,8691860.0,16.3428248245089,14.8283946460197,0.6942471131410987,0.0191599155132703,0.06266470845167263,
17450,RUMO S.A.,2011,14142108.0,3173215.0,251282.0,4087561.0,10054547.0,16.464667287943637,14.970255827488186,0.7109652252691041,0.017768355325811398,0.061474801232324114,
17450,RUMO S.A.,2012,17652417.0,3568578.0,243367.0,4276422.0,13375995.0,16.686383272478,15.087677755077875,0.7577429765000453,0.013786610638078628,0.05690902347803842,
17450,RUMO S.A.,2013,18881716.0,3641426.0,27978.0,4598275.0,14283441.0,16.753704604381905,15.107885921137457,0.7564694331807554,0.0014817509171306251,0.006084455583887436,
17450,RUMO S.A.,2014,15714173.0,3666224.0,-2017881.0,2150280.0,13563893.0,16.57007360194838,15.114672807533683,0.8631630185056509,-0.12841153015179355,-0.9384270885652101,
17450,RUMO S.A.,2015,15116936.0,4148816.0,-1190878.0,2248773.0,12868163.0,16.53132626267764,15.23833355029593,0.8512414817394213,-0.0787777364407708,-0.5295679021404117,
17450,RUMO S.A.,2016,23031314.0,4311713.0,-1052572.0,5675287.0,17356027.0,16.95236532618313,15.2768458309143,0.7535838814928232,-0.045701778022738955,-0.1854658627836795,0.0032679738562091387
17450,RUMO S.A.,2017,26229516.0,5946349.0,-258438.0,8019381.0,18210135.0,17.08239589951879,15.598287975738655,0.6942611903322958,-0.00985294581874862,-0.032226676847003526,1.1835016835016834
17450,RUMO S.A.,2018,27134113.0,6584936.0,272967.0,8294623.0,18839490.0,17.116302276535563,15.700295174053823,0.6943101475253678,0.010059919776998055,0.03290890978408542,0.4154870940882598
17450,RUMO S.A.,2019,32832664.0,7087840.0,785871.0,8614287.0,24218377.0,17.30693443147961,15.77389119764884,0.7376305803269573,0.023935645307368296,0.09122879235391158,0.6322701688555348
17450,RUMO S.A.,2020,45908371.0,6966159.0,304675.0,15296327.0,30612044.0,17.642158033130194,15.756574554798325,0.6668074543529328,0.006636589218118848,0.019918180357938218,-0.23832145684877282
17450,RUMO S.A.,2021,48174554.0,7439632.0,155741.0,15018563.0,33155991.0,17.690341514307995,15.82233194322038,0.6882469737031712,0.0032328477810090366,0.010369900236127784,-0.09016393442622939
17450,RUMO S.A.,2022,45951745.0,9841508.0,514021.0,15410450.0,30541295.0,17.643102382105834,16.102119509319063,0.6646384157990083,0.011186104031522634,0.0333553530234354,0.008672086720867167
17450,RUMO S.A.,2023,49238436.0,10937716.0,721917.0,15871055.0,33367381.0,17.712185095981603,16.207727558024434,0.6776693922609565,0.014661655784517608,0.04548639016120856,0.338192419825073
17450,RUMO S.A.,2024,50593023.0,13936389.0,-949242.0,14935155.0,35657868.0,17.739324239375136,16.450013891002875,0.7047981299713995,-0.01876231036836838,-0.06355755932897918,-0.1967582170193607
17450,RUMO S.A.,2025,53783092.0,13847776.0,865125.0,14048438.0,39734654.0,17.80046970064431,16.443635200086327,0.738794526725983,0.016085445589480055,0.061581579389822554,-0.2021621621621622
17639,TIM Participacoes SA,2010,19370852.0,14457450.0,2211715.0,10300809.0,9070043.0,16.7792800199605,16.486720410595943,0.4682314954448054,0.11417747655085073,0.21471274731916687,0.059615384615384626
17639,TIM Participacoes SA,2011,23438221.0,17085977.0,1281228.0,12956737.0,10481484.0,16.96987862388841,16.653768626561458,0.4471962270515326,0.05466404638816231,0.0988850819461721,0.4039497307001796
17639,TIM Participacoes SA,2012,26108977.0,18763947.0,1448888.0,13832870.0,12276107.0,17.077789759517085,16.747447873868833,0.47018720802427455,0.05549386327928513,0.10474239980568024,
17639,TIM Participacoes SA,2013,28138167.0,19921291.0,1505614.0,14594640.0,13543527.0,17.152637468936156,16.807299617257645,0.481322290822995,0.053507891967518706,0.1031621197919236,
17639,TIM Participacoes SA,2014,32695111.0,19498165.0,1546419.0,15322034.0,17373077.0,17.302736113986278,16.785830916541947,0.5313662033445918,0.04729817250046957,0.10092778804693946,
17639,TIM Participacoes SA,2015,35403652.0,17138851.0,2071145.0,16933044.0,18470608.0,17.382325536624787,16.656858432714188,0.5217147654710875,0.058500885727833955,0.12231380252717704,
17639,TIM Participacoes SA,2016,34655680.0,15617413.0,750427.0,17187513.0,17468167.0,17.360972195129882,16.563897067660424,0.5040491775085643,0.021653795279734808,0.04366117424900275,
17639,TIM Participacoes SA,2017,32600365.0,16233959.0,1234507.0,18151184.0,14449181.0,17.299834042593275,16.602615840736437,0.44322144859421053,0.03786788890247088,0.068012477863703,
17639,TIM Participacoes SA,2018,31957889.0,16981329.0,2545101.0,19794837.0,12163052.0,17.279929625366723,16.64762500433589,0.38059622774207647,0.07963920896026642,0.12857398118509386,
17639,TIM Participacoes SA,2019,40348924.0,17377194.0,3622127.0,22431818.0,17917106.0,17.513075285658005,16.670669214824613,0.4440541214928061,0.0897701014282314,0.16147273484476382,
17671,TELEFÔNICA BRASIL S.A,2010,19966294.0,15756144.0,2398836.0,11667114.0,8299180.0,16.80955610980265,16.572740942406647,0.41565951097384424,0.12014427915365766,0.2056066307400442,0.040232927474854296
17671,TELEFÔNICA BRASIL S.A,2011,65489973.0,29128740.0,4362199.0,43330785.0,22159188.0,17.997407604917466,17.187235873623187,0.33836001123408616,0.0666086547325344,0.1006720510602335,0.319436775262286
17671,TELEFÔNICA BRASIL S.A,2012,70254667.0,33931422.0,4452181.0,44681120.0,25573547.0,18.06763729813518,17.339852045696546,0.36401207339008523,0.06337203192493959,0.0996434511937033,-0.04798255179934563
17671,TELEFÔNICA BRASIL S.A,2013,69541075.0,34721897.0,3715945.0,42894442.0,26646633.0,18.057428143153295,17.362881083360644,0.38317833021706954,0.0534352539128853,0.08662998809962372,-0.012345679012345512
17671,TELEFÔNICA BRASIL S.A,2014,73065288.0,34999969.0,4936659.0,44950095.0,28115193.0,18.10686395557887,17.370857733739008,0.38479548592212487,0.06756503854470539,0.10982532962388622,0.017602040816326436
17671,TELEFÔNICA BRASIL S.A,2015,101685064.0,40286815.0,3420249.0,68567242.0,33117822.0,18.437390986909815,17.511534802168853,0.3256901328202931,0.03363570681334281,0.04988167673420494,-0.09601063829787237
17671,TELEFÔNICA BRASIL S.A,2016,102066259.0,42508459.0,4085242.0,69244419.0,32821840.0,18.44113275839028,17.565213649383868,0.32157385135473615,0.04002539174086904,0.0589974189833263,0.10671936758893263
17671,TELEFÔNICA BRASIL S.A,2017,101382835.0,43206832.0,4608790.0,69461358.0,31921477.0,18.43441435471297,17.581509188858387,0.31486076513839845,0.04545927325863397,0.06635041601115832,0.1808541129263399
17671,TELEFÔNICA BRASIL S.A,2018,102561318.0,43462740.0,8928258.0,71607027.0,30954291.0,18.4459714020681,17.587414577284733,0.3018125313093188,0.08705287894213684,0.12468410397767248,0.001941276389225921
17671,TELEFÔNICA BRASIL S.A,2019,108289722.0,44268171.0,5001014.0,70455578.0,37834144.0,18.50032080442055,17.60577648919481,0.34937890042787256,0.04618179738239609,0.07098109393127114,0.16761904761904756
17671,TELEFÔNICA BRASIL S.A,2020,108738378.0,43126472.0,4770527.0,69556764.0,39181614.0,18.504455353256656,17.5796475660666,0.36032921145835006,0.0438716034554056,0.0685846598614047,-0.01878033340367169
17671,TELEFÔNICA BRASIL S.A,2021,115663533.0,44032613.0,6229357.0,70006196.0,45657337.0,18.566195956657,17.60044112187156,0.394742714628992,0.05385757151305416,0.08898293802451429,0.049433797909407495
17671,TELEFÔNICA BRASIL S.A,2022,119121483.0,48041162.0,4057902.0,68455847.0,50665636.0,18.595654395893156,17.687568743060048,0.425327444924439,0.034065240776090744,0.05927765381385172,-0.21957671957671954
17671,TELEFÔNICA BRASIL S.A,2023,120737980.0,52100151.0,5039977.0,69627320.0,51110660.0,18.609133301028614,17.76867840499195,0.4233188264372155,0.04174309525469947,0.07238504943174605,0.4498100922409116
17671,TELEFÔNICA BRASIL S.A,2024,124940673.0,55845048.0,5557332.0,69799495.0,55141178.0,18.64334956660075,17.838091413478587,0.441338890498853,0.04447976680900382,0.07961851299927027,-0.13244296048970494
17671,TELEFÔNICA BRASIL S.A,2025,128071708.0,59595000.0,6177543.0,69002726.0,59068982.0,18.66810088376995,17.903082235898946,0.4612180388817802,0.04823503251787663,0.08952607176707772,0.3455284552845528
17710,Vivo Participacoes SA,2010,21843778.0,18105885.0,1893833.0,10140252.0,11703526.0,16.899426679228725,16.711747581511656,0.5357830499833866,0.08669896755039352,0.18676389896424664,-0.012962962962963065
17892,Santos Brasil Participações S.A.,2010,2022777.0,865533.0,111229.0,1213709.0,809068.0,14.519981877745627,13.671100781121105,0.3999788409696175,0.054988266131165225,0.09164387839259658,
17892,Santos Brasil Participações S.A.,2011,2408421.0,1124670.0,246336.0,1285652.0,1122769.0,14.694481904016229,13.933000217256687,0.46618469113165845,0.10228112111628324,0.1916039488135203,
17892,Santos Brasil Participações S.A.,2012,2187002.0,1293169.0,270212.0,1368901.0,818101.0,14.598042214153228,14.072606353002636,0.37407418923256586,0.12355361357694232,0.19739338345139643,
17892,Santos Brasil Participações S.A.,2013,2206630.0,1377354.0,255060.0,1447969.0,758661.0,14.60697702279283,14.135674825281257,0.3438097914013677,0.11558802336594717,0.1761501800107599,
17892,Santos Brasil Participações S.A.,2014,2162126.0,1003545.0,91559.0,1429161.0,732965.0,14.586602554854068,13.819049289262438,0.3390019823081541,0.04234674574932266,0.06406486043209968,
17892,Santos Brasil Participações S.A.,2015,2018451.0,964320.0,-18129.0,1407218.0,611233.0,14.51784094352841,13.779178468716871,0.30282280818310675,-0.008981639881275295,-0.012882865341404103,
17892,Santos Brasil Participações S.A.,2016,1893843.0,834101.0,-19910.0,1389132.0,504711.0,14.454118655944905,13.634109777126,0.26650097183346244,-0.010513015070415023,-0.014332691205731348,
17892,Santos Brasil Participações S.A.,2017,2764690.0,824052.0,-5321.0,1330820.0,1433870.0,14.832439070920765,13.621988913696574,0.5186368091901804,-0.0019246280776506587,-0.003998286770562511,0.49339207048458156
17892,Santos Brasil Participações S.A.,2018,2858331.0,921515.0,2979.0,1341127.0,1517204.0,14.865748446021303,13.733774333767455,0.5308006665428182,0.0010422165942292898,0.0022212661440713668,0.41000000000000014
17892,Santos Brasil Participações S.A.,2019,3196122.0,972594.0,15375.0,1352384.0,1843738.0,14.977448757855637,13.787722007901332,0.5768672159573383,0.0048105172455869954,0.011368812408310065,1.0197530864197533
17892,Santos Brasil Participações S.A.,2020,4229264.0,929563.0,-13761.0,2097210.0,2132054.0,15.257538540611659,13.742469862222256,0.5041193928778152,-0.0032537576278047434,-0.006561574663481482,-0.3589743589743589
17892,Santos Brasil Participações S.A.,2021,4752317.0,1534229.0,271732.0,2187228.0,2565089.0,15.374142846553896,14.243538532688222,0.5397554498153216,0.05717884560310266,0.12423579069031669,0.2732673267326733
17892,Santos Brasil Participações S.A.,2022,4348678.0,1931841.0,429450.0,2092883.0,2255795.0,15.28538244882948,14.473983992231277,0.5187312098067505,0.09875415011182709,0.2051954170395574,0.1923664122137405
17892,Santos Brasil Participações S.A.,2023,4707845.0,2134925.0,504304.0,2217018.0,2490827.0,15.364740824135549,14.573942075222211,0.5290800780399525,0.10711992429657306,0.22746951084745365,0.3540462427745663
17892,Santos Brasil Participações S.A.,2024,5541642.0,2903016.0,741966.0,661359.0,4880283.0,15.527801404700357,14.881260754531365,0.8806564913431795,0.13388919746169095,1.1218808544224845,0.45082872928176787
17892,Santos Brasil Participações S.A.,2025,5906097.0,3627414.0,871664.0,1073643.0,4832454.0,15.591495765126751,15.104030555671713,0.8182144654921855,0.14758714596119907,0.8118750832446167,0.10923076923076924
17914,Massa Falida da MMX Mineração e Metálicos S.A.,2010,4048573.0,724975.0,39684.0,2431149.0,1617424.0,15.213875031315386,13.493892450483647,0.3995047143771398,0.009801972201069365,0.016323145969251576,
17914,Massa Falida da MMX Mineração e Metálicos S.A.,2011,6253077.0,1035684.0,-2153.0,2907281.0,3345796.0,15.648584220562855,13.850572635968696,0.5350639373223774,-0.00034431048906002594,-0.0007405544906047953,
17914,Massa Falida da MMX Mineração e Metálicos S.A.,2012,7739234.0,806013.0,-795703.0,2440214.0,5299020.0,15.861813274260143,13.599855150390953,0.6846956688478472,-0.10281418031810384,-0.32607918813677816,
17914,Massa Falida da MMX Mineração e Metálicos S.A.,2013,7245982.0,1041164.0,-2068481.0,1397950.0,5848032.0,15.795957666304899,13.855849876014982,0.8070723885320168,-0.28546593132580234,-1.4796530634142853,
17914,Massa Falida da MMX Mineração e Metálicos S.A.,2014,3237852.0,329046.0,-2223688.0,-828291.0,4066143.0,14.990420704948427,12.703952837603115,1.2558149662183447,-0.6867787656755158,2.6846700012435245,
17914,Massa Falida da MMX Mineração e Metálicos S.A.,2015,405371.0,367.0,96071.0,-734161.0,1139532.0,12.912557976154213,5.905361848054571,2.811084167343002,0.2369952463299052,-0.1308582177478782,
17914,Massa Falida da MMX Mineração e Metálicos S.A.,2016,186186.0,2723.0,412821.0,-473432.0,659618.0,12.134501453028422,7.909489492673759,3.542790542790543,2.2172504914440396,-0.8719752783926731,
17914,Massa Falida da MMX Mineração e Metálicos S.A.,2017,168726.0,454.0,-27799.0,-501230.0,669956.0,12.036031376398014,6.118097198041348,3.970674347759089,-0.16475824709884665,0.05546156455120404,
17914,Massa Falida da MMX Mineração e Metálicos S.A.,2018,122689.0,2699.0,-111581.0,-612811.0,735500.0,11.71740797712849,7.900636613018005,5.994832462567956,-0.9094621359698098,0.18208060886635521,
17914,Massa Falida da MMX Mineração e Metálicos S.A.,2019,122734.0,1251.0,-120695.0,-733506.0,856240.0,11.71777469092878,7.1316985104669115,6.976387960956214,-0.9833868365734026,0.16454534795898057,
17914,Massa Falida da MMX Mineração e Metálicos S.A.,2020,127923.0,256.0,-81048.0,-814554.0,942477.0,11.759183799390437,5.545177444479562,7.367533594427898,-0.6335686311296639,0.0994998489971199,
17973,COGNA EDUCAÇÃO S.A.,2010,1094786.0,599681.0,-29623.0,816176.0,278610.0,13.906069468343112,13.30415312614678,0.2544880917366499,-0.027058256134075517,-0.036294867773617456,0.18814573137574753
17973,COGNA EDUCAÇÃO S.A.,2011,2966472.0,734553.0,37375.0,1475331.0,1491141.0,14.902883925903776,13.507017429923376,0.5026647815991522,0.012599141336914692,0.02533329808700556,-0.06838905775075965
17973,COGNA EDUCAÇÃO S.A.,2012,3783920.0,1405566.0,202044.0,2246204.0,1537716.0,15.14627106728137,14.155950626604016,0.4063817416858707,0.053395420622000464,0.0899490874381846,1.55524861878453
17973,COGNA EDUCAÇÃO S.A.,2013,4079162.0,2015942.0,516571.0,2618689.0,1460473.0,15.221402133127624,14.516597137918266,0.3580326057165663,0.12663654936969898,0.19726321071345243,0.7448888888888889
17973,COGNA EDUCAÇÃO S.A.,2014,15486180.0,3774475.0,1000600.0,11446408.0,4039772.0,16.55545857126304,15.143771858146055,0.2608630404657572,0.06461244800202504,0.08741606973995684,0.6315789472631581
17973,COGNA EDUCAÇÃO S.A.,2015,16638854.0,5265058.0,1396134.0,12459688.0,4179166.0,16.627251120793368,15.476602719633885,0.2511691009488995,0.08390806241824106,0.11205208348716277,-0.4036295370080796
17973,COGNA EDUCAÇÃO S.A.,2016,17601065.0,5244718.0,1864635.0,13849364.0,3751701.0,16.683469969541278,15.472732032876175,0.21315193143142191,0.1059387599557186,0.1346368685233488,0.2587346555597376
17973,COGNA EDUCAÇÃO S.A.,2017,18667762.0,5557748.0,1882316.0,15207726.0,3460036.0,16.742308636881223,15.530703548206317,0.1853481954612449,0.10083244043929851,0.12377366609577263,0.5181518151785227
17973,COGNA EDUCAÇÃO S.A.,2018,30645039.0,6060708.0,1392856.0,16006830.0,14638209.0,17.237981347539435,15.617337182904375,0.47766977878540146,0.0454512719008124,0.08701635489350483,-0.4931428571489632
17973,COGNA EDUCAÇÃO S.A.,2019,34118446.0,7027194.0,242588.0,15835269.0,18283177.0,17.345348734415722,15.765298037591737,0.5358736737306266,0.007110171430433848,0.015319474522346289,0.2532894735608191
17973,COGNA EDUCAÇÃO S.A.,2020,30783788.0,5269144.0,-5805798.0,14285164.0,16498624.0,17.24249874572947,15.477378478482047,0.5359517158836983,-0.18859920682925702,-0.40642151535677157,-0.6141666667071528
17973,COGNA EDUCAÇÃO S.A.,2021,28512853.0,4778057.0,-512985.0,13770664.0,14742189.0,17.165865526032995,15.379544536474423,0.517036615031123,-0.01799135989653508,-0.03725201631526265,-0.5000000001117886
17973,COGNA EDUCAÇÃO S.A.,2022,26396751.0,5092202.0,-540998.0,13241388.0,13155363.0,17.088751492361215,15.443220907943298,0.49837053810145043,-0.02049487075132845,-0.040856592979527526,-0.17829457360044465
17973,COGNA EDUCAÇÃO S.A.,2023,25135863.0,5814798.0,-511353.0,12706279.0,12429584.0,17.03980618911259,15.575916605584327,0.4944960115353907,-0.020343562502707784,-0.04024411867549894,0.7715736041232704
17973,COGNA EDUCAÇÃO S.A.,2024,24200400.0,6390593.0,991631.0,13545135.0,10655265.0,17.001879719915934,15.670337623299904,0.4402929290424952,0.04097581031718484,0.073209384771728,-0.688571428560653
17973,COGNA EDUCAÇÃO S.A.,2025,24122987.0,7016663.0,586035.0,13454750.0,10668237.0,16.99867576129347,15.763798306859098,0.44224361601654055,0.02429363328844807,0.04355599323658931,2.2485981299302997
18112,Cia de Bebidas das Americas-Ambev,2010,42678300.0,25233310.0,7619243.0,24564842.0,18113458.0,17.569201152301822,17.043675505036365,0.4244184515315746,0.1785273312198471,0.31016861415188424,0.4183006535947711
18112,Cia de Bebidas das Americas-Ambev,2011,46139418.0,27126719.0,8719764.0,25828845.0,20310573.0,17.64717819684619,17.116029741088788,0.440200025930106,0.1889872993196403,0.33759790652659843,0.31940132527338627
18112,Cia de Bebidas das Americas-Ambev,2012,54159769.0,32231027.0,10642555.0,29923817.0,24235952.0,17.807448921418874,17.28844011800626,0.4474899440579224,0.19650296145096188,0.355654995484032,0.5621866361743066
18350,AES Tiete SA,2010,4210730.0,1754323.0,737339.0,1981004.0,2229726.0,15.253146587301682,14.377593585473754,0.5295343087778128,0.17510954157592626,0.37220470024290714,0.23203285420944564
18350,AES Tiete SA,2011,4130717.0,1885956.0,844864.0,1954076.0,2176641.0,15.233961557617318,14.449945412104881,0.5269402382201444,0.20453204613145853,0.4323598468022738,0.1841409691629956
18350,AES Tiete SA,2012,3944328.0,2112435.0,901263.0,1808262.0,2136066.0,15.187789155546907,14.563351868509315,0.5415538464346779,0.2284959567257084,0.4984139466515361,-0.06758893280632416
18350,AES Tiete SA,2013,4073265.0,2336933.0,881359.0,1783809.0,2289456.0,15.219955447121485,14.664349943875964,0.562069003612581,0.21637654314168117,0.49408821235905864,-0.13853790613718409
18350,AES Tiete SA,2014,4250450.0,3205007.0,449344.0,1364488.0,2885962.0,15.262535417648401,14.980224832421886,0.6789779905657048,0.10571680645578703,0.32931326622146917,-0.027896995708154515
18376,ISA ENERGIA BRASIL S.A,2010,6931418.0,2256286.0,812171.0,4563835.0,2367583.0,15.751574967839376,14.629230656614707,0.34157267675964714,0.11717241695710748,0.1779580111901504,0.06735809300005657
18376,ISA ENERGIA BRASIL S.A,2011,8409496.0,2900805.0,915260.0,4539434.0,3870062.0,15.944872101496976,14.880498842643677,0.46020141991862534,0.10883648675259493,0.2016242553587077,0.08099954474707993
18376,ISA ENERGIA BRASIL S.A,2012,9836575.0,2818988.0,843488.0,5078230.0,4758345.0,16.101618139332633,14.851888513258526,0.4837400212980636,0.0857501721889987,0.16609881789521153,-0.39020332717190376
18376,ISA ENERGIA BRASIL S.A,2013,7010706.0,981168.0,31921.0,4912447.0,2098259.0,15.762948967206293,13.796498977707868,0.29929353762659566,0.004553179094944218,0.006497983591476916,-0.10415973377703824
18376,ISA ENERGIA BRASIL S.A,2014,7142139.0,1102788.0,379732.0,5228612.0,1913527.0,15.781522869282622,13.913352076679757,0.2679207167488619,0.053167825493175086,0.07262577525354721,0.5491217364445431
18376,ISA ENERGIA BRASIL S.A,2015,7338703.0,1287130.0,517186.0,5515001.0,1823702.0,15.808672681979608,14.067925491578096,0.2485046744635939,0.07047376082667468,0.0937780428326305,0.2186666672005484
18376,ISA ENERGIA BRASIL S.A,2016,15066999.0,7789240.0,4949334.0,10297123.0,4769876.0,16.52801741341321,15.86825385211194,0.316577707345703,0.32848837382945334,0.48065212001449337,0.45467495476277087
18376,ISA ENERGIA BRASIL S.A,2017,17252173.0,2701193.0,1385460.0,11199656.0,6052517.0,16.663448664522452,14.809204085238624,0.35082635677256424,0.0803064054597644,0.12370558524297531,0.058544303797468444
18376,ISA ENERGIA BRASIL S.A,2018,18542224.0,3184654.0,1895245.0,11299525.0,7242699.0,16.73556106775779,14.973854206864356,0.39060573316340047,0.10221238833054762,0.16772784696701853,0.07539250738380243
18376,ISA ENERGIA BRASIL S.A,2019,21599094.0,3305155.0,1779451.0,13761607.0,7837487.0,16.888161927330255,15.010993928806643,0.3628618404086764,0.08238544635251831,0.12930546556081712,0.3241460196452133
18376,ISA ENERGIA BRASIL S.A,2020,24592358.0,3696428.0,3382650.0,14125442.0,10466916.0,17.017946302234254,15.12287750590511,0.4256166082162597,0.13754882716004704,0.23947215244662787,0.24373881932021457
18376,ISA ENERGIA BRASIL S.A,2021,28976739.0,5534129.0,3037808.0,14792735.0,14184004.0,17.182003962645382,15.526444749501849,0.4894962128071071,0.10483608938880251,0.20535810314995842,-0.1576576576576577
18376,ISA ENERGIA BRASIL S.A,2022,32243550.0,5450570.0,2319791.0,16536481.0,15707069.0,17.28882858120339,15.511230748326534,0.4871383268901842,0.0719458930545799,0.1402832319645274,-0.06199021207177813
18376,ISA ENERGIA BRASIL S.A,2023,35911156.0,6215521.0,2892362.0,17791712.0,18119444.0,17.396558557274215,15.642560108858348,0.5045630945436566,0.08054215798566886,0.1625679417472585,0.2200736648250461
18376,ISA ENERGIA BRASIL S.A,2024,43304632.0,7966581.0,3552731.0,20071282.0,23233350.0,17.583770161847188,15.89076597503774,0.5365095817001747,0.0820404385378451,0.17700568404150765,-0.04164931278633899
18376,ISA ENERGIA BRASIL S.A,2025,47201372.0,9411153.0,2511015.0,21437011.0,25764361.0,17.669933517929934,16.0574060332797,0.5458392395882052,0.05319792399254835,0.11713456694125875,0.13801652892561989
18465,ULTRAPAR PARTICIPACOES S.A.,2010,12989843.0,42481712.0,765186.0,5175583.0,7814260.0,16.379678302353575,17.564584235404148,0.6015669319482922,0.05890648562881014,0.14784537316858795,0.28957055214723915
18465,ULTRAPAR PARTICIPACOES S.A.,2011,13742739.0,48661304.0,854787.0,5577236.0,8165503.0,16.436021169870074,17.70039469315212,0.5941685278313151,0.06219917295962617,0.1532635520533827,0.23115384615384604
18465,ULTRAPAR PARTICIPACOES S.A.,2012,15299925.0,53919424.0,1017864.0,6015736.0,9284189.0,16.543358484389866,17.803001342018685,0.6068127131342147,0.06652738493816146,0.16920024415965063,0.4836538461538462
18465,ULTRAPAR PARTICIPACOES S.A.,2013,16378545.0,60940246.0,1228713.0,6546886.0,9831659.0,16.611482804604943,17.925404368271156,0.6002767034556489,0.07501966749793709,0.1876789973126155,0.28325688073394506
18465,ULTRAPAR PARTICIPACOES S.A.,2014,19480382.0,67736298.0,1251213.0,7726595.0,11753787.0,16.784918465842654,18.031132753727665,0.6033653241502143,0.06422938728819588,0.16193588508262696,-0.07729555236728824
18465,ULTRAPAR PARTICIPACOES S.A.,2015,20966049.0,75655274.0,1512972.0,7974129.0,12991920.0,16.858414973109163,18.141697711565037,0.6196646778799382,0.07216295259063832,0.1897350795303161,0.23116089613034618
18465,ULTRAPAR PARTICIPACOES S.A.,2016,24159670.0,77352955.0,1570618.0,8558558.0,15601112.0,17.000195271997207,18.163889337227133,0.6457502109921204,0.06500991114530952,0.18351432566093495,0.09414961636828645
18465,ULTRAPAR PARTICIPACOES S.A.,2017,28340322.0,80007422.0,1573868.0,9720832.0,18619490.0,17.159796154194723,18.197629963334823,0.6569964166250475,0.05553458425772297,0.16190671744969978,0.13122171945701355
18465,ULTRAPAR PARTICIPACOES S.A.,2018,30499395.0,90697983.0,1132320.0,9800029.0,20699366.0,17.23321740531533,18.323045676690352,0.6786812000697063,0.03712598233505943,0.11554251523133248,-0.2630558249064967
18465,ULTRAPAR PARTICIPACOES S.A.,2019,31195472.0,89297975.0,402944.0,9835175.0,21360297.0,17.255783514042466,18.307489369217834,0.684724276651432,0.012916746379089888,0.04096968279669655,0.029494949494949463
18465,ULTRAPAR PARTICIPACOES S.A.,2020,36250162.0,81241102.0,927697.0,9910265.0,26339897.0,17.405954408220488,18.212931859330887,0.7266146010602657,0.025591527011658597,0.09360970670310027,0.032173913043478164
18465,ULTRAPAR PARTICIPACOES S.A.,2021,39010357.0,109732842.0,883878.0,10469240.0,28541117.0,17.47933773294058,18.513559260567792,0.7316292183637284,0.022657521437191668,0.08442618566390683,-0.39391413088787
18465,ULTRAPAR PARTICIPACOES S.A.,2022,36441003.0,143634708.0,1840069.0,12174968.0,24266035.0,17.41120515467537,18.782783884538205,0.665899207000422,0.05049446635703194,0.15113542803562194,-0.17796610169491534
18465,ULTRAPAR PARTICIPACOES S.A.,2023,38251974.0,126048701.0,2517753.0,14029826.0,24222148.0,17.459705724748318,18.652178906110752,0.6332260918090136,0.0658202110040125,0.17945717929787583,1.2485156912637834
18465,ULTRAPAR PARTICIPACOES S.A.,2024,39558074.0,133498913.0,2525900.0,15823444.0,23734630.0,17.493280377992654,18.709603893449334,0.5999945801203567,0.06385295704740326,0.15963022967692747,-0.38210116731517507
18465,ULTRAPAR PARTICIPACOES S.A.,2025,49348994.0,142369540.0,2541908.0,17730617.0,31618377.0,17.714427938630923,18.77393662956694,0.6407096566142767,0.05150881089896179,0.14336263650610692,0.27439024390243905
18627,Cia. de Saneamento do Paraná (Sanepar),2010,5306878.0,1480274.0,135511.0,2179779.0,3127099.0,15.484514273040045,14.207737763740038,0.5892539832270499,0.025534975554365485,0.062167311456803646,
18627,Cia. de Saneamento do Paraná (Sanepar),2011,5564068.0,1742395.0,284276.0,2310399.0,3253669.0,15.531840053374227,14.370771161551573,0.5847644205642346,0.05109139571982226,0.12304195076261719,
18627,Cia. de Saneamento do Paraná (Sanepar),2012,6171769.0,2123395.0,335756.0,2428830.0,3742939.0,15.635496064674694,14.5685267808447,0.6064612917301344,0.05440190648742686,0.13823775233342803,
18627,Cia. de Saneamento do Paraná (Sanepar),2013,6748027.0,2370179.0,402904.0,3566842.0,3181185.0,15.724760723825527,14.678476037685423,0.4714244622909778,0.059706933597035106,0.11295818542004384,
18627,Cia. de Saneamento do Paraná (Sanepar),2014,7551739.0,2617040.0,421586.0,3801085.0,3750654.0,15.837288425828895,14.777554466072585,0.49666096775855206,0.05582634675271484,0.1109120159112464,
18627,Cia. de Saneamento do Paraná (Sanepar),2015,8244675.0,2971185.0,438444.0,4180307.0,4064368.0,15.925078095369946,14.904471421102569,0.4929688556553169,0.053179051933520724,0.10488320594635753,
18627,Cia. de Saneamento do Paraná (Sanepar),2016,9454119.0,3477525.0,626847.0,4808673.0,4645446.0,16.06196107752075,15.061831391826503,0.4913674135051611,0.06630411569814174,0.13035758513835313,
18627,Cia. de Saneamento do Paraná (Sanepar),2017,10122671.0,3869401.0,686172.0,5152654.0,4970017.0,16.130288119805783,15.168610272664491,0.49097881379331604,0.06778566645107797,0.13316865444487444,
18627,Cia. de Saneamento do Paraná (Sanepar),2018,10781322.0,4162205.0,892487.0,5717188.0,5064134.0,16.19332575043448,15.241555539888507,0.46971363994137266,0.08278085006643898,0.1561059387936867,0.06956521720529296
18627,Cia. de Saneamento do Paraná (Sanepar),2019,11939604.0,4722826.0,1080034.0,6173914.0,5765690.0,16.295371499549585,15.367917907208712,0.48290462564755077,0.09045810899590975,0.17493505740442772,0.767514813390116
18627,Cia. de Saneamento do Paraná (Sanepar),2020,13190858.0,4799655.0,996343.0,6943163.0,6247695.0,16.395034571857643,15.384054598294988,0.47363825764783457,0.07553284251865952,0.14349987174433324,-0.17851500789889407
18627,Cia. de Saneamento do Paraná (Sanepar),2021,14640589.0,5204412.0,1177631.0,7826342.0,6814247.0,16.499308297928582,15.465017285350095,0.4654353045495642,0.08043603983418973,0.1504701685666177,-0.2643898695318495
18627,Cia. de Saneamento do Paraná (Sanepar),2022,16657196.0,5673647.0,1151538.0,8786887.0,7870309.0,16.628352873214773,15.551342678809664,0.47248702602766995,0.06913156331954069,0.1310518730922567,-0.04696569920844329
18627,Cia. de Saneamento do Paraná (Sanepar),2023,18803905.0,6292736.0,1503363.0,9744200.0,9059705.0,16.749575118996827,15.654906510254545,0.48179912629850025,0.07994951048731633,0.15428285544221176,0.7323442136498515
18627,Cia. de Saneamento do Paraná (Sanepar),2024,20508000.0,6848219.0,1545347.0,10828707.0,9679293.0,16.836325611885727,15.739499176432549,0.4719764482153306,0.07535337429295884,0.142708358440209,-0.05153583617747448
18627,Cia. de Saneamento do Paraná (Sanepar),2025,26465924.0,7205727.0,2079568.0,12347781.0,14118143.0,17.091368576702152,15.790386684476763,0.5334460644563175,0.07857530309540675,0.16841633326668168,0.43500000000000005
18660,CPFL ENERGIA S.A.,2010,20056805.0,12023729.0,1560037.0,6749656.0,13307149.0,16.814079055629453,16.302392671904137,0.6634730207528068,0.07778093270588211,0.23112837157923308,0.12876712328767148
18660,CPFL ENERGIA S.A.,2011,27413057.0,12764028.0,1582384.0,8552510.0,18860547.0,17.126529990699296,16.36214146004756,0.6880132704645089,0.05772373362080705,0.18501983628198038,0.27174975562072334
18660,CPFL ENERGIA S.A.,2012,31075687.0,15055147.0,1256734.0,8407061.0,22668626.0,17.251936302920377,16.527230484048243,0.7294649994383069,0.04044106892954611,0.14948553364844147,-0.1541501976284585
18660,CPFL ENERGIA S.A.,2013,31042796.0,14633856.0,949036.0,8798718.0,22244078.0,17.250877326542163,16.498848306279296,0.7165616782715062,0.0305718595708969,0.10786071334483047,-0.14738722644037527
18660,CPFL ENERGIA S.A.,2014,35098816.0,17305942.0,886443.0,9384512.0,25714304.0,17.37367795567342,16.666560468704397,0.7326259666422936,0.025255638252868702,0.09445808157099699,-0.001080497102768807
18660,CPFL ENERGIA S.A.,2015,40532471.0,20205869.0,875277.0,10130138.0,30402333.0,17.51761396393087,16.821483664725992,0.7500735151330892,0.021594464349336116,0.08640326518750288,-0.08818829461589184
18660,CPFL ENERGIA S.A.,2016,42170992.0,19112089.0,879057.0,10372668.0,31798324.0,17.557243149278168,16.76583162473709,0.7540331040825409,0.020845063355398423,0.08474743431487444,0.6428586118596626
18660,CPFL ENERGIA S.A.,2017,41282912.0,26744905.0,1243042.0,11186344.0,30096568.0,17.535959219285225,17.101854545875373,0.7290320992860193,0.030110327488526004,0.11112138157024315,-0.23000397930760041
18660,CPFL ENERGIA S.A.,2018,42211530.0,28136627.0,2165995.0,12532383.0,29679147.0,17.55820396443652,17.152582737505227,0.7031052179345312,0.05131287588959699,0.1728318548834647,0.5403096636412172
18660,CPFL ENERGIA S.A.,2019,44078293.0,29932474.0,2748297.0,13283238.0,30795055.0,17.601477997013728,17.214454535951695,0.6986444552197155,0.06235035009182411,0.2068996279371039,0.3171545016672841
18660,CPFL ENERGIA S.A.,2020,49106884.0,30898458.0,3706986.0,14235778.0,34871106.0,17.70950978660312,17.24621683771016,0.7101062653456082,0.07548811282752128,0.26039925601537195,-0.026905829596412745
18660,CPFL ENERGIA S.A.,2021,66119878.0,39210148.0,4853751.0,16805878.0,49314000.0,18.00697998578533,17.4844461488087,0.7458271474729581,0.07340834778914747,0.28881269993748615,-0.16986386138613863
18660,CPFL ENERGIA S.A.,2022,71146081.0,39354237.0,5218813.0,17539944.0,53606137.0,18.08024580016795,17.488114201745283,0.7534657741724382,0.07335348520461725,0.29753874926852675,0.21478229052323483
18660,CPFL ENERGIA S.A.,2023,74971227.0,39743190.0,5537162.0,19998753.0,54972474.0,18.13261495789193,17.49794906363282,0.7332476231181331,0.07385716122800018,0.2768753631788942,0.27940199335548166
18660,CPFL ENERGIA S.A.,2024,77129194.0,42628210.0,5761554.0,21795029.0,55334165.0,18.160992417965787,17.568026798650344,0.7174217975102917,0.0747000415951449,0.26435174736404343,-0.17195281782437744
18660,CPFL ENERGIA S.A.,2025,81099930.0,44367780.0,5742553.0,23504509.0,57595421.0,18.211192655953333,17.608024088296734,0.7101784304869314,0.07080835951399711,0.2443170797569096,0.6858589054096804
18724,BRADESPAR S.A.,2010,14281252.0,4831326.0,1780240.0,7022412.0,7258840.0,16.474458186102506,15.390631522112638,0.5082775655803847,0.12465573746615492,0.2535083387303394,0.10510204081632657
18724,BRADESPAR S.A.,2011,10739426.0,0.0,2023552.0,8674653.0,2064773.0,16.18943220055158,0.0,0.1922610202817171,0.18842273320752898,0.2332718092585375,-0.284811554953735
18724,BRADESPAR S.A.,2012,11060825.0,0.0,476737.0,9316345.0,1744480.0,16.218920144404926,0.0,0.15771698765688816,0.043101396143596885,0.0511721066577075,0.07816091954022997
18724,BRADESPAR S.A.,2013,10858768.0,0.0,-47709.0,9034225.0,1824543.0,16.200483422204254,0.0,0.16802486248900428,-0.004393592348597926,-0.005280917842980444,-0.21575984990619146
18724,BRADESPAR S.A.,2014,10598919.0,0.0,101483.0,8937995.0,1660924.0,16.176262572749792,0.0,0.15670692454579566,0.009574844377997417,0.011354112415592088,-0.4090909091031063
18724,BRADESPAR S.A.,2015,9694451.0,0.0,-2590301.0,7917193.0,1777258.0,16.087064217928127,0.0,0.18332734881015955,-0.26719419181137744,-0.32717416387348397,-0.5799663299443514
18724,BRADESPAR S.A.,2016,10277017.0,0.0,629323.0,7910913.0,2366104.0,16.145420600785076,0.0,0.23023256651224766,0.06123595981207387,0.07955124775104971,1.9174852655804049
18724,BRADESPAR S.A.,2017,11322515.0,0.0,2328375.0,8806008.0,2516507.0,16.24230377920739,0.0,0.22225689257201248,0.20564114951492668,0.2644075499363616,0.8969616900957054
18724,BRADESPAR S.A.,2018,10634336.0,0.0,1190496.0,9959844.0,674492.0,16.179598569312347,0.0,0.06342586880835813,0.11194831534380707,0.11952958299346857,0.15446265872202058
18724,BRADESPAR S.A.,2019,10106102.0,0.0,-403207.0,9560855.0,545247.0,16.12864995779711,0.0,0.05395225577576795,-0.03989738081012838,-0.04217269271419763,0.26294952134682514
18724,BRADESPAR S.A.,2020,11297846.0,0.0,1467052.0,11254811.0,43035.0,16.240122646043343,0.0,0.003809133174589209,0.12985236300795744,0.13034887924817218,0.6930640446771401
18724,BRADESPAR S.A.,2021,7553824.0,0.0,8079261.0,7502810.0,51014.0,15.837564483068633,0.0,0.006753400661704588,1.069559073655939,1.0768313471885866,-0.05879076594557797
18724,BRADESPAR S.A.,2022,8062022.0,0.0,3727675.0,7477001.0,585021.0,15.902674951506926,0.0,0.07256504633701075,0.46237469954807864,0.49855216015084125,0.15216310376935516
18724,BRADESPAR S.A.,2023,7890458.0,0.0,1896619.0,7834019.0,56439.0,15.881164739299559,0.0,0.007152816731297473,0.24036868328809305,0.24210038295796832,-0.11790993468545896
18724,BRADESPAR S.A.,2024,8606884.0,0.0,1192208.0,8483367.0,123517.0,15.968072906138676,0.0,0.014350954422064943,0.13851795841561243,0.1405347664435595,-0.32601626016260177
18724,BRADESPAR S.A.,2025,7999560.0,0.0,546993.0,7647771.0,351789.0,15.894897098131555,0.0,0.04397604368240253,0.0683778857837181,0.07152319283618717,0.1463133640552996
18821,MOTIVA INFRAESTRUTURA DE MOBILIDADE S.A.,2010,12767531.0,4657256.0,677508.0,3140390.0,9627141.0,16.36241586554093,15.353936991465044,0.754033101623172,0.05306491912962655,0.21574008323806915,0.16957605985037394
18821,MOTIVA INFRAESTRUTURA DE MOBILIDADE S.A.,2011,12851366.0,5134296.0,910769.0,3214215.0,9637151.0,16.36896066715763,15.451453293601265,0.7498931242017386,0.07086943131181542,0.2833565894005224,0.09793351302785269
18821,MOTIVA INFRAESTRUTURA DE MOBILIDADE S.A.,2012,14305826.0,5767698.0,1192373.0,3362332.0,10943494.0,16.476177424847574,15.567783598739863,0.7649676432524763,0.08334876993471052,0.35462678878825765,0.6427364864864864
18821,MOTIVA INFRAESTRUTURA DE MOBILIDADE S.A.,2013,14033010.0,6016558.0,1367884.0,3485541.0,10547469.0,16.45692296933902,15.610025892970125,0.7516184339639179,0.09747616512779511,0.39244524738053577,-0.042048517520215656
18821,MOTIVA INFRAESTRUTURA DE MOBILIDADE S.A.,2014,17223176.0,7397194.0,1349693.0,3670213.0,13552963.0,16.66176647665901,15.81661129707481,0.7869026595327133,0.07836493106730141,0.36774241712946903,-0.09031877213695405
18821,MOTIVA INFRAESTRUTURA DE MOBILIDADE S.A.,2015,21683494.0,8478865.0,786871.0,3904312.0,17779182.0,16.892061883912085,15.953087154470511,0.8199408268796533,0.036288939411701825,0.20153896512368888,-0.12482566248256621
18821,MOTIVA INFRAESTRUTURA DE MOBILIDADE S.A.,2016,24555847.0,9996067.0,1637447.0,4144489.0,20411358.0,17.016460550853655,16.11770227359559,0.8312219081671262,0.06668257055030519,0.3950902029176576,0.1515151515151516
18821,MOTIVA INFRAESTRUTURA DE MOBILIDADE S.A.,2017,30612208.0,10560997.0,1782918.0,8492447.0,22119761.0,17.23690944160989,16.172678244664564,0.7225797302827682,0.058242058201094155,0.2099416104686906,0.10540725530458595
18821,MOTIVA INFRAESTRUTURA DE MOBILIDADE S.A.,2018,30815998.0,9715859.0,636182.0,8432734.0,22383264.0,17.243544528678637,16.089270056853984,0.7263520720633484,0.02064453664619267,0.07544196223905557,-0.2933753943217666
18821,MOTIVA INFRAESTRUTURA DE MOBILIDADE S.A.,2019,33262087.0,10590811.0,1426452.0,8439694.0,24822393.0,17.31992877780618,16.175497296326192,0.7462668533095954,0.042885222445603007,0.16901702834249677,0.6098388464800679
18821,MOTIVA INFRAESTRUTURA DE MOBILIDADE S.A.,2020,33448620.0,9889480.0,86113.0,7939762.0,25508858.0,17.325521088082095,16.10698212385462,0.762628114403524,0.002574485883124625,0.010845791095501352,-0.24112676056338023
18821,MOTIVA INFRAESTRUTURA DE MOBILIDADE S.A.,2021,41356444.0,12244247.0,805596.0,8565800.0,32790644.0,17.537738807679062,16.320566751989997,0.7928787107518238,0.01947933434509021,0.0940479581591912,-0.15709090909090906
18821,MOTIVA INFRAESTRUTURA DE MOBILIDADE S.A.,2022,50547300.0,19181691.0,4212180.0,11822750.0,38724550.0,17.73842008954135,16.769466788288234,0.7661052123456643,0.08333145390554986,0.3562775158063902,-0.13231756214915802
18821,MOTIVA INFRAESTRUTURA DE MOBILIDADE S.A.,2023,54643132.0,18932725.0,1854501.0,13077229.0,41565903.0,17.81633409222826,16.756402464225392,0.7606793658899347,0.03393840967973798,0.14181146479884996,0.399802566633761
18821,MOTIVA INFRAESTRUTURA DE MOBILIDADE S.A.,2024,59097099.0,21783791.0,1311615.0,14002086.0,45095013.0,17.89469239487714,16.89667671909213,0.7630664408755495,0.02219423664095593,0.09367282846284475,-0.2863157894736842
18821,MOTIVA INFRAESTRUTURA DE MOBILIDADE S.A.,2025,71013870.0,18850645.0,3503497.0,16282437.0,54731433.0,18.078385768039528,16.75205768877952,0.7707146927776222,0.049335390396270475,0.21517030896542083,0.4383954154727794
18961,Anhanguera Educacional Participacoes S/A,2010,2929216.0,1003839.0,121622.0,2004760.0,924456.0,14.890245368396384,13.819342207809266,0.31559843999213444,0.04152032489239441,0.06066661345996528,0.593625498007968
18961,Anhanguera Educacional Participacoes S/A,2011,3647600.0,1232168.0,42137.0,2005599.0,1642001.0,15.109579975041648,14.02428577741529,0.45015928281609824,0.011551979383704353,0.021009683391345926,-0.4886797252607479
18961,Anhanguera Educacional Participacoes S/A,2012,3724521.0,1607384.0,152048.0,2209139.0,1515382.0,15.130448810923289,14.290118570748293,0.4068662789121071,0.040823504552665965,0.0688268144286077,0.6230046948356807
18961,Anhanguera Educacional Participacoes S/A,2013,3580217.0,1812782.0,125420.0,2327296.0,1252921.0,15.090933971065036,14.410373239815584,0.3499567205004613,0.03503139614163052,0.05389086734132659,0.2648556876061119
18970,AES Tiete Energia SA,2010,18215134.0,10016982.0,1787147.0,7435024.0,10780110.0,16.717763344971992,16.119792410647094,0.5918216138294673,0.0981133051230916,0.2403686928246634,0.23203285420944564
18970,AES Tiete Energia SA,2011,17203706.0,9917958.0,2667509.0,8059064.0,9144642.0,16.660635383690686,16.109857611297507,0.5315507019243412,0.15505432376024098,0.3309948897291298,0.18414096916299538
18970,AES Tiete Energia SA,2012,16440554.0,10099789.0,836528.0,7344034.0,9096520.0,16.61526164532137,16.128025090504156,0.5532976565144946,0.05088198366064793,0.11390579074116487,-0.06758893280632416
18970,AES Tiete Energia SA,2013,16573460.0,9428650.0,1063465.0,6538341.0,10035119.0,16.623313178709147,16.059263484234,0.6054933007350306,0.06416674611095088,0.1626505867466992,-0.1385379061371842
18970,AES Tiete Energia SA,2014,17673814.0,11765343.0,209826.0,5902875.0,11770939.0,16.68759466707125,16.280668733989767,0.6660101209620063,0.011872140331453075,0.03554640747093577,-0.027896995708154737
18970,AES Tiete Energia SA,2015,4636779.0,2625821.0,803316.0,2018466.0,2618313.0,15.349530502112737,14.780904167012814,0.5646835874644878,0.17324871424754124,0.3979834190915279,-0.21922246220302377
18970,AES Tiete Energia SA,2016,4099579.0,1561348.0,358533.0,1578099.0,2521480.0,15.226394843475454,14.26106010866813,0.6150582779353685,0.08745605341426523,0.2271929707832018,0.018944177394338624
18970,AES Tiete Energia SA,2017,6817913.0,1728125.0,298277.0,1557690.0,5260223.0,15.735063971258295,14.362547563692837,0.771529792181273,0.043749018211291346,0.19148675281988073,-0.010861132660977657
18970,AES Tiete Energia SA,2018,7602605.0,1923533.0,287963.0,1523474.0,6079131.0,15.844001509684583,14.469674157252951,0.799611580504314,0.03787688562012626,0.189017338005112,-0.2262548262548263
18970,AES Tiete Energia SA,2019,7798912.0,2049723.0,300119.0,1451170.0,6347742.0,15.869494794751091,14.533215220033577,0.8139266092501107,0.03848216264012211,0.20681174500575397,0.6353708052179139
18970,AES Tiete Energia SA,2020,10034488.0,2011192.0,848021.0,1842458.0,8192030.0,16.121538517485927,14.514238139085467,0.8163874429866277,0.0845106397057827,0.46026612275557977,0.12296195652173925
19445,CIA SANEAMENTO DE MINAS GERAIS-COPASA MG,2010,7345295.0,3238071.0,669776.0,4222185.0,3123110.0,15.809570530160034,14.990488340094824,0.4251851014833305,0.09118435678893769,0.15863255636595744,-0.13030303030303036
19445,CIA SANEAMENTO DE MINAS GERAIS-COPASA MG,2011,8267308.0,3224932.0,464507.0,4533604.0,3733704.0,15.92781950010304,14.986422422718395,0.4516227047546795,0.056186003956789805,0.10245866202694369,0.15570934256055358
19445,CIA SANEAMENTO DE MINAS GERAIS-COPASA MG,2012,9028137.0,3519027.0,481723.0,4990264.0,4037873.0,16.0158565918155,15.07369508890856,0.4472542895616227,0.05335796299945382,0.09653256821683182,0.3523956723338486
19445,CIA SANEAMENTO DE MINAS GERAIS-COPASA MG,2013,9388470.0,3733397.0,419795.0,5337359.0,4051111.0,16.05499289861127,15.132829101023232,0.431498529579367,0.0447138884184537,0.0786521948401822,-0.15416098226466557
19445,CIA SANEAMENTO DE MINAS GERAIS-COPASA MG,2014,10161975.0,4131432.0,318141.0,5536564.0,4625411.0,16.134163370987146,15.2341346360747,0.45516850809020887,0.03130700478991535,0.057461812055274716,-0.2966480446927373
19445,CIA SANEAMENTO DE MINAS GERAIS-COPASA MG,2015,10930739.0,3834469.0,-11592.0,5646850.0,5283889.0,16.20708946994398,15.159541521658348,0.48339723416687563,-0.0010604955438054096,-0.0020528259117915297,-0.3156732891832229
19445,CIA SANEAMENTO DE MINAS GERAIS-COPASA MG,2016,10947481.0,4032875.0,434161.0,5939687.0,5007794.0,16.20861994210012,15.209990079078123,0.45743801701962306,0.03965852966540887,0.0730949290762291,1.3723289149311761
19445,CIA SANEAMENTO DE MINAS GERAIS-COPASA MG,2017,10809992.0,4326401.0,560438.0,6244343.0,4565649.0,16.195981449559614,15.280246576529754,0.42235452163146836,0.05184444169801421,0.08975131571087623,0.23618233589743598
19445,CIA SANEAMENTO DE MINAS GERAIS-COPASA MG,2018,11178403.0,4737285.0,578700.0,6226633.0,4951770.0,16.22949417112306,15.370974744757246,0.44297651462377946,0.05176947011124934,0.0929394746727485,0.4773109247244447
19445,CIA SANEAMENTO DE MINAS GERAIS-COPASA MG,2019,11528815.0,5157224.0,754374.0,6743713.0,4785102.0,16.26036011159489,15.45590900819604,0.41505584051786765,0.06543378482524007,0.11186330141866951,0.26281574995118584
19445,CIA SANEAMENTO DE MINAS GERAIS-COPASA MG,2020,11772457.0,5343338.0,816477.0,6456612.0,5315845.0,16.28127320851301,15.49136110927969,0.4515493239856387,0.06935485090325665,0.126455949343092,-0.23780015503674667
19445,CIA SANEAMENTO DE MINAS GERAIS-COPASA MG,2021,12721650.0,5894710.0,537587.0,6759958.0,5961692.0,16.35881582444486,15.589565896511132,0.46862568927772735,0.04225764739636761,0.07952519823348014,-0.21006836544437535
19445,CIA SANEAMENTO DE MINAS GERAIS-COPASA MG,2022,13189607.0,6176855.0,843362.0,7254514.0,5935093.0,16.39493972895014,15.63631980022411,0.44998255065522424,0.06394140477422867,0.11625341132431477,0.1931558935361215
19445,CIA SANEAMENTO DE MINAS GERAIS-COPASA MG,2023,14189863.0,7404379.0,1379346.0,7573825.0,6616038.0,16.46803839440322,15.817582139912167,0.46625101313522194,0.09720643532640168,0.18212013084537865,0.35719019218025183
19445,CIA SANEAMENTO DE MINAS GERAIS-COPASA MG,2024,15511789.0,7878006.0,1316920.0,8048229.0,7463560.0,16.557110873439754,15.87958538412732,0.481154043547137,0.0848980088628075,0.16362854486372094,0.006283228612856462
19445,CIA SANEAMENTO DE MINAS GERAIS-COPASA MG,2025,17737247.0,8330190.0,1415744.0,8578303.0,9158944.0,16.69117733678282,15.93539682300655,0.5163678444574854,0.0798175725917331,0.1650377702909305,0.9399293286219081
19453,Ecorodovias Infraestrutura e Logística S.A.,2010,4165776.0,1427608.0,594039.0,1787867.0,2377909.0,15.242413130754494,14.171510874393032,0.5708201785213607,0.14259984214225632,0.33226129236682594,
19453,Ecorodovias Infraestrutura e Logística S.A.,2011,4156437.0,1827371.0,387566.0,1885101.0,2271336.0,15.240168774855373,14.41838887987931,0.5464622704494257,0.09324476709258435,0.20559428911236055,0.13691931540342295
19453,Ecorodovias Infraestrutura e Logística S.A.,2012,6195956.0,2409107.0,427045.0,2125487.0,4070469.0,15.639407379137968,14.694766697381057,0.6569557627588059,0.06892318150742194,0.20091630765090543,0.324655436447167
19453,Ecorodovias Infraestrutura e Logística S.A.,2013,6500768.0,2639059.0,399512.0,2098029.0,4402739.0,15.687430881732404,14.78593297218894,0.6772644401399958,0.06145612333804252,0.19042253467421089,-0.10735826296743045
19453,Ecorodovias Infraestrutura e Logística S.A.,2014,6701870.0,2937001.0,474250.0,1784186.0,4917684.0,15.717897149896398,14.892899550664186,0.7337778858736442,0.07076383158730325,0.26580748868111287,-0.24397163120567378
19453,Ecorodovias Infraestrutura e Logística S.A.,2015,7860983.0,2900707.0,115772.0,1638454.0,6222529.0,15.877422220198818,14.880465058347442,0.791571359459752,0.014727420222127436,0.07065929223524127,-0.4381898454746137
19453,Ecorodovias Infraestrutura e Logística S.A.,2016,6603407.0,2828996.0,-949134.0,572547.0,6030860.0,15.703096285926224,14.855432436355521,0.9132952126076735,-0.14373398459310474,-1.6577398886030317,0.48468468468468484
19453,Ecorodovias Infraestrutura e Logística S.A.,2017,7815758.0,3200704.0,412331.0,756570.0,7059188.0,15.871652510096453,14.978881343573503,0.9031994081700073,0.05275636732867113,0.5450004626141666,0.6689280868385348
19453,Ecorodovias Infraestrutura e Logística S.A.,2018,10020935.0,3169267.0,382135.0,640319.0,9380616.0,16.120186962640826,14.969010888831708,0.9361018707336192,0.03813366716778424,0.5967884757441213,-0.23303352412101386
19453,Ecorodovias Infraestrutura e Logística S.A.,2019,11542453.0,3952889.0,-185460.0,455351.0,11087102.0,16.261542361446825,15.189957261945287,0.9605498935105042,-0.016067641774239843,-0.4072902003070159,0.7194092827004219
19453,Ecorodovias Infraestrutura e Logística S.A.,2020,11093640.0,3999786.0,-423988.0,56181.0,11037459.0,16.221882529097847,15.20175141765299,0.9949357469685334,-0.038219015580098145,-7.546821879283032,-0.11749174917491756
19453,Ecorodovias Infraestrutura e Logística S.A.,2021,16393894.0,4651761.0,367262.0,2330038.0,14063856.0,16.612419506394048,15.352756415548548,0.8578715953634932,0.02240236517327732,0.15762060532918348,-0.4446130500758725
19453,Ecorodovias Infraestrutura e Logística S.A.,2022,18108909.0,6061329.0,234059.0,2518680.0,15590229.0,16.711914585085225,15.617439640931941,0.8609148679249534,0.01292507461382682,0.09292923277272222,-0.44305381727158943
19453,Ecorodovias Infraestrutura e Logística S.A.,2023,25959901.0,8845179.0,596632.0,2986260.0,22973641.0,17.07206363623357,15.995383122793521,0.8849664334236097,0.022982830327434606,0.1997923824449311,1.3432835820895526
19453,Ecorodovias Infraestrutura e Logística S.A.,2024,29296082.0,9872372.0,913451.0,3690546.0,25605536.0,17.19296434490944,16.105250706751217,0.8740259533680989,0.031179971437818886,0.24751107288731802,-0.5646817248459959
19453,Ecorodovias Infraestrutura e Logística S.A.,2025,37100478.0,11521073.0,866818.0,4374396.0,32726082.0,17.4291404115917,16.25968835125565,0.882093271143299,0.0233640655519317,0.19815718558630724,1.4256292906178487
19550,NATURA COSMETICOS S.A.,2010,3221871.0,5136712.0,744050.0,1257502.0,1964369.0,14.985472804673597,15.451923744027273,0.6096982157262039,0.23093724112479985,0.591688919779054,0.2583113456464379
19550,NATURA COSMETICOS S.A.,2011,3793012.0,5591374.0,830901.0,1250245.0,2542767.0,15.148670984388678,15.536735610992778,0.6703820077553142,0.2190609995433708,0.6645905402541102,-0.22021505376344097
19550,NATURA COSMETICOS S.A.,2012,5375379.0,6345669.0,861222.0,1306097.0,4069282.0,15.49733964112008,15.663283090924743,0.7570223420525325,0.1602160517425841,0.6593859414729534,0.6611898016997171
19550,NATURA COSMETICOS S.A.,2013,6248321.0,7010311.0,847806.0,1168250.0,5080071.0,15.647823345622395,15.76289262321925,0.8130297723180355,0.13568541052868444,0.7257059704686497,-0.2843798650752466
19550,NATURA COSMETICOS S.A.,2014,7200083.0,7408422.0,741221.0,1148679.0,6051404.0,15.789603111697618,15.818128019128448,0.8404630891060562,0.10294617437048989,0.6452812317453352,-0.19530065689742293
19550,NATURA COSMETICOS S.A.,2015,9394981.0,7899002.0,522732.0,1077767.0,8317214.0,16.055686168475344,15.882246980343131,0.8852826844460888,0.0556394951730078,0.4850139223041715,-0.22115384615384615
19550,NATURA COSMETICOS S.A.,2016,8421579.0,7912664.0,308238.0,996385.0,7425194.0,15.946307898328227,15.883975071918035,0.8816866765721725,0.036600974710324516,0.30935632310803557,-0.17342908438061033
19550,NATURA COSMETICOS S.A.,2017,14957462.0,9852708.0,670251.0,1634746.0,13322716.0,16.520720863711592,16.103256899221503,0.8907069929377056,0.044810476536727956,0.41000314421934664,0.4280777537796978
19550,NATURA COSMETICOS S.A.,2018,15379549.0,13397419.0,548379.0,2574102.0,12805447.0,16.548549197814683,16.410572634428778,0.8326282519727984,0.035656377179850984,0.21303701251931742,0.4950166112956811
19550,NATURA COSMETICOS S.A.,2019,18133938.0,14444690.0,392391.0,3392677.0,14741261.0,16.713295768190346,16.48583743093914,0.8129100805351821,0.02163848801071229,0.11565822505354915,0.7537414965986395
19550,NATURA COSMETICOS S.A.,2020,25448693.0,18345397.0,1102271.0,6760462.0,18688231.0,17.052174944042847,16.724889256311414,0.7343493435989031,0.0433134621098223,0.16304669710442865,0.4244192978685546
19550,NATURA COSMETICOS S.A.,2021,26270598.0,20735341.0,934152.0,7817396.0,18453202.0,17.083960925011315,16.847350097150734,0.7024279386407573,0.035558840343109056,0.11949656893420776,-0.500392927308448
19550,NATURA COSMETICOS S.A.,2022,24648800.0,20207176.0,123717.0,5992553.0,18656247.0,17.020238775726405,16.821548346810722,0.7568825662912596,0.005019189575151731,0.020645124039787383,-0.5602272727272728
19550,NATURA COSMETICOS S.A.,2023,19557364.0,14928231.0,6439948.0,9373002.0,10184362.0,16.788862448663174,16.518764676226063,0.5207430817363731,0.3292850713419252,0.6870742159235643,0.7043390514631684
19550,NATURA COSMETICOS S.A.,2024,20315234.0,21271580.0,760639.0,9209915.0,11105319.0,16.826881605919954,16.87288246744531,0.5466498195393664,0.03744180352537411,0.08258914441664228,-0.2224253503961
19550,NATURA COSMETICOS S.A.,2025,28971321.0,21823488.0,-1785238.0,12976710.0,15994611.0,17.181816967601343,16.89849737893957,0.552084283626556,-0.06162086982502455,-0.13757246636474113,-0.4377358490566038
19569,Gol Linhas Aéreas Inteligentes S.A.,2010,9063847.0,6979447.0,214197.0,2929169.0,6134678.0,16.019804201582815,15.75848024523895,0.6768293860211895,0.023632018501636227,0.07312551785165007,
19569,Gol Linhas Aéreas Inteligentes S.A.,2011,10655141.0,7539308.0,-751538.0,2205911.0,8449230.0,16.181553056651136,15.835640958584026,0.7929721436816275,-0.0705329005031468,-0.34069280220280873,
19569,Gol Linhas Aéreas Inteligentes S.A.,2012,9027098.0,8103559.0,-1512915.0,732828.0,8294270.0,16.015741500541292,15.907813905858397,0.9188190933564696,-0.16759705056929702,-2.064488529368419,
19569,Gol Linhas Aéreas Inteligentes S.A.,2013,10638448.0,8956212.0,-724590.0,1218500.0,9419948.0,16.179985166576834,16.007857927702446,0.8854626163515581,-0.06811049882464058,-0.5946573656134592,
19569,Gol Linhas Aéreas Inteligentes S.A.,2014,9976647.0,10066214.0,-1117281.0,-332974.0,10309621.0,16.11575761989254,16.12469522577853,1.0333753414348528,-0.11198962938149461,3.355460186080595,
19569,Gol Linhas Aéreas Inteligentes S.A.,2015,10368397.0,9778007.0,-4291240.0,-4322440.0,14690837.0,16.154272987736178,16.09564623801329,1.4168860432331054,-0.41387689919666465,0.9927818546931826,
19569,Gol Linhas Aéreas Inteligentes S.A.,2016,8404355.0,9867335.0,1102364.0,-3356751.0,11761106.0,15.944260581844492,16.104740364818653,1.3994061412208314,0.13116580629923413,-0.32840207688923007,
19569,Gol Linhas Aéreas Inteligentes S.A.,2017,10004748.0,10576022.0,378209.0,-3068946.0,13073694.0,16.118570338276466,16.174099921252985,1.306748955595883,0.03780295115878981,-0.12323742418406841,
19569,Gol Linhas Aéreas Inteligentes S.A.,2018,10378266.0,11411354.0,-779724.0,-4505351.0,14883617.0,16.155224369724152,16.25011938263302,1.434114041786942,-0.075130469772118,0.1730662050526141,
19569,Gol Linhas Aéreas Inteligentes S.A.,2019,15298446.0,13864704.0,179338.0,-7105417.0,22403863.0,16.54326181257677,16.44485688808433,1.46445351377519,0.011722628559789668,-0.025239616478526173,
19569,Gol Linhas Aéreas Inteligentes S.A.,2020,12814136.0,6371817.0,-5895251.0,-13767059.0,26581195.0,16.366059494516385,15.667395230202303,2.074364982547399,-0.4600584073713593,0.4282142613030132,
19569,Gol Linhas Aéreas Inteligentes S.A.,2021,14402343.0,7433384.0,-7183804.0,-21053678.0,35456021.0,16.482901459643998,15.821491763882506,2.461823121418508,-0.49879411981786576,0.34121372997155175,
19569,Gol Linhas Aéreas Inteligentes S.A.,2022,16970285.0,15198725.0,-1561473.0,-21358815.0,38329100.0,16.646974431412342,16.536722100719302,2.258600842590446,-0.09201218482777396,0.07310672431967785,
19569,Gol Linhas Aéreas Inteligentes S.A.,2023,16726194.0,18774024.0,-1222259.0,-23167114.0,39893308.0,16.63248655156494,16.747984770241953,2.385079833463608,-0.0730745440355409,0.052758362565142984,
19569,Gol Linhas Aéreas Inteligentes S.A.,2024,23986261.0,19129573.0,-6067103.0,-29090519.0,53076780.0,16.992991766062055,16.766746020205478,2.2127992353622767,-0.25294075637716107,0.20855946227703948,
19569,Gol Linhas Aéreas Inteligentes S.A.,2025,26682569.0,22103281.0,-1304930.0,-17002393.0,43684962.0,17.099521063731498,16.91123661700712,1.6372097454334327,-0.048905710690750955,0.07674978457444197,
19615,Grendene SA,2010,1999297.0,1604507.0,312467.0,1675666.0,323631.0,14.508306176733614,14.288327102252355,0.16187239814794901,0.15628843538503784,0.18647331866851746,-0.039175257731958624
19615,Grendene SA,2011,2045624.0,1482636.0,305451.0,1800952.0,244672.0,14.531213435389311,14.209332142577303,0.11960751340422286,0.14931922973136802,0.16960529764258014,-0.1686486486486486
19615,Grendene SA,2012,2291452.0,1882326.0,429891.0,1953562.0,337890.0,14.644696235733964,14.44801880410536,0.14745672176419145,0.18760637360066892,0.2200549560239194,1.0873417721518988
19615,Grendene SA,2013,2369342.0,2187264.0,434005.0,2067960.0,301382.0,14.67812283743219,14.598162005679539,0.1272007164858429,0.18317532884657428,0.2098710806785431,0.19013157894736854
19615,Grendene SA,2014,2682013.0,2233298.0,485259.0,2327934.0,354079.0,14.802078189941021,14.618989974672411,0.13201986716693767,0.18093089034244056,0.20845049730791337,-0.11866359447004593
19615,Grendene SA,2015,3045642.0,2202796.0,539311.0,2616760.0,428882.0,14.92922227434147,14.605238020498104,0.1408182576941085,0.17707629458747942,0.2060987633562115,0.10426229508196716
19615,Grendene SA,2016,3253820.0,2045115.0,633955.0,2922070.0,331750.0,14.995340248697607,14.530964580596754,0.10195708428862076,0.1948340719523514,0.21695407707549785,0.02507288629737614
19615,Grendene SA,2017,3576008.0,2251972.0,660903.0,3217609.0,358399.0,15.089757652409505,14.627316834771882,0.10022320979147697,0.18481586170948164,0.20540189936067435,0.7572575663990113
19615,Grendene SA,2018,3860756.0,2333452.0,585530.0,3465042.0,395714.0,15.166373577186222,14.662859274201153,0.10249650586569055,0.1516620060941432,0.16898207871650617,-0.0803738317757009
19615,Grendene SA,2019,4064447.0,2071034.0,494954.0,3682436.0,382011.0,15.217788252349461,14.543558557432725,0.09398843188261527,0.12177646799183259,0.13440939638869487,0.5763799743260589
19615,Grendene SA,2020,4675706.0,1896785.0,405206.0,4230168.0,445538.0,15.35789072534593,14.455670905646391,0.09528785599436748,0.08666199286268213,0.09578957620595684,-0.3164763458401304
19615,Grendene SA,2021,4554495.0,2342546.0,601005.0,4094330.0,460165.0,15.331625215351051,14.666748930041717,0.10103535079081215,0.13195864744609445,0.14678958462068276,-0.035674470457079166
19615,Grendene SA,2022,4821920.0,2512656.0,568027.0,4364132.0,457788.0,15.388682746959331,14.73685091897423,0.0949389454822975,0.11780100043136343,0.13015807037917276,-0.28042959427207637
19615,Grendene SA,2023,4075361.0,2433607.0,557671.0,3659443.0,415918.0,15.220469889690385,14.704885076880135,0.10205672577226901,0.13683965665863712,0.15239231762866645,0.1477272727272727
19615,Grendene SA,2024,4500059.0,2628580.0,735236.0,4040946.0,459113.0,15.31960106576571,14.78195433438815,0.10202377346608123,0.1633836356367772,0.18194650460560471,-0.2844574780058652
19615,Grendene SA,2025,4501382.0,2584341.0,644808.0,3153958.0,1347424.0,15.319895018702695,14.764981101122162,0.2993356262587801,0.14324667402144498,0.20444406678846072,-0.10852713178294582
19623,Diagnósticos da América S.A. (Dasa),2010,1944939.0,1501967.0,97966.0,614887.0,1330052.0,14.480741172075005,14.222286140359133,0.6838528097796384,0.05036970311151147,0.15932358303232952,
19623,Diagnósticos da América S.A. (Dasa),2011,4282796.0,2179874.0,145255.0,2542020.0,1740776.0,15.270116625297383,14.594777634929756,0.4064578373567174,0.033915927819116294,0.05714156458249738,
19623,Diagnósticos da América S.A. (Dasa),2012,4272175.0,2264142.0,84728.0,2607192.0,1664983.0,15.267633623202624,14.632706437186396,0.38972724666007363,0.019832520905627697,0.03249779839766308,
19623,Diagnósticos da América S.A. (Dasa),2013,4691811.0,2487487.0,131582.0,2708810.0,1983001.0,15.361329206614265,14.726783521870574,0.42265150919335837,0.028045034209604778,0.04857557377593851,
19623,Diagnósticos da América S.A. (Dasa),2014,4609536.0,2697573.0,82647.0,2772166.0,1837370.0,15.343637759147985,14.807863037842786,0.39860194171387314,0.017929570351549483,0.029813149717585453,
19623,Diagnósticos da América S.A. (Dasa),2015,4681796.0,2794399.0,24204.0,2789950.0,1891846.0,15.359192354960292,14.84312761461612,0.4040855261527841,0.00516981090162835,0.0086754242907579,
19623,Diagnósticos da América S.A. (Dasa),2016,5124727.0,3040775.0,95205.0,2861044.0,2263683.0,15.449587813277256,14.927622975102727,0.44171777345407864,0.01857757496155405,0.033276314520154185,
19623,Diagnósticos da América S.A. (Dasa),2017,6246487.0,3399308.0,134458.0,3319948.0,2926539.0,15.647529783686403,15.039082439459703,0.4685095798646503,0.0215253789850199,0.040500031928210924,
19623,Diagnósticos da América S.A. (Dasa),2018,7223593.0,3933451.0,185306.0,3321417.0,3902176.0,15.792863032513951,15.185027715574568,0.5401987625825542,0.0256528849285944,0.055791248132950486,
19623,Diagnósticos da América S.A. (Dasa),2019,8839181.0,4364585.0,130223.0,3263382.0,5575799.0,15.994704783262998,15.289033668280078,0.6308049354346291,0.014732473517625671,0.039904307862211656,
19623,Diagnósticos da América S.A. (Dasa),2020,13343496.0,7039331.0,-147739.0,3536528.0,9806968.0,16.406539633083195,15.767023695209648,0.7349624116498404,-0.011071985932322384,-0.041775153483868926,
19623,Diagnósticos da América S.A. (Dasa),2021,23249904.0,10418674.0,-216937.0,7548518.0,15701386.0,16.961811560956857,16.159110330913546,0.6753312185719132,-0.00933066218251912,-0.02873901870539356,
19623,Diagnósticos da América S.A. (Dasa),2022,26844191.0,13128893.0,-387766.0,7089399.0,19754792.0,17.10556000541898,16.390325931985863,0.7359056564602747,-0.014445061875770441,-0.054696596989392186,
19623,Diagnósticos da América S.A. (Dasa),2023,26213200.0,14252235.0,-1129770.0,7333819.0,18879381.0,17.08177365865215,16.47242429448576,0.7202242000213633,-0.043099278226237166,-0.15404934318668076,
19623,Diagnósticos da América S.A. (Dasa),2024,26458471.0,15322079.0,-1195929.0,7935648.0,18522823.0,17.09108692964509,16.54480541803047,0.7000715574229516,-0.04520023095816837,-0.15070338301295622,
19623,Diagnósticos da América S.A. (Dasa),2025,18562235.0,11170362.0,-1135024.0,6893005.0,11669230.0,16.73663969833101,16.228774578756596,0.6286543619343252,-0.061146947013654335,-0.1646631621477135,
19739,LOCALIZA RENT A CAR S.A.,2010,3354711.0,2497194.0,255892.0,898742.0,2455969.0,15.02587618458823,14.730678259475825,0.7320955515989306,0.07627840371346443,0.2847224231203171,0.3794871794871797
19739,LOCALIZA RENT A CAR S.A.,2011,4009554.0,2918130.0,291642.0,1120583.0,2888971.0,15.204190571151996,14.886453558134871,0.7205217837195858,0.07273676822908483,0.26025916866488247,0.0239999999999998
19739,LOCALIZA RENT A CAR S.A.,2012,4045908.0,3166800.0,240936.0,1324753.0,2721155.0,15.213216557944136,14.968232172279416,0.6725696679212676,0.05955053846998004,0.18187239432558372,0.39925373134328357
19739,LOCALIZA RENT A CAR S.A.,2013,4578200.0,3506235.0,384344.0,1341208.0,3236992.0,15.336816465740041,15.070053370169127,0.7070446900528592,0.08395089773273338,0.28656554389773997,-0.05938088829071353
19739,LOCALIZA RENT A CAR S.A.,2014,5697454.0,3892216.0,410589.0,1655504.0,4041950.0,15.555529966352841,15.174489219206427,0.7094309142294084,0.07206534708310063,0.24801450192811372,0.09338640546760613
19739,LOCALIZA RENT A CAR S.A.,2015,6123024.0,3928095.0,402427.0,1941577.0,4181447.0,15.627566650099642,15.183665133500082,0.682905538178521,0.06572357057558488,0.2072681124673397,-0.22558502338654107
19739,LOCALIZA RENT A CAR S.A.,2016,7417255.0,4439273.0,409315.0,2196990.0,5220265.0,15.819319600604983,15.306001182263017,0.7038001255181331,0.05518416179570475,0.18630717481645342,0.3472440945347768
19739,LOCALIZA RENT A CAR S.A.,2017,11186234.0,6058279.0,505676.0,2600725.0,8585509.0,16.23019447315077,15.616936324312395,0.7675066514789517,0.04520520489737654,0.19443655134625923,1.105727273062501
19739,LOCALIZA RENT A CAR S.A.,2018,13992414.0,7895804.0,659208.0,3094502.0,10897912.0,16.454025883579042,15.881842037092332,0.7788443080657848,0.04711181358699078,0.21302555306152654,0.3954033770998362
19739,LOCALIZA RENT A CAR S.A.,2019,19392960.0,10195637.0,833938.0,5447532.0,13945428.0,16.780420671576344,16.13747044164743,0.7190974456710064,0.043002099731036414,0.15308547063147127,0.7958333329178953
19739,LOCALIZA RENT A CAR S.A.,2020,20441134.0,10307615.0,1048180.0,6052659.0,14388475.0,16.833059801212904,16.148393500425524,0.70389808119256,0.051277977043739355,0.1731767806512807,0.5306025369891725
19739,LOCALIZA RENT A CAR S.A.,2021,25312056.0,10901336.0,2043677.0,7617090.0,17694966.0,17.04679136193645,16.20439590849577,0.6990726474372528,0.08073927301677904,0.2683015429776988,-0.1964827167448573
19739,LOCALIZA RENT A CAR S.A.,2022,65656631.0,17783568.0,1841207.0,20570605.0,45086026.0,17.999949158943686,16.69378544283315,0.6866941741192905,0.02804297101384931,0.0895067014314844,-0.10806362125959956
19739,LOCALIZA RENT A CAR S.A.,2023,80947084.0,28902284.0,1803090.0,25397815.0,55549269.0,18.209306215203153,17.179431181101734,0.68624175516934,0.022274922219557656,0.07099390242822069,0.2850334411291422
19739,LOCALIZA RENT A CAR S.A.,2024,87243607.0,37271558.0,1813310.0,26342714.0,60900893.0,18.28421484415597,17.433741073640476,0.6980556523757666,0.020784445558286006,0.0688353523482812,-0.49819289245604526
19739,LOCALIZA RENT A CAR S.A.,2025,85566576.0,41781588.0,1870470.0,25539012.0,60027564.0,18.26480529757005,17.547966321986948,0.70153051350331,0.021859820591629144,0.07323971655598893,0.4718913844829271
19763,EDP Energias do Brasil S/A,2010,12810115.0,5034316.0,736641.0,6455121.0,6354994.0,16.365745651194057,15.431788225849877,0.49609187739532395,0.05750463598492285,0.11411730314582794,
19763,EDP Energias do Brasil S/A,2011,13662280.0,5401662.0,691716.0,6547638.0,7114642.0,16.43014930886702,15.502217241958416,0.5207507092520428,0.0506296167257588,0.10564359239163802,
19763,EDP Energias do Brasil S/A,2012,14429843.0,6567283.0,533537.0,6350203.0,8079640.0,16.484809050579983,15.697610758503753,0.5599257039733557,0.03697455336139139,0.08401888884497079,
19763,EDP Energias do Brasil S/A,2013,14141494.0,7096492.0,554090.0,6253173.0,7888321.0,16.464623870559947,15.775111135404531,0.5578138349455863,0.03918185730588296,0.0886094147723084,
19763,EDP Energias do Brasil S/A,2014,13171799.0,8898728.0,838361.0,6566803.0,6604996.0,16.393588662720298,16.001418903139825,0.5014498019594742,0.06364817744333937,0.12766653727849,
19763,EDP Energias do Brasil S/A,2015,18412340.0,10107957.0,1406372.0,7488447.0,10923893.0,16.728531649966456,16.12883349342498,0.5932919444242285,0.07638203509168308,0.1878055623549182,
19763,EDP Energias do Brasil S/A,2016,19243826.0,9364772.0,830955.0,8985058.0,10258768.0,16.772700839981347,16.052465547594924,0.5330939907687795,0.04318034262001745,0.09248187379536114,
19763,EDP Energias do Brasil S/A,2017,20607952.0,12373375.0,688338.0,9037597.0,11570355.0,16.84118757869096,16.33105754466539,0.5614509874634801,0.03340157236391079,0.07616382983219987,
19763,EDP Energias do Brasil S/A,2018,22772071.0,13834220.0,1414750.0,9674581.0,13097490.0,16.941045386912293,16.442655790864272,0.5751558564875369,0.062126540884226124,0.14623372319690123,
19763,EDP Energias do Brasil S/A,2019,27489069.0,15228336.0,1482455.0,10331597.0,17157472.0,17.129298992707255,16.538668460858915,0.6241561691303551,0.05392889078928064,0.14348749762500415,
19763,EDP Energias do Brasil S/A,2020,30291259.0,14983800.0,1713920.0,11256273.0,19034986.0,17.22636974701252,16.52248017544624,0.6283986413374234,0.05658133919095274,0.15226354229326172,
19763,EDP Energias do Brasil S/A,2021,33378739.0,18874154.0,2367545.0,12294012.0,21084727.0,17.323429698372347,16.75330403090281,0.6316813526119126,0.0709297316474418,0.19257708549495478,
19763,EDP Energias do Brasil S/A,2022,37001192.0,17287655.0,1212727.0,11895759.0,25105433.0,17.426460686305784,16.665503220930862,0.6785033574053506,0.032775349507659104,0.10194616417498034,
19763,EDP Energias do Brasil S/A,2023,37425463.0,17792629.0,1385107.0,12064034.0,25361429.0,17.437861859602926,16.69429482837517,0.6776517100135808,0.03700974921806579,0.11481292244368675,
19763,EDP Energias do Brasil S/A,2024,38609789.0,17447189.0,2469594.0,12670243.0,25939546.0,17.469016403320023,16.674689104811296,0.6718385847692667,0.06396289811374002,0.19491291524558763,
19763,EDP Energias do Brasil S/A,2025,41649491.0,20174062.0,1994297.0,12083226.0,29566265.0,17.544799705614096,16.81990827785481,0.7098829851245961,0.04788286608352549,0.1650467350358257,
19771,Arteris SA,2010,4821477.0,2184529.0,304249.0,1086781.0,3734696.0,15.388590870621499,14.59691080263456,0.774595834429989,0.0631028624631,0.2799542870182677,0.7338150289017342
19771,Arteris SA,2011,5550279.0,2712120.0,404396.0,1398451.0,4151828.0,15.52935875472938,14.813241174851129,0.7480395129686274,0.07286048142805074,0.2891742363515061,0.02348993288590595
19771,Arteris SA,2012,6048420.0,3118797.0,403566.0,1607084.0,4441336.0,15.615307638874796,14.952957908508694,0.7342968907582476,0.06672254902933328,0.25111692979334,0.6168941979522182
19771,Arteris SA,2013,7369011.0,3377473.0,466340.0,1879573.0,5489438.0,15.812794062487878,15.032638354706078,0.7449355144129924,0.06328393321708978,0.24810954402941518,0.02144772117962468
19771,Arteris SA,2014,9599828.0,4018133.0,456860.0,2128777.0,7471051.0,16.07725573961089,15.206327924854486,0.7782484227842416,0.047590435995311584,0.21461148819251616,-0.29625425652667425
19771,Arteris SA,2015,10081570.0,3827963.0,149342.0,2244849.0,7836721.0,16.12621956244736,15.157843365886535,0.7773314077073313,0.014813367362424702,0.06652652361027402,-0.18081494057724945
19771,Arteris SA,2016,11387053.0,4052399.0,259570.0,4528623.0,6858430.0,16.2479875662124,15.214819609394281,0.602300700629039,0.022795186779230762,0.05731764379591765,0.0351602895553258
19771,Arteris SA,2017,14312293.0,4406011.0,246946.0,6590843.0,7721450.0,16.47662937629205,15.298480302936861,0.5394977590243576,0.017254118539915302,0.03746804467956527,
19771,Arteris SA,2018,15169456.0,3855913.0,-189141.0,6458081.0,8711375.0,16.534794490431228,15.165118372217378,0.5742707582921892,-0.01246854204923367,-0.02928749267777843,
19771,Arteris SA,2019,15288641.0,3863499.0,-36939.0,6421142.0,8867499.0,16.542620692333063,15.167083807523078,0.5800057048890088,-0.0024161074879055634,-0.005752715015491014,
19771,Arteris SA,2020,16170479.0,3625619.0,-48189.0,6372953.0,9797526.0,16.59869785387274,15.103535590314008,0.6058896585561875,-0.0029800601454044746,-0.007561486802115126,
19771,Arteris SA,2021,18125705.0,4288589.0,-158567.0,6464386.0,11661319.0,16.712841654500284,15.27146833237437,0.6433580928300444,-0.008748183863744886,-0.024529321114178517,
19771,Arteris SA,2022,18027525.0,4838895.0,-1620478.0,4843908.0,13183617.0,16.7074103145423,15.392196946841958,0.7313048796215786,-0.08988910013992492,-0.33453938431530905,
19771,Arteris SA,2023,18956873.0,5992749.0,-442173.0,4401735.0,14555138.0,16.757677115028997,15.606060796367343,0.7678026856011537,-0.02332520769643812,-0.10045425269808382,
19771,Arteris SA,2024,20909099.0,6627303.0,-841393.0,3560342.0,17348757.0,16.855694981045545,15.706708492071318,0.8297228398029011,-0.040240519211277345,-0.23632364531272557,
19771,Arteris SA,2025,20677716.0,5744941.0,215752.0,3776094.0,16901622.0,16.844567156630745,15.563830199412433,0.8173834092701534,0.010434034397222595,0.057136289509742075,
19836,COSAN S.A.,2011,18744656.0,18063480.0,776562.0,6784346.0,11960310.0,16.74641925642334,16.709402778420483,0.638065057048793,0.04142844765996239,0.11446379651037845,0.054275673565013616
19836,COSAN S.A.,2012,22124135.0,24096881.0,2644790.0,9616374.0,12507761.0,16.9121796520488,16.997592970998372,0.5653446338128022,0.11954320473998192,0.2750298605274712,0.5578358208955225
19836,COSAN S.A.,2013,33800035.0,30016488.0,868315.0,13395672.0,20404363.0,17.335972395955668,17.217257388651664,0.6036787535870894,0.025689766297579276,0.06482056294003018,-0.03885381253035447
19836,COSAN S.A.,2014,27103712.0,8146863.0,643292.0,12449273.0,14654439.0,17.115181250639566,15.913143503145497,0.5406801474277767,0.023734461169008878,0.05167305753516691,-0.18485947489317567
19836,COSAN S.A.,2015,30382191.0,8451901.0,968263.0,12534676.0,17847515.0,17.22936717234706,15.949901944445509,0.5874334408601407,0.03186942640180229,0.07724675133206474,-0.052631578947368474
19836,COSAN S.A.,2016,27299829.0,7541793.0,1390087.0,10792339.0,16507490.0,17.122390996399307,15.835970510123067,0.6046737508868645,0.05091925667373228,0.12880312599520827,0.5085013839462238
19836,COSAN S.A.,2017,28539273.0,7670777.0,1510530.0,10297265.0,18242008.0,17.1667916966682,15.852928471993522,0.6391896527987941,0.052928117685408456,0.14669234986183224,0.11709286675639308
19836,COSAN S.A.,2018,28789760.0,10299099.0,1903751.0,10923133.0,17866627.0,17.175530326325756,16.147566973645485,0.6205896471523208,0.06612597673617286,0.17428616862945823,-0.13673890608875128
19836,COSAN S.A.,2019,32865140.0,13560445.0,2483275.0,11061216.0,21803924.0,17.307923079521647,16.4226676570472,0.6634362123514459,0.0755595442465786,0.22450289371439813,1.1229783338419281
19836,COSAN S.A.,2020,35760824.0,13508787.0,908814.0,11505814.0,24255010.0,17.392363550509707,16.418850920561248,0.6782564629942531,0.02541367615019162,0.07898737108039466,0.10716374269005846
19836,COSAN S.A.,2021,97842023.0,24907150.0,6350776.0,28870022.0,68972001.0,18.398864725744314,17.030665468810046,0.7049322866106315,0.06490846985042409,0.21997821823620364,0.17211564442042704
19836,COSAN S.A.,2022,134484992.0,39737368.0,2820875.0,48169399.0,86315593.0,18.716963167137127,17.49780256239637,0.6418232377929576,0.02097538883743994,0.05856155689216716,-0.23366159355416294
19836,COSAN S.A.,2023,139865382.0,39468497.0,4884744.0,50981180.0,88884202.0,18.75619096083809,17.491013367359894,0.6354982250003793,0.03492461058019346,0.09581465160280715,0.2331210191082802
19836,COSAN S.A.,2024,141265902.0,43950742.0,-8161766.0,39398362.0,101867540.0,18.766154502185085,17.598580064774335,0.7211049415166018,-0.05777590971669865,-0.20716003370901562,-0.5629351901446171
19836,COSAN S.A.,2025,135117518.0,40418596.0,-10194401.0,31009632.0,104107886.0,18.7216554614378,17.5148005340569,0.7704988038634635,-0.07544840336691205,-0.3287494995103457,-0.3878020713463751
19879,Light S.A. - Em Recuperação Judicial,2010,9594924.0,6508584.0,575150.0,3330144.0,6264780.0,16.076744766600488,15.688632479004953,0.6529264848788797,0.05994315327562782,0.1727102491664024,-0.007803355442840387
19879,Light S.A. - Em Recuperação Judicial,2011,10981660.0,6944785.0,310647.0,3221374.0,7760286.0,16.21173716658937,15.75350157616799,0.706658738296396,0.028287799840825523,0.09643307483080202,0.18032786885245922
19879,Light S.A. - Em Recuperação Judicial,2012,11726571.0,7613096.0,423923.0,3025683.0,8700888.0,16.277367850527956,15.845380480218038,0.7419805840940203,0.036150636021391076,0.14010820036335597,-0.2085106382978722
19879,Light S.A. - Em Recuperação Judicial,2013,13002207.0,7422256.0,587335.0,3477139.0,9525068.0,16.380629670247416,15.819993612058504,0.7325731700779722,0.04517194657799249,0.16891329337136077,0.005454545454545601
19879,Light S.A. - Em Recuperação Judicial,2014,13634194.0,9230370.0,662831.0,3628625.0,10005569.0,16.428091459936685,16.038009692349476,0.7338584884445681,0.048615341691632084,0.18266726377071205,-0.18564593301435406
19879,Light S.A. - Em Recuperação Judicial,2015,14901420.0,10647304.0,37836.0,3665063.0,11236357.0,16.516967068388162,16.180817272533062,0.7540460573556077,0.0025390868789685814,0.010323424181248726,-0.42341292952824694
19879,Light S.A. - Em Recuperação Judicial,2016,14330229.0,9645237.0,-312937.0,3353796.0,10976433.0,16.477881780137242,16.081974776337336,0.76596354461607,-0.021837543559143403,-0.09330829901401277,0.825446898002103
19879,Light S.A. - Em Recuperação Judicial,2017,14945049.0,11314559.0,124221.0,3432473.0,11512576.0,16.519890632383326,16.24160086147804,0.7703270829021704,0.0083118496299343,0.03618994235351596,0.04639498432601896
19879,Light S.A. - Em Recuperação Judicial,2018,17863703.0,11970547.0,165782.0,3389492.0,14474211.0,16.69828144674816,16.29795977406733,0.8102581530828182,0.009280382684374007,0.048910574209940605,0.034482758620689724
19879,Light S.A. - Em Recuperação Judicial,2019,23843768.0,13389567.0,1327803.0,6230544.0,17613224.0,16.98703344136353,16.409986379579138,0.7386929783916704,0.05568763292781577,0.21311188878531312,0.5408560311284047
19879,Light S.A. - Em Recuperação Judicial,2020,26397266.0,13073468.0,691922.0,7076212.0,19321054.0,17.088771002147713,16.386095390878214,0.7319339055794641,0.026211881184968172,0.09778141186273108,0.13286713286713292
19879,Light S.A. - Em Recuperação Judicial,2021,28277872.0,14897920.0,397945.0,8733101.0,19544771.0,17.157590148636658,16.51673216385564,0.6911683807041774,0.014072664307979045,0.045567433606916945,-0.50836820083682
19879,Light S.A. - Em Recuperação Judicial,2022,24106103.0,13253286.0,-5672203.0,2844757.0,21261346.0,16.99797560291645,16.39975607964959,0.8819901748532312,-0.2353015333917722,-1.9939147702246625,-0.5832583258325832
19879,Light S.A. - Em Recuperação Judicial,2023,23716936.0,14116325.0,255162.0,3095688.0,20621248.0,16.981699950057074,16.462842487031672,0.8694735272718196,0.010758640998145797,0.08242497305930055,0.7543859649122808
19879,Light S.A. - Em Recuperação Judicial,2024,25343661.0,14876283.0,1643779.0,5218457.0,20125204.0,17.04803919755986,16.51527875777731,0.794092218957632,0.06485957178799069,0.31499330165985845,-0.3985185185185186
19879,Light S.A. - Em Recuperação Judicial,2025,25733415.0,14996448.0,213095.0,5448695.0,20284720.0,17.063300899896987,16.523323931024937,0.7882638196290699,0.008280867502428263,0.03910936471944199,0.10000000000000009
19909,BR Malls Participações S.A.,2010,10569767.0,546437.0,634272.0,5789398.0,4780369.0,16.173508314084064,13.2111743009051,0.4522681531201208,0.060008134521792204,0.10955750494265552,0.5833333333333333
19909,BR Malls Participações S.A.,2011,14081717.0,861475.0,789655.0,7242727.0,6838990.0,16.460387847282085,13.666401315376417,0.4856644967371522,0.05607661338457519,0.10902730421842491,0.12476722532588469
19909,BR Malls Participações S.A.,2012,17904891.0,1123612.0,1925524.0,8814956.0,9089935.0,16.700584473711135,13.932059054112475,0.5076788794748877,0.10754178844205195,0.21843829963530165,0.4732824427480915
19909,BR Malls Participações S.A.,2013,18820850.0,1247432.0,755623.0,9467256.0,9353594.0,16.750475855819996,14.036597596104103,0.4969804233071301,0.0401481867184532,0.07981436226082828,-0.38713156002875637
19909,BR Malls Participações S.A.,2014,19860626.0,1324707.0,598331.0,9812923.0,10047703.0,16.804249736729048,14.096701860873685,0.5059106898241778,0.03012649248820254,0.06097377916855151,-0.08722222182222217
19909,BR Malls Participações S.A.,2015,20684045.0,1364003.0,66158.0,9900298.0,10783747.0,16.844873188090546,14.125934316796615,0.5213558083053871,0.0031985039676717007,0.00668242511488038,-0.25252525252118496
19909,BR Malls Participações S.A.,2016,19402241.0,1286382.0,215416.0,10108956.0,9293285.0,16.780899132826075,14.06734418477163,0.47897997968379014,0.011102634999740494,0.021309421071770418,0.25181305432323176
19909,BR Malls Participações S.A.,2017,18003585.0,1265240.0,-876151.0,10476808.0,7526777.0,16.70608146269606,14.050772385468722,0.41807101196789415,-0.04866536303741727,-0.08362766598376146,0.3248416289832552
19909,BR Malls Participações S.A.,2018,18131036.0,1196208.0,1103590.0,10925857.0,7205179.0,16.713135723955585,13.994667111415072,0.3973947765588243,0.06086745401641693,0.10100717957410572,0.039777247414478856
19909,BR Malls Participações S.A.,2019,18690431.0,1257364.0,1382776.0,11586342.0,7104089.0,16.743522239625996,14.044528024013841,0.3800923049875094,0.07398309862410342,0.11934534644325188,0.3999999999999999
19909,BR Malls Participações S.A.,2020,19165068.0,915097.0,-336109.0,11245617.0,7919451.0,16.768599804925117,13.726785349567859,0.41322321423539954,-0.017537584526180653,-0.029887999920324513,-0.43070730304772853
19909,BR Malls Participações S.A.,2021,19485787.0,1131263.0,212050.0,11239247.0,8246540.0,16.785195885982915,13.93884526564295,0.42320795151871465,0.010882290769164213,0.018866922312500117,-0.22625698324022347
19909,BR Malls Participações S.A.,2022,18142137.0,1445847.0,628484.0,11265549.0,6876588.0,16.713747801666383,14.184205866974036,0.37903958061831416,0.03464222544455485,0.055788137799587044,0.04140526976160608
19909,BR Malls Participações S.A.,2023,20821338.0,1555695.0,2560908.0,13132195.0,7689143.0,16.851488884215865,14.257432949082775,0.3692914931787765,0.12299440122435935,0.19500989743146518,0.07272727272727275
19909,BR Malls Participações S.A.,2024,20527438.0,1570387.0,677661.0,12331330.0,8196108.0,16.83727298822195,14.26683264376443,0.3992757401094087,0.03301244899631411,0.054954412865441116,
19909,BR Malls Participações S.A.,2025,20608396.0,1643621.0,875365.0,12418515.0,8189881.0,16.841209123540104,14.312412292741115,0.39740506733275116,0.04247613448421701,0.07048870174896113,
19925,BR Properties S.A.,2010,5105236.0,204464.0,813368.0,2709470.0,2395766.0,15.445777237699438,12.228147199848484,0.46927624893344794,0.1593203526732163,0.30019450298397843,
19925,BR Properties S.A.,2011,6439379.0,343464.0,335409.0,3692733.0,2746646.0,15.677942664859573,12.746837581658822,0.42653895662920294,0.052087165548106426,0.09082947507983924,
19925,BR Properties S.A.,2012,15399541.0,630825.0,1227428.0,8015267.0,7384274.0,16.54984826174487,13.354783765498748,0.4795126036548752,0.0797054925208485,0.1531362585925085,
19925,BR Properties S.A.,2013,15463222.0,923670.0,70312.0,7711165.0,7752057.0,16.55397498820635,13.73611014397598,0.5013222341372322,0.0045470471807233966,0.009118207171030577,
19925,BR Properties S.A.,2014,11982105.0,836788.0,267341.0,6068146.0,5913959.0,16.29892484473233,13.637326031845804,0.49356594688495886,0.022311688972847424,0.04405645480514147,
19925,BR Properties S.A.,2015,9162163.0,714880.0,-769772.0,4702952.0,4459211.0,16.030592844145925,13.479869975422918,0.48669850121636127,-0.08401640529643492,-0.1636784725848786,
19925,BR Properties S.A.,2016,9180532.0,465681.0,30579.0,4729143.0,4451389.0,16.032595712987234,13.051256129340667,0.4848726631528543,0.0033308527218248356,0.006466076411730413,
19925,BR Properties S.A.,2017,9797952.0,430449.0,277017.0,5876090.0,3921862.0,16.097683942209684,12.97258412893321,0.400273649023796,0.028272949285728283,0.0471430832407264,
19925,BR Properties S.A.,2018,10637147.0,421317.0,13705.0,5870366.0,4766781.0,16.179862866824312,12.951140798446632,0.4481258931553733,0.0012884093827038397,0.0023346074163007892,
19925,BR Properties S.A.,2019,9946283.0,379252.0,311352.0,7204073.0,2742210.0,16.11270947150173,12.845956170763122,0.2757019883709321,0.03130335221710462,0.043218884650391524,
19925,BR Properties S.A.,2020,10654156.0,313589.0,206269.0,7279603.0,3374553.0,16.18146060873972,12.655838490312581,0.31673583529281907,0.0193604261097735,0.02833519904862944,
19925,BR Properties S.A.,2021,11283900.0,326330.0,32016.0,7101699.0,4182201.0,16.23888748895912,12.695664418287773,0.37063435514316856,0.0028373168851195067,0.004508216977374006,
19925,BR Properties S.A.,2022,4721464.0,297523.0,-1523240.0,4416023.0,305441.0,15.367629478960652,12.603246811903857,0.0646920107830961,-0.32262027201732346,-0.344934797667494,
19992,TOTVS S.A.,2010,1415397.0,1129475.0,137528.0,631576.0,783821.0,14.162920615079397,13.93726348095777,0.5537817304968147,0.09716567153950446,0.21775368285051996,0.41422594142259417
19992,TOTVS S.A.,2011,1337848.0,1279160.0,169383.0,749867.0,587981.0,14.106572910825442,14.061714170469514,0.43949761108885316,0.12660855343805874,0.22588405677273438,-0.027485380116959113
19992,TOTVS S.A.,2012,1420621.0,1413976.0,207148.0,913146.0,507475.0,14.16660465792286,14.161916152168725,0.35722053946830296,0.1458151048027588,0.22685090883604594,0.22393939393939388
19992,TOTVS S.A.,2013,1848780.0,1611794.0,223100.0,1069838.0,778942.0,14.430036520056015,14.292858402319398,0.4213275781866961,0.12067417432036262,0.20853624567457876,-0.08401486988847584
19992,TOTVS S.A.,2014,2143866.0,1772447.0,262798.0,1118062.0,1025804.0,14.578121299219623,14.387871635671974,0.4784832634129185,0.12258135536456104,0.23504778804753224,-0.03314917099447534
19992,TOTVS S.A.,2015,2662075.0,1908737.0,194946.0,1237732.0,1424343.0,14.79461645184534,14.461952324751772,0.5350499140707906,0.07323084436013261,0.15750259345318696,-0.047282776159876305
19992,TOTVS S.A.,2016,2443912.0,2183786.0,152269.0,1220916.0,1222996.0,14.709110592078726,14.59657062569807,0.5004255472373801,0.0623054348929094,0.1247170157488312,-0.24757433492957748
19992,TOTVS S.A.,2017,2493625.0,2227330.0,93258.0,1261577.0,1232048.0,14.729248033050713,14.616314116671692,0.49407910170935887,0.03739856634417765,0.07392176617043589,0.29956521729132324
19992,TOTVS S.A.,2018,2391277.0,2320269.0,60643.0,1288220.0,1103057.0,14.687338090838564,14.657193685196873,0.46128365722582537,0.0253600900272114,0.04707503376752418,-0.10396039603960383
19992,TOTVS S.A.,2019,3535927.0,2282124.0,210648.0,2478409.0,1057518.0,15.078486057730185,14.640617146227623,0.2990780069837415,0.05957362807546649,0.08499323557976105,1.3053571432966198
19992,TOTVS S.A.,2020,5146406.0,2596077.0,294959.0,2604166.0,2542240.0,15.453809164941765,14.769512017383187,0.4939835683387591,0.05731358932816416,0.11326428499565695,0.2689248897303276
19992,TOTVS S.A.,2021,9945025.0,3258863.0,374037.0,4486008.0,5459017.0,16.112582984093095,14.996888919501306,0.5489193843152732,0.037610463523218896,0.08337858514741837,0.06547619047619047
19992,TOTVS S.A.,2022,10616193.0,3792932.0,523301.0,4584849.0,6031344.0,16.177891034934426,15.148649892748665,0.5681268228639024,0.049292717266914796,0.11413701956160388,-0.08965062623599207
19992,TOTVS S.A.,2023,8828860.0,4497028.0,764435.0,5012671.0,3816189.0,15.99353645892257,15.318927292106599,0.4322402892332645,0.08658365859238905,0.15250053314889409,0.32481321274085717
19992,TOTVS S.A.,2024,8531721.0,5224007.0,735443.0,4987121.0,3544600.0,15.959301657616766,15.468775289906878,0.41546131196742137,0.08620101383999781,0.14746844923153057,-0.20717249555423833
19992,TOTVS S.A.,2025,9452171.0,5771867.0,920742.0,5443457.0,4008714.0,16.061755008534515,15.56850615633738,0.424105107704886,0.09741063719647053,0.16914655521298322,0.5087845105772677
20010,EQUATORIAL S.A.,2010,3276531.0,1798884.0,286098.0,1270917.0,2005614.0,15.002295798732359,14.402677030586913,0.6121150692607517,0.08731734874475475,0.2251114746281622,0.09771352291343316
20010,EQUATORIAL S.A.,2011,3398831.0,1980528.0,246169.0,1258543.0,2140288.0,15.038942106936117,14.498874033788148,0.6297129807277855,0.07242754935446923,0.19559840227946124,0.07372881355932215
20010,EQUATORIAL S.A.,2012,9433461.0,2987183.0,215070.0,2527525.0,6905936.0,16.059773607422684,14.909841360805357,0.7320681137071537,0.022798631382479877,0.08509114647728509,0.4794628751974723
20010,EQUATORIAL S.A.,2013,9103499.0,4715036.0,78517.0,2847647.0,6255852.0,16.02416940307829,15.366267109227334,0.6871920346231707,0.008624925427025367,0.027572588877764696,0.25530064933150887
20010,EQUATORIAL S.A.,2014,11268636.0,6773453.0,780562.0,3445525.0,7823111.0,16.237533849410045,15.728521559173215,0.6942376166911417,0.0692685432380636,0.2265437052408559,0.2533936650756967
20010,EQUATORIAL S.A.,2015,12585887.0,7252942.0,959848.0,4229239.0,8356648.0,16.34808666479893,15.796917737622552,0.6639697305402472,0.07626383424545287,0.22695525128752478,0.3159108378262949
20010,EQUATORIAL S.A.,2016,14219520.0,7952181.0,873126.0,4871687.0,9347833.0,16.470126226495385,15.888956788628922,0.6573944127509227,0.06140333850931677,0.17922456840925946,0.5516257850396562
20010,EQUATORIAL S.A.,2017,17488452.0,9071420.0,1205083.0,5748104.0,11740348.0,16.67705133535905,16.02063936992527,0.6713200230643627,0.06890735669457766,0.20964878158084824,0.2375117813204508
20010,EQUATORIAL S.A.,2018,25505996.0,11252627.0,1161060.0,6552871.0,18953125.0,17.054424119743125,16.23611217046634,0.7430850769364192,0.045521061008556574,0.17718340556375975,0.15596899212327564
20010,EQUATORIAL S.A.,2019,37530095.0,18796346.0,2715632.0,9773372.0,27756723.0,17.440653702416288,16.749173047207368,0.7395857377925635,0.07235878299801798,0.2778602922307674,0.6087815899254114
20010,EQUATORIAL S.A.,2020,44124020.0,17890069.0,3447653.0,12278487.0,31845533.0,17.60251486333937,16.699756312380764,0.7217278253432031,0.07813551439782686,0.28078809710023717,0.048913043555178115
20010,EQUATORIAL S.A.,2021,61714300.0,24240886.0,4302509.0,14604472.0,47109828.0,17.938026228634527,17.003551269652526,0.7633535177422412,0.0697165648804248,0.2946021602150355,-0.0030864199506257517
20010,EQUATORIAL S.A.,2022,90617397.0,27132507.0,1922003.0,18566980.0,72050417.0,18.322156772447304,17.116243087295455,0.795105789675243,0.021210088389539593,0.10351726559731309,0.15667808226936675
20010,EQUATORIAL S.A.,2023,103643452.0,40985077.0,2876284.0,25283659.0,78359793.0,18.456467220706738,17.528718582803627,0.7560515545159573,0.027751719423625528,0.11376059137643013,0.36318719079153716
20010,EQUATORIAL S.A.,2024,116412091.0,45366675.0,3767805.0,29887586.0,86524505.0,18.572646962437467,17.630288362642034,0.7432604659596742,0.03236609674848981,0.12606588568243685,-0.20033816009191452
20010,EQUATORIAL S.A.,2025,109603944.0,52073804.0,2503931.0,28327947.0,81275997.0,18.51238391723219,17.768172577972866,0.7415426309841551,0.02284526367043872,0.08839083891254103,0.3232132744810685
20028,Valid Solucoes e Servicos de Seguranca em Meios de Pagamento e Identificacao SA,2010,806925.0,756849.0,93920.0,455050.0,351875.0,13.600986006130219,13.536919040924065,0.43606902748086873,0.11639247761563962,0.20639490165915833,0.04922279792746109
20028,Valid Solucoes e Servicos de Seguranca em Meios de Pagamento e Identificacao SA,2011,915601.0,873919.0,111820.0,503310.0,412291.0,13.727335959239943,13.680742972997324,0.4502954889739089,0.1221274332378405,0.2221692396336254,0.19959979989995036
20028,Valid Solucoes e Servicos de Seguranca em Meios de Pagamento e Identificacao SA,2012,1108581.0,937139.0,102829.0,512449.0,596132.0,13.918591377087434,13.75058689600283,0.5377432952576312,0.09275731768810759,0.20066191952760176,1.090032154340836
20028,Valid Solucoes e Servicos de Seguranca em Meios de Pagamento e Identificacao SA,2013,1172956.0,1174992.0,91727.0,543470.0,629486.0,13.975037616275634,13.97677189702658,0.5366663370151992,0.07820156936833095,0.168780245459731,-0.21539961013645215
20028,Valid Solucoes e Servicos de Seguranca em Meios de Pagamento e Identificacao SA,2014,1296214.0,1296056.0,110142.0,590561.0,705653.0,14.07495826571977,14.074836364837381,0.5443954470480955,0.0849720802274933,0.1865040190598431,0.2848484848484847
20028,Valid Solucoes e Servicos de Seguranca em Meios de Pagamento e Identificacao SA,2015,2156239.0,1637407.0,133098.0,1078226.0,1078013.0,14.58387605829952,14.30862445098558,0.49995060844368366,0.0617269235924218,0.12344165323410862,0.1309207025013306
20028,Valid Solucoes e Servicos de Seguranca em Meios de Pagamento e Identificacao SA,2016,2074697.0,1723850.0,88395.0,992150.0,1082547.0,14.545325676887995,14.360070719459893,0.5217855908597737,0.04260622153500005,0.0890943909691075,-0.39779951100244515
20028,Valid Solucoes e Servicos de Seguranca em Meios de Pagamento e Identificacao SA,2017,2059765.0,1574474.0,27758.0,990695.0,1069070.0,14.538102456588508,14.269431806208086,0.519025228606176,0.01347629462584324,0.02801871413502642,-0.1855431309904153
20028,Valid Solucoes e Servicos de Seguranca em Meios de Pagamento e Identificacao SA,2018,2247239.0,1734312.0,100078.0,1088443.0,1158796.0,14.625212909552156,14.366121350932868,0.5156532082257383,0.04453375898157695,0.09194601830320927,0.029748283752860427
20028,Valid Solucoes e Servicos de Seguranca em Meios de Pagamento e Identificacao SA,2019,2518442.0,2007962.0,53741.0,1117107.0,1401335.0,14.739151014321557,14.512630835311901,0.556429332102943,0.02133898656391531,0.04810729858464766,-0.07465940054495912
20028,Valid Solucoes e Servicos de Seguranca em Meios de Pagamento e Identificacao SA,2020,2869132.0,1939142.0,-201649.0,1112656.0,1756476.0,14.869520102967508,14.477756165168918,0.6121976960279276,-0.07028223169934322,-0.18123211486748825,-0.3676767676767676
20028,Valid Solucoes e Servicos de Seguranca em Meios de Pagamento e Identificacao SA,2021,3097783.0,2198001.0,57917.0,1306526.0,1791257.0,14.946197252315226,14.603058868904654,0.5782383724102044,0.018696274077299797,0.04432900684716569,-0.14686266403093007
20028,Valid Solucoes e Servicos de Seguranca em Meios de Pagamento e Identificacao SA,2022,2663351.0,1879437.0,36503.0,1272675.0,1390676.0,14.795095662343963,14.446482821871504,0.5221527316527187,0.013705666282814395,0.02868210658652052,0.09928229665071764
20028,Valid Solucoes e Servicos de Seguranca em Meios de Pagamento e Identificacao SA,2023,2545626.0,2255510.0,210621.0,1331269.0,1214357.0,14.749887150215574,14.628886669427498,0.4770366896001219,0.08273839126407415,0.15821069971583504,1.3269012485811578
20028,Valid Solucoes e Servicos de Seguranca em Meios de Pagamento e Identificacao SA,2024,2943849.0,2171344.0,379649.0,1822097.0,1121752.0,14.895228466754618,14.590856888634303,0.3810494356198297,0.12896347604785435,0.20835828169411397,0.16714697406340062
20028,Valid Solucoes e Servicos de Seguranca em Meios de Pagamento e Identificacao SA,2025,3147366.0,2062563.0,268707.0,1720894.0,1426472.0,14.962076470523355,14.539459942179016,0.45322723826844413,0.08537519945249457,0.15614384151493352,-0.10159529806884982
20060,Lupatech S/A,2010,1445274.0,581559.0,-73160.0,184353.0,1260921.0,14.18380948093035,13.27346770753085,0.8724442562448366,-0.0506201592224035,-0.3968473526332634,-0.3305555555555554
20060,Lupatech S/A,2011,1503219.0,574003.0,-241911.0,-43734.0,1546953.0,14.22311936670348,13.260389901768882,1.0290935652090614,-0.16092864712327345,5.531417204006036,-0.764050901378579
20060,Lupatech S/A,2012,1632002.0,619691.0,-560357.0,-189750.0,1821752.0,14.305318039995635,13.336976245688371,1.1162682398673531,-0.34335558412305867,2.953133069828722,-0.5468411964130651
20060,Lupatech S/A,2013,1430219.0,565289.0,-378789.0,-563491.0,1993710.0,14.173338137363455,13.24509238377956,1.3939893121263247,-0.26484685212544373,0.6722183672853692,-0.5828220858895705
20060,Lupatech S/A,2014,1022629.0,384287.0,-631008.0,95358.0,927271.0,13.83788732031061,12.859144948242019,0.9067521065801968,-0.6170448911579859,-6.61725287862581,-0.7627832465464546
20060,Lupatech S/A,2015,814031.0,268294.0,-75137.0,93313.0,720718.0,13.609753727797601,12.499838673137196,0.885369230410144,-0.09230238160463176,-0.805214707489846,-0.9408571428571428
20060,Lupatech S/A,2016,642290.0,138486.0,7370.0,44611.0,597679.0,13.372795194075954,11.838524516467805,0.9305438353391771,0.01147456756293886,0.1652058909237632,0.7222222222222223
20060,Lupatech S/A,2017,575280.0,112366.0,-4102.0,112143.0,463137.0,13.262612157776376,11.629516679578863,0.8050636211931581,-0.007130440828813795,-0.03657829735248745,-0.3668122270742359
20060,Lupatech S/A,2018,581725.0,126553.0,-101311.0,133195.0,448530.0,13.273753106455148,11.748416471737327,0.7710344234818858,-0.17415617344965403,-0.7606216449566425,-0.39403973509933765
20060,Lupatech S/A,2019,504628.0,32676.0,-26178.0,99565.0,405063.0,13.13157680314624,10.39439614246176,0.8026962435695205,-0.0518758372504102,-0.26292371817405713,0.039648714828494525
20060,Lupatech S/A,2020,492609.0,54586.0,20578.0,140200.0,352409.0,13.107471034903622,10.907532718597857,0.7153929384156603,0.04177349581513939,0.14677603423680458,0.19211822660098532
20060,Lupatech S/A,2021,503026.0,93553.0,-41340.0,145071.0,357955.0,13.128397137606836,11.446283399600668,0.7116033763662316,-0.08218263071888929,-0.28496391422131234,1.20746887966805
20060,Lupatech S/A,2022,573102.0,110390.0,54866.0,187706.0,385396.0,13.258818990326096,11.611774829012397,0.6724736608841009,0.09573513964355385,0.2922975291146793,-0.33220338983050846
20060,Lupatech S/A,2023,482769.0,86269.0,52649.0,159563.0,323206.0,13.087293557361937,11.365225600488431,0.6694837489565403,0.1090562981467327,0.32995744627513895,-0.3739612188365651
20060,Lupatech S/A,2024,508795.0,123127.0,-31772.0,138380.0,370415.0,13.139800463915739,11.720971621997286,0.7280240568401812,-0.06244558220894467,-0.22959965312906488,-0.4611872146118722
20060,Lupatech S/A,2025,480101.0,52054.0,-60176.0,74470.0,405631.0,13.081751777416258,10.860036920273846,0.8448868050681002,-0.12534029298001878,-0.8080569356787969,-0.20634920634920628
20087,EMBRAER S.A.,2010,13981014.0,9380625.0,600178.0,5217757.0,8763257.0,16.453210824328448,16.054156949892715,0.6267969547845386,0.042928073743435206,0.11502605429881077,0.1955420466058766
20087,EMBRAER S.A.,2011,16616375.0,9858055.0,171254.0,5848433.0,10767942.0,16.625899212891987,16.10379944545689,0.6480319564285231,0.010306339379076363,0.02928203161428027,-0.04234527687296419
20087,EMBRAER S.A.,2012,19393667.0,12201715.0,699008.0,6846482.0,12547185.0,16.780457127440375,16.31708707359441,0.6469733135048673,0.03604310623669057,0.10209739834268168,0.33302583025830246
20087,EMBRAER S.A.,2013,23760310.0,13635846.0,786410.0,8509009.0,15251301.0,16.98352709951165,16.42821261854166,0.641881398012063,0.03309763214368836,0.09242086828207609,0.41498127340823987
20087,EMBRAER S.A.,2014,27653600.0,14935910.0,826600.0,10265486.0,17388114.0,17.135266476372482,16.519278938475846,0.6287830155929065,0.029891225735528104,0.08052224707140022,0.31965442764578844
20087,EMBRAER S.A.,2015,45566910.0,20301771.0,281608.0,15008670.0,30558240.0,17.634692353172746,16.826218681586017,0.6706234853317901,0.006180098672479657,0.018763021640158657,0.27815410668924634
20087,EMBRAER S.A.,2016,38016671.0,21435696.0,591811.0,12844858.0,25171813.0,17.45353533201165,16.88056812774599,0.6621256500865107,0.01556714421417909,0.046073767417280906,-0.45299145299145294
20087,EMBRAER S.A.,2017,39484906.0,18713045.0,847376.0,13834566.0,25650340.0,17.491429030260104,16.7447314322024,0.649623934776494,0.021460757688013744,0.06125063843708577,0.2886597938144331
20087,EMBRAER S.A.,2018,43758768.0,18721620.0,-643568.0,15266994.0,28491774.0,17.59420256211678,16.74518956373102,0.6511100586744124,-0.014707178227686848,-0.042154205339964106,0.33251382913337424
20087,EMBRAER S.A.,2019,42614656.0,10467931.0,-1294086.0,14569552.0,28045104.0,17.567708789630935,16.163826951093444,0.6581093603102182,-0.030367158190834628,-0.0888212623147232,-0.07152941176470584
20087,EMBRAER S.A.,2020,54812845.0,19641764.0,-3596233.0,15272715.0,39540130.0,17.819435122261588,16.793168673557926,0.7213661323363164,-0.06560931110216957,-0.23546782611997932,-0.5381002087682673
20087,EMBRAER S.A.,2021,56670203.0,22669705.0,-267618.0,15484552.0,41185651.0,17.852759110281614,16.93654000960681,0.7267602517675823,-0.004722375884201439,-0.017282902340345397,1.6919739696312361
20087,EMBRAER S.A.,2022,52918325.0,23448771.0,-1047213.0,14736781.0,38181544.0,17.7842602451606,16.970328642101478,0.721518377613048,-0.01978923180202699,-0.07106117679295092,-0.3043266893534273
20087,EMBRAER S.A.,2023,52201228.0,26110517.0,784355.0,14714230.0,37486998.0,17.770616577480375,17.077848741321866,0.7181248303200837,0.01502560437850236,0.05330588144945403,0.6523985239852399
20087,EMBRAER S.A.,2024,73219718.0,35424174.0,1923831.0,20710908.0,52508810.0,18.10897531424223,17.382905026402558,0.7171402927282512,0.026274766586781993,0.09288974679429796,1.4033361847733103
20087,EMBRAER S.A.,2025,71092088.0,41883234.0,1992037.0,20974950.0,50117138.0,18.07948660869392,17.550396161615623,0.7049608389614327,0.028020516150826798,0.09497219302072234,0.5920934411500449
20125,Bradsaude S A,2010,912963.0,697787.0,219427.0,719458.0,193505.0,13.724450633016595,13.455669177581333,0.211952729738226,0.24034599430645054,0.3049893113983026,
20125,Bradsaude S A,2011,993258.0,835263.0,145670.0,764040.0,229218.0,13.808745728011386,13.635501924300216,0.23077387748198352,0.14665877345060396,0.19065755719595834,
20125,Bradsaude S A,2012,998701.0,955483.0,145763.0,701301.0,297400.0,13.814210713532416,13.769972250772113,0.2977868250857864,0.1459525924175504,0.20784655946590694,
20125,Bradsaude S A,2013,1073885.0,1069606.0,188436.0,697802.0,376083.0,13.886793471967772,13.88280091432781,0.35020789004409225,0.1754713027931296,0.27004221827968394,
20125,Bradsaude S A,2014,1102673.0,1156121.0,194992.0,644248.0,458425.0,13.913247790092868,13.96058099401708,0.41573975240166394,0.176835743688292,0.302666054066136,
20125,Bradsaude S A,2015,1195650.0,1249691.0,221162.0,653791.0,541859.0,13.994200528524178,14.038406878719528,0.4531919876217957,0.18497219085852884,0.33827629930665915,
20125,Bradsaude S A,2016,1358010.0,1365039.0,216050.0,697709.0,660301.0,14.121530950843917,14.126693557621612,0.48622690554561454,0.1590930847342803,0.3096563180351694,
20125,Bradsaude S A,2017,1389568.0,1437283.0,502830.0,926609.0,462959.0,14.144503465434322,14.178265083736822,0.3331675743828298,0.36186066460943256,0.5426560717627392,
20125,Bradsaude S A,2018,1647584.0,1591841.0,285277.0,1031688.0,615896.0,14.314820530401985,14.280401766026829,0.3738176627109756,0.1731486831627401,0.27651479904777415,
20125,Bradsaude S A,2019,1768742.0,1808926.0,284821.0,1116493.0,652249.0,14.38577911739526,14.408243856962516,0.3687643534218105,0.16103026897082787,0.25510325635718273,
20125,Bradsaude S A,2020,1921049.0,1765338.0,359721.0,1206585.0,714464.0,14.468381948973533,14.38385273143191,0.37191347019258747,0.1872523813812141,0.2981315033752284,
20125,Bradsaude S A,2021,1933841.0,1842434.0,381340.0,1121249.0,812592.0,14.47501873858571,14.426598081508523,0.4201958692570899,0.19719304741186064,0.3401028674273065,
20125,Bradsaude S A,2022,2019853.0,1902422.0,451361.0,1185518.0,834335.0,14.518535294452128,14.458638369191569,0.4130671885528303,0.2234623014645125,0.3807289303072581,
20125,Bradsaude S A,2023,2163973.0,2118667.0,511590.0,1387674.0,776299.0,14.587456441976032,14.566297675302277,0.35873784007471443,0.2364123766793763,0.36866728064372467,
20125,Bradsaude S A,2024,2122069.0,2281192.0,539133.0,1228233.0,893836.0,14.56790211412129,14.640208671332193,0.4212096779133949,0.2540600706197584,0.43895010148725855,
20125,Bradsaude S A,2025,1948841.0,2420159.0,582537.0,1282244.0,666597.0,14.482745394864256,14.699343798453894,0.3420479146323379,0.29891458564346707,0.4543105680354129,
20168,Oleo e Gas Participacoes SA,2010,9988534.0,0.0,-135525.0,9239798.0,748736.0,16.11694839310963,0.0,0.0749595486184459,-0.0135680571343102,-0.01466752844596819,0.1318619128466325
20168,Oleo e Gas Participacoes SA,2011,14350197.0,0.0,-509885.0,8869033.0,5481164.0,16.47927422829867,0.0,0.3819574044871997,-0.035531567963840494,-0.057490484024583066,-0.28353498158863766
20168,Oleo e Gas Participacoes SA,2012,17116348.0,325393.0,-1172774.0,7731076.0,9385272.0,16.65554458816539,12.69278896155044,0.5483221070289059,-0.06851777026267519,-0.15169608991038247,-0.6570086139389193
20168,Oleo e Gas Participacoes SA,2013,5389639.0,869953.0,-17430479.0,-9734360.0,15123999.0,15.499988964760934,13.676194466182967,2.806124677367074,-3.2340717068434452,1.79061376402763,-0.9443155452436195
20168,Oleo e Gas Participacoes SA,2014,128302.0,0.0,9868021.0,18534.0,109768.0,11.762142138946766,0.0,0.8555439509906315,76.91244875372169,532.4280241717923,-0.5909090909090908
20168,Oleo e Gas Participacoes SA,2015,24218.0,0.0,-235354.0,-371946.0,396164.0,10.094851437314311,0.0,16.358245932777272,-9.718143529606078,0.6327638958343416,-0.625
20168,Oleo e Gas Participacoes SA,2016,11305.0,0.0,-179059.0,-421381.0,432686.0,9.33300038471207,0.0,38.27386112339673,-15.83892083149049,0.4249337298074664,0.4666666666666668
20168,Oleo e Gas Participacoes SA,2017,45071.0,0.0,357172.0,-48683.0,93754.0,10.71599430314656,0.0,2.08014022320339,7.924652215393491,-7.336688371710864,-0.2857142857142858
20184,CCX Carvao da Colombia SA,2010,93.0,0.0,-29273.0,-362.0,455.0,4.532599493153256,0.0,4.89247311827957,-314.76344086021504,80.8646408839779,
20184,CCX Carvao da Colombia SA,2011,136.0,0.0,-110.0,128.0,8.0,4.912654885736052,0.0,0.058823529411764705,-0.8088235294117647,-0.859375,
20184,CCX Carvao da Colombia SA,2012,1027927.0,0.0,-54752.0,717372.0,310555.0,13.843054710802647,0.0,0.3021177573893866,-0.05326448278914748,-0.07632302348014698,
20184,CCX Carvao da Colombia SA,2013,299031.0,0.0,-537368.0,209628.0,89403.0,12.6083025259283,0.0,0.2989756914834917,-1.7970310770455238,-2.563436182189402,-0.5769230769230769
20184,CCX Carvao da Colombia SA,2014,333781.0,0.0,-30388.0,205566.0,128215.0,12.718240368278286,0.0,0.38412911459909344,-0.091041730955327,-0.14782600235447496,0.05319148936170226
20184,CCX Carvao da Colombia SA,2015,486144.0,0.0,-13585.0,280791.0,205353.0,13.094260155291849,0.0,0.4224118779620853,-0.027944395076355977,-0.04838118030848567,
20184,CCX Carvao da Colombia SA,2016,36664.0,0.0,-302735.0,-29364.0,66028.0,10.50955062618896,0.0,1.8008946105171286,-8.257009600698233,10.309733006402398,
20184,CCX Carvao da Colombia SA,2017,19545.0,0.0,-5856.0,-37857.0,57402.0,9.880474778227056,0.0,2.9369148119723714,-0.2996162701458173,0.15468737617877804,
20184,CCX Carvao da Colombia SA,2018,14582.0,0.0,-1666.0,-46433.0,61015.0,9.587543170366375,0.0,4.184268275956659,-0.11425044575504047,0.035879654556026964,
20184,CCX Carvao da Colombia SA,2019,9949.0,0.0,-4320.0,-53419.0,63368.0,9.20522732258936,0.0,6.369283345059805,-0.4342144939189868,0.08087010239802317,
20184,CCX Carvao da Colombia SA,2020,8821.0,0.0,5648.0,-72009.0,80830.0,9.084890521258767,0.0,9.163360163246798,0.6402902165287382,-0.07843464011443015,
20184,CCX Carvao da Colombia SA,2021,5000.0,0.0,-1215.0,-77247.0,82247.0,8.517193191416238,0.0,16.4494,-0.243,0.015728766165676335,
20184,CCX Carvao da Colombia SA,2022,842.0,0.0,-7970.0,-74731.0,75573.0,6.7357800142423265,0.0,89.7541567695962,-9.465558194774347,0.10664918173181143,
20257,TRANSMISSORA ALIANÇA DE ENERGIA ELÉTRICA S.A.,2010,4575830.0,798594.0,428630.0,2508354.0,2067476.0,15.33629866100203,13.590607960435024,0.45182535190337053,0.09367262332735263,0.17088098410351968,
20257,TRANSMISSORA ALIANÇA DE ENERGIA ELÉTRICA S.A.,2011,6490580.0,997244.0,495399.0,2252472.0,4238108.0,15.685862452946028,13.812750753204053,0.6529629093239742,0.07632584453161351,0.2199356973138845,0.21967213114754114
20257,TRANSMISSORA ALIANÇA DE ENERGIA ELÉTRICA S.A.,2012,9636364.0,1223676.0,589182.0,4097243.0,5539121.0,16.08105441701382,14.017370001131269,0.5748144217051162,0.0611415259946594,0.14379962330767299,0.7820163487738419
20257,TRANSMISSORA ALIANÇA DE ENERGIA ELÉTRICA S.A.,2013,9154079.0,1447851.0,892852.0,4305064.0,4849015.0,16.029710130265542,14.185590946080687,0.5297108534894662,0.09753597276143236,0.20739575532442722,-0.18385650224215255
20257,TRANSMISSORA ALIANÇA DE ENERGIA ELÉTRICA S.A.,2014,8658788.0,1495804.0,904845.0,4224632.0,4434156.0,15.974085316933547,14.218174412890427,0.5120989219276416,0.10450019101980554,0.21418315252074027,-0.008421052631578996
20257,TRANSMISSORA ALIANÇA DE ENERGIA ELÉTRICA S.A.,2015,8862458.0,1542465.0,909423.0,4377065.0,4485393.0,15.997334710742178,14.248892344066647,0.5061116227574788,0.10261521126531714,0.20777004682361355,-0.07150776053215069
20257,TRANSMISSORA ALIANÇA DE ENERGIA ELÉTRICA S.A.,2016,8410617.0,1391074.0,862066.0,4307588.0,4103029.0,15.945005394299665,14.145586668627868,0.48783923938041646,0.10249735542588612,0.20012731022558333,0.2301304863582443
20257,TRANSMISSORA ALIANÇA DE ENERGIA ELÉTRICA S.A.,2017,8054820.0,1077059.0,648285.0,4347552.0,3707268.0,15.901781227974812,13.889744736439358,0.4602546053170648,0.08048410765231252,0.149114950206461,0.08324873096446694
20257,TRANSMISSORA ALIANÇA DE ENERGIA ELÉTRICA S.A.,2018,8616294.0,1635237.0,1071305.0,4572052.0,4044242.0,15.969165619798874,14.307298305937097,0.4693714026007005,0.1243347778058641,0.2343160139036039,0.1368015414258188
20257,TRANSMISSORA ALIANÇA DE ENERGIA ELÉTRICA S.A.,2019,11229976.0,1794959.0,1002315.0,4926795.0,6303181.0,16.23409718957966,14.400492738418025,0.5612817872451374,0.08925353001644884,0.2034415882942156,0.3211864406779661
20257,TRANSMISSORA ALIANÇA DE ENERGIA ELÉTRICA S.A.,2020,14105419.0,3561286.0,2262927.0,6025904.0,8079515.0,16.46206960775512,15.085632273553271,0.5727951080361384,0.16042961928319888,0.3755331980064734,0.10109018830525263
20257,TRANSMISSORA ALIANÇA DE ENERGIA ELÉTRICA S.A.,2021,15895635.0,3472049.0,2213714.0,6684756.0,9210879.0,16.58155510119878,15.060255467566018,0.5794596441098453,0.13926552792637728,0.3311585344326704,0.0850238663484486
20257,TRANSMISSORA ALIANÇA DE ENERGIA ELÉTRICA S.A.,2022,17309081.0,2616517.0,1449215.0,6570476.0,10738605.0,16.666741835044014,14.777354602002415,0.620402954957574,0.08372570444381189,0.22056468968153906,-0.05221432476763255
20257,TRANSMISSORA ALIANÇA DE ENERGIA ELÉTRICA S.A.,2023,19448656.0,3362116.0,1367834.0,6679310.0,12769346.0,16.783288525384126,15.028081095627336,0.65656701419368,0.07033051538368512,0.2047867219817616,0.16621087815253732
20257,TRANSMISSORA ALIANÇA DE ENERGIA ELÉTRICA S.A.,2024,20431093.0,3718138.0,1693915.0,6939504.0,13491589.0,16.832568465118005,15.128733563304142,0.6603459247138662,0.0829086823695629,0.24409741676062152,-0.11189189189189186
20257,TRANSMISSORA ALIANÇA DE ENERGIA ELÉTRICA S.A.,2025,22506506.0,4624113.0,1579863.0,7608982.0,14897524.0,16.929314980932794,15.346795126752017,0.6619207797069878,0.07019583581742986,0.20763132308632087,0.2517835909631392
20338,M Dias Branco SA,2010,2361609.0,2444000.0,351641.0,1760517.0,601092.0,14.67485372435664,14.709146599273623,0.25452646903022474,0.1488989074821446,0.19973734988074526,-0.027333169170155158
20338,M Dias Branco SA,2011,3058156.0,2911033.0,366544.0,2005773.0,1052383.0,14.933322677904455,14.88401855897405,0.34412338677294424,0.11985784897827319,0.1827445079777223,0.17199017199017197
20338,M Dias Branco SA,2012,3426892.0,3545152.0,470538.0,2410618.0,1016274.0,15.047164285916034,15.081091594321121,0.2965585142455613,0.13730750779423453,0.1951939295234666,0.6829741379310346
20338,M Dias Branco SA,2013,3884901.0,4311638.0,524385.0,2820095.0,1064806.0,15.172608058833715,15.276828436284301,0.27408832297142194,0.1349802736285944,0.18594586352587414,0.30718954248366015
20338,M Dias Branco SA,2014,4478247.0,4579890.0,599262.0,3285643.0,1192604.0,15.314742233172586,15.337185538334694,0.2663104558547128,0.1338162008482337,0.1823880439840847,-0.10565110565110558
20338,M Dias Branco SA,2015,5099577.0,4622164.0,603925.0,3716945.0,1382632.0,15.444668153078274,15.346373551662094,0.27112680130136285,0.11842648909899782,0.16247886369047698,-0.2529768591327791
20338,M Dias Branco SA,2016,5681045.0,5328071.0,784399.0,4333606.0,1347439.0,15.552645752648536,15.4884998169394,0.23718153966391747,0.13807301297560573,0.1810037645323548,0.685128205128205
20338,M Dias Branco SA,2017,6089765.0,5415422.0,844183.0,4991911.0,1097854.0,15.622120051092617,15.504761367051996,0.18027854933646864,0.1386232473666882,0.16911018645965442,0.38343069569835353
20338,M Dias Branco SA,2018,7807466.0,6025054.0,723497.0,5561843.0,2245623.0,15.870591013342825,15.61143699995643,0.28762507579283725,0.09266732637708573,0.13008224072488203,-0.11111111111111116
20338,M Dias Branco SA,2019,8101031.0,6103608.0,556884.0,6034953.0,2066078.0,15.90750189549337,15.62439062970074,0.25503889566648985,0.06874236131178858,0.09227644357793673,-0.10864485981308414
20338,M Dias Branco SA,2020,9729858.0,7252524.0,763844.0,6645568.0,3084290.0,16.090709860016638,15.796860104175943,0.3169922932071568,0.07850515392927626,0.11494036326165047,-0.04700615556799104
20338,M Dias Branco SA,2021,10657093.0,7814046.0,504986.0,7032288.0,3624805.0,16.18173623782355,15.871433441449547,0.34013074672427085,0.047384966988652535,0.07180963009478565,-0.25358711566617864
20338,M Dias Branco SA,2022,11439492.0,10129205.0,481839.0,6708721.0,4730771.0,16.252582137335562,16.130933393382087,0.4135472973799886,0.0421206640994198,0.07182278112325732,0.3696483180428134
20338,M Dias Branco SA,2023,12340992.0,10840280.0,888654.0,7604694.0,4736298.0,16.328436962189425,16.198779383900483,0.3837858415271641,0.07200831181156264,0.11685598394886106,0.05748699698877635
20338,M Dias Branco SA,2024,12768867.0,9662833.0,645948.0,7997943.0,4770924.0,16.362520500501684,16.083797434414635,0.3736372224724402,0.05058773029744926,0.08076426651202691,-0.48244708311822404
20338,M Dias Branco SA,2025,12559343.0,10437548.0,659817.0,8238162.0,4321181.0,16.34597540871897,16.16092024693307,0.3440610707104663,0.05253594873553497,0.08009274398828282,0.2034153691612255
20354,SLC Agricola Centro Oeste SA,2010,1321802.0,394792.0,-22910.0,686466.0,635336.0,14.094506515105557,12.88611432291164,0.4806589791814508,-0.017332399254956492,-0.03337383060486608,-0.18699186991869898
20354,SLC Agricola Centro Oeste SA,2011,2824828.0,883272.0,-187223.0,1289126.0,1535702.0,14.853958035753362,13.691388472921382,0.5436444272005233,-0.06627766363120162,-0.1452325063647774,-0.6923076923076923
20354,SLC Agricola Centro Oeste SA,2012,2704275.0,809493.0,-128124.0,1490322.0,1213953.0,14.810344412157209,13.604163404749283,0.4489014615747289,-0.04737831766369914,-0.08597068284572058,0.24061782767818385
20354,SLC Agricola Centro Oeste SA,2013,2419546.0,730399.0,-229873.0,1272374.0,1147172.0,14.699090477227383,13.501346239149143,0.47412696431479295,-0.09500666653992113,-0.1806646473442557,0.0029229736842109055
20354,SLC Agricola Centro Oeste SA,2014,2510005.0,859249.0,-75487.0,1246445.0,1263560.0,14.735795303137856,13.663814030905758,0.5034093557582555,-0.030074442082784696,-0.060561837866893446,-0.6686181677789335
20354,SLC Agricola Centro Oeste SA,2015,2396399.0,931127.0,-161500.0,1022039.0,1374360.0,14.689477751899215,13.744150959415592,0.57351050471979,-0.06739278392287762,-0.15801745334571382,-0.7295945408163265
20354,SLC Agricola Centro Oeste SA,2016,2102087.0,842275.0,-148078.0,977636.0,1124451.0,14.558441218715714,13.643861843226624,0.5349212473127897,-0.07044332608498126,-0.1514653715697867,0.009081735620585452
20354,SLC Agricola Centro Oeste SA,2017,2222459.0,796315.0,7350.0,991920.0,1230539.0,14.614124798505998,13.587750115189808,0.5536835550172129,0.0033071476234207246,0.007409871763851924,0.40207156308851233
20354,SLC Agricola Centro Oeste SA,2018,2325009.0,1119007.0,42262.0,940005.0,1385004.0,14.659234467963843,13.92795224285984,0.5956983392322353,0.018177133937976153,0.04495933532268445,-0.09063893016344726
20354,SLC Agricola Centro Oeste SA,2019,2488577.0,961227.0,-134719.0,943019.0,1545558.0,14.727221619136781,13.775965872337578,0.62106095170051,-0.05413495342920874,-0.14285926370518515,0.7915309446254073
20354,SLC Agricola Centro Oeste SA,2020,2909605.0,1233462.0,-56848.0,784726.0,2124879.0,14.88352789110271,14.025335407829264,0.730298098882838,-0.019538047260710647,-0.07244312027382806,0.2998500749625186
20362,Positivo Tecnologia S.A.,2010,1629669.0,2327605.0,89196.0,686310.0,943359.0,14.30388748467729,14.660350399897764,0.5788654015017773,0.05473258680136887,0.12996459325960572,-0.5655080213903744
20362,Positivo Tecnologia S.A.,2011,1568041.0,2081291.0,-67907.0,619172.0,948869.0,14.265337627509822,14.548498932216555,0.6051302229979956,-0.043306903327145145,-0.10967388706207645,-0.43388834476003924
20362,Positivo Tecnologia S.A.,2012,1815432.0,2195474.0,30190.0,640032.0,1175400.0,14.411834013888575,14.601908526508868,0.647449202173367,0.016629650683694017,0.04716951652417379,-0.09189189189189184
20362,Positivo Tecnologia S.A.,2013,1879734.0,2566533.0,15590.0,645728.0,1234006.0,14.446640835433866,14.758066518877623,0.6564790550152309,0.008293726665581407,0.02414329253184003,-0.4282868525896414
20362,Positivo Tecnologia S.A.,2014,1759796.0,2331559.0,23271.0,660756.0,1099040.0,14.380708451205448,14.662047700507586,0.6245269338036908,0.01322369183700838,0.03521874943246826,-0.29605263157894735
20362,Positivo Tecnologia S.A.,2015,1919040.0,1843191.0,-79881.0,576395.0,1342645.0,14.467335618962283,14.427008866659289,0.6996440928797732,-0.04162550025012506,-0.13858725353273363,-0.19047619047619058
20362,Positivo Tecnologia S.A.,2016,1822893.0,1746015.0,8838.0,559245.0,1263648.0,14.415935357478531,14.372846606410073,0.6932101884202748,0.004848337230983936,0.01580344929324357,0.5163043478260869
20362,Positivo Tecnologia S.A.,2017,1733859.0,1913608.0,-47551.0,506375.0,1227484.0,14.365860118137498,14.464501023331717,0.7079491469606237,-0.02742495208664603,-0.09390471488521353,0.04013377926421402
20362,Positivo Tecnologia S.A.,2018,1789529.0,1951337.0,-461.0,509908.0,1279621.0,14.397463014700943,14.484025336621148,0.7150602197561481,-0.0002576096838888892,-0.0009040846584089678,-0.2655737704918032
20362,Positivo Tecnologia S.A.,2019,1945403.0,1915308.0,20848.0,534892.0,1410511.0,14.4809797115156,14.465389003173378,0.7250482290815836,0.010716545620624622,0.03897609237004853,3.5695067264573987
20362,Positivo Tecnologia S.A.,2020,2824635.0,2192173.0,195842.0,1033138.0,1791497.0,14.85388971067536,14.600403847293423,0.634240176164354,0.06933355991128057,0.18956034914987155,-0.5372050816696915
20362,Positivo Tecnologia S.A.,2021,3754136.0,3365487.0,202896.0,1181661.0,2572475.0,15.138368723495814,15.029083235700737,0.685237561984968,0.05404599087513079,0.17170406741019634,1.0961538461538463
20362,Positivo Tecnologia S.A.,2022,4199825.0,4993235.0,306357.0,1406320.0,2793505.0,15.25055341571885,15.423594554267432,0.6651479525932629,0.07294518223973617,0.21784302292508106,-0.06752730883813307
20362,Positivo Tecnologia S.A.,2023,4581833.0,3926631.0,250882.0,1596427.0,2985406.0,15.33760969436498,15.183292364286501,0.6515745990742133,0.05475581497623331,0.15715219048537765,-0.07814569536423843
20362,Positivo Tecnologia S.A.,2024,4466987.0,3688326.0,85038.0,1646121.0,2820866.0,15.312224690099441,15.120683254545957,0.6314918758438294,0.01903699294401349,0.05165962890941796,-0.24818577648766327
20362,Positivo Tecnologia S.A.,2025,4473551.0,3354898.0,12234.0,1575992.0,2897559.0,15.313693058374234,15.025931925541256,0.6477089453098892,0.0027347402544421646,0.007762729760049544,-0.2766726943942134
20435,Tecnisa SA,2010,3135070.0,1415218.0,200048.0,1195384.0,1939686.0,14.958162060348524,14.162794140797137,0.6187058024222745,0.06380973949544987,0.16735040790239789,0.06538461538461537
20435,Tecnisa SA,2011,3943761.0,1596145.0,144411.0,1632314.0,2311447.0,15.187645394491225,14.283101904995412,0.586102200412246,0.036617584077736964,0.08847011053020436,-0.06944444444444453
20435,Tecnisa SA,2012,4167991.0,1355405.0,-170948.0,1433298.0,2734693.0,15.242944703103987,14.119610860625258,0.6561177795249558,-0.04101448395641929,-0.11926898663083323,-0.23456790123456783
20435,Tecnisa SA,2013,4690095.0,1832249.0,285449.0,1579047.0,3111048.0,15.360963396080855,14.421054732010898,0.6633230243737067,0.06086209341175392,0.18077295989289743,0.1256281407035178
20435,Tecnisa SA,2014,4798379.0,1596683.0,211790.0,1700318.0,3098061.0,15.383788710508485,14.28343891031176,0.6456474155126137,0.0441378223770986,0.12455905307124902,-0.5438388625592416
20435,Tecnisa SA,2015,3712812.0,1271749.0,292905.0,1712013.0,2000799.0,15.127300098965936,14.055903676366636,0.5388904690030091,0.07889033972094467,0.17108807000881418,-0.27419354838709675
20435,Tecnisa SA,2016,3128240.0,341077.0,-456443.0,1448085.0,1680155.0,14.955981104046735,12.739863537226826,0.5370927422448406,-0.14591048001432116,-0.3152045632680402,-0.06873794409052703
20435,Tecnisa SA,2017,2319137.0,307989.0,-531594.0,1065594.0,1253543.0,14.656705691681124,12.637819347032227,0.5405213232335994,-0.22922061094277743,-0.4988710522018705,-0.05755571309726737
20435,Tecnisa SA,2018,1936500.0,175933.0,-283288.0,782508.0,1153992.0,14.476392777936944,12.077858519724389,0.5959163439194423,-0.14628866511747998,-0.3620256917501163,-0.27500000000000013
20435,Tecnisa SA,2019,1718538.0,365965.0,-262374.0,946655.0,771883.0,14.356984487334797,12.810292979395514,0.4491509643662229,-0.15267279513167586,-0.27715904949532827,0.2797202797202798
20435,Tecnisa SA,2020,1743807.0,180647.0,-166875.0,791272.0,952535.0,14.371581212189609,12.104300129739858,0.5462387752773099,-0.0956957966105194,-0.21089461019725203,-0.42914285714285716
20435,Tecnisa SA,2021,1556408.0,146363.0,-185641.0,661234.0,895174.0,14.257891160146146,11.893845116326736,0.5751538157089915,-0.11927528000370083,-0.28074932625969024,-0.6415094339622642
20435,Tecnisa SA,2022,1607828.0,237347.0,2300.0,622022.0,985806.0,14.290394757825737,12.377278484337756,0.6131290162878119,0.0014305012725241756,0.0036976184122105007,-0.30809399477806787
20435,Tecnisa SA,2023,1527112.0,437120.0,-55267.0,535514.0,991598.0,14.238888927941963,12.987963035924508,0.649328929377806,-0.0361905348134256,-0.10320365107168067,0.6209677419354838
20435,Tecnisa SA,2024,1339070.0,470626.0,-151053.0,385798.0,953272.0,14.10748590112614,13.061819002368035,0.7118910885913358,-0.1128044090301478,-0.39153391152883116,-0.6786632390745502
20435,Tecnisa SA,2025,1197783.0,214539.0,-100131.0,291943.0,905840.0,13.99598290602519,12.276246819005104,0.7562638641556944,-0.08359694535654622,-0.34298133539766323,-0.13076923076923086
20478,PDG Realty S.A. Empreendimentos e Participações,2010,15386410.0,5229815.0,789552.0,5964848.0,9421562.0,16.548995210247693,15.469886462566523,0.6123301016936374,0.05131489411760118,0.132367497042674,0.23902439024390265
20478,PDG Realty S.A. Empreendimentos e Participações,2011,17253079.0,6877380.0,708007.0,6436886.0,10816193.0,16.663501178267328,15.74374832342799,0.6269137815922595,0.04103655932949707,0.10999216080570637,-0.3530701754385963
20478,PDG Realty S.A. Empreendimentos e Participações,2012,16034172.0,4358499.0,-2172855.0,5030113.0,11004059.0,16.590232752732188,15.287638289997009,0.6862879480150269,-0.13551401344578318,-0.4319694209652944,-0.4389830508474576
20478,PDG Realty S.A. Empreendimentos e Participações,2013,16798855.0,5316929.0,-153257.0,5330053.0,11468802.0,16.636821287288942,15.486406439002547,0.6827133158777786,-0.009123062256326399,-0.028753372621247858,-0.4290220820189272
20478,PDG Realty S.A. Empreendimentos e Participações,2014,15924225.0,4256603.0,-475414.0,5061749.0,10862476.0,16.5833520926182,15.263981982298452,0.6821353001480449,-0.029854765302550046,-0.09392287132372625,-0.5248618784559764
20478,PDG Realty S.A. Empreendimentos e Participações,2015,10958045.0,1824301.0,-2842482.0,2384565.0,8573480.0,16.20958444766086,14.416707457931617,0.7823913845946061,-0.2593968175892689,-1.1920337671650805,-0.9561962618148153
20478,PDG Realty S.A. Empreendimentos e Participações,2016,4651014.0,247228.0,-5430942.0,-3414502.0,8065516.0,15.352595818307057,12.418066266759682,1.7341414151838717,-1.167689884399402,1.590551711494092,-0.3388888888888889
20478,PDG Realty S.A. Empreendimentos e Participações,2017,2968868.0,458253.0,160563.0,-3228359.0,6197227.0,14.903691293343604,13.035176712325367,2.0874040206570315,0.054082229321074565,-0.04973517505333205,0.7328244274809161
20478,PDG Realty S.A. Empreendimentos e Participações,2018,2475628.0,213455.0,-846015.0,-3999480.0,6475108.0,14.722004659172782,12.271181316601377,2.6155415918708305,-0.34173753084065944,0.2115312490623781,-0.497737556561086
20478,PDG Realty S.A. Empreendimentos e Participações,2019,1934884.0,300222.0,-909851.0,-4923387.0,6858271.0,14.475557934328634,12.612277479973338,3.5445385873261652,-0.4702354249660445,0.1848018447463098,-0.24591836734693873
20478,PDG Realty S.A. Empreendimentos e Participações,2020,1730597.0,208194.0,-456703.0,-5384536.0,7115133.0,14.363976993650441,12.246225616303942,4.111374860813927,-0.26389910533763783,0.08481752188117973,-0.4277456647398844
20478,PDG Realty S.A. Empreendimentos e Participações,2021,1275373.0,432957.0,-121445.0,-5211848.0,6487221.0,14.058749242810151,12.978393694893992,5.086528411688189,-0.09522312296089065,0.023301715629465786,-0.661531839202139
20478,PDG Realty S.A. Empreendimentos e Participações,2022,1174676.0,119318.0,-82820.0,-4890668.0,6065344.0,13.97650292285499,11.689547476838861,5.163418678852722,-0.07050454763696543,0.016934292002646675,-0.9172413793103449
20478,PDG Realty S.A. Empreendimentos e Participações,2023,670201.0,91747.0,1119394.0,-3320543.0,3990744.0,13.415332946376147,11.426790067834556,5.954547963969018,1.6702362425600679,-0.3371117314246495,-0.9625
20478,PDG Realty S.A. Empreendimentos e Participações,2024,534650.0,119955.0,-429848.0,-3333497.0,3868147.0,13.189367606184803,11.6948719514341,7.234914430000935,-0.8039801739455719,0.1289480686498293,-0.9782608695652174
20478,PDG Realty S.A. Empreendimentos e Participações,2025,427402.0,125272.0,-333739.0,-3308533.0,3735935.0,12.965480301313418,11.73824265222528,8.741033032133682,-0.7808550264154122,0.10087219924963722,-0.99428
20494,Iguatemi Empresa de Shopping Centers S/A (pre-restructuring entity),2010,2294331.0,263579.0,151600.0,1488258.0,806073.0,14.645951855713472,12.482108412276123,0.35133247992552075,0.06607590622277257,0.10186405851673568,0.25757575757575757
20494,Iguatemi Empresa de Shopping Centers S/A (pre-restructuring entity),2011,2897032.0,329522.0,151995.0,1578861.0,1318171.0,14.879197322600044,12.705398398525872,0.45500740067765905,0.0524657649622096,0.09626876590149482,-0.16502047699349554
20494,Iguatemi Empresa de Shopping Centers S/A (pre-restructuring entity),2012,3572195.0,410521.0,268308.0,1773269.0,1798926.0,15.088690810753876,12.925182363691595,0.5035912093264785,0.07511012136795443,0.15130699290406588,0.6118343195266274
20494,Iguatemi Empresa de Shopping Centers S/A (pre-restructuring entity),2013,4618823.0,418869.0,184285.0,2317533.0,2301290.0,15.345650468695833,12.945313500854658,0.4982416516069137,0.03989869280550478,0.07951774580987628,-0.1725417439703153
20494,Iguatemi Empresa de Shopping Centers S/A (pre-restructuring entity),2014,4910968.0,577166.0,230709.0,2493805.0,2417163.0,15.406981629015627,13.265885199087977,0.4921968540621727,0.046978314662201016,0.09251284683445578,0.09333333333333349
20494,Iguatemi Empresa de Shopping Centers S/A (pre-restructuring entity),2015,5057018.0,636254.0,193657.0,2633980.0,2423038.0,15.436287539478368,13.363353133664043,0.4791436376141038,0.038294702530226314,0.07352257799983296,-0.2120833333333333
20494,Iguatemi Empresa de Shopping Centers S/A (pre-restructuring entity),2016,5230634.0,668147.0,164195.0,2741538.0,2489096.0,15.470043052403474,13.412263488189398,0.47586889084573686,0.03139103213874265,0.05989156451597607,0.24801123069723907
20494,Iguatemi Empresa de Shopping Centers S/A (pre-restructuring entity),2017,5062802.0,692156.0,218873.0,2806635.0,2256167.0,15.43743064293867,13.447566642719499,0.4456360331689843,0.04323159388812756,0.07798413402526513,0.520849420849421
20494,Iguatemi Empresa de Shopping Centers S/A (pre-restructuring entity),2018,5290203.0,721526.0,260326.0,2846334.0,2443869.0,15.481367177389323,13.489123692582817,0.4619612895762223,0.04920907571977862,0.09146010271457952,0.09473684210526323
20494,Iguatemi Empresa de Shopping Centers S/A (pre-restructuring entity),2019,5628893.0,754270.0,314301.0,3000062.0,2628831.0,15.543423355560575,13.53350567307678,0.46702451085852936,0.0558370891043763,0.10476483486007956,0.38481675392670134
20494,Iguatemi Empresa de Shopping Centers S/A (pre-restructuring entity),2020,6860690.0,675576.0,202324.0,3149328.0,3711362.0,15.741318577734306,13.423320939306105,0.5409604573300936,0.029490328232291505,0.06424354655977402,-0.2590745911447946
20494,Iguatemi Empresa de Shopping Centers S/A (pre-restructuring entity),2021,7137812.0,856637.0,344083.0,3410804.0,3727008.0,15.780916844775616,13.660769537253454,0.52214992493498,0.04820566862786523,0.1008803202998472,-0.15956367326230336
20494,Iguatemi Empresa de Shopping Centers S/A (pre-restructuring entity),2022,6312386.0,996137.0,-19216.0,3057189.0,3255197.0,15.658024292996739,13.811640077308377,0.5156840852254599,-0.0030441737878513764,-0.006285512606515332,
20494,Iguatemi Empresa de Shopping Centers S/A (pre-restructuring entity),2023,6144507.0,1039215.0,310946.0,3665445.0,2479062.0,15.631069069936347,13.853976178414493,0.4034598707430881,0.05060552457666661,0.08483171893180773,
20494,Iguatemi Empresa de Shopping Centers S/A (pre-restructuring entity),2024,6466894.0,1064876.0,370706.0,3789189.0,2677705.0,15.682206489386711,13.878368918422057,0.41406353652928285,0.05732365491068819,0.09783254411432103,
20494,Iguatemi Empresa de Shopping Centers S/A (pre-restructuring entity),2025,7628423.0,1188409.0,569684.0,3895653.0,3732770.0,15.847391697756983,13.988125995749588,0.4893239402167394,0.07467913092915797,0.1462358172044584,
20516,São Martinho S.A.,2011,4030417.0,1295046.0,142288.0,1953486.0,2076931.0,15.209380402515215,14.074056773720432,0.5153141722060025,0.03530354303289213,0.07283799320803937,-0.30353430353430366
20516,São Martinho S.A.,2012,4787167.0,1366990.0,126611.0,2024678.0,2762489.0,15.381449353916128,14.128121800390376,0.5770613392012437,0.026448001500678792,0.06253389427849762,0.6138328530259365
20516,São Martinho S.A.,2013,5633110.0,1635955.0,72950.0,2100617.0,3532493.0,15.544172245468895,14.30773728965406,0.6270946244614432,0.01295021755300358,0.03472789185272708,0.1479999999999999
20516,São Martinho S.A.,2014,5038396.0,1533675.0,135001.0,2075952.0,2962444.0,15.432598335425755,14.243177374056126,0.5879736328784002,0.026794440135312906,0.06503088703399693,0.2946428567857142
20516,São Martinho S.A.,2015,7168924.0,1916044.0,288317.0,2616085.0,4552839.0,15.785266131579206,14.465773201758656,0.6350798250895113,0.04021761145745163,0.11020933952834101,0.36279761875000016
20516,São Martinho S.A.,2016,7385261.0,2338730.0,194331.0,2648365.0,4736896.0,15.814996815232382,14.665118604957174,0.6413985910585963,0.02631335575005406,0.07337772550233823,0.28656256844368544
20516,São Martinho S.A.,2017,8691883.0,2609519.0,283867.0,3403320.0,5288563.0,15.977900159614387,14.77467647112743,0.608448480035914,0.03265886114665832,0.08340884783094155,0.10601719197707737
20516,São Martinho S.A.,2018,9114712.0,3435700.0,491706.0,3289775.0,5824937.0,16.025400369325844,15.049731247447928,0.6390697808115057,0.053946411033063905,0.1494649330121361,0.010555555555555651
20516,São Martinho S.A.,2019,9748722.0,3360362.0,314045.0,3391010.0,6357712.0,16.092646757459622,15.027559264231293,0.6521585085716877,0.03221396609729973,0.09261105098480983,0.263045793397231
20516,São Martinho S.A.,2020,12113526.0,3693860.0,639010.0,3346676.0,8766850.0,16.30983323747617,15.12218253972697,0.7237240420336738,0.05275177516439061,0.19093871052949254,0.2187082405345211
20516,São Martinho S.A.,2021,12417856.0,4305083.0,927124.0,3986589.0,8431267.0,16.33464599476952,15.275306975565197,0.6789631801174051,0.07466055331934916,0.23256071794709712,0.34269005847953204
20516,São Martinho S.A.,2022,17359145.0,5719953.0,1480868.0,5318425.0,12040720.0,16.669630014831526,15.559471146539005,0.6936240235334171,0.08530765772162166,0.278441079830965,-0.26045733407696603
20516,São Martinho S.A.,2023,18823785.0,6627566.0,1015744.0,5912363.0,12911422.0,16.750631787734648,15.706748175601955,0.6859099803785477,0.05396066731531411,0.17180000619041827,0.25524625267665946
20516,São Martinho S.A.,2024,20371449.0,6891738.0,1476279.0,6862371.0,13509078.0,16.829644919693703,15.745833860817406,0.6631378062503065,0.07246804093317073,0.21512666686193446,-0.21125805357748384
20516,São Martinho S.A.,2025,21769383.0,7162034.0,556731.0,6699362.0,15070021.0,16.896015091054387,15.784304576806544,0.6922576078522759,0.02557403671018145,0.08310209240820245,-0.39105920257752713
20524,Even Construtora e Incorporadora S/A,2010,3218235.0,1955931.0,255044.0,1409837.0,1808398.0,14.984343630592818,14.486376852881065,0.5619222959168613,0.07924965081791728,0.1809031824246349,0.036144578313252795
20524,Even Construtora e Incorporadora S/A,2011,3489080.0,1908348.0,232782.0,1594474.0,1894606.0,15.065148649112118,14.461748504296454,0.543010191798411,0.06671730083575039,0.1459929732312976,-0.25272067714631197
20524,Even Construtora e Incorporadora S/A,2012,3773681.0,2162240.0,270564.0,1805093.0,1968588.0,15.143561475635961,14.586655279345948,0.5216625358635243,0.0716976342197446,0.14988923008399013,0.5284552845528454
20524,Even Construtora e Incorporadora S/A,2013,4804693.0,2458987.0,328347.0,2315876.0,2488817.0,15.385103706565967,14.715260034482444,0.5179970915935732,0.06833880957638709,0.14178090709519853,-0.09242761692650336
20524,Even Construtora e Incorporadora S/A,2014,4880080.0,2205895.0,273897.0,2419495.0,2460585.0,15.400672171137582,14.606643880201322,0.5042099719676727,0.05612551433583056,0.11320420170324799,-0.3122629582806573
20524,Even Construtora e Incorporadora S/A,2015,5136789.0,2205111.0,149202.0,2466162.0,2670627.0,15.451938734048687,14.606288405732116,0.519902024396953,0.029045771589995228,0.06049967520381873,-0.20000000000000007
20524,Even Construtora e Incorporadora S/A,2016,5018723.0,1743088.0,39892.0,2419129.0,2599594.0,15.428686076837083,14.371168810892645,0.5179791751806186,0.007948635539359315,0.01649023264158298,-0.08866995073891615
20524,Even Construtora e Incorporadora S/A,2017,4729857.0,1583950.0,-343437.0,2005904.0,2723953.0,15.369405527452964,14.275432285201736,0.575905994620979,-0.07261044044249118,-0.1712130789908191,0.5597826086956521
20524,Even Construtora e Incorporadora S/A,2018,4740971.0,1474852.0,-140629.0,1807499.0,2933472.0,15.371752525012562,14.204068203738714,0.6187491971581349,-0.029662488971141144,-0.07780308592148599,0.1428571428571428
20524,Even Construtora e Incorporadora S/A,2019,4983545.0,1912997.0,142740.0,1877442.0,3106103.0,15.421652043147214,14.464181680203701,0.6232717874525062,0.02864226168319941,0.07602897985663472,1.5847176079734222
20524,Even Construtora e Incorporadora S/A,2020,5176777.0,1671020.0,53349.0,2481417.0,2695360.0,15.459693219816236,14.328944776386814,0.5206637257119633,0.010305446805995313,0.02149940941002661,-0.17840054682159956
20524,Even Construtora e Incorporadora S/A,2021,5929910.0,2275744.0,286221.0,2592338.0,3337572.0,15.595519593792968,14.637817589870595,0.5628368727349994,0.04826734301195128,0.11041037086984799,-0.5026415094339622
20524,Even Construtora e Incorporadora S/A,2022,6698124.0,2317936.0,195032.0,2727424.0,3970700.0,15.717338045153875,14.656187692492043,0.5928077772223984,0.029117406605192738,0.07150776703585508,-0.28660436137071654
20524,Even Construtora e Incorporadora S/A,2023,7298629.0,2973650.0,341294.0,2879913.0,4418716.0,15.803197080261269,14.905300712459274,0.6054172639820438,0.04676138491215268,0.11850844105360127,0.8303571428571426
20524,Even Construtora e Incorporadora S/A,2024,5178914.0,2157292.0,131518.0,2069012.0,3109902.0,15.460105939745853,14.584364289412692,0.6004930763476667,0.02539489939396561,0.06356560522606926,-0.2928759894459102
20524,Even Construtora e Incorporadora S/A,2025,5215835.0,1920257.0,299052.0,2194756.0,3021079.0,15.467209748652696,14.467969589212961,0.5792129160527509,0.05733540267282228,0.1362575156418299,0.38928571428571446
20575,JBS S/A,2010,44529225.0,55055802.0,-264000.0,18694849.0,25834376.0,17.61165627314913,17.823857810674657,0.5801667556531693,-0.0059286906520380715,-0.014121536900351535,-0.25853154084798347
20575,JBS S/A,2011,47410884.0,61796761.0,-322885.0,21599188.0,25811696.0,17.674362380559774,17.939361510051178,0.5444255373934812,-0.006810356035546606,-0.014948941599100854,-0.11884057971014494
20575,JBS S/A,2012,49756193.0,75696710.0,762890.0,21433306.0,28322887.0,17.722645496233643,18.142245256432837,0.5692334017596563,0.015332563727293204,0.03559366903080654,0.018675721561969505
20575,JBS S/A,2013,68670221.0,92902798.0,1118325.0,23133254.0,45536967.0,18.044826198882056,18.347064321737406,0.6631253888057241,0.016285443438430174,0.04834274503707952,0.5359019264448335
20575,JBS S/A,2014,82315588.0,120469719.0,2406427.0,25873030.0,56442558.0,18.22607105232976,18.606908984709396,0.6856849276227001,0.029234159148568556,0.09300909093368655,0.3913043478260867
20575,JBS S/A,2015,122502967.0,162914526.0,5128647.0,29621378.0,92881589.0,18.62364580806391,18.90873624086747,0.7581986891795037,0.0418654921231418,0.17314005445661576,0.07298001737619453
20575,JBS S/A,2016,102815763.0,170380526.0,707498.0,24914627.0,77901136.0,18.448449235806365,18.95354488179101,0.7576769721584423,0.006881221121706795,0.028396893118247366,-0.0916334661354582
20575,JBS S/A,2017,108695951.0,163169981.0,1025469.0,26140668.0,82555283.0,18.504065102087637,18.91030304362427,0.7595065155646874,0.009434288863253057,0.039228875099901805,-0.12175470008952549
20575,JBS S/A,2018,114145831.0,181680244.0,210116.0,27946209.0,86199622.0,18.55298740815311,19.017758798781372,0.7551710057636709,0.0018407680609903308,0.007518586868079317,0.2877777777777777
20575,JBS S/A,2019,126339387.0,204523575.0,6464854.0,32482049.0,93857338.0,18.654482391436353,19.136193807976362,0.7428984755165862,0.051170534807169835,0.19902851571955943,1.1680672268907561
20575,JBS S/A,2020,163801806.0,270204212.0,4654949.0,43544189.0,120257617.0,18.914167754963486,19.414688571821873,0.7341653913144279,0.02841817873485473,0.10690172688713986,-0.053221288515406084
20575,JBS S/A,2021,207109116.0,350695561.0,20529653.0,47796720.0,159312396.0,19.148756342779983,19.67542905748824,0.7692196223752894,0.09912481592553367,0.4295201218828405,0.6114649681528663
20575,JBS S/A,2022,208110628.0,374851600.0,16201254.0,49808931.0,158301697.0,19.153580361659944,19.74204077227825,0.7606612815564614,0.07784923891537149,0.3252680528317301,-0.41609134360063726
20575,JBS S/A,2023,206132069.0,363816537.0,-729145.0,46998306.0,159133763.0,19.144027632980062,19.712160279309856,0.7719990575556683,-0.0035372710492708437,-0.015514282578610386,0.21988246816846213
20575,JBS S/A,2024,251936042.0,416952002.0,10703994.0,50370426.0,201565616.0,19.344685811675323,19.848481670020696,0.8000666137320678,0.042486949921996475,0.21250552854168833,0.532939189189189
20575,JBS S/A,2025,247689021.0,480583047.0,12535912.0,51594835.0,196094186.0,19.327684569698494,19.990510605987797,0.7916951070673415,0.05061149642155516,0.24296835138633546,-0.01164851861230698
20605,JHSF Participações S.A.,2010,2146714.0,762920.0,213466.0,1078469.0,1068245.0,14.579448858858777,13.544908455490363,0.4976186860476058,0.09943849064197653,0.19793429389254583,-0.06666666666666665
20605,JHSF Participações S.A.,2011,2545388.0,909436.0,220769.0,1168023.0,1377365.0,14.749793652142234,13.720579906130096,0.5411218250419976,0.08673294601844592,0.1890108328346274,0.6656534954407296
20605,JHSF Participações S.A.,2012,3266354.0,898380.0,184163.0,1298382.0,1967972.0,14.999184936106072,13.708348420359819,0.6024980758362382,0.05638182511754696,0.14184038287653403,0.6948818897637794
20605,JHSF Participações S.A.,2013,5301466.0,671078.0,319932.0,2216788.0,3084678.0,15.483493944048163,13.416640653609287,0.5818537740315604,0.06034783586275947,0.14432232581554935,-0.49526066350710896
20605,JHSF Participações S.A.,2014,5805377.0,602840.0,43099.0,2289655.0,3515722.0,15.574295115019138,13.309407100533612,0.6055975348371001,0.007423979527944525,0.018823359851156615,-0.3989769820971867
20605,JHSF Participações S.A.,2015,6565587.0,630961.0,109740.0,2664929.0,3900658.0,15.69735247527862,13.354999332957139,0.5941065132485488,0.01671442324958911,0.04117933348318098,-0.4120370370370371
20605,JHSF Participações S.A.,2016,4750550.0,384563.0,-250578.0,2217185.0,2533365.0,15.373770958781424,12.859862903660776,0.5332782519918746,-0.05274715559251034,-0.11301627965190095,0.13709677419354827
20605,JHSF Participações S.A.,2017,4466181.0,355885.0,-27270.0,2147780.0,2318401.0,15.312044238998066,12.782362923939676,0.5191014425971541,-0.006105887781977488,-0.012696831146579258,0.2962962962962963
20605,JHSF Participações S.A.,2018,4815061.0,485694.0,195439.0,2267248.0,2547813.0,15.387259271877625,13.093334074953024,0.5291341065045697,0.040589101571091205,0.08620098021919084,0.12280701754385959
20605,JHSF Participações S.A.,2019,5837934.0,636789.0,326678.0,3056788.0,2781146.0,15.579887525090772,13.364193639493768,0.47639216202170154,0.05595780973200451,0.10686969459445667,2.6192893401015227
20605,JHSF Participações S.A.,2020,7282039.0,1170550.0,638854.0,3826675.0,3455364.0,15.800921463374694,13.972984281788465,0.4745050115771146,0.08773009867153966,0.16694754584593674,0.1604754829123327
20605,JHSF Participações S.A.,2021,8411534.0,2007441.0,981219.0,4546460.0,3865074.0,15.945114417218424,14.512371334582872,0.4594969241044499,0.11665161194141282,0.21582044051855728,-0.3102595797280593
20605,JHSF Participações S.A.,2022,10321737.0,1902092.0,632094.0,5159673.0,5162064.0,16.149762617807976,14.458464891054373,0.5001158235285398,0.061239111207735675,0.12250660070899842,-0.09712230215827344
20605,JHSF Participações S.A.,2023,11078069.0,1593474.0,497865.0,5222945.0,5855124.0,16.2204779461169,14.281427096421508,0.5285329058701476,0.044941496573094104,0.09532265800233393,0.22417582417582427
20605,JHSF Participações S.A.,2024,13293747.0,1607933.0,861545.0,5836514.0,7457233.0,16.4028043322607,14.290460061186302,0.5609579451150981,0.06480828919039906,0.14761294156066446,-0.2422360248447205
20605,JHSF Participações S.A.,2025,18583090.0,3479142.0,1868540.0,7136734.0,11446356.0,16.73776258538026,15.062296269627646,0.6159554734976799,0.10055055429425354,0.26182004261332986,1.049095607235142
20621,Fertilizantes Heringer SA,2010,2022844.0,3521471.0,61805.0,409722.0,1613122.0,14.520014999978287,15.074389358006616,0.7974524975727243,0.03055351772059536,0.15084618350979445,-0.14166666666666672
20621,Fertilizantes Heringer SA,2011,2594203.0,4704007.0,63890.0,473612.0,2120591.0,14.768789898313914,15.363925256654731,0.8174344875863608,0.024627987863709972,0.13489945356114288,0.247191011235955
20621,Fertilizantes Heringer SA,2012,3061670.0,5310833.0,-2466.0,471146.0,2590524.0,14.934471076694289,15.485259254737686,0.84611470210702,-0.0008054427812272387,-0.00523404634656773,-0.041398344066237325
20621,Fertilizantes Heringer SA,2013,2996698.0,5427935.0,-33904.0,437243.0,2559455.0,14.91302157378732,15.507069324920465,0.8540917369718269,-0.011313786040501912,-0.07754040659313013,-0.3230174081237911
20621,Fertilizantes Heringer SA,2014,3311081.0,5951799.0,7963.0,445210.0,2865871.0,15.012785280138331,15.59920408476355,0.8655393812473933,0.0024049547564677517,0.017885941465825117,-0.26086956521739135
20621,Fertilizantes Heringer SA,2015,3333510.0,6308405.0,-335967.0,246014.0,3087496.0,15.019536360885759,15.657393429189227,0.926199711415295,-0.10078475840780439,-1.3656417927435025,-0.75
20621,Fertilizantes Heringer SA,2016,2855544.0,5194970.0,43190.0,289207.0,2566337.0,14.864772925828435,15.463201407715346,0.898720874201203,0.015124963929815124,0.1493394004986048,0.4642857142857142
20621,Fertilizantes Heringer SA,2017,2945048.0,4789723.0,-125604.0,163603.0,2781445.0,14.895635673746545,15.381983138904927,0.9444481040716484,-0.04264921997875756,-0.7677365329486623,0.3492063492063491
20621,Fertilizantes Heringer SA,2018,1825722.0,3688722.0,-779610.0,-621836.0,2447558.0,14.417486083201535,15.120790614563239,1.3405973089002596,-0.4270146276377236,1.2537228465383157,0.8828451882845187
20621,Fertilizantes Heringer SA,2019,1579933.0,1181340.0,653221.0,31385.0,1548548.0,14.272892999040739,13.982159945363932,0.98013523358269,0.41344854496994493,20.813159152461367,-0.25103734439834036
20621,Fertilizantes Heringer SA,2020,1810913.0,2214192.0,-199183.0,-148119.0,1959032.0,14.409341695954565,14.610398109357892,1.0817924439219333,-0.10999037502077681,1.3447498295289597,-0.36752136752136744
20621,Fertilizantes Heringer SA,2021,2881373.0,4291368.0,667210.0,519091.0,2362282.0,14.873777474620685,15.272116121191303,0.819845955383076,0.23155974599609283,1.2853430323392239,5.003267973856209
20621,Fertilizantes Heringer SA,2022,3017250.0,5675134.0,-150571.0,368520.0,2648730.0,14.919856378480144,15.551604733387775,0.8778622918220234,-0.049903388847460435,-0.4085829805709324,-0.1188775510204082
20621,Fertilizantes Heringer SA,2023,3003463.0,5335669.0,-361003.0,7517.0,2995946.0,14.915276514235263,15.489924833169306,0.9974972223729741,-0.12019558756009313,-48.024876945589995,-0.5649617871840094
20621,Fertilizantes Heringer SA,2024,3115896.0,4608584.0,-1154741.0,-1147224.0,4263120.0,14.952027309292546,15.343431209438632,1.368184303969067,-0.3705967721644111,1.0065523385145358,-0.20205920205920203
20621,Fertilizantes Heringer SA,2025,2148678.0,4094770.0,-172242.0,-1319464.0,3468142.0,14.580363327264392,15.225221107635768,1.6140817749332381,-0.08016184835512813,0.13053937053227674,-0.33228346456692903
20702,Viver Incorporadora e Construtora SA,2010,2524188.0,778316.0,67373.0,1120831.0,1403357.0,14.741429984813907,13.564887890361769,0.555963739626367,0.026690959627412855,0.06010986491272993,-0.0057636887608067955
20702,Viver Incorporadora e Construtora SA,2011,3118797.0,727419.0,-114928.0,1005903.0,2112894.0,14.952957908508694,13.497257931622817,0.6774708325036866,-0.03685010598637872,-0.1142535612280707,-0.36708860759493644
20702,Viver Incorporadora e Construtora SA,2012,2575218.0,333801.0,-463396.0,589319.0,1985899.0,14.761444748690677,12.718300286011257,0.7711576262669801,-0.17994437752454356,-0.7863245542736617,-0.6583492831724882
20702,Viver Incorporadora e Construtora SA,2013,1976902.0,518809.0,-281397.0,315012.0,1661890.0,14.497041530868477,13.159291078999477,0.8406537096932473,-0.1423424125222191,-0.8932897794369739,-0.6428571428571427
20702,Viver Incorporadora e Construtora SA,2014,1531576.0,158324.0,-233352.0,81513.0,1450063.0,14.241807828574803,11.972398845242783,0.9467783511885796,-0.15236070557386638,-2.862758087666998,-0.6000000000000001
20702,Viver Incorporadora e Construtora SA,2015,1307012.0,111989.0,-261588.0,-184712.0,1491724.0,14.083254173895504,11.626155931168178,1.1413238746086494,-0.20014200328688642,1.4161938585473601,-0.7000000000000001
20702,Viver Incorporadora e Construtora SA,2016,984399.0,-17954.0,-348597.0,-509494.0,1493893.0,13.799786581651306,0.0,1.5175685875341198,-0.3541216518911539,0.6842023654841862,-0.22000000000000008
20702,Viver Incorporadora e Construtora SA,2017,821007.0,5935.0,-119214.0,-65964.0,886971.0,13.618286914585793,8.688622307043769,1.0803452345716906,-0.14520460848689476,1.807258504638894,0.05263157894736836
20702,Viver Incorporadora e Construtora SA,2018,647844.0,85028.0,-198533.0,46112.0,601732.0,13.381405205610967,11.350735892993017,0.9288223708176659,-0.30645186186798057,-4.305451943095073,-0.7131327415859943
20702,Viver Incorporadora e Construtora SA,2019,512942.0,-145261.0,-220334.0,-134155.0,647097.0,13.147918057332245,0.0,1.2615402911050373,-0.42954953971404175,1.6423838097722783,-0.3599999999999999
20702,Viver Incorporadora e Construtora SA,2020,323481.0,44011.0,-181244.0,-227288.0,550769.0,12.68689565858621,10.692194881655606,1.7026316847048204,-0.5602925674150877,0.7974200133751012,-0.13691327332904535
20702,Viver Incorporadora e Construtora SA,2021,328603.0,67981.0,-57926.0,-201051.0,529654.0,12.702605614184531,11.126983533350797,1.6118355584093875,-0.17627958357044823,0.2881159506791809,0.09757908645831459
20702,Viver Incorporadora e Construtora SA,2022,366771.0,121982.0,-12524.0,-181613.0,548384.0,12.812492954079655,11.711628771846545,1.495167284218218,-0.03414664736306851,0.068959821158177,-0.5999999999999999
20702,Viver Incorporadora e Construtora SA,2023,317514.0,69536.0,-72749.0,5293.0,312221.0,12.668277190830938,11.149599883056156,0.9833298689191657,-0.2291206057055752,-13.744379368977896,0.36578947368421066
20702,Viver Incorporadora e Construtora SA,2024,278798.0,112726.0,-40454.0,147792.0,131006.0,12.538242784241628,11.632715374396533,0.4698957668275956,-0.14510147131615003,-0.2737225289596189,-0.7475142170197513
20702,Viver Incorporadora e Construtora SA,2025,210706.0,28779.0,-17549.0,-40509.0,251215.0,12.258219075893715,10.267401233486057,1.1922536614999097,-0.08328666483156626,0.4332123725591844,-0.49593495934959353
20745,SLC AGRICOLA S.A.,2010,3116573.0,888713.0,58613.0,1874993.0,1241580.0,14.952244558669209,13.69752962772805,0.39837988713885414,0.01880687537240424,0.031260383372097925,0.34146341463414664
20745,SLC AGRICOLA S.A.,2011,3584453.0,1005640.0,159992.0,1920236.0,1664217.0,15.092116440179058,13.821134712714496,0.46428757749090305,0.04463498335729329,0.08331892538208845,-0.2889908256880733
20745,SLC AGRICOLA S.A.,2012,3715631.0,1118743.0,38430.0,1993625.0,1722006.0,15.128059073662335,13.927716291568387,0.46344914228565753,0.010342792381697751,0.019276443664179573,0.334005376344086
20745,SLC AGRICOLA S.A.,2013,4261078.0,1181520.0,96603.0,2137012.0,2124066.0,15.265032737876579,13.982312303100192,0.4984809008424629,0.022671023623599473,0.045204706384428354,0.06527415143603132
20745,SLC AGRICOLA S.A.,2014,4498634.0,1499175.0,70143.0,2393008.0,2105626.0,15.31928435310268,14.220425514766957,0.46805897078979974,0.015592066391709127,0.029311644591242487,-0.2798774260674155
20745,SLC AGRICOLA S.A.,2015,5309633.0,1761581.0,121171.0,2392263.0,2917370.0,15.48503327595199,14.381722259242977,0.5494485212066446,0.022820974632333346,0.050651203483897886,0.2007299269710361
20745,SLC AGRICOLA S.A.,2016,5453376.0,1659649.0,15641.0,2628886.0,2824490.0,15.511745424401038,14.322116692191782,0.5179342117616683,0.0028681315940804375,0.005949668414682112,-0.12196601956824094
20745,SLC AGRICOLA S.A.,2017,5293685.0,2219901.0,369262.0,2701827.0,2591858.0,15.482025158676658,14.6129731582595,0.4896131900556984,0.0697551894379813,0.13667122284291333,0.849514562806182
20745,SLC AGRICOLA S.A.,2018,5755537.0,2823468.0,406501.0,2794753.0,2960784.0,15.565672905950072,14.853476474579415,0.5144235889718023,0.07062781457229794,0.14545149428232118,0.6797752811529738
20745,SLC AGRICOLA S.A.,2019,6958129.0,3040656.0,315041.0,2984421.0,3973708.0,15.755421174332454,14.927583839576888,0.5710885785532289,0.04527668285540553,0.105561849350343,0.13216160700044655
20745,SLC AGRICOLA S.A.,2020,8589691.0,3873081.0,510948.0,3151058.0,5438633.0,15.966073321252892,15.169560872298334,0.6331581659922342,0.05948386269075337,0.16215125205565878,0.2183754995144338
20745,SLC AGRICOLA S.A.,2021,12866343.0,6324369.0,1130759.0,3776076.0,9090267.0,16.37012539001013,15.659920824755364,0.7065152079343757,0.08788503462094863,0.29945345379701044,0.6758466688413338
20745,SLC AGRICOLA S.A.,2022,14868389.0,9589710.0,1336733.0,4896432.0,9971957.0,16.51474797362979,16.076201206569227,0.6706817396289537,0.08990436018320479,0.27300144268316195,0.34552803129588927
20745,SLC AGRICOLA S.A.,2023,15856318.0,9122124.0,937980.0,5241866.0,10614452.0,16.579078590850294,16.026213229671587,0.6694146774806106,0.05915496901613603,0.17894009499670538,-0.09952153114838269
20745,SLC AGRICOLA S.A.,2024,17574342.0,7803627.0,481723.0,4104542.0,13469800.0,16.681950555415316,15.870099183580823,0.7664469031045373,0.02741058527255245,0.11736339888835344,-0.06115879807798019
20745,SLC AGRICOLA S.A.,2025,21341432.0,9759214.0,565213.0,5655435.0,15685997.0,16.876160905616498,16.093722422359452,0.7350020842087822,0.026484305270611644,0.09994156064033978,-0.15968586378799932
20770,EZ Tec Empreendimentos e Participações S/A,2010,1381471.0,636397.0,245462.0,1116642.0,264829.0,14.138659431449565,13.363577861418316,0.19170073059803644,0.17768161619027834,0.2198215721780123,0.621965317919075
20770,EZ Tec Empreendimentos e Participações S/A,2011,1774278.0,744185.0,330741.0,1417361.0,356917.0,14.388904137578754,13.52004493881945,0.20116182469714441,0.18640878148745574,0.23334986640665292,0.2581673306772905
20770,EZ Tec Empreendimentos e Participações S/A,2012,2142761.0,799451.0,338220.0,1676491.0,466270.0,14.577605742337965,13.59168052107275,0.21760242976234867,0.15784308189294094,0.20174280685073764,0.737660581473969
20770,EZ Tec Empreendimentos e Participações S/A,2013,2849400.0,1138962.0,588754.0,2110466.0,738934.0,14.862619003765268,13.945627879274005,0.25932968344212814,0.20662385063522146,0.2789687206522162,0.14724409448818898
20770,EZ Tec Empreendimentos e Participações S/A,2014,3415876.0,951472.0,473955.0,2416809.0,999067.0,15.043944533465938,13.765765538065173,0.2924775372408132,0.13875064551523533,0.1961077602739811,-0.23954372618283715
20770,EZ Tec Empreendimentos e Participações S/A,2015,3291023.0,814363.0,444470.0,2705554.0,585469.0,15.006709016658272,13.61016149152628,0.1778987870944688,0.13505527004824944,0.16428058726604608,-0.31706310786571157
20770,EZ Tec Empreendimentos e Participações S/A,2016,3516165.0,572227.0,232282.0,2844413.0,671752.0,15.07288146501375,13.257291044783406,0.1910467796590888,0.06606117744758849,0.08166254337889751,0.2705961672027357
20770,EZ Tec Empreendimentos e Participações S/A,2017,3103748.0,980323.0,361465.0,2564402.0,539346.0,14.94812097142251,13.795637388180031,0.17377248410631274,0.11646080802951786,0.14095488928802893,0.4658090728715796
20770,EZ Tec Empreendimentos e Participações S/A,2018,2974076.0,390762.0,102160.0,2637012.0,337064.0,14.905443960484059,12.875853957984921,0.11333402374384514,0.034350164555310626,0.03874081725832116,0.15833333351766643
20770,EZ Tec Empreendimentos e Participações S/A,2019,4275916.0,804390.0,290461.0,3809544.0,466372.0,15.26850890640652,13.597839505177305,0.10906949528475302,0.06792953837259666,0.07624560839827549,1.598447136773422
20770,EZ Tec Empreendimentos e Participações S/A,2020,4716450.0,936628.0,415027.0,4136026.0,580424.0,15.366566955934543,13.75004147065094,0.12306374497768449,0.0879956323081979,0.10034438855074895,-0.13595166174206297
20770,EZ Tec Empreendimentos e Participações S/A,2021,5075498.0,957866.0,452137.0,4369061.0,706437.0,15.439935206156697,13.772463172430575,0.13918575083666668,0.08908229300848902,0.10348608087641716,-0.5513383063295215
20770,EZ Tec Empreendimentos e Participações S/A,2022,5533594.0,1121260.0,342107.0,4538944.0,994650.0,15.526348071982829,13.929963610932987,0.17974755647053253,0.061823653849559616,0.0753714961012958,-0.340049139972071
20770,EZ Tec Empreendimentos e Participações S/A,2023,5879316.0,1083172.0,246096.0,4705064.0,1174252.0,15.586950986577742,13.895404331470745,0.19972595451579742,0.04185793041231327,0.05230449575181124,0.4473684208195372
20770,EZ Tec Empreendimentos e Participações S/A,2024,6466534.0,1560541.0,428718.0,4883126.0,1583408.0,15.682150819691085,14.260543113978072,0.24486193067259834,0.06629795807151095,0.08779580948761101,-0.42819429766414996
20770,EZ Tec Empreendimentos e Participações S/A,2025,7196637.0,1498822.0,547595.0,5119897.0,2076740.0,15.789124391535552,14.220190024203337,0.28857089776794353,0.0760904016695576,0.10695430005720818,0.5518634559592992
20788,MARFRIG GLOBAL FOODS S.A.,2010,22599586.0,15878469.0,140092.0,4008741.0,18590845.0,16.933442145490655,16.58047459855612,0.8226188302741475,0.00619887461655271,0.034946632870519696,-0.2010309278350516
20788,MARFRIG GLOBAL FOODS S.A.,2011,23823441.0,21884909.0,-746683.0,3419214.0,20404227.0,16.9861805698966,16.901307870499334,0.8564769044068823,-0.03134236569771764,-0.21837855132787828,-0.37298091042584436
20788,MARFRIG GLOBAL FOODS S.A.,2012,25589454.0,23726394.0,-233231.0,4305092.0,21284362.0,17.05769087144879,16.982098657320044,0.8317630380077667,-0.009114340618600147,-0.05417561343636791,0.04691358024691361
20788,MARFRIG GLOBAL FOODS S.A.,2013,17827564.0,18752376.0,-897088.0,3119022.0,14708542.0,16.696256356837484,16.746831022352392,0.8250449696885116,-0.05032027931578313,-0.2876183624225799,-0.5423340961098397
20788,MARFRIG GLOBAL FOODS S.A.,2014,20185908.0,21073322.0,-720293.0,2071725.0,18114183.0,16.820495295156366,16.863518438278998,0.8973677577446603,-0.03568296258954514,-0.34767790126585335,0.5482233502538072
20788,MARFRIG GLOBAL FOODS S.A.,2015,20915949.0,18891833.0,-538550.0,843632.0,20072317.0,16.85602253596246,16.754240270238558,0.9596656121125559,-0.025748293802016823,-0.6383707588142697,0.2188099808061421
20788,MARFRIG GLOBAL FOODS S.A.,2016,20258803.0,19333453.0,-632767.0,1100802.0,19158001.0,16.82409997310456,16.7773474694786,0.9456630285609668,-0.03123417508921924,-0.5748236285907911,0.06270096463022501
20788,MARFRIG GLOBAL FOODS S.A.,2017,21301799.0,18577873.0,-445237.0,2634710.0,18667089.0,16.874302087207,16.737481806863606,0.8763151412704626,-0.020901380207371218,-0.1689889968914985,0.16006339144215542
20788,MARFRIG GLOBAL FOODS S.A.,2018,26504272.0,29715176.0,2153970.0,4011557.0,22492715.0,17.09281648551108,17.207168449699903,0.8486448901520479,0.08126878565085659,0.536941142803156,-0.1887072808320951
20788,MARFRIG GLOBAL FOODS S.A.,2019,31572021.0,48761057.0,1582239.0,1776341.0,29795680.0,17.26778187495654,17.702442539946983,0.943736861191116,0.05011522702331916,0.8907293137972946,0.7881508078994612
20788,MARFRIG GLOBAL FOODS S.A.,2020,39507441.0,67481532.0,4530852.0,3514063.0,35993378.0,17.49199959187695,18.02736451840745,0.9110531355346453,0.11468350987349446,1.2893485404217284,0.35607476635514024
20788,MARFRIG GLOBAL FOODS S.A.,2021,48003258.0,85388468.0,6646379.0,5571723.0,42431535.0,17.68677944156876,18.26272161451193,0.8839303157298198,0.13845683140923476,1.1928767815629024,0.5126799177518848
20788,MARFRIG GLOBAL FOODS S.A.,2022,136104323.0,130631697.0,2762975.0,26449609.0,109654714.0,18.728932230526507,18.687892448268666,0.805666650279727,0.020300420582526242,0.10446184667606996,-0.620584387265591
20788,MARFRIG GLOBAL FOODS S.A.,2023,130954636.0,132218010.0,-3621246.0,24889835.0,106064801.0,18.690361531116835,18.699962709083323,0.809935442071711,-0.027652675083606814,-0.1454909604663912,0.26037630782557764
20788,MARFRIG GLOBAL FOODS S.A.,2024,137510139.0,148860959.0,3880870.0,19938112.0,117572027.0,18.73920821053419,18.81852326717006,0.8550062406670973,0.028222428020380375,0.19464581200065484,0.8470715835140998
20788,MARFRIG GLOBAL FOODS S.A.,2025,141988425.0,163962737.0,762675.0,14317085.0,127671340.0,18.771256098158574,18.91514974655696,0.8991672384562334,0.005371388548045378,0.05327027114807239,0.14432989690721643
20842,Magnesita Refratarios SA,2010,4971093.0,2276384.0,92344.0,2215640.0,2755453.0,15.419150293411162,14.63809877704469,0.5542952022824759,0.018576196421994116,0.041678250979400984,-0.3276203032300593
20842,Magnesita Refratarios SA,2011,5334169.0,2318903.0,98550.0,2653161.0,2681008.0,15.489643666761742,14.656604786988538,0.502610247256883,0.018475230162373932,0.037144372316644185,-0.42871287128712876
20842,Magnesita Refratarios SA,2012,5683465.0,2463719.0,75781.0,2810859.0,2872606.0,15.55307163991276,14.717182554924449,0.5054321615422985,0.01333359139187098,0.026960085866989416,0.5
20842,Magnesita Refratarios SA,2013,6473933.0,2655962.0,58469.0,3023926.0,3450007.0,15.683294364326112,14.792317482247196,0.5329074304599692,0.00903144966128009,0.019335459928582908,-0.2934131736526945
20842,Magnesita Refratarios SA,2014,6608145.0,2872042.0,-97016.0,2892877.0,3715268.0,15.703813537041478,14.870533832998754,0.5622255564912695,-0.014681275910259233,-0.033536164862868346,-0.6276978417266187
20842,Magnesita Refratarios SA,2015,6510840.0,3380772.0,-1060447.0,1873459.0,4637381.0,15.688979038118871,15.033614643746215,0.7122554079043564,-0.16287406847657138,-0.5660369402266076,0.41463414634146334
20842,Magnesita Refratarios SA,2016,6145680.0,3393079.0,453947.0,1964541.0,4181139.0,15.631259953932425,15.037248326725496,0.6803378958878432,0.07386440556618633,0.2310702601778227,0.6784452296819787
20842,Magnesita Refratarios SA,2017,6342942.0,3680712.0,-183102.0,1936009.0,4406933.0,15.662853256636028,15.118616769691478,0.6947774392387633,-0.028867046238165193,-0.09457703967285276,1.104384133611691
20893,Redecard Instituicao De Pagamento SA,2010,22979256.0,2618268.0,1399962.0,1400565.0,21578691.0,16.95010245388166,14.77802358843273,0.939050898775835,0.060922860165707714,0.9995694594681432,-0.2711218836565097
20893,Redecard Instituicao De Pagamento SA,2011,28897604.0,2772506.0,1404422.0,1581315.0,27316289.0,17.179269243071325,14.83526216231613,0.9452786812359946,0.04859994621007333,0.8881355074732106,0.37364705882352944
20915,MRV ENGENHARIA E PARTICIPACOES S.A.,2010,6791338.0,3020951.0,675199.0,3052750.0,3738588.0,15.731158534614092,14.921082240442496,0.5504935846220583,0.09942061490681217,0.22117729915649825,0.1352727272727272
20915,MRV ENGENHARIA E PARTICIPACOES S.A.,2011,9160646.0,4015063.0,816291.0,3670089.0,5490557.0,16.030427258181078,15.20556359639805,0.5993635165030938,0.0891084537051208,0.22241722203467001,-0.24594785059901347
20915,MRV ENGENHARIA E PARTICIPACOES S.A.,2012,11108742.0,4265885.0,574837.0,4087973.0,7020769.0,16.22324292388153,15.266160220312994,0.6320039658856061,0.05174636335959553,0.14061663323118817,0.048118985126859304
20915,MRV ENGENHARIA E PARTICIPACOES S.A.,2013,10198449.0,3870608.0,450195.0,4365400.0,5833049.0,16.137746207868854,15.16892215860927,0.5719545197509935,0.04414347711107836,0.10312800659733358,-0.26695652173913054
20915,MRV ENGENHARIA E PARTICIPACOES S.A.,2014,10817175.0,4186185.0,751400.0,4672918.0,6144257.0,16.19664570671952,15.247300375947013,0.5680093924707699,0.06946360764247597,0.16079888412336787,-0.11868390129259687
20915,MRV ENGENHARIA E PARTICIPACOES S.A.,2015,11392309.0,4763038.0,595354.0,5049873.0,6342436.0,16.24844903656379,15.376396257916195,0.5567296322457546,0.052259291773072515,0.11789484606840607,0.20723226703755215
20915,MRV ENGENHARIA E PARTICIPACOES S.A.,2016,12327013.0,4249049.0,574404.0,5437487.0,6889526.0,16.327303591128704,15.26220575115566,0.5588966280801358,0.04659717646115892,0.10563776980064504,0.2223463687150835
20915,MRV ENGENHARIA E PARTICIPACOES S.A.,2017,14558500.0,4759888.0,700024.0,5797121.0,8761379.0,16.493685573447664,15.375734696519016,0.6018050623347185,0.04808352508843631,0.12075373275803628,0.35008976660682234
20915,MRV ENGENHARIA E PARTICIPACOES S.A.,2018,13636891.0,5418995.0,758137.0,4874586.0,8762305.0,16.428289251847698,15.505420931868365,0.6425441840079238,0.05559456330625507,0.15552849000920282,-0.05221315551298045
20915,MRV ENGENHARIA E PARTICIPACOES S.A.,2019,14686323.0,6055722.0,747876.0,5108789.0,9577534.0,16.502427210487365,15.616514168158046,0.6521396812530952,0.050923297819338444,0.1463900740469023,1.0302454147844706
20915,MRV ENGENHARIA E PARTICIPACOES S.A.,2020,18062015.0,6646359.0,620992.0,6034585.0,12027430.0,16.709321672265354,15.709579743891894,0.6658963576323018,0.034381103105052234,0.1029055022010627,-0.13351623228166443
20915,MRV ENGENHARIA E PARTICIPACOES S.A.,2021,20321428.0,7106201.0,876805.0,6573626.0,13747802.0,16.827186453795893,15.7764783411186,0.6765175163871358,0.04314682019393519,0.1333822459628826,-0.4143484626647145
20915,MRV ENGENHARIA E PARTICIPACOES S.A.,2022,22601329.0,6645285.0,-123463.0,6574308.0,16027021.0,16.933519267823286,15.70941813860028,0.7091185213046542,-0.005462643369334609,-0.01877961908690618,-0.3504273504273504
20915,MRV ENGENHARIA E PARTICIPACOES S.A.,2023,25071702.0,7429915.0,-18439.0,7564642.0,17507060.0,17.03725035773832,15.821024976520832,0.6982796780210614,-0.000735450668646269,-0.0024375244724072864,0.4993324432576769
20915,MRV ENGENHARIA E PARTICIPACOES S.A.,2024,29430687.0,9009035.0,-482097.0,7470423.0,21960264.0,17.197548463464212,16.013738520629914,0.7461689222545161,-0.016380759307453474,-0.06453409666360259,-0.5128440366972478
20915,MRV ENGENHARIA E PARTICIPACOES S.A.,2025,28529287.0,10906236.0,-1042704.0,6155197.0,22374090.0,17.166441731640102,16.20484529369853,0.784249883286603,-0.03654854746282303,-0.16940221409647815,0.5038610038610039
20931,MINERVA S.A.,2010,2628350.0,3408205.0,22898.0,540273.0,2088077.0,14.781866830845152,15.041696317704409,0.7944440428405654,0.008711929537542564,0.04238227710805463,0.19931271477663226
20931,MINERVA S.A.,2011,3499191.0,3976977.0,41715.0,612670.0,2886521.0,15.068042356884872,15.196032540919395,0.824910957990004,0.011921326958145469,0.06808722477026784,-0.18461538461538463
20931,MINERVA S.A.,2012,4367073.0,4379891.0,-198818.0,754307.0,3612766.0,15.289603548609183,15.292534396198223,0.8272740116778446,-0.04552660328783146,-0.26357703163300883,1.2938775510204077
20931,MINERVA S.A.,2013,4978136.0,5456566.0,-314285.0,443628.0,4534508.0,15.420566081745404,15.51233021212785,0.9108847166891383,-0.06313306828097906,-0.7084426591648859,0.14427860696517403
20931,MINERVA S.A.,2014,7224461.0,6987230.0,-418218.0,480553.0,6743908.0,15.792983187103772,15.759594755269593,0.9334825117057176,-0.057889162942398056,-0.870284859318327,-0.01980198019801982
20931,MINERVA S.A.,2015,8312048.0,9524797.0,-799955.0,-382747.0,8694795.0,15.933216586527973,16.06940916641397,1.0460472557425078,-0.09624042113327545,2.0900359767679433,0.46314631463146316
20931,MINERVA S.A.,2016,8959148.0,9648670.0,195035.0,522067.0,8437081.0,16.008185691144128,16.082330639982395,0.9417280527121552,0.021769369140904916,0.3735823179783438,0.06578947368421062
20931,MINERVA S.A.,2017,11905325.0,12103789.0,-280683.0,71077.0,11834248.0,16.292496336984488,16.309029102044583,0.9940298143897793,-0.023576256843051323,-3.9489989729448345,-0.09052092228864217
20931,MINERVA S.A.,2018,12824421.0,16214909.0,-1264782.0,-301114.0,13125535.0,16.366861801803157,16.601441685620234,1.023479734484699,-0.09862293198266027,4.200342727339147,-0.5155339805825243
20931,MINERVA S.A.,2019,13233737.0,17122825.0,16157.0,-281662.0,13515399.0,16.398279960302418,16.655922926747184,1.0212836328846493,0.0012208947480216662,-0.05736308057174912,1.5425742574257426
20931,MINERVA S.A.,2020,16923251.0,19406344.0,697092.0,840072.0,16083179.0,16.64419903316583,16.78111058088662,0.9503598924343792,0.041191376290524793,0.8298003028311859,-0.1971608832807572
20931,MINERVA S.A.,2021,20069462.0,26965360.0,598879.0,654131.0,19415331.0,16.814709914234854,17.110063637304062,0.96740664996401,0.02984031161373434,0.9155337386547955,0.030126336248785135
20931,MINERVA S.A.,2022,21400128.0,30977769.0,655064.0,1062495.0,20337633.0,16.878907461282605,17.24878037615714,0.9503509979005733,0.03061028420016927,0.6165337248645876,0.3077699293642784
20931,MINERVA S.A.,2023,28594154.0,26891609.0,395533.0,659550.0,27934604.0,17.168712849302004,17.107324862825322,0.9769340963890731,0.013832652646411571,0.5997013115002653,-0.3956310679611651
20931,MINERVA S.A.,2024,42141896.0,34068866.0,-1563806.0,87217.0,42054679.0,17.556552958209043,17.34389450466877,0.997930396866814,-0.037108107333376744,-17.930059506747536,-0.3121621621621622
20931,MINERVA S.A.,2025,45876559.0,54830072.0,848260.0,1893220.0,43983339.0,17.641464847412802,17.819749360529105,0.9587323016096303,0.018490052839403234,0.4480514678695556,0.08087385273262648
20982,MULTIPLAN - EMPREEND IMOBILIARIOS S.A.,2010,3985986.0,604375.0,228998.0,2965451.0,1020535.0,15.198295267455684,13.311950145189696,0.25603075374574824,0.057450778803538195,0.07722198073749996,0.0949554896142435
20982,MULTIPLAN - EMPREEND IMOBILIARIOS S.A.,2011,4703944.0,676252.0,308919.0,3216360.0,1487584.0,15.363911863727832,13.424321066624591,0.3162418600221431,0.06567233793599583,0.0960461515501996,0.11900584795321612
20982,MULTIPLAN - EMPREEND IMOBILIARIOS S.A.,2012,5684512.0,961873.0,389362.0,3205340.0,2479172.0,15.553255841552676,13.776637704300864,0.43612749871932716,0.06849523758591766,0.12147291706964004,0.6270270270270273
20982,MULTIPLAN - EMPREEND IMOBILIARIOS S.A.,2013,6397648.0,973054.0,284609.0,3819338.0,2578310.0,15.671440980785226,13.788194858086536,0.40300904332342136,0.04448650504060242,0.07451788765487631,-0.18597063621533438
20982,MULTIPLAN - EMPREEND IMOBILIARIOS S.A.,2014,6663216.0,1113454.0,368047.0,4069654.0,2593562.0,15.712112808849033,13.922977453645268,0.3892357684337413,0.05523563996724705,0.0904369265790163,-0.027868852253058574
20982,MULTIPLAN - EMPREEND IMOBILIARIOS S.A.,2015,7014259.0,1065030.0,361959.0,4187401.0,2826858.0,15.763455635148212,13.878513525743008,0.40301591372659606,0.05160331262361427,0.08644001374599662,-0.1544281266143911
20982,MULTIPLAN - EMPREEND IMOBILIARIOS S.A.,2016,7954446.0,1109950.0,311802.0,4456360.0,3498086.0,15.889241575594168,13.919825527228914,0.43976488117462864,0.03919845580697889,0.06996786615084957,0.38447190543170207
20982,MULTIPLAN - EMPREEND IMOBILIARIOS S.A.,2017,8644402.0,1156379.0,368536.0,5200313.0,3444089.0,15.97242250177464,13.960804129153141,0.3984184215403217,0.042632908557468756,0.0708680419813192,0.24362511434159417
20982,MULTIPLAN - EMPREEND IMOBILIARIOS S.A.,2018,8875258.0,1229142.0,470573.0,5352187.0,3523071.0,15.998777963325752,14.02182692296413,0.3969542068523529,0.053020768523010825,0.08792162904621979,0.05710972589402674
20982,MULTIPLAN - EMPREEND IMOBILIARIOS S.A.,2019,9576749.0,1305587.0,469195.0,5591001.0,3985748.0,16.074848739535476,14.082163306034564,0.4161900870535502,0.04899313952991772,0.08391967735294628,0.4391304347826088
20982,MULTIPLAN - EMPREEND IMOBILIARIOS S.A.,2020,10564284.0,1081576.0,963978.0,6233023.0,4331261.0,16.17298943579395,13.893929794675538,0.4099909657862284,0.09124877748458864,0.15465657675256453,-0.23429873088187436
20982,MULTIPLAN - EMPREEND IMOBILIARIOS S.A.,2021,10662460.0,1288393.0,452698.0,6363193.0,4299267.0,16.182239719309617,14.06890626332911,0.403215299283655,0.042457181550974166,0.07114321379219521,-0.26007905138339926
20982,MULTIPLAN - EMPREEND IMOBILIARIOS S.A.,2022,10877311.0,1797605.0,769388.0,6582543.0,4294768.0,16.20218961811,14.401965781335814,0.39483729020894964,0.07073329060831303,0.11688309518069233,0.11337061514997449
20982,MULTIPLAN - EMPREEND IMOBILIARIOS S.A.,2023,11536924.0,2029569.0,1020554.0,6933998.0,4602926.0,16.261063232386647,14.523334013204956,0.3989734178711761,0.08845980089666881,0.14718117888121687,0.4041501976284587
20982,MULTIPLAN - EMPREEND IMOBILIARIOS S.A.,2024,12511801.0,2544789.0,1340986.0,5645769.0,6866032.0,16.34218283690929,14.749558296867647,0.5487644824274299,0.10717769568106142,0.23752052200506255,-0.2657610588645072
20982,MULTIPLAN - EMPREEND IMOBILIARIOS S.A.,2025,13154931.0,2739082.0,1141233.0,6299379.0,6855552.0,16.39230722728884,14.823133385730637,0.5211393355084872,0.08675324864873864,0.1811659530248934,0.23638838475499102
20990,Americanas S.A. - Em Recuperação Judicial,2010,3212014.0,4073569.0,33587.0,225945.0,2986069.0,14.982408712694333,15.220030077339835,0.9296562841880515,0.010456679205009691,0.1486512204297506,-0.3227262954203398
20990,Americanas S.A. - Em Recuperação Judicial,2011,4090027.0,4232137.0,-89168.0,1138848.0,2951179.0,15.224062129464187,15.258217624397053,0.7215548943808928,-0.02180132307195038,-0.07829666469976679,-0.7125759938453553
20990,Americanas S.A. - Em Recuperação Judicial,2012,4786747.0,4812439.0,-170667.0,969013.0,3817734.0,15.381361615505218,15.386714582173168,0.7975633556567748,-0.03565406736558251,-0.17612457211616356,0.9340159271899888
20990,Americanas S.A. - Em Recuperação Judicial,2013,6613476.0,6088500.0,-159562.0,829673.0,5783803.0,15.704619943500852,15.6219123039292,0.8745481196272581,-0.02412679807109,-0.19231914260196487,-0.1714595767769942
20990,Americanas S.A. - Em Recuperação Judicial,2014,7634965.0,7963835.0,-163313.0,3079457.0,4555508.0,15.84824891247243,15.890421225719555,0.5966639008823224,-0.02139014389718879,-0.053033050956710875,0.5278515594215296
20990,Americanas S.A. - Em Recuperação Judicial,2015,9948401.0,9013779.0,-418437.0,2706133.0,7242268.0,16.112922392702995,16.014264964514823,0.7279831201014113,-0.042060729156373974,-0.1546254378480289,-0.32160356331719964
20990,Americanas S.A. - Em Recuperação Judicial,2016,10241349.0,8601311.0,-485901.0,3078002.0,7163347.0,16.14194390718016,15.967425191466122,0.6994534606720267,-0.04744501920596593,-0.1578624705247105,-0.28969359345911216
20990,Americanas S.A. - Em Recuperação Judicial,2017,12623127.0,7120777.0,-411750.0,3905713.0,8717414.0,16.35104116568415,15.778527406647482,0.6905906911971971,-0.03261870058029203,-0.10542249264090833,0.8592198519072933
20990,Americanas S.A. - Em Recuperação Judicial,2018,13031194.0,6488473.0,-397914.0,3537115.0,9494079.0,16.382856579592005,15.685537775942473,0.7285655481761687,-0.030535498128567498,-0.11249676643253047,1.27750677440446
20990,Americanas S.A. - Em Recuperação Judicial,2019,16056570.0,6767982.0,-318238.0,5734432.0,10322138.0,16.59162866957556,15.727713520690191,0.6428607106000845,-0.019819799620965126,-0.0554959933259301,0.7390438309746583
20990,Americanas S.A. - Em Recuperação Judicial,2020,22606775.0,10124347.0,-210758.0,9485706.0,13121069.0,16.9337601980789,16.1304536750499,0.5804042814598721,-0.009322780449666085,-0.02221848326313297,0.18023632817810475
20990,Americanas S.A. - Em Recuperação Judicial,2021,44518812.0,22695861.0,543795.0,15910976.0,28607836.0,17.611422399379457,16.937693131024858,0.6426010649161078,0.012214948592967845,0.034177350276940896,-0.6124677874585839
20990,Americanas S.A. - Em Recuperação Judicial,2022,31292260.0,25808906.0,-12911538.0,-26666621.0,57958881.0,17.258881340585518,17.066230184124624,1.8521794526825484,-0.41261123357660967,0.4841835041642509,-0.6892013336394607
20990,Americanas S.A. - Em Recuperação Judicial,2023,27115000.0,14942000.0,-2272000.0,-28850000.0,55965000.0,17.1155976382573,16.519686597517882,2.0639867232159324,-0.08379125945048865,0.07875216637781629,-0.8761904761904762
20990,Americanas S.A. - Em Recuperação Judicial,2024,17465000.0,14349000.0,8281000.0,4970000.0,12495000.0,16.67570943622307,16.479190811330543,0.7154308617234469,0.47414829659318636,1.6661971830985915,-0.9347368421052632
20990,Americanas S.A. - Em Recuperação Judicial,2025,16249000.0,12305000.0,-271000.0,4759000.0,11490000.0,16.603541926384914,16.325516241807293,0.7071204381808112,-0.016677949412271523,-0.05694473628913637,-0.3258869908015769
21016,YDUQS PARTICIPACOES S.A.,2010,804536.0,1016156.0,80660.0,585898.0,218638.0,13.598020992704264,13.831537438641083,0.27175663985203896,0.10025654538765201,0.13766901406046786,0.11524163568773238
21016,YDUQS PARTICIPACOES S.A.,2011,1068718.0,1148437.0,70155.0,618935.0,449783.0,13.881970357264382,13.953912445449149,0.4208621918972077,0.06564407074644574,0.11334792829618619,-0.28949447077409163
21016,YDUQS PARTICIPACOES S.A.,2012,1239810.0,1383288.0,109687.0,707035.0,532775.0,14.030468700034495,14.13997383191745,0.42972310273348335,0.08847081407635041,0.15513659154072995,1.2191489361702126
21016,YDUQS PARTICIPACOES S.A.,2013,2138651.0,1731010.0,244707.0,1517642.0,621009.0,14.575685814397138,14.36421561114917,0.29037416577085273,0.11442119354677317,0.16124158398357452,0.5501265822784811
21016,YDUQS PARTICIPACOES S.A.,2014,3514186.0,2404464.0,425645.0,2392860.0,1121326.0,15.072318477460989,14.692837567660138,0.3190855577934691,0.1211219326467068,0.17788128014175505,0.15631067961165046
21016,YDUQS PARTICIPACOES S.A.,2015,4360083.0,2939422.0,484674.0,2680592.0,1679491.0,15.288001651841268,14.893723521347363,0.385197024919021,0.11116164531730245,0.18080856765968115,-0.422360248447205
21016,YDUQS PARTICIPACOES S.A.,2016,4141152.0,3184505.0,368102.0,2434673.0,1706479.0,15.236484567963688,14.973807418897522,0.41207832989467663,0.08888879229740904,0.15119155631988362,0.08965517241379306
21016,YDUQS PARTICIPACOES S.A.,2017,4021095.0,3378979.0,424590.0,2777257.0,1243838.0,15.207064811564013,15.033084150820649,0.30932818050804567,0.10559064135515327,0.1528810621415303,1.3063949402670416
21016,YDUQS PARTICIPACOES S.A.,2018,4102463.0,3619377.0,644873.0,2591409.0,1511054.0,15.227098083014793,15.101812469543631,0.368328489495213,0.157191667542157,0.24885033585975816,-0.2799999999999999
21016,YDUQS PARTICIPACOES S.A.,2019,5512492.0,3565036.0,646140.0,3102352.0,2410140.0,15.522527347489019,15.086684709956264,0.4372142399481033,0.1172137755483364,0.20827423838429682,0.955537258130918
21016,YDUQS PARTICIPACOES S.A.,2020,9265266.0,3853737.0,98181.0,3204969.0,6060297.0,16.041783127489143,15.16455388483915,0.6540877509614943,0.010596673641102155,0.03063399365173267,-0.2897518878101403
21016,YDUQS PARTICIPACOES S.A.,2021,9897795.0,4391378.0,158171.0,3241584.0,6656211.0,16.107822563024687,15.295153631012958,0.6724943282822083,0.015980427964006123,0.04879435485861233,-0.39081481481481484
21016,YDUQS PARTICIPACOES S.A.,2022,9049207.0,4564940.0,-55444.0,2960059.0,6089148.0,16.018187687527483,15.333915928441806,0.6728929949331471,-0.006126945709165455,-0.01873070773251479,-0.5699788583509513
21016,YDUQS PARTICIPACOES S.A.,2023,9287596.0,5147562.0,154651.0,3057085.0,6230511.0,16.044190304428486,15.45403376249343,0.6708421641079134,0.016651348745143523,0.05058773308560279,1.3329864724245581
21016,YDUQS PARTICIPACOES S.A.,2024,9938424.0,5351785.0,341208.0,3138960.0,6799464.0,16.11191901475432,15.492940708084934,0.6841591785578881,0.03433220397922246,0.1087009710222494,-0.6256567425569177
21016,YDUQS PARTICIPACOES S.A.,2025,9919168.0,5521740.0,180177.0,2968042.0,6951126.0,16.109979604775948,15.524203585974018,0.7007771216295561,0.0181645275087588,0.06070567734553622,0.4932515337423311
21091,Dexco S.A. (formerly Duratex),2010,6170867.0,2741810.0,467247.0,3452528.0,2718339.0,15.635349904648326,14.824128844216325,0.44051168174585514,0.07571820945095721,0.1353347460179903,0.05371900826446274
21091,Dexco S.A. (formerly Duratex),2011,6814150.0,2970365.0,374860.0,3692810.0,3121340.0,15.73451189046237,14.90419539885073,0.4580674038581481,0.05501199709428175,0.10151077363850293,-0.3812716763005781
21091,Dexco S.A. (formerly Duratex),2012,7758598.0,3394399.0,459711.0,4023605.0,3734993.0,15.8643122057335,15.037637278267333,0.48140050560681197,0.05925181327863616,0.11425351146546443,0.7029816513761467
21091,Dexco S.A. (formerly Duratex),2013,8178327.0,3872705.0,520142.0,4365005.0,3813322.0,15.916998164433819,15.169463787250981,0.4662716470006641,0.06360004925212699,0.11916183372069447,-0.03566666666666651
21091,Dexco S.A. (formerly Duratex),2014,8797107.0,3984507.0,393560.0,4608900.0,4188207.0,15.989933475398308,15.197924148626026,0.476089127937173,0.04473743470438634,0.08539130812124368,-0.32053846150819987
21091,Dexco S.A. (formerly Duratex),2015,9008059.0,3963214.0,191744.0,4616476.0,4391583.0,16.01363017907373,15.192565870209984,0.48751712216804977,0.021285828611912954,0.04153471175849284,-0.22368421055253784
21091,Dexco S.A. (formerly Duratex),2016,9340796.0,3909760.0,26229.0,4570652.0,4770144.0,16.049902031412994,15.178986549003485,0.5106785331785428,0.0028080047995909557,0.005738568589339114,0.1307456519709742
21091,Dexco S.A. (formerly Duratex),2017,9465574.0,3990866.0,185015.0,4716319.0,4749255.0,16.06317198526642,15.199518807922223,0.5017397782744079,0.019546094087902116,0.039228686609196706,0.4132104456347918
21091,Dexco S.A. (formerly Duratex),2018,9622087.0,4949361.0,431796.0,4634867.0,4987220.0,16.079571742979915,15.414769035302834,0.5183095933345853,0.04487550361995272,0.09316254382272458,0.37558139545511326
21091,Dexco S.A. (formerly Duratex),2019,10714688.0,5011706.0,405727.0,4932168.0,5782520.0,16.18712606840708,15.4272869340597,0.5396816034213968,0.037866431575049125,0.08226139093396656,0.4205607479433313
21091,Dexco S.A. (formerly Duratex),2020,11498520.0,5879616.0,453983.0,5188364.0,6310156.0,16.25772888939931,15.587002011619823,0.5487798429710954,0.03948186375290037,0.08750022164983028,0.26838966166003164
21091,Dexco S.A. (formerly Duratex),2021,13420331.0,8170241.0,1725682.0,5734911.0,7685420.0,16.412281353883223,15.916008964565139,0.572669928930963,0.1285871414050816,0.3009082442604602,-0.154367934291614
21091,Dexco S.A. (formerly Duratex),2022,15624811.0,8486650.0,764922.0,5961564.0,9663247.0,16.56437065751358,15.95400489855861,0.6184552888351738,0.04895560016693962,0.1283089471152201,-0.5279746833388059
21091,Dexco S.A. (formerly Duratex),2023,17920591.0,7383409.0,811270.0,6522078.0,11398513.0,16.701460944877947,15.814746014041793,0.6360567572799357,0.04527027038338189,0.12438827011881796,0.1915436242000521
21091,Dexco S.A. (formerly Duratex),2024,18144110.0,8234647.0,174375.0,7195095.0,10949015.0,16.713856548101468,15.923861054858476,0.6034473446203754,0.009610556814305027,0.02423526027105966,-0.2605459057227124
21091,Dexco S.A. (formerly Duratex),2025,19000785.0,8248752.0,63065.0,7208041.0,11792744.0,16.759990852066714,15.925572474140719,0.6206450944000471,0.003319073396178105,0.00874925655944521,-0.1317829456718227
21148,Construtora Tenda S/A,2010,3268711.0,1287219.0,123774.0,1710208.0,1558503.0,14.999906275557844,14.067994635272317,0.4767943694012716,0.03786630264957654,0.07237365279544944,
21148,Construtora Tenda S/A,2011,3488525.0,445982.0,-659725.0,2083278.0,1405247.0,15.064989568739648,13.00803387144337,0.40281981639804787,-0.1891128772188819,-0.31667641092547416,
21148,Construtora Tenda S/A,2012,3324786.0,1125670.0,-121763.0,1846874.0,1477912.0,15.016915869098584,13.933888971903384,0.44451342131493576,-0.03662280820479875,-0.06592924043546014,
21148,Construtora Tenda S/A,2013,2507141.0,817461.0,-84621.0,1217885.0,1289256.0,14.73465361807982,13.61395847419354,0.5142335433068982,-0.03375199081344049,-0.06948192973885055,
21148,Construtora Tenda S/A,2014,2125189.0,570138.0,-142386.0,1082346.0,1042843.0,14.569371297562093,13.25363371577114,0.49070600308960755,-0.06699921748136284,-0.1315531262646141,
21148,Construtora Tenda S/A,2015,1905660.0,850962.0,29697.0,1126814.0,778846.0,14.46033896323359,13.654122753209519,0.4087014472676133,0.015583577343282641,0.026354837621825784,
21148,Construtora Tenda S/A,2016,1862149.0,1052710.0,47269.0,1075622.0,786527.0,14.437241755099878,13.866878349576837,0.42237597528446974,0.025384112656935617,0.04394573558369018,
21148,Construtora Tenda S/A,2017,2135178.0,1357904.0,104636.0,1163739.0,971439.0,14.574060573534918,14.121452892407564,0.4549686255665804,0.04900575034025266,0.0899136318366919,
21148,Construtora Tenda S/A,2018,2621039.0,1681254.0,201346.0,1203774.0,1417265.0,14.779081362011704,14.335050501511612,0.5407264065891427,0.07681915454138608,0.1672622934205258,0.6765935214211078
21148,Construtora Tenda S/A,2019,3478485.0,1950098.0,264413.0,1351709.0,2126776.0,15.062107412132999,14.483390185687375,0.6114087023517422,0.07601383935822635,0.19561384883876634,0.9993377483443711
21148,Construtora Tenda S/A,2020,4236719.0,2282369.0,199720.0,1518121.0,2718598.0,15.259299706899599,14.640724496595007,0.6416753152616447,0.047140251690046,0.13155736598070905,0.08169115012540318
21148,Construtora Tenda S/A,2021,4441497.0,2539954.0,-196589.0,1212628.0,3228869.0,15.306502039744181,14.747656528594506,0.7269776383953428,-0.04426187837118881,-0.1621181434042427,-0.45817120622568086
21148,Construtora Tenda S/A,2022,4128354.0,2412586.0,-555713.0,717612.0,3410742.0,15.23338933828067,14.696209759228308,0.8261747902432786,-0.13460885379499918,-0.7743920112818626,-0.7495548961424332
21148,Construtora Tenda S/A,2023,4176858.0,651443.0,-43685.0,676747.0,3500111.0,15.24506984721076,13.386945181312774,0.837977015258838,-0.010458818566491846,-0.06455144980324996,2.9026315789473687
21148,Construtora Tenda S/A,2024,5348937.0,3284401.0,100711.0,956355.0,4392582.0,15.492408407541616,15.004694849286338,0.8212065313164092,0.018828226991643385,0.1053071296746501,-0.16677829872739458
21148,Construtora Tenda S/A,2025,6625534.0,4173389.0,484431.0,1204864.0,5420670.0,15.706441530361836,15.244238973537305,0.8181483937747508,0.0731157669706321,0.40206280542866246,0.9585326953748006
21180,Nexpe Participacoes SA,2010,536130.0,374564.0,76603.0,451625.0,84505.0,13.192131947958952,12.83351796186464,0.15762035327252719,0.14288139070747766,0.1696163852753944,0.5015723270440251
21180,Nexpe Participacoes SA,2011,923772.0,407711.0,117860.0,756762.0,167010.0,13.736220566928477,12.918313869066381,0.18079136410283056,0.12758559471384714,0.15574249235558868,-0.34198113207547176
21180,Nexpe Participacoes SA,2012,916524.0,383127.0,95361.0,760340.0,156184.0,13.728343532498412,12.856121805887373,0.17040906730211103,0.10404637521767024,0.12541889154851776,0.24314442413162674
21180,Nexpe Participacoes SA,2013,916370.0,373768.0,95803.0,782870.0,133500.0,13.728175492229457,12.831390563062469,0.14568351211846742,0.10454619858790663,0.12237408509714257,-0.1521739130434785
21180,Nexpe Participacoes SA,2014,638876.0,279985.0,-17294.0,558795.0,80081.0,13.367465661320773,12.542491309287815,0.12534670264652295,-0.027069415661255078,-0.030948737909251157,-0.503921568627451
21180,Nexpe Participacoes SA,2015,499905.0,166295.0,-89738.0,435521.0,64384.0,13.122173359352042,12.021518598583503,0.12879247056940818,-0.17951010692031485,-0.2060474695824082,-0.4177777777777777
21180,Nexpe Participacoes SA,2016,424213.0,110194.0,-127728.0,301324.0,122889.0,12.957990966564877,11.609997727757708,0.2896870204354888,-0.30109402587850914,-0.42388923550729446,-0.1366120218579232
21180,Nexpe Participacoes SA,2017,376042.0,89071.0,-105933.0,252784.0,123258.0,12.837456118261473,11.397189083487625,0.32777721637476664,-0.28170523505353123,-0.41906528894233813,-0.32477189106409887
21180,Nexpe Participacoes SA,2018,347192.0,111308.0,-68374.0,225357.0,121835.0,12.757633220028218,11.620056412488276,0.35091534367151317,-0.1969342611580912,-0.3034030449464627,-0.34375
21180,Nexpe Participacoes SA,2019,402956.0,136112.0,-70765.0,259031.0,143925.0,12.906582653826685,11.821233355215666,0.3571729915921341,-0.17561470731295725,-0.27319123965857367,-0.1498559077809798
21180,Nexpe Participacoes SA,2020,205215.0,101601.0,-177892.0,-41802.0,247017.0,12.231813489022324,11.528808656597766,1.2036985600467802,-0.8668567112540506,4.2555858571360226,-0.502262443438914
21180,Nexpe Participacoes SA,2021,159076.0,143337.0,-73138.0,9856.0,149220.0,11.977137354424153,11.872953780069786,0.9380421936684352,-0.45976765822625665,-7.420657467532467,-0.5416666666666665
21180,Nexpe Participacoes SA,2022,143102.0,120233.0,-150738.0,-86833.0,229935.0,11.871312941687266,11.697186805832652,1.606790960294056,-1.053360540034381,1.7359529211244573,-0.64439580696772
21180,Nexpe Participacoes SA,2023,120033.0,115384.0,-48006.0,-137498.0,257531.0,11.695521983958614,11.656020975263345,2.145501653711896,-0.39994001649546373,0.34913962384907415,-0.6441379310344827
21180,Nexpe Participacoes SA,2024,36561.0,114309.0,-48496.0,-185994.0,222555.0,10.506737377491612,11.64666058684054,6.087224091244769,-1.3264407428680836,0.260739593750336,-0.2543352601156069
21180,Nexpe Participacoes SA,2025,10897.0,659.0,107550.0,-102952.0,113849.0,9.296242800976886,6.490723534502507,10.44773790951638,9.869688905203267,-1.0446615898671225,-0.23136246786632386
21237,ENEVA S.A,2010,6279555.0,98455.0,-255614.0,1701563.0,4577992.0,15.652809676061091,11.49735486997927,0.7290312768978057,-0.04070575064634357,-0.15022305962224144,0.14521739130434774
21237,ENEVA S.A,2011,7953680.0,168279.0,-401862.0,1370075.0,6583605.0,15.889145272610323,12.033378595209976,0.8277432584665212,-0.050525291437422674,-0.29331386967866724,1.0021558594271847
21237,ENEVA S.A,2012,9451180.0,490940.0,-434454.0,2704575.0,6746605.0,16.061650159399466,13.104077199717011,0.7138373197844079,-0.0459682283058835,-0.16063669892681845,-0.05413364240494467
21237,ENEVA S.A,2013,9689212.0,1438831.0,-944421.0,2573873.0,7115339.0,16.08652365961079,14.179341536304054,0.7343568290176745,-0.09747139395855928,-0.3669260293728556,-0.7265750898286275
21237,ENEVA S.A,2014,7044418.0,1798092.0,-1556960.0,1217712.0,5826706.0,15.76774608812097,14.402236660669072,0.8271380261648301,-0.22102038805760815,-1.278594610219822,-0.8573594028899142
21237,ENEVA S.A,2015,8492078.0,1518633.0,137109.0,3577177.0,4914901.0,15.954644286878503,14.233321146066453,0.5787630542253616,0.01614551821120814,0.03832882745248558,-0.2987229745366312
21237,ENEVA S.A,2016,10360571.0,2160983.0,-111139.0,4480808.0,5879763.0,16.153517909106906,14.586073768729714,0.5675134121468788,-0.01072711146904934,-0.024803339040637314,-0.08461538461538454
21237,ENEVA S.A,2017,10907381.0,2721773.0,93860.0,5375935.0,5531446.0,16.204950273996023,14.816794064153207,0.5071287048650818,0.008605182123921407,0.017459288477260235,0.1602671118530885
21237,ENEVA S.A,2018,12299682.0,3129107.0,888223.0,6283880.0,6015802.0,16.325083966349897,14.956258218295169,0.4891022385782006,0.07221511905754961,0.14134945288579667,0.15010721944245886
21237,ENEVA S.A,2019,13863144.0,3137369.0,599080.0,6900081.0,6963063.0,16.44474436582861,14.958895108562448,0.5022715626412018,0.04321386259855629,0.08682216918902837,1.7460716530483973
21237,ENEVA S.A,2020,16218096.0,3243309.0,1006536.0,7930740.0,8287356.0,16.601638213817992,14.99210466289656,0.5109943855308293,0.062062525712019465,0.12691577330740889,0.5375092844763556
21237,ENEVA S.A,2021,18244555.0,5124441.0,1173292.0,8996623.0,9247932.0,16.719377237311335,15.449532003869104,0.5068872329305921,0.06430915963694374,0.13041471227592843,-0.024474319200275763
21237,ENEVA S.A,2022,41713969.0,6128603.0,375774.0,13736018.0,27977951.0,17.546346618682666,15.628477386344814,0.6707093971326488,0.009008349217500737,0.02735683660286409,-0.16456582633053218
21237,ENEVA S.A,2023,43565879.0,10090895.0,303432.0,14937636.0,28628243.0,17.589784810191365,16.127144090080865,0.6571253388460268,0.006964900214684065,0.020313254386437052,0.2206278026905828
21237,ENEVA S.A,2024,52770780.0,11387505.0,549472.0,20214767.0,32556013.0,17.78146818639825,16.24802725962819,0.616932571396519,0.010412428999533454,0.027181713249526944,-0.21535022354694489
21237,ENEVA S.A,2025,56840479.0,18416056.0,1691630.0,21406342.0,35434137.0,17.855759288321636,16.728733450773234,0.6233961715910241,0.02976100887538263,0.07902471146167804,0.7826855123674912
21300,Aliansce Shopping Centers SA,2010,2175573.0,191126.0,56132.0,1238537.0,937036.0,14.59280263608438,12.16068817539557,0.4307076802295303,0.025801018858020393,0.04532121365772682,0.5621436716077537
21300,Aliansce Shopping Centers SA,2011,2394961.0,253545.0,103889.0,1357980.0,1036981.0,14.688877504769724,12.443296601052388,0.43298450371425673,0.04337815939382729,0.07650259944918188,0.05555555555555558
21300,Aliansce Shopping Centers SA,2012,3940665.0,336795.0,131161.0,1865442.0,2075223.0,15.186860048757971,12.727229715634412,0.5266174617735839,0.03328397618168507,0.07031095043426705,0.7776162790697676
21300,Aliansce Shopping Centers SA,2013,3997694.0,448421.0,73947.0,1784953.0,2212741.0,15.201228252844144,13.013487802268159,0.5535043452550396,0.01849741375903208,0.04142798157710595,-0.23270440251572322
21300,Aliansce Shopping Centers SA,2014,4114549.0,473895.0,187282.0,1901267.0,2213282.0,15.23003978705895,13.068741057150916,0.5379160632185933,0.04551701778250788,0.0985037872113701,-0.09950522264980766
21300,Aliansce Shopping Centers SA,2015,4115208.0,494799.0,144772.0,1912335.0,2202873.0,15.230199937595934,13.111906898479834,0.5353005242991363,0.0351797527609783,0.075704309129938,-0.29028049575994774
21300,Aliansce Shopping Centers SA,2016,4896895.0,487551.0,-9869.0,2501314.0,2395581.0,15.404111888755578,13.097150179332846,0.4892040772775402,-0.002015358712000155,-0.00394552623141277,0.25191100532872235
21300,Aliansce Shopping Centers SA,2017,4793893.0,507691.0,103459.0,2501763.0,2292130.0,15.382853374161257,13.137628273774224,0.478135411032328,0.02158141618930585,0.04135443685113258,0.2704225352112677
21300,Aliansce Shopping Centers SA,2018,4744122.0,508431.0,119445.0,2605937.0,2138185.0,15.372416936023802,13.139084792048255,0.45070194231935856,0.025177472248816536,0.04583572051051119,0.11943793911007039
21342,OSX Brasil SA,2010,3407516.0,8834.0,-77176.0,2434016.0,973500.0,15.04149413806638,9.086363192156472,0.2856919820772668,-0.022648756454848634,-0.0317072689744028,
21342,OSX Brasil SA,2011,4448401.0,144233.0,4685.0,2700307.0,1748094.0,15.308055263726727,11.87918532647217,0.39297131710922645,0.0010531874262234902,0.0017349879106338649,-0.45238095238095233
21342,OSX Brasil SA,2012,9799718.0,433773.0,-32724.0,3332778.0,6466940.0,16.097864167716573,12.98027663477398,0.6599108260054014,-0.0033392797629482806,-0.009818835818047286,-0.04484304932735428
21342,OSX Brasil SA,2013,8542602.0,745123.0,-2399842.0,2203555.0,6339047.0,15.960576203198807,13.521304584405222,0.7420510753046905,-0.28092635007460254,-1.0890774226193582,-0.9367875647668393
21342,OSX Brasil SA,2014,6049548.0,731084.0,-4236936.0,-1866627.0,7916175.0,15.615494116472236,13.502283643210854,1.3085564409109574,-0.700372325337364,2.269835376858901,-0.47916666666666663
21342,OSX Brasil SA,2015,8270933.0,414197.0,-987345.0,-2918499.0,11189432.0,15.928257878048802,12.934096985039554,1.3528621257118152,-0.11937528692349461,0.33830575237476523,-0.375
21342,OSX Brasil SA,2016,1687484.0,1093.0,-1445855.0,-3030420.0,4717904.0,14.338749220202391,6.996681488176539,2.7958214714924705,-0.8568110868014156,0.4771137334098904,0.0
21342,OSX Brasil SA,2017,1743785.0,10629.0,-502697.0,-3542911.0,5286696.0,14.371568596034967,9.271341393533582,3.0317361371958125,-0.2882792316713356,0.14188812532970768,-0.4605633802816901
21342,OSX Brasil SA,2018,1740647.0,9060.0,-427575.0,-4014370.0,5755017.0,14.369767441156153,9.111624399037025,3.306251640912833,-0.24564141954112464,0.10651110884148696,-0.5698254364089775
21342,OSX Brasil SA,2019,2012059.0,12013.0,-568628.0,-4583448.0,6595507.0,14.514669133827491,9.393744675721376,3.277988866131659,-0.28261000298698996,0.12406118712375487,-0.16793893129770998
21342,OSX Brasil SA,2020,1487657.0,10031.0,-871911.0,-5458663.0,6946320.0,14.2127129570508,9.213435576883485,4.669302130800312,-0.5860967951617879,0.15972977265678426,5.182926829268293
21342,OSX Brasil SA,2021,2231041.0,26406.0,122860.0,-5336929.0,7567970.0,14.61797885065504,10.181346536039147,3.3921250214585927,0.05506846355580198,-0.023020729711787435,-0.6817545496966868
21342,OSX Brasil SA,2022,2746315.0,35083.0,-288421.0,-5624263.0,8370578.0,14.825770571039913,10.465471961643733,3.04793077268995,-0.10502109189950898,0.05128156346884916,-0.13910761154855644
21342,OSX Brasil SA,2023,2366947.0,45246.0,-1191067.0,-6808783.0,9175730.0,14.677111497032929,10.719869547430703,3.8766098269205016,-0.5032081411201856,0.17493096783962714,-0.33906249999999993
21342,OSX Brasil SA,2024,1392267.0,64419.0,-1591264.0,-8404492.0,9796759.0,14.146443911828078,11.073163899635242,7.036551897014006,-1.1429301994516856,0.18933494136230958,-0.15850815850815858
21342,OSX Brasil SA,2025,690943.0,82656.0,-1106833.0,-9918400.0,10609343.0,13.445812610201225,11.322442695895568,15.354874425242024,-1.6019165112028055,0.11159390627520568,-0.42939481268011526
21350,DIRECIONAL ENGENHARIA S.A.,2010,1679542.0,781907.0,166552.0,827855.0,851687.0,14.334031695164494,13.569491086624009,0.5070947913181093,0.0991651295412678,0.20118499012508229,0.17816593886462906
21350,DIRECIONAL ENGENHARIA S.A.,2011,2451913.0,1072312.0,181590.0,1232483.0,1219430.0,14.712379094168961,13.88532762304369,0.4973382008252332,0.07406053966841401,0.14733671782896804,-0.29785661492978566
21350,DIRECIONAL ENGENHARIA S.A.,2012,3027111.0,1367773.0,230167.0,1421358.0,1605753.0,14.923119257301796,14.128694427723271,0.5304572577616083,0.07603520320199689,0.16193457243002818,0.49735449735449744
21350,DIRECIONAL ENGENHARIA S.A.,2013,3433656.0,1743929.0,236454.0,1601431.0,1832225.0,15.04913614069838,14.371651171613172,0.5336076182354901,0.0688636252437635,0.1476516940161643,-0.12408759124087587
21350,DIRECIONAL ENGENHARIA S.A.,2014,3955520.0,1835613.0,232216.0,1735531.0,2219989.0,15.190622629681595,14.422889043630711,0.561238218995227,0.0587068198365828,0.13380112484305956,-0.29478260878260876
21350,DIRECIONAL ENGENHARIA S.A.,2015,3887452.0,1569577.0,156210.0,1777485.0,2109967.0,15.173264488126517,14.26631671427099,0.5427634862115339,0.040183132807813444,0.08788259816538536,-0.5870588234808305
21350,DIRECIONAL ENGENHARIA S.A.,2016,4089767.0,1358078.0,-1397.0,1747418.0,2342349.0,15.223998558181075,14.121581022859267,0.5727340946317969,-0.00034158425162118035,-0.0007994652681842582,0.2701949857186088
21350,DIRECIONAL ENGENHARIA S.A.,2017,4141764.0,751857.0,-137435.0,1604315.0,2537449.0,15.236632342008749,13.530301425274885,0.6126493445787834,-0.0331827211787055,-0.08566584492446933,0.29885057448275854
21350,DIRECIONAL ENGENHARIA S.A.,2018,4651685.0,1166048.0,-73936.0,1393276.0,3258409.0,15.352740077516382,13.969130811426052,0.7004792886878626,-0.01589445545001435,-0.053066298421848936,0.3250883389885002
21350,DIRECIONAL ENGENHARIA S.A.,2019,4654716.0,1458228.0,120816.0,1369344.0,3285372.0,15.353391457165115,14.192732557925705,0.7058157790937192,0.025955611470173477,0.08822910824453169,1.0325203252032522
21350,DIRECIONAL ENGENHARIA S.A.,2020,5101409.0,1500723.0,150133.0,1339998.0,3761411.0,15.445027334047584,14.221457549947752,0.7373278637333333,0.02942971245787193,0.11203971946226786,-0.06766381773504271
21350,DIRECIONAL ENGENHARIA S.A.,2021,5679619.0,1776380.0,208760.0,1458780.0,4220839.0,15.552394710982751,14.390088143611193,0.743155306720398,0.036755986625159186,0.14310588299812171,-0.044360902108598665
21350,DIRECIONAL ENGENHARIA S.A.,2022,6489415.0,2162616.0,255689.0,1449695.0,5039720.0,15.685682945942654,14.586829157968008,0.776606211807998,0.03940093213332789,0.17637434080961858,0.2893652102464439
21350,DIRECIONAL ENGENHARIA S.A.,2023,7571598.0,2355183.0,386877.0,2110586.0,5461012.0,15.839914699569205,14.672128989419992,0.7212495961882815,0.051095818874694617,0.1833031205551444,0.5602787456836431
21350,DIRECIONAL ENGENHARIA S.A.,2024,10067406.0,3348470.0,727668.0,2223751.0,7843655.0,16.124813634688742,15.02401408305663,0.7791138054827629,0.07227959218094512,0.3272254852274378,0.24241008873225556
21350,DIRECIONAL ENGENHARIA S.A.,2025,13219635.0,4343008.0,979692.0,2320151.0,10899484.0,16.39721378232436,15.284077753559933,0.8244920529197667,0.0741088539887826,0.42225355160073635,0.5437317783693976
21431,HYPERA S.A.,2010,9987182.0,3159728.0,261901.0,5059091.0,4928091.0,16.11681302875002,14.965996505908981,0.4934415934344643,0.026223713556036126,0.0517683908038025,0.10009765625000022
21431,HYPERA S.A.,2011,13325286.0,3324630.0,-54651.0,6645934.0,6679352.0,16.40517399120048,15.016868947684726,0.5012539318105442,-0.004101300339820099,-0.008223223402459309,-0.653061224489796
21431,HYPERA S.A.,2012,12656511.0,3873683.0,203913.0,6868366.0,5788145.0,16.353682344280674,15.169716292032616,0.45732548251251864,0.0161113121933841,0.029688720723386026,0.9552941176470586
21431,HYPERA S.A.,2013,12501987.0,4258740.0,256722.0,7078577.0,5423410.0,16.341398149639726,15.264483899847718,0.43380384254118964,0.020534495836541822,0.03626745884095066,0.09627329192546563
21431,HYPERA S.A.,2014,13887691.0,4680348.0,402695.0,7475963.0,6411728.0,16.44651346621078,15.358883024103697,0.46168423534192976,0.028996540893658995,0.05386530136652629,-0.06722689075630262
21431,HYPERA S.A.,2015,15823430.0,2956649.0,559872.0,8030455.0,7792975.0,16.577002310962282,14.899567090402506,0.4924959379856327,0.03538246764449933,0.06971859004253184,0.37318153067678694
21431,HYPERA S.A.,2016,11485416.0,3288747.0,1174574.0,8810602.0,2674814.0,16.2565886146074,15.00601719913554,0.23288786405298684,0.10226656135049876,0.1333137054653019,0.16651785714285716
21431,HYPERA S.A.,2017,10130437.0,3638458.0,964942.0,7737759.0,2392678.0,16.13105501448492,15.107070523484296,0.23618704701485238,0.09525176455862665,0.12470561566985996,0.4291385470424771
21431,HYPERA S.A.,2018,10556983.0,3724309.0,1129601.0,8267673.0,2289310.0,16.172298094664576,15.130391889232216,0.21685267467040537,0.10700036175107983,0.13662864992362422,-0.1466515964961853
21431,HYPERA S.A.,2019,11919475.0,3294749.0,1164040.0,8710100.0,3209375.0,16.293684175007368,15.007840546992925,0.269254728081564,0.09765866365758559,0.13364255289835938,0.1671026814911707
21431,HYPERA S.A.,2020,17249810.0,4088871.0,1295116.0,9240715.0,8009095.0,16.66331168688823,15.22377945079337,0.46430047635307287,0.07508001537408238,0.14015322407411115,0.0187388459250446
21431,HYPERA S.A.,2021,19817962.0,5937373.0,1330305.0,9833471.0,9984491.0,16.80209925615036,15.59677733762259,0.5038101798762153,0.0671262261982337,0.13528336027024435,-0.1827117664064758
21431,HYPERA S.A.,2022,23755633.0,7546355.0,1698399.0,10655441.0,13100192.0,16.98333023926981,15.836575223191764,0.5514562377689536,0.07149457983291795,0.15939265207324596,0.5421357898328216
21431,HYPERA S.A.,2023,24508751.0,7914658.0,1650550.0,11517873.0,12990878.0,17.014540795413524,15.884227041267058,0.5300505929494327,0.06734533310163378,0.1433033685993933,-0.15902140672782872
21431,HYPERA S.A.,2024,24559083.0,7442466.0,1330875.0,12101819.0,12457264.0,17.016592323412617,15.822712803504226,0.5072365283345474,0.054190744825448084,0.10997313709616711,-0.4925666199158486
21431,HYPERA S.A.,2025,25158004.0,7699157.0,1190132.0,12524374.0,12633630.0,17.040686654376092,15.856621400311003,0.5021713964271569,0.04730629663625143,0.09502526832878035,0.3096164535853252
21490,Alupar Investimento SA,2010,5669819.0,1327336.0,448474.0,2674223.0,2995596.0,15.550667752795816,14.098684483976834,0.5283406754254413,0.07909846857545189,0.16770254387910058,
21490,Alupar Investimento SA,2011,6410723.0,1213645.0,439044.0,2813321.0,3597402.0,15.673482615047956,14.009138786091711,0.5611538667323482,0.06848587904983572,0.15605897798367124,
21490,Alupar Investimento SA,2012,7456055.0,1258640.0,538938.0,3074264.0,4381791.0,15.824537011929799,14.045542330914305,0.5876822260565406,0.07228192388602284,0.17530634974745174,
21490,Alupar Investimento SA,2013,8360155.0,1290831.0,654968.0,4102146.0,4258009.0,15.938987525558865,14.070796754985599,0.509321776928777,0.07834400199517833,0.15966472183096359,
21490,Alupar Investimento SA,2014,8928171.0,1474108.0,751658.0,3878309.0,5049862.0,16.004722116645613,14.203563619060871,0.5656099104732649,0.08418947172942812,0.1938107561826559,0.1257179323548181
21490,Alupar Investimento SA,2015,10011663.0,1493559.0,571192.0,4067046.0,5944617.0,16.119261271358834,14.216672420377604,0.5937691869972052,0.05705265948324469,0.14044394875297697,-0.2570621468926553
21490,Alupar Investimento SA,2016,10230001.0,1553811.0,689725.0,4557811.0,5672190.0,16.140835235679514,14.256221180891599,0.5544662214598024,0.06742179204088054,0.15132812659410405,0.5212543248993571
21490,Alupar Investimento SA,2017,11463372.0,1538191.0,705725.0,5606797.0,5856575.0,16.25466746680822,14.246117608593304,0.5108946128591133,0.06156347364457858,0.12586954726557784,0.14454094292803976
21490,Alupar Investimento SA,2018,14606580.0,1882909.0,750790.0,6261709.0,8344871.0,16.496982670082122,14.448328479333949,0.5713090264798467,0.05140080703354242,0.1199017712257149,0.04147727272727253
21490,Alupar Investimento SA,2019,19369732.0,4592099.0,1641397.0,7540065.0,11829667.0,16.77922219945886,15.339847775982593,0.6107295134491277,0.08474030513173852,0.21769003317610658,0.507373020207537
21490,Alupar Investimento SA,2020,22576510.0,6140745.0,2055505.0,8944682.0,13631828.0,16.93242054318102,15.630456628267654,0.6038058140961557,0.09104618029978948,0.2298019091120288,-0.019543973941367976
21490,Alupar Investimento SA,2021,25719932.0,5234208.0,2122816.0,10001723.0,15718209.0,17.062776813473278,15.470726101443098,0.6111294928773529,0.08253583252086359,0.21224503018129975,-0.10074626865671654
21490,Alupar Investimento SA,2022,27933759.0,3833708.0,1663873.0,10371619.0,17562140.0,17.14534651533158,15.159343039019646,0.6287066484678987,0.0595649514982928,0.1604255806157168,0.16453608247422657
21490,Alupar Investimento SA,2023,28436081.0,3311381.0,1150986.0,10628790.0,17807291.0,17.16316935452935,15.012875880884762,0.626221700521953,0.04047625268756268,0.10828946662790402,0.23661886792452824
21490,Alupar Investimento SA,2024,30689036.0,4002104.0,1859906.0,11723503.0,18965533.0,17.239416015219565,15.202330780794655,0.6179905097051599,0.06060490137259444,0.15864763287901235,-0.09407187603033285
21490,Alupar Investimento SA,2025,32114316.0,4397883.0,1733193.0,12576514.0,19537802.0,17.28481246998855,15.296633846741614,0.6083829404929565,0.053969482021662865,0.13781187696368008,0.22205773501110282
21776,PortX Operacoes Portuarias SA,2010,552541.0,2202.0,-25037.0,42456.0,510085.0,13.222282917765552,7.697121317282625,0.9231622630718807,-0.045312474549399955,-0.5897164122856604,
21776,PortX Operacoes Portuarias SA,2011,1533815.0,3995.0,-78914.0,-36455.0,1570270.0,14.243268653897362,8.292798858200374,1.023767533894244,-0.05144949032314849,2.1646962007955013,-0.5904255319148937
21881,FLEURY S.A.,2010,1328168.0,871541.0,130001.0,1011803.0,316365.0,14.0993111070414,13.67801818815977,0.2381965233313858,0.09787993687545551,0.12848449747628737,0.47237569060773477
21881,FLEURY S.A.,2011,2831721.0,1125741.0,100647.0,1631881.0,1199840.0,14.856395211993481,13.933952043461641,0.42371405940062595,0.03554269647327544,0.06167545305080456,-0.1656920077972709
21881,FLEURY S.A.,2012,2738159.0,1501783.0,106588.0,1705908.0,1032251.0,14.82279635472954,14.222163626834218,0.376987238505872,0.0389268848156736,0.06248168130989479,0.05977011494252893
21881,FLEURY S.A.,2013,3211167.0,1656896.0,61143.0,1689033.0,1522134.0,14.98214498043927,14.320456530407574,0.47401271874057,0.019040741263222995,0.03620000319709562,-0.21702127659574466
21881,FLEURY S.A.,2014,3209768.0,1678900.0,85802.0,1572964.0,1636804.0,14.981709218350995,14.333649375024489,0.5099446439742685,0.026731527013790404,0.054547974397379725,-0.13633952255177717
21881,FLEURY S.A.,2015,3203997.0,1894960.0,107343.0,1655439.0,1548558.0,14.97990965084036,14.454708288096464,0.48332067726655176,0.03350284035846476,0.06484261878571182,0.025641025529471673
21881,FLEURY S.A.,2016,3005820.0,2096113.0,228749.0,1535725.0,1470095.0,14.916060967262643,14.555595235183599,0.4890828459455323,0.07610202873092867,0.14895179801071157,1.3270234987297602
21881,FLEURY S.A.,2017,3527332.0,2383012.0,320618.0,1706528.0,1820804.0,15.076052335777655,14.683875791737524,0.5161986453217332,0.09089532825376233,0.18787737441167096,0.6206896551724137
21881,FLEURY S.A.,2018,3910448.0,2664463.0,331585.0,1749961.0,2160487.0,15.179162503403106,14.795513094339954,0.5524909166417761,0.084794632226282,0.18948136558471876,-0.28411147310156415
21881,FLEURY S.A.,2019,5096652.0,2905107.0,312317.0,1758976.0,3337676.0,15.444094411535152,14.881980780636301,0.6548761814618694,0.061278855217111156,0.17755614630330374,0.5680534157809962
21881,FLEURY S.A.,2020,5523810.0,2971616.0,256961.0,1750850.0,3772960.0,15.524578397554109,14.904616470550044,0.6830358031865686,0.04651879771389675,0.14676357197932433,-0.062131204155816855
21881,FLEURY S.A.,2021,6073770.0,3872651.0,351491.0,1854483.0,4219287.0,15.619490057555442,15.169449843411602,0.6946734894472462,0.05787031777627404,0.18953584368257892,-0.3486603909406514
21881,FLEURY S.A.,2022,7791770.0,4463040.0,308731.0,2701085.0,5090685.0,15.868578606415062,15.311340706152466,0.6533412818910209,0.03962270446894608,0.11429888359677685,-0.16956352977964106
21881,FLEURY S.A.,2023,11579968.0,6470850.0,420823.0,5111070.0,6468898.0,16.26478726672016,15.682818033427665,0.5586283139987952,0.03634060128663568,0.08233559704719363,0.21578947352814004
21881,FLEURY S.A.,2024,13062410.0,7684659.0,603654.0,5374831.0,7687579.0,16.385249197713414,15.854736561816814,0.5885268491802049,0.04621306481728869,0.11231125220495305,-0.3335173937051352
21881,FLEURY S.A.,2025,13220481.0,8291182.0,596671.0,5096268.0,8124213.0,16.397277775992187,15.930703098371115,0.6145172025132822,0.045132321584971075,0.11707998872900718,0.171875
21946,Multiplus SA,2010,1403549.0,469843.0,118386.0,758603.0,644946.0,14.154514586892844,13.060153875328409,0.4595108542701395,0.08434760738670329,0.15605791171403224,1.1293375394321767
21946,Multiplus SA,2011,1308434.0,1246812.0,274246.0,259138.0,1049296.0,14.08434156024576,14.036100451468078,0.8019479775059346,0.20959864998922376,1.0583009824880951,-0.03731343283582089
21946,Multiplus SA,2012,1302109.0,1476014.0,224305.0,149246.0,1152863.0,14.07949581560446,14.204855769192422,0.8853813313631962,0.17226284435481207,1.5029213513259987,0.460220318237454
21946,Multiplus SA,2013,1538909.0,1650810.0,232089.0,185883.0,1353026.0,14.246584281768067,14.316776634511225,0.8792111814278817,0.15081398575224397,1.2485757169832636,-0.3943319838056679
21946,Multiplus SA,2014,1675421.0,1819442.0,325016.0,220502.0,1454919.0,14.331575034943455,14.414040418637017,0.868390094191251,0.1939906447394416,1.4739820954004952,0.19850187265917607
21946,Multiplus SA,2015,1794494.0,2261753.0,479741.0,260778.0,1533716.0,14.400233646014474,14.631650734293652,0.8546788119659358,0.26734054279367886,1.8396528848292417,0.22909809084924304
21946,Multiplus SA,2016,1751446.0,2199284.0,513803.0,256099.0,1495347.0,14.375952290427874,14.603642410811265,0.8537785349933712,0.2933593156740202,2.0062671076419667,-0.1105263157894738
21946,Multiplus SA,2017,1721500.0,2309768.0,517196.0,239757.0,1481743.0,14.358706561760716,14.652657644553821,0.8607278536160325,0.30043334301481267,2.157167465392043,0.09614782336360794
21946,Multiplus SA,2018,1624605.0,632264.0,356399.0,250279.0,1374326.0,14.300775267274915,13.357062307426636,0.8459447065594407,0.21937578672969738,1.4240068084018236,-0.2682572010474251
22012,Mills Locacao Servicos e Logistica SA,2010,924093.0,549884.0,103283.0,655152.0,268941.0,13.736567994909665,13.217462625873294,0.2910323960900039,0.11176688926331008,0.15764738564485797,
22012,Mills Locacao Servicos e Logistica SA,2011,1288603.0,677592.0,92177.0,736140.0,552463.0,14.069069243791994,13.426300615874844,0.428730182996625,0.07153250458054188,0.12521667074197843,-0.17865429234338748
22012,Mills Locacao Servicos e Logistica SA,2012,1664061.0,879274.0,151516.0,859326.0,804735.0,14.324771558345224,13.686851845954601,0.48359705563678257,0.09105195061959868,0.17631958069463743,1.1118012422360248
22012,Mills Locacao Servicos e Logistica SA,2013,1801245.0,832262.0,172592.0,1016513.0,784732.0,14.403988650441912,13.63190257407769,0.43566089010656517,0.09581817021004917,0.16978828603274135,0.06830689543541602
22012,Mills Locacao Servicos e Logistica SA,2014,1892723.0,794166.0,64268.0,1059397.0,833326.0,14.453527090905414,13.585047786387678,0.4402788997650475,0.03395531200286571,0.06066469888058962,-0.7015625
22012,Mills Locacao Servicos e Logistica SA,2015,1637957.0,576106.0,-97801.0,962231.0,675726.0,14.308960291524324,13.264046950524772,0.41254196538736976,-0.05970913766356504,-0.10163983492529341,-0.6802884615384615
22012,Mills Locacao Servicos e Logistica SA,2016,1510747.0,396617.0,-99408.0,997949.0,512798.0,14.228114788453176,12.890726358496131,0.3394334061229312,-0.06580056091456743,-0.09961230483722114,0.42181818181818187
22012,Mills Locacao Servicos e Logistica SA,2017,1223576.0,291265.0,-138381.0,846580.0,376996.0,14.017288276813499,12.58198878468178,0.3081099988885039,-0.11309554943869445,-0.1634588579933379,-0.0072289156626507145
22012,Mills Locacao Servicos e Logistica SA,2018,1014648.0,304189.0,-94969.0,750309.0,264339.0,13.830052312280126,12.62540449773275,0.2605228611301653,-0.09359797683531629,-0.12657318518103874,0.07000000000000006
22012,Mills Locacao Servicos e Logistica SA,2019,1375895.0,439465.0,-44980.0,1107373.0,268522.0,14.134614986424276,12.993313356986315,0.19516169475141634,-0.03269144811195622,-0.04061865333541634,1.9027777777777777
22012,Mills Locacao Servicos e Logistica SA,2020,1475392.0,506339.0,-4747.0,1097899.0,377493.0,14.204434275159269,13.13496168442058,0.2558594597232464,-0.0032174500065067454,-0.004323712836973164,-0.3436499466382069
22012,Mills Locacao Servicos e Logistica SA,2021,1449952.0,738118.0,102307.0,1092961.0,356991.0,14.18704101040055,13.511858982400227,0.24620884001677296,0.07055888746661959,0.09360535279849876,-0.06029411764705883
22012,Mills Locacao Servicos e Logistica SA,2022,2588440.0,1092097.0,216453.0,1239377.0,1349063.0,14.76656593560789,13.903610259180857,0.5211876651573921,0.08362295436633647,0.17464661680828353,0.8
22012,Mills Locacao Servicos e Logistica SA,2023,2740405.0,1377756.0,278212.0,1461620.0,1278785.0,14.823616277660378,14.13596664666251,0.4666408797239824,0.10152222025576511,0.19034495970224818,0.4570815450643777
22012,Mills Locacao Servicos e Logistica SA,2024,3869243.0,1575405.0,285188.0,1448031.0,2421212.0,15.168569438637231,14.270022940043456,0.6257585786160239,0.07370640717060159,0.1969488222282534,-0.3517397881996974
22012,Mills Locacao Servicos e Logistica SA,2025,4108871.0,1837835.0,301263.0,1577807.0,2531064.0,15.22865885287285,14.424098806377318,0.6159998695505408,0.07332014073939046,0.19093780164494137,0.6147635524798154
22055,Marisa Lojas SA,2010,2061292.0,2075683.0,208675.0,823045.0,1238247.0,14.538843528633803,14.545800814113283,0.6007140181982951,0.10123505063814346,0.25354020740056743,1.178354978354978
22055,Marisa Lojas SA,2011,2432599.0,2450315.0,177493.0,857765.0,1574834.0,14.704470791083596,14.711727145684883,0.6473874239034054,0.07296434800803585,0.20692497362331175,-0.31599999999999995
22055,Marisa Lojas SA,2012,2440691.0,2877388.0,229914.0,1039049.0,1401642.0,14.707791753898073,14.872393496144733,0.5742808081809618,0.09420037194384705,0.22127349143303154,0.8072222222222221
22055,Marisa Lojas SA,2013,2576323.0,3096990.0,85498.0,1107738.0,1468585.0,14.761873746544696,14.945941230018903,0.5700313974606445,0.0331860562514871,0.07718251066587947,-0.4095238095238093
22055,Marisa Lojas SA,2014,2968588.0,3344593.0,51082.0,1155878.0,1812710.0,14.903596976855125,15.02285557000106,0.6106303737669222,0.017207507407562113,0.04419324530789582,-0.2850098619329391
22055,Marisa Lojas SA,2015,2832135.0,3164906.0,-35764.0,1118845.0,1713290.0,14.85654140215112,14.967633913277343,0.6049464449964426,-0.012627929106486802,-0.031965106873606264,-0.619472182596291
22055,Marisa Lojas SA,2016,2644049.0,2852785.0,-88006.0,1011636.0,1632413.0,14.787822012308464,14.863806268085042,0.617391356968044,-0.03328455713188371,-0.08699374083168254,0.15503875968992253
22055,Marisa Lojas SA,2017,2832732.0,2875577.0,-60438.0,959640.0,1873092.0,14.85675217497322,14.871763907729084,0.6612316308072913,-0.021335586988109004,-0.06297986745029387,0.1750405186385735
22055,Marisa Lojas SA,2018,3162102.0,2764130.0,28363.0,973651.0,2188451.0,14.96674755429579,14.832236496048761,0.6920874152699692,0.008969666380148395,0.029130561155896722,-0.2638297872340426
22055,Marisa Lojas SA,2019,4020068.0,2882422.0,-112361.0,1420006.0,2600062.0,15.206809375875025,14.874141470915342,0.6467706516407186,-0.027950024725949908,-0.07912713044874459,1.6245059288537553
22055,Marisa Lojas SA,2020,3367654.0,2139417.0,-432196.0,991923.0,2375731.0,15.029726917475655,14.576043919975724,0.7054557861347989,-0.1283374123351152,-0.43571527225399553,-0.42239185750636143
22055,Marisa Lojas SA,2021,3423185.0,2525448.0,-71754.0,999524.0,2423661.0,15.046081962210222,14.741929030696086,0.7080134436204879,-0.020961180888558462,-0.07178817116947667,-0.42546400267992623
22055,Marisa Lojas SA,2022,3104952.0,2749921.0,-519382.0,517184.0,2587768.0,14.948508814293028,14.82708274195739,0.8334325297138249,-0.1672753717287739,-1.0042499381264696,-0.6612466124661247
22055,Marisa Lojas SA,2023,2453893.0,1646097.0,-520753.0,467.0,2453426.0,14.713186301020398,14.313917589223996,0.9998096901535641,-0.2122150395310635,-1115.10278372591,-0.30467289719626167
22055,Marisa Lojas SA,2024,1904258.0,1392169.0,-315784.0,284608.0,1619650.0,14.459602989355263,14.14637352055312,0.8505412606905157,-0.1658304704509578,-1.1095401394198336,-0.6681356908649656
22055,Marisa Lojas SA,2025,2056813.0,1483225.0,-59982.0,224157.0,1832656.0,14.536668255411703,14.209729329099357,0.8910173165961125,-0.029162592807416135,-0.26758923433129456,0.06315789473684208
22136,Tereos Internacional SA,2011,8366000.0,5688000.0,196000.0,3463000.0,4903000.0,15.939686430984281,15.553869250465214,0.5860626344728663,0.02342816160650251,0.05659832515160266,-0.1309904153354633
22136,Tereos Internacional SA,2012,9364000.0,6876000.0,157000.0,3627000.0,5737000.0,16.052383107592938,15.743547645484878,0.6126655275523281,0.016766339171294317,0.04328646264130135,0.3493449781659388
22136,Tereos Internacional SA,2013,10861000.0,7640000.0,-25000.0,4260000.0,6601000.0,16.200688949262172,15.848908161142703,0.6077709234877083,-0.0023018138292974864,-0.005868544600938967,-0.12631578947368416
22136,Tereos Internacional SA,2014,11106000.0,8339000.0,2000.0,4789000.0,6317000.0,16.22299606078369,15.936453863069122,0.5687916441563119,0.00018008283810552856,0.00041762372102735435,-0.4555984555984556
22136,Tereos Internacional SA,2015,12857000.0,8040000.0,-195000.0,4770000.0,8087000.0,16.369398968066385,15.899939641155148,0.6289958777319749,-0.015166835187057633,-0.040880503144654086,-0.26214765100671145
22136,Tereos Internacional SA,2016,14461000.0,10194000.0,-160000.0,5053000.0,9408000.0,16.48696592859693,16.137309869882124,0.6505774151165203,-0.011064241753682319,-0.03166435780724322,0.1478571428571429
22187,PRIO S.A.,2010,2695652.0,15593.0,-142370.0,2660457.0,35195.0,14.807150662564085,9.654577374584886,0.013056210519755517,-0.0528146808267536,-0.05351336255387702,
22187,PRIO S.A.,2011,5390091.0,9937.0,-304035.0,3871719.0,1518372.0,15.500072825859545,9.204020443231363,0.2816969138368907,-0.05640628330764731,-0.0785271348463047,-0.634726688102894
22187,PRIO S.A.,2012,4256468.0,6746.0,-277566.0,3659377.0,597091.0,15.26395026636421,8.816705015621595,0.1402785126071663,-0.06521040449499445,-0.07585061610213979,-0.5504827795940089
22187,PRIO S.A.,2013,1805279.0,4395.0,-2237870.0,1454598.0,350681.0,14.406225708441427,8.388222810119277,0.19425307667125136,-1.2396255648018948,-1.5384800474082874,-0.8139059304703476
22187,PRIO S.A.,2014,1061138.0,486839.0,-1003073.0,621733.0,439405.0,13.87485247511377,13.095688751923447,0.414088459747931,-0.9452804442023564,-1.6133501036618614,-0.4076923076923077
22187,PRIO S.A.,2015,1177037.0,253071.0,110421.0,914105.0,262932.0,13.978510821602184,12.441425360750815,0.2233846514595548,0.09381268388334436,0.1207968450013948,-0.5030425963488844
22187,PRIO S.A.,2016,1082369.0,397871.0,241622.0,834152.0,248217.0,13.894662715369453,12.893883111125124,0.22932752139057938,0.22323440527213917,0.28966183621210523,1.0260465116279072
22187,PRIO S.A.,2017,1251764.0,533922.0,30627.0,860483.0,391281.0,14.040064314471568,13.188005039857718,0.3125836819080913,0.024467072067897784,0.03559280078746471,3.2849659507595597
22187,PRIO S.A.,2018,1537063.0,848920.0,204875.0,1006596.0,530467.0,14.245384010620201,13.651720232349577,0.34511727886234983,0.13328991719922997,0.20353249963242454,0.37491337491337484
22187,PRIO S.A.,2019,5489751.0,1644346.0,842346.0,2165101.0,3324650.0,15.518393457265878,14.312853294741286,0.6056103455329759,0.15343974617428002,0.3890562149294652,2.06196165601556
22187,PRIO S.A.,2020,6792833.0,1904185.0,452913.0,3151263.0,3641570.0,15.731378643740522,14.45956465347889,0.5360900231170117,0.06667512656354131,0.1437242781703717,1.3474916387959865
22187,PRIO S.A.,2021,12221416.0,4396003.0,1333046.0,6620249.0,5601167.0,16.318700380608412,15.296206276943996,0.45830753163135923,0.10907459495691825,0.20135889148580363,0.840605520926091
22187,PRIO S.A.,2022,20302520.0,6363475.0,3427072.0,9892017.0,10410503.0,16.826255574238576,15.666085169750907,0.5127690060150168,0.16880032626491687,0.34644825216131353,0.8586413586413588
22187,PRIO S.A.,2023,28310932.0,11905041.0,5179905.0,13878280.0,14432652.0,17.158758577775437,16.29247248182829,0.5097907762273598,0.18296483492666366,0.37323825430817076,0.3026874115983025
22187,PRIO S.A.,2024,55746165.0,14360653.0,10301606.0,25924192.0,29821973.0,17.836319176700744,16.480002594088067,0.534960082007435,0.18479488230266602,0.3973742363889297,-0.1290672451193059
22187,PRIO S.A.,2025,64179605.0,15583960.0,2251479.0,25779881.0,38399724.0,17.97719603906176,16.561752738126046,0.5983166147563544,0.03508091082829195,0.08733473207265774,0.0065613608748482655
22349,AZZAS 2154 S.A.,2010,268156.0,571525.0,64534.0,146218.0,121938.0,12.499324179696822,13.256063505792172,0.4547278449857546,0.2406584227091693,0.4413546895731032,
22349,AZZAS 2154 S.A.,2011,510628.0,678907.0,91613.0,384047.0,126581.0,13.143396619732144,13.42823943103346,0.24789279083794857,0.1794124098169313,0.23854632375724846,0.09176470588235297
22349,AZZAS 2154 S.A.,2012,636591.0,860335.0,96874.0,453899.0,182692.0,13.36388265612416,13.665077127264395,0.28698489296895496,0.15217620104588347,0.2134263349335425,0.7032730404823428
22349,AZZAS 2154 S.A.,2013,703866.0,962950.0,110555.0,514542.0,189324.0,13.464343276113958,13.777756768352358,0.2689773337538679,0.15706824878599052,0.21486098316561136,-0.2543859649122807
22349,AZZAS 2154 S.A.,2014,796509.0,1052909.0,112752.0,576293.0,220216.0,13.587993707703431,13.867067367628625,0.2764764742143529,0.14155772251161003,0.1956504764069666,-0.10282861896838602
22349,AZZAS 2154 S.A.,2015,853948.0,1120557.0,119663.0,617905.0,236043.0,13.657625580987098,13.929336441076533,0.2764137863195417,0.14012914135286927,0.193659219459302,-0.13043478260869557
22349,AZZAS 2154 S.A.,2016,907148.0,1239110.0,116149.0,669699.0,237449.0,13.718060891088829,14.029903937945678,0.261753319193781,0.1280375418344085,0.17343463257373834,0.07094017094017091
22349,AZZAS 2154 S.A.,2017,1049899.0,1360474.0,154470.0,664960.0,384939.0,13.864204527030916,14.123343726401732,0.36664383907404424,0.1471284380688047,0.23229968719923003,1.2935010482180291
22349,AZZAS 2154 S.A.,2018,1045032.0,1526659.0,142644.0,711342.0,333690.0,13.859558064921774,14.238592245575587,0.3193107962244218,0.1364972555864318,0.2005280160597856,0.07329434697855763
22349,AZZAS 2154 S.A.,2019,1413249.0,1679235.0,162139.0,746071.0,667178.0,14.161401866948395,14.333848890530037,0.4720880750667434,0.11472783635438624,0.2173238203870677,0.24320124320124337
22349,AZZAS 2154 S.A.,2020,2832545.0,1590992.0,48584.0,1348597.0,1483948.0,14.856686158783697,14.279868279023184,0.523892118218775,0.01715206642789435,0.03602558807412444,0.057054263565891494
22349,AZZAS 2154 S.A.,2021,3366326.0,2923827.0,343720.0,1592006.0,1774320.0,15.029332499904703,14.888403932574782,0.5270790767144953,0.10210538135641052,0.2159037089056197,0.0837097684923771
22349,AZZAS 2154 S.A.,2022,4659264.0,4233726.0,422538.0,2654593.0,2004671.0,15.354368053713843,15.258593014364658,0.4302548642875785,0.09068771376766803,0.15917242304187498,0.015047347256453403
22349,AZZAS 2154 S.A.,2023,5975904.0,4846768.0,398673.0,2929099.0,3046805.0,15.60324594140873,15.393822649023413,0.5098483844452655,0.06671342109913413,0.13610772459380854,-0.12738336713995946
22349,AZZAS 2154 S.A.,2024,15253545.0,8379753.0,338549.0,7721515.0,7532030.0,16.540322493019676,15.941328997083538,0.493788820893766,0.02219477505065216,0.043844893133018585,-0.5518181818181818
22349,AZZAS 2154 S.A.,2025,15448601.0,11819492.0,911249.0,7977304.0,7471297.0,16.5530290070463,16.285260591015263,0.48362288598171443,0.05898585897842788,0.11423019606623992,-0.17508196721311475
22357,ALLOS S.A,2010,2335219.0,185009.0,212760.0,1671797.0,663422.0,14.663616234837006,12.128159751525804,0.2840941256473162,0.09110922787113329,0.12726425516973652,
22357,ALLOS S.A,2011,3271401.0,219185.0,364307.0,2430395.0,841006.0,15.000728891486041,12.29767140105758,0.2570782365109016,0.11136115688660607,0.14989621028680522,0.2188928390045708
22357,ALLOS S.A,2012,4069681.0,256851.0,309795.0,2677242.0,1392439.0,15.219075175968653,12.456251429210786,0.3421494215394278,0.07612267398845265,0.1157142312872725,0.45927601809954743
22357,ALLOS S.A,2013,4530037.0,275754.0,368497.0,2964559.0,1565478.0,15.32624066519628,12.527264442903558,0.3455773098542021,0.08134525170544965,0.12430078133037663,-0.42672955974842763
22357,ALLOS S.A,2014,4742333.0,318724.0,274771.0,3169447.0,1572886.0,15.372039766676304,12.672080803500421,0.33166924380890167,0.05794004765165162,0.0866936724292913,-0.09589041095890416
22357,ALLOS S.A,2015,4900842.0,331180.0,204039.0,3308930.0,1591912.0,15.404917585053308,12.710417313196475,0.3248241832729968,0.041633458087406205,0.06166313581731859,-0.02881152460984393
22357,ALLOS S.A,2016,4988081.0,342294.0,247777.0,3458165.0,1529916.0,15.42256182462375,12.743425295880865,0.3067143456571776,0.04967381243408036,0.07164984898060098,0.019526627218934944
22357,ALLOS S.A,2017,5325661.0,354856.0,252247.0,3615101.0,1710560.0,15.48804739331149,12.77946735236309,0.32119205484539853,0.04736444922048174,0.06977592050678529,0.4370748299319729
22357,ALLOS S.A,2018,5505253.0,374112.0,362844.0,3906733.0,1598520.0,15.521213285302672,12.832310496806546,0.29036267724662246,0.06590868757530308,0.09287657999663658,0.039532069382815616
22357,ALLOS S.A,2019,10906547.0,743186.0,56632.0,7516083.0,3390464.0,16.20487380908788,13.518701628844704,0.31086502446649705,0.005192477509151154,0.007534775760193175,0.9509727626459146
22357,ALLOS S.A,2020,10887575.0,797585.0,202473.0,7617082.0,3270493.0,16.203132788752924,13.589343691033665,0.3003876437131317,0.018596703122596172,0.02658143892897569,-0.34917447568049975
22357,ALLOS S.A,2021,11114713.0,937677.0,318405.0,7809986.0,3304727.0,16.223780284084405,13.751160819006225,0.29732904484353306,0.02864716344902473,0.04076895912489472,-0.28491251238032356
22357,ALLOS S.A,2022,12285205.0,1111321.0,222144.0,7877031.0,4408174.0,16.323906250814876,13.921059955782741,0.35881973479482027,0.018082237943933373,0.02820148860655747,-0.20290534208059974
22357,ALLOS S.A,2023,27659095.0,2712274.0,3493910.0,15104732.0,12554363.0,17.135465164938214,14.813297955387366,0.45389637658065096,0.12632047433222238,0.23131228015167696,0.6687617850408549
22357,ALLOS S.A,2024,27288790.0,2739848.0,811978.0,14134520.0,13154270.0,17.121986553115974,14.823413002372934,0.48203932823697937,0.029755001962344246,0.057446450250875164,-0.3209598800149982
22357,ALLOS S.A,2025,26006439.0,2859106.0,945293.0,13899006.0,12107433.0,17.073854719170757,14.866019546517819,0.4655552034632654,0.03634842125059875,0.06801155420754548,0.5106496272630459
22365,Enauta Participacoes SA,2010,1054740.0,142242.0,35595.0,622303.0,432437.0,13.868804849021991,11.865285111391287,0.40999393215389573,0.03374765345013937,0.05719882436690808,
22365,Enauta Participacoes SA,2011,2729723.0,289007.0,92137.0,2175763.0,553960.0,14.819710696811736,12.574206188254522,0.20293634189256565,0.03375324162927887,0.04234698356392677,-0.08839779005524873
22365,Enauta Participacoes SA,2012,2434042.0,462306.0,82468.0,2227797.0,206245.0,14.70506380792716,13.04398228847743,0.08473354198489591,0.03388109161633201,0.03701773545794343,-0.18761609907120735
22365,Enauta Participacoes SA,2013,3039321.0,486088.0,192242.0,2409057.0,630264.0,14.927144693171744,13.094144956450291,0.20737000139175824,0.06325162758392418,0.07979968925600349,-0.22009569377990434
22365,Enauta Participacoes SA,2014,3171062.0,503232.0,166056.0,2528828.0,642234.0,14.969577105521081,13.128806575351188,0.20252962572160368,0.05236605276087317,0.0656652014292787,-0.23076923076923073
22365,Enauta Participacoes SA,2015,3430263.0,496192.0,93613.0,2689165.0,741098.0,15.048147492587479,13.114718227578631,0.21604699114907516,0.02729032730143432,0.03481117744727453,-0.09612403100775191
22365,Enauta Participacoes SA,2016,3563420.0,476454.0,152898.0,2779647.0,783773.0,15.08623131583342,13.074126460165587,0.21994965510661107,0.04290765612810166,0.055006265184032364,-0.04991087344028522
22365,Enauta Participacoes SA,2017,3931342.0,501726.0,357375.0,3110110.0,821232.0,15.184491401382815,13.125809432928621,0.20889355339728774,0.09090407296032754,0.11490751130988935,0.9907407407407407
22365,Enauta Participacoes SA,2018,3943533.0,797204.0,425222.0,3199587.0,743946.0,15.187587579986007,13.588865884869653,0.18864961951630682,0.10782767635011549,0.1328990272807084,0.0108108108108107
22365,Enauta Participacoes SA,2019,4549170.0,1111670.0,215465.0,2895536.0,1653634.0,15.330455356704604,13.921373947160006,0.3635023531765135,0.04736358500561641,0.07441282028612319,0.4336917562724014
22365,Enauta Participacoes SA,2020,4347640.0,945446.0,123953.0,2755480.0,1592160.0,15.28514372710727,13.759412052810845,0.3662124738938827,0.02851041024555851,0.04498417698549799,-0.17708333333333337
22365,Enauta Participacoes SA,2021,6688919.0,1804939.0,1444565.0,4165912.0,2523007.0,15.715962834593828,14.406037354164203,0.3771920395507854,0.21596389491336343,0.34675840488229226,0.19586702605570516
22365,Enauta Participacoes SA,2022,8276064.0,2175363.0,383375.0,4109821.0,4166243.0,15.928878051022116,14.592706105130965,0.5034087459932645,0.04632334887695407,0.0932826514828748,-0.07343857240905971
22365,Enauta Participacoes SA,2023,8137085.0,1388562.0,-45393.0,3877452.0,4259633.0,15.911942565734595,14.1437792372348,0.5234839011759125,-0.005578533344557664,-0.011706914747107122,0.681171548117155
22470,MAGAZINE LUIZA S.A.,2010,3927780.0,4808024.0,68834.0,47436.0,3880344.0,15.183584938741339,15.385796746865255,0.9879229488413303,0.017524912291421616,1.451091997638924,
22470,MAGAZINE LUIZA S.A.,2011,4877354.0,6419371.0,11666.0,620945.0,4256409.0,15.400113417663887,15.67483069578839,0.8726881419720611,0.002391870674140118,0.018787493256246526,
22470,MAGAZINE LUIZA S.A.,2012,5664755.0,7665112.0,-6745.0,615992.0,5048763.0,15.5497742034949,15.852189682053446,0.8912588452633874,-0.0011906958023780376,-0.010949817530097793,0.19704433497536922
22470,MAGAZINE LUIZA S.A.,2013,4713904.0,8088439.0,113806.0,694611.0,4019293.0,15.36602699740025,15.90594631615208,0.8526463415462003,0.024142621487412558,0.16384134429198502,-0.377062706270627
22470,MAGAZINE LUIZA S.A.,2014,5290037.0,9779385.0,128556.0,754467.0,4535570.0,15.481335798138945,16.09578715659817,0.8573796364751324,0.024301531350347832,0.17039313846728882,0.04189189182661934
22470,MAGAZINE LUIZA S.A.,2015,5501981.0,8978259.0,-65605.0,575656.0,4926325.0,15.520618767170982,16.010316546203743,0.8953729574856765,-0.011923887050864043,-0.1139656322525953,-0.69694368126892
22470,MAGAZINE LUIZA S.A.,2016,6100606.0,9508745.0,86565.0,621586.0,5479020.0,15.62389866847152,16.06772245946204,0.8981107778473155,0.014189573953800655,0.1392647196043669,9.01603774561805
22470,MAGAZINE LUIZA S.A.,2017,7419513.0,11984250.0,389022.0,2073977.0,5345536.0,15.819623979566416,16.299103845669745,0.7204699284171346,0.052432282280521644,0.18757295765575027,4.997757008695998
22470,MAGAZINE LUIZA S.A.,2018,8796741.0,15590444.0,597429.0,2302872.0,6493869.0,15.989891869946213,16.56216872042316,0.7382130495827943,0.06791481072365323,0.2594277927735454,1.632213984246961
22470,MAGAZINE LUIZA S.A.,2019,19791073.0,19886310.0,921828.0,7564937.0,12226136.0,16.800741535411614,16.805542113257133,0.617760138624116,0.04657796977455442,0.12185534393743133,1.2437819726334176
22470,MAGAZINE LUIZA S.A.,2020,24647203.0,29177113.0,391709.0,7325287.0,17321916.0,17.02017398345509,17.18889515853575,0.7027943900977324,0.01589263495740267,0.05347353625871587,1.0843776108195007
22470,MAGAZINE LUIZA S.A.,2021,38384616.0,35278150.0,590661.0,11261231.0,27123385.0,17.46316731228632,17.37877435008624,0.706621241176413,0.015387961677146907,0.05245083774589119,-0.7107371794636393
22470,MAGAZINE LUIZA S.A.,2022,37765845.0,37299002.0,-498975.0,10648701.0,27117144.0,17.44691568069451,17.434477128223925,0.718033556511181,-0.013212335113910467,-0.04685782801113488,-0.5718750000067069
22470,MAGAZINE LUIZA S.A.,2023,37455067.0,36768149.0,-979104.0,9610534.0,27844533.0,17.438652559175765,17.42014251205931,0.7434116457460882,-0.026140762209823306,-0.10187820988927358,-0.08860759494235215
22470,MAGAZINE LUIZA S.A.,2024,37311858.0,38038068.0,448717.0,11319262.0,25992596.0,17.43482174293892,17.454098005708143,0.6966309745282585,0.012026123169744054,0.03964189538151869,-0.6999614215450289
22470,MAGAZINE LUIZA S.A.,2025,37911158.0,38703387.0,204603.0,11278030.0,26633128.0,17.45075603305607,17.47143767355026,0.7025142307707931,0.0053969071585732095,0.01814173219968381,0.2096649485315505
22691,Companhia de Locação das Américas (Locamerica),2010,724769.0,309185.0,11553.0,137294.0,587475.0,13.4936082623768,12.641695082228864,0.8105686087567211,0.015940251307658027,0.08414788701618425,
22691,Companhia de Locação das Américas (Locamerica),2011,929714.0,390682.0,22576.0,158916.0,770798.0,13.74263229095163,12.875649208827515,0.8290700150799063,0.024282736411412542,0.14206247325631152,
22691,Companhia de Locação das Américas (Locamerica),2012,1185423.0,444063.0,3722.0,301795.0,883628.0,13.9856102308809,13.00372172324055,0.7454115535129654,0.0031398074780057414,0.012332874964793983,
22691,Companhia de Locação das Américas (Locamerica),2013,1227178.0,540939.0,16226.0,304196.0,922982.0,14.020227782446172,13.201061797312425,0.7521174597328179,0.01322220574358406,0.053340609343975595,
22691,Companhia de Locação das Américas (Locamerica),2014,1364971.0,629222.0,24788.0,307946.0,1057025.0,14.126643740954265,13.352239414589961,0.7743937416985416,0.018160092778527894,0.08049463217577107,
22691,Companhia de Locação das Américas (Locamerica),2015,1549008.0,708216.0,18561.0,325596.0,1223412.0,14.253125284008005,13.470504410892731,0.7898035387809489,0.011982507514486691,0.057006228577746655,
22691,Companhia de Locação das Américas (Locamerica),2016,1329217.0,754714.0,28907.0,300893.0,1028324.0,14.100100605028699,13.534094148518287,0.7736313935196435,0.02174738962863099,0.09607069622756262,
22691,Companhia de Locação das Américas (Locamerica),2017,2394602.0,1094614.0,60598.0,483281.0,1911321.0,14.688727595477094,13.905912347670458,0.7981789875728826,0.02530608426786581,0.1253887489886836,
22691,Companhia de Locação das Américas (Locamerica),2018,8744518.0,2917195.0,189202.0,2565546.0,6178972.0,15.983937547705995,14.886133096118444,0.7066109304137747,0.021636641379204662,0.07374726471480145,
22691,Companhia de Locação das Américas (Locamerica),2019,11047994.0,4798607.0,338146.0,3904411.0,7143583.0,16.217759430986398,15.383836225426199,0.6465954814964598,0.030607004312276056,0.08660614878915156,
22691,Companhia de Locação das Américas (Locamerica),2020,14466226.0,5591827.0,385648.0,4186288.0,10279938.0,16.48732724910909,15.53681662536429,0.710616438592899,0.026658507892798024,0.09212170782325535,
22691,Companhia de Locação das Américas (Locamerica),2021,18502356.0,6513489.0,1003173.0,4925405.0,13576951.0,16.73340863329141,15.689385815318145,0.7337957933573432,0.0542186627475982,0.20367320047793025,
22691,Companhia de Locação das Américas (Locamerica),2022,20114794.0,8111381.0,303499.0,5967003.0,14147791.0,16.81696612219999,15.908778695195481,0.7033525175549896,0.015088347412357293,0.050862887114352044,
22691,Companhia de Locação das Américas (Locamerica),2023,20275263.0,7748094.0,721280.0,14894287.0,5380976.0,16.82491212952157,15.862957435598569,0.26539611348074743,0.035574384411191116,0.04842662156301943,
22691,Companhia de Locação das Américas (Locamerica),2024,19156054.0,8503476.0,834795.0,17041633.0,2114421.0,16.76812935940078,15.955985579043361,0.11037873457654693,0.04357865142789846,0.04898562244592405,
23035,Stone Corporate SPE SA,2011,356486.0,197426.0,21036.0,247155.0,109331.0,12.784050247378136,12.193119109567592,0.30669086584045374,0.05900932995966181,0.08511258117375736,
23035,Stone Corporate SPE SA,2012,375443.0,230989.0,17304.0,233443.0,142000.0,12.835861941060708,12.35012536932249,0.3782198629352525,0.04608955287487049,0.0741251611742481,
23035,Stone Corporate SPE SA,2013,769011.0,295449.0,62410.0,586370.0,182641.0,13.552860552676764,12.596251512100636,0.23750115407972058,0.08115618632243232,0.10643450381158655,0.4971874999999999
23035,Stone Corporate SPE SA,2014,882182.0,368813.0,67582.0,634178.0,248004.0,13.690153662908209,12.81804501950103,0.28112566341185835,0.07660777481290709,0.10656629526725934,0.029981643891494825
23035,Stone Corporate SPE SA,2015,996087.0,449183.0,63818.0,665239.0,330848.0,13.811589882149589,13.015185656072402,0.33214769392633375,0.06406870082633344,0.09593243931880122,-0.14478764478764483
23035,Stone Corporate SPE SA,2016,1483372.0,495799.0,68501.0,1153278.0,330094.0,14.209828432550294,13.113925881638878,0.22252948013040558,0.0461792456646074,0.05939678030795697,0.10158730158730167
23035,Stone Corporate SPE SA,2017,1564024.0,571590.0,84845.0,1170520.0,393504.0,14.262772545238198,13.25617723013324,0.25159716219188455,0.054247888779200316,0.07248487851553156,0.32631578947368434
23035,Stone Corporate SPE SA,2018,1647676.0,685559.0,71055.0,1057209.0,590467.0,14.314876368181112,13.437989842843912,0.3583635374915942,0.043124376394388216,0.06720998402397256,0.5233644859813085
23035,Stone Corporate SPE SA,2019,2563943.0,788159.0,38876.0,1789844.0,774099.0,14.757056865886351,13.577455125135591,0.30191739831969744,0.01516258356757541,0.021720328699037457,0.16513157894736863
23035,Stone Corporate SPE SA,2020,2678333.0,876377.0,-80074.0,1620064.0,1058269.0,14.800705144030125,13.683551642634749,0.39512226448316917,-0.029896954560915314,-0.04942644241215162,0.18996188055908525
23140,Smiles S.A.,2012,91877900.0,0.0,0.0,100.0,91877800.0,18.335971079624972,0.0,0.9999989115989808,0.0,0.0,
23140,Smiles S.A.,2013,1944150.0,573346.0,207844.0,1329056.0,615094.0,14.48033542151963,13.259244652900735,0.3163819664120567,0.10690738883316617,0.15638468206004863,
23140,Smiles S.A.,2014,1567203.0,808058.0,283940.0,406037.0,1161166.0,14.264803059852596,13.602389117105233,0.7409161416868141,0.18117627390963392,0.6992958769767287,
23140,Smiles S.A.,2015,1665268.0,1219521.0,369922.0,487940.0,1177328.0,14.325496629404817,14.013968716662049,0.7069901060970366,0.2221396195687421,0.7581300979628642,
23140,Smiles S.A.,2016,1926878.0,1548109.0,548273.0,635347.0,1291531.0,14.471411634546413,14.252544744089592,0.6702712885818407,0.2845395505060518,0.8629504821774557,
23221,Ser Educacional SA,2010,211031.0,141296.0,35719.0,115830.0,95201.0,12.25976032109788,11.858612259708583,0.451123294681824,0.16925949268117008,0.308374341707675,
23221,Ser Educacional SA,2011,286912.0,183517.0,31552.0,140936.0,145976.0,12.566930827515112,12.12006258523743,0.5087831809056436,0.10997100156145438,0.22387466651529772,
23221,Ser Educacional SA,2012,379291.0,283285.0,64256.0,193198.0,186093.0,12.846058999475627,12.554208737011267,0.49063384050768405,0.1694108217700921,0.3325914346939409,
23221,Ser Educacional SA,2013,803365.0,456761.0,116297.0,451366.0,351999.0,13.596564435108952,13.031915557146755,0.4381557573456648,0.14476234339310276,0.2576556497387929,
23221,Ser Educacional SA,2014,1249163.0,705067.0,213864.0,626652.0,622511.0,14.037984284996279,13.466048112739815,0.498342490131392,0.17120583943008238,0.34128032783746004,0.3395201448619285
23221,Ser Educacional SA,2015,1848588.0,1020261.0,161065.0,757233.0,1091355.0,14.429932662392849,13.83556903488109,0.5903722192289467,0.08712866252512728,0.2127020349086741,-0.709214501510574
23221,Ser Educacional SA,2016,2018564.0,1125380.0,230448.0,950400.0,1068164.0,14.517896925485392,13.933631314364364,0.5291702418154688,0.11416432671939061,0.24247474747474748,1.387468030690537
23221,Ser Educacional SA,2017,2507874.0,1231785.0,197475.0,1508390.0,999484.0,14.734945940238466,14.023974894859426,0.39853836357009964,0.07874199421502037,0.1309177334774163,0.8297505609208495
23221,Ser Educacional SA,2018,2429560.0,1262486.0,201279.0,1470543.0,959017.0,14.703220728962739,14.048593350961257,0.39472867515105614,0.0828458650949143,0.13687393024209424,-0.4737732656514382
23221,Ser Educacional SA,2019,2559156.0,1275986.0,136372.0,1308488.0,1250668.0,14.755188074596873,14.059229771039847,0.48870330687148417,0.053287880848217145,0.10422105514150684,0.738721804511278
23221,Ser Educacional SA,2020,3091485.0,1250463.0,165034.0,1426487.0,1664998.0,14.944162115955404,14.039024440697338,0.5385754742461956,0.05338340635649211,0.1156926070829948,-0.4229774658293314
23221,Ser Educacional SA,2021,3092589.0,1407358.0,52483.0,1463077.0,1629512.0,14.944519162139434,14.15722474580697,0.5269086839538005,0.016970570612519154,0.035871659523046294,-0.3532675709001233
23221,Ser Educacional SA,2022,3392077.0,1676343.0,-222148.0,1237531.0,2154546.0,15.036952976107978,14.332125193023353,0.6351701332251597,-0.06549025862325648,-0.17950903856145825,-0.5826330532212886
23221,Ser Educacional SA,2023,3488933.0,1830934.0,-28044.0,1209487.0,2279446.0,15.065106516774438,14.420336777130409,0.6533361345718017,-0.008037987545189317,-0.023186689894145202,0.8279069767441862
23221,Ser Educacional SA,2024,3456087.0,1981354.0,-1162.0,1208464.0,2247623.0,15.055647582200343,14.49929100734363,0.6503375059713485,-0.0003362183880209034,-0.0009615511922572786,-0.4693396226415094
23221,Ser Educacional SA,2025,3299058.0,2216531.0,214436.0,1342852.0,1956206.0,15.00914753114135,14.611453919083427,0.5929589598000399,0.06499916036638337,0.15968699454593657,0.940711462450593
23248,Anima Holding SA,2012,261641.0,323689.0,23503.0,18357.0,243284.0,12.474728614113404,12.687538457254757,0.9298389778360425,0.08982919343680845,1.2803290297978973,
23248,Anima Holding SA,2013,867023.0,461292.0,34020.0,477016.0,390007.0,13.672820783669174,13.041786527102014,0.4498231304129187,0.03923771341706045,0.0713183624867929,
23248,Anima Holding SA,2014,944084.0,693506.0,159094.0,596302.0,347782.0,13.757970424219728,13.449515170465999,0.3683803559852725,0.16851678452341104,0.26680105047442404,0.7011549566891242
23248,Anima Holding SA,2015,1175777.0,856620.0,64203.0,642118.0,533659.0,13.977439763609114,13.66074969201132,0.4538777336178544,0.054604742225779206,0.09998629535381347,-0.574074074074074
23248,Anima Holding SA,2016,1387852.0,960434.0,20845.0,635692.0,752160.0,14.143267786121617,13.77514054461847,0.5419598055124033,0.01501961304231287,0.03279103716894345,0.33365949119373783
23248,Anima Holding SA,2017,1338152.0,1045674.0,85152.0,696441.0,641711.0,14.106800115609676,13.860172211549926,0.47955015573716586,0.06363402662776725,0.12226735645948472,1.1586575133485888
23248,Anima Holding SA,2018,1446470.0,1102457.0,2251.0,665249.0,781221.0,14.1846366634667,13.913051883274957,0.5400879382220164,0.0015562023408712245,0.00338369542832834,-0.35483870967741926
23248,Anima Holding SA,2019,2400023.0,1181499.0,-9593.0,690435.0,1709588.0,14.690988878605587,13.982294529227023,0.7123215069188921,-0.003997045028318479,-0.01389413920209723,0.804360993337371
23248,Anima Holding SA,2020,4582439.0,1421989.0,-40651.0,2526476.0,2055963.0,15.337741947096214,14.167567153731719,0.44866129150873585,-0.008871040072764744,-0.01609000045913755,0.27298444130127275
23248,Anima Holding SA,2021,9882678.0,2650805.0,-81328.0,2412361.0,7470317.0,16.1062940856275,14.790373925417457,0.755900070810766,-0.008229348360839035,-0.033713030512431595,-0.3377135348226017
23248,Anima Holding SA,2022,10731997.0,3563231.0,11454.0,3201468.0,7530529.0,16.18874021098978,15.086178275492298,0.7016894432601872,0.0010672757362865457,0.0035777337146584006,-0.5547866205305652
23248,Anima Holding SA,2023,9655477.0,3732940.0,-213172.0,2857343.0,6798134.0,16.083035877078043,15.132706684903903,0.704070239098493,-0.022077832094675384,-0.07460497392157679,0.2054054054054053
23248,Anima Holding SA,2024,9688873.0,3801379.0,204444.0,2780234.0,6908639.0,16.086488671633386,15.150874453603087,0.7130487725455789,0.02110090616318327,0.07353481757290933,-0.6376146788990826
23248,Anima Holding SA,2025,10173712.0,4023697.0,256665.0,2833656.0,7340056.0,16.13531769651382,15.207711689715923,0.7214727525214003,0.02522825493782407,0.09057733189914371,0.8287292817679557
23264,AMBEV S.A.,2012,1346301.0,0.0,46471.0,977207.0,369094.0,14.11287138974355,0.0,0.2741541453211429,0.03451754102537248,0.04755491927503589,0.28643387575710966
23264,AMBEV S.A.,2013,68674019.0,34791391.0,11354070.0,43997398.0,24676621.0,18.044881505169396,17.3648805290825,0.35932979253769903,0.16533283132883195,0.2580623063209329,-0.02145914114508396
23264,AMBEV S.A.,2014,72143203.0,38079786.0,12362019.0,43644669.0,28498534.0,18.094163632232235,17.45519414812375,0.3950272903741188,0.17135389733111794,0.2832423588777818,-0.00959898901124756
23264,AMBEV S.A.,2015,90176234.0,46720141.0,12879141.0,50333633.0,39842601.0,18.3172764691626,17.659685914459143,0.4418303940259914,0.1428218991713493,0.2558754501190089,0.15533980582524287
23264,AMBEV S.A.,2016,83841418.0,45602561.0,13083397.0,46651273.0,37190145.0,18.24443769156192,17.635474435188275,0.44357724245551283,0.15604932874584732,0.2804510179175604,-0.09641873278236912
23264,AMBEV S.A.,2017,86851989.0,47899276.0,7850504.0,47982855.0,38869134.0,18.279715951943555,17.684610947444366,0.4475330323177745,0.09038945555984906,0.1636106063301152,0.275779376498801
23264,AMBEV S.A.,2018,94126138.0,50231336.0,11377427.0,57547424.0,36578714.0,18.36014633431669,17.732149613023324,0.38861377697234323,0.12087425705280716,0.19770523525084285,-0.2644667623146819
23264,AMBEV S.A.,2019,101742944.0,52599709.0,12188332.0,62556005.0,39186939.0,18.437960033445055,17.778221145373244,0.3851563308409869,0.11979535406406168,0.19483872091895893,0.15962732919254652
23264,AMBEV S.A.,2020,125196579.0,58378995.0,11731909.0,75151124.0,50045455.0,18.645395691975807,17.88246670844248,0.3997350039412818,0.0937079039515928,0.1561108919674974,-0.1723955579058699
23264,AMBEV S.A.,2021,138602483.0,72854344.0,13122582.0,84017617.0,54584866.0,18.747120559422523,18.103972718203156,0.3938231467325156,0.09467782766922003,0.1561884574755316,-0.025284450063211117
23264,AMBEV S.A.,2022,137958083.0,79708827.0,14891291.0,83327827.0,54630256.0,18.742460450604394,18.193890890450888,0.39599170133438283,0.10794069239132585,0.1787073002635722,-0.09813664596273297
23264,AMBEV S.A.,2023,132644133.0,79736856.0,14960459.0,80143802.0,52500331.0,18.703180408395365,18.194242470998713,0.39579836523941847,0.11278643586897281,0.1866701931610382,-0.07542087542087539
23264,AMBEV S.A.,2024,162507949.0,89452669.0,14846952.0,99580514.0,62927435.0,18.90623747546075,18.309220205372128,0.3872268119019827,0.09136138934348374,0.14909495245224383,-0.193127147766323
23264,AMBEV S.A.,2025,145087151.0,88242467.0,15988433.0,88774781.0,56312370.0,18.792845161211133,18.295598890360957,0.38812789149054283,0.11019882112096888,0.1801010694692674,0.07943925233644866
23272,LOG Commercial Properties e Participações,2012,1087205.0,27656.0,8588.0,435822.0,651383.0,13.899120740778326,10.22759798160146,0.5991353976480976,0.007899154253337686,0.01970529252768332,
23272,LOG Commercial Properties e Participações,2013,1626287.0,89255.0,30922.0,739985.0,886302.0,14.301810060279474,11.399252720481652,0.5449849872746938,0.019013864096558603,0.041787333527030956,
23272,LOG Commercial Properties e Participações,2014,2626148.0,67968.0,272247.0,1454215.0,1171933.0,14.781028691738845,11.126792285161557,0.4462555042594705,0.10366780547021721,0.1872123448045853,
23272,LOG Commercial Properties e Participações,2015,2575518.0,92911.0,17191.0,1495873.0,1079645.0,14.761561236897542,11.439397324681515,0.4191952842107879,0.006674773773664172,0.01149228577559726,
23272,LOG Commercial Properties e Participações,2016,2882098.0,96774.0,35656.0,1774284.0,1107814.0,14.87402905912725,11.480133642145237,0.38437763046225354,0.012371543229966503,0.020095993651523657,
23272,LOG Commercial Properties e Participações,2017,3073803.0,99494.0,37413.0,2019952.0,1053851.0,14.938426115145504,11.507852619820937,0.3428492326931817,0.012171567273504515,0.018521727248964334,
23272,LOG Commercial Properties e Participações,2018,3222897.0,104827.0,47087.0,2159623.0,1063274.0,14.985791202483625,11.560066651275031,0.3299124979793025,0.014610147330181511,0.02180334252783935,
23272,LOG Commercial Properties e Participações,2019,3988727.0,128034.0,93335.0,2954223.0,1034504.0,15.198982690340479,11.76005113262968,0.25935693267551274,0.023399696193798173,0.03159375578620842,0.854857142857143
23272,LOG Commercial Properties e Participações,2020,4212183.0,141537.0,142572.0,3079961.0,1132222.0,15.253491598585644,11.860316445983361,0.2687969634747588,0.03384753226533605,0.04629019653170933,0.08603174603174613
23272,LOG Commercial Properties e Participações,2021,5159903.0,149367.0,383236.0,3340742.0,1819161.0,15.45642833883144,11.914161643748356,0.3525572089242763,0.07427193883295868,0.11471583259048439,-0.2495548961424333
23272,LOG Commercial Properties e Participações,2022,6150606.0,217230.0,400700.0,3663838.0,2486768.0,15.632061171513657,12.288711979050976,0.4043126807342236,0.06514805207812044,0.10936618922561532,-0.3349834983498349
23272,LOG Commercial Properties e Participações,2023,6254445.0,220156.0,194960.0,3732221.0,2522224.0,15.64880296892971,12.302091664957414,0.4032690350622637,0.031171430878359312,0.052236992396752495,0.5713301171605789
23272,LOG Commercial Properties e Participações,2024,6774201.0,219742.0,344378.0,3605375.0,3168826.0,15.728631984195992,12.300209409879058,0.4677785616340584,0.05083669646058627,0.09551794196165447,-0.2152505446623093
23272,LOG Commercial Properties e Participações,2025,6689685.0,248759.0,363486.0,3632716.0,3056969.0,15.716077345794075,12.424239835270848,0.45696755527352934,0.05433529381428274,0.10005901920216169,0.3052858683926645
23310,CVC Brasil Operadora e Agência de Viagens S.A.,2012,1720046.0,623361.0,20112.0,210632.0,1509414.0,14.357861592618063,13.34288108420441,0.8775428099015956,0.011692710543787782,0.09548406699836683,
23310,CVC Brasil Operadora e Agência de Viagens S.A.,2013,2069379.0,641189.0,111682.0,316281.0,1753098.0,14.54275912023255,13.37107954423663,0.8471613947952502,0.053968847659128655,0.35311005087248365,
23310,CVC Brasil Operadora e Agência de Viagens S.A.,2014,2296230.0,714535.0,145739.0,458826.0,1837404.0,14.64677920562052,13.479387260456727,0.800182908506552,0.06346881627711509,0.3176345717112805,0.016393442966567306
23310,CVC Brasil Operadora e Agência de Viagens S.A.,2015,2847910.0,881879.0,175234.0,661347.0,2186563.0,14.862095949891081,13.689810137369149,0.767778125010973,0.0615307365752429,0.2649652905358307,-0.06896551703105513
23310,CVC Brasil Operadora e Agência de Viagens S.A.,2016,3328429.0,1063929.0,197209.0,717223.0,2611206.0,15.01801097886554,13.877479217333919,0.7845160584768369,0.059249874340116616,0.27496190166796103,0.7686567169781802
23310,CVC Brasil Operadora e Agência de Viagens S.A.,2017,4778368.0,1185145.0,237432.0,794685.0,3983683.0,15.379609623575533,13.985375687934841,0.8336911263427178,0.04968893145107284,0.2987749863153325,1.072649572605155
23310,CVC Brasil Operadora e Agência de Viagens S.A.,2018,6169199.0,1692569.0,264542.0,1115102.0,5054097.0,15.635079565736012,14.341758051032105,0.8192468746753022,0.04288109363954705,0.23723569682414702,0.3154160396193899
23310,CVC Brasil Operadora e Agência de Viagens S.A.,2019,6898229.0,1709456.0,-1865.0,799196.0,6099033.0,15.746775269956295,14.351685749210217,0.8841447565744773,-0.00027035924727926544,-0.002333595263239556,-0.26817042613043796
23310,CVC Brasil Operadora e Agência de Viagens S.A.,2020,5096592.0,624839.0,-1226736.0,57658.0,5038934.0,15.444082639031718,13.345249295533959,0.9886869500246439,-0.24069731302799988,-21.27607617329772,-0.4872899630884343
23310,CVC Brasil Operadora e Agência de Viagens S.A.,2021,4957189.0,825866.0,-486642.0,375292.0,4581897.0,15.4163494041758,13.624187811739889,0.9242933848195015,-0.09816894211618722,-1.296702301141511,-0.3614125549715892
23310,CVC Brasil Operadora e Agência de Viagens S.A.,2022,3917566.0,1221595.0,-433441.0,316480.0,3601086.0,15.180981100549655,14.015667939885388,0.9192151453223761,-0.11064038231902155,-1.3695683771486349,-0.7065359477124182
23310,CVC Brasil Operadora e Agência de Viagens S.A.,2023,4030884.0,1432690.0,-456880.0,607959.0,3422925.0,15.20949626470682,14.175064354028809,0.8491747715885647,-0.11334486430271871,-0.7514980450984359,-0.04371584699453557
23310,CVC Brasil Operadora e Agência de Viagens S.A.,2024,3840648.0,1420763.0,-103341.0,531632.0,3309016.0,15.16115166032723,14.166704609214285,0.8615775254592454,-0.02690717816368488,-0.19438446143196797,-0.6387434554973822
23310,CVC Brasil Operadora e Agência de Viagens S.A.,2025,3738885.0,1488493.0,-40935.0,478791.0,3260094.0,15.13429799659938,14.213274756706051,0.8719428385735319,-0.010948451209384615,-0.08549659454751656,0.14893617021276606
23450,Rumo Logistica Operadora Multimodal SA,2013,2554079.0,749348.0,160474.0,1395894.0,1158185.0,14.753202246967815,13.526958774089797,0.45346483017948935,0.06283047626952808,0.11496145122767201,
23450,Rumo Logistica Operadora Multimodal SA,2014,2583844.0,915441.0,114679.0,1331608.0,1252236.0,14.764788770545168,13.727161195361882,0.48464071360345284,0.044383097431578686,0.08612069017308398,
23450,Rumo Logistica Operadora Multimodal SA,2015,21562650.0,4037923.0,-165338.0,3844201.0,17718449.0,16.886473209253396,15.211241008827145,0.8217194547052427,-0.007667795934173212,-0.043009717754092465,
23485,Cosan Logistica SA,2013,2554080.0,749348.0,160474.0,1419096.0,1134984.0,14.753202638498307,13.526958774089797,0.444380755497087,0.06283045166948568,0.11308184928997052,
23485,Cosan Logistica SA,2014,2584860.0,915441.0,133096.0,1328250.0,1256610.0,14.765181905850687,13.727161195361882,0.48614238295304196,0.051490602972694845,0.10020402785620176,
23485,Cosan Logistica SA,2015,21745662.0,4037923.0,-157885.0,4016357.0,17729305.0,16.894924847330653,15.211241008827145,0.8153030705618436,-0.007260528559673189,-0.03931049953975705,-0.6267605634371591
23485,Cosan Logistica SA,2016,23038008.0,5014555.0,-733329.0,5682276.0,17355732.0,16.952655931720894,15.427855241642492,0.7533521127347469,-0.03183126770335352,-0.1290555052236111,0.20808720494270094
23485,Cosan Logistica SA,2017,26237350.0,5946349.0,-264012.0,8023590.0,18213760.0,17.082694526086584,15.598287975738655,0.6941920582680796,-0.010062449142158031,-0.032904472935431646,0.961927309660416
23485,Cosan Logistica SA,2018,27142181.0,6584936.0,272349.0,8300883.0,18841298.0,17.116599570232857,15.700295174053823,0.6941703763599543,0.010034160482534547,0.032809642058561725,0.5352941176470589
23485,Cosan Logistica SA,2019,32838040.0,7087840.0,778248.0,8615570.0,24222470.0,17.307098157454348,15.77389119764884,0.7376344629582033,0.023699587429700433,0.09033041342592539,0.8310970797158641
23574,International Meal Co Alimentacao SA,2011,245348.0,207261.0,11297.0,106318.0,139030.0,12.41043288986469,12.241734147584236,0.5666644928835776,0.04604480166946541,0.10625670159333321,-0.03706449221645658
23574,International Meal Co Alimentacao SA,2012,253936.0,253501.0,27544.0,134762.0,119174.0,12.44483754574734,12.44312304677877,0.4693072270178313,0.10846827547098481,0.20438996156186462,0.9521604938271604
23574,International Meal Co Alimentacao SA,2013,392543.0,294470.0,26246.0,157688.0,234855.0,12.880401364344111,12.592932409312768,0.5982911426264129,0.06686146485862696,0.16644259550504795,-0.28515471993732866
23574,International Meal Co Alimentacao SA,2014,1885673.0,469540.0,-8217.0,911072.0,974601.0,14.449795344322217,13.0595087710195,0.5168451794133978,-0.004357595404929699,-0.009019045695620105,-0.34065934065934067
23574,International Meal Co Alimentacao SA,2015,2226023.0,1615058.0,-98901.0,1204128.0,1021895.0,14.61572714319911,14.29488142730672,0.4590675837581193,-0.04442946007296421,-0.08213495575221239,-0.6559322033898305
23574,International Meal Co Alimentacao SA,2016,1503408.0,1540638.0,-76430.0,1040796.0,462612.0,14.223245088983132,14.247707174311465,0.30770888541234315,-0.05083782978406394,-0.07343417922436289,0.24249999999999994
23574,International Meal Co Alimentacao SA,2017,1512424.0,1494511.0,3666.0,1003965.0,508459.0,14.22922421969078,14.21730962100022,0.33618813242847245,0.00242392345003782,0.003651521716394496,0.7345309381237524
23574,International Meal Co Alimentacao SA,2018,1638482.0,1582081.0,7894.0,1015218.0,623264.0,14.30928076140305,14.274251627010388,0.3803911181203089,0.0048178741054219695,0.007775669856129422,-0.10592686002522067
23574,International Meal Co Alimentacao SA,2019,2685650.0,1603262.0,-15842.0,1145106.0,1540544.0,14.803433342288177,14.287550861779605,0.5736205387894923,-0.005898758214957273,-0.013834527109280712,0.24814264487369986
23574,International Meal Co Alimentacao SA,2020,2752978.0,1153670.0,-473578.0,1181400.0,1571578.0,14.828193792810577,13.958458723283538,0.5708647145018958,-0.172023895577807,-0.4008616895209074,-0.4988095238095238
23574,International Meal Co Alimentacao SA,2021,2951198.0,1852245.0,-80449.0,1126686.0,1824512.0,14.897721747573943,14.431908974855634,0.6182275807993907,-0.02725977721589673,-0.0714032126075943,-0.5070993914807302
23574,International Meal Co Alimentacao SA,2022,2954544.0,2240696.0,72669.0,1130789.0,1823755.0,14.898854882193781,14.62229708985525,0.6172712269642964,0.02459567364710087,0.06426397851411714,0.06463878326996197
23574,International Meal Co Alimentacao SA,2023,2740000.0,2226345.0,-81997.0,1022851.0,1717149.0,14.823468478364253,14.615871785331368,0.6266967153284672,-0.029925912408759123,-0.0801651462431967,-0.2693726937269373
23574,International Meal Co Alimentacao SA,2024,2796869.0,2224984.0,-76278.0,1041298.0,1755571.0,14.844011135191659,14.615260282545385,0.6276915365002794,-0.027272639512254598,-0.07325280563296963,-0.5101010101010102
23574,International Meal Co Alimentacao SA,2025,2305789.0,1729658.0,-148968.0,859642.0,1446147.0,14.65093347519107,14.36343425906987,0.6271809779645926,-0.06460608494532674,-0.17329074196002522,0.27
23825,Movida Participacoes SA,2014,1373003.0,60263.0,4766.0,627884.0,745119.0,14.13251086974408,11.006473595713269,0.5426929147277901,0.0034712232966716025,0.007590574055080237,
23825,Movida Participacoes SA,2015,2618609.0,1213502.0,67050.0,794489.0,1824120.0,14.778153818720925,14.009020952272692,0.6965988431262552,0.025605197263127103,0.08439386825997591,
23825,Movida Participacoes SA,2016,2789713.0,1893180.0,39697.0,721765.0,2067948.0,14.841449281122824,14.453768512834195,0.7412762531486213,0.014229779192339857,0.054999896088061904,
23825,Movida Participacoes SA,2017,4006470.0,2467983.0,66466.0,1284840.0,2721630.0,15.203421112339957,14.718911775815135,0.679308718148395,0.016589666214897405,0.05173095482706018,-0.03424657534246578
23825,Movida Participacoes SA,2018,5192301.0,2538599.0,159754.0,1658842.0,3533459.0,15.462687509491502,14.747122912018229,0.6805189067428872,0.030767476692895885,0.09630453050983759,0.25
23825,Movida Participacoes SA,2019,7242817.0,3836044.0,227815.0,2300999.0,4941818.0,15.795520777084427,15.159952185201226,0.6823060695859083,0.03145392186493184,0.09900699652629141,1.4607464607464613
23825,Movida Participacoes SA,2020,8502627.0,4085259.0,109027.0,2358680.0,6143947.0,15.955885732535235,15.222895686959154,0.7225939700753661,0.012822742900517686,0.04622373530957993,0.16272522522522515
23825,Movida Participacoes SA,2021,21715853.0,5332623.0,819439.0,3284472.0,18431381.0,16.893553104782136,15.489353795165703,0.8487523377506746,0.037734598774452933,0.24948880672449028,-0.24061597690086634
23825,Movida Participacoes SA,2022,26248880.0,9600029.0,556406.0,2768683.0,23480197.0,17.08313387942499,16.077276677266834,0.8945218615041861,0.02119732346675363,0.20096414071238924,-0.5727069351230425
23825,Movida Participacoes SA,2023,25119493.0,10342015.0,-650851.0,2522137.0,22597356.0,17.039154716239572,16.151725282333693,0.8995944305086094,-0.025910196515510884,-0.2580553712982284,0.8236196319018407
23825,Movida Participacoes SA,2024,30573857.0,13481270.0,231493.0,2492492.0,28081365.0,17.235655855355493,16.41681187266046,0.9184763636462354,0.0075715994877584465,0.09287612558034289,-0.7133603238866397
23825,Movida Participacoes SA,2025,34925260.0,14672054.0,318364.0,2967804.0,31957456.0,17.36872090760357,16.501455153951436,0.9150241401209326,0.009115579955596607,0.10727258269077068,1.4339152119700747
24112,Azul S.A.,2016,8400409.0,6669891.0,-126314.0,1001987.0,7398422.0,15.94379095310439,15.713114075929193,0.8807216410534296,-0.015036648810790046,-0.12606351180204933,
24112,Azul S.A.,2017,10316616.0,7789497.0,529039.0,2833610.0,7483006.0,16.1492663572677,15.868286845800712,0.7253353231330893,0.05128028415519197,0.18670141621465197,
24112,Azul S.A.,2018,11793206.0,9153357.0,420277.0,3163700.0,8629506.0,16.28303416090903,16.029631255211672,0.7317353737397617,0.0356372134939388,0.1328435060214306,
24112,Azul S.A.,2019,19197490.0,11442317.0,-2403086.0,-3519174.0,22716664.0,16.770290099285543,16.252829058373525,1.1833142770226732,-0.12517709346378095,0.6828551245263803,
24112,Azul S.A.,2020,15794457.0,5744126.0,-10834709.0,-14148750.0,29943207.0,16.575169613659675,15.563688325402756,1.895804775054945,-0.6859817339716079,0.7657714639102394,
24112,Azul S.A.,2021,18533473.0,9975729.0,-4213208.0,-18333003.0,36866476.0,16.735089006495528,16.115665600776556,1.9891833548952211,-0.22732965375674596,0.22981548631176246,
24112,Azul S.A.,2022,18721293.0,15948067.0,-722367.0,-19007500.0,37728793.0,16.745172097141282,16.584848188628307,2.015287779535313,-0.038585315661690676,0.03800431408654478,
24112,Azul S.A.,2023,20532909.0,18554425.0,-2380456.0,-21327848.0,41860757.0,16.837539474037687,16.736218863044904,2.0387153617638885,-0.1159336945388498,0.11161257338293108,
24112,Azul S.A.,2024,26274943.0,19526208.0,-9151371.0,-30435270.0,56710213.0,17.084126305362425,16.7872681211744,2.158338193159924,-0.3482927060964509,0.3006830890608166,
24112,Azul S.A.,2025,23637914.0,21640393.0,124858.0,-29038062.0,52675976.0,16.97836250633804,16.89007217259096,2.228452815252649,0.005282107380541278,-0.004299804856122974,
24171,Atacadão S.A.,2016,28328000.0,47534000.0,1363000.0,8449000.0,19879000.0,17.159361272773875,17.67695580242345,0.7017438576673256,0.04811493928268851,0.1613208663747189,
24171,Atacadão S.A.,2017,33878000.0,50280000.0,1713000.0,13140000.0,20738000.0,17.338276394128464,17.73311794168632,0.6121376704646083,0.05056378770883759,0.13036529680365297,
24171,Atacadão S.A.,2018,36677000.0,54267000.0,1863000.0,14047000.0,22630000.0,17.417660413567113,17.80942686535188,0.617007934127655,0.05079477601766775,0.1326261835267317,
24171,Atacadão S.A.,2019,44912000.0,60064000.0,1328000.0,14705000.0,30207000.0,17.6202155775838,17.910921218368372,0.6725819380121125,0.029568934805842537,0.0903094185651139,
24171,Atacadão S.A.,2020,51824000.0,71191000.0,2844000.0,17045000.0,34779000.0,17.763363920393246,18.0808769638981,0.6710983328187712,0.054878048780487805,0.16685244939865063,
24171,Atacadão S.A.,2021,58924000.0,77751000.0,3366000.0,18396000.0,40528000.0,17.891759035916966,18.16902197067724,0.6878012354897834,0.057124431471047454,0.18297455968688844,
24171,Atacadão S.A.,2022,92295000.0,102890000.0,1998000.0,21772000.0,70523000.0,18.340500526824837,18.449171014351993,0.764104230998429,0.021647976596782057,0.09176924490170861,
24171,Atacadão S.A.,2023,92766000.0,109859000.0,-639000.0,20827000.0,71939000.0,18.345590751312788,18.514708283343236,0.7754888644546494,-0.006888299592523123,-0.030681327123445526,
24171,Atacadão S.A.,2024,100188000.0,115636000.0,1940000.0,22614000.0,77574000.0,18.422558978964137,18.565957884406938,0.7742843454305904,0.019363596438695254,0.08578756522508181,
24252,Smiles Fidelidade S.A.,2016,21916.0,0.0,-18892.0,-11723.0,33639.0,9.994972242658307,0.0,1.5349060047453915,-0.8620186165358642,1.6115328840740424,
24252,Smiles Fidelidade S.A.,2017,2170911.0,919108.0,458045.0,871719.0,1299192.0,14.590657453086903,13.73115891347544,0.5984547501026067,0.2109920673855354,0.5254502884530451,
24252,Smiles Fidelidade S.A.,2018,2635128.0,987444.0,645842.0,1014230.0,1620898.0,14.784442315627878,13.802875065288646,0.6151116757895632,0.24508942260110325,0.6367806118927659,
24252,Smiles Fidelidade S.A.,2019,2884583.0,1051124.0,626725.0,1205335.0,1679248.0,14.874890906749416,13.86537062577311,0.5821458422239887,0.2172671058520417,0.5199591814723707,
24252,Smiles Fidelidade S.A.,2020,3362084.0,572916.0,195957.0,1350328.0,2011756.0,15.028071577766475,13.258494388091869,0.5983657755130449,0.05828438551802989,0.145118075015848,
24260,SMARTFIT ESCOLA DE GINÁSTICA E DANÇA S.A.,2016,1154237.0,641196.0,-21577.0,443301.0,710936.0,13.958950077581097,13.371090461394894,0.6159358953143939,-0.018693734475675274,-0.048673474681988085,
24260,SMARTFIT ESCOLA DE GINÁSTICA E DANÇA S.A.,2017,1945327.0,745563.0,-11589.0,411941.0,1533386.0,14.480940644296846,13.521894916658665,0.7882407430730155,-0.005957353185351357,-0.028132669484222255,
24260,SMARTFIT ESCOLA DE GINÁSTICA E DANÇA S.A.,2018,3848902.0,1160033.0,356956.0,1206526.0,2642376.0,15.163298470783,13.963959010953765,0.6865272225689301,0.092742293776251,0.29585437860435665,
24260,SMARTFIT ESCOLA DE GINÁSTICA E DANÇA S.A.,2019,7414017.0,1983947.0,-339272.0,2267451.0,5146566.0,15.818882955649451,14.50059885276046,0.6941670082493742,-0.04576088778863065,-0.14962704816994943,
24260,SMARTFIT ESCOLA DE GINÁSTICA E DANÇA S.A.,2020,8492495.0,1256244.0,-604428.0,2468801.0,6023694.0,15.95469339026192,14.043636874658715,0.7092961491293195,-0.07117201717516466,-0.244826537254319,
24260,SMARTFIT ESCOLA DE GINÁSTICA E DANÇA S.A.,2021,11654472.0,1706851.0,-633017.0,4429292.0,7225180.0,16.271200526980504,14.350160710327657,0.6199491491334829,-0.054315373532151434,-0.1429160687532003,
24260,SMARTFIT ESCOLA DE GINÁSTICA E DANÇA S.A.,2022,12049550.0,2930438.0,-86051.0,4208115.0,7841435.0,16.304537872805277,14.890662457875631,0.6507657962330543,-0.007141428518077439,-0.020448823285485307,-0.23002832817086538
24260,SMARTFIT ESCOLA DE GINÁSTICA E DANÇA S.A.,2023,14230177.0,4244743.0,1044176.0,5095634.0,9134543.0,16.470875408498866,15.261191834080956,0.6419135194172216,0.07337758342710705,0.2049158161673307,1.1423868309121885
24260,SMARTFIT ESCOLA DE GINÁSTICA E DANÇA S.A.,2024,18350302.0,5580304.0,440576.0,5471778.0,12878524.0,16.725156590095093,15.534753813160235,0.701815370668014,0.024009196142929963,0.0805178865078225,-0.32587500026093674
24260,SMARTFIT ESCOLA DE GINÁSTICA E DANÇA S.A.,2025,21497648.0,7241694.0,640534.0,5663406.0,15834242.0,16.883454091764946,15.795365714893892,0.7365569479972879,0.029795538563102346,0.11310049111788913,0.30986393712459703
24295,VIBRA ENERGIA S.A.,2016,31398000.0,86637000.0,-315000.0,7410000.0,23988000.0,17.2622547545824,18.277237534018735,0.7639977068603095,-0.01003248614561437,-0.04251012145748988,
24295,VIBRA ENERGIA S.A.,2017,23762000.0,84567000.0,1151000.0,8826000.0,14936000.0,16.98359822400037,18.253054677557014,0.628566618971467,0.048438683612490534,0.1304101518241559,
24295,VIBRA ENERGIA S.A.,2018,25345000.0,97770000.0,3193000.0,9686000.0,15659000.0,17.048092029888586,18.398128339481854,0.617833892286447,0.1259814559084632,0.329651042742102,0.6012461053847047
24295,VIBRA ENERGIA S.A.,2019,25866000.0,94985000.0,2211000.0,8766000.0,17100000.0,17.068439922957328,18.369229542361285,0.6610995128740431,0.08547900719090698,0.2522245037645448,0.31195462498635407
24295,VIBRA ENERGIA S.A.,2020,28327000.0,81501000.0,3905000.0,12207000.0,16120000.0,17.159325971388295,18.216125848074466,0.5690683799908215,0.1378543439121686,0.31989841893995247,-0.24212328756118817
24295,VIBRA ENERGIA S.A.,2021,33884000.0,130121000.0,2497000.0,12308000.0,21576000.0,17.338453484533577,18.68397534475354,0.6367607130208948,0.07369259827647268,0.20287617809554762,-0.05934065956209722
24295,VIBRA ENERGIA S.A.,2022,41110000.0,181446000.0,1537000.0,12613000.0,28497000.0,17.53176195887406,19.01646864673997,0.6931890051082462,0.03738749695937728,0.12185840006342662,-0.30919591272254165
24295,VIBRA ENERGIA S.A.,2023,43481000.0,162947000.0,4766000.0,15731000.0,27750000.0,17.587834619032844,18.908935552522983,0.6382097927830547,0.10961109450104643,0.3029686606064459,0.5971929823068651
24295,VIBRA ENERGIA S.A.,2024,49000000.0,172272000.0,6367000.0,20385000.0,28615000.0,17.7073308560749,18.964585181037634,0.5839795918367346,0.12993877551020408,0.3123375030659799,-0.1861313867453952
24295,VIBRA ENERGIA S.A.,2025,60963000.0,189075000.0,1979000.0,20741000.0,40222000.0,17.92577768073019,19.057654319706366,0.6597772419336319,0.03246231320637108,0.09541487874258715,0.41676311511360997
24384,Notre Dame Intermédica Participações S.A.,2017,4821792.0,5304923.0,238165.0,1351157.0,3470635.0,15.388656201164515,15.484145815316023,0.7197811519036906,0.04939346201578169,0.17626745078477188,
24384,Notre Dame Intermédica Participações S.A.,2018,5755866.0,6135217.0,334073.0,2340065.0,3415801.0,15.565730066662816,15.629556006324762,0.5934469287505998,0.05804044083027645,0.1427622736975255,
24384,Notre Dame Intermédica Participações S.A.,2019,13148040.0,8412439.0,423583.0,6370396.0,6777644.0,16.39178325604942,15.945222001794418,0.5154870231608666,0.0322164368225226,0.0664924127165721,
24384,Notre Dame Intermédica Participações S.A.,2020,16353539.0,10673268.0,735745.0,7098685.0,9254854.0,16.60995488448444,16.183252855671732,0.5659236205692236,0.0449899559966806,0.10364525260664476,
24392,HAPVIDA PARTICIPACOES E INVESTIMENTOS SA,2017,2614945.0,3847981.0,650598.0,472003.0,2142942.0,14.776753622755194,15.163059153125607,0.8194979244305329,0.24879987915615817,1.3783768323506418,
24392,HAPVIDA PARTICIPACOES E INVESTIMENTOS SA,2018,4876674.0,4575898.0,788334.0,3605855.0,1270819.0,15.399973988086465,15.33631352158355,0.26059133745663543,0.16165402895498038,0.218626095613939,
24392,HAPVIDA PARTICIPACOES E INVESTIMENTOS SA,2019,12453686.0,5634383.0,851846.0,7261885.0,5191801.0,16.337527201313645,15.544398205228607,0.4168887026700368,0.06840111433675139,0.11730370282646999,1.2172102706453853
24392,HAPVIDA PARTICIPACOES E INVESTIMENTOS SA,2020,13519719.0,8554961.0,785299.0,7830987.0,5688732.0,16.41965984433943,15.962021906560459,0.42077294653831193,0.058085452811556214,0.10028097352223928,0.3096464126330243
24392,HAPVIDA PARTICIPACOES E INVESTIMENTOS SA,2021,21034389.0,9883385.0,500336.0,10572994.0,10461395.0,16.861669227758174,16.10636562238222,0.4973472250608278,0.02378657159948882,0.04732207357726676,-0.3272845108387814
24392,HAPVIDA PARTICIPACOES E INVESTIMENTOS SA,2022,73213730.0,23748803.0,-775839.0,48756711.0,24457019.0,18.108893529648814,16.9830426871748,0.33404962429861174,-0.010596905798953284,-0.015912455620724703,-0.559792027729636
24392,HAPVIDA PARTICIPACOES E INVESTIMENTOS SA,2023,73186145.0,27769790.0,-757409.0,49255143.0,23931002.0,18.1085166850603,17.139459297136998,0.32698814782497426,-0.01034907631765548,-0.01537725715261856,-0.03050108932461859
24392,HAPVIDA PARTICIPACOES E INVESTIMENTOS SA,2024,73499646.0,28914698.0,-649376.0,48676923.0,24822723.0,18.112791147844938,17.179860605113895,0.3377257490464648,-0.008835090171726814,-0.013340530994533077,-0.5055432372505544
24392,HAPVIDA PARTICIPACOES E INVESTIMENTOS SA,2025,72289824.0,31577240.0,-142169.0,48250270.0,24039554.0,18.096193930335254,17.26794716588566,0.33254409361959436,-0.0019666530105260736,-0.002946491283882971,-0.6178969221694357
24694,Grupo SBF SA,2018,1798300.0,2275057.0,148748.0,191464.0,1606836.0,14.402352332153288,14.637515664998373,0.8935305566368237,0.08271589834844019,0.7768980069360297,
24694,Grupo SBF SA,2019,3933727.0,2545422.0,309727.0,1168664.0,2765063.0,15.185097880505403,14.749807009545084,0.7029117678984841,0.07873627224258319,0.26502656024314947,
24694,Grupo SBF SA,2020,6193860.0,2406863.0,-112805.0,1950686.0,4243174.0,15.639069036741278,14.693834797820886,0.6850613349349194,-0.01821239098074545,-0.057828374223221984,-0.0891817346000614
24694,Grupo SBF SA,2021,7146492.0,5110462.0,497831.0,2224635.0,4921857.0,15.78213216490159,15.446800369051967,0.6887095095048031,0.06966089096580533,0.22378097980118086,-0.25191093386507135
24694,Grupo SBF SA,2022,8470247.0,6260707.0,204602.0,2409854.0,6060393.0,15.952070227950385,15.649803675996244,0.7154918858918754,0.02415537587038489,0.08490223889082077,-0.4397194213064446
24694,Grupo SBF SA,2023,8614447.0,6988671.0,168812.0,2541601.0,6072846.0,15.968951235518237,15.759800967377865,0.7049606318316196,0.01959638268132592,0.06641955208547683,0.10037523452157604
24694,Grupo SBF SA,2024,8945967.0,7151714.0,535834.0,3012344.0,5933623.0,16.006713374168662,15.782862606221595,0.6632735175526581,0.05989671099837502,0.1778794188180367,-0.08376068376068369
24694,Grupo SBF SA,2025,9522546.0,7736413.0,327970.0,3059794.0,6462752.0,16.069172807987446,15.86144870145343,0.6786790003429755,0.03444141934310425,0.10718695441588551,0.18899082568807346
24716,VAMOS LOCAÇÃO DE CAMINHÕES. MÁQUINAS E EQUIP. S.A.,2018,2023432.0,938946.0,112937.0,581483.0,1441949.0,14.520305637593783,13.752513248549532,0.7126253810357848,0.05581457642263244,0.19422235903715157,
24716,VAMOS LOCAÇÃO DE CAMINHÕES. MÁQUINAS E EQUIP. S.A.,2019,3053849.0,1211508.0,141782.0,490754.0,2563095.0,14.931913320185373,14.00737642260115,0.8392998475039205,0.04642731189394106,0.28890645822550604,
24716,VAMOS LOCAÇÃO DE CAMINHÕES. MÁQUINAS E EQUIP. S.A.,2020,4225479.0,1513187.0,179192.0,506238.0,3719241.0,15.256643185128269,14.229728580638815,0.8801939377760486,0.042407499836113256,0.35396789652297933,
24716,VAMOS LOCAÇÃO DE CAMINHÕES. MÁQUINAS E EQUIP. S.A.,2021,10185525.0,2823495.0,402375.0,2640186.0,7545339.0,16.136478152706328,14.85348603724168,0.7407903863571097,0.0395045910740978,0.15240403517024936,0.5433172306967093
24716,VAMOS LOCAÇÃO DE CAMINHÕES. MÁQUINAS E EQUIP. S.A.,2022,16675416.0,4913454.0,668629.0,3638888.0,13036528.0,16.629446096981013,15.407487714778853,0.7817812761012979,0.040096690841176015,0.18374541893017868,-0.0321592651988819
24716,VAMOS LOCAÇÃO DE CAMINHÕES. MÁQUINAS E EQUIP. S.A.,2023,20808826.0,6085482.0,586959.0,4735295.0,16073531.0,16.850887781593414,15.621416492441746,0.7724381471592872,0.028207213612147078,0.12395405143713327,-0.12358572709010152
24716,VAMOS LOCAÇÃO DE CAMINHÕES. MÁQUINAS E EQUIP. S.A.,2024,20277027.0,4699312.0,380974.0,2442373.0,17834654.0,16.82499912830764,15.36292667298653,0.8795497485898697,0.018788454540204537,0.15598518326234362,-0.4776005130177994
24716,VAMOS LOCAÇÃO DE CAMINHÕES. MÁQUINAS E EQUIP. S.A.,2025,22964587.0,5755712.0,328702.0,2562076.0,20402511.0,16.949463891691792,15.565703310991264,0.8884336130233912,0.014313429629716398,0.12829517937797316,-0.3474747474747474
24783,Natura & Co Holding S.A. (pre-restructuring parent entity),2019,21184512.0,14444690.0,155467.0,3362345.0,17822167.0,16.868780906611093,16.48583743093914,0.8412828674080385,0.007338710469233372,0.046237670435365794,
24783,Natura & Co Holding S.A. (pre-restructuring parent entity),2020,60917597.0,36921980.0,-663678.0,27387108.0,33530489.0,17.925032640039255,17.42431759563004,0.5504236977699564,-0.010894684503067315,-0.024233226816062506,
24783,Natura & Co Holding S.A. (pre-restructuring parent entity),2021,60448490.0,40164687.0,1139239.0,28566725.0,31881765.0,17.917302155391333,17.50849873470521,0.527420370632914,0.01884644264893962,0.039879930233514695,
24783,Natura & Co Holding S.A. (pre-restructuring parent entity),2022,54685390.0,36349623.0,-2858626.0,22351184.0,32334206.0,17.817107138480626,17.40869439050075,0.5912768657222706,-0.052274035167345426,-0.1278959539682551,
24783,Natura & Co Holding S.A. (pre-restructuring parent entity),2023,42747015.0,26737277.0,2974510.0,23120465.0,19626550.0,17.570809926347792,17.10156929199206,0.4591326435307822,0.06958403996162071,0.12865268929496013,
24783,Natura & Co Holding S.A. (pre-restructuring parent entity),2024,37133423.0,24089804.0,-8929680.0,15671587.0,21461836.0,17.430028011508156,16.997299238401872,0.5779654625430034,-0.24047554140107147,-0.569800620702932,
24805,VIVARA PARTICIPAÇOES S.A,2019,1879528915.0,749666952.0,257971336.0,1089724336.0,789804579.0,21.354287005260915,20.435139601869015,0.4202141146628755,0.13725318825435576,0.23673082033473097,
24805,VIVARA PARTICIPAÇOES S.A,2020,2140696717.0,1047547041.0,146672109.0,1171475813.0,969220904.0,21.484397181685775,20.769717116628133,0.4527595601483795,0.06851606200692838,0.12520284872496978,0.06353790613718413
24805,VIVARA PARTICIPAÇOES S.A,2021,2563868834.0,1466386885.0,298490271.0,1392731364.0,1171137470.0,21.66478321791001,21.106067310778197,0.45678525144083093,0.11642181809055838,0.21432006107963258,-0.04683402023229677
24805,VIVARA PARTICIPAÇOES S.A,2022,2932172811.0,1843735089.0,360854417.0,1657953267.0,1274219544.0,21.799009558865595,21.335059290697668,0.4345649544323532,0.12306724066407694,0.21765053586398825,-0.09410339256865918
24805,VIVARA PARTICIPAÇOES S.A,2023,3241590055.0,2186974709.0,369244553.0,1933722081.0,1307867974.0,21.899329804084516,21.50578501433092,0.4034649514002165,0.1139084667508952,0.1909501663284777,0.7700258397932815
24805,VIVARA PARTICIPAÇOES S.A,2024,4273730310.0,2577113417.0,653393946.0,2496942987.0,1776787323.0,22.175752891712087,21.669935778901568,0.4157462437071749,0.15288609683000798,0.2616775590799663,-0.42365269461077837
24805,VIVARA PARTICIPAÇOES S.A,2025,4722693388.0,3026581564.0,619502301.0,2949566841.0,1773126547.0,22.275645106845595,21.830699622875052,0.37544816089593663,0.1311756343475754,0.2100316196902893,0.5821037601142314
24821,REDE DOR SÃO LUIZ S.A.,2018,19028904.0,10914892.0,1179618.0,4527727.0,14501177.0,16.761469644339996,16.205638653276825,0.7620605474703115,0.0619908534931912,0.2605320506293776,
24821,REDE DOR SÃO LUIZ S.A.,2019,26599665.0,13319835.0,1191517.0,5442000.0,21157665.0,17.09640917968766,16.404764835612404,0.7954109572432585,0.04479443632090855,0.21894836457184857,
24821,REDE DOR SÃO LUIZ S.A.,2020,45657044.0,14029408.0,459423.0,14002182.0,31654862.0,17.63666845759223,16.456666255892603,0.6933182533674322,0.010062477982586871,0.03281081477158346,
24821,REDE DOR SÃO LUIZ S.A.,2021,52480620.0,20381883.0,1677735.0,14677939.0,37802681.0,17.775954516554712,16.83015697599516,0.72031696652974,0.03196865814466369,0.11430317294546598,-0.33338289962825285
24821,REDE DOR SÃO LUIZ S.A.,2022,92490681.0,22987443.0,1262317.0,23076970.0,69413711.0,18.342618451461494,16.950458668283158,0.7504941065359871,0.013648045255499848,0.054700292109406044,-0.3565368718729607
24821,REDE DOR SÃO LUIZ S.A.,2023,90342356.0,46508558.0,2113701.0,23835646.0,66506710.0,18.31911696710682,17.6551468966345,0.7361631126821621,0.023396567165018367,0.08867815036353535,0.15363016446048938
24821,REDE DOR SÃO LUIZ S.A.,2024,102597882.0,50571261.0,3934120.0,26701868.0,75896014.0,18.446327847213013,17.738894008477924,0.7397425026766147,0.03834504107989286,0.14733501041949573,-0.10932025227750519
24821,REDE DOR SÃO LUIZ S.A.,2025,106548532.0,55725852.0,4843623.0,21621087.0,84927445.0,18.48411113884477,17.835954726486754,0.7970775702475188,0.04545931238170414,0.22402310300125058,0.5085438335809807
24848,CEA MODAS S.A.,2018,3478337.0,5166360.0,173636.0,1115039.0,2363298.0,15.062064863969479,15.457678936621088,0.6794333039035608,0.04991925739225383,0.15572190748485032,
24848,CEA MODAS S.A.,2019,6037092.0,5285176.0,971993.0,2739570.0,3297522.0,15.613432997019743,15.480416478529524,0.5462103277538258,0.16100350963675888,0.35479765072620884,
24848,CEA MODAS S.A.,2020,7309647.0,4085486.0,-166332.0,2654800.0,4654847.0,15.804705540546282,15.222951251047876,0.6368087268783295,-0.022755134413467572,-0.06265330721711616,-0.30324324324324325
24848,CEA MODAS S.A.,2021,8672666.0,5153205.0,329009.0,2995009.0,5677657.0,15.97568679860567,15.455129409169936,0.6546610926789986,0.037936316237705915,0.10985242448353244,-0.5481263776634827
24848,CEA MODAS S.A.,2022,9629594.0,6183550.0,829.0,3000196.0,6629398.0,16.080351622968628,15.637403098166974,0.6884400318435024,8.608878006694778e-05,0.00027631528073499196,-0.6427457098283931
24848,CEA MODAS S.A.,2023,9417656.0,6719317.0,2337.0,3012719.0,6404937.0,16.0580967833169,15.72049707042919,0.6800988483758591,0.00024815091993166875,0.0007757112429005161,3.0153846153846153
24848,CEA MODAS S.A.,2024,10053899.0,7636539.0,452478.0,3308488.0,6745411.0,16.123471077431265,15.848455048031257,0.6709248819786234,0.045005226330600695,0.13676277501988823,-0.008620689655172264
24848,CEA MODAS S.A.,2025,9318633.0,7982958.0,587087.0,3707056.0,5611577.0,16.047526502084374,15.89281957743409,0.6021888618212564,0.0630014080391405,0.15837014601344032,0.292806484295846
24910,LWSA S/A (Locaweb),2018,276336.0,314983.0,10886.0,61087.0,215249.0,12.5293727955837,12.660273948097464,0.7789394070986047,0.03939407098604597,0.1782048553702097,
24910,LWSA S/A (Locaweb),2019,514013.0,385717.0,18071.0,88333.0,425680.0,13.150003835946263,12.862859218931522,0.8281502607910695,0.03515669837144197,0.20457813048351126,
24910,LWSA S/A (Locaweb),2020,1452364.0,488210.0,19740.0,673973.0,778391.0,14.18870313165495,13.098500920139653,0.5359475999129695,0.013591634053171243,0.029289007126398238,2.90631067961165
24910,LWSA S/A (Locaweb),2021,4575859.0,800208.0,-15749.0,2935066.0,1640793.0,15.336304998629979,13.592626972855921,0.35857595262441433,-0.003441758148579316,-0.005365807787627263,-0.22565460429538098
24910,LWSA S/A (Locaweb),2022,4724602.0,1138433.0,30281.0,2977587.0,1747015.0,15.368293882557966,13.945163313391042,0.36976977108336323,0.006409217115007783,0.010169644077570194,-0.4819188191881919
24910,LWSA S/A (Locaweb),2023,4604388.0,1292756.0,-73735.0,2882146.0,1722242.0,15.342520319816884,14.072286931516311,0.3740436296854218,-0.016014071794123345,-0.02558336739360185,-0.10962962962962963
24910,LWSA S/A (Locaweb),2024,4010622.0,1370032.0,42194.0,2745843.0,1264779.0,15.204456899473547,14.130344655195755,0.31535731864035055,0.010520562645893829,0.015366501289403655,-0.44201680672268917
24910,LWSA S/A (Locaweb),2025,3638385.0,1488531.0,-225450.0,2467887.0,1170498.0,15.107050459838563,14.21330028555634,0.3217081204985179,-0.06196430559162925,-0.0913534533793484,0.22766570605187297
24929,TIM S.A.,2018,31368450.0,3367619.0,1533732.0,19380789.0,11987661.0,17.26131316868155,15.029716524429967,0.38215662552660395,0.04889409581920688,0.07913671626062282,-0.04895666131621201
24929,TIM S.A.,2019,39857182.0,17377194.0,3860162.0,22058807.0,17798375.0,17.500813172808698,16.670669214824613,0.44655377291851694,0.09684984753814256,0.17499414179561026,0.30910609857978266
24929,TIM S.A.,2020,41654417.0,17267812.0,1843690.0,23182745.0,18471672.0,17.544917971374346,16.664354748408062,0.44345049889907234,0.0442615725482366,0.07952854590774303,0.002737850787132068
24929,TIM S.A.,2021,49819186.0,18058027.0,2957174.0,25107106.0,24712080.0,17.723910728845077,16.709100853030634,0.4960354029068239,0.05935813563874769,0.1177823521356862,-0.07719298245614037
24929,TIM S.A.,2022,56408367.0,21530801.0,1670755.0,25397365.0,31011002.0,17.848128056529188,16.88499507255003,0.5497589036746977,0.02961892160430739,0.06578458040824314,-0.051262433052792655
24929,TIM S.A.,2023,55260156.0,23833893.0,2837422.0,26015940.0,29244216.0,17.82756270047402,16.9866192012379,0.5292097981048045,0.05134661581483773,0.10906475030308342,0.46009771986970693
24961,Ambipar Participacoes e Empreendimentos S/A,2019,622622.0,484385.0,35468.0,208997.0,413625.0,13.3416948720544,13.09063532403793,0.66432763378101,0.05696554249608912,0.16970578525050597,
24961,Ambipar Participacoes e Empreendimentos S/A,2020,1644161.0,701612.0,49523.0,1225750.0,418411.0,14.312740781676728,13.46113582365667,0.25448298554703586,0.030120529558844908,0.0404022027330206,
24961,Ambipar Participacoes e Empreendimentos S/A,2021,4861369.0,1916332.0,168871.0,1304732.0,3556637.0,15.396830643453072,14.465923500163898,0.7316122269262012,0.03473733427764895,0.12942964532179788,0.5507352941176471
24961,Ambipar Participacoes e Empreendimentos S/A,2022,9882911.0,3789791.0,108745.0,1299550.0,8583361.0,16.10631766195503,15.147821430419327,0.8685053422013008,0.011003336972274666,0.0836789657958524,-0.49795820321883266
24961,Ambipar Participacoes e Empreendimentos S/A,2023,11642697.0,4872707.0,56649.0,2613335.0,9029362.0,16.270189674459957,15.399160192786244,0.7755386917653186,0.004865625206943031,0.02167689944075291,-0.14518674381904273
24961,Ambipar Participacoes e Empreendimentos S/A,2024,14655272.0,6413676.0,-172178.0,2732554.0,11922718.0,16.500310692173247,15.673943143459805,0.8135446411366504,-0.011748536635826343,-0.0630099167299164,6.6832151300236395
25003,SIMPAR SA,2019,21173879.0,9600468.0,312963.0,2549984.0,18623895.0,16.86827885731355,16.077322405249824,0.8795693505190995,0.014780617193476925,0.12273135831440511,3.2763578274760388
25003,SIMPAR SA,2020,25562248.0,9807057.0,397500.0,3223850.0,22338398.0,17.056627133527993,16.098612786532545,0.8738823752903109,0.015550275546970674,0.12329978131736899,0.4717842323651451
25003,SIMPAR SA,2021,47968194.0,13866219.0,1328950.0,5824260.0,42143934.0,17.686048724239193,16.444966152388407,0.8785807945990212,0.027704816237192502,0.22817490977394553,0.48789808917197464
25003,SIMPAR SA,2022,61659514.0,24381791.0,940707.0,5581753.0,56077761.0,17.937138098458036,17.009347141173187,0.9094745865171756,0.015256477694585786,0.16853253807540391,-0.4490627546862266
25003,SIMPAR SA,2023,70140840.0,31843613.0,-651850.0,6751732.0,63389108.0,18.0660157786525,17.276347386120904,0.9037403601097449,-0.009293444446915662,-0.09654559748520825,0.6076794657762938
25003,SIMPAR SA,2024,84025791.0,41062901.0,93833.0,5724991.0,78300800.0,18.246634345396053,17.53061561976264,0.9318662647281714,0.0011167166519146484,0.01639006943417029,-0.6309148264984227
25003,SIMPAR SA,2025,88642122.0,43528375.0,215250.0,7411001.0,81231121.0,18.30011772020739,17.588923582255063,0.9163941382179457,0.002428303780904523,0.02904465941915269,0.487106017191977
25011,Grupo de Moda Soma S.A.,2019,1255854.0,1304114.0,126835.0,343056.0,912798.0,14.043326377215434,14.081034440960424,0.7268344887224152,0.10099502012176574,0.36972097849913715,
25011,Grupo de Moda Soma S.A.,2020,2302486.0,1243767.0,-69716.0,1559134.0,743352.0,14.649499966745665,14.033655235703238,0.3228475656312351,-0.030278577155300836,-0.04471456590645833,
25011,Grupo de Moda Soma S.A.,2021,10008414.0,2791678.0,299790.0,7146154.0,2862260.0,16.118936697179773,14.842153406700547,0.28598537190807655,0.029953796875309115,0.04195123698705625,
25011,Grupo de Moda Soma S.A.,2022,10638039.0,4870520.0,335188.0,7404929.0,3233110.0,16.179946720380332,15.3987112655393,0.3039197355828457,0.03150843872634797,0.04526552516573758,
25011,Grupo de Moda Soma S.A.,2023,9374458.0,5360547.0,-1617129.0,5789536.0,3584922.0,16.05349931481616,15.494576580078816,0.38241378861583253,-0.1725037330158181,-0.27931927532707285,
25089,Pet Center Comercio e Participacoes SA,2019,1242648217.0,986076352.0,23575791.0,176278925.0,1066369292.0,20.940510598156667,20.709244345674367,0.8581425357648101,0.018972216494959972,0.13374140442483412,
25089,Pet Center Comercio e Participacoes SA,2020,1892888.0,1436756.0,58387.0,514759.0,1378129.0,14.45361426309511,14.177898352453143,0.7280562822523045,0.030845459424963338,0.113425894447693,
25089,Pet Center Comercio e Participacoes SA,2021,3447347.0,2097525.0,75036.0,1759256.0,1688091.0,15.053115507679276,14.556268636203601,0.4896782946422278,0.021766303189090046,0.04265212112392966,-0.09005002779321836
25089,Pet Center Comercio e Participacoes SA,2022,3647129.0,2834533.0,50590.0,1840572.0,1806557.0,15.10945084070351,14.857387754943675,0.49533674295589764,0.013871184704462058,0.02748602065010225,-0.6647027316550617
25089,Pet Center Comercio e Participacoes SA,2023,3995411.0,3173241.0,16349.0,1808893.0,2186518.0,15.20065701048912,14.970264021037467,0.5472573409844445,0.004091944483308476,0.009038124421953096,-0.3305084745762712
25089,Pet Center Comercio e Participacoes SA,2024,3895459.0,3322608.0,-42756.0,1661686.0,2233773.0,15.175322073732959,15.016260574684582,0.5734299860427231,-0.01097585676039717,-0.02573049300529703,0.0544041450777204
25089,Pet Center Comercio e Participacoes SA,2025,3932838.0,3586622.0,40042.0,1708254.0,2224584.0,15.184871860634267,15.092721370420659,0.5656434361140733,0.0101814516641672,0.023440308057232708,0.11568123393316188
25100,CURY CONSTRUTORA E INCORPORADORA S.A.,2019,1287998.0,1019277.0,204056.0,363797.0,924201.0,14.0685996328502,13.834604110396869,0.7175484744541529,0.15842881743605192,0.5609062196774575,
25100,CURY CONSTRUTORA E INCORPORADORA S.A.,2020,1644712.0,1144682.0,189998.0,642387.0,1002325.0,14.313075850866177,13.950637427138922,0.6094228047220426,0.11552052882206733,0.29576874999027064,
25100,CURY CONSTRUTORA E INCORPORADORA S.A.,2021,2597922.0,1738295.0,315309.0,738328.0,1859594.0,14.77022245266729,14.368415305732027,0.7158005513637438,0.12136969470215041,0.42705816385129647,-0.32756964457252646
25100,CURY CONSTRUTORA E INCORPORADORA S.A.,2022,2798431.0,2257294.0,348440.0,877748.0,1920683.0,14.844569460943836,14.629677308725341,0.6863428113825212,0.12451262868371599,0.3969704288702452,0.8590308370044055
25100,CURY CONSTRUTORA E INCORPORADORA S.A.,2023,3092023.0,2886172.0,495611.0,996980.0,2095043.0,14.944336127212884,14.875441614599657,0.6775638473581859,0.16028697069847153,0.4971122790828301,0.6860356138706654
25100,CURY CONSTRUTORA E INCORPORADORA S.A.,2024,4339295.0,3926310.0,698812.0,1309539.0,3029756.0,15.283222450485079,15.18321061147563,0.6982138803653589,0.16104275003197524,0.5336320644135073,0.021052631578947434
25100,CURY CONSTRUTORA E INCORPORADORA S.A.,2025,5654395.0,5399424.0,1081220.0,1662054.0,3992341.0,15.547943676840005,15.501802839178543,0.7060597995010961,0.1912176280574668,0.6505324135076237,0.6936416184971095
25186,Grupo Mateus SA,2019,4121336.0,8035545.0,337695.0,1949287.0,2172049.0,15.231687940605617,15.899385383104919,0.5270254597052995,0.08193823556244868,0.17324026682576757,
25186,Grupo Mateus SA,2020,8198711.0,12397038.0,726269.0,5707540.0,2491171.0,15.919487504756082,16.332968131073308,0.3038491050605394,0.08858331510892382,0.1272472904263483,
25186,Grupo Mateus SA,2021,9954991.0,15876857.0,768791.0,6476581.0,3478410.0,16.11358459141172,16.58037307227978,0.34941367601437306,0.07722668960725329,0.11870321702145005,-0.2682038834951457
25186,Grupo Mateus SA,2022,13263938.0,21768477.0,1064795.0,7541985.0,5721953.0,16.400559482039895,16.895973472104803,0.43139171790459213,0.08027744098321328,0.14118232799455316,0.03776683087027921
25186,Grupo Mateus SA,2023,16357296.0,26773586.0,1234638.0,8773513.0,7583783.0,16.610184594304844,17.10292636244605,0.4636330479071847,0.07547934573049238,0.1407233339712382,0.37811900191938563
25186,Grupo Mateus SA,2024,18959322.0,32085428.0,1334894.0,9963448.0,8995874.0,16.757806294658092,17.283912528644557,0.47448289553814216,0.0704083194536176,0.13397912048118282,-0.038900719008299056
25186,Grupo Mateus SA,2025,24352014.0,38424403.0,1857293.0,11467816.0,12884198.0,17.00812511454483,17.464203310508314,0.5290814139643645,0.07626855832129531,0.16195699338043093,-0.3308605341246291
25232,Meliuz S.A.,2019,37812.0,81504.0,15034.0,22894.0,14918.0,10.540381791545276,11.308407377779183,0.39453083677139533,0.3975986459325082,0.656678605748231,
25232,Meliuz S.A.,2020,377202.0,125390.0,19630.0,357484.0,19718.0,12.840536131954318,11.739184159184584,0.052274378184633166,0.0520410814364717,0.05491154848888342,
25232,Meliuz S.A.,2021,902829.0,263486.0,-34334.0,695483.0,207346.0,13.713288445695829,12.481755514622265,0.22966253853165994,-0.03802934996549734,-0.04936713046904094,0.2149999998481249
25232,Meliuz S.A.,2022,1357951.0,368107.0,-58148.0,799198.0,558753.0,14.121487503975564,12.816128935757884,0.41146771864375076,-0.042820396317687456,-0.07275793983468427,-0.6253968253968254
25232,Meliuz S.A.,2023,978995.0,326589.0,-25552.0,782487.0,196508.0,13.794281814247308,12.696457778608378,0.20072421207462754,-0.02610023544553343,-0.032654855607824794,-0.3429752066115702
25232,Meliuz S.A.,2024,486794.0,365018.0,-11334.0,349470.0,137324.0,13.095596314629248,12.807701946417174,0.28209879332941656,-0.023282949255742674,-0.03243196840930552,-0.6617466174661747
25232,Meliuz S.A.,2025,633890.0,460204.0,-1140.0,518095.0,115795.0,13.359630716788937,13.039425148418728,0.18267365000236635,-0.0017984192841029201,-0.0022003686582576553,0.3402061855670102
25291,BRAVA ENERGIA S.A.,2019,396444.0,32400.0,-31966.0,236793.0,159651.0,12.890290074268956,10.38591370178042,0.4027075702999667,-0.08063181685181262,-0.1349955446318092,
25291,BRAVA ENERGIA S.A.,2020,2109064.0,204254.0,-276530.0,1077100.0,1031964.0,14.561754805136086,12.227119596373818,0.48929951864903104,-0.1311150349159627,-0.25673567913842726,
25291,BRAVA ENERGIA S.A.,2021,5453481.0,727799.0,15991.0,4175445.0,1278036.0,15.511764678343765,13.497780190155405,0.23435233385795237,0.002932255563006454,0.0038297714375354003,-0.013235294117647123
25291,BRAVA ENERGIA S.A.,2022,7971135.0,1722422.0,127716.0,4341275.0,3629860.0,15.891337449661071,14.359241997825777,0.45537555191324697,0.016022310499069454,0.02941900708893125,0.19197979160088408
25291,BRAVA ENERGIA S.A.,2023,20119858.0,5619989.0,425215.0,5565090.0,14554768.0,16.817217845516833,15.541840264572585,0.7234031174573896,0.021134095479202687,0.07640756932951669,-0.18735194568260394
25291,BRAVA ENERGIA S.A.,2024,44463747.0,8726361.0,-909691.0,10523671.0,33940076.0,17.610184740951834,15.9818590024265,0.7633201943147077,-0.020459161932528988,-0.08644236407618597,-0.11844077961019495
25291,BRAVA ENERGIA S.A.,2025,42708275.0,11622991.0,1411225.0,11774188.0,30934087.0,17.569903253334246,16.26849567729878,0.7243113190593626,0.03304336220556789,0.11985752223422966,-0.20528551203397838
25372,SENDAS DISTRIBUIDORA S.A.,2019,35905000.0,30232000.0,1060000.0,9701000.0,26204000.0,17.396387119526555,17.22441152401146,0.729814789026598,0.029522350647542123,0.10926708586743634,
25372,SENDAS DISTRIBUIDORA S.A.,2020,18821000.0,36043000.0,1556000.0,1410000.0,17411000.0,16.750483825672703,17.400223228083593,0.9250836831199193,0.08267360926624515,1.1035460992907802,
25372,SENDAS DISTRIBUIDORA S.A.,2021,22854000.0,41898000.0,1610000.0,2766000.0,20088000.0,16.944636714688794,17.550748651056228,0.8789708584930428,0.07044718648814212,0.5820679681851049,-0.09243697478991586
25372,SENDAS DISTRIBUIDORA S.A.,2022,40618000.0,54520000.0,1220000.0,3896000.0,36722000.0,17.51972187607519,17.814078164792605,0.9040819341178787,0.030035944655079028,0.3131416837782341,0.33906464924346635
25372,SENDAS DISTRIBUIDORA S.A.,2023,43177000.0,66503000.0,710000.0,4630000.0,38547000.0,17.580818504027782,18.012757617390488,0.8927669824211965,0.016443940060680454,0.15334773218142547,-0.2768572955638696
25372,SENDAS DISTRIBUIDORA S.A.,2024,45593000.0,73819000.0,769000.0,5255000.0,40338000.0,17.635264753929007,18.117126709009998,0.8847410786743579,0.016866624262496435,0.14633682207421503,-0.5738077214231643
25372,SENDAS DISTRIBUIDORA S.A.,2025,47825000.0,77307000.0,497000.0,5554000.0,42271000.0,17.68305907329059,18.163295065731933,0.883868269733403,0.010392054364871929,0.08948505581562838,0.3481481481481481
25453,Intelbras SA Industria de Telecomunicacao Eletronica Brasileira,2019,1601525.0,1697956.0,189393.0,724859.0,876666.0,14.286466858274792,14.344935732679053,0.5473945146032687,0.11825791042912225,0.26128253908691207,
25453,Intelbras SA Industria de Telecomunicacao Eletronica Brasileira,2020,2442150.0,2134376.0,327956.0,976230.0,1465920.0,14.70838935682777,14.573684890262411,0.6002579694121982,0.13428986753475422,0.335941325302439,
25453,Intelbras SA Industria de Telecomunicacao Eletronica Brasileira,2021,3555796.0,3087172.0,363509.0,1919139.0,1636657.0,15.084089506141314,14.942766019457238,0.460278654905962,0.10222999294672698,0.18941254385430134,0.41691995947315097
25453,Intelbras SA Industria de Telecomunicacao Eletronica Brasileira,2022,4987382.0,4232623.0,479248.0,2248282.0,2739100.0,15.422421680752505,15.258332453405917,0.5492059762015422,0.09609209801855964,0.21316187204274198,0.11579333089043597
25453,Intelbras SA Industria de Telecomunicacao Eletronica Brasileira,2023,4888285.0,4103676.0,545558.0,2623522.0,2264763.0,15.402352084189483,15.227393715347814,0.4633042058717935,0.1116051948689571,0.2079487040703299,-0.18548685671973353
25453,Intelbras SA Industria de Telecomunicacao Eletronica Brasileira,2024,5569521.0,4756146.0,528412.0,2966536.0,2602985.0,15.532819611796228,15.374948234387235,0.4673624536113608,0.09487566345472079,0.17812424996696483,-0.41909090909090907
25453,Intelbras SA Industria de Telecomunicacao Eletronica Brasileira,2025,5325682.0,4460379.0,483733.0,3014171.0,2311511.0,15.488051336476216,15.310744297964332,0.43403098420070896,0.09083024484000359,0.1604862497847667,-0.15869565217391313
25585,CSN MINERAÇÃO S.A.,2019,15877947.0,11455946.0,3664263.0,9357537.0,6520410.0,16.580441723309743,16.254019454484304,0.410658254496,0.23077687562504146,0.39158413159360206,
25585,CSN MINERAÇÃO S.A.,2020,19622406.0,13789531.0,4030710.0,10601697.0,9020709.0,16.79218263455247,16.439420239038842,0.4597147261146263,0.20541364805111056,0.3801947933429903,
25585,CSN MINERAÇÃO S.A.,2021,26991134.0,19039870.0,6370966.0,13998289.0,12992845.0,17.111018999672876,16.76204575957309,0.48137455062095574,0.23603921198716585,0.455124622730678,-0.25111111111111106
25585,CSN MINERAÇÃO S.A.,2022,25053595.0,13272564.0,2950298.0,11393427.0,13660168.0,17.0365278881722,16.401209605428715,0.5452378391204935,0.11775946725410066,0.2589473737796363,-0.4104046242774566
25585,CSN MINERAÇÃO S.A.,2023,29690605.0,18880426.0,3568737.0,10698697.0,18991908.0,17.206341223763722,16.7536362819864,0.6396605256107109,0.12019751702600873,0.33356744283906725,1.0390625
25585,CSN MINERAÇÃO S.A.,2024,36390919.0,16496317.0,4527718.0,10269114.0,26121805.0,17.40982982346017,16.618647701834064,0.7178110835837919,0.12441889692315822,0.4409063917296078,-0.2817294281729428
25585,CSN MINERAÇÃO S.A.,2025,33553574.0,18025121.0,1649159.0,6680808.0,26872766.0,17.328653943279097,16.70727695401151,0.8008913148864559,0.04915002497200447,0.24685023128938896,-0.028520499108734443
25712,GPS Participacoes e Empreendimentos SA,2020,4482367.0,4942186.0,282646.0,738707.0,3743660.0,15.31566181307868,15.413318301406832,0.8351971179512967,0.06305730878350657,0.3826226095055279,
25712,GPS Participacoes e Empreendimentos SA,2021,6602913.0,6615255.0,399748.0,2196605.0,4406308.0,15.703021473260739,15.704888903541043,0.6673278899782565,0.06054115812218032,0.18198447149123306,
25712,GPS Participacoes e Empreendimentos SA,2022,8996499.0,9218683.0,517032.0,2592265.0,6404234.0,16.012346059620366,16.036742743681348,0.7118584684998019,0.057470355968471734,0.19945183073489786,-0.3035087719298246
25712,GPS Participacoes e Empreendimentos SA,2023,10019062.0,10631154.0,646347.0,2988281.0,7030781.0,16.120000036464592,16.179299305103175,0.7017404423687567,0.0645117277445733,0.21629391613439297,0.7534883720930234
25712,GPS Participacoes e Empreendimentos SA,2024,14370413.0,14774369.0,666434.0,3490349.0,10880064.0,16.480681998073663,16.50840441306865,0.7571156096905496,0.046375424283213014,0.19093620723887497,-0.2745199792423455
25712,GPS Participacoes e Empreendimentos SA,2025,15621244.0,17283159.0,694143.0,3975941.0,11645303.0,16.564142340689873,16.665243117132015,0.7454785931261301,0.04443583366343935,0.1745858401822361,0.22570722191780823
25780,PETRORECÔNCAVO S.A.,2020,2080173.0,787841.0,-81759.0,980196.0,1099977.0,14.547961621295736,13.577051571830623,0.5287911149697645,-0.03930394250862789,-0.08341086884663884,
25780,PETRORECÔNCAVO S.A.,2021,4715393.0,1040604.0,176899.0,1871813.0,2843580.0,15.366342821583617,13.855311871767142,0.6030419945909068,0.037515218773917676,0.09450676963991596,
25780,PETRORECÔNCAVO S.A.,2022,6585094.0,2975939.0,1153391.0,3810502.0,2774592.0,15.700319167924755,14.906070177413218,0.4213443270513678,0.1751517897846257,0.302687414939029,1.055210918114144
25780,PETRORECÔNCAVO S.A.,2023,6829184.0,2814361.0,708938.0,4517883.0,2311301.0,15.736715751495899,14.850245795564131,0.33844468094577623,0.10381005988416771,0.1569181849109417,-0.22951401206101463
25780,PETRORECÔNCAVO S.A.,2024,7437571.0,3264554.0,437498.0,4235277.0,3202294.0,15.822054875008945,14.998633711055719,0.4305564276293967,0.0588226989698653,0.10329855638722095,-0.22919638611507376
25780,PETRORECÔNCAVO S.A.,2025,8668015.0,3157609.0,638352.0,4330716.0,4337299.0,15.97515037213989,14.965325653592737,0.5003797293844092,0.07364454260865953,0.14740103022225423,-0.28625472887767967
25844,Tegra Incorporadora SA,2020,3655533.0,499169.0,60530.0,2200225.0,1455308.0,15.111752468167579,13.120699994750135,0.3981110278583178,0.016558460831840392,0.027510822756763514,
25844,Tegra Incorporadora SA,2021,4000426.0,1472883.0,160743.0,2412238.0,1588188.0,15.201911413413443,14.202732262554825,0.3970047189974268,0.040181470673373285,0.06663645958649188,
25844,Tegra Incorporadora SA,2022,4008447.0,1497439.0,192482.0,2573214.0,1435233.0,15.203914442474279,14.219266873584472,0.3580521334072772,0.04801909567470893,0.07480217346866604,
25844,Tegra Incorporadora SA,2023,4525540.0,1269463.0,112580.0,2740922.0,1784618.0,15.325247465012643,14.054104534369328,0.3943436584363413,0.024876589313098548,0.041073770067152585,
25844,Tegra Incorporadora SA,2024,4363208.0,1294214.0,2227.0,2727559.0,1635649.0,15.288718124588465,14.073414119040226,0.3748730292023667,0.0005104042713526377,0.0008164809633815437,
25844,Tegra Incorporadora SA,2025,4263825.0,1205697.0,-77042.0,2432302.0,1831523.0,15.265677202709805,14.002568380921167,0.4295492896636236,-0.018068752821703518,-0.03167452068040893,
25917,Raízen S.A.,2020,29179467.0,100941193.0,2100884.0,4153554.0,25025913.0,17.188975834956516,18.430048657708866,0.8576549050741743,0.07199871060016277,0.5058039452478528,
25917,Raízen S.A.,2021,31392153.0,89415311.0,1039344.0,5609842.0,25782311.0,17.26206851518856,18.308802489461844,0.8212979530266687,0.03310840132564338,0.1852715281464255,
25917,Raízen S.A.,2022,100344344.0,191269874.0,3249563.0,22258908.0,78085436.0,18.42411826888774,19.06919594161186,0.7781747618978904,0.032384117235347114,0.1459893270595305,-0.3878887070376432
25917,Raízen S.A.,2023,111551463.0,245831790.0,2503326.0,22904161.0,88647302.0,18.529996593951793,19.32015807952433,0.794676283178823,0.022440996582895556,0.10929568649120132,0.2361963190184051
25917,Raízen S.A.,2024,128183310.0,220454239.0,614133.0,22125564.0,106057746.0,18.668971906768267,19.211200698433426,0.827391225893605,0.00479105275093926,0.02775671616777769,-0.4404145077720206
25917,Raízen S.A.,2025,140999678.0,255268454.0,-4176951.0,18175938.0,122823740.0,18.76426816465189,19.357826310143,0.8710923439130124,-0.029623833609038454,-0.22980662676116081,-0.665289256198347
25984,Cia Brasileira de Aluminio,2020,11210945.0,5411382.0,-879860.0,3740133.0,7470812.0,16.2324010912277,15.5040150710652,0.6663855723134847,-0.07848223321049207,-0.23524831870952181,
25984,Cia Brasileira de Aluminio,2021,11965227.0,8423180.0,837727.0,4715981.0,7249246.0,16.297515251146315,15.946497987127339,0.6058594625910566,0.07001346485110563,0.17763578776080735,
25984,Cia Brasileira de Aluminio,2022,12274705.0,8824627.0,957246.0,5323477.0,6951228.0,16.323051198769512,15.993056893601437,0.5663050965379616,0.07798525504278922,0.17981593608838733,-0.06477732793522262
25984,Cia Brasileira de Aluminio,2023,13561932.0,7348067.0,-809199.0,4704152.0,8857780.0,16.42277730820362,15.809947843402965,0.6531355562024643,-0.0596669412588118,-0.1720180385327685,-0.5174169539205977
25984,Cia Brasileira de Aluminio,2024,13833020.0,8173649.0,-72889.0,4011554.0,9821466.0,16.442569045673878,15.916426001151825,0.7100015759393105,-0.00526920368798715,-0.01816976662909187,0.04454342984409809
25984,Cia Brasileira de Aluminio,2025,13966016.0,8788797.0,229854.0,4514508.0,9451508.0,16.452137508026873,15.988988400226907,0.6767504777310867,0.01645809370403127,0.05091451825979708,0.23367697594501702
26123,Oncoclinicas do Brasil Servicos Medicos SA,2020,3362658.0,2035191.0,-125205.0,677306.0,2685352.0,15.028242290635873,14.526100229948351,0.7985801708053569,-0.037233938152497224,-0.1848573613698978,
26123,Oncoclinicas do Brasil Servicos Medicos SA,2021,6032410.0,2702066.0,-22417.0,2304943.0,3727467.0,15.612657157182298,14.809527223554815,0.6179067735780559,-0.003716093567910669,-0.009725620112948563,
26123,Oncoclinicas do Brasil Servicos Medicos SA,2022,8219779.0,4088252.0,113770.0,2632456.0,5587323.0,15.922053881026168,15.223628052801391,0.6797412679829956,0.01384100472774268,0.04321819623955728,-0.48461538461538456
26123,Oncoclinicas do Brasil Servicos Medicos SA,2023,9181154.0,5488776.0,312562.0,2679371.0,6501783.0,16.03266346275708,15.518215837808812,0.7081662065574763,0.034043868559442525,0.11665499104080772,1.0408163265306123
26123,Oncoclinicas do Brasil Servicos Medicos SA,2024,11202332.0,6227227.0,-717425.0,3382425.0,7819907.0,16.23163252887745,15.644441687341429,0.6980606359461583,-0.06404246901448735,-0.2121037421376675,-0.8016949152542373
26123,Oncoclinicas do Brasil Servicos Medicos SA,2025,7130514.0,5739367.0,-3671107.0,1062407.0,6068107.0,15.779893879553708,15.562859483468957,0.8510055516334447,-0.5148446521527059,-3.4554619839665968,0.1263507896924354
26441,Serena Energia SA,2021,11392633.0,238303.0,598231.0,4306249.0,7086384.0,16.248477476399188,12.381298252180901,0.6220145948702113,0.05251033716262079,0.13892159974957324,-0.25928735058214736
26441,Serena Energia SA,2022,15330232.0,2436675.0,-8031.0,5171274.0,10158958.0,16.545337384458207,14.706144963024643,0.6626747723061204,-0.0005238668273252486,-0.0015530022195691042,-0.1685415384615384
26441,Serena Energia SA,2023,17189991.0,3037319.0,62178.0,5241747.0,11948244.0,16.659837853798685,14.926485776378112,0.6950698228986857,0.003617104860613365,0.01186207575451467,0.12444933920704848
26441,Serena Energia SA,2024,20161754.0,4124980.0,297423.0,5700221.0,14461533.0,16.81929800135107,15.232571729254316,0.7172755406102068,0.014751841531247728,0.05217745066375497,-0.44999999999999996
26441,Serena Energia SA,2025,21670384.0,6393211.0,20837.0,5677318.0,15993066.0,16.891457093706254,15.670747204053269,0.738014887045841,0.0009615427211626707,0.003670218930840231,1.0387722132471726
26620,AUREN ENERGIA S.A.,2021,19562553.0,2624114.0,311646.0,9046515.0,10516038.0,16.78912773552615,14.780253873224355,0.5375595915318415,0.01593074278188537,0.03444928793021401,-0.23822714674775636
26620,AUREN ENERGIA S.A.,2022,32282893.0,5515706.0,2678614.0,15253078.0,17029815.0,17.290048019407205,15.523110216982476,0.5275182431760376,0.08297317096085534,0.17561137496313858,0.04814742919823356
26620,AUREN ENERGIA S.A.,2023,28994557.0,6181890.0,-317689.0,12368953.0,16625604.0,17.182618680679667,15.637134607921585,0.5734043117127121,-0.010956849590769743,-0.025684388969705034,-0.07311977715877427
26620,AUREN ENERGIA S.A.,2024,52754117.0,8059951.0,271869.0,14483354.0,38270763.0,17.781152374668274,15.902418035059865,0.7254554748779133,0.00515351247372788,0.01877113547041659,-0.3430711610486892
26620,AUREN ENERGIA S.A.,2025,48727388.0,13176952.0,-557875.0,13775463.0,34951925.0,17.70175181190555,16.39397980080997,0.7172952713984998,-0.011448900154467544,-0.04049773136481873,0.31450719822812845
27111,XP Inc,2021,120139327.0,40608543.0,465863.0,29308.0,64251600.0,18.604162685572696,17.51948902115626,0.534809055489382,0.003877689443024764,15.895421045448341,
27111,XP Inc,2022,176775512.0,88778179.0,-36541.0,78337.0,105798048.0,18.990391191787538,18.301651445783367,0.5984881435387951,-0.00020670849478291993,-0.466459016811979,-0.5150711357607909
27111,XP Inc,2023,232327859.0,111232747.0,768613.0,97418.0,146487245.0,19.26366011736876,18.527135383837923,0.6305194978790727,0.0033083118111978125,7.889845819047815,0.7382014874915481
27111,XP Inc,2024,79617208.0,7091220.0,422317.0,225.0,9243059.0,18.19274080835541,15.774367957048128,0.11609373440977734,0.005304343252026622,1876.9644444444446,-0.4249745078045336
27707,Automob Participações S.A.,2023,3893965.0,2536766.0,89403.0,1593729.0,2300236.0,15.174938476686934,14.74640059940438,0.5907182011137748,0.02295937431384206,0.0560967391570336,
27707,Automob Participações S.A.,2024,8909802.0,12240032.0,-105482.0,2302582.0,6607220.0,16.00266257697785,16.320222449424122,0.7415675454965217,-0.01183887139130589,-0.04581031207574801,
27707,Automob Participações S.A.,2025,8428130.0,12815400.0,-285575.0,2018964.0,6409166.0,15.947085478561817,16.36615813071495,0.7604493523474365,-0.0338835542403831,-0.14144630612531972,-0.4702127659574469
