cd_cvm,fiscal_year,debt_line_item,fonte
8133,2015,1951528.0,con
23868,2015,305996.0,ind
16624,2015,0.0,ind
23035,2015,72177.0,con
19356,2015,6081.0,ind
23515,2015,3115720.0,ind
22985,2015,0.0,ind
17361,2015,0.0,ind
80110,2015,7792639.0,con
17558,2015,0.0,con
19119,2015,0.0,ind
20680,2015,1110366.0,ind
10880,2015,0.0,con
19704,2015,8757.0,ind
22519,2015,171621.0,con
19437,2015,1122925.0,con
4448,2015,4406724.0,con
22330,2015,28621.0,con
16616,2015,734288.0,ind
16772,2015,7905456.0,ind
4863,2015,0.0,con
17930,2015,758659.0,ind
20303,2015,6048250.0,ind
22870,2015,0.0,ind
23183,2015,58724.0,ind
20060,2015,273341.0,con
23671,2015,1007175.0,ind
19364,2015,204634.0,ind
3069,2015,13677.0,con
23779,2015,236116.0,con
21652,2015,1413430.0,con
21920,2015,0.0,ind
19186,2015,898960.0,ind
2038,2015,75758.0,ind
5207,2015,26175.0,con
3450,2015,13517.0,ind
20257,2015,3845394.0,con
1171,2015,348448.0,ind
23680,2015,948485.0,ind
22357,2015,913833.0,con
20346,2015,415790.0,con
23418,2015,34039.0,ind
24074,2015,1859244.0,ind
21555,2015,809967.0,con
22926,2015,727556.0,ind
4537,2015,0.0,con
23914,2015,0.0,ind
19100,2015,1413430.0,con
14966,2015,5295416.0,ind
23884,2015,234093.0,ind
8427,2015,71872.0,con
22144,2015,1168622.0,con
23272,2015,1034429.0,con
14460,2015,3875220.0,con
21180,2015,0.0,con
17922,2015,0.0,con
17418,2015,0.0,con
20800,2015,509355.0,con
22217,2015,52.0,con
1562,2015,21418.0,con
12319,2015,10573.0,con
1325,2015,4931774.0,ind
16233,2015,0.0,con
16985,2015,821821.0,ind
23221,2015,107937.0,con
22551,2015,859567.0,con
7811,2015,1529396.0,con
23825,2015,540371.0,con
23540,2015,0.0,ind
4146,2015,272727.0,con
21130,2015,410514.0,con
19720,2015,0.0,ind
20001,2015,0.0,ind
23957,2015,0.0,con
1309,2015,9221.0,ind
22659,2015,0.0,ind
13439,2015,62695.0,ind
21008,2015,1343630.0,con
23442,2015,500647.0,ind
6629,2015,304638.0,ind
20494,2015,2076366.0,con
8192,2015,36645.0,con
9040,2015,190715.0,con
23019,2015,0.0,ind
4693,2015,169876.0,ind
23701,2015,0.0,ind
13366,2015,52450378.0,con
13447,2015,0.0,ind
14869,2015,1265629.0,ind
20729,2015,603756.0,ind
11762,2015,719900.0,con
20630,2015,37647.0,con
19070,2015,0.0,ind
15636,2015,3133346.0,ind
23264,2015,2622623.0,con
19852,2015,1059755.0,ind
20389,2015,0.0,ind
19860,2015,0.0,ind
23736,2015,72897.0,con
701,2015,0.0,ind
12530,2015,86541.0,con
20265,2015,3230416.0,con
19992,2015,595344.0,con
19658,2015,46252.0,con
20338,2015,633421.0,con
18627,2015,1872493.0,ind
503711,2015,5706121.0,ind
19135,2015,0.0,ind
11215,2015,2343.0,ind
1384,2015,1590.0,con
21350,2015,948397.0,con
22136,2015,4233000.0,con
14206,2015,2415158.0,ind
21970,2015,319740.0,ind
4820,2015,20336563.0,con
21490,2015,3977037.0,con
19941,2015,17262.0,ind
23809,2015,531936.0,ind
19470,2015,0.0,ind
14664,2015,453836.0,con
20044,2015,76409.0,ind
23345,2015,7759538.0,ind
18716,2015,44186.0,ind
21466,2015,0.0,ind
24015,2015,0.0,ind
12190,2015,143102.0,con
21636,2015,2845692.0,con
22616,2015,1631840.0,ind
5762,2015,127924.0,con
6955,2015,0.0,ind
3115,2015,265140.0,con
20133,2015,0.0,ind
3654,2015,71137.0,con
21148,2015,438550.0,con
21687,2015,0.0,ind
6017,2015,31394.0,ind
13471,2015,386607.0,con
4774,2015,8003.0,con
21440,2015,1158587.0,con
15377,2015,257450.0,ind
22632,2015,0.0,ind
8605,2015,37375201.0,ind
18589,2015,89622.0,ind
22977,2015,714764.0,ind
23698,2015,3309974.0,ind
13765,2015,15932.0,con
23744,2015,467642.0,ind
23620,2015,1910709.0,con
21032,2015,1244160.0,con
19232,2015,17541.0,ind
24040,2015,0.0,ind
20648,2015,386406.0,ind
18430,2015,249915.0,ind
15024,2015,412125.0,ind
24066,2015,787230.0,ind
23930,2015,0.0,con
9342,2015,126376.0,con
23000,2015,1017180.0,con
23655,2015,0.0,ind
22268,2015,1716709.0,ind
17779,2015,0.0,ind
14320,2015,6684215.0,con
10561,2015,0.0,ind
19305,2015,46798.0,con
1694,2015,0.0,con
19380,2015,29089.0,ind
16241,2015,316516.0,ind
9954,2015,0.0,ind
3298,2015,76118.0,con
7595,2015,1713311.0,con
19739,2015,2712466.0,con
23817,2015,14905.0,con
23248,2015,129018.0,con
2577,2015,1755064.0,ind
14605,2015,1328195.0,ind
21016,2015,589173.0,con
6343,2015,2131502.0,con
11223,2015,319285.0,con
15253,2015,7248050.0,con
23175,2015,1151452.0,con
22489,2015,0.0,ind
80071,2015,8502640.0,con
17540,2015,0.0,ind
12262,2015,134323.0,con
17388,2015,0.0,ind
22934,2015,0.0,ind
11592,2015,650203.0,ind
17965,2015,0.0,ind
20192,2015,2216156.0,ind
22560,2015,504273.0,con
18660,2015,19149959.0,con
23787,2015,0.0,ind
15784,2015,0.0,ind
15261,2015,9515.0,ind
20397,2015,973279.0,ind
18333,2015,0.0,ind
23892,2015,521895.0,ind
16748,2015,446576.0,ind
4669,2015,1002858.0,con
22586,2015,0.0,con
11312,2015,35849395.0,con
21393,2015,1946047.0,con
8036,2015,5504241.0,ind
4081,2015,125373.0,con
22608,2015,972972.0,ind
20885,2015,684091.0,ind
20788,2015,11200899.0,con
19330,2015,2483433.0,con
18597,2015,4370.0,ind
14133,2015,68384.0,con
20842,2015,2509159.0,con
21610,2015,1666491.0,con
21814,2015,0.0,ind
23230,2015,7633519.0,con
20168,2015,0.0,ind
19771,2015,6052505.0,con
21989,2015,768978.0,ind
24104,2015,353463.0,ind
17671,2015,7799260.0,con
18538,2015,1583.0,ind
19593,2015,60650.0,ind
22055,2015,1147111.0,con
17329,2015,4052290.0,con
23590,2015,375.0,con
13773,2015,447368.0,con
16292,2015,11589335.0,con
11070,2015,0.0,con
3190,2015,2698216.0,con
4685,2015,12595.0,ind
5770,2015,251704.0,con
20818,2015,0.0,ind
22942,2015,1081840.0,con
22080,2015,6801326167.0,ind
6173,2015,616517.0,con
19275,2015,1564653.0,ind
23353,2015,8880383.0,ind
21741,2015,0.0,ind
11932,2015,2892406.0,con
22390,2015,0.0,ind
21091,2015,2807843.0,con
21881,2015,1038820.0,con
20796,2015,0.0,con
23310,2015,0.0,con
18406,2015,0.0,ind
16560,2015,0.0,ind
15083,2015,485434.0,con
20516,2015,1590821.0,con
7544,2015,61513.0,con
18724,2015,1165109.0,con
4707,2015,0.0,con
13030,2015,168148.0,con
19224,2015,0.0,ind
22349,2015,99410.0,con
1228,2015,5681548.0,ind
14451,2015,321111.0,con
15300,2015,2392517.0,ind
15458,2015,237375.0,con
21903,2015,2850471.0,con
22020,2015,5224058.0,con
11231,2015,415.0,con
16705,2015,0.0,ind
3980,2015,19521485.0,con
18953,2015,9553229.0,con
94,2015,200382.0,con
11975,2015,17989.0,con
23167,2015,921099.0,ind
23485,2015,784709.0,con
14613,2015,35763.0,ind
18236,2015,0.0,ind
19577,2015,890950.0,ind
2437,2015,41625709.0,con
22365,2015,250915.0,con
23795,2015,0.0,con
22772,2015,1031467.0,con
20532,2015,51419261.0,ind
15091,2015,0.0,con
1970,2015,0.0,ind
18414,2015,216919.0,con
23582,2015,193599.0,ind
8451,2015,2112867.0,con
20052,2015,0.0,ind
20877,2015,1453836.0,con
23132,2015,155569.0,ind
8397,2015,437488.0,con
22721,2015,1107232.0,ind
4359,2015,130658.0,ind
80128,2015,23941996.0,con
9083,2015,29147.0,ind
20362,2015,519149.0,con
4030,2015,30354058.0,con
12572,2015,14323.0,con
14362,2015,1391426.0,ind
22160,2015,0.0,ind
2453,2015,13508738.0,con
21512,2015,0.0,ind
8818,2015,3920.0,ind
23922,2015,517435.0,ind
9067,2015,13786071.0,con
8893,2015,0.0,con
15709,2015,1322879.0,ind
22683,2015,200567.0,ind
3158,2015,1093525.0,con
15865,2015,0.0,ind
23949,2015,0.0,ind
20451,2015,588834.0,con
19453,2015,4185907.0,con
19151,2015,253874.0,ind
18465,2015,8375212.0,con
19836,2015,7397602.0,con
22691,2015,878341.0,ind
19313,2015,3071892.0,con
22799,2015,3991077.0,con
14214,2015,0.0,ind
22446,2015,260770.0,ind
22004,2015,638358.0,ind
15741,2015,595297.0,ind
23140,2015,351379.0,con
22470,2015,1711627.0,con
11207,2015,51714.0,con
16993,2015,103149.0,con
23558,2015,0.0,ind
19550,2015,3981210.0,con
9512,2015,351035000.0,con
2429,2015,776845.0,con
22780,2015,0.0,con
15407,2015,687.0,ind
23663,2015,0.0,ind
4782,2015,2875824.0,ind
21946,2015,0.0,ind
22411,2015,678220.0,ind
20990,2015,1909567.0,con
16608,2015,2124709.0,ind
18104,2015,0.0,ind
22500,2015,655115.0,con
12653,2015,10985572.0,con
14303,2015,4698.0,ind
20354,2015,913439.0,con
1210,2015,18465618.0,ind
21733,2015,7339742.0,con
1570,2015,79.0,ind
23850,2015,0.0,ind
20567,2015,767368.0,ind
23833,2015,271507.0,ind
3271,2015,341412.0,ind
18759,2015,0.0,ind
21377,2015,114695.0,ind
20087,2015,6662022.0,con
20141,2015,329592.0,con
3328,2015,1207567.0,con
6815,2015,709212.0,con
18775,2015,8990300.0,con
20524,2015,1870272.0,con
21121,2015,1036624.0,con
15695,2015,0.0,ind
23531,2015,3967473.0,con
17337,2015,0.0,ind
23302,2015,1200000.0,con
23876,2015,0.0,ind
14311,2015,6054398.0,con
1597,2015,25619.0,con
20958,2015,892703.0,con
22187,2015,87568.0,con
16632,2015,220906.0,con
20575,2015,40079140.0,con
17949,2015,3072529.0,ind
20672,2015,0.0,ind
5410,2015,4077542.0,con
13285,2015,657948.0,con
16659,2015,0.0,con
9520,2015,51.0,ind
8745,2015,41070.0,con
14176,2015,3071892.0,ind
21628,2015,0.0,ind
5258,2015,0.0,con
22276,2015,0.0,ind
19062,2015,2441229.0,con
23450,2015,784709.0,con
18139,2015,691885.0,ind
15113,2015,430207.0,ind
21156,2015,387659.0,con
19011,2015,198613.0,ind
5983,2015,25126.0,con
22829,2015,726873.0,con
17590,2015,310221.0,ind
17434,2015,0.0,ind
8656,2015,21493232.0,con
22012,2015,745384.0,ind
21300,2015,0.0,con
15822,2015,3799.0,ind
3204,2015,434369.0,con
18066,2015,0.0,ind
20028,2015,479149.0,con
22233,2015,0.0,ind
22667,2015,0.0,con
23965,2015,26784.0,con
24058,2015,330368.0,con
16373,2015,1108767.0,ind
14346,2015,211195.0,con
20222,2015,0.0,ind
15652,2015,861355.0,con
20710,2015,1423027.0,con
21431,2015,4804899.0,con
21237,2015,5163697.0,con
19348,2015,17350000.0,con
22250,2015,0.0,ind
23566,2015,0.0,ind
16942,2015,0.0,ind
19640,2015,0.0,ind
19925,2015,4175196.0,con
19909,2015,5122187.0,con
80152,2015,3572602.0,con
21830,2015,295708.0,ind
21849,2015,998362.0,ind
15890,2015,0.0,ind
14818,2015,0.0,ind
19097,2015,0.0,ind
19879,2015,6582301.0,con
16586,2015,0.0,ind
17884,2015,0.0,ind
15717,2015,0.0,ind
13781,2015,1176522.0,con
3050,2015,1808535.0,ind
16446,2015,0.0,ind
23604,2015,117226.0,con
18996,2015,615478.0,ind
18287,2015,0.0,con
21482,2015,3161338.0,con
16497,2015,23843.0,con
16438,2015,0.0,ind
1120,2015,571453.0,ind
19844,2015,0.0,ind
9989,2015,42352.0,con
8753,2015,184586002.0,con
20605,2015,2465963.0,con
23493,2015,936574.0,con
23612,2015,51004.0,ind
14923,2015,602856.0,ind
6505,2015,3706000.0,con
23710,2015,106689.0,con
23477,2015,0.0,ind
20966,2015,860639.0,con
21997,2015,496853.0,ind
80101,2015,587283.0,con
20770,2015,506968.0,con
18309,2015,2250184.0,ind
19895,2015,23069.0,ind
20443,2015,4155600.0,ind
23329,2015,482417.0,ind
20230,2015,0.0,ind
20184,2015,0.0,con
1520,2015,164911.0,con
11398,2015,40212.0,con
22543,2015,607914.0,ind
19615,2015,171357.0,con
8087,2015,8015380.0,con
17850,2015,98293.0,ind
20702,2015,961418.0,con
21857,2015,568920.0,ind
16306,2015,2426745.0,con
20931,2015,5348940.0,con
20010,2015,4374893.0,con
23841,2015,0.0,ind
9393,2015,1333083.0,con
19429,2015,0.0,ind
21202,2015,572620.0,con
14850,2015,608276.0,ind
13986,2015,13760585.0,con
23370,2015,98625.0,ind
20559,2015,0.0,ind
21717,2015,0.0,con
23060,2015,670320.0,ind
22179,2015,4563.0,ind
16861,2015,489636.0,ind
8672,2015,2335079.0,con
4723,2015,0.0,con
20435,2015,2368932.0,con
7870,2015,106395.0,con
80047,2015,1062167.0,con
20125,2015,0.0,con
15199,2015,5649142.0,ind
4170,2015,76517311.0,con
22071,2015,1865566.0,ind
18821,2015,10450761.0,con
21105,2015,0.0,ind
17493,2015,0.0,con
5576,2015,850561.0,ind
20320,2015,7036700.0,ind
23574,2015,479434.0,con
21709,2015,617669.0,con
8575,2015,590305.0,con
19607,2015,345951.0,ind
21792,2015,789363.0,con
12823,2015,57022.0,con
1155,2015,2400824.0,ind
16101,2015,2586524.0,con
17450,2015,6793052.0,con
11258,2015,0.0,con
5380,2015,50765.0,ind
21725,2015,0.0,con
17639,2015,6754419.0,con
14761,2015,23422.0,con
19569,2015,6235239.0,con
16675,2015,14158829.0,ind
23728,2015,26906.0,con
22420,2015,0.0,ind
17914,2015,99181.0,con
21024,2015,914155.0,ind
19623,2015,1228257.0,con
906,2015,92620644.0,ind
23523,2015,0.0,ind
12696,2015,61573.0,con
22497,2015,551089.0,con
13854,2015,0.0,ind
18368,2015,0.0,con
23507,2015,215653.0,con
19747,2015,0.0,ind
15342,2015,866510.0,ind
16284,2015,0.0,ind
22810,2015,7166908.0,con
10472,2015,801243.0,con
7510,2015,498398.0,con
1724,2015,0.0,ind
14826,2015,9728000.0,con
23469,2015,224849.0,ind
23205,2015,317420.0,ind
18376,2015,1191875.0,con
17973,2015,942118.0,con
7617,2015,3025000.0,con
23396,2015,1343463.0,con
22853,2015,0.0,ind
21822,2015,481392.0,ind
22454,2015,43717.0,con
23760,2015,0.0,ind
80063,2015,0.0,con
14168,2015,41597.0,ind
10456,2015,514003.0,con
23280,2015,1929807.0,con
20745,2015,1331976.0,con
6700,2015,12903.0,con
15733,2015,41726.0,ind
15539,2015,8556561.0,con
11991,2015,75427.0,con
21199,2015,773610.0,con
21075,2015,0.0,ind
22225,2015,284621.0,ind
10960,2015,7406.0,con
9415,2015,0.0,con
22578,2015,0.0,ind
22764,2015,0.0,ind
3824,2015,4041032.0,ind
17892,2015,357949.0,con
11800,2015,1117369.0,con
15121,2015,0.0,ind
20036,2015,120162.0,con
18970,2015,4695930.0,con
21520,2015,449414.0,con
21644,2015,0.0,ind
80136,2015,123880107.0,con
19917,2015,32733.0,con
23426,2015,359454.0,con
18546,2015,447359.0,ind
20621,2015,1331501.0,ind
19763,2015,3358465.0,con
8540,2015,781269.0,ind
14443,2015,10785767.0,ind
3395,2015,82313.0,con
21342,2015,5893948.0,con
20370,2015,0.0,con
13412,2015,1374281.0,con
9539,2015,106395233.0,con
21938,2015,621650.0,ind
1023,2015,66572011.0,ind
21601,2015,33424.0,con
22950,2015,0.0,ind
22594,2015,858602.0,con
23388,2015,13049394.0,ind
20540,2015,5649534.0,con
17485,2015,2195851.0,ind
14524,2015,3811637.0,ind
20613,2015,704355.0,con
3077,2015,211953.0,con
5312,2015,138328.0,con
22675,2015,637028.0,con
21750,2015,0.0,ind
3549,2015,87603.0,con
23434,2015,761440.0,con
20478,2015,4934828.0,con
16535,2015,1688239.0,ind
20982,2015,2119051.0,con
23647,2015,0.0,ind
23906,2015,4786845.0,ind
12858,2015,11907.0,ind
922,2015,386136.0,ind
15369,2015,0.0,ind
2100,2015,152251.0,con
22845,2015,5321740.0,con
18708,2015,17812.0,con
3891,2015,1518270.0,ind
2461,2015,859353.0,con
23973,2015,6505349.0,ind
8117,2015,0.0,ind
16268,2015,14747.0,ind
9717,2015,3.0,ind
16527,2015,1296283.0,ind
22861,2015,91.0,ind
21067,2015,1097349.0,con
6041,2015,0.0,ind
18554,2015,68289.0,ind
23639,2015,0.0,ind
21962,2015,893956.0,ind
22993,2015,1111358.0,ind
21040,2015,2483827.0,con
12793,2015,8326519.0,con
19518,2015,0.0,ind
20915,2015,2502030.0,con
16209,2015,0.0,ind
23337,2015,0.0,ind
23752,2015,0.0,ind
22802,2015,0.0,ind
6211,2015,402150.0,con
19445,2015,3437330.0,con
16551,2015,2640.0,ind
23159,2015,1026776.0,con
19984,2015,141081.0,ind
21334,2015,27493.0,con
6076,2015,0.0,ind
80020,2015,289999.0,con
20150,2015,0.0,ind
15423,2015,0.0,ind
14109,2015,2573420.0,con
17868,2015,455961.0,ind
19208,2015,83342.0,ind
8133,2016,1903012.0,con
23868,2016,767660.0,con
16624,2016,0.0,ind
23035,2016,128338.0,con
19356,2016,0.0,ind
23515,2016,3378600.0,ind
22985,2016,0.0,ind
17361,2016,0.0,ind
80110,2016,17394544.0,con
17558,2016,0.0,con
24139,2016,0.0,ind
19119,2016,0.0,ind
10880,2016,0.0,con
22519,2016,167443.0,con
19437,2016,828619.0,con
4448,2016,5239033.0,con
16616,2016,877578.0,ind
16772,2016,4054792.0,ind
4863,2016,0.0,con
17930,2016,741610.0,ind
20303,2016,7020042.0,ind
23183,2016,59986.0,ind
20060,2016,200348.0,con
24180,2016,9938936.0,con
23671,2016,978068.0,ind
19364,2016,304265.0,ind
3069,2016,17828.0,con
21920,2016,0.0,ind
19186,2016,1123373.0,ind
5207,2016,29965.0,con
3450,2016,12333.0,ind
20257,2016,3672545.0,con
1171,2016,374549.0,ind
23680,2016,906656.0,ind
22357,2016,891347.0,con
20346,2016,527668.0,con
23418,2016,34657.0,ind
24074,2016,14501159.0,ind
21555,2016,917833.0,con
22926,2016,764268.0,ind
4537,2016,0.0,con
23914,2016,0.0,ind
19100,2016,1572330.0,con
14966,2016,4268751.0,ind
23884,2016,284873.0,ind
8427,2016,70907.0,con
22144,2016,1188341.0,con
23272,2016,964958.0,con
14460,2016,3741611.0,con
21180,2016,0.0,con
23990,2016,400.0,ind
17922,2016,0.0,ind
17418,2016,0.0,con
20800,2016,364297.0,con
22217,2016,1.0,con
1562,2016,27517.0,con
12319,2016,11960.0,con
1325,2016,5174526.0,ind
16233,2016,0.0,con
16985,2016,1003185.0,ind
23221,2016,382724.0,con
22551,2016,1583458.0,con
7811,2016,1245703.0,con
23825,2016,1274007.0,con
23540,2016,334283.0,ind
4146,2016,259626.0,con
21130,2016,319260.0,con
19720,2016,0.0,ind
20001,2016,0.0,ind
23957,2016,843.0,con
1309,2016,7955.0,ind
22659,2016,0.0,ind
13439,2016,45000.0,ind
21008,2016,1519676.0,con
23442,2016,487174.0,ind
6629,2016,304638.0,ind
20494,2016,2083200.0,con
8192,2016,50378.0,con
23981,2016,93898.0,ind
9040,2016,228367.0,con
23019,2016,0.0,ind
4693,2016,179180.0,ind
23701,2016,0.0,ind
13366,2016,52163549.0,con
13447,2016,0.0,ind
14869,2016,1297328.0,ind
20729,2016,648360.0,ind
11762,2016,675459.0,con
20630,2016,1350.0,con
15636,2016,3823067.0,ind
23264,2016,3599476.0,con
19852,2016,1435645.0,ind
20389,2016,0.0,ind
19860,2016,0.0,ind
23736,2016,66678.0,con
701,2016,0.0,ind
12530,2016,77898.0,con
24171,2016,4808000.0,con
19992,2016,822595.0,con
19658,2016,53307.0,con
20338,2016,755144.0,con
18627,2016,2336008.0,ind
24252,2016,83373.0,ind
19135,2016,0.0,ind
11215,2016,4567.0,ind
1384,2016,2026.0,con
21350,2016,836451.0,con
22136,2016,5304000.0,con
14206,2016,2747936.0,ind
21970,2016,461495.0,ind
4820,2016,27350511.0,con
21490,2016,4628360.0,con
19941,2016,16601.0,ind
23809,2016,660295.0,ind
19470,2016,0.0,ind
14664,2016,416850.0,con
20044,2016,66776.0,ind
18716,2016,39023.0,ind
21466,2016,0.0,ind
24015,2016,4997896.0,ind
12190,2016,138415.0,con
21636,2016,2372256.0,con
22616,2016,4799293.0,ind
5762,2016,167192.0,con
6955,2016,0.0,ind
3115,2016,268709.0,con
20133,2016,0.0,ind
80179,2016,574087173.0,con
3654,2016,91448.0,con
21148,2016,248330.0,con
6017,2016,27238.0,ind
13471,2016,323285.0,con
4774,2016,9588.0,con
21440,2016,1049596.0,con
22632,2016,0.0,ind
8605,2016,30426264.0,ind
18589,2016,89318.0,ind
22977,2016,726748.0,ind
23698,2016,3309974.0,ind
13765,2016,4600.0,con
23744,2016,429736.0,ind
23620,2016,3010685.0,con
21032,2016,1359485.0,con
19232,2016,17019.0,ind
24040,2016,0.0,ind
20648,2016,479919.0,ind
18430,2016,256983.0,ind
15024,2016,412125.0,ind
24066,2016,750929.0,ind
23930,2016,3603275.0,con
9342,2016,109450.0,con
23000,2016,1213917.0,con
22268,2016,1693090.0,ind
14320,2016,7868714.0,con
24236,2016,0.0,con
10561,2016,0.0,ind
19305,2016,83046.0,con
1694,2016,0.0,con
24198,2016,0.0,ind
16241,2016,317293.0,ind
9954,2016,0.0,ind
3298,2016,74176.0,con
7595,2016,585345.0,con
19739,2016,3019276.0,con
23817,2016,5303.0,con
23248,2016,354455.0,con
2577,2016,882709.0,ind
14605,2016,1477632.0,ind
21016,2016,1049648.0,con
6343,2016,2498246.0,con
11223,2016,364374.0,con
15253,2016,7933996.0,con
23175,2016,1186518.0,con
22489,2016,0.0,ind
80071,2016,18829203.0,con
17540,2016,0.0,ind
12262,2016,155939.0,con
17388,2016,0.0,ind
22934,2016,0.0,ind
24023,2016,3736025.0,ind
11592,2016,0.0,con
17965,2016,0.0,ind
20192,2016,2164218.0,ind
22560,2016,552433.0,con
18660,2016,21733218.0,con
15784,2016,0.0,ind
15261,2016,11748.0,ind
24350,2016,69620.0,con
20397,2016,1083209.0,ind
18333,2016,0.0,ind
23892,2016,780783.0,ind
16748,2016,460044.0,ind
4669,2016,1418077.0,con
22586,2016,20748.0,con
11312,2016,59857417.0,con
21393,2016,2085265.0,con
8036,2016,6294192.0,ind
4081,2016,134771.0,con
22608,2016,1247478.0,ind
20885,2016,1209734.0,ind
24287,2016,13050098.0,ind
20788,2016,12183793.0,con
19330,2016,2924639.0,con
18597,2016,6056.0,ind
14133,2016,2403.0,con
20842,2016,2863404.0,con
21610,2016,2454265.0,con
21814,2016,0.0,ind
23230,2016,10425643.0,con
20168,2016,0.0,ind
19771,2016,6386403.0,con
21989,2016,706742.0,ind
24104,2016,586416.0,ind
17671,2016,10221290.0,con
18538,2016,719.0,ind
19593,2016,65738.0,ind
22055,2016,1098060.0,con
17329,2016,4247194.0,con
23590,2016,1330.0,con
13773,2016,697728.0,con
16292,2016,15179283.0,con
11070,2016,0.0,con
3190,2016,3732827.0,con
4685,2016,6289.0,ind
5770,2016,314127.0,con
20818,2016,0.0,con
22942,2016,1228023.0,con
22080,2016,6288764090.0,ind
6173,2016,539705.0,con
19275,2016,2075209.0,ind
23353,2016,10573553.0,ind
21741,2016,0.0,ind
11932,2016,3414855.0,con
22390,2016,0.0,ind
21091,2016,2824289.0,con
21881,2016,990027.0,con
20796,2016,0.0,con
23310,2016,206055.0,con
18406,2016,0.0,ind
16560,2016,0.0,ind
15083,2016,519902.0,con
20516,2016,3240079.0,con
7544,2016,247465.0,con
18724,2016,1347692.0,con
4707,2016,0.0,con
13030,2016,202611.0,con
19224,2016,0.0,ind
22349,2016,123153.0,con
1228,2016,5030247.0,ind
14451,2016,408083.0,con
15300,2016,2673339.0,ind
15458,2016,103484.0,con
21903,2016,3698253.0,con
22020,2016,6335985.0,con
24201,2016,194699.0,con
11231,2016,305.0,con
16705,2016,0.0,ind
3980,2016,26460857.0,con
18953,2016,9761499.0,con
94,2016,236357.0,con
11975,2016,15370.0,con
23167,2016,895914.0,ind
23485,2016,8585176.0,con
14613,2016,39534.0,ind
18236,2016,0.0,ind
19577,2016,876469.0,ind
2437,2016,48212889.0,con
22365,2016,369643.0,con
23795,2016,0.0,con
20532,2016,48772943.0,ind
15091,2016,0.0,con
18414,2016,96443.0,con
23582,2016,315740.0,ind
8451,2016,2475767.0,con
20052,2016,0.0,ind
20877,2016,1967678.0,con
23132,2016,137609.0,ind
8397,2016,571524.0,con
22721,2016,1222038.0,ind
4359,2016,195700.0,ind
9083,2016,37236.0,ind
20362,2016,848580.0,con
4030,2016,34282515.0,con
12572,2016,16162.0,con
14362,2016,1927436.0,ind
22160,2016,0.0,ind
2453,2016,15166537.0,con
21512,2016,0.0,ind
8818,2016,0.0,ind
23922,2016,938378.0,ind
9067,2016,14930051.0,con
8893,2016,20631.0,con
15709,2016,1208681.0,ind
22683,2016,196658.0,ind
3158,2016,1211357.0,con
15865,2016,0.0,ind
23949,2016,0.0,ind
20451,2016,584086.0,con
19453,2016,5280211.0,con
19151,2016,348620.0,ind
18465,2016,8901608.0,con
19836,2016,9755703.0,con
24244,2016,0.0,ind
22691,2016,926440.0,ind
19313,2016,3602542.0,con
22799,2016,13855.0,con
14214,2016,0.0,ind
22446,2016,248382.0,ind
22004,2016,698935.0,ind
15741,2016,658094.0,ind
23140,2016,0.0,con
22470,2016,1823310.0,con
11207,2016,49277.0,con
16993,2016,97002.0,con
23558,2016,0.0,ind
19550,2016,5535880.0,con
9512,2016,493023000.0,con
2429,2016,922420.0,con
22780,2016,0.0,con
24120,2016,0.0,con
15407,2016,246.0,ind
4782,2016,6500880.0,ind
21946,2016,0.0,ind
22411,2016,688688.0,ind
20990,2016,4167400.0,con
16608,2016,2251551.0,ind
22500,2016,891145.0,con
12653,2016,18021730.0,con
14303,2016,3718.0,ind
20354,2016,978136.0,con
1210,2016,24695017.0,ind
21733,2016,13299493.0,con
1570,2016,237.0,ind
23850,2016,0.0,ind
20567,2016,1029937.0,ind
23833,2016,556031.0,ind
3271,2016,356461.0,ind
18759,2016,0.0,ind
21377,2016,167290.0,ind
20087,2016,13785768.0,con
20141,2016,384167.0,con
3328,2016,1450646.0,con
6815,2016,783520.0,con
18775,2016,11577722.0,con
20524,2016,2007155.0,con
21121,2016,1078289.0,con
15695,2016,0.0,ind
23531,2016,4930516.0,con
17337,2016,0.0,ind
23302,2016,6013889.0,con
23876,2016,1177358.0,ind
14311,2016,7760988.0,con
1597,2016,0.0,con
20958,2016,1170455.0,con
22187,2016,32125.0,con
16632,2016,233649.0,con
20575,2016,65882726.0,con
17949,2016,3639195.0,ind
20672,2016,0.0,ind
5410,2016,5152968.0,con
13285,2016,744109.0,con
16659,2016,0.0,con
24112,2016,4810945.0,con
24341,2016,0.0,ind
9520,2016,0.0,ind
8745,2016,41073.0,con
14176,2016,3602542.0,ind
21628,2016,0.0,ind
5258,2016,296388.0,con
22276,2016,0.0,ind
19062,2016,2016721.0,con
18139,2016,1073679.0,ind
21156,2016,510707.0,con
19011,2016,281848.0,ind
5983,2016,25126.0,con
22829,2016,1033714.0,con
17590,2016,303885.0,ind
17434,2016,0.0,ind
8656,2016,27870144.0,con
22012,2016,620835.0,ind
21300,2016,0.0,con
15822,2016,3116.0,ind
3204,2016,311500.0,con
18066,2016,0.0,ind
20028,2016,751423.0,con
22233,2016,0.0,ind
22667,2016,0.0,con
23965,2016,24918.0,con
24058,2016,465444.0,con
16373,2016,1061896.0,ind
14346,2016,398906.0,con
20222,2016,0.0,ind
24090,2016,141571.0,con
20710,2016,1884090.0,con
21431,2016,4921145.0,con
21237,2016,4091812.0,con
19348,2016,31071000.0,con
22250,2016,0.0,ind
23566,2016,7436999.0,ind
16942,2016,236975.0,ind
19640,2016,0.0,ind
19925,2016,3616666.0,con
19909,2016,5493051.0,con
80152,2016,0.0,ind
21830,2016,197537.0,ind
21849,2016,1029099.0,ind
15890,2016,0.0,ind
14818,2016,0.0,ind
19097,2016,0.0,ind
19879,2016,7574385.0,con
16586,2016,0.0,ind
17884,2016,0.0,ind
15717,2016,0.0,ind
13781,2016,1725587.0,con
3050,2016,2684620.0,ind
16446,2016,0.0,ind
23604,2016,249050.0,con
18996,2016,711318.0,ind
18287,2016,0.0,con
21482,2016,3930316.0,con
16497,2016,38516.0,con
16438,2016,0.0,ind
1120,2016,633695.0,ind
19844,2016,0.0,ind
9989,2016,46019.0,con
8753,2016,183795715.0,con
20605,2016,1916812.0,con
23493,2016,1526411.0,con
23612,2016,64994.0,ind
14923,2016,681507.0,ind
6505,2016,3259000.0,con
23710,2016,143755.0,con
23477,2016,0.0,ind
20966,2016,958054.0,con
21997,2016,557092.0,ind
24210,2016,0.0,ind
20770,2016,227721.0,con
18309,2016,1683587.0,ind
19895,2016,17556.0,ind
20443,2016,4371178.0,ind
23329,2016,402172.0,ind
20184,2016,0.0,con
1520,2016,169524.0,con
11398,2016,89567.0,con
22543,2016,698604.0,ind
19615,2016,212825.0,con
8087,2016,10731320.0,con
17850,2016,103223.0,ind
20702,2016,1030932.0,con
21857,2016,410954.0,ind
16306,2016,1925424.0,con
20931,2016,7007967.0,con
20010,2016,3935138.0,con
23841,2016,0.0,ind
9393,2016,1951404.0,con
19429,2016,0.0,ind
21202,2016,614412.0,con
14850,2016,672442.0,ind
13986,2016,14917342.0,con
23370,2016,74695.0,ind
20559,2016,0.0,ind
21717,2016,0.0,con
23060,2016,610200.0,ind
22179,2016,4036.0,ind
16861,2016,758373.0,ind
8672,2016,2364035.0,con
4723,2016,0.0,con
20435,2016,1344409.0,con
7870,2016,104004.0,con
80047,2016,1431043.0,con
20125,2016,0.0,con
15199,2016,6146461.0,ind
4170,2016,112666751.0,con
22071,2016,2122606.0,ind
18821,2016,14135107.0,con
21105,2016,0.0,ind
17493,2016,0.0,con
5576,2016,1020874.0,ind
20320,2016,0.0,con
23574,2016,360321.0,con
24082,2016,0.0,ind
21709,2016,704760.0,con
8575,2016,479681.0,con
24279,2016,3364868.0,ind
21792,2016,1302412.0,con
12823,2016,46476.0,con
1155,2016,2807959.0,ind
16101,2016,2150793.0,con
17450,2016,5675752.0,con
11258,2016,244498.0,con
5380,2016,53216.0,ind
24155,2016,332177.0,ind
21725,2016,0.0,con
17639,2016,7926437.0,con
14761,2016,1308.0,con
19569,2016,9304926.0,con
16675,2016,14158829.0,ind
23728,2016,37071.0,con
22420,2016,0.0,ind
17914,2016,151070.0,con
21024,2016,749576.0,ind
19623,2016,1249556.0,con
906,2016,44251208.0,ind
23523,2016,0.0,ind
12696,2016,69059.0,con
22497,2016,547660.0,con
13854,2016,0.0,ind
18368,2016,1458783.0,con
23507,2016,216487.0,con
19747,2016,0.0,ind
15342,2016,824721.0,ind
16284,2016,0.0,ind
22810,2016,9366633.0,con
10472,2016,675888.0,con
7510,2016,391551.0,con
1724,2016,0.0,ind
14826,2016,7978000.0,con
23469,2016,253406.0,ind
23205,2016,335599.0,ind
18376,2016,1096664.0,con
17973,2016,758404.0,con
7617,2016,3098000.0,con
23396,2016,1601230.0,con
22853,2016,0.0,ind
21822,2016,339102.0,ind
22454,2016,60588.0,con
23760,2016,0.0,ind
80063,2016,274648.0,con
14168,2016,46594.0,ind
10456,2016,672692.0,con
23280,2016,2003555.0,con
20745,2016,1878877.0,con
6700,2016,13583.0,con
15733,2016,41755.0,ind
15539,2016,11807626.0,con
11991,2016,78719.0,con
21199,2016,0.0,con
21075,2016,0.0,ind
22225,2016,275942.0,ind
10960,2016,0.0,con
9415,2016,0.0,ind
22764,2016,0.0,ind
24260,2016,467641.0,con
3824,2016,5628873.0,ind
17892,2016,339548.0,con
24031,2016,4412835.0,ind
15121,2016,0.0,ind
20036,2016,110079.0,con
18970,2016,1391658.0,con
21520,2016,509530.0,con
21644,2016,0.0,ind
23426,2016,342084.0,con
18546,2016,523559.0,ind
20621,2016,1659165.0,ind
24309,2016,0.0,ind
19763,2016,6186491.0,con
8540,2016,196405.0,ind
14443,2016,13121600.0,ind
3395,2016,78821.0,con
21342,2016,2951778.0,con
24295,2016,13023000.0,con
20370,2016,0.0,con
9539,2016,147766102.0,con
21938,2016,848040.0,ind
1023,2016,56914049.0,ind
21601,2016,73555.0,con
22950,2016,0.0,ind
22594,2016,512280.0,con
23388,2016,14512017.0,ind
20540,2016,6021059.0,con
17485,2016,3236998.0,ind
14524,2016,5186562.0,ind
20613,2016,864851.0,con
24317,2016,505813.0,con
3077,2016,229860.0,con
5312,2016,138405.0,con
22675,2016,1566489.0,con
21750,2016,0.0,ind
3549,2016,89453.0,con
23434,2016,687912.0,con
20478,2016,3618149.0,con
16535,2016,2246807.0,ind
20982,2016,2173064.0,con
23906,2016,7001004.0,ind
12858,2016,10161.0,ind
922,2016,250698.0,ind
15369,2016,72917.0,ind
2100,2016,154279.0,con
22845,2016,6327243.0,con
18708,2016,0.0,con
3891,2016,1891152.0,ind
2461,2016,1142905.0,con
23973,2016,6704087.0,ind
8117,2016,0.0,ind
24163,2016,0.0,ind
16268,2016,14903.0,ind
9717,2016,0.0,ind
16527,2016,1402849.0,ind
22861,2016,0.0,ind
21067,2016,1262386.0,con
6041,2016,0.0,ind
18554,2016,51161.0,ind
23639,2016,0.0,ind
21962,2016,919480.0,ind
21040,2016,2488444.0,con
12793,2016,12743832.0,con
20915,2016,2249651.0,con
16209,2016,0.0,ind
23337,2016,0.0,ind
23752,2016,0.0,ind
22802,2016,0.0,ind
6211,2016,382158.0,con
19445,2016,3591559.0,con
16551,2016,2918.0,ind
23159,2016,1221723.0,con
19984,2016,139425.0,ind
21334,2016,14867.0,con
6076,2016,0.0,ind
80020,2016,191886.0,con
20150,2016,0.0,ind
15423,2016,0.0,ind
14109,2016,3094543.0,con
17868,2016,0.0,ind
19208,2016,73039.0,ind
8133,2017,1875920.0,con
23868,2017,856203.0,con
16624,2017,0.0,ind
23035,2017,130767.0,con
23515,2017,3565996.0,ind
22985,2017,0.0,ind
80110,2017,13450336.0,con
17558,2017,0.0,con
24139,2017,0.0,ind
19119,2017,0.0,ind
10880,2017,910.0,con
22519,2017,101519.0,con
19437,2017,360925.0,con
4448,2017,6180346.0,con
16616,2017,938289.0,ind
16772,2017,3228097.0,ind
4863,2017,0.0,con
17930,2017,610274.0,ind
20303,2017,6198251.0,ind
20060,2017,154266.0,con
24180,2017,9160350.0,con
23671,2017,924883.0,ind
19364,2017,196935.0,ind
3069,2017,39369.0,con
21920,2017,0.0,ind
19186,2017,1065306.0,ind
5207,2017,14599.0,con
3450,2017,12450.0,ind
20257,2017,3290457.0,con
1171,2017,1068444.0,ind
23680,2017,870522.0,ind
22357,2017,814411.0,con
20346,2017,608707.0,con
23418,2017,28000.0,ind
24384,2017,652508.0,con
24074,2017,24857.0,ind
21555,2017,941935.0,con
22926,2017,718263.0,ind
4537,2017,0.0,con
23914,2017,0.0,ind
19100,2017,1432947.0,con
14966,2017,3149154.0,ind
23884,2017,380797.0,ind
8427,2017,61662.0,con
22144,2017,1081819.0,con
23272,2017,989084.0,con
14460,2017,3423664.0,con
21180,2017,0.0,con
23990,2017,400.0,ind
17922,2017,0.0,ind
24538,2017,46737.0,ind
20800,2017,291577.0,con
22217,2017,0.0,con
17418,2017,0.0,ind
1562,2017,35092.0,con
12319,2017,5286.0,con
1325,2017,5006726.0,ind
16985,2017,809079.0,ind
23221,2017,348788.0,con
22551,2017,1630399.0,con
7811,2017,1194562.0,con
23825,2017,1040186.0,con
23540,2017,366906.0,ind
4146,2017,345476.0,con
21130,2017,197011.0,con
19720,2017,0.0,ind
20001,2017,0.0,ind
23957,2017,5458.0,con
1309,2017,4341.0,ind
22659,2017,0.0,ind
24660,2017,98277.0,con
13439,2017,24985.0,ind
21008,2017,1216094.0,con
23442,2017,526886.0,ind
6629,2017,304638.0,ind
20494,2017,2240046.0,con
8192,2017,54434.0,con
23981,2017,229504.0,ind
9040,2017,164288.0,con
23019,2017,0.0,ind
4693,2017,116804.0,ind
23701,2017,0.0,ind
13366,2017,52369468.0,con
13447,2017,0.0,ind
902123,2017,87961.0,con
14869,2017,1079691.0,ind
20729,2017,1187497.0,ind
11762,2017,539268.0,con
20630,2017,0.0,con
15636,2017,4070075.0,ind
23264,2017,5396310.0,con
19852,2017,1339072.0,ind
20389,2017,0.0,ind
19860,2017,0.0,ind
701,2017,0.0,con
12530,2017,34155.0,con
24171,2017,4039000.0,con
19992,2017,652402.0,con
19658,2017,58769.0,con
20338,2017,643416.0,con
18627,2017,2712074.0,ind
24252,2017,0.0,con
19135,2017,0.0,ind
11215,2017,6087.0,ind
1384,2017,41402.0,con
21350,2017,906860.0,con
14206,2017,3066457.0,ind
21970,2017,473318.0,ind
24546,2017,18834.0,con
4820,2017,23331067.0,con
21490,2017,4567651.0,con
19941,2017,14891.0,ind
23809,2017,767254.0,ind
19470,2017,0.0,ind
14664,2017,340208.0,con
20044,2017,63724.0,ind
18716,2017,101372.0,ind
21466,2017,301195.0,ind
24015,2017,5586023.0,ind
12190,2017,154362.0,con
21636,2017,2808882.0,con
22616,2017,220275.0,ind
5762,2017,124367.0,con
3115,2017,278354.0,con
20133,2017,0.0,ind
80179,2017,496747891.0,con
3654,2017,32709.0,con
21148,2017,134994.0,con
6017,2017,23618.0,ind
13471,2017,333886.0,con
4774,2017,10520.0,con
21440,2017,1033972.0,con
22632,2017,0.0,ind
8605,2017,26483270.0,ind
18589,2017,94942.0,ind
22977,2017,710640.0,ind
23698,2017,5094035.0,ind
13765,2017,2245.0,con
23744,2017,301848.0,ind
23620,2017,2630738.0,con
21032,2017,1411850.0,con
19232,2017,16638.0,ind
24040,2017,2789.0,ind
20648,2017,460873.0,ind
18430,2017,252149.0,ind
15024,2017,412125.0,ind
24066,2017,1318378.0,ind
23930,2017,0.0,con
9342,2017,88829.0,con
23000,2017,1018760.0,con
22268,2017,1638085.0,ind
24236,2017,16679.0,con
14320,2017,6924308.0,con
10561,2017,0.0,ind
19305,2017,117241.0,con
1694,2017,0.0,con
24198,2017,0.0,ind
16241,2017,323341.0,ind
9954,2017,0.0,ind
3298,2017,72738.0,con
7595,2017,585588.0,con
19739,2017,3785889.0,con
23817,2017,2012.0,con
23248,2017,377632.0,con
2577,2017,568394.0,ind
14605,2017,1682527.0,ind
21016,2017,1022533.0,con
6343,2017,1891556.0,con
11223,2017,426675.0,con
15253,2017,7603892.0,con
23175,2017,1277395.0,con
22489,2017,0.0,ind
80071,2017,18338497.0,con
17540,2017,0.0,ind
17388,2017,0.0,ind
11592,2017,601885.0,con
17965,2017,0.0,ind
20192,2017,2743003.0,ind
22560,2017,567838.0,con
18660,2017,22043988.0,con
24392,2017,0.0,con
15784,2017,0.0,ind
24457,2017,0.0,ind
24350,2017,87867.0,con
20397,2017,1158134.0,ind
18333,2017,0.0,ind
23892,2017,959788.0,ind
16748,2017,495872.0,ind
4669,2017,1590642.0,con
22586,2017,3510.0,con
11312,2017,48086287.0,con
21393,2017,8339.0,con
8036,2017,6001807.0,ind
4081,2017,151215.0,con
22608,2017,655987.0,ind
20885,2017,490399.0,ind
24287,2017,14994713.0,ind
24430,2017,0.0,ind
20788,2017,11188897.0,con
19330,2017,2816641.0,con
18597,2017,9027.0,ind
14133,2017,1199.0,con
20842,2017,2491064.0,con
21610,2017,5463632.0,con
21814,2017,0.0,ind
23230,2017,9876448.0,con
20168,2017,0.0,ind
19771,2017,5043637.0,con
21989,2017,692427.0,ind
24104,2017,547559.0,ind
17671,2017,9224074.0,con
18538,2017,2905.0,ind
19593,2017,65010.0,ind
22055,2017,821524.0,con
17329,2017,3088732.0,con
23590,2017,557.0,con
13773,2017,586661.0,con
16292,2017,18962380.0,con
11070,2017,0.0,con
3190,2017,3845373.0,con
4685,2017,9067.0,ind
5770,2017,343173.0,con
20818,2017,0.0,con
22942,2017,1417969.0,con
22080,2017,2914998866.0,ind
6173,2017,668112.0,con
19275,2017,1686844.0,ind
23353,2017,11965368.0,ind
21741,2017,0.0,ind
11932,2017,3060085.0,con
22390,2017,0.0,ind
21091,2017,3457041.0,con
21881,2017,832021.0,con
20796,2017,0.0,con
23310,2017,293033.0,con
18406,2017,0.0,ind
16560,2017,0.0,ind
15083,2017,412125.0,con
20516,2017,3507187.0,con
7544,2017,301862.0,con
18724,2017,1548238.0,con
4707,2017,0.0,con
13030,2017,12632.0,con
19224,2017,0.0,ind
22349,2017,106049.0,con
1228,2017,4658813.0,ind
14451,2017,400894.0,con
15300,2017,4911985.0,ind
15458,2017,60540.0,con
21903,2017,4432141.0,con
22020,2017,6313068.0,con
24201,2017,162578.0,con
11231,2017,6564.0,con
16705,2017,0.0,ind
3980,2017,20583233.0,con
18953,2017,10880238.0,con
24708,2017,5842492.0,ind
94,2017,263000.0,con
11975,2017,32712.0,con
23167,2017,1109270.0,ind
23485,2017,8523175.0,con
14613,2017,42369.0,ind
18236,2017,0.0,ind
19577,2017,822401.0,ind
2437,2017,46991307.0,con
22365,2017,359741.0,con
23795,2017,0.0,con
20532,2017,50197673.0,ind
15091,2017,0.0,con
18414,2017,0.0,con
23582,2017,306971.0,ind
8451,2017,2299726.0,con
20052,2017,0.0,ind
20877,2017,2171221.0,con
23132,2017,91689.0,ind
8397,2017,535398.0,con
22721,2017,1312477.0,ind
24228,2017,1490193.0,con
4359,2017,217241.0,ind
25607,2017,202441.0,ind
9083,2017,37280.0,ind
20362,2017,678226.0,con
4030,2017,30441018.0,con
12572,2017,6220.0,con
14362,2017,2224137.0,ind
22160,2017,0.0,ind
2453,2017,15179280.0,con
21512,2017,0.0,ind
8818,2017,0.0,ind
23922,2017,1001043.0,ind
9067,2017,14013738.0,con
8893,2017,44568.0,con
15709,2017,1341684.0,ind
22683,2017,178805.0,ind
3158,2017,1369120.0,con
15865,2017,0.0,ind
23949,2017,0.0,ind
20451,2017,625099.0,con
19453,2017,4930260.0,con
19151,2017,433971.0,ind
18465,2017,11417130.0,con
19836,2017,9138129.0,con
24244,2017,52759.0,ind
22691,2017,0.0,con
19313,2017,0.0,ind
22799,2017,19214.0,con
14214,2017,0.0,ind
22446,2017,233935.0,ind
24376,2017,5819945.0,ind
22004,2017,692264.0,ind
15741,2017,705404.0,ind
22470,2017,1848776.0,con
11207,2017,48829.0,con
16993,2017,91725.0,con
24414,2017,385134.0,con
19550,2017,4390171.0,con
9512,2017,385784000.0,con
23558,2017,0.0,ind
2429,2017,917375.0,con
22780,2017,0.0,con
24120,2017,0.0,con
15407,2017,421.0,ind
4782,2017,7385021.0,ind
21946,2017,0.0,ind
22411,2017,659154.0,ind
20990,2017,4266179.0,con
16608,2017,2470757.0,ind
22500,2017,635138.0,con
12653,2017,18468547.0,con
14303,2017,3985.0,ind
20354,2017,751170.0,con
1210,2017,28760868.0,ind
21733,2017,10791109.0,con
1570,2017,587.0,ind
23850,2017,0.0,ind
24503,2017,0.0,ind
20567,2017,1783862.0,ind
23833,2017,723346.0,ind
3271,2017,327485.0,ind
18759,2017,0.0,ind
21377,2017,157101.0,ind
20087,2017,12254022.0,con
20141,2017,303743.0,con
3328,2017,2204009.0,con
6815,2017,881215.0,con
18775,2017,8554347.0,con
20524,2017,1986970.0,con
21121,2017,1400402.0,con
15695,2017,0.0,ind
23531,2017,578764.0,con
24406,2017,1093912.0,ind
17337,2017,0.0,ind
23302,2017,4734081.0,con
23876,2017,2371765.0,ind
14311,2017,8837102.0,con
1597,2017,0.0,con
20958,2017,955427.0,con
22187,2017,32119.0,con
16632,2017,176092.0,con
20575,2017,56260414.0,con
24490,2017,0.0,ind
17949,2017,2804971.0,ind
20672,2017,0.0,ind
5410,2017,4400325.0,con
13285,2017,794522.0,con
16659,2017,0.0,con
24112,2017,4034495.0,con
24341,2017,0.0,ind
9520,2017,0.0,ind
24325,2017,0.0,ind
8745,2017,35421.0,con
14176,2017,3271395.0,ind
21628,2017,0.0,ind
5258,2017,413968.0,con
22276,2017,0.0,ind
19062,2017,1274462.0,con
18139,2017,1020807.0,ind
24619,2017,0.0,ind
21156,2017,326469.0,con
19011,2017,237479.0,ind
5983,2017,24986.0,con
17434,2017,0.0,ind
24473,2017,201493.0,con
8656,2017,21396710.0,con
22012,2017,450088.0,ind
21300,2017,0.0,con
15822,2017,2033.0,ind
3204,2017,301722.0,con
18066,2017,0.0,ind
20028,2017,801470.0,con
22233,2017,0.0,ind
22667,2017,0.0,ind
23965,2017,31896.0,con
24058,2017,505647.0,con
16373,2017,971817.0,ind
14346,2017,337359.0,con
24147,2017,0.0,ind
20222,2017,0.0,ind
24090,2017,183537.0,con
20710,2017,1329673.0,con
21431,2017,860158.0,con
21237,2017,4943259.0,con
19348,2017,24698000.0,con
22250,2017,0.0,ind
24422,2017,0.0,ind
23566,2017,11224639.0,ind
16942,2017,200760.0,ind
24600,2017,4036201.0,ind
19640,2017,0.0,ind
19925,2017,3361748.0,con
19909,2017,4779885.0,con
80152,2017,0.0,ind
21830,2017,86664.0,ind
21849,2017,841294.0,ind
14818,2017,0.0,ind
19097,2017,0.0,ind
19879,2017,6943759.0,con
16586,2017,0.0,ind
17884,2017,0.0,ind
15717,2017,0.0,ind
13781,2017,1658867.0,con
3050,2017,3229330.0,ind
16446,2017,0.0,ind
23604,2017,229609.0,con
18996,2017,676272.0,ind
18287,2017,0.0,con
21482,2017,4174988.0,con
16497,2017,19292.0,con
16438,2017,0.0,ind
1120,2017,799588.0,ind
19844,2017,0.0,ind
9989,2017,47521.0,con
8753,2017,78659645.0,con
20605,2017,1488306.0,con
23493,2017,1375654.0,con
23612,2017,69071.0,ind
14923,2017,581955.0,ind
6505,2017,3939000.0,con
23710,2017,87800.0,con
23477,2017,0.0,ind
20966,2017,1099274.0,con
21997,2017,605484.0,ind
24210,2017,0.0,ind
20770,2017,353465.0,con
18309,2017,2363574.0,ind
20443,2017,4641083.0,ind
23329,2017,399436.0,ind
24333,2017,0.0,ind
20184,2017,0.0,con
1520,2017,184014.0,con
11398,2017,50625.0,ind
22543,2017,642464.0,ind
19615,2017,125372.0,con
8087,2017,11608518.0,con
17850,2017,85294.0,ind
20702,2017,1041881.0,con
21857,2017,238508.0,ind
16306,2017,2042381.0,con
20931,2017,6827703.0,con
20010,2017,4834331.0,con
23841,2017,0.0,ind
9393,2017,1845140.0,con
19429,2017,0.0,ind
21202,2017,477462.0,con
14850,2017,720784.0,ind
13986,2017,14012779.0,con
23370,2017,58366.0,ind
24449,2017,0.0,ind
24635,2017,0.0,ind
20559,2017,0.0,ind
24686,2017,712102.0,ind
21717,2017,0.0,con
23060,2017,563782.0,ind
22179,2017,3434.0,ind
16861,2017,939076.0,ind
8672,2017,2364805.0,con
4723,2017,0.0,con
20435,2017,1067029.0,con
7870,2017,118227.0,con
80047,2017,1231372.0,con
20125,2017,0.0,con
15199,2017,6184299.0,ind
4170,2017,95563458.0,con
22071,2017,2130334.0,ind
18821,2017,16186507.0,con
21105,2017,0.0,ind
17493,2017,0.0,ind
5576,2017,1108251.0,ind
20320,2017,8633671.0,con
23574,2017,129279.0,con
24082,2017,0.0,ind
21709,2017,643511.0,con
8575,2017,499530.0,con
24279,2017,15450214.0,ind
12823,2017,46537.0,con
1155,2017,3552393.0,ind
16101,2017,1637568.0,con
17450,2017,8523175.0,con
5380,2017,42158.0,ind
11258,2017,249514.0,ind
24155,2017,740149.0,ind
21725,2017,0.0,con
17639,2017,6719782.0,con
14761,2017,27735.0,con
19569,2017,6379220.0,con
16675,2017,14158829.0,ind
22420,2017,0.0,ind
17914,2017,133532.0,con
21024,2017,877901.0,ind
19623,2017,1348302.0,con
906,2017,74823036.0,ind
23523,2017,0.0,ind
12696,2017,65267.0,con
22497,2017,617505.0,con
13854,2017,0.0,ind
18368,2017,1527751.0,con
23507,2017,315438.0,con
19747,2017,0.0,ind
15342,2017,856468.0,ind
16284,2017,0.0,ind
22810,2017,9066535.0,con
10472,2017,343222.0,con
7510,2017,329903.0,con
1724,2017,0.0,ind
14826,2017,5869000.0,con
23469,2017,284727.0,ind
23205,2017,332591.0,ind
18376,2017,1010450.0,con
17973,2017,544002.0,con
7617,2017,3712000.0,con
23396,2017,1773130.0,con
22853,2017,0.0,ind
21822,2017,179965.0,ind
22454,2017,43534.0,con
23760,2017,0.0,ind
80063,2017,0.0,con
14168,2017,52194.0,ind
10456,2017,592674.0,con
23280,2017,1705873.0,con
20745,2017,1901245.0,con
6700,2017,11712.0,con
15733,2017,38049.0,ind
15539,2017,11960921.0,con
11991,2017,76342.0,con
21199,2017,0.0,con
21075,2017,0.0,ind
22225,2017,296041.0,ind
10960,2017,0.0,con
9415,2017,0.0,ind
22764,2017,0.0,ind
24260,2017,469363.0,con
3824,2017,4760756.0,ind
17892,2017,229834.0,con
15121,2017,0.0,ind
20036,2017,99845.0,con
18970,2017,1446570.0,con
21520,2017,602823.0,con
24627,2017,141905.0,con
21644,2017,0.0,ind
24554,2017,0.0,ind
24589,2017,0.0,ind
23426,2017,316307.0,con
18546,2017,448659.0,ind
20621,2017,1053268.0,ind
24309,2017,0.0,ind
19763,2017,5571055.0,con
24481,2017,0.0,ind
8540,2017,76292.0,ind
14443,2017,11964143.0,ind
3395,2017,63045.0,con
21342,2017,3377997.0,con
24295,2017,12909000.0,con
20370,2017,0.0,con
9539,2017,152846307.0,con
21938,2017,721640.0,ind
1023,2017,50584588.0,ind
22950,2017,0.0,ind
22594,2017,473868.0,con
23388,2017,15068314.0,ind
20540,2017,6407871.0,con
17485,2017,2732878.0,ind
14524,2017,4994066.0,ind
20613,2017,724965.0,con
24317,2017,607973.0,con
3077,2017,235429.0,con
5312,2017,123357.0,con
22675,2017,2052598.0,con
21750,2017,0.0,ind
3549,2017,88527.0,con
23434,2017,679488.0,con
20478,2017,2982128.0,con
16535,2017,1869775.0,ind
20982,2017,2882289.0,con
23906,2017,9259169.0,ind
12858,2017,3296.0,ind
922,2017,437825.0,ind
15369,2017,33059.0,ind
24368,2017,0.0,ind
2100,2017,136699.0,con
22845,2017,6711929.0,con
18708,2017,0.0,con
3891,2017,1145666.0,ind
2461,2017,787791.0,con
8117,2017,0.0,ind
24163,2017,0.0,ind
16268,2017,15638.0,ind
9717,2017,0.0,ind
16527,2017,1180848.0,ind
22861,2017,0.0,ind
21067,2017,1301327.0,con
6041,2017,0.0,ind
18554,2017,3740.0,ind
23639,2017,0.0,ind
21962,2017,858096.0,ind
21040,2017,2462080.0,con
12793,2017,16152511.0,con
20915,2017,2313640.0,con
16209,2017,0.0,ind
22802,2017,0.0,ind
6211,2017,256168.0,con
19445,2017,3430925.0,con
16551,2017,3128.0,ind
23159,2017,1148131.0,con
19984,2017,129875.0,ind
21334,2017,11857.0,con
6076,2017,0.0,ind
80020,2017,145001.0,con
15423,2017,0.0,con
14109,2017,2429318.0,con
17868,2017,0.0,ind
19208,2017,58941.0,ind
8133,2018,1870816.0,con
23868,2018,944813.0,con
24864,2018,378433.0,ind
16624,2018,0.0,ind
23035,2018,97288.0,con
23515,2018,3640902.0,ind
22985,2018,0.0,ind
17558,2018,0.0,ind
24139,2018,49275.0,ind
19119,2018,0.0,ind
10880,2018,0.0,con
24848,2018,2105.0,con
22519,2018,92044.0,con
4448,2018,6994742.0,con
16616,2018,920581.0,ind
16772,2018,1891375.0,ind
4863,2018,0.0,con
17930,2018,433380.0,ind
20303,2018,5682691.0,ind
20060,2018,149966.0,con
24180,2018,9104634.0,con
23671,2018,897600.0,ind
19364,2018,406910.0,ind
3069,2018,66382.0,con
21920,2018,11764.0,ind
19186,2018,931323.0,ind
5207,2018,13465.0,con
3450,2018,14445.0,ind
20257,2018,3005160.0,con
1171,2018,1261077.0,ind
23680,2018,828010.0,ind
22357,2018,974377.0,con
20346,2018,757205.0,con
24384,2018,1487201.0,con
21555,2018,1473656.0,con
22926,2018,667238.0,ind
4537,2018,0.0,con
19100,2018,1219148.0,con
14966,2018,2179002.0,ind
23884,2018,470736.0,ind
8427,2018,56375.0,con
23272,2018,930034.0,con
22144,2018,997162.0,ind
14460,2018,2574040.0,con
21180,2018,0.0,con
23990,2018,0.0,ind
17922,2018,0.0,ind
24538,2018,245716.0,ind
20800,2018,222874.0,con
22217,2018,0.0,con
1562,2018,32102.0,con
12319,2018,5286.0,con
1325,2018,556.0,con
16985,2018,1070355.0,ind
23221,2018,314860.0,con
24872,2018,55189.0,con
22551,2018,1878024.0,con
7811,2018,931885.0,con
23825,2018,1861040.0,con
23540,2018,385998.0,ind
4146,2018,400328.0,con
21130,2018,223929.0,con
19720,2018,0.0,ind
20001,2018,0.0,ind
23957,2018,20420.0,con
1309,2018,18271.0,ind
22659,2018,0.0,ind
25178,2018,339386.0,ind
24660,2018,83342.0,con
13439,2018,20579.0,ind
21008,2018,1306183.0,con
23442,2018,711080.0,ind
6629,2018,324582.0,ind
24678,2018,0.0,ind
24570,2018,15114861.0,ind
20494,2018,2139285.0,con
8192,2018,46792.0,con
23981,2018,228241.0,ind
9040,2018,125559.0,con
23019,2018,1290.0,ind
4693,2018,97384.0,ind
23701,2018,0.0,ind
13366,2018,52619684.0,con
13447,2018,0.0,ind
14869,2018,1292554.0,ind
20729,2018,685558.0,ind
11762,2018,94799.0,con
20630,2018,0.0,con
15636,2018,4212504.0,ind
23264,2018,2553050.0,con
19852,2018,1536536.0,ind
19860,2018,0.0,ind
701,2018,124.0,con
12530,2018,3710.0,con
24171,2018,2477000.0,con
24767,2018,139794.0,ind
19992,2018,671694.0,con
19658,2018,64287.0,con
20338,2018,341676.0,con
18627,2018,2716838.0,ind
24252,2018,0.0,con
503711,2018,5396961.0,ind
19135,2018,0.0,ind
11215,2018,8088.0,ind
1384,2018,53410.0,con
21350,2018,893951.0,con
14206,2018,3840933.0,ind
21970,2018,471329.0,ind
24546,2018,22167.0,con
4820,2018,23647562.0,con
21490,2018,4763171.0,con
19941,2018,11681.0,ind
23809,2018,621815.0,ind
19470,2018,0.0,ind
14664,2018,399835.0,con
20044,2018,69554.0,ind
21466,2018,0.0,con
24015,2018,5582326.0,ind
12190,2018,244948.0,con
21636,2018,1293338.0,con
22616,2018,809611.0,ind
5762,2018,97458.0,con
3115,2018,283056.0,con
20133,2018,0.0,ind
80179,2018,246422904.0,con
3654,2018,9972.0,con
21148,2018,270165.0,con
13471,2018,370963.0,con
4774,2018,2253.0,con
21440,2018,1026614.0,con
8605,2018,28473439.0,ind
18589,2018,93757.0,ind
22977,2018,681698.0,ind
23698,2018,8623749.0,ind
13765,2018,1473.0,con
23744,2018,141769.0,ind
23620,2018,3123966.0,con
21032,2018,1540058.0,con
19232,2018,15830.0,ind
24040,2018,0.0,ind
20648,2018,597775.0,ind
18430,2018,224289.0,ind
15024,2018,412125.0,ind
24066,2018,1152493.0,ind
23930,2018,0.0,con
9342,2018,158371.0,con
23000,2018,848388.0,con
22268,2018,1546747.0,ind
24236,2018,65176.0,con
14320,2018,6635779.0,con
10561,2018,0.0,ind
19305,2018,154970.0,con
1694,2018,0.0,ind
16241,2018,426263.0,ind
9954,2018,0.0,ind
3298,2018,71172.0,con
7595,2018,650533.0,con
19739,2018,6477679.0,con
23817,2018,1563.0,con
23248,2018,275818.0,con
2577,2018,388684.0,ind
14605,2018,2318456.0,ind
21016,2018,567321.0,con
6343,2018,1621556.0,con
24520,2018,0.0,ind
11223,2018,379024.0,con
15253,2018,8890553.0,con
23175,2018,1111687.0,con
22489,2018,0.0,ind
17540,2018,0.0,ind
24813,2018,1515276.0,con
24740,2018,5515606.0,con
17388,2018,0.0,ind
11592,2018,840368.0,con
17965,2018,0.0,ind
20192,2018,2888628.0,ind
22560,2018,509806.0,con
18660,2018,20168583.0,con
24392,2018,0.0,con
15784,2018,0.0,ind
24457,2018,0.0,ind
24350,2018,114057.0,con
20397,2018,1194292.0,ind
18333,2018,0.0,ind
23892,2018,953409.0,ind
16748,2018,475578.0,ind
4669,2018,1299686.0,con
22586,2018,0.0,con
11312,2018,54515233.0,con
21393,2018,5040.0,con
8036,2018,6646921.0,ind
4081,2018,192769.0,con
22608,2018,713376.0,ind
20885,2018,960931.0,ind
24287,2018,17990250.0,ind
24430,2018,0.0,ind
20788,2018,12458980.0,con
19330,2018,2066696.0,con
18597,2018,9343.0,ind
14133,2018,549.0,con
21610,2018,5634693.0,con
24716,2018,812487.0,con
21814,2018,0.0,ind
23230,2018,10318691.0,con
19771,2018,6090874.0,con
21989,2018,707113.0,ind
24104,2018,472676.0,ind
17671,2018,8461841.0,con
18538,2018,1983.0,ind
19593,2018,58667.0,ind
22055,2018,1004225.0,con
17329,2018,6756416.0,con
23590,2018,0.0,con
24694,2018,372665.0,con
13773,2018,513561.0,con
16292,2018,20444378.0,con
11070,2018,1809.0,con
3190,2018,4927042.0,con
4685,2018,2767.0,ind
5770,2018,351300.0,con
20818,2018,0.0,ind
22942,2018,1432944.0,con
22080,2018,1562717083.0,ind
6173,2018,692683.0,con
19275,2018,1770201.0,ind
23353,2018,13102166.0,ind
21741,2018,0.0,ind
24724,2018,0.0,ind
11932,2018,2843276.0,con
22390,2018,0.0,ind
21091,2018,3174824.0,con
21881,2018,1054924.0,con
23310,2018,911294.0,con
20796,2018,1569274.0,ind
18406,2018,0.0,ind
24651,2018,0.0,ind
15083,2018,412125.0,con
20516,2018,3719060.0,con
7544,2018,72894.0,con
18724,2018,1711854.0,con
4707,2018,0.0,con
13030,2018,9918.0,con
19224,2018,0.0,ind
22349,2018,181745.0,con
1228,2018,6397544.0,ind
14451,2018,506970.0,con
15300,2018,6919710.0,ind
15458,2018,29736.0,con
21903,2018,5653698.0,con
22020,2018,8268975.0,con
24201,2018,158756.0,con
11231,2018,5791.0,con
16705,2018,0.0,ind
3980,2018,16509584.0,con
18953,2018,10295817.0,con
24708,2018,5227641.0,ind
24929,2018,44317.0,ind
94,2018,275635.0,con
11975,2018,35148.0,con
23167,2018,1301453.0,ind
23485,2018,9670946.0,con
14613,2018,42143.0,ind
18236,2018,0.0,ind
19577,2018,500036.0,ind
2437,2018,46670390.0,con
22365,2018,325182.0,con
23795,2018,0.0,con
20532,2018,63230987.0,ind
15091,2018,0.0,con
24597,2018,0.0,con
18414,2018,0.0,con
23582,2018,310143.0,ind
8451,2018,1943477.0,con
20052,2018,0.0,ind
20877,2018,2050969.0,con
23132,2018,190980.0,ind
8397,2018,568439.0,con
22721,2018,1338875.0,ind
24228,2018,1657290.0,con
4359,2018,168789.0,ind
25607,2018,202441.0,ind
9083,2018,37280.0,ind
20362,2018,531307.0,con
4030,2018,29510844.0,con
12572,2018,6746.0,con
14362,2018,3228942.0,ind
22160,2018,0.0,ind
2453,2018,14397697.0,con
21512,2018,0.0,ind
8818,2018,0.0,ind
23922,2018,983442.0,ind
9067,2018,12192213.0,con
8893,2018,62749.0,con
15709,2018,1263554.0,ind
22683,2018,150843.0,ind
3158,2018,1413897.0,con
15865,2018,0.0,ind
23949,2018,0.0,ind
25828,2018,576278.0,ind
20451,2018,327682.0,con
19453,2018,5998616.0,con
19151,2018,656542.0,ind
18465,2018,13590594.0,con
19836,2018,9674994.0,con
22691,2018,1433405.0,con
24759,2018,0.0,ind
22799,2018,21856.0,con
14214,2018,0.0,ind
22446,2018,216662.0,ind
24376,2018,39029.0,ind
22004,2018,639331.0,ind
15741,2018,701569.0,ind
22470,2018,871498.0,con
11207,2018,34467.0,con
16993,2018,85972.0,con
24902,2018,26396.0,con
23558,2018,0.0,ind
19550,2018,9331900.0,con
9512,2018,361483000.0,con
2429,2018,772096.0,con
22780,2018,0.0,con
24120,2018,0.0,con
15407,2018,211.0,ind
4782,2018,8164876.0,ind
21946,2018,0.0,ind
22411,2018,852710.0,ind
20990,2018,6242029.0,con
16608,2018,2989767.0,ind
22500,2018,1015916.0,con
12653,2018,19549411.0,con
14303,2018,3963.0,ind
20354,2018,791696.0,con
1210,2018,406169.0,con
21733,2018,9245353.0,con
1570,2018,397.0,ind
23850,2018,0.0,ind
20567,2018,1912146.0,ind
23833,2018,839782.0,ind
3271,2018,407746.0,ind
18759,2018,0.0,ind
20087,2018,13888790.0,con
15695,2018,0.0,ind
3328,2018,2244315.0,con
6815,2018,807114.0,con
18775,2018,9489988.0,con
20524,2018,1678556.0,con
21121,2018,1584533.0,con
23531,2018,4238801.0,con
24406,2018,930879.0,ind
23302,2018,9029733.0,con
14311,2018,9830483.0,con
1597,2018,0.0,con
20958,2018,234728.0,con
22187,2018,128023.0,con
16632,2018,131801.0,con
20575,2018,57024651.0,con
24490,2018,0.0,con
17949,2018,2728829.0,ind
20672,2018,0.0,ind
5410,2018,4056442.0,con
13285,2018,821267.0,con
16659,2018,0.0,con
24112,2018,3489887.0,con
24341,2018,805920686.0,ind
9520,2018,0.0,ind
8745,2018,32194.0,con
24821,2018,11846585.0,con
14176,2018,3569012.0,ind
21628,2018,0.0,ind
5258,2018,610959.0,con
22276,2018,0.0,ind
19062,2018,2224369.0,con
18139,2018,1510835.0,ind
24619,2018,82169.0,ind
24732,2018,0.0,ind
21156,2018,592277.0,con
19011,2018,206885.0,ind
5983,2018,23760.0,con
17434,2018,0.0,ind
24473,2018,477400.0,con
8656,2018,17217230.0,con
22012,2018,299375.0,ind
21300,2018,0.0,con
15822,2018,1322.0,ind
3204,2018,405954.0,con
18066,2018,0.0,ind
24937,2018,360491.0,ind
20028,2018,805484.0,con
22667,2018,0.0,ind
23965,2018,36463.0,con
24058,2018,599252.0,con
16373,2018,780277.0,ind
14346,2018,1179456.0,con
24147,2018,0.0,ind
20222,2018,0.0,ind
24090,2018,279376.0,con
20710,2018,1270106.0,con
21431,2018,656329.0,con
21237,2018,4355592.0,con
19348,2018,26746000.0,con
22250,2018,0.0,ind
24422,2018,0.0,ind
23566,2018,13184714.0,ind
16942,2018,207562.0,ind
24600,2018,6357115.0,ind
19640,2018,0.0,ind
19925,2018,2855420.0,con
19909,2018,3319241.0,con
80152,2018,0.0,ind
21849,2018,588558.0,ind
14818,2018,0.0,ind
19097,2018,0.0,ind
19879,2018,7410569.0,con
16586,2018,0.0,ind
17884,2018,0.0,ind
15717,2018,0.0,ind
13781,2018,1498001.0,con
24899,2018,0.0,ind
3050,2018,3099230.0,ind
16446,2018,0.0,ind
24643,2018,0.0,ind
23604,2018,235760.0,con
18996,2018,733770.0,ind
18287,2018,0.0,con
16497,2018,19227.0,con
16438,2018,0.0,ind
1120,2018,914767.0,ind
9989,2018,41231.0,con
8753,2018,26301653.0,con
20605,2018,1338317.0,con
23493,2018,0.0,con
23612,2018,0.0,con
14923,2018,553644.0,ind
24910,2018,68088.0,con
6505,2018,4199000.0,con
23710,2018,53443.0,con
23477,2018,0.0,ind
25135,2018,236809.0,ind
20966,2018,1075636.0,con
24880,2018,517594.0,ind
21997,2018,562853.0,ind
24210,2018,0.0,ind
20770,2018,235651.0,con
18309,2018,2866563.0,ind
20443,2018,4955764.0,ind
23329,2018,425824.0,ind
24333,2018,0.0,ind
20184,2018,0.0,con
1520,2018,197381.0,con
11398,2018,2439.0,ind
22543,2018,645909.0,ind
24830,2018,4296986.0,con
19615,2018,123627.0,con
8087,2018,15624759.0,con
17850,2018,65891.0,ind
20702,2018,589520.0,con
21857,2018,157429.0,ind
16306,2018,1754819.0,con
20931,2018,9607008.0,con
20010,2018,6970241.0,con
23841,2018,0.0,ind
9393,2018,1927978.0,con
19429,2018,0.0,ind
21202,2018,375788.0,con
14850,2018,716865.0,ind
13986,2018,12191856.0,con
23370,2018,41341.0,ind
24686,2018,712102.0,ind
24635,2018,0.0,ind
20559,2018,12285.0,ind
21717,2018,0.0,con
23060,2018,774583.0,ind
22179,2018,2705.0,ind
16861,2018,1162261.0,ind
8672,2018,2231897.0,con
4723,2018,0.0,con
20435,2018,699814.0,con
7870,2018,79511.0,con
80047,2018,1177248.0,con
20125,2018,0.0,con
15199,2018,6222866.0,ind
4170,2018,74392247.0,con
22071,2018,2024135.0,ind
18821,2018,16905247.0,con
21105,2018,0.0,ind
17493,2018,0.0,ind
5576,2018,1193513.0,ind
20320,2018,8320163.0,con
23574,2018,171220.0,con
24082,2018,0.0,ind
21709,2018,614660.0,con
8575,2018,175982.0,con
24279,2018,38462.0,con
12823,2018,66136.0,con
1155,2018,4744420.0,ind
16101,2018,1104898.0,con
17450,2018,9670946.0,con
5380,2018,54450.0,con
11258,2018,251478.0,ind
24155,2018,909656.0,ind
21725,2018,0.0,con
17639,2018,4690944.0,con
14761,2018,27293.0,con
19569,2018,7105667.0,con
16675,2018,14158829.0,ind
22420,2018,0.0,ind
17914,2018,142056.0,con
21024,2018,956139.0,ind
19623,2018,1792368.0,con
906,2018,108745884.0,ind
23523,2018,0.0,ind
12696,2018,68009.0,con
22497,2018,613790.0,con
13854,2018,0.0,ind
18368,2018,1487694.0,con
23507,2018,313100.0,con
19747,2018,0.0,ind
15342,2018,983576.0,ind
16284,2018,0.0,ind
22810,2018,8052070.0,con
10472,2018,317667.0,con
7510,2018,249469.0,con
1724,2018,0.0,ind
14826,2018,4588000.0,con
23469,2018,356146.0,ind
18376,2018,1942988.0,con
17973,2018,303881.0,con
7617,2018,4756000.0,con
23396,2018,3102144.0,con
22853,2018,0.0,ind
21822,2018,100210.0,ind
22454,2018,25709.0,con
23760,2018,0.0,ind
80063,2018,4002.0,con
14168,2018,58465.0,ind
10456,2018,733643.0,con
23280,2018,1538843.0,con
20745,2018,1589174.0,con
6700,2018,7688.0,con
15733,2018,39479.0,ind
15539,2018,18314238.0,con
11991,2018,71546.0,con
21199,2018,5413483.0,ind
21075,2018,0.0,ind
22225,2018,203799.0,ind
10960,2018,0.0,ind
24511,2018,2344343.0,ind
9415,2018,0.0,ind
22764,2018,0.0,ind
24260,2018,1236973.0,con
3824,2018,3424942.0,ind
17892,2018,233098.0,con
15121,2018,0.0,ind
20036,2018,112175.0,con
18970,2018,3589621.0,con
21520,2018,1289912.0,con
24627,2018,103917.0,con
21644,2018,0.0,ind
24554,2018,0.0,ind
24589,2018,0.0,con
23426,2018,1882729.0,con
18546,2018,413802.0,ind
20621,2018,1230427.0,ind
24309,2018,103876875.0,ind
19763,2018,6057679.0,con
24481,2018,0.0,ind
8540,2018,29662.0,ind
14443,2018,12100966.0,ind
3395,2018,60329.0,con
21342,2018,3729125.0,con
24295,2018,4712000.0,con
20370,2018,0.0,con
25623,2018,2838669.0,ind
9539,2018,110121409.0,con
21938,2018,812970.0,ind
1023,2018,43452754.0,ind
22594,2018,383701.0,con
23388,2018,15052332.0,ind
20540,2018,6510808.0,con
17485,2018,2978062.0,ind
14524,2018,5350982.0,ind
20613,2018,828797.0,con
24317,2018,485707.0,con
3077,2018,232464.0,con
5312,2018,145781.0,con
22675,2018,2135022.0,con
24562,2018,0.0,ind
21750,2018,0.0,ind
3549,2018,88444.0,con
23434,2018,694276.0,ind
20478,2018,1542922.0,con
20982,2018,2733713.0,con
23906,2018,30095729.0,ind
922,2018,345141.0,ind
15369,2018,0.0,ind
24368,2018,0.0,ind
2100,2018,105522.0,con
22845,2018,6288654.0,con
18708,2018,0.0,con
3891,2018,3278675.0,ind
2461,2018,482682.0,con
8117,2018,0.0,ind
24163,2018,0.0,ind
16268,2018,16929.0,ind
9717,2018,3.0,ind
16527,2018,1374327.0,ind
22861,2018,0.0,ind
21067,2018,1276283.0,con
6041,2018,0.0,ind
18554,2018,0.0,ind
23639,2018,0.0,ind
21962,2018,788014.0,ind
21040,2018,1660027.0,con
12793,2018,19298563.0,con
20915,2018,3472345.0,con
16209,2018,0.0,ind
22802,2018,0.0,ind
6211,2018,220256.0,con
19445,2018,3136099.0,con
16551,2018,3111.0,ind
23159,2018,1158209.0,con
19984,2018,107964.0,ind
21334,2018,13008.0,con
6076,2018,0.0,ind
80020,2018,0.0,con
15423,2018,0.0,con
14109,2018,2207658.0,con
17868,2018,0.0,ind
19208,2018,42145.0,ind
23868,2019,1011996.0,ind
24864,2019,605254.0,ind
16624,2019,0.0,ind
23035,2019,249981.0,con
24139,2019,79871.0,ind
24848,2019,1848.0,con
24945,2019,627601.0,ind
22519,2019,106324.0,con
4448,2019,8060891.0,con
16772,2019,1962927.0,ind
4863,2019,0.0,con
17930,2019,271921.0,ind
24180,2019,10078353.0,con
23671,2019,872001.0,ind
19364,2019,289253.0,ind
3069,2019,396815.0,con
19186,2019,965708.0,ind
80187,2019,118573.0,con
25453,2019,201129.0,con
22357,2019,0.0,con
20346,2019,636010.0,con
25194,2019,128847.0,con
24384,2019,937313.0,con
21555,2019,1630987.0,con
22926,2019,624330.0,ind
19100,2019,149746.0,con
22144,2019,1115110.0,ind
14460,2019,2371488.0,con
17922,2019,0.0,ind
24538,2019,421817.0,ind
16985,2019,1357253.0,ind
24872,2019,58353.0,con
7811,2019,619803.0,con
4146,2019,488884.0,con
21130,2019,276997.0,con
19720,2019,0.0,ind
20001,2019,0.0,ind
24988,2019,1100296.0,ind
23957,2019,35434.0,con
1309,2019,25757.0,ind
24660,2019,127335.0,con
21008,2019,1238522.0,con
23442,2019,705780.0,ind
24791,2019,89187.0,ind
24570,2019,15114861.0,ind
20494,2019,2241319.0,con
8192,2019,41402.0,con
23981,2019,0.0,con
24970,2019,0.0,ind
23701,2019,0.0,ind
13366,2019,43892958.0,con
20729,2019,899697.0,ind
11762,2019,60006.0,con
23264,2019,4103663.0,con
24996,2019,53472.0,ind
25267,2019,0.0,ind
24171,2019,1913000.0,con
19992,2019,478659.0,con
19658,2019,47930.0,con
18627,2019,2771318.0,ind
26166,2019,146570.0,con
1384,2019,4180.0,con
19470,2019,0.0,ind
14664,2019,515142.0,con
20044,2019,54977.0,ind
24015,2019,5590778.0,ind
21636,2019,412256.0,con
22616,2019,1118929.0,ind
25445,2019,162344.0,con
80179,2019,215619927.0,con
13471,2019,444485.0,con
21440,2019,1111712.0,con
8605,2019,44291995.0,ind
18589,2019,93311.0,ind
22977,2019,648272.0,ind
23698,2019,11173625.0,ind
24805,2019,270353867.0,con
13765,2019,697.0,con
23744,2019,90149.0,ind
23620,2019,3882970.0,con
19232,2019,14816.0,ind
20648,2019,802728.0,ind
24066,2019,1090572.0,ind
9342,2019,140849.0,con
23000,2019,1207879.0,con
10561,2019,0.0,ind
25259,2019,1487.0,con
19305,2019,147319.0,con
9954,2019,0.0,ind
23248,2019,396797.0,con
2577,2019,215636.0,ind
21016,2019,817215.0,con
24520,2019,0.0,ind
15253,2019,15698841.0,con
23175,2019,1197382.0,con
22489,2019,0.0,ind
24740,2019,6604886.0,con
11592,2019,1027846.0,con
17965,2019,0.0,ind
20192,2019,2528437.0,ind
22560,2019,524285.0,con
18660,2019,20376804.0,con
15784,2019,0.0,ind
24457,2019,387668.0,ind
24350,2019,142699.0,con
18333,2019,0.0,ind
16748,2019,634228.0,ind
4081,2019,286684.0,con
20788,2019,15238661.0,con
18597,2019,9332.0,ind
19771,2019,7188164.0,con
21989,2019,662597.0,ind
17671,2019,6139437.0,con
18538,2019,953.0,ind
19593,2019,56437.0,ind
22055,2019,1016331.0,con
17329,2019,9720234.0,con
13773,2019,595637.0,con
5770,2019,443537.0,con
22942,2019,1811594.0,con
19275,2019,2137561.0,ind
23353,2019,15146978.0,ind
24724,2019,0.0,ind
24856,2019,0.0,con
24651,2019,0.0,ind
25658,2019,284397.0,con
20516,2019,3924897.0,con
7544,2019,189074.0,con
19224,2019,0.0,ind
14451,2019,537060.0,con
22020,2019,12001358.0,con
24201,2019,143536.0,con
11231,2019,6363.0,con
16705,2019,0.0,ind
94,2019,297000.0,con
23167,2019,1576225.0,ind
24775,2019,937313.0,con
23795,2019,0.0,con
23582,2019,382032.0,ind
20052,2019,0.0,ind
20877,2019,1819327.0,con
8397,2019,631660.0,con
24228,2019,1285689.0,con
4359,2019,231025.0,ind
25607,2019,303577.0,ind
9083,2019,37280.0,ind
20362,2019,610235.0,con
22160,2019,0.0,ind
9067,2019,35737509.0,con
15709,2019,1514969.0,ind
25828,2019,848347.0,ind
19453,2019,7508509.0,con
19836,2019,9957138.0,con
22691,2019,3892841.0,con
24759,2019,0.0,ind
22004,2019,583681.0,ind
15741,2019,755033.0,ind
22470,2019,455967.0,con
25348,2019,238598.0,con
24902,2019,114369.0,con
23558,2019,0.0,ind
19550,2019,7994145.0,con
2429,2019,824966.0,con
4782,2019,9164653.0,ind
12653,2019,19445672.0,con
14303,2019,4267.0,ind
20354,2019,882755.0,con
1210,2019,26809.0,con
23850,2019,0.0,ind
25127,2019,0.0,con
20567,2019,3710746.0,ind
23833,2019,846820.0,ind
18759,2019,0.0,ind
18775,2019,9296146.0,con
21121,2019,1470935.0,con
23531,2019,6638413.0,con
23302,2019,23107112.0,con
25461,2019,14493.0,con
20958,2019,274552.0,con
22187,2019,317827.0,con
24490,2019,7611425.0,con
20672,2019,0.0,ind
13285,2019,901088.0,con
16659,2019,0.0,con
24112,2019,2756126.0,con
24341,2019,1699539.0,ind
24821,2019,11846585.0,con
21628,2019,0.0,ind
22276,2019,0.0,ind
24732,2019,0.0,ind
25216,2019,0.0,ind
21156,2019,560820.0,con
19011,2019,127686.0,ind
18066,2019,0.0,ind
24937,2019,294407.0,ind
20028,2019,830841.0,con
25232,2019,0.0,ind
24058,2019,605511.0,con
20222,2019,0.0,ind
24090,2019,239084.0,con
21431,2019,564309.0,con
22250,2019,0.0,ind
25003,2019,12214429.0,con
24422,2019,1112055.0,ind
19640,2019,0.0,ind
19909,2019,2779083.0,con
80152,2019,0.0,ind
21849,2019,1146333.0,ind
19097,2019,0.0,ind
17884,2019,0.0,ind
16446,2019,0.0,ind
18996,2019,948488.0,ind
18287,2019,0.0,con
16497,2019,6408.0,con
1120,2019,873681.0,ind
8753,2019,21438261.0,con
23493,2019,0.0,con
23612,2019,143838.0,ind
25836,2019,49567.0,con
25089,2019,257293458.0,ind
6505,2019,4325000.0,con
20966,2019,1093381.0,con
24880,2019,750368.0,ind
24210,2019,1678046.0,ind
20770,2019,91338.0,con
20443,2019,5123373.0,ind
23329,2019,486984.0,ind
25305,2019,46260.0,con
24333,2019,1593.0,ind
20184,2019,0.0,con
26263,2019,-2.0,ind
1520,2019,213614.0,con
24830,2019,4511785.0,con
17850,2019,46810.0,ind
8087,2019,15624473.0,con
20702,2019,268367.0,con
16306,2019,1604295.0,con
20010,2019,11536180.0,con
21202,2019,857641.0,con
25739,2019,581626.0,con
14850,2019,771494.0,ind
13986,2019,35737509.0,con
23370,2019,23789.0,ind
24686,2019,7387134.0,ind
24635,2019,0.0,ind
20559,2019,13187.0,ind
25100,2019,217596.0,con
8672,2019,2329216.0,con
4723,2019,0.0,con
20435,2019,608660.0,con
80047,2019,1191156.0,con
20125,2019,0.0,con
15199,2019,6386185.0,ind
17493,2019,0.0,ind
25224,2019,15137.0,con
25062,2019,0.0,con
5576,2019,1461891.0,ind
20320,2019,8198912.0,con
25038,2019,245489.0,con
23574,2019,297708.0,con
24082,2019,0.0,ind
21709,2019,748918.0,con
12823,2019,63028.0,con
16101,2019,889413.0,con
11258,2019,255937.0,ind
14761,2019,0.0,con
19569,2019,6443807.0,con
16675,2019,14158829.0,ind
22420,2019,0.0,ind
17914,2019,172412.0,con
906,2019,134919085.0,ind
12696,2019,85414.0,con
22497,2019,615726.0,con
18368,2019,1524034.0,con
16284,2019,0.0,ind
22810,2019,7314815.0,con
10472,2019,172871.0,con
7510,2019,313589.0,con
23469,2019,383260.0,ind
25020,2019,11015.0,ind
18376,2019,3014967.0,con
17973,2019,7683622.0,con
7617,2019,4071000.0,con
23396,2019,4208695.0,con
22853,2019,0.0,ind
22454,2019,120896.0,con
23760,2019,0.0,ind
14168,2019,65489.0,ind
21075,2019,0.0,ind
22225,2019,180909.0,ind
10960,2019,0.0,ind
24511,2019,2344.0,ind
25488,2019,9724.0,con
24260,2019,1809001.0,con
17892,2019,227395.0,con
24627,2019,225131.0,con
24589,2019,250580.0,con
20621,2019,1002217.0,ind
8540,2019,107457.0,ind
3395,2019,53903.0,con
24295,2019,5572000.0,con
25623,2019,3323329.0,ind
9539,2019,102810798.0,con
25330,2019,465940.0,con
23388,2019,14965152.0,ind
20540,2019,5558834.0,con
17485,2019,3951882.0,ind
14524,2019,6286354.0,ind
22675,2019,2941146.0,con
24562,2019,0.0,ind
21750,2019,0.0,ind
3549,2019,26836.0,con
20478,2019,1607306.0,con
25402,2019,415347.0,con
23906,2019,36136427.0,ind
922,2019,638801.0,ind
15369,2019,0.0,ind
2100,2019,64763.0,con
18708,2019,0.0,con
22861,2019,0.0,ind
6041,2019,0.0,ind
18554,2019,0.0,ind
21962,2019,1640447.0,ind
21040,2019,1733781.0,con
20915,2019,2863018.0,con
25577,2019,1822222.0,ind
6211,2019,371760.0,con
19445,2019,3542068.0,con
6076,2019,0.0,ind
15423,2019,0.0,con
19208,2019,38952.0,ind
8133,2019,1923588.0,con
25321,2019,593669.0,con
23515,2019,3440129.0,ind
22985,2019,0.0,ind
17558,2019,6.0,ind
19119,2019,0.0,ind
10880,2019,0.0,con
16616,2019,902779.0,ind
25291,2019,0.0,con
20303,2019,6263408.0,ind
20060,2019,175731.0,con
21920,2019,13400.0,ind
25550,2019,508926.0,con
5207,2019,27021.0,con
3450,2019,13030.0,ind
20257,2019,3299955.0,con
1171,2019,1554279.0,ind
23680,2019,787493.0,ind
4537,2019,0.0,con
14966,2019,1293.0,ind
23884,2019,734353.0,ind
8427,2019,58795.0,con
23272,2019,940313.0,con
21180,2019,0.0,con
23990,2019,0.0,ind
25470,2019,0.0,con
20800,2019,160200.0,con
22217,2019,0.0,con
1562,2019,31957.0,con
12319,2019,5286.0,con
1325,2019,260.0,con
23221,2019,306218.0,con
23825,2019,2265932.0,con
23540,2019,363527.0,ind
25178,2019,274916.0,ind
13439,2019,8660.0,con
6629,2019,324582.0,ind
9040,2019,132042.0,con
23019,2019,0.0,ind
4693,2019,128712.0,ind
13447,2019,0.0,ind
14869,2019,1888357.0,ind
20630,2019,0.0,con
15636,2019,3651545.0,ind
25631,2019,579241.0,ind
25410,2019,358528.0,con
19852,2019,1343310.0,ind
701,2019,62.0,con
24767,2019,87559.0,ind
20338,2019,1252785.0,con
24252,2019,0.0,con
19135,2019,0.0,ind
11215,2019,233.0,ind
21350,2019,997592.0,con
14206,2019,4028776.0,ind
21970,2019,454151.0,ind
24546,2019,42058.0,con
4820,2019,25164933.0,con
21490,2019,6403270.0,con
23809,2019,641414.0,ind
21466,2019,8891.0,con
12190,2019,294468.0,con
5762,2019,130925.0,con
3115,2019,279334.0,con
20133,2019,0.0,ind
3654,2019,9421.0,con
25399,2019,47283.0,con
21148,2019,542491.0,con
25143,2019,26206.0,con
25615,2019,303972.0,ind
24040,2019,0.0,ind
21032,2019,1849456.0,con
18430,2019,214749.0,ind
15024,2019,412125.0,ind
23930,2019,1886.0,con
22268,2019,1459487.0,ind
24236,2019,67637.0,con
14320,2019,5849790.0,con
25372,2019,0.0,con
1694,2019,0.0,ind
16241,2019,418769.0,ind
3298,2019,110819.0,con
7595,2019,618109.0,con
19739,2019,7645978.0,con
23817,2019,17925.0,con
14605,2019,3179359.0,ind
6343,2019,1406923.0,con
11223,2019,425906.0,con
24813,2019,1986442.0,con
24392,2019,0.0,con
20397,2019,1244376.0,ind
23892,2019,884647.0,ind
4669,2019,2142984.0,con
22586,2019,71719.0,con
11312,2019,16449906.0,con
21393,2019,73483.0,con
8036,2019,8816927.0,ind
25097,2019,27950218.0,ind
22608,2019,954404.0,ind
20885,2019,1081304.0,ind
24287,2019,18103060.0,ind
24430,2019,681617.0,ind
19330,2019,1942670.0,con
21610,2019,4509159.0,con
24716,2019,931385.0,con
21814,2019,0.0,ind
23230,2019,10779596.0,con
24104,2019,501141.0,ind
25585,2019,2783048.0,con
23590,2019,0.0,con
24694,2019,358625.0,con
16292,2019,22165444.0,con
11070,2019,8468.0,con
3190,2019,6679063.0,con
4685,2019,1226.0,ind
20818,2019,0.0,con
22080,2019,720181.0,ind
6173,2019,816691.0,con
21741,2019,0.0,ind
11932,2019,2813705.0,con
25186,2019,792488.0,con
22390,2019,0.0,ind
21091,2019,2862604.0,con
21881,2019,1259176.0,con
20796,2019,0.0,con
23310,2019,1413500.0,con
24783,2019,7994145.0,con
18406,2019,0.0,ind
15083,2019,412125.0,con
25380,2019,0.0,ind
18724,2019,209861.0,con
4707,2019,0.0,con
13030,2019,5012.0,con
22349,2019,111418.0,con
1228,2019,6063949.0,ind
15300,2019,8008778.0,ind
25356,2019,0.0,ind
25704,2019,81508.0,ind
15458,2019,39978.0,con
21903,2019,5966458.0,con
3980,2019,14906714.0,con
18953,2019,8766642.0,con
24708,2019,5253165.0,ind
24929,2019,1663017.0,ind
11975,2019,28812.0,con
25526,2019,853078.0,con
23485,2019,10594381.0,con
14613,2019,45099.0,ind
18236,2019,0.0,ind
19577,2019,402984.0,ind
2437,2019,55817141.0,con
22365,2019,289825.0,con
20532,2019,60068843.0,ind
15091,2019,0.0,con
24597,2019,542349.0,con
18414,2019,0.0,con
8451,2019,1934208.0,con
23132,2019,198263.0,ind
22721,2019,1348182.0,ind
4030,2019,28827074.0,con
12572,2019,0.0,con
14362,2019,4714702.0,ind
2453,2019,14771828.0,con
21512,2019,0.0,ind
8818,2019,9527.0,ind
23922,2019,982092.0,ind
8893,2019,154474.0,con
22683,2019,119731.0,ind
3158,2019,1548367.0,con
23949,2019,0.0,ind
20451,2019,317559.0,con
19151,2019,834349.0,ind
18465,2019,15206149.0,con
22799,2019,14609.0,con
14214,2019,0.0,ind
22446,2019,38869.0,ind
25160,2019,122529.0,con
11207,2019,34467.0,con
16993,2019,79743.0,con
9512,2019,326876000.0,con
22780,2019,0.0,con
24120,2019,1678046.0,con
25208,2019,5.0,con
15407,2019,62.0,ind
22411,2019,798824.0,ind
20990,2019,6844265.0,con
16608,2019,2374861.0,ind
21733,2019,7862977.0,con
1570,2019,207.0,ind
3271,2019,429635.0,ind
25763,2019,154010.0,con
20087,2019,14134065.0,con
3328,2019,1650334.0,con
6815,2019,897242.0,con
25500,2019,0.0,ind
20524,2019,1567034.0,con
24406,2019,1448427.0,ind
14311,2019,11565438.0,con
1597,2019,0.0,con
16632,2019,187069.0,con
20575,2019,56153528.0,con
17949,2019,2477126.0,ind
5410,2019,3772114.0,con
9520,2019,0.0,ind
8745,2019,23750.0,con
14176,2019,4066332.0,ind
5258,2019,843150.0,con
18139,2019,1655410.0,ind
26115,2019,183423.0,ind
5983,2019,21449.0,con
17434,2019,0.0,ind
24473,2019,266859.0,con
8656,2019,15555565.0,con
22012,2019,181185.0,con
15822,2019,608.0,ind
3204,2019,587343.0,con
23965,2019,60171.0,con
16373,2019,703047.0,ind
14346,2019,452586.0,con
24147,2019,0.0,ind
20710,2019,1258324.0,con
21237,2019,5163744.0,con
19348,2019,27519000.0,con
23566,2019,9658561.0,ind
16942,2019,249034.0,ind
24600,2019,6774004.0,ind
25275,2019,2223546.0,con
19925,2019,3545391.0,con
25518,2019,0.0,ind
14818,2019,0.0,ind
19879,2019,10028461.0,con
16586,2019,0.0,ind
15717,2019,0.0,ind
13781,2019,1238359.0,con
24899,2019,0.0,ind
3050,2019,3611649.0,ind
24643,2019,0.0,ind
23604,2019,313175.0,con
16438,2019,0.0,con
9989,2019,11885.0,con
20605,2019,1192705.0,con
14923,2019,575276.0,ind
24910,2019,82501.0,con
25437,2019,87656.0,con
25569,2019,90976.0,con
23477,2019,13132.0,ind
25135,2019,262322.0,ind
21997,2019,513887.0,ind
18309,2019,2961266.0,ind
25283,2019,306914.0,con
11398,2019,1128.0,ind
22543,2019,610315.0,ind
19615,2019,152927.0,con
20931,2019,10467574.0,con
23841,2019,0.0,ind
9393,2019,2148913.0,con
19429,2019,0.0,ind
25046,2019,191524.0,con
23060,2019,643046.0,ind
25534,2019,271332.0,con
22179,2019,1976.0,ind
25429,2019,306934.0,con
16861,2019,1158880.0,ind
7870,2019,65522.0,con
4170,2019,59927954.0,con
22071,2019,1934532.0,ind
18821,2019,17025742.0,con
25852,2019,74313.0,con
8575,2019,291621.0,con
24279,2019,101112.0,con
1155,2019,5021760.0,ind
26069,2019,48790.0,ind
17450,2019,10594381.0,con
5380,2019,82208.0,con
24155,2019,1313597.0,ind
17639,2019,1663017.0,con
21024,2019,817116.0,ind
19623,2019,2543276.0,con
23523,2019,0.0,ind
13854,2019,0.0,ind
23507,2019,287529.0,con
15342,2019,1178813.0,ind
14826,2019,5373000.0,con
26107,2019,0.0,ind
25313,2019,10298.0,ind
10456,2019,612934.0,con
25542,2019,182224.0,con
23280,2019,1504001.0,con
20745,2019,1605071.0,con
6700,2019,4915.0,con
15539,2019,21056092.0,con
11991,2019,77093.0,con
21199,2019,7107238.0,ind
9415,2019,0.0,ind
22764,2019,0.0,ind
3824,2019,4255844.0,ind
25119,2019,253487.0,con
15121,2019,0.0,ind
20036,2019,276020.0,con
24961,2019,201110.0,con
18970,2019,4127928.0,con
21520,2019,1337506.0,con
21644,2019,0.0,ind
24554,2019,0.0,ind
23426,2019,2109010.0,con
18546,2019,397096.0,ind
24309,2019,0.0,con
19763,2019,7458797.0,con
24481,2019,417117.0,ind
14443,2019,13152796.0,ind
21342,2019,4016981.0,con
20370,2019,0.0,con
21938,2019,994193.0,ind
25011,2019,192137.0,con
1023,2019,41866554.0,ind
22594,2019,606120.0,con
25054,2019,0.0,ind
20613,2019,878904.0,con
24317,2019,279113.0,con
3077,2019,256435.0,con
5312,2019,191199.0,con
20982,2019,2813732.0,con
24368,2019,706037.0,ind
3891,2019,2078133.0,ind
22845,2019,5302337.0,con
2461,2019,1420063.0,con
16268,2019,18853.0,ind
9717,2019,56.0,ind
16527,2019,3853104.0,ind
24953,2019,1160644.0,con
21067,2019,1205337.0,con
22802,2019,765.0,ind
16551,2019,3348.0,ind
23159,2019,1228043.0,con
19984,2019,71311.0,ind
21334,2019,12219.0,con
80020,2019,0.0,con
14109,2019,2823311.0,con
17868,2019,0.0,ind
23868,2020,1119730.0,con
24864,2020,785877.0,ind
16624,2020,0.0,ind
23035,2020,335855.0,con
24139,2020,414806.0,ind
26662,2020,407044.0,ind
24848,2020,0.0,con
24945,2020,793716.0,ind
22519,2020,101952.0,con
4448,2020,9982896.0,con
16772,2020,0.0,ind
4863,2020,0.0,con
17930,2020,222670.0,ind
24180,2020,11418933.0,con
23671,2020,837419.0,ind
19364,2020,202526.0,ind
3069,2020,494397.0,con
19186,2020,991624.0,ind
80187,2020,173135.0,con
25453,2020,266709.0,con
26603,2020,0.0,con
22357,2020,0.0,con
20346,2020,668151.0,con
25194,2020,225581.0,con
24384,2020,2177939.0,con
26484,2020,0.0,ind
21555,2020,2629546.0,ind
22926,2020,586020.0,ind
26689,2020,345058.0,con
26301,2020,1784474.0,con
19100,2020,446719.0,con
22144,2020,1053132.0,ind
14460,2020,2504276.0,con
25712,2020,1227345.0,con
17922,2020,0.0,ind
24538,2020,284346.0,ind
26034,2020,177432.0,con
16985,2020,1449828.0,ind
24872,2020,73236.0,con
7811,2020,568637.0,con
4146,2020,526201.0,con
21130,2020,305307.0,con
19720,2020,0.0,ind
20001,2020,0.0,ind
24988,2020,1125231.0,ind
23957,2020,52881.0,con
25070,2020,240383.0,con
1309,2020,41232.0,ind
24660,2020,218864.0,con
21008,2020,1286337.0,con
23442,2020,1016167.0,ind
24791,2020,89187.0,ind
20494,2020,2379081.0,con
8192,2020,31530.0,con
23981,2020,153775.0,con
24970,2020,0.0,ind
23701,2020,39279.0,ind
13366,2020,38494430.0,con
20729,2020,189122.0,ind
11762,2020,43053.0,con
26298,2020,0.0,con
23264,2020,3062804.0,con
24996,2020,0.0,con
25267,2020,0.0,ind
24171,2020,4484000.0,con
19992,2020,450676.0,con
19658,2020,63056.0,con
18627,2020,3080431.0,ind
26166,2020,409389.0,con
1384,2020,1215717.0,con
19470,2020,0.0,ind
14664,2020,535080.0,con
20044,2020,117578.0,ind
24015,2020,5596136.0,ind
21636,2020,1562298.0,con
25682,2020,694496.0,con
22616,2020,2282141.0,ind
25445,2020,318374.0,con
25496,2020,1236958.0,con
26409,2020,6772.0,con
13471,2020,195756.0,con
21440,2020,1481815.0,con
8605,2020,61826265.0,ind
18589,2020,92320.0,ind
22977,2020,607663.0,ind
23698,2020,13585435.0,ind
25844,2020,0.0,con
24805,2020,270353867.0,con
13765,2020,477.0,con
23744,2020,108866.0,ind
23620,2020,3632721.0,con
19232,2020,14007.0,ind
20648,2020,830970.0,ind
24066,2020,970410.0,ind
9342,2020,505403.0,con
23000,2020,887756.0,con
10561,2020,0.0,ind
25259,2020,675.0,con
25593,2020,0.0,ind
19305,2020,155591.0,con
9954,2020,0.0,ind
23248,2020,1245699.0,con
2577,2020,1791333.0,con
21016,2020,1651652.0,con
26760,2020,230242.0,ind
24520,2020,44345.0,ind
15253,2020,17117794.0,con
23175,2020,1338160.0,con
22489,2020,707918.0,ind
24740,2020,6538462.0,con
26123,2020,835398.0,con
11592,2020,677548.0,con
17965,2020,0.0,ind
20192,2020,2695289.0,ind
22560,2020,532684.0,con
18660,2020,18909573.0,con
15784,2020,0.0,ind
24457,2020,360704.0,ind
24350,2020,170798.0,con
18333,2020,0.0,ind
16748,2020,598187.0,ind
26670,2020,401407.0,ind
4081,2020,218211.0,con
25917,2020,5091112.0,con
20788,2020,22240113.0,con
18597,2020,2844.0,ind
19771,2020,7514196.0,con
21989,2020,605601.0,ind
26417,2020,0.0,con
17671,2020,13824673.0,con
18538,2020,707.0,ind
19593,2020,54383.0,ind
22055,2020,1519503.0,con
17329,2020,14763058.0,con
13773,2020,756376.0,con
5770,2020,433154.0,con
22942,2020,1906200.0,ind
19275,2020,1780119.0,ind
27030,2020,103127.0,ind
23353,2020,12473823.0,ind
24724,2020,64537625.0,ind
25658,2020,338163.0,con
20516,2020,4452600.0,con
7544,2020,205966.0,con
14451,2020,502175.0,con
22020,2020,14513107.0,con
24201,2020,230779.0,con
11231,2020,3313.0,con
25771,2020,222012.0,con
16705,2020,0.0,ind
94,2020,344217.0,con
23167,2020,1761726.0,ind
24775,2020,2177939.0,con
23795,2020,0.0,con
23582,2020,411412.0,ind
20052,2020,0.0,ind
20877,2020,1501888.0,con
8397,2020,656052.0,con
24228,2020,1428859.0,con
25607,2020,801622.0,ind
9083,2020,37280.0,ind
20362,2020,712124.0,con
22160,2020,0.0,ind
9067,2020,63684326.0,con
15709,2020,1260636.0,ind
25828,2020,1017141.0,ind
19453,2020,8679110.0,con
19836,2020,13414953.0,con
22691,2020,4672525.0,con
26085,2020,274800.0,con
80195,2020,0.0,con
22004,2020,519608.0,ind
15741,2020,809461.0,ind
22470,2020,848829.0,con
25348,2020,319928.0,con
24902,2020,121967.0,con
23558,2020,0.0,ind
19550,2020,7902992.0,con
2429,2020,838310.0,con
4782,2020,9377420.0,ind
25810,2020,140999.0,con
12653,2020,24085272.0,con
14303,2020,4572.0,ind
20354,2020,829738.0,con
1210,2020,53640084.0,con
23850,2020,0.0,ind
25127,2020,0.0,con
26247,2020,2132748.0,con
20567,2020,3811425.0,ind
23833,2020,851141.0,ind
25968,2020,0.0,ind
18759,2020,0.0,ind
18775,2020,7447985.0,con
21121,2020,1750352.0,con
23531,2020,7639564.0,con
23302,2020,32279366.0,con
25461,2020,80745.0,con
20958,2020,0.0,con
22187,2020,2258058.0,con
24490,2020,643.0,con
13285,2020,913517.0,con
16659,2020,0.0,con
24112,2020,3518156.0,con
24341,2020,1820674.0,ind
24821,2020,15406377.0,con
21628,2020,0.0,ind
22276,2020,0.0,ind
24732,2020,0.0,ind
25216,2020,0.0,ind
21156,2020,793714.0,con
26050,2020,43868.0,con
18066,2020,0.0,ind
24937,2020,247121.0,ind
20028,2020,945250.0,con
25232,2020,0.0,con
24058,2020,614769.0,con
26476,2020,56210.0,ind
20222,2020,0.0,ind
24090,2020,231214.0,con
26719,2020,663135.0,ind
25895,2020,0.0,con
21431,2020,1402605.0,con
22250,2020,916.0,ind
25003,2020,14568404.0,con
24422,2020,1028721.0,ind
19640,2020,0.0,ind
26042,2020,0.0,ind
19909,2020,2719618.0,con
80152,2020,0.0,ind
26174,2020,0.0,ind
21849,2020,1215582.0,ind
19097,2020,0.0,ind
17884,2020,0.0,ind
18996,2020,1006329.0,ind
18287,2020,504.0,con
16497,2020,0.0,con
1120,2020,935675.0,ind
8753,2020,38056112.0,con
26336,2020,8571.0,con
23493,2020,785721.0,con
23612,2020,182468.0,ind
25836,2020,130704.0,con
25089,2020,398485.0,ind
6505,2020,5901000.0,con
20966,2020,1042035.0,con
24880,2020,0.0,con
24210,2020,2116441.0,ind
20770,2020,41537.0,con
20443,2020,5344937.0,ind
23329,2020,553428.0,ind
25305,2020,70729.0,con
26905,2020,0.0,ind
24333,2020,0.0,ind
20184,2020,0.0,con
26263,2020,0.0,ind
1520,2020,233024.0,con
24830,2020,4535742.0,con
17850,2020,27382.0,ind
8087,2020,17828407.0,con
20702,2020,196163.0,con
16306,2020,1463297.0,con
25941,2020,57452.0,ind
20010,2020,16808421.0,con
25640,2020,0.0,ind
21202,2020,1594516.0,con
25739,2020,581626.0,con
14850,2020,827109.0,ind
13986,2020,63684326.0,con
23370,2020,6903.0,ind
24686,2020,17082107.0,ind
25933,2020,27271.0,con
25100,2020,286966.0,con
8672,2020,2466811.0,con
4723,2020,753.0,con
20435,2020,348310.0,con
80047,2020,2132748.0,con
20125,2020,0.0,con
15199,2020,7189288.0,ind
17493,2020,0.0,ind
25224,2020,5117.0,con
25062,2020,56023.0,con
5576,2020,1712547.0,ind
20320,2020,7886783.0,con
25038,2020,335999.0,con
23574,2020,561672.0,con
24082,2020,0.0,ind
21709,2020,932190.0,con
12823,2020,47912.0,con
16101,2020,730678.0,con
11258,2020,274463.0,ind
14761,2020,65483.0,con
19569,2020,8409841.0,con
16675,2020,14158829.0,ind
22420,2020,0.0,ind
17914,2020,186756.0,con
906,2020,0.0,con
26204,2020,27389.0,con
12696,2020,97180.0,con
22497,2020,1427011.0,con
18368,2020,1372546.0,con
16284,2020,0.0,ind
22810,2020,6812484.0,con
10472,2020,483913.0,con
26360,2020,118946.0,ind
7510,2020,349478.0,con
23469,2020,458535.0,ind
25780,2020,744019.0,con
25020,2020,11015.0,ind
18376,2020,3293751.0,con
17973,2020,12106039.0,con
26379,2020,351264.0,con
7617,2020,4155000.0,con
23396,2020,5020375.0,con
22454,2020,156062.0,con
23760,2020,0.0,ind
14168,2020,73358.0,ind
21075,2020,0.0,ind
22225,2020,154906.0,ind
24511,2020,58217.0,ind
25992,2020,2215148.0,con
80209,2020,10854504.0,con
25488,2020,29305.0,con
25151,2020,0.0,ind
24260,2020,2206650.0,con
17892,2020,436396.0,con
24627,2020,278921.0,con
24589,2020,433232.0,con
20621,2020,162638.0,ind
8540,2020,13622.0,ind
3395,2020,48298.0,con
24295,2020,6775000.0,con
25623,2020,3189107.0,ind
9539,2020,109191235.0,con
26638,2020,0.0,ind
25330,2020,502247.0,con
23388,2020,15959667.0,ind
20540,2020,5004706.0,con
17485,2020,3648000.0,ind
14524,2020,7715000.0,ind
22675,2020,3023284.0,con
24562,2020,0.0,ind
21750,2020,0.0,ind
3549,2020,26801.0,con
20478,2020,1659979.0,con
25402,2020,729128.0,con
23906,2020,40596875.0,ind
922,2020,4400315.0,ind
15369,2020,0.0,ind
2100,2020,79133.0,con
18708,2020,0.0,con
22861,2020,0.0,ind
6041,2020,0.0,ind
18554,2020,0.0,ind
21962,2020,1654238.0,ind
21040,2020,1609773.0,con
26093,2020,46903.0,con
20915,2020,3202158.0,con
25577,2020,2489849.0,ind
6211,2020,392526.0,con
19445,2020,3310237.0,con
6076,2020,0.0,ind
26026,2020,0.0,con
15423,2020,0.0,con
19208,2020,28894.0,ind
26271,2020,0.0,con
8133,2020,1645029.0,con
25321,2020,726627.0,con
23515,2020,3371806.0,ind
22985,2020,7051.0,ind
19119,2020,0.0,ind
10880,2020,0.0,con
16616,2020,1004372.0,ind
26255,2020,623415.0,con
25291,2020,0.0,con
20303,2020,5794922.0,ind
20060,2020,148776.0,con
25674,2020,0.0,ind
21920,2020,0.0,ind
25550,2020,447379.0,con
5207,2020,22971.0,con
3450,2020,5147.0,ind
20257,2020,5343204.0,con
1171,2020,5931310.0,ind
23680,2020,752803.0,ind
4537,2020,0.0,con
14966,2020,5413.0,ind
23884,2020,795360.0,ind
8427,2020,50592.0,con
23272,2020,889805.0,con
21180,2020,0.0,con
23990,2020,395.0,ind
25470,2020,49161.0,con
20800,2020,218079.0,con
22217,2020,0.0,con
1562,2020,30891.0,con
12319,2020,4614.0,con
1325,2020,0.0,con
23221,2020,182178.0,con
23825,2020,3144185.0,con
23540,2020,320591.0,ind
25178,2020,1035554.0,ind
13439,2020,5975.0,con
6629,2020,324582.0,ind
25364,2020,0.0,ind
23019,2020,0.0,ind
4693,2020,109079.0,ind
13447,2020,0.0,ind
14869,2020,2184435.0,ind
20630,2020,0.0,con
15636,2020,5244942.0,ind
25631,2020,643360.0,ind
25410,2020,1179542.0,con
19852,2020,1204296.0,ind
701,2020,11657.0,con
24767,2020,296977.0,ind
20338,2020,979677.0,con
24252,2020,0.0,con
19135,2020,0.0,ind
11215,2020,549.0,ind
21350,2020,873001.0,con
14206,2020,0.0,con
21970,2020,420166.0,ind
24546,2020,50516.0,con
4820,2020,29244877.0,con
21490,2020,8548118.0,con
23809,2020,684164.0,ind
21466,2020,10235548.0,con
12190,2020,320188.0,con
5762,2020,113574.0,con
3115,2020,276870.0,con
3654,2020,44518.0,con
25399,2020,126024.0,con
21148,2020,870436.0,con
25143,2020,6419.0,con
25615,2020,319095.0,ind
24040,2020,0.0,ind
21032,2020,2603817.0,con
25879,2020,439452.0,con
26280,2020,0.0,con
18430,2020,191229.0,ind
23930,2020,0.0,con
22268,2020,1377823.0,ind
24236,2020,86030.0,con
14320,2020,5106238.0,con
25666,2020,11694.0,con
25372,2020,8821000.0,con
1694,2020,7972.0,ind
16241,2020,481757.0,ind
25240,2020,0.0,ind
3298,2020,120726.0,con
7595,2020,658050.0,con
19739,2020,9379459.0,con
23817,2020,14485.0,con
14605,2020,3790804.0,ind
6343,2020,1483981.0,con
11223,2020,469276.0,con
24813,2020,2408870.0,con
25720,2020,23845.0,con
24392,2020,2111993.0,con
20397,2020,1146543.0,ind
23892,2020,807704.0,ind
4669,2020,2825498.0,con
22586,2020,12943.0,con
25755,2020,586943.0,ind
11312,2020,18226749.0,con
21393,2020,110880.0,con
8036,2020,7877712.0,ind
25097,2020,28079839.0,ind
22608,2020,938988.0,ind
24287,2020,4317551.0,ind
24430,2020,629869.0,ind
19330,2020,1977597.0,con
25976,2020,98066.0,con
21610,2020,4364547.0,con
24716,2020,2138572.0,con
25747,2020,47865.0,con
21814,2020,0.0,ind
23230,2020,12076976.0,con
24104,2020,532104.0,ind
25585,2020,1479983.0,con
23590,2020,165.0,con
24694,2020,1184410.0,con
16292,2020,18620279.0,con
11070,2020,10861.0,con
3190,2020,7846483.0,con
4685,2020,2320.0,ind
25950,2020,423680.0,ind
20818,2020,31351.0,con
22080,2020,371419.0,ind
6173,2020,749981.0,con
21741,2020,0.0,ind
26182,2020,479605.0,ind
11932,2020,3061583.0,con
25186,2020,1290463.0,con
22390,2020,0.0,ind
21091,2020,2948540.0,con
21881,2020,1556410.0,con
20796,2020,8319811.0,con
23310,2020,1831349.0,con
24783,2020,10786374.0,con
18406,2020,0.0,ind
25380,2020,0.0,con
26506,2020,74359.0,con
18724,2020,223017.0,con
4707,2020,0.0,con
13030,2020,3880.0,con
25860,2020,4667.0,con
22349,2020,180784.0,con
1228,2020,12249854.0,ind
15300,2020,7845447.0,ind
25356,2020,0.0,ind
25704,2020,110823.0,ind
15458,2020,33924.0,con
21903,2020,6904349.0,con
3980,2020,16049867.0,con
18953,2020,7258426.0,con
24708,2020,5241123.0,ind
24929,2020,0.0,con
11975,2020,34027.0,con
26557,2020,11940.0,con
25526,2020,798072.0,con
26654,2020,1089126.0,ind
14613,2020,48368.0,ind
18236,2020,0.0,ind
2437,2020,49106830.0,con
22365,2020,993103.0,con
20532,2020,0.0,con
15091,2020,454582.0,ind
24597,2020,495895.0,con
18414,2020,0.0,con
8451,2020,1752850.0,con
23132,2020,195512.0,ind
22721,2020,1427507.0,ind
26425,2020,570131.0,ind
4030,2020,27967036.0,con
12572,2020,93.0,con
26140,2020,652545.0,con
14362,2020,4667000.0,ind
2453,2020,14776031.0,con
8818,2020,8839.0,ind
23922,2020,1025403.0,ind
8893,2020,354553.0,con
22683,2020,87562.0,ind
3158,2020,1532152.0,con
26794,2020,163477.0,con
20451,2020,408639.0,con
19151,2020,687414.0,ind
18465,2020,15981395.0,con
22799,2020,84201.0,con
14214,2020,0.0,ind
22446,2020,11628.0,ind
25160,2020,347671.0,con
25887,2020,0.0,ind
11207,2020,33469.0,con
16993,2020,73184.0,con
26131,2020,150022.0,con
9512,2020,351161000.0,con
22780,2020,0.0,con
26565,2020,0.0,ind
24120,2020,2523855.0,con
25208,2020,50847.0,con
15407,2020,53.0,ind
22411,2020,769585.0,ind
20990,2020,6433340.0,con
16608,2020,2485087.0,ind
21733,2020,9245635.0,con
1570,2020,16.0,ind
3271,2020,456174.0,ind
25763,2020,181145.0,con
20087,2020,366729.0,con
3328,2020,1333141.0,con
6815,2020,940086.0,con
25500,2020,0.0,con
20524,2020,1405755.0,con
24406,2020,2932889.0,ind
14311,2020,11572093.0,con
25925,2020,27200.0,con
1597,2020,0.0,con
16632,2020,192506.0,con
20575,2020,53028043.0,con
17949,2020,3065522.0,ind
5410,2020,2284969.0,con
9520,2020,0.0,ind
8745,2020,12401.0,con
14176,2020,3887412.0,ind
5258,2020,1126476.0,con
18139,2020,1682000.0,ind
26115,2020,148257.0,ind
25984,2020,2196287.0,con
5983,2020,20165.0,con
26530,2020,0.0,con
17434,2020,0.0,ind
24473,2020,615729.0,con
8656,2020,16049867.0,con
22012,2020,150212.0,con
15822,2020,91.0,ind
3204,2020,587217.0,con
23965,2020,107730.0,con
16373,2020,640026.0,ind
14346,2020,595755.0,con
24147,2020,0.0,ind
20710,2020,1256593.0,con
21237,2020,5556542.0,con
19348,2020,47828000.0,con
23566,2020,11980222.0,ind
16942,2020,253733.0,ind
24600,2020,6700187.0,ind
25275,2020,997544.0,con
19925,2020,1800798.0,con
25518,2020,8240.0,ind
25798,2020,103420.0,con
14818,2020,0.0,ind
19879,2020,8766540.0,con
16586,2020,0.0,ind
15717,2020,0.0,ind
13781,2020,1417052.0,con
24899,2020,0.0,ind
3050,2020,3990600.0,ind
24643,2020,0.0,ind
23604,2020,272238.0,con
26395,2020,1145539.0,con
16438,2020,0.0,con
9989,2020,0.0,con
20605,2020,1206347.0,con
24910,2020,186731.0,con
25437,2020,123842.0,con
25569,2020,115423.0,con
23477,2020,14914.0,ind
25135,2020,290679.0,con
26700,2020,1011850.0,con
21997,2020,452085.0,ind
25690,2020,190791.0,ind
18309,2020,3462994.0,ind
25801,2020,772286.0,con
25283,2020,376477.0,con
11398,2020,8181.0,ind
22543,2020,635138.0,ind
19615,2020,175165.0,con
20931,2020,10477726.0,con
23841,2020,0.0,ind
9393,2020,2210885.0,con
19429,2020,0.0,ind
25046,2020,218699.0,con
23060,2020,424967.0,ind
25534,2020,425554.0,con
22179,2020,1248.0,ind
25429,2020,525958.0,con
16861,2020,1297285.0,ind
26581,2020,0.0,ind
7870,2020,42869.0,con
26590,2020,45.0,con
4170,2020,59842730.0,con
26158,2020,630597.0,con
22071,2020,1981036.0,ind
18821,2020,19030838.0,con
25852,2020,41415.0,con
8575,2020,419078.0,con
24279,2020,192827.0,con
1155,2020,11596070.0,con
26018,2020,0.0,ind
26069,2020,72824.0,ind
17450,2020,11719737.0,con
5380,2020,87648.0,con
24155,2020,1357716.0,ind
26468,2020,0.0,ind
21024,2020,630883.0,ind
19623,2020,2824795.0,con
23523,2020,0.0,ind
13854,2020,0.0,ind
23507,2020,281082.0,con
15342,2020,1320058.0,ind
14826,2020,14194000.0,con
26107,2020,0.0,ind
25313,2020,0.0,con
10456,2020,278750.0,con
25542,2020,352859.0,con
23280,2020,1272606.0,con
20745,2020,1859766.0,con
6700,2020,2043.0,con
15539,2020,22664000.0,con
11991,2020,78278.0,con
21199,2020,8145469.0,ind
9415,2020,0.0,ind
22764,2020,0.0,ind
3824,2020,4582196.0,ind
25119,2020,255254.0,con
15121,2020,0.0,ind
20036,2020,333299.0,con
24961,2020,320682.0,con
18970,2020,4254945.0,con
21520,2020,1304266.0,con
21644,2020,0.0,ind
24554,2020,0.0,ind
23426,2020,4004008.0,con
18546,2020,397452.0,ind
24309,2020,255396.0,con
19763,2020,8464838.0,con
24481,2020,975698.0,ind
14443,2020,13244709.0,ind
21342,2020,4307993.0,con
20370,2020,9211.0,con
26190,2020,1881461.0,con
26573,2020,0.0,con
21938,2020,880157.0,ind
25011,2020,362902.0,con
1023,2020,485002305.0,con
22594,2020,547100.0,con
25054,2020,0.0,ind
20613,2020,1030186.0,con
24317,2020,519870.0,con
3077,2020,233142.0,con
5312,2020,203505.0,con
20982,2020,3103437.0,con
24368,2020,761369.0,ind
3891,2020,0.0,con
22845,2020,5979328.0,con
2461,2020,1661576.0,con
16268,2020,20382.0,ind
9717,2020,50.0,ind
16527,2020,3841790.0,ind
24953,2020,1549162.0,con
21067,2020,1141889.0,con
22802,2020,0.0,ind
16551,2020,3589.0,ind
23159,2020,1462065.0,con
19984,2020,68182.0,ind
21334,2020,11964.0,con
80020,2020,0.0,con
14109,2020,2866659.0,con
25909,2020,753.0,con
17868,2020,0.0,ind
26816,2021,0.0,ind
23868,2021,1147506.0,con
24864,2021,1006031.0,ind
16624,2021,0.0,ind
24139,2021,451560.0,ind
26662,2021,393054.0,ind
24848,2021,1211252.0,con
24945,2021,1692374.0,ind
22519,2021,138200.0,con
4448,2021,12352616.0,con
16772,2021,0.0,ind
4863,2021,0.0,con
17930,2021,1183971.0,ind
24180,2021,14887314.0,con
23671,2021,821159.0,ind
19364,2021,132397.0,ind
3069,2021,528659.0,con
19186,2021,997584.0,ind
80187,2021,365981.0,con
25453,2021,501527.0,con
26603,2021,0.0,con
22357,2021,0.0,con
20346,2021,601110.0,con
25194,2021,307085.0,con
27367,2021,669330.0,ind
26484,2021,445976.0,ind
21555,2021,2898797.0,ind
22926,2021,600490.0,ind
26689,2021,331469.0,con
26301,2021,2600379.0,con
19100,2021,314835.0,con
22144,2021,1054907.0,ind
14460,2021,2703005.0,con
25712,2021,1447427.0,con
17922,2021,0.0,con
26832,2021,2217.0,con
24538,2021,51374.0,ind
26646,2021,0.0,ind
26034,2021,705746.0,con
16985,2021,1789584.0,ind
24872,2021,133747.0,con
7811,2021,585246.0,con
26930,2021,0.0,con
4146,2021,533259.0,con
21130,2021,541249.0,con
19720,2021,0.0,ind
20001,2021,0.0,ind
24988,2021,1244851.0,ind
23957,2021,78772.0,con
25070,2021,290689.0,con
1309,2021,26766.0,ind
24660,2021,284959.0,con
21008,2021,1728821.0,con
23442,2021,1335090.0,ind
24791,2021,60487.0,ind
20494,2021,3454530.0,con
8192,2021,25247.0,con
23981,2021,144805.0,con
24970,2021,0.0,ind
23701,2021,0.0,ind
13366,2021,32809998.0,con
20729,2021,2950699.0,ind
11762,2021,311629.0,con
26298,2021,0.0,con
23264,2021,4792228.0,con
24996,2021,246.0,con
25267,2021,26397.0,ind
24171,2021,5778000.0,con
19992,2021,325050.0,con
19658,2021,62196.0,con
18627,2021,3647588.0,ind
26166,2021,643123.0,con
1384,2021,5089261.0,con
19470,2021,0.0,ind
14664,2021,687652.0,con
20044,2021,133167.0,ind
24015,2021,2988657.0,ind
21636,2021,1463102.0,con
25682,2021,1145833.0,con
22616,2021,2206526.0,ind
25445,2021,519858.0,con
27197,2021,34367.0,ind
25496,2021,1732334.0,con
26409,2021,12555.0,con
13471,2021,183789.0,con
21440,2021,1636942.0,con
8605,2021,76675446.0,ind
18589,2021,98591.0,ind
22977,2021,580373.0,ind
23698,2021,13412869.0,ind
25844,2021,640231.0,con
24805,2021,390320621.0,con
13765,2021,405.0,con
23620,2021,4096721.0,con
19232,2021,12780.0,con
20648,2021,1295509.0,ind
24066,2021,837735.0,ind
9342,2021,652992.0,con
23000,2021,1128528.0,con
10561,2021,0.0,ind
25259,2021,0.0,con
25593,2021,0.0,ind
19305,2021,188322.0,con
9954,2021,0.0,ind
26522,2021,1376462.0,con
23248,2021,1317356.0,con
2577,2021,1825562.0,con
21016,2021,4855074.0,con
26760,2021,235320.0,ind
24520,2021,23054.0,ind
15253,2021,20181406.0,con
23175,2021,1773794.0,con
22489,2021,883719.0,ind
24740,2021,5930636.0,con
26123,2021,1632333.0,con
11592,2021,713540.0,con
17965,2021,0.0,ind
20192,2021,2235387.0,ind
22560,2021,529557.0,con
18660,2021,18870337.0,con
15784,2021,0.0,ind
24457,2021,375494.0,ind
24350,2021,189997.0,con
18333,2021,0.0,ind
16748,2021,592288.0,ind
26670,2021,386890.0,ind
26964,2021,2.0,con
4081,2021,263132.0,con
25917,2021,9135165.0,con
20788,2021,27499577.0,con
18597,2021,2888.0,ind
19771,2021,8265784.0,con
21989,2021,591598.0,ind
26417,2021,0.0,con
17671,2021,13239166.0,con
18538,2021,238.0,ind
19593,2021,49265.0,ind
22055,2021,1447232.0,con
17329,2021,16764055.0,con
13773,2021,727766.0,con
5770,2021,506182.0,con
22942,2021,2012831.0,ind
19275,2021,2148831.0,ind
23353,2021,15961203.0,ind
24724,2021,87403412.0,ind
57886,2021,1784318.0,con
25658,2021,908268.0,con
20516,2021,6490355.0,con
7544,2021,232963.0,con
26310,2021,10990.0,ind
14451,2021,95101.0,con
22020,2021,2533978.0,con
11231,2021,4606.0,con
25771,2021,400328.0,con
16705,2021,0.0,ind
94,2021,398203.0,con
23167,2021,1629852.0,ind
24775,2021,3488403.0,con
23795,2021,0.0,con
23582,2021,395846.0,ind
20052,2021,0.0,ind
20877,2021,1429171.0,con
8397,2021,729256.0,con
24228,2021,1694327.0,con
25607,2021,1175134.0,ind
26948,2021,0.0,ind
9083,2021,37280.0,ind
20362,2021,762934.0,con
26433,2021,0.0,ind
22160,2021,0.0,ind
9067,2021,72899882.0,con
15709,2021,1255725.0,ind
25828,2021,1971907.0,ind
19453,2021,8498517.0,con
19836,2021,15506990.0,con
22691,2021,7113787.0,con
26085,2021,685221.0,con
22004,2021,498294.0,ind
80195,2021,105225.0,ind
15741,2021,997121.0,ind
22470,2021,1686762.0,con
25348,2021,408051.0,con
24902,2021,45428.0,con
23558,2021,0.0,ind
19550,2021,9127769.0,con
2429,2021,588247.0,con
26492,2021,0.0,ind
4782,2021,10411449.0,ind
25810,2021,152106.0,con
12653,2021,26338990.0,con
14303,2021,5633.0,ind
1210,2021,62446503.0,con
23850,2021,0.0,ind
25127,2021,7054229.0,con
26247,2021,2601234.0,con
20567,2021,5013603.0,ind
23833,2021,858938.0,ind
25968,2021,0.0,ind
18759,2021,0.0,ind
18775,2021,5611026.0,con
21121,2021,1589676.0,con
23531,2021,8693755.0,con
23302,2021,25770994.0,con
25461,2021,117576.0,con
20958,2021,0.0,con
22187,2021,2535819.0,con
24490,2021,0.0,con
13285,2021,1010493.0,con
16659,2021,0.0,con
24112,2021,19881326.0,con
24341,2021,1981189.0,ind
24821,2021,23938537.0,con
21628,2021,0.0,ind
22276,2021,0.0,ind
24732,2021,0.0,ind
25216,2021,-27.0,ind
21156,2021,670425.0,con
26050,2021,154441.0,con
18066,2021,0.0,ind
24937,2021,206788.0,ind
20028,2021,1308085.0,con
25232,2021,209.0,con
24058,2021,793839.0,con
26476,2021,0.0,con
20222,2021,0.0,ind
24090,2021,428769.0,con
26719,2021,670309.0,ind
25895,2021,0.0,con
21431,2021,5513049.0,con
22250,2021,622.0,ind
25003,2021,17698135.0,con
24422,2021,937605.0,ind
19640,2021,0.0,ind
26042,2021,0.0,ind
19909,2021,3887520.0,con
80152,2021,0.0,ind
26174,2021,5258882.0,con
21849,2021,1224001.0,ind
19097,2021,0.0,ind
17884,2021,0.0,ind
26727,2021,0.0,ind
18996,2021,978565.0,ind
18287,2021,1.0,con
26611,2021,0.0,ind
16497,2021,0.0,con
1120,2021,1332013.0,ind
8753,2021,22775778.0,con
26336,2021,39982.0,con
23493,2021,4799.0,con
23612,2021,172766.0,ind
25836,2021,127682.0,con
25089,2021,0.0,con
6505,2021,9096000.0,con
20966,2021,969198.0,con
24880,2021,1411102.0,con
27090,2021,2345032.0,con
26999,2021,1778924.0,ind
24210,2021,2277196.0,ind
20770,2021,4562.0,con
20443,2021,5646409.0,ind
23329,2021,628162.0,ind
26921,2021,337686.0,ind
25305,2021,137755.0,con
26697,2021,109401.0,ind
24333,2021,0.0,ind
26905,2021,0.0,ind
20184,2021,0.0,con
26263,2021,-26.0,ind
1520,2021,244878.0,con
24830,2021,7186725.0,con
17850,2021,0.0,ind
20702,2021,210331.0,con
16306,2021,882758.0,con
25941,2021,56705.0,ind
20010,2021,17787978.0,con
25640,2021,0.0,con
21202,2021,1637782.0,con
25739,2021,1438368.0,con
14850,2021,810580.0,ind
13986,2021,72899882.0,con
23370,2021,0.0,ind
24686,2021,20463462.0,ind
25933,2021,63232.0,con
25100,2021,276703.0,con
8672,2021,3574985.0,con
4723,2021,34307.0,con
20435,2021,519122.0,con
20125,2021,0.0,con
15199,2021,7979208.0,ind
26239,2021,0.0,ind
17493,2021,0.0,ind
25224,2021,17067.0,con
25062,2021,58849.0,con
5576,2021,1840394.0,ind
20320,2021,8885711.0,con
25038,2021,375743.0,con
23574,2021,673785.0,con
26441,2021,0.0,con
24082,2021,0.0,ind
21709,2021,1359239.0,con
27065,2021,0.0,ind
12823,2021,43073.0,con
16101,2021,940924.0,con
11258,2021,270486.0,ind
19569,2021,9976966.0,con
16675,2021,19278035.0,con
22420,2021,0.0,ind
906,2021,547683129.0,con
26204,2021,65538.0,con
12696,2021,123932.0,con
22497,2021,1351003.0,con
18368,2021,1074801.0,con
16284,2021,0.0,ind
22810,2021,7726957.0,con
10472,2021,276677.0,con
26360,2021,282544.0,ind
7510,2021,536504.0,con
23469,2021,567545.0,ind
25780,2021,894040.0,con
25020,2021,26786.0,ind
18376,2021,4535732.0,con
17973,2021,10253661.0,con
26379,2021,704921.0,con
7617,2021,5701000.0,con
23396,2021,7612584.0,con
22454,2021,144459.0,con
23760,2021,0.0,ind
14168,2021,82174.0,ind
21075,2021,0.0,ind
22225,2021,140230.0,ind
24511,2021,66820.0,ind
25992,2021,2003577.0,con
26867,2021,935675.0,con
80209,2021,29032905.0,con
25151,2021,0.0,ind
24260,2021,2616073.0,con
17892,2021,433194.0,con
24627,2021,690962.0,con
24589,2021,848494.0,con
20621,2021,307817.0,ind
8540,2021,0.0,ind
3395,2021,58392.0,con
24295,2021,8553000.0,con
25623,2021,2525619.0,ind
9539,2021,233121833.0,con
26638,2021,0.0,ind
25330,2021,443366.0,con
23388,2021,17174535.0,ind
20540,2021,2087771.0,con
17485,2021,4000000.0,ind
14524,2021,7817000.0,ind
22675,2021,3961654.0,con
26620,2021,3756295.0,con
24562,2021,0.0,ind
21750,2021,0.0,ind
3549,2021,26789.0,con
20478,2021,1264990.0,con
25402,2021,884348.0,con
23906,2021,49066025.0,ind
26883,2021,0.0,ind
922,2021,5829618.0,ind
15369,2021,0.0,ind
2100,2021,71627.0,con
18708,2021,0.0,con
22861,2021,0.0,ind
6041,2021,0.0,ind
18554,2021,0.0,ind
21962,2021,1785104.0,ind
21040,2021,1490859.0,con
26093,2021,104569.0,con
20915,2021,4651531.0,con
26450,2021,0.0,ind
25577,2021,2922660.0,ind
6211,2021,924350.0,con
19445,2021,3781141.0,con
6076,2021,0.0,ind
26026,2021,201919.0,con
15423,2021,0.0,con
26352,2021,3241159.0,con
19208,2021,23387.0,ind
26271,2021,1094.0,con
8133,2021,3384979.0,con
25321,2021,765551.0,con
23515,2021,3346725.0,ind
22985,2021,7163.0,ind
26808,2021,2555404.0,ind
19119,2021,0.0,ind
10880,2021,0.0,con
16616,2021,1179371.0,ind
26255,2021,912239.0,con
25291,2021,632785.0,con
20303,2021,5097240.0,ind
80225,2021,2203701.0,con
20060,2021,126371.0,con
25674,2021,0.0,con
21920,2021,0.0,ind
25550,2021,325658.0,con
5207,2021,37375.0,ind
26875,2021,1032744.0,ind
3450,2021,995.0,ind
20257,2021,6252786.0,con
1171,2021,8476820.0,ind
23680,2021,735613.0,ind
27111,2021,4033050.0,con
4537,2021,0.0,con
14966,2021,5834.0,ind
23884,2021,845849.0,ind
8427,2021,67107.0,con
23272,2021,800663.0,con
21180,2021,0.0,con
23990,2021,1121.0,ind
20800,2021,254352.0,con
22217,2021,0.0,con
1562,2021,18709.0,con
12319,2021,5890.0,con
1325,2021,6016356.0,ind
23221,2021,591058.0,con
23825,2021,4406958.0,con
23540,2021,273350.0,ind
27138,2021,20407.0,con
25178,2021,987655.0,ind
13439,2021,13014.0,con
6629,2021,324582.0,ind
26980,2021,1104754.0,con
4693,2021,0.0,con
13447,2021,0.0,ind
14869,2021,2490149.0,ind
20630,2021,0.0,con
26972,2021,0.0,con
15636,2021,7043909.0,ind
25631,2021,827992.0,ind
25410,2021,1809787.0,con
19852,2021,1186003.0,ind
701,2021,51016.0,con
27006,2021,0.0,con
24767,2021,257363.0,ind
20338,2021,1589017.0,con
19135,2021,0.0,ind
11215,2021,0.0,ind
26387,2021,4513.0,con
21350,2021,1070734.0,con
14206,2021,16688080.0,con
21970,2021,405373.0,ind
24546,2021,58492.0,con
4820,2021,41913802.0,con
21490,2021,9011148.0,con
23809,2021,743910.0,ind
21466,2021,8943095.0,con
26913,2021,0.0,ind
12190,2021,268346.0,con
5762,2021,66388.0,con
3115,2021,184329.0,con
3654,2021,91051.0,con
25399,2021,127983.0,con
21148,2021,1157117.0,con
25143,2021,121450.0,con
25615,2021,626684.0,ind
21032,2021,2952832.0,con
25879,2021,683717.0,con
26280,2021,0.0,con
18430,2021,189562.0,ind
23930,2021,0.0,con
22268,2021,1284120.0,ind
24236,2021,64139.0,con
14320,2021,5968362.0,con
25666,2021,10938.0,con
25372,2021,7831000.0,ind
1694,2021,4551.0,ind
16241,2021,615303.0,ind
25240,2021,0.0,ind
3298,2021,136376.0,con
7595,2021,877473.0,con
19739,2021,10497723.0,con
23817,2021,75995.0,con
14605,2021,4467964.0,ind
6343,2021,2225542.0,con
11223,2021,514073.0,con
24813,2021,2524077.0,con
26549,2021,0.0,con
25720,2021,107412.0,con
24392,2021,2077227.0,con
20397,2021,1049621.0,ind
23892,2021,905088.0,ind
4669,2021,4085296.0,con
22586,2021,100441.0,con
25755,2021,236276.0,ind
11312,2021,26343734.0,con
21393,2021,106440.0,con
8036,2021,8555046.0,ind
25097,2021,28937210.0,ind
22608,2021,878476.0,ind
24430,2021,576508.0,ind
19330,2021,1800110.0,con
25976,2021,131754.0,con
21610,2021,7059766.0,con
24716,2021,2864646.0,con
25747,2021,103646.0,con
21814,2021,0.0,ind
23230,2021,16545842.0,con
24104,2021,557375.0,ind
25585,2021,1325014.0,con
26751,2021,0.0,ind
23590,2021,52.0,con
24694,2021,1705358.0,con
16292,2021,22404426.0,con
11070,2021,9111.0,con
3190,2021,9076612.0,con
4685,2021,7666.0,ind
25950,2021,641555.0,ind
20818,2021,21465.0,con
22080,2021,122494.0,ind
6173,2021,866680.0,con
27014,2021,1072591.0,con
21741,2021,0.0,ind
26182,2021,423305.0,ind
11932,2021,5120389.0,con
25186,2021,1182967.0,con
22390,2021,0.0,ind
21091,2021,3205721.0,con
21881,2021,2689550.0,con
20796,2021,14027469.0,con
23310,2021,1508365.0,con
24783,2021,13822913.0,con
18406,2021,0.0,ind
25380,2021,0.0,con
26506,2021,58296.0,con
18724,2021,0.0,con
4707,2021,0.0,con
13030,2021,2126.0,con
25860,2021,306426.0,con
22349,2021,634269.0,con
1228,2021,14921683.0,ind
15300,2021,10689870.0,ind
25356,2021,0.0,ind
25704,2021,116680.0,ind
15458,2021,45837.0,con
21903,2021,6962094.0,con
26514,2021,304799.0,con
3980,2021,17515351.0,con
18953,2021,3620384.0,con
24708,2021,5275680.0,ind
24929,2021,2345032.0,ind
11975,2021,22696.0,con
26557,2021,17056.0,con
25526,2021,1372063.0,con
26654,2021,1067407.0,ind
14613,2021,59569.0,ind
18236,2021,0.0,ind
2437,2021,48055227.0,con
22365,2021,782049.0,con
26212,2021,0.0,ind
20532,2021,0.0,con
15091,2021,149260.0,ind
24597,2021,430359.0,con
18414,2021,85867.0,con
8451,2021,2030785.0,con
23132,2021,91900.0,ind
22721,2021,1624541.0,ind
26425,2021,783179.0,ind
4030,2021,35270653.0,con
12572,2021,141.0,con
26140,2021,1091157.0,con
14362,2021,5464000.0,ind
2453,2021,15020558.0,con
8818,2021,7260.0,ind
23922,2021,951686.0,ind
8893,2021,401417.0,con
22683,2021,78397.0,ind
3158,2021,1555186.0,con
26794,2021,157490.0,con
20451,2021,430861.0,con
18465,2021,19209504.0,con
22799,2021,78445.0,con
14214,2021,0.0,ind
22446,2021,12540.0,ind
25160,2021,599123.0,con
25887,2021,0.0,ind
11207,2021,33470.0,con
16993,2021,66361.0,con
9512,2021,392548000.0,con
26077,2021,3051.0,con
22780,2021,0.0,con
26565,2021,0.0,con
26735,2021,3168091.0,ind
24120,2021,2906968.0,con
25208,2021,50933.0,con
15407,2021,602.0,ind
22411,2021,656251.0,ind
20990,2021,7762039.0,con
16608,2021,2448542.0,ind
21733,2021,8944612.0,con
1570,2021,0.0,ind
3271,2021,557248.0,ind
25763,2021,253620.0,con
20087,2021,23114640.0,con
6815,2021,529092.0,con
3328,2021,1252796.0,ind
25500,2021,0.0,con
20524,2021,453240.0,con
24406,2021,5904411.0,ind
26824,2021,1966386.0,ind
14311,2021,9946012.0,con
25925,2021,46581.0,con
16632,2021,109911.0,con
20575,2021,65906705.0,con
17949,2021,2988008.0,ind
5410,2021,1686580.0,con
27294,2021,469.0,ind
9520,2021,0.0,ind
8745,2021,3062.0,con
14176,2021,5568387.0,ind
5258,2021,1653454.0,con
18139,2021,1703000.0,ind
26115,2021,155137.0,ind
25984,2021,2962420.0,con
5983,2021,33256.0,con
26530,2021,0.0,con
17434,2021,0.0,ind
24473,2021,612930.0,con
8656,2021,17515351.0,con
22012,2021,263991.0,con
15822,2021,0.0,ind
3204,2021,695737.0,con
26220,2021,0.0,ind
23965,2021,126404.0,con
16373,2021,498029.0,ind
14346,2021,297175.0,con
24147,2021,0.0,ind
20710,2021,1390103.0,con
21237,2021,7042665.0,con
19348,2021,79505000.0,con
23566,2021,10644748.0,ind
24600,2021,9897136.0,ind
25275,2021,978693.0,con
19925,2021,2265793.0,con
25518,2021,13159.0,ind
25798,2021,161054.0,con
14818,2021,0.0,ind
19879,2021,9683969.0,con
16586,2021,0.0,ind
26859,2021,0.0,ind
15717,2021,0.0,ind
26344,2021,0.0,ind
13781,2021,1438629.0,con
24899,2021,0.0,ind
3050,2021,4612055.0,ind
27057,2021,151757.0,con
24643,2021,139.0,ind
23604,2021,304708.0,con
26395,2021,1201386.0,con
80217,2021,1784318.0,con
16438,2021,257.0,con
9989,2021,0.0,con
26000,2021,0.0,con
20605,2021,1567186.0,con
27103,2021,4025148.0,con
24910,2021,154103.0,con
25437,2021,162525.0,con
25569,2021,668464.0,con
23477,2021,13139.0,ind
25135,2021,180193.0,con
26700,2021,1994946.0,con
21997,2021,431197.0,ind
25690,2021,0.0,con
27154,2021,0.0,con
18309,2021,4206375.0,ind
25801,2021,369359.0,con
25283,2021,1143002.0,con
11398,2021,5021.0,ind
22543,2021,688708.0,ind
19615,2021,100777.0,con
20931,2021,11572038.0,con
23841,2021,0.0,ind
9393,2021,2889201.0,con
19429,2021,0.0,ind
25046,2021,131423.0,con
23060,2021,48780.0,ind
25534,2021,804397.0,con
22179,2021,739.0,ind
25429,2021,596314.0,con
16861,2021,1472093.0,ind
26581,2021,2648.0,ind
7870,2021,17196.0,con
26590,2021,0.0,con
4170,2021,78089095.0,con
26158,2021,553045.0,con
22071,2021,2219780.0,ind
18821,2021,19903983.0,con
25852,2021,49517.0,con
8575,2021,567970.0,con
24279,2021,254659.0,con
1155,2021,15798832.0,con
26018,2021,-13.0,ind
26786,2021,15136.0,con
26069,2021,302770.0,con
17450,2021,19912038.0,con
5380,2021,93340.0,con
24155,2021,1400708.0,ind
26468,2021,0.0,ind
21024,2021,314444.0,ind
19623,2021,5338823.0,con
23523,2021,0.0,ind
26956,2021,127511.0,con
13854,2021,0.0,ind
23507,2021,394339.0,con
15342,2021,1569761.0,ind
14826,2021,9151000.0,con
26107,2021,1329437.0,ind
25313,2021,3600.0,con
27022,2021,13129.0,ind
10456,2021,243863.0,con
25542,2021,519416.0,con
23280,2021,1592974.0,con
20745,2021,2417283.0,con
6700,2021,1217.0,con
15539,2021,26380000.0,con
11991,2021,46458.0,con
21199,2021,10519979.0,ind
26778,2021,0.0,ind
9415,2021,0.0,ind
22764,2021,0.0,ind
3824,2021,6260742.0,ind
25119,2021,79233.0,con
20036,2021,666476.0,con
24961,2021,207136.0,con
21520,2021,1411437.0,con
21644,2021,0.0,ind
24554,2021,0.0,ind
23426,2021,6022241.0,con
18546,2021,442136.0,ind
24481,2021,621294.0,ind
19763,2021,9034892.0,con
14443,2021,17258624.0,ind
21342,2021,4500362.0,con
20370,2021,2000.0,con
26190,2021,2185804.0,con
21938,2021,917386.0,ind
25011,2021,422798.0,con
1023,2021,601984265.0,con
22594,2021,634448.0,con
25054,2021,0.0,ind
20613,2021,1148070.0,con
24317,2021,830776.0,con
3077,2021,226801.0,con
5312,2021,195647.0,con
20982,2021,3121299.0,con
26743,2021,2544341.0,ind
24368,2021,0.0,ind
3891,2021,5483917.0,con
22845,2021,7321425.0,con
2461,2021,1961452.0,con
16268,2021,24313.0,ind
9717,2021,39.0,ind
16527,2021,5673362.0,ind
24953,2021,1480196.0,con
21067,2021,125813.0,con
26328,2021,0.0,con
22802,2021,0.0,ind
26891,2021,0.0,con
16551,2021,4421.0,ind
23159,2021,1657388.0,con
21334,2021,8871.0,con
80020,2021,105226.0,con
14109,2021,3579766.0,con
25909,2021,719.0,con
17868,2021,0.0,con
26816,2022,0.0,ind
23868,2022,1215829.0,ind
24864,2022,1193854.0,ind
16624,2022,0.0,ind
27421,2022,1048679.0,ind
24139,2022,498152.0,ind
26662,2022,380637.0,ind
24848,2022,1374826.0,con
27235,2022,55671.0,ind
24945,2022,1762751.0,ind
22519,2022,133699.0,con
4448,2022,15133450.0,con
27049,2022,558250.0,con
16772,2022,0.0,ind
4863,2022,0.0,con
17930,2022,4789051.0,ind
24180,2022,16724466.0,con
23671,2022,847630.0,ind
19364,2022,142175.0,ind
3069,2022,405319.0,con
19186,2022,974744.0,ind
80187,2022,881894.0,con
25453,2022,453987.0,con
26603,2022,437316.0,con
22357,2022,0.0,con
20346,2022,558453.0,con
25194,2022,676981.0,con
27367,2022,519145.0,con
26484,2022,2276909.0,ind
21555,2022,3869014.0,ind
22926,2022,446976.0,ind
26301,2022,3324134.0,con
19100,2022,332906.0,con
22144,2022,1313123.0,ind
14460,2022,3641588.0,con
25712,2022,2064905.0,con
17922,2022,0.0,con
26832,2022,443402.0,con
26646,2022,0.0,con
26034,2022,997313.0,con
16985,2022,2647307.0,ind
24872,2022,147306.0,con
7811,2022,598970.0,con
26930,2022,3728454.0,con
4146,2022,557919.0,con
21130,2022,642549.0,con
19720,2022,0.0,ind
20001,2022,0.0,ind
24988,2022,1326489.0,ind
23957,2022,107370.0,con
25070,2022,405970.0,con
1309,2022,155975.0,ind
24660,2022,396038.0,con
27146,2022,0.0,ind
21008,2022,1939670.0,con
23442,2022,1070290.0,ind
20494,2022,3253794.0,con
8192,2022,17133.0,con
23981,2022,83771.0,con
24970,2022,0.0,ind
13366,2022,26745976.0,con
20729,2022,1271678.0,ind
11762,2022,361250.0,con
26298,2022,2666827.0,con
23264,2022,3100524.0,con
24996,2022,62392.0,con
24171,2022,9030000.0,con
19992,2022,1844740.0,con
19658,2022,61548.0,con
18627,2022,4120565.0,ind
26166,2022,1041186.0,con
1384,2022,9107374.0,con
14664,2022,929988.0,con
20044,2022,104094.0,ind
24015,2022,2997538.0,ind
21636,2022,1197465.0,con
25682,2022,2127198.0,con
22616,2022,4601288.0,ind
25445,2022,892737.0,con
27197,2022,27417.0,ind
25496,2022,1927950.0,con
26409,2022,567505.0,con
13471,2022,194527.0,con
21440,2022,1730784.0,con
8605,2022,86347842.0,ind
18589,2022,100741.0,ind
22977,2022,526071.0,ind
25844,2022,632003.0,con
24805,2022,291212771.0,con
13765,2022,357.0,con
23620,2022,4783397.0,con
19232,2022,11590.0,con
20648,2022,3197081.0,ind
24066,2022,572697.0,ind
9342,2022,690927.0,con
23000,2022,1653497.0,con
10561,2022,0.0,ind
25259,2022,0.0,con
19305,2022,184145.0,con
9954,2022,0.0,ind
26522,2022,1426506.0,con
23248,2022,5057926.0,con
2577,2022,2001380.0,con
21016,2022,5507075.0,con
26760,2022,242848.0,con
15253,2022,23148036.0,con
23175,2022,5011158.0,con
24740,2022,7305442.0,con
26123,2022,2427814.0,con
11592,2022,1474829.0,con
17965,2022,0.0,ind
20192,2022,1978149.0,ind
22560,2022,545730.0,con
18660,2022,22415871.0,con
15784,2022,0.0,ind
24457,2022,502381.0,ind
24350,2022,162925.0,con
18333,2022,0.0,ind
27200,2022,0.0,ind
16748,2022,1152395.0,ind
26670,2022,372596.0,ind
26964,2022,0.0,con
4081,2022,194486.0,con
25917,2022,8072046.0,con
20788,2022,30968260.0,con
18597,2022,1752.0,ind
19771,2022,10008948.0,con
21989,2022,510838.0,ind
26417,2022,0.0,con
17671,2022,16933978.0,con
18538,2022,9166.0,ind
27456,2022,0.0,ind
19593,2022,43145.0,ind
22055,2022,1462987.0,con
17329,2022,20134717.0,con
13773,2022,762392.0,con
5770,2022,521894.0,con
19275,2022,2765818.0,ind
25658,2022,1390484.0,con
20516,2022,5963597.0,con
7544,2022,277515.0,con
14451,2022,0.0,con
22020,2022,3945147.0,con
11231,2022,23316.0,con
16705,2022,0.0,con
25771,2022,769012.0,con
94,2022,753103.0,con
23167,2022,1436193.0,ind
24775,2022,5006743.0,con
23795,2022,0.0,con
23582,2022,359078.0,ind
20052,2022,0.0,ind
20877,2022,1294765.0,con
8397,2022,741810.0,con
24228,2022,2364620.0,con
25607,2022,1330929.0,ind
26948,2022,250314.0,ind
9083,2022,37848.0,ind
20362,2022,900602.0,con
26433,2022,0.0,ind
9067,2022,79628629.0,con
15709,2022,2085487.0,ind
25828,2022,5901197.0,ind
19453,2022,9985438.0,con
19836,2022,48926715.0,con
22691,2022,10007917.0,con
26085,2022,1122188.0,con
80195,2022,113014.0,con
22004,2022,410272.0,ind
15741,2022,1174169.0,ind
22470,2022,6792872.0,con
25348,2022,761386.0,con
24902,2022,106528.0,con
23558,2022,313148.0,ind
19550,2022,8296383.0,con
2429,2022,892321.0,con
4782,2022,11514199.0,ind
25810,2022,1193054.0,con
12653,2022,29338419.0,con
14303,2022,6635.0,ind
1210,2022,64277380.0,con
23850,2022,0.0,ind
25127,2022,7731739.0,con
26247,2022,2619718.0,con
20567,2022,5365946.0,ind
23833,2022,812831.0,ind
18759,2022,0.0,ind
18775,2022,3911335.0,con
23531,2022,5857462.0,con
23302,2022,26676449.0,con
25461,2022,180246.0,con
20958,2022,0.0,con
22187,2022,3901293.0,con
24490,2022,0.0,con
13285,2022,1155092.0,con
16659,2022,0.0,con
24112,2022,24909306.0,con
24341,2022,2290431.0,ind
24821,2022,27629336.0,con
27308,2022,0.0,ind
21628,2022,0.0,ind
21156,2022,591129.0,con
26050,2022,288408.0,con
18066,2022,0.0,ind
24937,2022,101093.0,ind
20028,2022,1266622.0,con
25232,2022,1958.0,con
24058,2022,777986.0,con
26476,2022,0.0,con
24090,2022,326231.0,con
26719,2022,736416.0,ind
25895,2022,0.0,con
21431,2022,7360987.0,con
22250,2022,253.0,ind
25003,2022,34377508.0,con
24422,2022,874993.0,ind
19640,2022,0.0,ind
19909,2022,3979908.0,con
80152,2022,0.0,ind
26174,2022,5566405.0,con
21849,2022,1546748.0,ind
19097,2022,0.0,ind
17884,2022,0.0,ind
26727,2022,4418976.0,ind
18996,2022,970840.0,ind
27430,2022,987576.0,con
26611,2022,0.0,ind
1120,2022,1429136.0,ind
8753,2022,76148756.0,con
26336,2022,35042.0,con
23612,2022,189757.0,ind
25836,2022,33555.0,con
25089,2022,226081.0,con
6505,2022,9422000.0,con
20966,2022,1005913.0,con
24880,2022,1374786.0,con
27090,2022,3845465.0,con
26999,2022,1810388.0,ind
24210,2022,2436303.0,ind
20770,2022,29359.0,con
27260,2022,0.0,con
20443,2022,5770887.0,ind
23329,2022,726378.0,ind
26921,2022,594417.0,ind
25305,2022,272886.0,con
26697,2022,0.0,con
24333,2022,0.0,ind
26905,2022,567643021.0,ind
20184,2022,0.0,con
1520,2022,219050.0,con
24830,2022,8316451.0,con
1244,2022,0.0,ind
17850,2022,0.0,ind
20702,2022,227792.0,con
16306,2022,602950.0,con
20010,2022,25402935.0,con
25640,2022,6216521.0,con
21202,2022,2330060.0,con
14850,2022,954831.0,ind
13986,2022,79628629.0,con
23370,2022,0.0,ind
25933,2022,488969.0,con
25100,2022,391228.0,con
8672,2022,3423926.0,con
4723,2022,87316.0,con
20435,2022,561481.0,con
20125,2022,0.0,con
15199,2022,7979208.0,ind
26239,2022,0.0,ind
17493,2022,0.0,ind
25224,2022,1161464.0,con
25062,2022,3067.0,con
5576,2022,2538262.0,ind
20320,2022,6029460.0,con
25038,2022,267808.0,con
23574,2022,736198.0,con
26441,2022,6160442.0,con
24082,2022,0.0,ind
21709,2022,1808700.0,con
27065,2022,0.0,ind
12823,2022,44490.0,con
16101,2022,1569224.0,con
11258,2022,209054.0,ind
19569,2022,11900030.0,con
16675,2022,21417720.0,con
27413,2022,45629.0,con
22420,2022,0.0,ind
906,2022,575889977.0,con
26204,2022,90101.0,con
12696,2022,126390.0,con
22497,2022,2226211.0,con
18368,2022,1293195.0,con
16284,2022,0.0,ind
22810,2022,6143992.0,con
10472,2022,261879.0,con
26360,2022,305596.0,ind
7510,2022,582165.0,con
23469,2022,469706.0,ind
25780,2022,741291.0,con
18376,2022,7416547.0,con
17973,2022,9893753.0,con
26379,2022,1022815.0,con
7617,2022,8884000.0,con
23396,2022,8568680.0,con
22454,2022,133305.0,con
14168,2022,92048.0,ind
27081,2022,0.0,ind
21075,2022,0.0,ind
22225,2022,100813.0,ind
25992,2022,2911526.0,con
26867,2022,1641690.0,con
80209,2022,53902931.0,con
24260,2022,3590495.0,con
17892,2022,393235.0,con
24627,2022,374518.0,con
24589,2022,1409664.0,con
20621,2022,500877.0,ind
8540,2022,10457.0,ind
3395,2022,70601.0,con
24295,2022,13833000.0,con
25623,2022,2747893.0,ind
9539,2022,209391177.0,con
26638,2022,0.0,ind
25330,2022,395841.0,con
23388,2022,18690499.0,ind
20540,2022,2054134.0,con
17485,2022,5014000.0,ind
14524,2022,11408000.0,ind
22675,2022,4937257.0,con
26620,2022,4716372.0,con
24562,2022,0.0,ind
21750,2022,0.0,ind
3549,2022,27250.0,con
20478,2022,1122993.0,con
25402,2022,1067774.0,con
26883,2022,341490.0,ind
922,2022,6420521.0,ind
15369,2022,0.0,ind
2100,2022,97973.0,con
18708,2022,22324.0,con
22861,2022,0.0,ind
6041,2022,0.0,ind
18554,2022,0.0,ind
21962,2022,1880655.0,ind
27120,2022,222980.0,ind
21040,2022,1600478.0,con
26093,2022,105355.0,con
20915,2022,5232777.0,con
27219,2022,692298.0,con
25577,2022,5667525.0,ind
6211,2022,975436.0,con
19445,2022,3985344.0,con
6076,2022,0.0,ind
26026,2022,706127.0,con
15423,2022,0.0,con
26352,2022,3241159.0,con
19208,2022,14082.0,ind
26271,2022,1999962.0,con
8133,2022,3467102.0,con
25321,2022,832028.0,con
23515,2022,3035617.0,ind
22985,2022,43096.0,ind
26808,2022,3379348.0,ind
19119,2022,0.0,ind
10880,2022,0.0,con
16616,2022,1192899.0,ind
26255,2022,1899301.0,con
25291,2022,48212.0,con
20303,2022,4247161.0,ind
80225,2022,1986156.0,con
27359,2022,0.0,ind
20060,2022,128818.0,con
25674,2022,2134327.0,con
21920,2022,0.0,ind
25550,2022,556276.0,con
5207,2022,44922.0,ind
26875,2022,1520443.0,ind
3450,2022,0.0,ind
20257,2022,6804886.0,con
1171,2022,10304800.0,ind
23680,2022,703196.0,ind
27111,2022,11754031.0,con
4537,2022,0.0,con
27340,2022,0.0,con
14966,2022,5869.0,ind
23884,2022,878108.0,ind
8427,2022,86156.0,con
23272,2022,1267705.0,con
21180,2022,0.0,con
20800,2022,198613.0,con
22217,2022,0.0,con
1562,2022,21591.0,con
1325,2022,9231014.0,con
23221,2022,436065.0,con
23825,2022,14765667.0,con
23540,2022,233275.0,ind
27243,2022,0.0,con
27138,2022,21583.0,con
25178,2022,1034912.0,ind
13439,2022,14666.0,con
6629,2022,324582.0,ind
26980,2022,1176956.0,con
4693,2022,272890.0,con
13447,2022,0.0,ind
14869,2022,3721668.0,ind
20630,2022,576.0,con
26972,2022,168243.0,con
15636,2022,6950336.0,ind
25631,2022,692445.0,ind
25410,2022,2239880.0,con
19852,2022,926563.0,ind
701,2022,64054.0,con
27006,2022,0.0,con
24767,2022,218373.0,ind
20338,2022,1767598.0,con
19135,2022,0.0,ind
11215,2022,546.0,ind
26387,2022,5083.0,con
21350,2022,1276619.0,con
14206,2022,20370662.0,con
21970,2022,358887.0,ind
24546,2022,61519.0,con
4820,2022,35035090.0,con
21490,2022,10096169.0,con
23809,2022,758853.0,ind
21466,2022,8337381.0,con
26913,2022,9851.0,ind
12190,2022,392658.0,con
5762,2022,37396.0,con
3115,2022,185275.0,con
3654,2022,146583.0,con
25399,2022,90157.0,con
21148,2022,1396757.0,con
25143,2022,146568.0,con
25615,2022,614410.0,ind
21032,2022,3272961.0,con
25879,2022,1687346.0,con
26280,2022,2979395.0,con
23930,2022,0.0,con
22268,2022,1252826.0,ind
24236,2022,67054.0,con
14320,2022,6299577.0,con
25372,2022,8033000.0,ind
1694,2022,2156.0,ind
16241,2022,776459.0,ind
25240,2022,0.0,ind
3298,2022,231788.0,con
7595,2022,846618.0,con
19739,2022,12433095.0,con
23817,2022,61689.0,con
14605,2022,4496652.0,ind
6343,2022,2611224.0,con
11223,2022,559310.0,con
24813,2022,2740229.0,con
26549,2022,0.0,con
25720,2022,713544.0,con
24392,2022,5595931.0,con
20397,2022,1770575.0,ind
23892,2022,945540.0,ind
4669,2022,3576867.0,con
22586,2022,79628.0,con
25755,2022,1279822.0,ind
11312,2022,32983118.0,con
21393,2022,0.0,con
8036,2022,9490575.0,ind
25097,2022,28396729.0,ind
22608,2022,1291999.0,con
24430,2022,549241.0,ind
19330,2022,1702149.0,con
25976,2022,76828.0,con
21610,2022,14198640.0,con
24716,2022,6088125.0,con
25747,2022,364692.0,con
21814,2022,500383.0,ind
23230,2022,16568025.0,con
24104,2022,404268.0,ind
25585,2022,4713062.0,con
23590,2022,228643.0,con
24694,2022,2118878.0,con
16292,2022,25456030.0,con
11070,2022,6082.0,con
3190,2022,9828039.0,con
4685,2022,8955.0,ind
25950,2022,799700.0,con
20818,2022,9371.0,con
27251,2022,13550.0,con
22080,2022,23322.0,ind
6173,2022,693311.0,con
27014,2022,1323519.0,con
26182,2022,404072.0,ind
11932,2022,5532210.0,con
25186,2022,1994042.0,con
21091,2022,3869648.0,con
21881,2022,2948655.0,con
20796,2022,17279244.0,con
23310,2022,990064.0,con
24783,2022,12716832.0,con
18406,2022,0.0,ind
25380,2022,6583.0,con
26506,2022,104467.0,con
18724,2022,0.0,con
4707,2022,0.0,con
13030,2022,3759.0,con
25860,2022,2029528.0,con
22349,2022,534594.0,con
1228,2022,13405991.0,ind
15300,2022,3839126.0,ind
25356,2022,0.0,ind
25704,2022,0.0,con
15458,2022,68564.0,con
21903,2022,8723756.0,con
26514,2022,313336.0,con
3980,2022,14039693.0,con
18953,2022,3169555.0,con
24708,2022,5342018.0,ind
24929,2022,0.0,con
11975,2022,19007.0,con
26557,2022,38423.0,con
25526,2022,1176659.0,con
26654,2022,1064671.0,ind
14613,2022,70165.0,ind
18236,2022,0.0,ind
2437,2022,44919129.0,con
22365,2022,797206.0,con
20532,2022,0.0,con
15091,2022,0.0,ind
24597,2022,387119.0,con
18414,2022,107807.0,con
8451,2022,2320959.0,con
23132,2022,293057.0,ind
22721,2022,1952298.0,ind
26425,2022,992054.0,ind
4030,2022,32507522.0,con
12572,2022,38.0,con
14362,2022,6706000.0,ind
2453,2022,11363963.0,con
8818,2022,4867.0,ind
23922,2022,962110.0,ind
8893,2022,906014.0,con
22683,2022,253871.0,ind
3158,2022,1489431.0,con
20451,2022,528677.0,con
18465,2022,17725954.0,con
22799,2022,253109.0,con
14214,2022,0.0,ind
22446,2022,12193.0,ind
25160,2022,668118.0,con
25887,2022,0.0,con
16993,2022,0.0,con
9512,2022,327818000.0,con
26077,2022,8025.0,con
22780,2022,14747.0,con
26565,2022,1390070.0,con
26735,2022,4441353.0,ind
24120,2022,3185182.0,con
25208,2022,78994.0,con
15407,2022,76087.0,ind
22411,2022,526405.0,ind
20990,2022,13719682.0,con
16608,2022,2168915.0,ind
21733,2022,6295104.0,con
1570,2022,0.0,ind
3271,2022,556478.0,ind
25763,2022,252936.0,con
20087,2022,22472050.0,con
3328,2022,1189646.0,ind
25500,2022,0.0,con
20524,2022,313533.0,con
24406,2022,9967883.0,ind
26824,2022,1966391.0,ind
14311,2022,11826061.0,con
25925,2022,42908.0,con
16632,2022,349195.0,con
20575,2022,92518154.0,con
17949,2022,4321398.0,ind
5410,2022,1789115.0,con
27294,2022,469.0,ind
9520,2022,0.0,ind
8745,2022,514.0,con
14176,2022,6878156.0,ind
5258,2022,1505222.0,con
18139,2022,2141000.0,ind
26115,2022,697242.0,con
25984,2022,3150754.0,con
5983,2022,31110.0,con
26530,2022,427000.0,con
17434,2022,0.0,ind
24473,2022,689576.0,con
8656,2022,14039693.0,con
22012,2022,201498.0,con
15822,2022,0.0,ind
3204,2022,684769.0,con
23965,2022,154353.0,con
16373,2022,471398.0,ind
14346,2022,1183021.0,con
24147,2022,0.0,ind
20710,2022,1493909.0,con
21237,2022,7747450.0,con
19348,2022,63204000.0,con
24600,2022,12055313.0,ind
25275,2022,934491.0,con
19925,2022,2914098.0,con
25518,2022,35293.0,ind
25798,2022,297434.0,con
14818,2022,0.0,ind
19879,2022,11144326.0,con
16586,2022,0.0,ind
26859,2022,0.0,ind
15717,2022,0.0,ind
26344,2022,0.0,ind
13781,2022,1801903.0,con
3050,2022,5976031.0,ind
27057,2022,0.0,con
24643,2022,86.0,ind
23604,2022,542440.0,con
26395,2022,1234948.0,con
80217,2022,5366535.0,con
16438,2022,390.0,con
9989,2022,0.0,con
26000,2022,72367.0,con
20605,2022,1976992.0,con
27103,2022,4415216.0,con
24910,2022,105890.0,con
25437,2022,142107.0,con
25569,2022,608487.0,con
23477,2022,15373.0,ind
25135,2022,86934.0,con
26700,2022,2376600.0,con
21997,2022,1969053.0,ind
25690,2022,1111308.0,con
27154,2022,0.0,con
18309,2022,4119786.0,ind
25801,2022,319985.0,con
25283,2022,1458744.0,con
11398,2022,3686.0,ind
22543,2022,802608.0,ind
19615,2022,202665.0,con
20931,2022,13404705.0,con
23841,2022,0.0,ind
9393,2022,3250703.0,con
25046,2022,50997.0,con
23060,2022,0.0,ind
25534,2022,1260641.0,con
22179,2022,537.0,ind
25429,2022,611796.0,con
16861,2022,1422322.0,ind
26581,2022,3550.0,ind
7870,2022,61366.0,con
26590,2022,411470.0,con
4170,2022,76909000.0,con
26158,2022,761962.0,con
22071,2022,2616142.0,ind
18821,2022,26751149.0,con
25852,2022,286491.0,con
8575,2022,272198.0,con
24279,2022,209259.0,con
27391,2022,535157.0,con
1155,2022,18296110.0,con
26786,2022,37122.0,con
26069,2022,1911007.0,con
17450,2022,21178748.0,con
5380,2022,130139.0,con
26468,2022,0.0,con
24155,2022,1405962.0,ind
21024,2022,464928.0,ind
19623,2022,7646847.0,con
27227,2022,174.0,con
26956,2022,310930.0,con
23523,2022,0.0,ind
27189,2022,12394635.0,con
13854,2022,0.0,ind
23507,2022,382375.0,con
15342,2022,2398540.0,ind
14826,2022,9052000.0,con
26107,2022,1338916.0,ind
27022,2022,0.0,con
10456,2022,110504.0,con
25542,2022,547586.0,con
23280,2022,2255074.0,con
20745,2022,2587759.0,con
6700,2022,1215.0,con
15539,2022,38623000.0,con
11991,2022,56198.0,con
21199,2022,14978388.0,ind
9415,2022,0.0,ind
22764,2022,0.0,ind
3824,2022,6998474.0,ind
25119,2022,12434.0,con
20036,2022,862176.0,con
24961,2022,2667652.0,con
21520,2022,1473577.0,con
21644,2022,0.0,ind
23426,2022,5782393.0,con
18546,2022,1269512.0,ind
24481,2022,705909.0,ind
19763,2022,10597514.0,con
14443,2022,17723836.0,ind
27405,2022,574103.0,ind
21342,2022,4754958.0,con
20370,2022,0.0,con
26190,2022,3342101.0,con
21938,2022,1132968.0,ind
25011,2022,1060001.0,con
1023,2022,671269541.0,con
22594,2022,970974.0,con
20613,2022,1422915.0,con
24317,2022,790270.0,con
3077,2022,228707.0,con
5312,2022,298920.0,con
20982,2022,3023712.0,con
26743,2022,3431822.0,ind
3891,2022,9688018.0,con
2461,2022,2021965.0,con
16268,2022,23485.0,ind
9717,2022,52.0,ind
27073,2022,274042.0,con
16527,2022,6254592.0,ind
24953,2022,1365659.0,con
21067,2022,124865.0,con
26328,2022,965911.0,con
27324,2022,251036.0,con
26891,2022,1970487.0,con
16551,2022,5208.0,ind
23159,2022,2033528.0,con
21334,2022,11892.0,con
80020,2022,113017.0,con
14109,2022,4522417.0,con
25909,2022,152104.0,con
17868,2022,0.0,con
26816,2023,0.0,ind
27383,2023,0.0,con
23868,2023,1194291.0,ind
24864,2023,1223574.0,ind
16624,2023,0.0,ind
27421,2023,1053740.0,ind
24139,2023,506669.0,ind
26662,2023,363770.0,ind
24848,2023,2150832.0,con
27235,2023,490666.0,ind
24945,2023,1788529.0,ind
22519,2023,120265.0,con
4448,2023,17745411.0,con
27049,2023,1015913.0,con
16772,2023,10146.0,ind
17930,2023,4858039.0,ind
24180,2023,7162140.0,con
23671,2023,823164.0,ind
19364,2023,132954.0,ind
3069,2023,337992.0,con
19186,2023,1103827.0,ind
80187,2023,1116807.0,con
25453,2023,1097474.0,con
26603,2023,514641.0,con
22357,2023,0.0,con
20346,2023,663663.0,con
25194,2023,722737.0,con
27367,2023,1130384.0,con
26484,2023,2134938.0,ind
22926,2023,333107.0,ind
26301,2023,3540972.0,con
19100,2023,394247.0,con
22144,2023,1498022.0,ind
14460,2023,4879009.0,con
25712,2023,3296124.0,con
17922,2023,0.0,con
26832,2023,499802.0,con
26646,2023,760836.0,con
26034,2023,1210001.0,con
16985,2023,3094193.0,ind
24872,2023,146884.0,con
7811,2023,606552.0,con
4146,2023,561288.0,con
21130,2023,904116.0,con
19720,2023,0.0,ind
20001,2023,0.0,ind
24988,2023,1332353.0,ind
23957,2023,114984.0,con
25070,2023,532806.0,con
1309,2023,85015.0,ind
24660,2023,464250.0,con
27146,2023,2066521.0,ind
21008,2023,1802492.0,con
23442,2023,1038314.0,ind
20494,2023,3065350.0,con
8192,2023,9018.0,con
23981,2023,48066.0,con
13366,2023,20754086.0,con
20729,2023,803963.0,ind
11762,2023,417048.0,con
23264,2023,3770706.0,con
27464,2023,0.0,ind
24171,2023,19071000.0,con
19992,2023,1759542.0,con
19658,2023,61743.0,con
27758,2023,0.0,ind
18627,2023,5083244.0,ind
27553,2023,2572894.0,ind
26166,2023,931271.0,con
1384,2023,11606800.0,con
14664,2023,839337.0,con
20044,2023,0.0,con
24015,2023,3003602.0,ind
21636,2023,1000853.0,con
25682,2023,3332437.0,con
22616,2023,984378.0,ind
25445,2023,919342.0,con
27197,2023,140399.0,ind
25496,2023,2157896.0,con
26409,2023,713749.0,con
13471,2023,326987.0,con
21440,2023,290261.0,con
18589,2023,111833.0,ind
22977,2023,488124.0,ind
25844,2023,515719.0,con
24805,2023,225156644.0,con
13765,2023,286.0,con
23620,2023,4433644.0,con
19232,2023,11146.0,con
20648,2023,3362842.0,ind
24066,2023,236820.0,ind
9342,2023,871540.0,con
23000,2023,1609951.0,con
10561,2023,0.0,ind
25259,2023,0.0,con
19305,2023,172284.0,con
9954,2023,0.0,ind
26522,2023,1820215.0,con
23248,2023,5616859.0,con
2577,2023,2064145.0,con
21016,2023,5040497.0,con
26760,2023,223221.0,con
15253,2023,28212692.0,con
23175,2023,6470985.0,con
24740,2023,7679603.0,con
26123,2023,3474172.0,con
11592,2023,1391746.0,con
17965,2023,0.0,ind
20192,2023,2220014.0,ind
22560,2023,605623.0,con
18660,2023,25382424.0,con
15784,2023,0.0,ind
24457,2023,427457.0,ind
18333,2023,0.0,ind
27200,2023,4528517.0,ind
16748,2023,1110336.0,ind
26670,2023,354023.0,ind
26964,2023,0.0,con
4081,2023,159059.0,con
25917,2023,32699580.0,con
20788,2023,64775889.0,con
18597,2023,1234.0,ind
19771,2023,11336149.0,con
21989,2023,999979.0,ind
26417,2023,0.0,con
17671,2023,19301796.0,con
18538,2023,5833.0,ind
27456,2023,0.0,ind
19593,2023,36702.0,ind
22055,2023,1463722.0,con
17329,2023,17357059.0,con
13773,2023,883571.0,con
5770,2023,625150.0,con
19275,2023,3356017.0,ind
25658,2023,2059493.0,con
20516,2023,8895200.0,con
7544,2023,309944.0,con
14451,2023,0.0,con
22020,2023,4768412.0,con
11231,2023,2764.0,con
16705,2023,0.0,con
25771,2023,1335370.0,con
94,2023,619997.0,con
23167,2023,1267611.0,ind
27596,2023,0.0,ind
23795,2023,0.0,con
23582,2023,351119.0,ind
20052,2023,0.0,ind
27499,2023,682371.0,con
20877,2023,1815950.0,con
8397,2023,693671.0,con
24228,2023,3430013.0,con
25607,2023,1606838.0,ind
26948,2023,432654.0,ind
9083,2023,37948.0,ind
20362,2023,1531985.0,con
26433,2023,0.0,ind
27600,2023,0.0,con
27847,2023,84417.0,con
9067,2023,74574591.0,con
15709,2023,1552902.0,ind
27278,2023,239617.0,con
25828,2023,10691483.0,ind
19453,2023,11645342.0,con
19836,2023,56519374.0,con
22691,2023,11921823.0,con
26085,2023,1262509.0,con
22004,2023,319730.0,ind
80195,2023,106269.0,ind
15741,2023,1238344.0,ind
22470,2023,7108757.0,con
25348,2023,1837059.0,con
24902,2023,499002.0,con
23558,2023,212577.0,ind
19550,2023,7622192.0,con
2429,2023,1792175.0,con
4782,2023,12130158.0,ind
12653,2023,26966191.0,con
14303,2023,7011.0,ind
1210,2023,67615882.0,con
23850,2023,0.0,ind
25127,2023,8355445.0,con
26247,2023,2703117.0,con
20567,2023,5988853.0,ind
23833,2023,772368.0,ind
18759,2023,0.0,ind
18775,2023,3676938.0,con
23531,2023,11135356.0,con
27472,2023,0.0,con
23302,2023,69763264.0,con
25461,2023,12623.0,con
20958,2023,0.0,con
22187,2023,9222756.0,con
24490,2023,0.0,con
13285,2023,1307382.0,con
16659,2023,0.0,con
24112,2023,21830321.0,con
24341,2023,2522431.0,ind
24821,2023,32883225.0,con
27308,2023,0.0,ind
21628,2023,0.0,ind
21156,2023,463048.0,con
26050,2023,370164.0,con
18066,2023,71.0,ind
24937,2023,83504.0,ind
20028,2023,867155.0,con
25232,2023,132.0,con
24058,2023,1034957.0,con
26476,2023,186045.0,con
26719,2023,694485.0,ind
27332,2023,1283944.0,con
25895,2023,0.0,con
21431,2023,9607559.0,con
27715,2023,249792.0,con
25003,2023,39824886.0,con
24422,2023,770719.0,ind
19640,2023,0.0,ind
19909,2023,2793876.0,con
80152,2023,0.0,ind
26174,2023,6000664.0,con
21849,2023,1333694.0,ind
19097,2023,0.0,ind
17884,2023,0.0,ind
26727,2023,4769587.0,ind
27162,2023,1055590.0,con
18996,2023,980947.0,ind
27430,2023,1320037.0,con
26611,2023,291.0,ind
1120,2023,1481953.0,ind
8753,2023,51403977.0,con
23612,2023,170438.0,ind
25836,2023,102969.0,con
25089,2023,113101.0,con
6505,2023,9378000.0,con
20966,2023,1035455.0,con
24880,2023,4264336.0,con
27090,2023,4969825.0,con
26999,2023,1865957.0,ind
24210,2023,2370658.0,ind
20770,2023,527526.0,con
27260,2023,1223882.0,con
20443,2023,5917922.0,ind
23329,2023,791339.0,ind
26921,2023,1022854.0,ind
25305,2023,460321.0,con
26697,2023,947370.0,con
24333,2023,0.0,ind
26905,2023,632988.0,ind
1520,2023,167153.0,con
24830,2023,10132954.0,con
17850,2023,0.0,ind
20702,2023,271132.0,con
16306,2023,591273.0,con
20010,2023,41183525.0,con
25640,2023,10895030.0,con
21202,2023,2547816.0,con
14850,2023,1007085.0,ind
13986,2023,74574591.0,con
23370,2023,0.0,ind
25933,2023,454418.0,con
25100,2023,480988.0,con
8672,2023,3100412.0,con
4723,2023,98315.0,con
20435,2023,648566.0,con
20125,2023,0.0,con
15199,2023,7979208.0,ind
26239,2023,106563.0,ind
17493,2023,0.0,ind
25224,2023,1482577.0,con
25062,2023,44618.0,con
5576,2023,3107820.0,ind
20320,2023,4959066.0,con
25038,2023,413065.0,con
23574,2023,664721.0,con
26441,2023,8495149.0,con
24082,2023,0.0,ind
21709,2023,2918536.0,con
27065,2023,404937.0,ind
12823,2023,49460.0,con
16101,2023,1990137.0,con
11258,2023,153467.0,ind
19569,2023,11984891.0,con
16675,2023,21069003.0,con
27413,2023,995135.0,con
22420,2023,0.0,ind
27480,2023,3233902.0,con
27685,2023,0.0,ind
906,2023,593422900.0,con
26204,2023,124504.0,con
12696,2023,128436.0,con
22497,2023,2257712.0,con
18368,2023,979230.0,con
16284,2023,0.0,ind
22810,2023,4330365.0,con
7510,2023,721014.0,con
23469,2023,449950.0,ind
25780,2023,655581.0,con
18376,2023,8041697.0,con
17973,2023,8204323.0,con
26379,2023,988962.0,con
7617,2023,12047000.0,con
23396,2023,9804869.0,con
22454,2023,91769.0,con
14168,2023,26199.0,ind
27561,2023,0.0,ind
27081,2023,0.0,ind
21075,2023,0.0,ind
22225,2023,284943.0,ind
25992,2023,2949832.0,con
26867,2023,1864025.0,con
24260,2023,3419894.0,con
17892,2023,335067.0,con
27626,2023,0.0,ind
24627,2023,311713.0,con
24589,2023,4464845.0,con
20621,2023,11736.0,ind
8540,2023,14732.0,ind
3395,2023,92383.0,con
24295,2023,17391000.0,con
27502,2023,957770.0,con
27740,2023,0.0,con
25623,2023,2811301.0,ind
9539,2023,212107205.0,con
26638,2023,650601.0,ind
25330,2023,629580.0,con
23388,2023,20041448.0,ind
20540,2023,1281220.0,con
17485,2023,5022000.0,ind
14524,2023,13151000.0,ind
22675,2023,4550256.0,con
26620,2023,5874521.0,con
24562,2023,0.0,ind
21750,2023,0.0,ind
3549,2023,27150.0,con
20478,2023,1278666.0,con
25402,2023,1169849.0,con
26883,2023,337568.0,ind
922,2023,8338455.0,ind
15369,2023,1114690.0,ind
2100,2023,111645.0,con
18708,2023,58152.0,con
22861,2023,0.0,ind
6041,2023,0.0,ind
18554,2023,0.0,ind
21962,2023,1869750.0,ind
21040,2023,1018540.0,con
26093,2023,62103.0,con
20915,2023,7429176.0,con
27219,2023,561889.0,con
25577,2023,7107057.0,ind
6211,2023,921870.0,con
19445,2023,4139920.0,con
6076,2023,2208.0,ind
26026,2023,881249.0,con
15423,2023,0.0,con
26352,2023,3625701.0,con
19208,2023,11472.0,ind
26271,2023,3054048.0,con
8133,2023,2405375.0,con
25321,2023,342253.0,con
23515,2023,2680462.0,ind
22985,2023,44703.0,ind
26808,2023,4774615.0,ind
19119,2023,0.0,ind
10880,2023,0.0,con
16616,2023,1252182.0,ind
26255,2023,1812119.0,con
25291,2023,1052042.0,con
20303,2023,4575998.0,ind
80225,2023,1578804.0,con
27359,2023,824721.0,ind
20060,2023,155654.0,con
25674,2023,2353105.0,con
25550,2023,1015154.0,con
5207,2023,124052.0,ind
26875,2023,1653327.0,ind
3450,2023,0.0,ind
20257,2023,8156188.0,con
1171,2023,12448917.0,ind
23680,2023,665600.0,ind
27111,2023,20261532.0,con
4537,2023,0.0,con
27340,2023,0.0,con
14966,2023,5474.0,ind
23884,2023,1031219.0,ind
8427,2023,94502.0,con
23272,2023,1774084.0,con
21180,2023,52391.0,con
20800,2023,155303.0,con
22217,2023,0.0,con
1562,2023,25649.0,con
1325,2023,10841812.0,con
23221,2023,765939.0,con
23825,2023,17723979.0,con
23540,2023,168291.0,ind
27243,2023,804245.0,con
27138,2023,35734.0,con
25178,2023,1044433.0,ind
13439,2023,10702.0,con
6629,2023,324582.0,ind
26980,2023,1255852.0,con
4693,2023,254798.0,con
27510,2023,194494.0,con
13447,2023,0.0,ind
14869,2023,4659112.0,ind
20630,2023,0.0,con
15636,2023,6980640.0,ind
25631,2023,508357.0,ind
25410,2023,2737517.0,con
19852,2023,514788.0,ind
701,2023,187628.0,con
27006,2023,441228.0,con
24767,2023,171627.0,ind
20338,2023,2226547.0,con
19135,2023,0.0,ind
11215,2023,167.0,ind
26387,2023,16525.0,con
21350,2023,1420971.0,con
14206,2023,28149832.0,con
21970,2023,291150.0,ind
24546,2023,74735.0,con
4820,2023,35716000.0,con
21490,2023,11680900.0,con
23809,2023,787845.0,ind
21466,2023,8936306.0,con
26913,2023,849966.0,ind
12190,2023,401672.0,con
5762,2023,84591.0,con
3654,2023,138342.0,con
25399,2023,66690.0,con
21148,2023,1481790.0,con
25143,2023,193007.0,con
25615,2023,984582.0,ind
21032,2023,4265293.0,con
25879,2023,2418233.0,con
26280,2023,3980213.0,con
23930,2023,0.0,con
22268,2023,1249079.0,ind
24236,2023,157213.0,con
14320,2023,6197557.0,con
25372,2023,12591000.0,ind
1694,2023,771.0,ind
16241,2023,779272.0,ind
25240,2023,0.0,ind
3298,2023,224973.0,con
7595,2023,876603.0,con
19739,2023,33271113.0,con
23817,2023,41757.0,con
14605,2023,4946239.0,ind
6343,2023,3519879.0,con
11223,2023,503203.0,con
24813,2023,5507414.0,con
27316,2023,393269764.0,ind
26549,2023,62513.0,ind
25720,2023,1484455.0,con
24392,2023,11717681.0,con
27723,2023,0.0,ind
20397,2023,1799148.0,ind
23892,2023,984786.0,ind
4669,2023,4083946.0,con
22586,2023,74342.0,con
11312,2023,22302491.0,con
21393,2023,0.0,con
8036,2023,9078623.0,ind
25097,2023,29230529.0,ind
22608,2023,1573407.0,con
24430,2023,492769.0,ind
19330,2023,1666271.0,con
25976,2023,148562.0,con
21610,2023,12111175.0,con
24716,2023,7483188.0,con
25747,2023,631857.0,con
21814,2023,501638.0,ind
23230,2023,13922211.0,con
24104,2023,424439.0,ind
25585,2023,8396408.0,con
23590,2023,376135.0,con
24694,2023,2491732.0,con
16292,2023,23517000.0,con
11070,2023,56265.0,con
3190,2023,10947444.0,con
4685,2023,10252.0,ind
25950,2023,1096070.0,con
20818,2023,11187.0,con
27251,2023,3203403.0,con
22080,2023,0.0,ind
6173,2023,488225.0,con
27014,2023,1240584.0,con
26182,2023,289973.0,ind
11932,2023,6476988.0,con
25186,2023,3168388.0,con
21091,2023,5599619.0,con
21881,2023,3678085.0,con
20796,2023,17860222.0,con
23310,2023,896685.0,con
24783,2023,13592286.0,con
25380,2023,125647.0,con
26506,2023,174894.0,con
18724,2023,0.0,con
4707,2023,0.0,con
13030,2023,2006.0,con
25860,2023,6775259.0,con
27588,2023,0.0,ind
22349,2023,401873.0,con
1228,2023,15531732.0,ind
15300,2023,3019592.0,ind
25356,2023,163668.0,ind
25704,2023,283290.0,con
15458,2023,90995.0,con
21903,2023,10650973.0,con
26514,2023,320982.0,con
3980,2023,12607390.0,con
18953,2023,2862127.0,con
24708,2023,12217500.0,ind
24929,2023,4969825.0,con
27790,2023,0.0,ind
11975,2023,67301.0,con
26557,2023,46586.0,con
25526,2023,1067166.0,con
26654,2023,1045423.0,ind
14613,2023,74000.0,ind
2437,2023,59859690.0,con
22365,2023,2203569.0,con
20532,2023,0.0,con
15091,2023,0.0,ind
24597,2023,340327.0,con
18414,2023,138274.0,con
8451,2023,2368027.0,con
22721,2023,2244691.0,ind
26425,2023,1110229.0,ind
4030,2023,40918742.0,con
27537,2023,0.0,ind
12572,2023,0.0,con
14362,2023,7492000.0,ind
2453,2023,10579498.0,con
8818,2023,230704.0,ind
23922,2023,963553.0,ind
27642,2023,10458944.0,con
8893,2023,961359.0,con
22683,2023,247716.0,ind
3158,2023,1359155.0,con
20451,2023,650259.0,con
18465,2023,13274130.0,con
14214,2023,0.0,ind
22446,2023,6665.0,ind
25160,2023,879639.0,con
27529,2023,114870.0,ind
25887,2023,1321.0,con
27782,2023,0.0,ind
27693,2023,1253563.0,con
16993,2023,0.0,con
9512,2023,280703000.0,con
26077,2023,3995.0,con
22780,2023,10008.0,con
26565,2023,2175992.0,con
26735,2023,4500801.0,ind
24120,2023,3746415.0,con
25208,2023,91367.0,con
15407,2023,90392.0,ind
22411,2023,459919.0,ind
20990,2023,22749000.0,con
16608,2023,2450509.0,ind
21733,2023,6643071.0,con
1570,2023,10009.0,ind
3271,2023,782694.0,ind
25763,2023,256501.0,con
20087,2023,16713435.0,con
3328,2023,1035113.0,ind
25500,2023,0.0,con
20524,2023,778500.0,con
80233,2023,0.0,con
26824,2023,17235.0,ind
14311,2023,12454218.0,con
25925,2023,32990.0,con
16632,2023,307566.0,con
20575,2023,92354061.0,con
17949,2023,4336042.0,ind
5410,2023,3459692.0,con
27294,2023,324.0,ind
9520,2023,0.0,ind
27766,2023,0.0,con
8745,2023,0.0,con
14176,2023,7553742.0,ind
5258,2023,2317904.0,con
18139,2023,2425000.0,ind
25984,2023,3000547.0,con
5983,2023,29021.0,con
26530,2023,626669.0,con
17434,2023,0.0,ind
8656,2023,12607390.0,con
22012,2023,972238.0,con
15822,2023,0.0,ind
3204,2023,1060966.0,con
16373,2023,416827.0,ind
14346,2023,1122339.0,con
24147,2023,0.0,ind
20710,2023,1521361.0,con
21237,2023,18462035.0,con
19348,2023,129427000.0,ind
27634,2023,0.0,ind
24600,2023,18914976.0,ind
25275,2023,1024677.0,con
25518,2023,30518.0,ind
25798,2023,343893.0,con
14818,2023,0.0,ind
19879,2023,10688690.0,con
16586,2023,0.0,ind
26859,2023,0.0,ind
15717,2023,0.0,ind
26344,2023,123322.0,ind
13781,2023,1945061.0,con
3050,2023,5172185.0,ind
27057,2023,1620246.0,con
24643,2023,0.0,ind
23604,2023,808529.0,con
26395,2023,1237726.0,con
80217,2023,7943345.0,con
16438,2023,632.0,con
9989,2023,2906.0,con
26000,2023,29737.0,con
20605,2023,3061510.0,con
27103,2023,4116423.0,con
24910,2023,77291.0,con
25437,2023,266575.0,con
25569,2023,693512.0,con
26700,2023,3710583.0,con
21997,2023,2085380.0,ind
25690,2023,1203180.0,con
27154,2023,1902653.0,con
18309,2023,5581635.0,ind
25801,2023,292833.0,con
25283,2023,1816726.0,con
11398,2023,10517.0,ind
27707,2023,366609.0,con
22543,2023,852494.0,ind
19615,2023,150546.0,con
27618,2023,0.0,con
20931,2023,13766474.0,con
23841,2023,0.0,ind
9393,2023,3192291.0,con
25046,2023,28903.0,con
25534,2023,1188613.0,con
22179,2023,336.0,ind
25429,2023,728141.0,con
16861,2023,1675781.0,ind
26581,2023,202491.0,ind
27448,2023,0.0,ind
7870,2023,170860.0,con
26590,2023,428765.0,con
4170,2023,66330000.0,con
26158,2023,712913.0,con
22071,2023,2890025.0,ind
18821,2023,29031254.0,con
27650,2023,0.0,ind
25852,2023,169261.0,con
8575,2023,463187.0,con
24279,2023,239988.0,con
27391,2023,494276.0,con
1155,2023,20182015.0,con
26786,2023,26884.0,con
26069,2023,2139823.0,ind
17450,2023,16758088.0,con
5380,2023,127694.0,con
26468,2023,741391.0,con
24155,2023,1459222.0,ind
27375,2023,629902.0,con
23523,2023,0.0,ind
19623,2023,11462099.0,con
27227,2023,846198.0,con
26956,2023,739630.0,con
27189,2023,11173587.0,con
13854,2023,0.0,ind
23507,2023,412369.0,con
15342,2023,2654567.0,ind
14826,2023,5863000.0,con
26107,2023,1005995.0,ind
27022,2023,5768012.0,con
10456,2023,1275251.0,con
25542,2023,329621.0,con
23280,2023,3342297.0,con
20745,2023,3454271.0,con
6700,2023,1005.0,con
15539,2023,43503000.0,con
11991,2023,58668.0,con
21199,2023,14779860.0,ind
9415,2023,4895.0,ind
22764,2023,0.0,ind
3824,2023,9598643.0,ind
25119,2023,164999.0,con
20036,2023,702192.0,con
24961,2023,7101401.0,con
21520,2023,1452968.0,con
21644,2023,0.0,ind
23426,2023,5612908.0,con
18546,2023,1297717.0,ind
24481,2023,682746.0,ind
19763,2023,14040436.0,con
14443,2023,0.0,con
27405,2023,534366.0,ind
21342,2023,5344755.0,con
20370,2023,0.0,con
26190,2023,4249032.0,con
21938,2023,1130112.0,ind
25011,2023,1204276.0,con
1023,2023,753263047.0,con
22594,2023,1349015.0,con
20613,2023,1505237.0,con
24317,2023,1013559.0,con
3077,2023,260251.0,con
5312,2023,378290.0,con
20982,2023,2963612.0,con
26743,2023,3477721.0,ind
3891,2023,12027133.0,con
2461,2023,2449268.0,con
16268,2023,21254.0,ind
9717,2023,111.0,ind
27073,2023,1594822.0,con
27731,2023,1190385.0,con
16527,2023,6835813.0,ind
24953,2023,1370067.0,con
21067,2023,125408.0,con
26328,2023,964986.0,con
27324,2023,737728.0,con
26891,2023,1868746.0,con
16551,2023,5493.0,ind
23159,2023,2025563.0,con
27570,2023,0.0,ind
21334,2023,9554.0,con
80020,2023,158451.0,con
14109,2023,5417678.0,con
25909,2023,194848.0,con
17868,2023,0.0,con
26816,2024,0.0,ind
27383,2024,1311048.0,con
23868,2024,1111034.0,ind
24864,2024,1294708.0,ind
27421,2024,1053310.0,ind
24139,2024,500317.0,ind
26662,2024,403895.0,ind
24848,2024,1687854.0,con
27235,2024,641370.0,ind
24945,2024,1793306.0,ind
22519,2024,93819.0,con
4448,2024,20179747.0,con
27049,2024,1126562.0,con
16772,2024,30588.0,ind
17930,2024,4916034.0,ind
24180,2024,6801339.0,con
23671,2024,779888.0,ind
19364,2024,123370.0,ind
3069,2024,271385.0,con
19186,2024,1210942.0,ind
80187,2024,1615004.0,con
25453,2024,927327.0,con
26603,2024,619448.0,con
22357,2024,0.0,con
20346,2024,779904.0,con
25194,2024,938962.0,con
27545,2024,555060.0,con
27367,2024,1261283.0,ind
26484,2024,2270183.0,ind
22926,2024,221814.0,ind
26301,2024,4490836.0,con
19100,2024,228038.0,con
22144,2024,1502983.0,ind
14460,2024,5158268.0,con
25712,2024,3030491.0,con
26832,2024,548619.0,con
26646,2024,968765.0,con
26034,2024,820232.0,con
16985,2024,3676666.0,ind
24872,2024,86122.0,con
7811,2024,645754.0,con
4146,2024,502014.0,con
21130,2024,1040781.0,con
19720,2024,0.0,ind
20001,2024,0.0,ind
24988,2024,1291817.0,ind
23957,2024,135210.0,con
25070,2024,387535.0,con
1309,2024,96795.0,ind
24660,2024,464539.0,con
27146,2024,2340929.0,ind
21008,2024,1818056.0,con
23442,2024,870098.0,ind
20494,2024,2204017.0,con
8192,2024,3182.0,con
23981,2024,37115.0,con
13366,2024,20754086.0,con
20729,2024,684339.0,ind
11762,2024,437750.0,con
23264,2024,3501066.0,con
27464,2024,2226465.0,ind
24171,2024,21129000.0,con
27812,2024,0.0,ind
27936,2024,0.0,ind
19992,2024,1744067.0,con
27758,2024,267168.0,ind
18627,2024,5777660.0,ind
27553,2024,0.0,con
26166,2024,920145.0,con
14664,2024,685552.0,con
20044,2024,68751.0,con
21636,2024,1074626.0,con
25682,2024,3226924.0,con
22616,2024,1347803.0,ind
25445,2024,869018.0,con
27197,2024,340906.0,con
25496,2024,3349084.0,con
26409,2024,2063371.0,con
13471,2024,295120.0,con
21440,2024,314791.0,con
18589,2024,105629.0,ind
22977,2024,419291.0,ind
25844,2024,753549.0,con
24805,2024,271463435.0,con
13765,2024,437.0,con
23620,2024,3886952.0,con
19232,2024,11195.0,con
20648,2024,4430825.0,ind
24066,2024,147404.0,ind
9342,2024,1022687.0,con
23000,2024,1607079.0,con
10561,2024,0.0,ind
25259,2024,0.0,con
19305,2024,153600.0,con
9954,2024,0.0,ind
26522,2024,2860013.0,con
23248,2024,5101068.0,con
27880,2024,3106065.0,con
2577,2024,2437846.0,con
21016,2024,5143079.0,con
26760,2024,392552.0,con
15253,2024,32377371.0,con
23175,2024,7147509.0,con
24740,2024,8891427.0,con
26123,2024,4555475.0,con
11592,2024,2061387.0,con
17965,2024,0.0,ind
20192,2024,4749507.0,ind
22560,2024,597530.0,con
18660,2024,26437103.0,con
15784,2024,0.0,ind
24457,2024,416960.0,ind
18333,2024,0.0,ind
16748,2024,2578141.0,ind
26670,2024,331183.0,ind
4081,2024,213179.0,con
25917,2024,40269447.0,con
20788,2024,55824153.0,con
18597,2024,2067.0,ind
19771,2024,12326537.0,con
21989,2024,1054871.0,ind
26417,2024,0.0,con
17671,2024,18737227.0,con
18538,2024,2500.0,ind
27456,2024,411459.0,ind
19593,2024,29266.0,ind
22055,2024,773297.0,con
17329,2024,20106256.0,con
13773,2024,1340941.0,con
5770,2024,703957.0,con
19275,2024,3780785.0,ind
25658,2024,1640002.0,con
20516,2024,9665654.0,con
7544,2024,297105.0,con
14451,2024,0.0,con
27863,2024,0.0,ind
22020,2024,7449222.0,con
11231,2024,2413.0,con
16705,2024,303820.0,con
25771,2024,1311004.0,con
94,2024,406192.0,con
23167,2024,863276.0,ind
27596,2024,226646.0,ind
23795,2024,0.0,con
23582,2024,294848.0,ind
20052,2024,0.0,ind
27499,2024,1149545.0,con
20877,2024,1923308.0,con
8397,2024,613580.0,con
24228,2024,4176642.0,con
25607,2024,1640833.0,ind
26948,2024,500250.0,ind
9083,2024,37948.0,ind
20362,2024,1385733.0,con
26433,2024,0.0,ind
27600,2024,0.0,con
27847,2024,141383.0,con
9067,2024,77172692.0,con
15709,2024,1323680.0,ind
19453,2024,17966670.0,con
19836,2024,62180448.0,con
22691,2024,3102051.0,con
22004,2024,220251.0,ind
80195,2024,77504.0,ind
15741,2024,1198838.0,ind
22470,2024,7354855.0,con
25348,2024,1779273.0,con
24902,2024,656667.0,con
23558,2024,108485.0,ind
19550,2024,2512302.0,con
2429,2024,1626153.0,con
4782,2024,12825576.0,ind
12653,2024,31341244.0,con
14303,2024,6782.0,ind
1210,2024,76761083.0,con
25127,2024,11654093.0,con
26247,2024,2655390.0,con
20567,2024,7141955.0,ind
23833,2024,732842.0,ind
18759,2024,0.0,ind
18775,2024,3170882.0,con
23531,2024,8561575.0,con
27472,2024,8660358.0,con
23302,2024,67685536.0,con
25461,2024,36042.0,con
22187,2024,9554402.0,con
20958,2024,10559081.0,ind
13285,2024,1249074.0,con
16659,2024,0.0,con
24112,2024,24871130.0,con
24341,2024,2763439.0,ind
24821,2024,34585949.0,con
21628,2024,0.0,ind
21156,2024,549225.0,con
26050,2024,323733.0,con
24937,2024,0.0,ind
20028,2024,709954.0,con
25232,2024,846.0,con
24058,2024,1045282.0,con
26476,2024,232070.0,con
27774,2024,733439.0,con
26719,2024,638936.0,ind
27332,2024,1469004.0,con
25895,2024,0.0,con
21431,2024,9937779.0,con
27715,2024,249792.0,con
25003,2024,45302822.0,con
24422,2024,634040.0,ind
27952,2024,0.0,ind
19640,2024,0.0,ind
19909,2024,2552324.0,con
80152,2024,0.0,ind
26174,2024,5521294.0,con
21849,2024,1104045.0,ind
19097,2024,0.0,ind
17884,2024,0.0,ind
27995,2024,237636.0,con
26727,2024,5535896.0,ind
27162,2024,4072586.0,con
18996,2024,1093637.0,ind
27430,2024,1630346.0,con
26611,2024,1014234.0,ind
1120,2024,2064761.0,ind
8753,2024,26031761.0,con
23612,2024,173598.0,ind
25836,2024,101205.0,con
25089,2024,434708.0,con
6505,2024,8959000.0,con
20966,2024,1107734.0,con
24880,2024,6135071.0,con
27090,2024,8830798.0,con
26999,2024,2682981.0,ind
24210,2024,2281072.0,ind
20770,2024,856171.0,con
27260,2024,1416934.0,con
20443,2024,7002260.0,ind
23329,2024,876621.0,ind
26921,2024,946759.0,ind
25305,2024,808115.0,con
26697,2024,911183.0,con
24333,2024,0.0,ind
26905,2024,642979.0,ind
1520,2024,187984.0,con
24830,2024,12625684.0,con
17850,2024,0.0,ind
20702,2024,41241.0,con
16306,2024,308144.0,con
20010,2024,46452144.0,con
25640,2024,11458127.0,con
21202,2024,3563121.0,con
14850,2024,974986.0,ind
13986,2024,77172692.0,con
23370,2024,0.0,ind
25933,2024,254856.0,con
25100,2024,613352.0,con
8672,2024,3367008.0,con
4723,2024,44536.0,con
20435,2024,719437.0,con
20125,2024,0.0,con
15199,2024,7979208.0,ind
26239,2024,127619.0,ind
17493,2024,0.0,ind
25224,2024,2132173.0,con
25062,2024,216978.0,con
5576,2024,3639880.0,ind
20320,2024,2868093.0,con
25038,2024,501290.0,con
23574,2024,529750.0,con
26441,2024,9938463.0,con
24082,2024,0.0,ind
27065,2024,375638.0,ind
12823,2024,54650.0,con
16101,2024,1833545.0,con
11258,2024,104723.0,ind
19569,2024,10583589.0,con
16675,2024,17671837.0,con
27480,2024,3407309.0,con
27685,2024,0.0,ind
906,2024,625792757.0,con
26204,2024,125120.0,con
12696,2024,155384.0,con
22497,2024,2237213.0,con
18368,2024,0.0,con
16284,2024,0.0,ind
22810,2024,2622973.0,con
7510,2024,785181.0,con
23469,2024,654578.0,ind
25780,2024,902980.0,con
18376,2024,9268665.0,con
17973,2024,7775596.0,con
26379,2024,1008833.0,con
7617,2024,10772000.0,con
23396,2024,17079275.0,con
22454,2024,55312.0,con
14168,2024,29359.0,ind
27561,2024,0.0,ind
27081,2024,0.0,ind
22225,2024,313887.0,ind
25992,2024,3569043.0,con
26867,2024,2077844.0,con
24260,2024,3819899.0,con
17892,2024,423886.0,con
27626,2024,0.0,con
24627,2024,608538.0,con
24589,2024,4741950.0,con
20621,2024,25696.0,ind
8540,2024,0.0,ind
3395,2024,130964.0,con
24295,2024,15518000.0,con
27502,2024,2065677.0,con
27740,2024,0.0,con
25623,2024,2066866.0,ind
9539,2024,213684743.0,con
26638,2024,1100550.0,ind
25330,2024,543713.0,con
23388,2024,6237175.0,ind
20540,2024,1205422.0,con
17485,2024,5505000.0,ind
14524,2024,14261000.0,ind
22675,2024,4296315.0,con
26620,2024,6418563.0,con
21750,2024,0.0,ind
3549,2024,27150.0,con
20478,2024,230997.0,con
25402,2024,1246193.0,con
26883,2024,315400.0,ind
922,2024,11322771.0,ind
15369,2024,1111576.0,ind
2100,2024,10208.0,con
18708,2024,114369.0,con
6041,2024,0.0,ind
21962,2024,1832098.0,ind
21040,2024,973272.0,con
26093,2024,34327.0,con
20915,2024,7847271.0,con
27219,2024,1014283.0,con
25577,2024,9955718.0,ind
6211,2024,878142.0,con
19445,2024,4743514.0,con
6076,2024,52058.0,ind
26026,2024,1168367.0,con
15423,2024,0.0,ind
26352,2024,3905672.0,con
19208,2024,7668.0,ind
26271,2024,2661065.0,con
8133,2024,1926900.0,con
25321,2024,278007.0,con
23515,2024,2284864.0,ind
22985,2024,59843.0,ind
1350,2024,0.0,ind
26808,2024,6070896.0,ind
19119,2024,0.0,ind
10880,2024,0.0,con
16616,2024,1219229.0,ind
26255,2024,1373020.0,con
25291,2024,9262167.0,con
20303,2024,5887622.0,ind
80225,2024,1603773.0,con
27359,2024,950824.0,ind
20060,2024,145660.0,con
25674,2024,2278711.0,con
25550,2024,1125389.0,con
5207,2024,119244.0,ind
26875,2024,2085716.0,ind
3450,2024,0.0,ind
20257,2024,9702640.0,con
1171,2024,12875114.0,ind
23680,2024,618876.0,ind
27901,2024,129636.0,ind
27111,2024,30141033.0,con
4537,2024,0.0,con
27340,2024,0.0,con
23884,2024,985249.0,ind
8427,2024,82481.0,con
23272,2024,1897737.0,con
21180,2024,60959.0,con
20800,2024,172269.0,con
1562,2024,20301.0,con
1325,2024,13897527.0,con
23221,2024,854556.0,con
23825,2024,15299446.0,con
23540,2024,88766.0,ind
27243,2024,1094713.0,con
25178,2024,1075424.0,ind
13439,2024,6796.0,con
6629,2024,324582.0,ind
26980,2024,1323133.0,con
27855,2024,47420.0,ind
4693,2024,251461.0,con
27510,2024,224936.0,con
13447,2024,0.0,ind
14869,2024,5855481.0,ind
20630,2024,0.0,con
15636,2024,6978091.0,ind
25631,2024,666702.0,ind
25410,2024,3165051.0,con
19852,2024,513660.0,ind
701,2024,120576.0,con
27006,2024,801154.0,con
24767,2024,119106.0,ind
20338,2024,2171056.0,con
27871,2024,0.0,ind
19135,2024,0.0,ind
11215,2024,0.0,ind
21350,2024,1344148.0,con
14206,2024,33489268.0,con
21970,2024,203247.0,ind
24546,2024,101749.0,con
4820,2024,42236000.0,con
21490,2024,11820516.0,con
21466,2024,9668173.0,con
26913,2024,895702.0,ind
12190,2024,360804.0,con
5762,2024,142297.0,con
3654,2024,144806.0,con
25399,2024,21871.0,con
21148,2024,1244970.0,con
25143,2024,251889.0,con
25615,2024,836377.0,ind
27669,2024,168626.0,con
21032,2024,4803025.0,con
25879,2024,2744970.0,con
26280,2024,6152648.0,con
22268,2024,1217714.0,ind
24236,2024,373969.0,con
14320,2024,5916110.0,con
25372,2024,15184000.0,ind
1694,2024,5702.0,ind
16241,2024,1300406.0,ind
25240,2024,0.0,ind
3298,2024,233275.0,con
7595,2024,876092.0,con
19739,2024,40607633.0,con
23817,2024,22906.0,con
14605,2024,5390252.0,ind
6343,2024,3790681.0,con
11223,2024,51619.0,con
24813,2024,9046860.0,con
27316,2024,0.0,con
25720,2024,1948692.0,con
24392,2024,11526414.0,con
27723,2024,0.0,ind
20397,2024,2328301.0,ind
4669,2024,3508856.0,con
22586,2024,75468.0,con
27820,2024,1292796.0,con
11312,2024,25485857.0,con
21393,2024,16203.0,con
8036,2024,9038392.0,ind
25097,2024,28832345.0,ind
22608,2024,1635425.0,con
24430,2024,416455.0,ind
19330,2024,1524598.0,con
25976,2024,154289.0,con
21610,2024,14009669.0,con
24716,2024,11717008.0,con
25747,2024,762147.0,con
21814,2024,495786.0,ind
23230,2024,20908435.0,con
24104,2024,408120.0,ind
25585,2024,8178981.0,con
23590,2024,356115.0,con
24694,2024,3191384.0,con
16292,2024,20095548.0,con
11070,2024,140481.0,con
3190,2024,12447816.0,con
4685,2024,12983.0,ind
25950,2024,1272512.0,con
20818,2024,19900.0,con
27251,2024,3006765.0,con
6173,2024,528977.0,con
27014,2024,1432389.0,con
26182,2024,265482.0,ind
11932,2024,6765533.0,con
25186,2024,1779384.0,con
21091,2024,6964531.0,con
21881,2024,4241049.0,con
20796,2024,22066081.0,con
23310,2024,790011.0,con
24783,2024,6111702.0,con
27804,2024,0.0,con
25380,2024,237756.0,con
26506,2024,175075.0,con
18724,2024,0.0,ind
27588,2024,356020.0,ind
13030,2024,1562.0,con
25860,2024,9319444.0,con
22349,2024,1081124.0,con
1228,2024,15065129.0,ind
15300,2024,3184840.0,ind
25356,2024,1134217.0,ind
25704,2024,573590.0,con
15458,2024,617.0,con
21903,2024,16978392.0,con
26514,2024,302189.0,con
3980,2024,10893308.0,con
18953,2024,2235538.0,con
24708,2024,11348686.0,ind
24929,2024,3770946.0,con
27790,2024,303179.0,ind
11975,2024,39103.0,con
27839,2024,742101.0,con
25526,2024,843947.0,con
26654,2024,1115359.0,ind
2437,2024,59677116.0,con
20532,2024,0.0,con
15091,2024,0.0,ind
24597,2024,355776.0,con
18414,2024,131408.0,con
8451,2024,2419584.0,con
22721,2024,2545117.0,ind
26425,2024,1440589.0,ind
4030,2024,44859075.0,con
27537,2024,793650.0,ind
12572,2024,0.0,con
14362,2024,8137000.0,ind
2453,2024,9831139.0,con
8818,2024,209210.0,ind
23922,2024,1018703.0,ind
27642,2024,17623587.0,con
8893,2024,667509.0,con
22683,2024,229252.0,ind
3158,2024,1361417.0,con
20451,2024,643029.0,con
18465,2024,13291951.0,con
14214,2024,0.0,ind
22446,2024,1678.0,ind
25160,2024,717469.0,con
27529,2024,1018662.0,ind
25887,2024,1042.0,con
27782,2024,0.0,ind
27693,2024,1248251.0,con
16993,2024,0.0,con
9512,2024,303062000.0,con
26077,2024,547.0,con
22780,2024,77818.0,con
26565,2024,2704058.0,con
26735,2024,4787444.0,ind
24120,2024,3611036.0,con
25208,2024,101927.0,con
15407,2024,135260.0,ind
22411,2024,1184068.0,ind
20990,2024,23523000.0,con
16608,2024,3148290.0,ind
21733,2024,7730931.0,con
1570,2024,5847.0,ind
3271,2024,908906.0,ind
25763,2024,199538.0,con
20087,2024,13973509.0,con
3328,2024,0.0,con
25500,2024,0.0,con
20524,2024,1331372.0,con
80233,2024,0.0,con
26824,2024,21279.0,ind
14311,2024,14962323.0,con
25925,2024,19071.0,con
16632,2024,300810.0,con
20575,2024,96821825.0,con
17949,2024,6875283.0,con
5410,2024,2835061.0,con
27294,2024,243252.0,ind
9520,2024,0.0,ind
27766,2024,0.0,con
8745,2024,0.0,con
14176,2024,7027171.0,ind
5258,2024,3130703.0,con
18139,2024,2713000.0,ind
25984,2024,4392965.0,con
5983,2024,26917.0,con
17434,2024,0.0,ind
8656,2024,10893308.0,con
22012,2024,997777.0,con
15822,2024,0.0,ind
3204,2024,2127891.0,con
16373,2024,408818.0,ind
14346,2024,1396945.0,con
24147,2024,0.0,ind
20710,2024,1626490.0,con
21237,2024,19700737.0,con
19348,2024,141811000.0,ind
27634,2024,0.0,ind
24600,2024,13521858.0,ind
25275,2024,1197119.0,con
25518,2024,15767.0,ind
25798,2024,495497.0,con
19879,2024,10645470.0,con
16586,2024,0.0,ind
26859,2024,0.0,ind
15717,2024,0.0,ind
26344,2024,123094.0,ind
13781,2024,1556248.0,con
3050,2024,5952231.0,ind
27057,2024,2181819.0,con
24643,2024,0.0,ind
23604,2024,1004824.0,con
26395,2024,1116070.0,con
80217,2024,0.0,con
16438,2024,846.0,con
9989,2024,3575.0,con
26000,2024,110435.0,con
20605,2024,3264668.0,con
27103,2024,3100328.0,con
24910,2024,77429.0,con
25437,2024,316055.0,con
25569,2024,995271.0,con
26700,2024,8039431.0,con
21997,2024,2180042.0,ind
25690,2024,1254865.0,con
27154,2024,1909914.0,con
18309,2024,4882251.0,ind
25801,2024,158715.0,con
25283,2024,1695593.0,con
27677,2024,190.0,con
11398,2024,6252.0,ind
27707,2024,2294868.0,con
22543,2024,886505.0,ind
19615,2024,116427.0,con
27618,2024,0.0,con
20931,2024,21556882.0,con
9393,2024,3711464.0,con
25046,2024,26834.0,con
25534,2024,1181824.0,con
22179,2024,134.0,ind
25429,2024,971450.0,con
16861,2024,2192411.0,ind
26581,2024,641899.0,ind
27448,2024,3061507.0,ind
7870,2024,196774.0,con
26590,2024,415355.0,con
4170,2024,67404000.0,con
26158,2024,650331.0,con
22071,2024,3037896.0,ind
18821,2024,30654269.0,con
27650,2024,0.0,ind
25852,2024,216970.0,con
8575,2024,893998.0,con
24279,2024,291276.0,con
27391,2024,488639.0,con
1155,2024,22391515.0,con
26786,2024,26220.0,con
26069,2024,2136720.0,con
17450,2024,18964841.0,con
5380,2024,127354.0,con
26468,2024,786712.0,con
24155,2024,1435653.0,ind
27375,2024,752570.0,con
23523,2024,0.0,ind
19623,2024,10651437.0,con
27227,2024,2621133.0,con
26956,2024,1340451.0,con
27189,2024,12147359.0,con
13854,2024,0.0,ind
23507,2024,431974.0,con
15342,2024,2875998.0,ind
14826,2024,5274000.0,con
26107,2024,0.0,ind
27022,2024,5769234.0,con
10456,2024,1485605.0,con
25542,2024,706576.0,con
23280,2024,9673739.0,con
20745,2024,4393379.0,con
6700,2024,939.0,con
15539,2024,45883000.0,con
11991,2024,80159.0,con
21199,2024,16227117.0,ind
9415,2024,3827.0,ind
22764,2024,0.0,ind
3824,2024,9392732.0,ind
25119,2024,285259.0,con
20036,2024,871971.0,con
24961,2024,7135752.0,con
21520,2024,1371039.0,con
21644,2024,0.0,ind
23426,2024,5264654.0,con
18546,2024,1976476.0,ind
24481,2024,663507.0,ind
19763,2024,13030760.0,con
14443,2024,19536350.0,con
27405,2024,629133.0,ind
21342,2024,6049337.0,con
20370,2024,0.0,con
26190,2024,2196793.0,con
21938,2024,1408564.0,ind
1023,2024,811943803.0,con
20613,2024,1498382.0,con
24317,2024,1116814.0,con
3077,2024,349032.0,con
5312,2024,430009.0,con
20982,2024,3166297.0,con
26743,2024,4523066.0,ind
2461,2024,3171271.0,con
16268,2024,21529.0,ind
9717,2024,0.0,ind
27073,2024,1753600.0,con
27731,2024,1000887.0,con
16527,2024,7458427.0,ind
24953,2024,1411972.0,con
21067,2024,338945.0,con
26328,2024,1170149.0,con
27324,2024,861972.0,con
26891,2024,1632112.0,con
16551,2024,5318.0,ind
23159,2024,2978034.0,con
27570,2024,0.0,ind
21334,2024,6636.0,con
80020,2024,96056.0,con
14109,2024,5338832.0,con
25909,2024,99245.0,con
17868,2024,0.0,con
