CD_CVM,DENOM_CIA,QUARTER_LABEL,period_end_date,filing_date,ID_DOC
22357,ALLOS S.A.,2015Q1,2015-03-31,2015-05-06,46511
22357,ALLOS S.A.,2015Q2,2015-06-30,2015-08-05,49471
22357,ALLOS S.A.,2015Q3,2015-09-30,2015-11-09,51425
22357,ALLOS S.A.,2016Q2,2016-06-30,2016-08-03,58440
22357,ALLOS S.A.,2016Q3,2016-09-30,2016-11-03,60344
22357,ALLOS S.A.,2017Q1,2017-03-31,2017-05-11,65252
22357,ALLOS S.A.,2017Q2,2017-06-30,2017-08-07,67558
22357,ALLOS S.A.,2017Q3,2017-09-30,2017-11-08,69554
22357,ALLOS S.A.,2018Q1,2018-03-31,2018-05-09,74049
22357,ALLOS S.A.,2018Q2,2018-06-30,2018-08-08,76794
22357,ALLOS S.A.,2018Q3,2018-09-30,2018-11-06,78692
22357,ALLOS S.A.,2019Q1,2019-03-31,2019-05-14,83452
22357,ALLOS S.A.,2019Q2,2019-06-30,2019-07-30,85720
22357,ALLOS S.A.,2019Q3,2019-09-30,2019-11-13,89445
22357,ALLOS S.A.,2020Q1,2020-03-31,2020-05-20,93314
22357,ALLOS S.A.,2020Q2,2020-06-30,2020-08-12,95957
22357,ALLOS S.A.,2020Q3,2020-09-30,2020-11-11,98233
22357,ALLOS S.A.,2021Q1,2021-03-31,2021-05-12,103921
22357,ALLOS S.A.,2021Q2,2021-06-30,2021-08-11,107526
22357,ALLOS S.A.,2021Q3,2021-09-30,2021-11-10,109686
22357,ALLOS S.A.,2022Q1,2022-03-31,2022-05-11,114840
22357,ALLOS S.A.,2022Q2,2022-06-30,2022-08-10,119442
22357,ALLOS S.A.,2022Q3,2022-09-30,2022-11-10,121669
22357,ALLOS S.A.,2023Q1,2023-03-31,2023-05-25,127224
22357,ALLOS S.A.,2023Q2,2023-06-30,2023-08-14,130344
22357,ALLOS S.A.,2023Q3,2023-09-30,2023-11-13,132423
22357,ALLOS S.A.,2024Q1,2024-03-31,2024-05-09,136923
22357,ALLOS S.A.,2024Q2,2024-06-30,2024-08-13,140936
22357,ALLOS S.A.,2024Q3,2024-09-30,2024-11-13,143087
10456,ALPARGATAS S.A.,2015Q1,2015-03-31,2015-05-08,46697
10456,ALPARGATAS S.A.,2015Q2,2015-06-30,2015-08-07,49548
10456,ALPARGATAS S.A.,2015Q3,2015-09-30,2015-11-06,51370
10456,ALPARGATAS S.A.,2016Q1,2016-03-31,2016-05-06,55729
10456,ALPARGATAS S.A.,2016Q2,2016-06-30,2016-08-09,58600
10456,ALPARGATAS S.A.,2016Q3,2016-09-30,2016-11-04,60380
10456,ALPARGATAS S.A.,2017Q1,2017-03-31,2017-05-05,64749
10456,ALPARGATAS S.A.,2017Q2,2017-06-30,2017-08-04,67525
10456,ALPARGATAS S.A.,2017Q3,2017-09-30,2017-11-13,69829
10456,ALPARGATAS S.A.,2018Q1,2018-03-31,2018-05-14,74410
10456,ALPARGATAS S.A.,2018Q2,2018-06-30,2018-09-27,77955
10456,ALPARGATAS S.A.,2018Q3,2018-09-30,2018-11-09,78934
10456,ALPARGATAS S.A.,2019Q1,2019-03-31,2019-05-13,83297
10456,ALPARGATAS S.A.,2019Q2,2019-06-30,2019-08-09,86276
10456,ALPARGATAS S.A.,2019Q3,2019-09-30,2019-11-08,89185
10456,ALPARGATAS S.A.,2020Q1,2020-03-31,2020-05-05,92702
10456,ALPARGATAS S.A.,2020Q2,2020-06-30,2020-08-04,95650
10456,ALPARGATAS S.A.,2020Q3,2020-09-30,2020-11-04,98022
10456,ALPARGATAS S.A.,2021Q1,2021-03-31,2021-05-03,103330
10456,ALPARGATAS S.A.,2021Q2,2021-06-30,2021-07-30,107054
10456,ALPARGATAS S.A.,2021Q3,2021-09-30,2021-10-28,109305
10456,ALPARGATAS S.A.,2022Q1,2022-03-31,2022-05-05,114366
10456,ALPARGATAS S.A.,2022Q2,2022-06-30,2022-08-04,119234
10456,ALPARGATAS S.A.,2022Q3,2022-09-30,2022-11-03,121325
10456,ALPARGATAS S.A.,2023Q1,2023-03-31,2023-05-04,125765
10456,ALPARGATAS S.A.,2023Q2,2023-06-30,2023-08-03,129722
10456,ALPARGATAS S.A.,2023Q3,2023-09-30,2023-11-08,131940
10456,ALPARGATAS S.A.,2024Q1,2024-03-31,2024-05-09,136922
10456,ALPARGATAS S.A.,2024Q2,2024-06-30,2024-08-08,140610
10456,ALPARGATAS S.A.,2024Q3,2024-09-30,2024-11-07,142736
23264,AMBEV S.A.,2015Q1,2015-03-31,2015-05-06,46435
23264,AMBEV S.A.,2015Q2,2015-06-30,2015-07-30,49329
23264,AMBEV S.A.,2015Q3,2015-09-30,2015-10-30,51198
23264,AMBEV S.A.,2016Q1,2016-03-31,2016-05-04,55515
23264,AMBEV S.A.,2016Q2,2016-06-30,2016-07-29,58332
23264,AMBEV S.A.,2016Q3,2016-09-30,2016-10-28,60227
23264,AMBEV S.A.,2017Q1,2017-03-31,2017-05-04,64654
23264,AMBEV S.A.,2017Q2,2017-06-30,2017-07-27,67344
23264,AMBEV S.A.,2017Q3,2017-09-30,2017-10-26,69269
23264,AMBEV S.A.,2018Q1,2018-03-31,2018-05-09,73996
23264,AMBEV S.A.,2018Q2,2018-06-30,2018-07-26,76490
23264,AMBEV S.A.,2018Q3,2018-09-30,2018-10-25,78264
23264,AMBEV S.A.,2019Q1,2019-03-31,2019-05-07,82754
23264,AMBEV S.A.,2019Q2,2019-06-30,2019-07-25,85570
23264,AMBEV S.A.,2019Q3,2019-09-30,2019-10-25,88811
23264,AMBEV S.A.,2020Q1,2020-03-31,2020-05-07,92786
23264,AMBEV S.A.,2020Q2,2020-06-30,2020-07-30,95156
23264,AMBEV S.A.,2020Q3,2020-09-30,2020-10-29,97931
23264,AMBEV S.A.,2021Q1,2021-03-31,2021-05-06,103453
23264,AMBEV S.A.,2021Q2,2021-06-30,2021-11-19,110356
23264,AMBEV S.A.,2021Q3,2021-09-30,2021-10-28,109283
23264,AMBEV S.A.,2022Q1,2022-03-31,2022-05-05,114300
23264,AMBEV S.A.,2022Q2,2022-06-30,2022-07-28,118750
23264,AMBEV S.A.,2022Q3,2022-09-30,2022-10-27,121181
23264,AMBEV S.A.,2023Q1,2023-03-31,2023-05-04,125718
23264,AMBEV S.A.,2023Q2,2023-06-30,2023-08-03,129694
23264,AMBEV S.A.,2023Q3,2023-09-30,2023-10-31,131689
23264,AMBEV S.A.,2024Q1,2024-03-31,2024-05-08,136639
23264,AMBEV S.A.,2024Q2,2024-06-30,2024-08-01,140325
23264,AMBEV S.A.,2024Q3,2024-09-30,2024-10-31,142447
20990,AMERICANAS S.A. - EM RECUPERAÇÃO JUDICIAL,2015Q1,2015-03-31,2015-05-07,46633
20990,AMERICANAS S.A. - EM RECUPERAÇÃO JUDICIAL,2015Q2,2015-06-30,2015-08-13,49894
20990,AMERICANAS S.A. - EM RECUPERAÇÃO JUDICIAL,2015Q3,2015-09-30,2015-11-12,51669
20990,AMERICANAS S.A. - EM RECUPERAÇÃO JUDICIAL,2016Q1,2016-03-31,2016-05-06,55666
20990,AMERICANAS S.A. - EM RECUPERAÇÃO JUDICIAL,2016Q2,2016-06-30,2016-08-11,58859
20990,AMERICANAS S.A. - EM RECUPERAÇÃO JUDICIAL,2016Q3,2016-09-30,2016-11-16,61112
20990,AMERICANAS S.A. - EM RECUPERAÇÃO JUDICIAL,2017Q1,2017-03-31,2017-05-11,65282
20990,AMERICANAS S.A. - EM RECUPERAÇÃO JUDICIAL,2017Q2,2017-06-30,2017-08-10,67799
20990,AMERICANAS S.A. - EM RECUPERAÇÃO JUDICIAL,2017Q3,2017-09-30,2017-11-01,69420
20990,AMERICANAS S.A. - EM RECUPERAÇÃO JUDICIAL,2018Q1,2018-03-31,2018-05-10,74248
20990,AMERICANAS S.A. - EM RECUPERAÇÃO JUDICIAL,2018Q2,2018-06-30,2018-08-09,76884
20990,AMERICANAS S.A. - EM RECUPERAÇÃO JUDICIAL,2018Q3,2018-09-30,2018-10-31,78557
20990,AMERICANAS S.A. - EM RECUPERAÇÃO JUDICIAL,2019Q1,2019-03-31,2019-05-09,83077
20990,AMERICANAS S.A. - EM RECUPERAÇÃO JUDICIAL,2019Q2,2019-06-30,2019-08-08,86205
20990,AMERICANAS S.A. - EM RECUPERAÇÃO JUDICIAL,2019Q3,2019-09-30,2019-10-30,88911
20990,AMERICANAS S.A. - EM RECUPERAÇÃO JUDICIAL,2020Q1,2020-03-31,2020-05-21,93342
20990,AMERICANAS S.A. - EM RECUPERAÇÃO JUDICIAL,2020Q2,2020-06-30,2020-08-13,96062
20990,AMERICANAS S.A. - EM RECUPERAÇÃO JUDICIAL,2020Q3,2020-09-30,2020-10-29,97955
20990,AMERICANAS S.A. - EM RECUPERAÇÃO JUDICIAL,2021Q1,2021-03-31,2021-05-06,103516
20990,AMERICANAS S.A. - EM RECUPERAÇÃO JUDICIAL,2021Q2,2021-06-30,2021-08-12,107709
20990,AMERICANAS S.A. - EM RECUPERAÇÃO JUDICIAL,2021Q3,2021-09-30,2021-11-11,109815
20990,AMERICANAS S.A. - EM RECUPERAÇÃO JUDICIAL,2022Q1,2022-03-31,2022-05-12,114966
20990,AMERICANAS S.A. - EM RECUPERAÇÃO JUDICIAL,2022Q2,2022-06-30,2022-08-11,119624
20990,AMERICANAS S.A. - EM RECUPERAÇÃO JUDICIAL,2022Q3,2022-09-30,2022-11-10,121717
20990,AMERICANAS S.A. - EM RECUPERAÇÃO JUDICIAL,2023Q1,2023-03-31,2024-02-26,134245
20990,AMERICANAS S.A. - EM RECUPERAÇÃO JUDICIAL,2023Q2,2023-06-30,2024-02-26,134246
20990,AMERICANAS S.A. - EM RECUPERAÇÃO JUDICIAL,2023Q3,2023-09-30,2024-02-26,134247
20990,AMERICANAS S.A. - EM RECUPERAÇÃO JUDICIAL,2024Q1,2024-03-31,2024-08-14,141204
20990,AMERICANAS S.A. - EM RECUPERAÇÃO JUDICIAL,2024Q2,2024-06-30,2024-08-14,141205
20990,AMERICANAS S.A. - EM RECUPERAÇÃO JUDICIAL,2024Q3,2024-09-30,2024-11-13,143139
24171,ATACADÃO S.A.,2017Q1,2017-03-31,2017-07-20,67244
24171,ATACADÃO S.A.,2017Q2,2017-06-30,2017-08-11,67822
24171,ATACADÃO S.A.,2017Q3,2017-09-30,2017-11-09,69601
24171,ATACADÃO S.A.,2018Q1,2018-03-31,2018-05-15,74588
24171,ATACADÃO S.A.,2018Q2,2018-06-30,2018-07-25,76489
24171,ATACADÃO S.A.,2018Q3,2018-09-30,2018-11-07,78743
24171,ATACADÃO S.A.,2019Q1,2019-03-31,2019-05-09,83053
24171,ATACADÃO S.A.,2019Q2,2019-06-30,2019-07-24,85553
24171,ATACADÃO S.A.,2019Q3,2019-09-30,2019-11-06,89086
24171,ATACADÃO S.A.,2020Q1,2020-03-31,2020-05-11,92933
24171,ATACADÃO S.A.,2020Q2,2020-06-30,2020-07-27,95020
24171,ATACADÃO S.A.,2020Q3,2020-09-30,2020-11-10,98199
24171,ATACADÃO S.A.,2021Q1,2021-03-31,2021-05-11,103804
24171,ATACADÃO S.A.,2021Q2,2021-06-30,2021-07-27,106719
24171,ATACADÃO S.A.,2021Q3,2021-09-30,2021-11-09,109584
24171,ATACADÃO S.A.,2022Q1,2022-03-31,2022-05-05,114345
24171,ATACADÃO S.A.,2022Q2,2022-06-30,2022-07-26,118672
24171,ATACADÃO S.A.,2022Q3,2022-09-30,2022-11-09,121535
24171,ATACADÃO S.A.,2023Q1,2023-03-31,2023-05-02,125616
24171,ATACADÃO S.A.,2023Q2,2023-06-30,2023-07-25,129191
24171,ATACADÃO S.A.,2023Q3,2023-09-30,2023-10-31,131710
24171,ATACADÃO S.A.,2024Q1,2024-03-31,2024-05-07,136619
24171,ATACADÃO S.A.,2024Q2,2024-06-30,2024-07-22,139795
24171,ATACADÃO S.A.,2024Q3,2024-09-30,2024-10-31,142465
26620,AUREN ENERGIA S.A.,2021Q1,2021-03-31,2021-12-10,110699
26620,AUREN ENERGIA S.A.,2021Q2,2021-06-30,2021-12-10,110702
26620,AUREN ENERGIA S.A.,2021Q3,2021-09-30,2021-12-10,110705
26620,AUREN ENERGIA S.A.,2022Q1,2022-03-31,2022-09-23,120735
26620,AUREN ENERGIA S.A.,2022Q2,2022-06-30,2022-08-11,119662
26620,AUREN ENERGIA S.A.,2022Q3,2022-09-30,2022-10-26,121180
26620,AUREN ENERGIA S.A.,2023Q1,2023-03-31,2023-06-05,128250
26620,AUREN ENERGIA S.A.,2023Q2,2023-06-30,2023-08-02,129674
26620,AUREN ENERGIA S.A.,2023Q3,2023-09-30,2023-10-31,131718
26620,AUREN ENERGIA S.A.,2024Q1,2024-03-31,2024-05-07,136624
26620,AUREN ENERGIA S.A.,2024Q2,2024-06-30,2024-08-01,140342
26620,AUREN ENERGIA S.A.,2024Q3,2024-09-30,2024-10-30,142438
27707,AUTOMOB PARTICIPAÇÕES S.A.,2024Q1,2024-03-31,2024-09-24,141875
27707,AUTOMOB PARTICIPAÇÕES S.A.,2024Q2,2024-06-30,2024-09-24,141874
27707,AUTOMOB PARTICIPAÇÕES S.A.,2024Q3,2024-09-30,2024-11-21,143449
2437,AXIA ENERGIA S.A.,2022Q1,2022-03-31,2022-06-06,116860
2437,AXIA ENERGIA S.A.,2022Q2,2022-06-30,2022-08-12,119848
2437,AXIA ENERGIA S.A.,2022Q3,2022-09-30,2022-11-09,121604
2437,AXIA ENERGIA S.A.,2023Q1,2023-03-31,2023-05-04,125782
2437,AXIA ENERGIA S.A.,2023Q2,2023-06-30,2023-08-07,129797
2437,AXIA ENERGIA S.A.,2023Q3,2023-09-30,2023-11-08,131880
2437,AXIA ENERGIA S.A.,2024Q1,2024-03-31,2024-07-31,140307
2437,AXIA ENERGIA S.A.,2024Q2,2024-06-30,2024-08-22,141372
2437,AXIA ENERGIA S.A.,2024Q3,2024-09-30,2024-11-06,142618
24112,AZUL S.A.,2017Q1,2017-03-31,2017-05-15,65476
24112,AZUL S.A.,2017Q2,2017-06-30,2017-08-14,67931
24112,AZUL S.A.,2017Q3,2017-09-30,2017-11-09,69599
24112,AZUL S.A.,2018Q1,2018-03-31,2019-05-20,83906
24112,AZUL S.A.,2018Q2,2018-06-30,2018-08-09,76834
24112,AZUL S.A.,2018Q3,2018-09-30,2018-11-08,78779
24112,AZUL S.A.,2019Q1,2019-03-31,2019-05-09,82965
24112,AZUL S.A.,2019Q2,2019-06-30,2019-08-08,86155
24112,AZUL S.A.,2019Q3,2019-09-30,2019-11-07,89090
24112,AZUL S.A.,2020Q1,2020-03-31,2020-05-14,93080
24112,AZUL S.A.,2020Q2,2020-06-30,2020-08-13,95985
24112,AZUL S.A.,2020Q3,2020-09-30,2020-11-16,98617
24112,AZUL S.A.,2021Q1,2021-03-31,2021-05-06,103457
24112,AZUL S.A.,2021Q2,2021-06-30,2021-08-12,107590
24112,AZUL S.A.,2021Q3,2021-09-30,2021-11-11,109734
24112,AZUL S.A.,2022Q1,2022-03-31,2022-05-09,114516
24112,AZUL S.A.,2022Q2,2022-06-30,2022-08-11,119497
24112,AZUL S.A.,2022Q3,2022-09-30,2022-11-10,121610
24112,AZUL S.A.,2023Q1,2023-03-31,2023-05-15,126628
24112,AZUL S.A.,2023Q2,2023-06-30,2023-08-10,129950
24112,AZUL S.A.,2023Q3,2023-09-30,2023-12-08,132979
24112,AZUL S.A.,2024Q1,2024-03-31,2024-05-13,137107
24112,AZUL S.A.,2024Q2,2024-06-30,2024-08-12,140739
24112,AZUL S.A.,2024Q3,2024-09-30,2024-11-14,143202
22349,AZZAS 2154 S.A.,2015Q1,2015-03-31,2015-05-06,46436
22349,AZZAS 2154 S.A.,2015Q2,2015-06-30,2015-08-05,49446
22349,AZZAS 2154 S.A.,2015Q3,2015-09-30,2015-11-05,51301
22349,AZZAS 2154 S.A.,2016Q1,2016-03-31,2016-05-04,55516
22349,AZZAS 2154 S.A.,2016Q2,2016-06-30,2016-08-03,58423
22349,AZZAS 2154 S.A.,2016Q3,2016-09-30,2016-11-03,60319
22349,AZZAS 2154 S.A.,2017Q1,2017-03-31,2017-05-09,64905
22349,AZZAS 2154 S.A.,2017Q2,2017-06-30,2017-08-02,67467
22349,AZZAS 2154 S.A.,2017Q3,2017-09-30,2017-10-31,69361
22349,AZZAS 2154 S.A.,2018Q1,2018-03-31,2018-05-09,74014
22349,AZZAS 2154 S.A.,2018Q2,2018-06-30,2018-08-01,76608
22349,AZZAS 2154 S.A.,2018Q3,2018-09-30,2018-10-31,78469
22349,AZZAS 2154 S.A.,2019Q1,2019-03-31,2019-05-08,82925
22349,AZZAS 2154 S.A.,2019Q2,2019-06-30,2019-08-06,86096
22349,AZZAS 2154 S.A.,2019Q3,2019-09-30,2019-10-30,88901
22349,AZZAS 2154 S.A.,2020Q1,2020-03-31,2020-05-29,93543
22349,AZZAS 2154 S.A.,2020Q2,2020-06-30,2020-08-13,96021
22349,AZZAS 2154 S.A.,2020Q3,2020-09-30,2020-11-12,98404
22349,AZZAS 2154 S.A.,2021Q1,2021-03-31,2021-06-22,106082
22349,AZZAS 2154 S.A.,2021Q2,2021-06-30,2021-08-12,107661
22349,AZZAS 2154 S.A.,2021Q3,2021-09-30,2021-11-17,110295
22349,AZZAS 2154 S.A.,2022Q1,2022-03-31,2022-05-05,114361
22349,AZZAS 2154 S.A.,2022Q2,2022-06-30,2022-08-12,119726
22349,AZZAS 2154 S.A.,2022Q3,2022-09-30,2022-11-08,121460
22349,AZZAS 2154 S.A.,2023Q1,2023-03-31,2023-05-03,125667
22349,AZZAS 2154 S.A.,2023Q2,2023-06-30,2023-08-11,130139
22349,AZZAS 2154 S.A.,2023Q3,2023-09-30,2023-11-07,131867
22349,AZZAS 2154 S.A.,2024Q1,2024-03-31,2024-05-08,136715
22349,AZZAS 2154 S.A.,2024Q2,2024-06-30,2024-08-13,140945
22349,AZZAS 2154 S.A.,2024Q3,2024-09-30,2024-12-17,143851
19909,BR MALLS PARTICIPACOES S.A.,2015Q1,2015-03-31,2015-05-05,46428
19909,BR MALLS PARTICIPACOES S.A.,2015Q2,2015-06-30,2015-08-03,49397
19909,BR MALLS PARTICIPACOES S.A.,2015Q3,2015-09-30,2015-11-02,51222
19909,BR MALLS PARTICIPACOES S.A.,2016Q1,2016-03-31,2016-05-13,56503
19909,BR MALLS PARTICIPACOES S.A.,2016Q2,2016-06-30,2016-08-11,58873
19909,BR MALLS PARTICIPACOES S.A.,2016Q3,2016-09-30,2016-11-14,61026
19909,BR MALLS PARTICIPACOES S.A.,2017Q1,2017-03-31,2017-05-09,64959
19909,BR MALLS PARTICIPACOES S.A.,2017Q2,2017-06-30,2017-08-14,68099
19909,BR MALLS PARTICIPACOES S.A.,2017Q3,2017-09-30,2017-11-14,70110
19909,BR MALLS PARTICIPACOES S.A.,2018Q1,2018-03-31,2018-05-14,74508
19909,BR MALLS PARTICIPACOES S.A.,2018Q2,2018-06-30,2018-08-09,76891
19909,BR MALLS PARTICIPACOES S.A.,2018Q3,2018-09-30,2018-11-13,79156
19909,BR MALLS PARTICIPACOES S.A.,2019Q1,2019-03-31,2019-05-09,83052
19909,BR MALLS PARTICIPACOES S.A.,2019Q2,2019-06-30,2019-08-08,86220
19909,BR MALLS PARTICIPACOES S.A.,2019Q3,2019-09-30,2019-11-13,89439
19909,BR MALLS PARTICIPACOES S.A.,2020Q1,2020-03-31,2020-06-04,93815
19909,BR MALLS PARTICIPACOES S.A.,2020Q2,2020-06-30,2020-08-13,96100
19909,BR MALLS PARTICIPACOES S.A.,2020Q3,2020-09-30,2020-11-12,98376
19909,BR MALLS PARTICIPACOES S.A.,2021Q1,2021-03-31,2021-05-13,104078
19909,BR MALLS PARTICIPACOES S.A.,2021Q2,2021-06-30,2021-08-12,107716
19909,BR MALLS PARTICIPACOES S.A.,2021Q3,2021-09-30,2021-11-11,109841
19909,BR MALLS PARTICIPACOES S.A.,2022Q1,2022-03-31,2022-05-12,115020
19909,BR MALLS PARTICIPACOES S.A.,2022Q2,2022-06-30,2022-08-11,119669
19909,BR MALLS PARTICIPACOES S.A.,2022Q3,2022-09-30,2022-11-10,121797
19909,BR MALLS PARTICIPACOES S.A.,2023Q1,2023-03-31,2023-05-15,126757
19909,BR MALLS PARTICIPACOES S.A.,2023Q2,2023-06-30,2023-08-14,130375
19909,BR MALLS PARTICIPACOES S.A.,2023Q3,2023-09-30,2023-11-13,132432
19909,BR MALLS PARTICIPACOES S.A.,2024Q1,2024-03-31,2024-05-10,137065
19909,BR MALLS PARTICIPACOES S.A.,2024Q2,2024-06-30,2024-08-14,141094
19909,BR MALLS PARTICIPACOES S.A.,2024Q3,2024-09-30,2024-11-14,143280
19925,BR PROPERTIES S.A.,2015Q1,2015-03-31,2015-05-04,46325
19925,BR PROPERTIES S.A.,2015Q2,2015-06-30,2015-08-03,49407
19925,BR PROPERTIES S.A.,2015Q3,2015-09-30,2015-11-03,51250
19925,BR PROPERTIES S.A.,2016Q1,2016-03-31,2016-05-03,55493
19925,BR PROPERTIES S.A.,2016Q2,2016-06-30,2016-08-10,58705
19925,BR PROPERTIES S.A.,2016Q3,2016-09-30,2016-11-09,60539
19925,BR PROPERTIES S.A.,2017Q1,2017-03-31,2017-06-16,66834
19925,BR PROPERTIES S.A.,2017Q2,2017-06-30,2017-08-08,67593
19925,BR PROPERTIES S.A.,2017Q3,2017-09-30,2017-11-07,69524
19925,BR PROPERTIES S.A.,2018Q1,2018-03-31,2018-05-08,73949
19925,BR PROPERTIES S.A.,2018Q2,2018-06-30,2018-08-07,76755
19925,BR PROPERTIES S.A.,2018Q3,2018-09-30,2018-11-06,78697
19925,BR PROPERTIES S.A.,2019Q1,2019-03-31,2019-05-07,82814
19925,BR PROPERTIES S.A.,2019Q2,2019-06-30,2019-08-07,86134
19925,BR PROPERTIES S.A.,2019Q3,2019-09-30,2019-10-30,88910
19925,BR PROPERTIES S.A.,2020Q1,2020-03-31,2020-05-06,92753
19925,BR PROPERTIES S.A.,2020Q2,2020-06-30,2020-08-05,95685
19925,BR PROPERTIES S.A.,2020Q3,2020-09-30,2020-11-04,98036
19925,BR PROPERTIES S.A.,2021Q1,2021-03-31,2021-05-05,103413
19925,BR PROPERTIES S.A.,2021Q2,2021-06-30,2021-08-04,107261
19925,BR PROPERTIES S.A.,2021Q3,2021-09-30,2021-11-04,109429
19925,BR PROPERTIES S.A.,2022Q1,2022-03-31,2022-05-05,114367
19925,BR PROPERTIES S.A.,2022Q2,2022-06-30,2022-08-11,119572
19925,BR PROPERTIES S.A.,2022Q3,2022-09-30,2022-11-03,121320
19925,BR PROPERTIES S.A.,2023Q1,2023-03-31,2023-05-04,125758
19925,BR PROPERTIES S.A.,2023Q2,2023-06-30,2023-08-03,129709
19925,BR PROPERTIES S.A.,2023Q3,2023-09-30,2023-11-09,132114
18724,BRADESPAR S.A.,2015Q1,2015-03-31,2015-05-13,47023
18724,BRADESPAR S.A.,2015Q2,2015-06-30,2015-08-12,49670
18724,BRADESPAR S.A.,2015Q3,2015-09-30,2015-11-12,51554
18724,BRADESPAR S.A.,2016Q1,2016-03-31,2016-05-12,56102
18724,BRADESPAR S.A.,2016Q2,2016-06-30,2016-08-12,58891
18724,BRADESPAR S.A.,2016Q3,2016-09-30,2016-11-11,60708
18724,BRADESPAR S.A.,2017Q1,2017-03-31,2017-05-12,65302
18724,BRADESPAR S.A.,2017Q2,2017-06-30,2017-08-11,67824
18724,BRADESPAR S.A.,2017Q3,2017-09-30,2017-11-13,69760
18724,BRADESPAR S.A.,2018Q1,2018-03-31,2018-05-14,74391
18724,BRADESPAR S.A.,2018Q2,2018-06-30,2018-08-13,77064
18724,BRADESPAR S.A.,2018Q3,2018-09-30,2018-11-13,79033
18724,BRADESPAR S.A.,2019Q1,2019-03-31,2019-05-14,83350
18724,BRADESPAR S.A.,2019Q2,2019-06-30,2019-08-13,86356
18724,BRADESPAR S.A.,2019Q3,2019-09-30,2019-11-13,89343
18724,BRADESPAR S.A.,2020Q1,2020-03-31,2020-05-14,93076
18724,BRADESPAR S.A.,2020Q2,2020-06-30,2020-08-13,95980
18724,BRADESPAR S.A.,2020Q3,2020-09-30,2020-11-12,98286
18724,BRADESPAR S.A.,2021Q1,2021-03-31,2021-05-13,103976
18724,BRADESPAR S.A.,2021Q2,2021-06-30,2021-08-12,107586
18724,BRADESPAR S.A.,2021Q3,2021-09-30,2021-11-11,109732
18724,BRADESPAR S.A.,2022Q1,2022-03-31,2022-05-12,114852
18724,BRADESPAR S.A.,2022Q2,2022-06-30,2022-08-11,119491
18724,BRADESPAR S.A.,2022Q3,2022-09-30,2022-11-10,121609
18724,BRADESPAR S.A.,2023Q1,2023-03-31,2023-05-12,126413
18724,BRADESPAR S.A.,2023Q2,2023-06-30,2023-08-11,130108
18724,BRADESPAR S.A.,2023Q3,2023-09-30,2023-11-13,132254
18724,BRADESPAR S.A.,2024Q1,2024-03-31,2024-05-14,137217
18724,BRADESPAR S.A.,2024Q2,2024-06-30,2024-08-13,140841
18724,BRADESPAR S.A.,2024Q3,2024-09-30,2024-11-13,143017
4820,BRASKEM S.A.,2015Q1,2015-03-31,2015-05-07,46556
4820,BRASKEM S.A.,2015Q2,2015-06-30,2015-08-06,49493
4820,BRASKEM S.A.,2015Q3,2015-09-30,2015-11-05,51305
4820,BRASKEM S.A.,2016Q1,2016-03-31,2016-05-05,55582
4820,BRASKEM S.A.,2016Q2,2016-06-30,2016-08-04,58481
4820,BRASKEM S.A.,2016Q3,2016-09-30,2016-11-10,60598
4820,BRASKEM S.A.,2017Q1,2017-03-31,2017-08-15,68265
4820,BRASKEM S.A.,2017Q2,2017-06-30,2017-08-15,68266
4820,BRASKEM S.A.,2017Q3,2017-09-30,2017-11-09,69604
4820,BRASKEM S.A.,2018Q1,2018-03-31,2018-05-09,74091
4820,BRASKEM S.A.,2018Q2,2018-06-30,2018-08-08,76808
4820,BRASKEM S.A.,2018Q3,2018-09-30,2018-11-12,79008
4820,BRASKEM S.A.,2019Q1,2019-03-31,2019-08-07,86146
4820,BRASKEM S.A.,2019Q2,2019-06-30,2019-10-22,88750
4820,BRASKEM S.A.,2019Q3,2019-09-30,2019-11-14,89690
4820,BRASKEM S.A.,2020Q1,2020-03-31,2020-06-03,93751
4820,BRASKEM S.A.,2020Q2,2020-06-30,2020-08-05,95698
4820,BRASKEM S.A.,2020Q3,2020-09-30,2020-11-10,98204
4820,BRASKEM S.A.,2021Q1,2021-03-31,2021-05-12,103862
4820,BRASKEM S.A.,2021Q2,2021-06-30,2021-08-04,107270
4820,BRASKEM S.A.,2021Q3,2021-09-30,2021-11-09,109605
4820,BRASKEM S.A.,2022Q1,2022-03-31,2022-05-11,114827
4820,BRASKEM S.A.,2022Q2,2022-06-30,2022-08-10,119477
4820,BRASKEM S.A.,2022Q3,2022-09-30,2022-11-08,121485
4820,BRASKEM S.A.,2023Q1,2023-03-31,2023-05-08,125957
4820,BRASKEM S.A.,2023Q2,2023-06-30,2023-08-09,129863
4820,BRASKEM S.A.,2023Q3,2023-09-30,2023-11-08,131980
4820,BRASKEM S.A.,2024Q1,2024-03-31,2024-05-14,137259
4820,BRASKEM S.A.,2024Q2,2024-06-30,2024-08-07,140555
4820,BRASKEM S.A.,2024Q3,2024-09-30,2024-11-07,142664
25291,BRAVA ENERGIA S.A.,2020Q1,2020-03-31,2020-10-16,96734
25291,BRAVA ENERGIA S.A.,2020Q2,2020-06-30,2020-08-31,96735
25291,BRAVA ENERGIA S.A.,2020Q3,2020-09-30,2020-11-16,98663
25291,BRAVA ENERGIA S.A.,2021Q1,2021-03-31,2021-05-13,103975
25291,BRAVA ENERGIA S.A.,2021Q2,2021-06-30,2021-08-04,107276
25291,BRAVA ENERGIA S.A.,2021Q3,2021-09-30,2021-11-10,109720
25291,BRAVA ENERGIA S.A.,2022Q1,2022-03-31,2022-05-03,114223
25291,BRAVA ENERGIA S.A.,2022Q2,2022-06-30,2022-08-10,119486
25291,BRAVA ENERGIA S.A.,2022Q3,2022-09-30,2022-11-08,121495
25291,BRAVA ENERGIA S.A.,2023Q1,2023-03-31,2023-04-27,125480
25291,BRAVA ENERGIA S.A.,2023Q2,2023-06-30,2023-08-09,129852
25291,BRAVA ENERGIA S.A.,2023Q3,2023-09-30,2023-11-08,131960
25291,BRAVA ENERGIA S.A.,2024Q1,2024-03-31,2024-05-09,136789
25291,BRAVA ENERGIA S.A.,2024Q2,2024-06-30,2024-07-31,140079
25291,BRAVA ENERGIA S.A.,2024Q3,2024-09-30,2024-11-13,143195
16292,BRF S.A.,2015Q1,2015-03-31,2015-04-28,46183
16292,BRF S.A.,2015Q2,2015-06-30,2015-07-30,49352
16292,BRF S.A.,2015Q3,2015-09-30,2015-10-29,51197
16292,BRF S.A.,2016Q1,2016-03-31,2016-04-28,55363
16292,BRF S.A.,2016Q2,2016-06-30,2016-07-28,58330
16292,BRF S.A.,2016Q3,2016-09-30,2016-10-27,60220
16292,BRF S.A.,2017Q1,2017-03-31,2017-05-11,65296
16292,BRF S.A.,2017Q2,2017-06-30,2017-08-10,67806
16292,BRF S.A.,2017Q3,2017-09-30,2017-11-09,69664
16292,BRF S.A.,2018Q1,2018-03-31,2018-05-11,74315
16292,BRF S.A.,2018Q2,2018-06-30,2018-08-10,76904
16292,BRF S.A.,2018Q3,2018-09-30,2018-11-08,78778
16292,BRF S.A.,2019Q1,2019-03-31,2019-05-10,83115
16292,BRF S.A.,2019Q2,2019-06-30,2019-08-09,86223
16292,BRF S.A.,2019Q3,2019-09-30,2019-11-08,89152
16292,BRF S.A.,2020Q1,2020-03-31,2020-05-10,92891
16292,BRF S.A.,2020Q2,2020-06-30,2020-08-14,96160
16292,BRF S.A.,2020Q3,2020-09-30,2020-11-16,98683
16292,BRF S.A.,2021Q1,2021-03-31,2021-05-12,103905
16292,BRF S.A.,2021Q2,2021-06-30,2021-08-12,107639
16292,BRF S.A.,2021Q3,2021-09-30,2021-11-10,109651
16292,BRF S.A.,2022Q1,2022-03-31,2022-05-04,114287
16292,BRF S.A.,2022Q2,2022-06-30,2022-08-10,119464
16292,BRF S.A.,2022Q3,2022-09-30,2022-11-09,121561
16292,BRF S.A.,2023Q1,2023-03-31,2023-05-15,126724
16292,BRF S.A.,2023Q2,2023-06-30,2023-08-14,130303
16292,BRF S.A.,2023Q3,2023-09-30,2023-11-13,132383
16292,BRF S.A.,2024Q1,2024-03-31,2024-05-07,136623
16292,BRF S.A.,2024Q2,2024-06-30,2024-08-14,141132
16292,BRF S.A.,2024Q3,2024-09-30,2024-11-13,143132
24848,C&A MODAS S.A.,2019Q1,2019-03-31,2020-08-20,96365
24848,C&A MODAS S.A.,2019Q2,2019-06-30,2019-08-30,87079
24848,C&A MODAS S.A.,2019Q3,2019-09-30,2019-11-12,89334
24848,C&A MODAS S.A.,2020Q1,2020-03-31,2020-05-27,93468
24848,C&A MODAS S.A.,2020Q2,2020-06-30,2020-08-19,96341
24848,C&A MODAS S.A.,2020Q3,2020-09-30,2020-11-12,98352
24848,C&A MODAS S.A.,2021Q1,2021-03-31,2021-05-13,104062
24848,C&A MODAS S.A.,2021Q2,2021-06-30,2021-08-10,107451
24848,C&A MODAS S.A.,2021Q3,2021-09-30,2021-11-11,109792
24848,C&A MODAS S.A.,2022Q1,2022-03-31,2022-05-05,114382
24848,C&A MODAS S.A.,2022Q2,2022-06-30,2022-08-10,119430
24848,C&A MODAS S.A.,2022Q3,2022-09-30,2022-11-08,121446
24848,C&A MODAS S.A.,2023Q1,2023-03-31,2023-05-11,126347
24848,C&A MODAS S.A.,2023Q2,2023-06-30,2023-08-10,130052
24848,C&A MODAS S.A.,2023Q3,2023-09-30,2023-11-09,132125
24848,C&A MODAS S.A.,2024Q1,2024-03-31,2024-05-09,136906
24848,C&A MODAS S.A.,2024Q2,2024-06-30,2024-08-07,140497
24848,C&A MODAS S.A.,2024Q3,2024-09-30,2024-11-06,142628
18821,CCR S.A.,2015Q1,2015-03-31,2015-05-14,47184
18821,CCR S.A.,2015Q2,2015-06-30,2015-08-10,49607
18821,CCR S.A.,2015Q3,2015-09-30,2015-10-27,51120
18821,CCR S.A.,2016Q1,2016-03-31,2016-05-10,55958
18821,CCR S.A.,2016Q2,2016-06-30,2016-08-11,58831
18821,CCR S.A.,2016Q3,2016-09-30,2016-11-03,60335
18821,CCR S.A.,2017Q1,2017-03-31,2017-05-11,65250
18821,CCR S.A.,2017Q2,2017-06-30,2017-08-14,68050
18821,CCR S.A.,2017Q3,2017-09-30,2017-10-26,69288
18821,CCR S.A.,2018Q1,2018-03-31,2018-05-10,74231
18821,CCR S.A.,2018Q2,2018-06-30,2018-08-14,77242
18821,CCR S.A.,2018Q3,2018-09-30,2018-10-25,78299
18821,CCR S.A.,2019Q1,2019-03-31,2019-04-29,82485
18821,CCR S.A.,2019Q2,2019-06-30,2019-08-08,86191
18821,CCR S.A.,2019Q3,2019-09-30,2019-10-28,88844
18821,CCR S.A.,2020Q1,2020-03-31,2020-05-14,93130
18821,CCR S.A.,2020Q2,2020-06-30,2020-08-13,96056
18821,CCR S.A.,2020Q3,2020-09-30,2020-11-11,98256
2437,CENTRAIS ELET BRAS S.A. - ELETROBRAS,2015Q1,2015-03-31,2015-05-15,47504
2437,CENTRAIS ELET BRAS S.A. - ELETROBRAS,2015Q2,2015-06-30,2015-08-14,50180
2437,CENTRAIS ELET BRAS S.A. - ELETROBRAS,2015Q3,2015-09-30,2015-11-12,51705
2437,CENTRAIS ELET BRAS S.A. - ELETROBRAS,2016Q1,2016-03-31,2016-05-11,56095
2437,CENTRAIS ELET BRAS S.A. - ELETROBRAS,2016Q2,2016-06-30,2016-08-15,59217
2437,CENTRAIS ELET BRAS S.A. - ELETROBRAS,2016Q3,2016-09-30,2016-11-09,60586
2437,CENTRAIS ELET BRAS S.A. - ELETROBRAS,2017Q1,2017-03-31,2017-05-12,65463
2437,CENTRAIS ELET BRAS S.A. - ELETROBRAS,2017Q2,2017-06-30,2017-08-14,68128
2437,CENTRAIS ELET BRAS S.A. - ELETROBRAS,2017Q3,2017-09-30,2017-11-13,69882
2437,CENTRAIS ELET BRAS S.A. - ELETROBRAS,2018Q1,2018-03-31,2018-05-15,74821
2437,CENTRAIS ELET BRAS S.A. - ELETROBRAS,2018Q2,2018-06-30,2018-08-14,77330
2437,CENTRAIS ELET BRAS S.A. - ELETROBRAS,2018Q3,2018-09-30,2018-11-12,79024
2437,CENTRAIS ELET BRAS S.A. - ELETROBRAS,2019Q1,2019-03-31,2019-05-13,83341
2437,CENTRAIS ELET BRAS S.A. - ELETROBRAS,2019Q2,2019-06-30,2019-08-12,86351
2437,CENTRAIS ELET BRAS S.A. - ELETROBRAS,2019Q3,2019-09-30,2019-11-11,89270
2437,CENTRAIS ELET BRAS S.A. - ELETROBRAS,2020Q1,2020-03-31,2020-05-28,93516
2437,CENTRAIS ELET BRAS S.A. - ELETROBRAS,2020Q2,2020-06-30,2020-08-12,95974
2437,CENTRAIS ELET BRAS S.A. - ELETROBRAS,2020Q3,2020-09-30,2020-11-11,98280
2437,CENTRAIS ELET BRAS S.A. - ELETROBRAS,2021Q1,2021-03-31,2021-06-10,105866
2437,CENTRAIS ELET BRAS S.A. - ELETROBRAS,2021Q2,2021-06-30,2021-08-11,107571
2437,CENTRAIS ELET BRAS S.A. - ELETROBRAS,2021Q3,2021-09-30,2021-11-16,110226
2577,CESP - CIA ENERGETICA DE SAO PAULO,2015Q1,2015-03-31,2015-05-15,47409
2577,CESP - CIA ENERGETICA DE SAO PAULO,2015Q2,2015-06-30,2015-08-14,50065
2577,CESP - CIA ENERGETICA DE SAO PAULO,2015Q3,2015-09-30,2015-11-13,51836
2577,CESP - CIA ENERGETICA DE SAO PAULO,2016Q1,2016-03-31,2016-05-13,56375
2577,CESP - CIA ENERGETICA DE SAO PAULO,2016Q2,2016-06-30,2016-08-12,59068
2577,CESP - CIA ENERGETICA DE SAO PAULO,2016Q3,2016-09-30,2016-11-11,60843
2577,CESP - CIA ENERGETICA DE SAO PAULO,2017Q1,2017-03-31,2017-05-15,65604
2577,CESP - CIA ENERGETICA DE SAO PAULO,2017Q2,2017-06-30,2017-08-11,67875
2577,CESP - CIA ENERGETICA DE SAO PAULO,2017Q3,2017-09-30,2017-11-10,69727
2577,CESP - CIA ENERGETICA DE SAO PAULO,2018Q1,2018-03-31,2018-05-11,74330
2577,CESP - CIA ENERGETICA DE SAO PAULO,2018Q2,2018-06-30,2018-08-14,77202
2577,CESP - CIA ENERGETICA DE SAO PAULO,2018Q3,2018-09-30,2018-11-21,79459
2577,CESP - CIA ENERGETICA DE SAO PAULO,2019Q1,2019-03-31,2019-05-13,83291
2577,CESP - CIA ENERGETICA DE SAO PAULO,2019Q2,2019-06-30,2019-08-06,86093
2577,CESP - CIA ENERGETICA DE SAO PAULO,2019Q3,2019-09-30,2019-10-30,88909
2577,CESP - CIA ENERGETICA DE SAO PAULO,2020Q1,2020-03-31,2020-05-13,93024
2577,CESP - CIA ENERGETICA DE SAO PAULO,2020Q2,2020-06-30,2020-07-29,95146
2577,CESP - CIA ENERGETICA DE SAO PAULO,2020Q3,2020-09-30,2020-10-28,97924
2577,CESP - CIA ENERGETICA DE SAO PAULO,2021Q1,2021-03-31,2021-04-27,103092
2577,CESP - CIA ENERGETICA DE SAO PAULO,2021Q2,2021-06-30,2021-07-29,106839
2577,CESP - CIA ENERGETICA DE SAO PAULO,2021Q3,2021-09-30,2021-10-27,109240
2577,CESP - CIA ENERGETICA DE SAO PAULO,2022Q1,2022-03-31,2022-05-13,115194
2577,CESP - CIA ENERGETICA DE SAO PAULO,2022Q2,2022-06-30,2022-08-11,119665
2577,CESP - CIA ENERGETICA DE SAO PAULO,2022Q3,2022-09-30,2022-10-26,121179
2577,CESP - CIA ENERGETICA DE SAO PAULO,2023Q1,2023-03-31,2023-05-04,125770
2577,CESP - CIA ENERGETICA DE SAO PAULO,2023Q2,2023-06-30,2023-08-02,129677
2577,CESP - CIA ENERGETICA DE SAO PAULO,2023Q3,2023-09-30,2023-10-31,131724
2577,CESP - CIA ENERGETICA DE SAO PAULO,2024Q1,2024-03-31,2024-05-07,136626
2577,CESP - CIA ENERGETICA DE SAO PAULO,2024Q2,2024-06-30,2024-08-01,140353
2577,CESP - CIA ENERGETICA DE SAO PAULO,2024Q3,2024-09-30,2024-10-30,142442
14826,CIA BRASILEIRA DE DISTRIBUICAO,2015Q1,2015-03-31,2016-10-28,60226
14826,CIA BRASILEIRA DE DISTRIBUICAO,2015Q2,2015-06-30,2016-10-28,60225
14826,CIA BRASILEIRA DE DISTRIBUICAO,2015Q3,2015-09-30,2016-10-27,60222
14826,CIA BRASILEIRA DE DISTRIBUICAO,2016Q1,2016-03-31,2016-07-28,58297
14826,CIA BRASILEIRA DE DISTRIBUICAO,2016Q2,2016-06-30,2016-08-02,58416
14826,CIA BRASILEIRA DE DISTRIBUICAO,2016Q3,2016-09-30,2016-10-27,60223
14826,CIA BRASILEIRA DE DISTRIBUICAO,2017Q1,2017-03-31,2017-05-05,64706
14826,CIA BRASILEIRA DE DISTRIBUICAO,2017Q2,2017-06-30,2017-07-25,67309
14826,CIA BRASILEIRA DE DISTRIBUICAO,2017Q3,2017-09-30,2017-10-26,69294
14826,CIA BRASILEIRA DE DISTRIBUICAO,2018Q1,2018-03-31,2018-04-26,73537
14826,CIA BRASILEIRA DE DISTRIBUICAO,2018Q2,2018-06-30,2018-07-24,76465
14826,CIA BRASILEIRA DE DISTRIBUICAO,2018Q3,2018-09-30,2018-10-25,78292
14826,CIA BRASILEIRA DE DISTRIBUICAO,2019Q1,2019-03-31,2019-05-08,82952
14826,CIA BRASILEIRA DE DISTRIBUICAO,2019Q2,2019-06-30,2019-07-24,85567
14826,CIA BRASILEIRA DE DISTRIBUICAO,2019Q3,2019-09-30,2019-10-30,88899
14826,CIA BRASILEIRA DE DISTRIBUICAO,2020Q1,2020-03-31,2020-05-14,93073
14826,CIA BRASILEIRA DE DISTRIBUICAO,2020Q2,2020-06-30,2020-07-29,95138
14826,CIA BRASILEIRA DE DISTRIBUICAO,2020Q3,2020-09-30,2020-10-28,97930
14826,CIA BRASILEIRA DE DISTRIBUICAO,2021Q1,2021-03-31,2021-05-05,103441
14826,CIA BRASILEIRA DE DISTRIBUICAO,2021Q2,2021-06-30,2021-07-28,106764
14826,CIA BRASILEIRA DE DISTRIBUICAO,2021Q3,2021-09-30,2021-11-03,109378
14826,CIA BRASILEIRA DE DISTRIBUICAO,2022Q1,2022-03-31,2022-05-04,114276
14826,CIA BRASILEIRA DE DISTRIBUICAO,2022Q2,2022-06-30,2022-07-27,118731
14826,CIA BRASILEIRA DE DISTRIBUICAO,2022Q3,2022-09-30,2022-11-03,121319
14826,CIA BRASILEIRA DE DISTRIBUICAO,2023Q1,2023-03-31,2023-05-03,125689
14826,CIA BRASILEIRA DE DISTRIBUICAO,2023Q2,2023-06-30,2023-07-26,129236
14826,CIA BRASILEIRA DE DISTRIBUICAO,2023Q3,2023-09-30,2023-10-30,131681
14826,CIA BRASILEIRA DE DISTRIBUICAO,2024Q1,2024-03-31,2024-07-17,139692
14826,CIA BRASILEIRA DE DISTRIBUICAO,2024Q2,2024-06-30,2024-08-06,140437
14826,CIA BRASILEIRA DE DISTRIBUICAO,2024Q3,2024-09-30,2024-11-05,142572
2453,CIA ENERGETICA DE MINAS GERAIS - CEMIG,2015Q1,2015-03-31,2015-05-15,47525
2453,CIA ENERGETICA DE MINAS GERAIS - CEMIG,2015Q2,2015-06-30,2015-08-14,50137
2453,CIA ENERGETICA DE MINAS GERAIS - CEMIG,2015Q3,2015-09-30,2015-11-13,51894
2453,CIA ENERGETICA DE MINAS GERAIS - CEMIG,2016Q1,2016-03-31,2017-04-29,64532
2453,CIA ENERGETICA DE MINAS GERAIS - CEMIG,2016Q2,2016-06-30,2017-04-29,64533
2453,CIA ENERGETICA DE MINAS GERAIS - CEMIG,2016Q3,2016-09-30,2017-04-29,64534
2453,CIA ENERGETICA DE MINAS GERAIS - CEMIG,2017Q1,2017-03-31,2017-05-15,65747
2453,CIA ENERGETICA DE MINAS GERAIS - CEMIG,2017Q2,2017-06-30,2017-08-11,67929
2453,CIA ENERGETICA DE MINAS GERAIS - CEMIG,2017Q3,2017-09-30,2017-11-14,70139
2453,CIA ENERGETICA DE MINAS GERAIS - CEMIG,2018Q1,2018-03-31,2018-05-16,74836
2453,CIA ENERGETICA DE MINAS GERAIS - CEMIG,2018Q2,2018-06-30,2018-11-29,79571
2453,CIA ENERGETICA DE MINAS GERAIS - CEMIG,2018Q3,2018-09-30,2018-11-27,79541
2453,CIA ENERGETICA DE MINAS GERAIS - CEMIG,2019Q1,2019-03-31,2019-05-16,83796
2453,CIA ENERGETICA DE MINAS GERAIS - CEMIG,2019Q2,2019-06-30,2019-08-15,86823
2453,CIA ENERGETICA DE MINAS GERAIS - CEMIG,2019Q3,2019-09-30,2019-11-14,89621
2453,CIA ENERGETICA DE MINAS GERAIS - CEMIG,2020Q1,2020-03-31,2020-05-15,93222
2453,CIA ENERGETICA DE MINAS GERAIS - CEMIG,2020Q2,2020-06-30,2020-08-14,96201
2453,CIA ENERGETICA DE MINAS GERAIS - CEMIG,2020Q3,2020-09-30,2020-11-13,98558
2453,CIA ENERGETICA DE MINAS GERAIS - CEMIG,2021Q1,2021-03-31,2021-05-14,104325
2453,CIA ENERGETICA DE MINAS GERAIS - CEMIG,2021Q2,2021-06-30,2021-08-16,108005
2453,CIA ENERGETICA DE MINAS GERAIS - CEMIG,2021Q3,2021-09-30,2021-11-11,109865
2453,CIA ENERGETICA DE MINAS GERAIS - CEMIG,2022Q1,2022-03-31,2022-05-13,115221
2453,CIA ENERGETICA DE MINAS GERAIS - CEMIG,2022Q2,2022-06-30,2022-08-12,119839
2453,CIA ENERGETICA DE MINAS GERAIS - CEMIG,2022Q3,2022-09-30,2022-11-11,121961
2453,CIA ENERGETICA DE MINAS GERAIS - CEMIG,2023Q1,2023-03-31,2023-05-04,125780
2453,CIA ENERGETICA DE MINAS GERAIS - CEMIG,2023Q2,2023-06-30,2023-08-03,129725
2453,CIA ENERGETICA DE MINAS GERAIS - CEMIG,2023Q3,2023-09-30,2023-11-09,132153
2453,CIA ENERGETICA DE MINAS GERAIS - CEMIG,2024Q1,2024-03-31,2024-05-10,137088
2453,CIA ENERGETICA DE MINAS GERAIS - CEMIG,2024Q2,2024-06-30,2024-08-13,140962
2453,CIA ENERGETICA DE MINAS GERAIS - CEMIG,2024Q3,2024-09-30,2024-11-13,143126
14761,CIA HERING,2015Q1,2015-03-31,2015-05-07,46596
14761,CIA HERING,2015Q2,2015-06-30,2015-08-05,49470
14761,CIA HERING,2015Q3,2015-09-30,2015-10-29,51187
14761,CIA HERING,2016Q1,2016-03-31,2016-04-28,55341
14761,CIA HERING,2016Q2,2016-06-30,2016-07-28,58327
14761,CIA HERING,2016Q3,2016-09-30,2016-10-27,60211
14761,CIA HERING,2017Q1,2017-03-31,2017-04-27,64480
14761,CIA HERING,2017Q2,2017-06-30,2017-08-02,67476
14761,CIA HERING,2017Q3,2017-09-30,2017-10-26,69285
14761,CIA HERING,2018Q1,2018-03-31,2018-04-26,73544
14761,CIA HERING,2018Q2,2018-06-30,2018-07-26,76510
14761,CIA HERING,2018Q3,2018-09-30,2018-10-31,78568
14761,CIA HERING,2019Q1,2019-03-31,2019-04-25,82405
14761,CIA HERING,2019Q2,2019-06-30,2019-08-01,85980
14761,CIA HERING,2019Q3,2019-09-30,2019-11-01,88966
14761,CIA HERING,2020Q1,2020-03-31,2020-05-28,93501
14761,CIA HERING,2020Q2,2020-06-30,2020-08-13,96032
14761,CIA HERING,2020Q3,2020-09-30,2020-11-04,98041
14761,CIA HERING,2021Q1,2021-03-31,2021-05-12,103901
14761,CIA HERING,2021Q2,2021-06-30,2021-08-05,107302
14761,CIA HERING,2021Q3,2021-09-30,2021-11-11,109854
14311,CIA PARANAENSE DE ENERGIA - COPEL,2015Q1,2015-03-31,2015-05-14,47232
14311,CIA PARANAENSE DE ENERGIA - COPEL,2015Q2,2015-06-30,2015-08-13,49878
14311,CIA PARANAENSE DE ENERGIA - COPEL,2015Q3,2015-09-30,2015-11-11,51536
14311,CIA PARANAENSE DE ENERGIA - COPEL,2016Q1,2016-03-31,2016-05-12,56176
14311,CIA PARANAENSE DE ENERGIA - COPEL,2016Q2,2016-06-30,2016-08-11,58808
14311,CIA PARANAENSE DE ENERGIA - COPEL,2016Q3,2016-09-30,2016-11-10,60659
14311,CIA PARANAENSE DE ENERGIA - COPEL,2017Q1,2017-03-31,2018-06-13,75879
14311,CIA PARANAENSE DE ENERGIA - COPEL,2017Q2,2017-06-30,2018-06-13,75880
14311,CIA PARANAENSE DE ENERGIA - COPEL,2017Q3,2017-09-30,2018-06-13,75881
14311,CIA PARANAENSE DE ENERGIA - COPEL,2018Q1,2018-03-31,2018-05-15,74822
14311,CIA PARANAENSE DE ENERGIA - COPEL,2018Q2,2018-06-30,2018-08-14,77306
14311,CIA PARANAENSE DE ENERGIA - COPEL,2018Q3,2018-09-30,2018-11-08,78839
14311,CIA PARANAENSE DE ENERGIA - COPEL,2019Q1,2019-03-31,2020-12-17,99259
14311,CIA PARANAENSE DE ENERGIA - COPEL,2019Q2,2019-06-30,2019-08-14,86668
14311,CIA PARANAENSE DE ENERGIA - COPEL,2019Q3,2019-09-30,2019-11-12,89330
14311,CIA PARANAENSE DE ENERGIA - COPEL,2020Q1,2020-03-31,2020-05-14,93152
14311,CIA PARANAENSE DE ENERGIA - COPEL,2020Q2,2020-06-30,2020-08-13,96073
14311,CIA PARANAENSE DE ENERGIA - COPEL,2020Q3,2020-09-30,2020-11-12,98387
14311,CIA PARANAENSE DE ENERGIA - COPEL,2021Q1,2021-03-31,2021-05-05,103443
14311,CIA PARANAENSE DE ENERGIA - COPEL,2021Q2,2021-06-30,2021-08-11,107562
14311,CIA PARANAENSE DE ENERGIA - COPEL,2021Q3,2021-09-30,2021-11-10,109724
14311,CIA PARANAENSE DE ENERGIA - COPEL,2022Q1,2022-03-31,2022-05-11,114816
14311,CIA PARANAENSE DE ENERGIA - COPEL,2022Q2,2022-06-30,2022-08-09,119379
14311,CIA PARANAENSE DE ENERGIA - COPEL,2022Q3,2022-09-30,2022-11-10,121776
14311,CIA PARANAENSE DE ENERGIA - COPEL,2023Q1,2023-03-31,2023-06-07,128353
14311,CIA PARANAENSE DE ENERGIA - COPEL,2023Q2,2023-06-30,2023-08-14,130424
14311,CIA PARANAENSE DE ENERGIA - COPEL,2023Q3,2023-09-30,2023-11-08,131981
14311,CIA PARANAENSE DE ENERGIA - COPEL,2024Q1,2024-03-31,2024-05-08,136708
14311,CIA PARANAENSE DE ENERGIA - COPEL,2024Q2,2024-06-30,2024-08-07,140508
14311,CIA PARANAENSE DE ENERGIA - COPEL,2024Q3,2024-09-30,2024-11-06,142635
14443,CIA SANEAMENTO BASICO EST SAO PAULO,2015Q1,2015-03-31,2015-05-14,47253
14443,CIA SANEAMENTO BASICO EST SAO PAULO,2015Q2,2015-06-30,2015-08-13,49871
14443,CIA SANEAMENTO BASICO EST SAO PAULO,2015Q3,2015-09-30,2015-11-12,51679
14443,CIA SANEAMENTO BASICO EST SAO PAULO,2016Q1,2016-03-31,2016-05-12,56211
14443,CIA SANEAMENTO BASICO EST SAO PAULO,2016Q2,2016-06-30,2016-08-12,59073
14443,CIA SANEAMENTO BASICO EST SAO PAULO,2016Q3,2016-09-30,2016-11-10,60682
14443,CIA SANEAMENTO BASICO EST SAO PAULO,2017Q1,2017-03-31,2017-05-12,65467
14443,CIA SANEAMENTO BASICO EST SAO PAULO,2017Q2,2017-06-30,2017-08-14,68144
14443,CIA SANEAMENTO BASICO EST SAO PAULO,2017Q3,2017-09-30,2017-11-14,70100
14443,CIA SANEAMENTO BASICO EST SAO PAULO,2018Q1,2018-03-31,2018-05-10,74266
14443,CIA SANEAMENTO BASICO EST SAO PAULO,2018Q2,2018-06-30,2018-08-09,76892
14443,CIA SANEAMENTO BASICO EST SAO PAULO,2018Q3,2018-09-30,2018-11-08,78865
14443,CIA SANEAMENTO BASICO EST SAO PAULO,2019Q1,2019-03-31,2019-05-09,83070
14443,CIA SANEAMENTO BASICO EST SAO PAULO,2019Q2,2019-06-30,2019-08-14,86709
14443,CIA SANEAMENTO BASICO EST SAO PAULO,2019Q3,2019-09-30,2019-11-14,89681
14443,CIA SANEAMENTO BASICO EST SAO PAULO,2020Q1,2020-03-31,2020-05-14,93157
14443,CIA SANEAMENTO BASICO EST SAO PAULO,2020Q2,2020-06-30,2020-08-13,96112
14443,CIA SANEAMENTO BASICO EST SAO PAULO,2020Q3,2020-09-30,2020-11-12,98401
14443,CIA SANEAMENTO BASICO EST SAO PAULO,2021Q1,2021-03-31,2021-05-13,104151
14443,CIA SANEAMENTO BASICO EST SAO PAULO,2021Q2,2021-06-30,2021-08-12,107699
14443,CIA SANEAMENTO BASICO EST SAO PAULO,2021Q3,2021-09-30,2021-11-11,109851
14443,CIA SANEAMENTO BASICO EST SAO PAULO,2022Q1,2022-03-31,2022-05-06,114487
14443,CIA SANEAMENTO BASICO EST SAO PAULO,2022Q2,2022-06-30,2022-08-11,119649
14443,CIA SANEAMENTO BASICO EST SAO PAULO,2022Q3,2022-09-30,2022-11-10,121794
14443,CIA SANEAMENTO BASICO EST SAO PAULO,2023Q1,2023-03-31,2023-05-11,126363
14443,CIA SANEAMENTO BASICO EST SAO PAULO,2023Q2,2023-06-30,2023-08-10,130075
14443,CIA SANEAMENTO BASICO EST SAO PAULO,2023Q3,2023-09-30,2023-11-09,132163
14443,CIA SANEAMENTO BASICO EST SAO PAULO,2024Q1,2024-03-31,2024-05-09,136948
14443,CIA SANEAMENTO BASICO EST SAO PAULO,2024Q2,2024-06-30,2024-08-09,140663
14443,CIA SANEAMENTO BASICO EST SAO PAULO,2024Q3,2024-09-30,2024-11-11,142894
19445,CIA SANEAMENTO DE MINAS GERAIS-COPASA MG,2015Q1,2015-03-31,2015-05-14,47226
19445,CIA SANEAMENTO DE MINAS GERAIS-COPASA MG,2015Q2,2015-06-30,2015-08-13,49807
19445,CIA SANEAMENTO DE MINAS GERAIS-COPASA MG,2015Q3,2015-09-30,2015-11-25,52184
19445,CIA SANEAMENTO DE MINAS GERAIS-COPASA MG,2016Q1,2016-03-31,2016-05-05,55644
19445,CIA SANEAMENTO DE MINAS GERAIS-COPASA MG,2016Q2,2016-06-30,2016-08-11,58855
19445,CIA SANEAMENTO DE MINAS GERAIS-COPASA MG,2016Q3,2016-09-30,2016-11-10,60653
19445,CIA SANEAMENTO DE MINAS GERAIS-COPASA MG,2017Q1,2017-03-31,2017-04-27,64474
19445,CIA SANEAMENTO DE MINAS GERAIS-COPASA MG,2017Q2,2017-06-30,2017-07-27,67377
19445,CIA SANEAMENTO DE MINAS GERAIS-COPASA MG,2017Q3,2017-09-30,2017-10-26,69281
19445,CIA SANEAMENTO DE MINAS GERAIS-COPASA MG,2018Q1,2018-03-31,2018-04-26,73531
19445,CIA SANEAMENTO DE MINAS GERAIS-COPASA MG,2018Q2,2018-06-30,2018-07-26,76503
19445,CIA SANEAMENTO DE MINAS GERAIS-COPASA MG,2018Q3,2018-09-30,2018-10-31,78555
19445,CIA SANEAMENTO DE MINAS GERAIS-COPASA MG,2019Q1,2019-03-31,2019-04-25,82403
19445,CIA SANEAMENTO DE MINAS GERAIS-COPASA MG,2019Q2,2019-06-30,2019-07-26,85624
19445,CIA SANEAMENTO DE MINAS GERAIS-COPASA MG,2019Q3,2019-09-30,2019-10-31,88946
19445,CIA SANEAMENTO DE MINAS GERAIS-COPASA MG,2020Q1,2020-03-31,2020-04-30,92637
19445,CIA SANEAMENTO DE MINAS GERAIS-COPASA MG,2020Q2,2020-06-30,2020-07-30,95257
19445,CIA SANEAMENTO DE MINAS GERAIS-COPASA MG,2020Q3,2020-09-30,2020-10-30,97973
19445,CIA SANEAMENTO DE MINAS GERAIS-COPASA MG,2021Q1,2021-03-31,2021-05-04,103359
19445,CIA SANEAMENTO DE MINAS GERAIS-COPASA MG,2021Q2,2021-06-30,2021-08-02,107141
19445,CIA SANEAMENTO DE MINAS GERAIS-COPASA MG,2021Q3,2021-09-30,2021-11-03,109371
19445,CIA SANEAMENTO DE MINAS GERAIS-COPASA MG,2022Q1,2022-03-31,2022-05-03,114201
19445,CIA SANEAMENTO DE MINAS GERAIS-COPASA MG,2022Q2,2022-06-30,2022-08-02,119157
19445,CIA SANEAMENTO DE MINAS GERAIS-COPASA MG,2022Q3,2022-09-30,2022-11-03,121310
19445,CIA SANEAMENTO DE MINAS GERAIS-COPASA MG,2023Q1,2023-03-31,2023-05-02,125589
19445,CIA SANEAMENTO DE MINAS GERAIS-COPASA MG,2023Q2,2023-06-30,2023-07-31,129478
19445,CIA SANEAMENTO DE MINAS GERAIS-COPASA MG,2023Q3,2023-09-30,2023-10-26,131618
19445,CIA SANEAMENTO DE MINAS GERAIS-COPASA MG,2024Q1,2024-03-31,2024-04-29,136030
19445,CIA SANEAMENTO DE MINAS GERAIS-COPASA MG,2024Q2,2024-06-30,2024-07-30,140062
19445,CIA SANEAMENTO DE MINAS GERAIS-COPASA MG,2024Q3,2024-09-30,2024-11-04,142512
18627,CIA SANEAMENTO DO PARANA - SANEPAR,2015Q1,2015-03-31,2015-05-14,47172
18627,CIA SANEAMENTO DO PARANA - SANEPAR,2015Q2,2015-06-30,2015-08-13,49832
18627,CIA SANEAMENTO DO PARANA - SANEPAR,2015Q3,2015-09-30,2015-11-11,51515
18627,CIA SANEAMENTO DO PARANA - SANEPAR,2016Q1,2016-03-31,2016-05-12,56166
18627,CIA SANEAMENTO DO PARANA - SANEPAR,2016Q2,2016-06-30,2016-08-03,58437
18627,CIA SANEAMENTO DO PARANA - SANEPAR,2016Q3,2016-09-30,2016-12-14,61478
18627,CIA SANEAMENTO DO PARANA - SANEPAR,2017Q1,2017-03-31,2017-05-09,64958
18627,CIA SANEAMENTO DO PARANA - SANEPAR,2017Q2,2017-06-30,2017-08-08,67604
18627,CIA SANEAMENTO DO PARANA - SANEPAR,2017Q3,2017-09-30,2017-11-29,70289
18627,CIA SANEAMENTO DO PARANA - SANEPAR,2018Q1,2018-03-31,2018-05-08,73940
18627,CIA SANEAMENTO DO PARANA - SANEPAR,2018Q2,2018-06-30,2018-08-07,76752
18627,CIA SANEAMENTO DO PARANA - SANEPAR,2018Q3,2018-09-30,2018-11-06,78689
18627,CIA SANEAMENTO DO PARANA - SANEPAR,2019Q1,2019-03-31,2019-05-07,82803
18627,CIA SANEAMENTO DO PARANA - SANEPAR,2019Q2,2019-06-30,2019-08-13,86457
18627,CIA SANEAMENTO DO PARANA - SANEPAR,2020Q1,2020-03-31,2020-05-07,92810
18627,CIA SANEAMENTO DO PARANA - SANEPAR,2020Q2,2020-06-30,2020-08-07,95783
18627,CIA SANEAMENTO DO PARANA - SANEPAR,2020Q3,2020-09-30,2020-11-13,98435
18627,CIA SANEAMENTO DO PARANA - SANEPAR,2021Q1,2021-03-31,2021-05-13,104040
18627,CIA SANEAMENTO DO PARANA - SANEPAR,2021Q2,2021-06-30,2021-08-12,107641
18627,CIA SANEAMENTO DO PARANA - SANEPAR,2021Q3,2021-09-30,2021-11-11,109764
18627,CIA SANEAMENTO DO PARANA - SANEPAR,2022Q1,2022-03-31,2022-05-05,114348
18627,CIA SANEAMENTO DO PARANA - SANEPAR,2022Q2,2022-06-30,2022-08-04,119232
18627,CIA SANEAMENTO DO PARANA - SANEPAR,2022Q3,2022-09-30,2022-11-03,121313
18627,CIA SANEAMENTO DO PARANA - SANEPAR,2023Q1,2023-03-31,2023-05-11,126298
18627,CIA SANEAMENTO DO PARANA - SANEPAR,2023Q2,2023-06-30,2023-08-10,129988
18627,CIA SANEAMENTO DO PARANA - SANEPAR,2023Q3,2023-09-30,2023-11-08,131911
18627,CIA SANEAMENTO DO PARANA - SANEPAR,2024Q1,2024-03-31,2024-05-09,136850
18627,CIA SANEAMENTO DO PARANA - SANEPAR,2024Q2,2024-06-30,2024-08-08,140584
18627,CIA SANEAMENTO DO PARANA - SANEPAR,2024Q3,2024-09-30,2024-11-07,142688
4030,CIA SIDERURGICA NACIONAL,2015Q1,2015-03-31,2015-05-06,46437
4030,CIA SIDERURGICA NACIONAL,2015Q2,2015-06-30,2015-08-13,49764
4030,CIA SIDERURGICA NACIONAL,2015Q3,2015-09-30,2015-11-13,51717
4030,CIA SIDERURGICA NACIONAL,2016Q1,2016-03-31,2017-10-30,69333
4030,CIA SIDERURGICA NACIONAL,2016Q2,2016-06-30,2017-10-30,69334
4030,CIA SIDERURGICA NACIONAL,2016Q3,2016-09-30,2017-10-30,69335
4030,CIA SIDERURGICA NACIONAL,2017Q1,2017-03-31,2017-12-26,70661
4030,CIA SIDERURGICA NACIONAL,2017Q2,2017-06-30,2017-12-26,70662
4030,CIA SIDERURGICA NACIONAL,2017Q3,2017-09-30,2017-12-26,70663
4030,CIA SIDERURGICA NACIONAL,2018Q1,2018-03-31,2018-05-14,74521
4030,CIA SIDERURGICA NACIONAL,2018Q2,2018-06-30,2018-08-08,76767
4030,CIA SIDERURGICA NACIONAL,2018Q3,2018-09-30,2018-11-07,78766
4030,CIA SIDERURGICA NACIONAL,2019Q1,2019-03-31,2019-05-08,82941
4030,CIA SIDERURGICA NACIONAL,2019Q2,2019-06-30,2019-07-30,85770
4030,CIA SIDERURGICA NACIONAL,2019Q3,2019-09-30,2019-10-23,88770
4030,CIA SIDERURGICA NACIONAL,2020Q1,2020-03-31,2020-05-14,93131
4030,CIA SIDERURGICA NACIONAL,2020Q2,2020-06-30,2020-07-28,95052
4030,CIA SIDERURGICA NACIONAL,2020Q3,2020-09-30,2020-10-15,97656
4030,CIA SIDERURGICA NACIONAL,2021Q1,2021-03-31,2021-04-28,103143
4030,CIA SIDERURGICA NACIONAL,2021Q2,2021-06-30,2021-07-27,106721
4030,CIA SIDERURGICA NACIONAL,2021Q3,2021-09-30,2021-11-03,109392
4030,CIA SIDERURGICA NACIONAL,2022Q1,2022-03-31,2022-05-04,114290
4030,CIA SIDERURGICA NACIONAL,2022Q2,2022-06-30,2022-08-15,119996
4030,CIA SIDERURGICA NACIONAL,2022Q3,2022-09-30,2022-10-31,121269
4030,CIA SIDERURGICA NACIONAL,2023Q1,2023-03-31,2023-05-03,125707
4030,CIA SIDERURGICA NACIONAL,2023Q2,2023-06-30,2023-08-03,129693
4030,CIA SIDERURGICA NACIONAL,2023Q3,2023-09-30,2023-11-13,132464
4030,CIA SIDERURGICA NACIONAL,2024Q1,2024-03-31,2024-05-09,136963
4030,CIA SIDERURGICA NACIONAL,2024Q2,2024-06-30,2024-08-12,140838
4030,CIA SIDERURGICA NACIONAL,2024Q3,2024-09-30,2024-11-27,143553
17973,COGNA EDUCAÇÃO S.A.,2015Q1,2015-03-31,2015-05-12,46861
17973,COGNA EDUCAÇÃO S.A.,2015Q2,2015-06-30,2015-08-12,49671
17973,COGNA EDUCAÇÃO S.A.,2015Q3,2015-09-30,2015-11-12,51555
17973,COGNA EDUCAÇÃO S.A.,2016Q1,2016-03-31,2016-05-12,56104
17973,COGNA EDUCAÇÃO S.A.,2016Q2,2016-06-30,2016-08-15,59140
17973,COGNA EDUCAÇÃO S.A.,2016Q3,2016-09-30,2016-11-10,60595
17973,COGNA EDUCAÇÃO S.A.,2017Q1,2017-03-31,2017-05-12,65307
17973,COGNA EDUCAÇÃO S.A.,2017Q2,2017-06-30,2017-08-11,67825
17973,COGNA EDUCAÇÃO S.A.,2017Q3,2017-09-30,2017-11-10,69678
17973,COGNA EDUCAÇÃO S.A.,2018Q1,2018-03-31,2018-05-14,74419
17973,COGNA EDUCAÇÃO S.A.,2018Q2,2018-06-30,2018-08-14,77327
17973,COGNA EDUCAÇÃO S.A.,2018Q3,2018-09-30,2018-11-09,78879
17973,COGNA EDUCAÇÃO S.A.,2019Q1,2019-03-31,2019-05-15,83522
17973,COGNA EDUCAÇÃO S.A.,2019Q2,2019-06-30,2019-08-27,87021
17973,COGNA EDUCAÇÃO S.A.,2019Q3,2019-09-30,2019-11-13,89346
17973,COGNA EDUCAÇÃO S.A.,2020Q1,2020-03-31,2020-05-21,93353
17973,COGNA EDUCAÇÃO S.A.,2020Q2,2020-06-30,2020-08-20,96367
17973,COGNA EDUCAÇÃO S.A.,2020Q3,2020-09-30,2020-11-13,98438
17973,COGNA EDUCAÇÃO S.A.,2021Q1,2021-03-31,2021-05-14,104170
17973,COGNA EDUCAÇÃO S.A.,2021Q2,2021-06-30,2021-08-13,107754
17973,COGNA EDUCAÇÃO S.A.,2021Q3,2021-09-30,2021-11-12,109887
17973,COGNA EDUCAÇÃO S.A.,2022Q1,2022-03-31,2022-05-12,114987
17973,COGNA EDUCAÇÃO S.A.,2022Q2,2022-06-30,2022-08-11,119594
17973,COGNA EDUCAÇÃO S.A.,2022Q3,2022-09-30,2022-11-10,121673
17973,COGNA EDUCAÇÃO S.A.,2023Q1,2023-03-31,2023-05-11,126371
17973,COGNA EDUCAÇÃO S.A.,2023Q2,2023-06-30,2023-08-09,129923
17973,COGNA EDUCAÇÃO S.A.,2023Q3,2023-09-30,2023-11-08,131917
17973,COGNA EDUCAÇÃO S.A.,2024Q1,2024-03-31,2024-05-08,136707
17973,COGNA EDUCAÇÃO S.A.,2024Q2,2024-06-30,2024-08-07,140482
17973,COGNA EDUCAÇÃO S.A.,2024Q3,2024-09-30,2024-11-07,142686
22691,COMPANHIA DE LOCAÇÃO DAS AMÉRICAS,2015Q1,2015-03-31,2015-05-06,46505
22691,COMPANHIA DE LOCAÇÃO DAS AMÉRICAS,2015Q2,2015-06-30,2015-08-14,50151
22691,COMPANHIA DE LOCAÇÃO DAS AMÉRICAS,2015Q3,2015-09-30,2015-11-10,51466
22691,COMPANHIA DE LOCAÇÃO DAS AMÉRICAS,2016Q1,2016-03-31,2016-04-26,55271
22691,COMPANHIA DE LOCAÇÃO DAS AMÉRICAS,2016Q2,2016-06-30,2016-08-10,58680
22691,COMPANHIA DE LOCAÇÃO DAS AMÉRICAS,2016Q3,2016-09-30,2016-10-26,60190
22691,COMPANHIA DE LOCAÇÃO DAS AMÉRICAS,2017Q1,2017-03-31,2017-05-03,64636
22691,COMPANHIA DE LOCAÇÃO DAS AMÉRICAS,2017Q2,2017-06-30,2017-07-24,67276
22691,COMPANHIA DE LOCAÇÃO DAS AMÉRICAS,2017Q3,2017-09-30,2017-10-25,69260
22691,COMPANHIA DE LOCAÇÃO DAS AMÉRICAS,2018Q1,2018-03-31,2018-08-13,77086
22691,COMPANHIA DE LOCAÇÃO DAS AMÉRICAS,2018Q2,2018-06-30,2018-08-13,77083
22691,COMPANHIA DE LOCAÇÃO DAS AMÉRICAS,2018Q3,2018-09-30,2018-11-06,78708
22691,COMPANHIA DE LOCAÇÃO DAS AMÉRICAS,2019Q1,2019-03-31,2019-05-06,82732
22691,COMPANHIA DE LOCAÇÃO DAS AMÉRICAS,2019Q2,2019-06-30,2019-08-05,86056
22691,COMPANHIA DE LOCAÇÃO DAS AMÉRICAS,2019Q3,2019-09-30,2019-11-21,89763
22691,COMPANHIA DE LOCAÇÃO DAS AMÉRICAS,2020Q1,2020-03-31,2020-05-20,93317
22691,COMPANHIA DE LOCAÇÃO DAS AMÉRICAS,2020Q2,2020-06-30,2020-08-13,96072
22691,COMPANHIA DE LOCAÇÃO DAS AMÉRICAS,2020Q3,2020-09-30,2020-10-26,97865
22691,COMPANHIA DE LOCAÇÃO DAS AMÉRICAS,2021Q1,2021-03-31,2021-04-30,103219
22691,COMPANHIA DE LOCAÇÃO DAS AMÉRICAS,2021Q2,2021-06-30,2021-07-27,106718
22691,COMPANHIA DE LOCAÇÃO DAS AMÉRICAS,2021Q3,2021-09-30,2021-11-23,110395
22691,COMPANHIA DE LOCAÇÃO DAS AMÉRICAS,2022Q1,2022-03-31,2022-08-08,119320
22691,COMPANHIA DE LOCAÇÃO DAS AMÉRICAS,2022Q2,2022-06-30,2022-08-11,119641
22691,COMPANHIA DE LOCAÇÃO DAS AMÉRICAS,2022Q3,2022-09-30,2022-11-14,122165
22691,COMPANHIA DE LOCAÇÃO DAS AMÉRICAS,2023Q1,2023-03-31,2023-05-15,126727
22691,COMPANHIA DE LOCAÇÃO DAS AMÉRICAS,2023Q2,2023-06-30,2023-08-14,130453
22691,COMPANHIA DE LOCAÇÃO DAS AMÉRICAS,2023Q3,2023-09-30,2023-11-13,132413
22691,COMPANHIA DE LOCAÇÃO DAS AMÉRICAS,2024Q1,2024-03-31,2024-05-15,137554
22691,COMPANHIA DE LOCAÇÃO DAS AMÉRICAS,2024Q2,2024-06-30,2024-08-14,141123
22691,COMPANHIA DE LOCAÇÃO DAS AMÉRICAS,2024Q3,2024-09-30,2024-11-14,143318
19836,COSAN S.A.,2015Q1,2015-03-31,2015-06-16,48673
19836,COSAN S.A.,2015Q2,2015-06-30,2015-08-12,49746
19836,COSAN S.A.,2015Q3,2015-09-30,2015-11-11,51538
19836,COSAN S.A.,2016Q1,2016-03-31,2016-05-12,56239
19836,COSAN S.A.,2016Q2,2016-06-30,2016-08-10,58731
19836,COSAN S.A.,2016Q3,2016-09-30,2016-11-09,60582
19836,COSAN S.A.,2017Q1,2017-03-31,2017-05-10,65142
19836,COSAN S.A.,2017Q2,2017-06-30,2017-08-09,67665
19836,COSAN S.A.,2017Q3,2017-09-30,2017-11-10,69749
19836,COSAN S.A.,2018Q1,2018-03-31,2018-05-15,74585
19836,COSAN S.A.,2018Q2,2018-06-30,2018-08-08,76800
19836,COSAN S.A.,2018Q3,2018-09-30,2018-11-07,78764
19836,COSAN S.A.,2019Q1,2019-03-31,2019-05-13,83331
19836,COSAN S.A.,2019Q2,2019-06-30,2019-08-12,86348
19836,COSAN S.A.,2019Q3,2019-09-30,2019-11-12,89277
19836,COSAN S.A.,2020Q1,2020-03-31,2020-05-29,93642
19836,COSAN S.A.,2020Q2,2020-06-30,2020-08-10,95853
19836,COSAN S.A.,2020Q3,2020-09-30,2020-11-13,98547
19836,COSAN S.A.,2021Q1,2021-03-31,2021-05-14,104366
19836,COSAN S.A.,2021Q2,2021-06-30,2021-08-13,107917
19836,COSAN S.A.,2021Q3,2021-09-30,2021-11-12,110054
19836,COSAN S.A.,2022Q1,2022-03-31,2022-05-13,115210
19836,COSAN S.A.,2022Q2,2022-06-30,2022-08-12,119783
19836,COSAN S.A.,2022Q3,2022-09-30,2023-02-28,123767
19836,COSAN S.A.,2023Q1,2023-03-31,2023-05-16,126883
19836,COSAN S.A.,2023Q2,2023-06-30,2023-08-15,130501
19836,COSAN S.A.,2023Q3,2023-09-30,2023-11-13,132421
19836,COSAN S.A.,2024Q1,2024-03-31,2024-05-28,138075
19836,COSAN S.A.,2024Q2,2024-06-30,2024-08-14,141105
19836,COSAN S.A.,2024Q3,2024-09-30,2024-11-13,143096
18660,CPFL ENERGIA S.A.,2015Q1,2015-03-31,2015-05-08,46746
18660,CPFL ENERGIA S.A.,2015Q2,2015-06-30,2015-08-13,49886
18660,CPFL ENERGIA S.A.,2015Q3,2015-09-30,2015-11-12,51680
18660,CPFL ENERGIA S.A.,2016Q1,2016-03-31,2016-05-12,56240
18660,CPFL ENERGIA S.A.,2016Q2,2016-06-30,2016-08-11,58863
18660,CPFL ENERGIA S.A.,2016Q3,2016-09-30,2016-11-10,60685
18660,CPFL ENERGIA S.A.,2017Q1,2017-03-31,2017-08-07,67543
18660,CPFL ENERGIA S.A.,2017Q2,2017-06-30,2017-08-10,67774
18660,CPFL ENERGIA S.A.,2017Q3,2017-09-30,2017-11-13,69854
18660,CPFL ENERGIA S.A.,2018Q1,2018-03-31,2018-05-15,74756
18660,CPFL ENERGIA S.A.,2018Q2,2018-06-30,2018-08-14,77297
18660,CPFL ENERGIA S.A.,2018Q3,2018-09-30,2018-11-12,78998
18660,CPFL ENERGIA S.A.,2019Q1,2019-03-31,2019-05-08,82873
18660,CPFL ENERGIA S.A.,2019Q2,2019-06-30,2019-08-13,86478
18660,CPFL ENERGIA S.A.,2019Q3,2019-09-30,2019-11-12,89312
18660,CPFL ENERGIA S.A.,2020Q1,2020-03-31,2020-05-14,93141
18660,CPFL ENERGIA S.A.,2020Q2,2020-06-30,2020-08-13,96083
18660,CPFL ENERGIA S.A.,2020Q3,2020-09-30,2020-11-12,98406
18660,CPFL ENERGIA S.A.,2021Q1,2021-03-31,2021-05-13,104066
18660,CPFL ENERGIA S.A.,2021Q2,2021-06-30,2021-08-12,107694
18660,CPFL ENERGIA S.A.,2021Q3,2021-09-30,2021-11-11,109794
18660,CPFL ENERGIA S.A.,2022Q1,2022-03-31,2022-05-12,114924
18660,CPFL ENERGIA S.A.,2022Q2,2022-06-30,2022-08-11,119588
18660,CPFL ENERGIA S.A.,2022Q3,2022-09-30,2022-11-10,121699
18660,CPFL ENERGIA S.A.,2023Q1,2023-03-31,2023-05-11,126329
18660,CPFL ENERGIA S.A.,2023Q2,2023-06-30,2023-08-10,130025
18660,CPFL ENERGIA S.A.,2023Q3,2023-09-30,2023-11-09,132064
18660,CPFL ENERGIA S.A.,2024Q1,2024-03-31,2024-05-09,136931
18660,CPFL ENERGIA S.A.,2024Q2,2024-06-30,2024-08-08,140625
18660,CPFL ENERGIA S.A.,2024Q3,2024-09-30,2024-11-07,142724
25585,CSN MINERAÇÃO S.A.,2020Q1,2020-03-31,2021-01-27,97693
25585,CSN MINERAÇÃO S.A.,2020Q2,2020-06-30,2021-01-27,97694
25585,CSN MINERAÇÃO S.A.,2020Q3,2020-09-30,2021-01-27,97695
25585,CSN MINERAÇÃO S.A.,2021Q1,2021-03-31,2021-04-28,103144
25585,CSN MINERAÇÃO S.A.,2021Q2,2021-06-30,2021-07-27,106720
25585,CSN MINERAÇÃO S.A.,2021Q3,2021-09-30,2021-11-03,109390
25585,CSN MINERAÇÃO S.A.,2022Q1,2022-03-31,2022-05-04,114289
25585,CSN MINERAÇÃO S.A.,2022Q2,2022-06-30,2022-08-15,119998
25585,CSN MINERAÇÃO S.A.,2022Q3,2022-09-30,2022-10-31,121270
25585,CSN MINERAÇÃO S.A.,2023Q1,2023-03-31,2023-05-03,125706
25585,CSN MINERAÇÃO S.A.,2023Q2,2023-06-30,2023-08-02,129680
25585,CSN MINERAÇÃO S.A.,2023Q3,2023-09-30,2023-11-13,132461
25585,CSN MINERAÇÃO S.A.,2024Q1,2024-03-31,2024-05-09,136964
25585,CSN MINERAÇÃO S.A.,2024Q2,2024-06-30,2024-08-12,140831
25585,CSN MINERAÇÃO S.A.,2024Q3,2024-09-30,2025-01-13,144266
18376,CTEEP - CIA TRANSMISSÃO ENERGIA ELÉTRICA PAULISTA,2015Q1,2015-03-31,2015-04-29,46226
18376,CTEEP - CIA TRANSMISSÃO ENERGIA ELÉTRICA PAULISTA,2015Q2,2015-06-30,2015-07-30,49343
18376,CTEEP - CIA TRANSMISSÃO ENERGIA ELÉTRICA PAULISTA,2015Q3,2015-09-30,2015-10-26,51090
18376,CTEEP - CIA TRANSMISSÃO ENERGIA ELÉTRICA PAULISTA,2016Q1,2016-03-31,2016-04-28,55344
18376,CTEEP - CIA TRANSMISSÃO ENERGIA ELÉTRICA PAULISTA,2016Q2,2016-06-30,2016-09-08,59545
18376,CTEEP - CIA TRANSMISSÃO ENERGIA ELÉTRICA PAULISTA,2016Q3,2016-09-30,2016-10-28,60228
18376,CTEEP - CIA TRANSMISSÃO ENERGIA ELÉTRICA PAULISTA,2017Q1,2017-03-31,2017-04-27,64472
18376,CTEEP - CIA TRANSMISSÃO ENERGIA ELÉTRICA PAULISTA,2017Q2,2017-06-30,2017-08-01,67460
18376,CTEEP - CIA TRANSMISSÃO ENERGIA ELÉTRICA PAULISTA,2017Q3,2017-09-30,2017-10-30,69346
18376,CTEEP - CIA TRANSMISSÃO ENERGIA ELÉTRICA PAULISTA,2018Q1,2018-03-31,2018-05-15,74531
18376,CTEEP - CIA TRANSMISSÃO ENERGIA ELÉTRICA PAULISTA,2018Q2,2018-06-30,2018-07-31,76595
18376,CTEEP - CIA TRANSMISSÃO ENERGIA ELÉTRICA PAULISTA,2018Q3,2018-09-30,2018-10-29,78347
18376,CTEEP - CIA TRANSMISSÃO ENERGIA ELÉTRICA PAULISTA,2019Q1,2019-03-31,2019-04-29,82475
18376,CTEEP - CIA TRANSMISSÃO ENERGIA ELÉTRICA PAULISTA,2019Q2,2019-06-30,2019-07-30,85747
18376,CTEEP - CIA TRANSMISSÃO ENERGIA ELÉTRICA PAULISTA,2019Q3,2019-09-30,2019-11-05,89027
25100,CURY CONSTRUTORA E INCORPORADORA S.A.,2020Q1,2020-03-31,2020-07-25,94984
25100,CURY CONSTRUTORA E INCORPORADORA S.A.,2020Q2,2020-06-30,2020-08-10,94983
25100,CURY CONSTRUTORA E INCORPORADORA S.A.,2020Q3,2020-09-30,2020-12-10,99151
25100,CURY CONSTRUTORA E INCORPORADORA S.A.,2021Q1,2021-03-31,2021-05-13,104157
25100,CURY CONSTRUTORA E INCORPORADORA S.A.,2021Q2,2021-06-30,2021-08-12,107666
25100,CURY CONSTRUTORA E INCORPORADORA S.A.,2021Q3,2021-09-30,2021-11-11,109772
25100,CURY CONSTRUTORA E INCORPORADORA S.A.,2022Q1,2022-03-31,2022-05-10,114644
25100,CURY CONSTRUTORA E INCORPORADORA S.A.,2022Q2,2022-06-30,2022-08-09,119339
25100,CURY CONSTRUTORA E INCORPORADORA S.A.,2022Q3,2022-09-30,2022-11-08,121451
25100,CURY CONSTRUTORA E INCORPORADORA S.A.,2023Q1,2023-03-31,2023-05-09,126022
25100,CURY CONSTRUTORA E INCORPORADORA S.A.,2023Q2,2023-06-30,2023-08-08,129820
25100,CURY CONSTRUTORA E INCORPORADORA S.A.,2023Q3,2023-09-30,2023-11-07,131846
25100,CURY CONSTRUTORA E INCORPORADORA S.A.,2024Q1,2024-03-31,2024-05-07,136591
25100,CURY CONSTRUTORA E INCORPORADORA S.A.,2024Q2,2024-06-30,2024-08-06,140423
25100,CURY CONSTRUTORA E INCORPORADORA S.A.,2024Q3,2024-09-30,2024-11-12,142960
23310,CVC BRASIL OPERADORA E AGÊNCIA DE VIAGENS S.A.,2015Q1,2015-03-31,2015-05-05,46419
23310,CVC BRASIL OPERADORA E AGÊNCIA DE VIAGENS S.A.,2015Q2,2015-06-30,2015-08-05,49476
23310,CVC BRASIL OPERADORA E AGÊNCIA DE VIAGENS S.A.,2015Q3,2015-09-30,2015-11-11,51552
23310,CVC BRASIL OPERADORA E AGÊNCIA DE VIAGENS S.A.,2016Q1,2016-03-31,2016-05-05,55647
23310,CVC BRASIL OPERADORA E AGÊNCIA DE VIAGENS S.A.,2016Q2,2016-06-30,2016-07-27,58294
23310,CVC BRASIL OPERADORA E AGÊNCIA DE VIAGENS S.A.,2016Q3,2016-09-30,2016-11-03,60355
23310,CVC BRASIL OPERADORA E AGÊNCIA DE VIAGENS S.A.,2017Q1,2017-03-31,2017-05-10,65159
23310,CVC BRASIL OPERADORA E AGÊNCIA DE VIAGENS S.A.,2017Q2,2017-06-30,2017-08-09,67682
23310,CVC BRASIL OPERADORA E AGÊNCIA DE VIAGENS S.A.,2017Q3,2017-09-30,2017-11-08,69574
23310,CVC BRASIL OPERADORA E AGÊNCIA DE VIAGENS S.A.,2018Q1,2018-03-31,2018-05-10,74233
23310,CVC BRASIL OPERADORA E AGÊNCIA DE VIAGENS S.A.,2018Q2,2018-06-30,2018-08-09,76863
23310,CVC BRASIL OPERADORA E AGÊNCIA DE VIAGENS S.A.,2018Q3,2018-09-30,2018-11-09,78873
23310,CVC BRASIL OPERADORA E AGÊNCIA DE VIAGENS S.A.,2019Q1,2019-03-31,2019-05-09,83103
23310,CVC BRASIL OPERADORA E AGÊNCIA DE VIAGENS S.A.,2019Q2,2019-06-30,2019-08-08,86216
23310,CVC BRASIL OPERADORA E AGÊNCIA DE VIAGENS S.A.,2019Q3,2019-09-30,2019-11-08,89180
23310,CVC BRASIL OPERADORA E AGÊNCIA DE VIAGENS S.A.,2020Q1,2020-03-31,2020-09-30,97433
23310,CVC BRASIL OPERADORA E AGÊNCIA DE VIAGENS S.A.,2020Q2,2020-06-30,2020-10-20,97710
23310,CVC BRASIL OPERADORA E AGÊNCIA DE VIAGENS S.A.,2020Q3,2020-09-30,2020-11-13,98597
23310,CVC BRASIL OPERADORA E AGÊNCIA DE VIAGENS S.A.,2021Q1,2021-03-31,2021-05-14,104356
23310,CVC BRASIL OPERADORA E AGÊNCIA DE VIAGENS S.A.,2021Q2,2021-06-30,2021-08-13,107887
23310,CVC BRASIL OPERADORA E AGÊNCIA DE VIAGENS S.A.,2021Q3,2021-09-30,2021-11-12,110061
23310,CVC BRASIL OPERADORA E AGÊNCIA DE VIAGENS S.A.,2022Q1,2022-03-31,2022-05-10,114651
23310,CVC BRASIL OPERADORA E AGÊNCIA DE VIAGENS S.A.,2022Q2,2022-06-30,2022-08-09,119365
23310,CVC BRASIL OPERADORA E AGÊNCIA DE VIAGENS S.A.,2022Q3,2022-09-30,2022-11-08,121454
23310,CVC BRASIL OPERADORA E AGÊNCIA DE VIAGENS S.A.,2023Q1,2023-03-31,2023-05-09,126039
23310,CVC BRASIL OPERADORA E AGÊNCIA DE VIAGENS S.A.,2023Q2,2023-06-30,2023-08-08,129812
23310,CVC BRASIL OPERADORA E AGÊNCIA DE VIAGENS S.A.,2023Q3,2023-09-30,2023-11-03,131771
23310,CVC BRASIL OPERADORA E AGÊNCIA DE VIAGENS S.A.,2024Q1,2024-03-31,2024-07-01,139357
23310,CVC BRASIL OPERADORA E AGÊNCIA DE VIAGENS S.A.,2024Q2,2024-06-30,2024-08-07,140503
23310,CVC BRASIL OPERADORA E AGÊNCIA DE VIAGENS S.A.,2024Q3,2024-09-30,2024-11-12,142975
14460,CYRELA BRAZIL REALTY S.A.EMPREEND E PART,2015Q1,2015-03-31,2015-05-14,47208
14460,CYRELA BRAZIL REALTY S.A.EMPREEND E PART,2015Q2,2015-06-30,2015-08-13,49866
14460,CYRELA BRAZIL REALTY S.A.EMPREEND E PART,2015Q3,2015-09-30,2015-11-12,51640
14460,CYRELA BRAZIL REALTY S.A.EMPREEND E PART,2016Q1,2016-03-31,2016-05-12,56191
14460,CYRELA BRAZIL REALTY S.A.EMPREEND E PART,2016Q2,2016-06-30,2016-08-09,58618
14460,CYRELA BRAZIL REALTY S.A.EMPREEND E PART,2016Q3,2016-09-30,2016-11-10,60650
14460,CYRELA BRAZIL REALTY S.A.EMPREEND E PART,2017Q1,2017-03-31,2017-05-11,65253
14460,CYRELA BRAZIL REALTY S.A.EMPREEND E PART,2017Q2,2017-06-30,2017-08-10,67769
14460,CYRELA BRAZIL REALTY S.A.EMPREEND E PART,2017Q3,2017-09-30,2017-11-10,69677
14460,CYRELA BRAZIL REALTY S.A.EMPREEND E PART,2018Q1,2018-03-31,2018-05-10,74250
14460,CYRELA BRAZIL REALTY S.A.EMPREEND E PART,2018Q2,2018-06-30,2018-08-10,76955
14460,CYRELA BRAZIL REALTY S.A.EMPREEND E PART,2018Q3,2018-09-30,2018-11-08,78828
14460,CYRELA BRAZIL REALTY S.A.EMPREEND E PART,2019Q1,2019-03-31,2019-05-09,83034
14460,CYRELA BRAZIL REALTY S.A.EMPREEND E PART,2019Q2,2019-06-30,2019-08-08,86168
14460,CYRELA BRAZIL REALTY S.A.EMPREEND E PART,2019Q3,2019-09-30,2019-11-07,89134
14460,CYRELA BRAZIL REALTY S.A.EMPREEND E PART,2020Q1,2020-03-31,2020-05-14,93089
14460,CYRELA BRAZIL REALTY S.A.EMPREEND E PART,2020Q2,2020-06-30,2020-08-13,96010
14460,CYRELA BRAZIL REALTY S.A.EMPREEND E PART,2020Q3,2020-09-30,2020-11-12,98335
14460,CYRELA BRAZIL REALTY S.A.EMPREEND E PART,2021Q1,2021-03-31,2021-05-13,104029
14460,CYRELA BRAZIL REALTY S.A.EMPREEND E PART,2021Q2,2021-06-30,2021-08-12,107625
14460,CYRELA BRAZIL REALTY S.A.EMPREEND E PART,2021Q3,2021-09-30,2021-11-11,109766
14460,CYRELA BRAZIL REALTY S.A.EMPREEND E PART,2022Q1,2022-03-31,2022-05-14,115226
14460,CYRELA BRAZIL REALTY S.A.EMPREEND E PART,2022Q2,2022-06-30,2022-08-11,119539
14460,CYRELA BRAZIL REALTY S.A.EMPREEND E PART,2022Q3,2022-09-30,2022-11-10,121687
14460,CYRELA BRAZIL REALTY S.A.EMPREEND E PART,2023Q1,2023-03-31,2023-05-11,126293
14460,CYRELA BRAZIL REALTY S.A.EMPREEND E PART,2023Q2,2023-06-30,2023-08-10,129975
14460,CYRELA BRAZIL REALTY S.A.EMPREEND E PART,2023Q3,2023-09-30,2023-11-09,132037
14460,CYRELA BRAZIL REALTY S.A.EMPREEND E PART,2024Q1,2024-03-31,2024-05-09,136835
14460,CYRELA BRAZIL REALTY S.A.EMPREEND E PART,2024Q2,2024-06-30,2024-08-08,140576
14460,CYRELA BRAZIL REALTY S.A.EMPREEND E PART,2024Q3,2024-09-30,2024-11-13,143076
21091,DEXCO S.A.,2015Q1,2015-03-31,2015-04-28,46164
21091,DEXCO S.A.,2015Q2,2015-06-30,2015-07-28,49263
21091,DEXCO S.A.,2015Q3,2015-09-30,2015-10-29,51171
21091,DEXCO S.A.,2016Q1,2016-03-31,2016-04-28,55328
21091,DEXCO S.A.,2016Q2,2016-06-30,2016-08-01,58386
21091,DEXCO S.A.,2016Q3,2016-09-30,2016-10-28,60247
21091,DEXCO S.A.,2017Q1,2017-03-31,2017-04-26,64440
21091,DEXCO S.A.,2017Q2,2017-06-30,2017-08-10,67755
21091,DEXCO S.A.,2017Q3,2017-09-30,2017-10-27,69321
21091,DEXCO S.A.,2018Q1,2018-03-31,2018-05-02,73629
21091,DEXCO S.A.,2018Q2,2018-06-30,2018-08-01,76622
21091,DEXCO S.A.,2018Q3,2018-09-30,2018-11-05,78618
21091,DEXCO S.A.,2019Q1,2019-03-31,2019-05-06,82742
21091,DEXCO S.A.,2019Q2,2019-06-30,2019-07-31,85925
21091,DEXCO S.A.,2019Q3,2019-09-30,2019-10-29,88870
21091,DEXCO S.A.,2020Q1,2020-03-31,2020-05-06,92759
21091,DEXCO S.A.,2020Q2,2020-06-30,2020-07-29,95150
21091,DEXCO S.A.,2020Q3,2020-09-30,2020-11-03,97983
21091,DEXCO S.A.,2021Q1,2021-03-31,2021-04-29,103186
21091,DEXCO S.A.,2021Q2,2021-06-30,2021-07-28,106768
21091,DEXCO S.A.,2021Q3,2021-09-30,2021-10-27,109262
21091,DEXCO S.A.,2022Q1,2022-03-31,2022-04-27,113993
21091,DEXCO S.A.,2022Q2,2022-06-30,2022-07-27,118744
21091,DEXCO S.A.,2022Q3,2022-09-30,2022-10-26,121172
21091,DEXCO S.A.,2023Q1,2023-03-31,2023-05-23,127159
21091,DEXCO S.A.,2023Q2,2023-06-30,2023-08-02,129679
21091,DEXCO S.A.,2023Q3,2023-09-30,2023-11-07,131871
21091,DEXCO S.A.,2024Q1,2024-03-31,2024-05-08,136746
21091,DEXCO S.A.,2024Q2,2024-06-30,2024-08-07,140529
21091,DEXCO S.A.,2024Q3,2024-09-30,2024-11-06,142660
19623,DIAGNOSTICOS DA AMERICA S.A.,2015Q1,2015-03-31,2015-05-12,46977
19623,DIAGNOSTICOS DA AMERICA S.A.,2015Q2,2015-06-30,2015-08-10,49602
19623,DIAGNOSTICOS DA AMERICA S.A.,2015Q3,2015-09-30,2015-11-12,51663
19623,DIAGNOSTICOS DA AMERICA S.A.,2016Q1,2016-03-31,2016-05-10,55970
19623,DIAGNOSTICOS DA AMERICA S.A.,2016Q2,2016-06-30,2016-08-10,58710
19623,DIAGNOSTICOS DA AMERICA S.A.,2016Q3,2016-09-30,2016-11-08,60458
19623,DIAGNOSTICOS DA AMERICA S.A.,2017Q1,2017-03-31,2017-05-12,65445
19623,DIAGNOSTICOS DA AMERICA S.A.,2017Q2,2017-06-30,2017-08-11,67902
19623,DIAGNOSTICOS DA AMERICA S.A.,2017Q3,2017-09-30,2017-11-13,69869
19623,DIAGNOSTICOS DA AMERICA S.A.,2018Q1,2018-03-31,2018-05-15,74713
19623,DIAGNOSTICOS DA AMERICA S.A.,2018Q2,2018-06-30,2018-08-14,77253
19623,DIAGNOSTICOS DA AMERICA S.A.,2018Q3,2018-09-30,2018-11-14,79335
19623,DIAGNOSTICOS DA AMERICA S.A.,2019Q1,2019-03-31,2019-05-14,83473
19623,DIAGNOSTICOS DA AMERICA S.A.,2019Q2,2019-06-30,2019-08-14,86641
19623,DIAGNOSTICOS DA AMERICA S.A.,2019Q3,2019-09-30,2019-11-14,89645
19623,DIAGNOSTICOS DA AMERICA S.A.,2020Q1,2020-03-31,2020-06-19,94137
19623,DIAGNOSTICOS DA AMERICA S.A.,2020Q2,2020-06-30,2020-08-21,96401
19623,DIAGNOSTICOS DA AMERICA S.A.,2020Q3,2020-09-30,2020-11-13,98584
19623,DIAGNOSTICOS DA AMERICA S.A.,2021Q1,2021-03-31,2021-05-13,104146
19623,DIAGNOSTICOS DA AMERICA S.A.,2021Q2,2021-06-30,2021-08-12,107729
19623,DIAGNOSTICOS DA AMERICA S.A.,2021Q3,2021-09-30,2021-11-11,109874
19623,DIAGNOSTICOS DA AMERICA S.A.,2022Q1,2022-03-31,2022-05-12,115016
19623,DIAGNOSTICOS DA AMERICA S.A.,2022Q2,2022-06-30,2022-08-11,119648
19623,DIAGNOSTICOS DA AMERICA S.A.,2022Q3,2022-09-30,2022-11-14,122114
19623,DIAGNOSTICOS DA AMERICA S.A.,2023Q1,2023-03-31,2023-05-11,126396
19623,DIAGNOSTICOS DA AMERICA S.A.,2023Q2,2023-06-30,2023-08-10,130027
19623,DIAGNOSTICOS DA AMERICA S.A.,2023Q3,2023-09-30,2023-11-09,132141
19623,DIAGNOSTICOS DA AMERICA S.A.,2024Q1,2024-03-31,2024-05-15,137509
19623,DIAGNOSTICOS DA AMERICA S.A.,2024Q2,2024-06-30,2024-08-14,141159
19623,DIAGNOSTICOS DA AMERICA S.A.,2024Q3,2024-09-30,2024-11-13,143162
21350,DIRECIONAL ENGENHARIA S.A.,2015Q1,2015-03-31,2015-05-15,47497
21350,DIRECIONAL ENGENHARIA S.A.,2015Q2,2015-06-30,2015-08-10,49623
21350,DIRECIONAL ENGENHARIA S.A.,2015Q3,2015-09-30,2015-11-11,51499
21350,DIRECIONAL ENGENHARIA S.A.,2016Q1,2016-03-31,2016-05-09,55850
21350,DIRECIONAL ENGENHARIA S.A.,2016Q2,2016-06-30,2016-08-08,58574
21350,DIRECIONAL ENGENHARIA S.A.,2016Q3,2016-09-30,2016-11-16,61069
21350,DIRECIONAL ENGENHARIA S.A.,2017Q1,2017-03-31,2017-05-11,65223
21350,DIRECIONAL ENGENHARIA S.A.,2017Q2,2017-06-30,2017-08-10,67761
21350,DIRECIONAL ENGENHARIA S.A.,2017Q3,2017-09-30,2017-11-14,70038
21350,DIRECIONAL ENGENHARIA S.A.,2018Q1,2018-03-31,2018-05-14,74473
21350,DIRECIONAL ENGENHARIA S.A.,2018Q2,2018-06-30,2018-08-13,77053
21350,DIRECIONAL ENGENHARIA S.A.,2018Q3,2018-09-30,2018-11-08,78832
21350,DIRECIONAL ENGENHARIA S.A.,2019Q1,2019-03-31,2019-05-10,83189
21350,DIRECIONAL ENGENHARIA S.A.,2019Q2,2019-06-30,2019-08-12,86328
21350,DIRECIONAL ENGENHARIA S.A.,2019Q3,2019-09-30,2019-10-31,88939
21350,DIRECIONAL ENGENHARIA S.A.,2020Q1,2020-03-31,2020-05-14,93104
21350,DIRECIONAL ENGENHARIA S.A.,2020Q2,2020-06-30,2020-08-14,96177
21350,DIRECIONAL ENGENHARIA S.A.,2020Q3,2020-09-30,2020-11-09,98136
21350,DIRECIONAL ENGENHARIA S.A.,2021Q1,2021-03-31,2021-05-10,103670
21350,DIRECIONAL ENGENHARIA S.A.,2021Q2,2021-06-30,2021-08-09,107383
21350,DIRECIONAL ENGENHARIA S.A.,2021Q3,2021-09-30,2021-11-08,109516
21350,DIRECIONAL ENGENHARIA S.A.,2022Q1,2022-03-31,2022-05-05,114353
21350,DIRECIONAL ENGENHARIA S.A.,2022Q2,2022-06-30,2022-08-08,119298
21350,DIRECIONAL ENGENHARIA S.A.,2022Q3,2022-09-30,2022-11-07,121390
21350,DIRECIONAL ENGENHARIA S.A.,2023Q1,2023-03-31,2023-06-22,128573
21350,DIRECIONAL ENGENHARIA S.A.,2023Q2,2023-06-30,2023-08-07,129777
21350,DIRECIONAL ENGENHARIA S.A.,2023Q3,2023-09-30,2023-11-07,131853
21350,DIRECIONAL ENGENHARIA S.A.,2024Q1,2024-03-31,2024-05-09,136880
21350,DIRECIONAL ENGENHARIA S.A.,2024Q2,2024-06-30,2024-08-12,140774
21350,DIRECIONAL ENGENHARIA S.A.,2024Q3,2024-09-30,2024-11-07,142747
19453,ECORODOVIAS INFRAESTRUTURA E LOGÍSTICA S.A.,2015Q1,2015-03-31,2015-05-11,46756
19453,ECORODOVIAS INFRAESTRUTURA E LOGÍSTICA S.A.,2015Q2,2015-06-30,2015-08-14,50142
19453,ECORODOVIAS INFRAESTRUTURA E LOGÍSTICA S.A.,2015Q3,2015-09-30,2015-11-10,51463
19453,ECORODOVIAS INFRAESTRUTURA E LOGÍSTICA S.A.,2016Q1,2016-03-31,2016-05-12,56204
19453,ECORODOVIAS INFRAESTRUTURA E LOGÍSTICA S.A.,2016Q2,2016-06-30,2016-08-11,58751
19453,ECORODOVIAS INFRAESTRUTURA E LOGÍSTICA S.A.,2016Q3,2016-09-30,2016-11-10,60625
19453,ECORODOVIAS INFRAESTRUTURA E LOGÍSTICA S.A.,2017Q1,2017-03-31,2017-05-08,64834
19453,ECORODOVIAS INFRAESTRUTURA E LOGÍSTICA S.A.,2017Q2,2017-06-30,2017-07-27,67357
19453,ECORODOVIAS INFRAESTRUTURA E LOGÍSTICA S.A.,2017Q3,2017-09-30,2017-11-09,69642
19453,ECORODOVIAS INFRAESTRUTURA E LOGÍSTICA S.A.,2018Q1,2018-03-31,2018-04-25,73498
19453,ECORODOVIAS INFRAESTRUTURA E LOGÍSTICA S.A.,2018Q2,2018-06-30,2018-07-26,76505
19453,ECORODOVIAS INFRAESTRUTURA E LOGÍSTICA S.A.,2018Q3,2018-09-30,2018-10-30,78450
19453,ECORODOVIAS INFRAESTRUTURA E LOGÍSTICA S.A.,2019Q1,2019-03-31,2019-04-29,82484
19453,ECORODOVIAS INFRAESTRUTURA E LOGÍSTICA S.A.,2019Q2,2019-06-30,2019-07-25,85591
19453,ECORODOVIAS INFRAESTRUTURA E LOGÍSTICA S.A.,2019Q3,2019-09-30,2019-10-29,88875
19453,ECORODOVIAS INFRAESTRUTURA E LOGÍSTICA S.A.,2020Q1,2020-03-31,2020-12-17,99257
19453,ECORODOVIAS INFRAESTRUTURA E LOGÍSTICA S.A.,2020Q2,2020-06-30,2020-12-17,99258
19453,ECORODOVIAS INFRAESTRUTURA E LOGÍSTICA S.A.,2020Q3,2020-09-30,2020-11-04,98025
19453,ECORODOVIAS INFRAESTRUTURA E LOGÍSTICA S.A.,2021Q1,2021-03-31,2021-05-13,104049
19453,ECORODOVIAS INFRAESTRUTURA E LOGÍSTICA S.A.,2021Q2,2021-06-30,2021-08-03,107231
19453,ECORODOVIAS INFRAESTRUTURA E LOGÍSTICA S.A.,2021Q3,2021-09-30,2021-10-25,109185
19453,ECORODOVIAS INFRAESTRUTURA E LOGÍSTICA S.A.,2022Q1,2022-03-31,2022-05-05,114395
19453,ECORODOVIAS INFRAESTRUTURA E LOGÍSTICA S.A.,2022Q2,2022-06-30,2022-07-28,118797
19453,ECORODOVIAS INFRAESTRUTURA E LOGÍSTICA S.A.,2022Q3,2022-09-30,2022-11-07,121388
19453,ECORODOVIAS INFRAESTRUTURA E LOGÍSTICA S.A.,2023Q1,2023-03-31,2023-05-09,126000
19453,ECORODOVIAS INFRAESTRUTURA E LOGÍSTICA S.A.,2023Q2,2023-06-30,2023-07-31,129490
19453,ECORODOVIAS INFRAESTRUTURA E LOGÍSTICA S.A.,2023Q3,2023-09-30,2023-11-09,132031
19453,ECORODOVIAS INFRAESTRUTURA E LOGÍSTICA S.A.,2024Q1,2024-03-31,2024-05-09,136851
19453,ECORODOVIAS INFRAESTRUTURA E LOGÍSTICA S.A.,2024Q2,2024-06-30,2024-07-31,140198
19453,ECORODOVIAS INFRAESTRUTURA E LOGÍSTICA S.A.,2024Q3,2024-09-30,2024-11-07,142705
19763,EDP - ENERGIAS DO BRASIL S.A.,2015Q1,2015-03-31,2015-05-06,46524
19763,EDP - ENERGIAS DO BRASIL S.A.,2015Q2,2015-06-30,2015-09-04,50476
19763,EDP - ENERGIAS DO BRASIL S.A.,2015Q3,2015-09-30,2015-10-28,51159
19763,EDP - ENERGIAS DO BRASIL S.A.,2016Q1,2016-03-31,2016-05-02,55446
19763,EDP - ENERGIAS DO BRASIL S.A.,2016Q2,2016-06-30,2016-07-25,58248
19763,EDP - ENERGIAS DO BRASIL S.A.,2016Q3,2016-09-30,2016-10-31,60282
19763,EDP - ENERGIAS DO BRASIL S.A.,2017Q1,2017-03-31,2017-05-02,64587
19763,EDP - ENERGIAS DO BRASIL S.A.,2017Q2,2017-06-30,2017-07-26,67342
19763,EDP - ENERGIAS DO BRASIL S.A.,2017Q3,2017-09-30,2017-10-31,69385
19763,EDP - ENERGIAS DO BRASIL S.A.,2018Q1,2018-03-31,2018-05-11,74327
19763,EDP - ENERGIAS DO BRASIL S.A.,2018Q2,2018-06-30,2018-07-25,76485
19763,EDP - ENERGIAS DO BRASIL S.A.,2018Q3,2018-09-30,2018-11-01,78607
19763,EDP - ENERGIAS DO BRASIL S.A.,2019Q1,2019-03-31,2019-05-10,83119
19763,EDP - ENERGIAS DO BRASIL S.A.,2019Q2,2019-06-30,2019-07-24,85564
19763,EDP - ENERGIAS DO BRASIL S.A.,2019Q3,2019-09-30,2019-10-23,88776
19763,EDP - ENERGIAS DO BRASIL S.A.,2020Q1,2020-03-31,2020-05-05,92708
19763,EDP - ENERGIAS DO BRASIL S.A.,2020Q2,2020-06-30,2020-08-28,96671
19763,EDP - ENERGIAS DO BRASIL S.A.,2020Q3,2020-09-30,2020-11-30,98943
19763,EDP - ENERGIAS DO BRASIL S.A.,2021Q1,2021-03-31,2021-05-12,103946
19763,EDP - ENERGIAS DO BRASIL S.A.,2021Q2,2021-06-30,2021-07-26,106678
19763,EDP - ENERGIAS DO BRASIL S.A.,2021Q3,2021-09-30,2021-10-25,109195
19763,EDP - ENERGIAS DO BRASIL S.A.,2022Q1,2022-03-31,2022-05-04,114285
19763,EDP - ENERGIAS DO BRASIL S.A.,2022Q2,2022-06-30,2022-09-01,120412
19763,EDP - ENERGIAS DO BRASIL S.A.,2022Q3,2022-09-30,2022-10-26,121173
19763,EDP - ENERGIAS DO BRASIL S.A.,2023Q1,2023-03-31,2023-05-03,125692
19763,EDP - ENERGIAS DO BRASIL S.A.,2023Q2,2023-06-30,2023-07-26,129230
19763,EDP - ENERGIAS DO BRASIL S.A.,2023Q3,2023-09-30,2023-10-31,131712
19763,EDP - ENERGIAS DO BRASIL S.A.,2024Q1,2024-03-31,2024-05-08,136689
19763,EDP - ENERGIAS DO BRASIL S.A.,2024Q2,2024-06-30,2024-07-29,139981
19763,EDP - ENERGIAS DO BRASIL S.A.,2024Q3,2024-09-30,2024-11-06,142608
14176,ELETROPAULO METROP. ELET. SAO PAULO S.A.,2015Q1,2015-03-31,2015-05-08,46737
14176,ELETROPAULO METROP. ELET. SAO PAULO S.A.,2015Q2,2015-06-30,2015-08-07,49565
14176,ELETROPAULO METROP. ELET. SAO PAULO S.A.,2015Q3,2015-09-30,2015-11-04,51288
14176,ELETROPAULO METROP. ELET. SAO PAULO S.A.,2016Q1,2016-03-31,2016-05-06,55756
14176,ELETROPAULO METROP. ELET. SAO PAULO S.A.,2016Q2,2016-06-30,2016-08-04,58495
14176,ELETROPAULO METROP. ELET. SAO PAULO S.A.,2016Q3,2016-09-30,2016-11-03,60350
14176,ELETROPAULO METROP. ELET. SAO PAULO S.A.,2017Q1,2017-03-31,2017-05-05,64781
14176,ELETROPAULO METROP. ELET. SAO PAULO S.A.,2017Q2,2017-06-30,2017-08-07,67577
14176,ELETROPAULO METROP. ELET. SAO PAULO S.A.,2017Q3,2017-09-30,2017-11-01,69415
14176,ELETROPAULO METROP. ELET. SAO PAULO S.A.,2018Q1,2018-03-31,2018-05-15,74712
14176,ELETROPAULO METROP. ELET. SAO PAULO S.A.,2018Q2,2018-06-30,2018-08-02,76645
14176,ELETROPAULO METROP. ELET. SAO PAULO S.A.,2018Q3,2018-09-30,2018-10-30,78437
14176,ELETROPAULO METROP. ELET. SAO PAULO S.A.,2019Q1,2019-03-31,2019-04-25,82375
14176,ELETROPAULO METROP. ELET. SAO PAULO S.A.,2019Q2,2019-06-30,2019-07-30,85760
14176,ELETROPAULO METROP. ELET. SAO PAULO S.A.,2019Q3,2019-09-30,2019-10-25,88823
14176,ELETROPAULO METROP. ELET. SAO PAULO S.A.,2020Q1,2020-03-31,2020-04-30,92649
14176,ELETROPAULO METROP. ELET. SAO PAULO S.A.,2020Q2,2020-06-30,2020-07-27,95023
14176,ELETROPAULO METROP. ELET. SAO PAULO S.A.,2020Q3,2020-09-30,2020-11-03,97993
14176,ELETROPAULO METROP. ELET. SAO PAULO S.A.,2021Q1,2021-03-31,2021-04-30,103253
14176,ELETROPAULO METROP. ELET. SAO PAULO S.A.,2021Q2,2021-06-30,2021-07-27,106715
14176,ELETROPAULO METROP. ELET. SAO PAULO S.A.,2021Q3,2021-09-30,2021-10-26,109231
14176,ELETROPAULO METROP. ELET. SAO PAULO S.A.,2022Q1,2022-03-31,2022-04-29,114088
14176,ELETROPAULO METROP. ELET. SAO PAULO S.A.,2022Q2,2022-06-30,2022-07-26,118691
14176,ELETROPAULO METROP. ELET. SAO PAULO S.A.,2022Q3,2022-09-30,2022-10-26,121169
14176,ELETROPAULO METROP. ELET. SAO PAULO S.A.,2023Q1,2023-03-31,2023-04-26,125469
14176,ELETROPAULO METROP. ELET. SAO PAULO S.A.,2023Q2,2023-06-30,2023-07-25,129178
14176,ELETROPAULO METROP. ELET. SAO PAULO S.A.,2023Q3,2023-09-30,2023-10-25,131593
14176,ELETROPAULO METROP. ELET. SAO PAULO S.A.,2024Q1,2024-03-31,2024-04-29,136031
14176,ELETROPAULO METROP. ELET. SAO PAULO S.A.,2024Q2,2024-06-30,2024-08-23,141387
14176,ELETROPAULO METROP. ELET. SAO PAULO S.A.,2024Q3,2024-09-30,2024-10-28,142361
20087,EMBRAER S.A.,2015Q1,2015-03-31,2015-04-30,46238
20087,EMBRAER S.A.,2015Q2,2015-06-30,2015-07-30,49333
20087,EMBRAER S.A.,2015Q3,2015-09-30,2015-10-27,51106
20087,EMBRAER S.A.,2016Q1,2016-03-31,2016-05-31,57048
20087,EMBRAER S.A.,2016Q2,2016-06-30,2016-08-12,58964
20087,EMBRAER S.A.,2016Q3,2016-09-30,2016-10-31,60257
20087,EMBRAER S.A.,2017Q1,2017-03-31,2017-05-02,64535
20087,EMBRAER S.A.,2017Q2,2017-06-30,2017-07-28,67382
20087,EMBRAER S.A.,2017Q3,2017-09-30,2017-10-27,69302
20087,EMBRAER S.A.,2018Q1,2018-03-31,2018-04-27,73550
20087,EMBRAER S.A.,2018Q2,2018-06-30,2018-07-31,76583
20087,EMBRAER S.A.,2018Q3,2018-09-30,2018-10-30,78362
20087,EMBRAER S.A.,2019Q1,2019-03-31,2019-05-31,84371
20087,EMBRAER S.A.,2019Q2,2019-06-30,2019-08-14,86492
20087,EMBRAER S.A.,2019Q3,2019-09-30,2019-11-12,89272
20087,EMBRAER S.A.,2020Q1,2020-03-31,2020-06-01,93680
20087,EMBRAER S.A.,2020Q2,2020-06-30,2020-08-05,95660
20087,EMBRAER S.A.,2020Q3,2020-09-30,2020-11-10,98155
20087,EMBRAER S.A.,2021Q1,2021-03-31,2021-04-29,103155
20087,EMBRAER S.A.,2021Q2,2021-06-30,2021-08-13,107744
20087,EMBRAER S.A.,2021Q3,2021-09-30,2021-11-05,109446
20087,EMBRAER S.A.,2022Q1,2022-03-31,2022-04-28,114002
20087,EMBRAER S.A.,2022Q2,2022-06-30,2022-11-14,122006
20087,EMBRAER S.A.,2022Q3,2022-09-30,2022-11-14,122007
20087,EMBRAER S.A.,2023Q1,2023-03-31,2023-05-04,125719
20087,EMBRAER S.A.,2023Q2,2023-06-30,2023-08-14,130237
20087,EMBRAER S.A.,2023Q3,2023-09-30,2023-11-06,131776
20087,EMBRAER S.A.,2024Q1,2024-03-31,2024-05-07,136531
20087,EMBRAER S.A.,2024Q2,2024-06-30,2024-08-08,140556
20087,EMBRAER S.A.,2024Q3,2024-09-30,2024-11-08,142782
15253,ENERGISA S.A.,2015Q1,2015-03-31,2015-05-15,47453
15253,ENERGISA S.A.,2015Q2,2015-06-30,2015-08-14,50082
15253,ENERGISA S.A.,2015Q3,2015-09-30,2015-11-13,51861
15253,ENERGISA S.A.,2016Q1,2016-03-31,2016-07-05,57983
15253,ENERGISA S.A.,2016Q2,2016-06-30,2016-08-12,59112
15253,ENERGISA S.A.,2016Q3,2016-09-30,2016-11-11,60905
15253,ENERGISA S.A.,2017Q1,2017-03-31,2017-07-20,67237
15253,ENERGISA S.A.,2017Q2,2017-06-30,2017-08-18,68332
15253,ENERGISA S.A.,2017Q3,2017-09-30,2017-11-14,70056
15253,ENERGISA S.A.,2018Q1,2018-03-31,2018-05-10,74191
15253,ENERGISA S.A.,2018Q2,2018-06-30,2018-08-08,76822
15253,ENERGISA S.A.,2018Q3,2018-09-30,2018-11-08,78871
15253,ENERGISA S.A.,2019Q1,2019-03-31,2019-05-09,83071
15253,ENERGISA S.A.,2019Q2,2019-06-30,2019-08-08,86199
15253,ENERGISA S.A.,2019Q3,2019-09-30,2019-11-07,89145
15253,ENERGISA S.A.,2020Q1,2020-03-31,2021-05-17,104408
15253,ENERGISA S.A.,2020Q2,2020-06-30,2020-08-28,96652
15253,ENERGISA S.A.,2020Q3,2020-09-30,2020-11-12,98395
15253,ENERGISA S.A.,2021Q1,2021-03-31,2021-05-17,104419
15253,ENERGISA S.A.,2021Q2,2021-06-30,2021-08-12,107646
15253,ENERGISA S.A.,2021Q3,2021-09-30,2021-11-23,110397
15253,ENERGISA S.A.,2022Q1,2022-03-31,2022-05-12,114960
15253,ENERGISA S.A.,2022Q2,2022-06-30,2022-08-22,120169
15253,ENERGISA S.A.,2022Q3,2022-09-30,2022-11-11,121842
15253,ENERGISA S.A.,2023Q1,2023-03-31,2023-05-11,126412
15253,ENERGISA S.A.,2023Q2,2023-06-30,2023-08-10,130079
15253,ENERGISA S.A.,2023Q3,2023-09-30,2023-11-09,132147
15253,ENERGISA S.A.,2024Q1,2024-03-31,2024-08-14,141059
15253,ENERGISA S.A.,2024Q2,2024-06-30,2024-08-07,140526
15253,ENERGISA S.A.,2024Q3,2024-09-30,2024-11-14,143317
21237,ENEVA S.A,2015Q1,2015-03-31,2015-05-14,47257
21237,ENEVA S.A,2015Q2,2015-06-30,2015-08-13,49874
21237,ENEVA S.A,2015Q3,2015-09-30,2015-11-12,51699
21237,ENEVA S.A,2016Q1,2016-03-31,2016-05-12,56236
21237,ENEVA S.A,2016Q2,2016-06-30,2016-08-12,58968
21237,ENEVA S.A,2016Q3,2016-09-30,2016-11-11,60906
21237,ENEVA S.A,2017Q1,2017-03-31,2017-09-16,68727
21237,ENEVA S.A,2017Q2,2017-06-30,2017-09-16,68728
21237,ENEVA S.A,2017Q3,2017-09-30,2017-11-09,69653
21237,ENEVA S.A,2018Q1,2018-03-31,2018-05-10,74259
21237,ENEVA S.A,2018Q2,2018-06-30,2018-08-08,76813
21237,ENEVA S.A,2018Q3,2018-09-30,2018-11-08,78866
21237,ENEVA S.A,2019Q1,2019-03-31,2019-05-08,82950
21237,ENEVA S.A,2019Q2,2019-06-30,2019-08-14,86686
21237,ENEVA S.A,2019Q3,2019-09-30,2019-11-05,89032
21237,ENEVA S.A,2020Q1,2020-03-31,2020-05-15,93230
21237,ENEVA S.A,2020Q2,2020-06-30,2020-08-11,95900
21237,ENEVA S.A,2020Q3,2020-09-30,2020-11-12,98377
21237,ENEVA S.A,2021Q1,2021-03-31,2021-05-12,103937
21237,ENEVA S.A,2021Q2,2021-06-30,2021-09-30,108835
21237,ENEVA S.A,2021Q3,2021-09-30,2021-11-04,109434
21237,ENEVA S.A,2022Q1,2022-03-31,2022-05-12,115004
21237,ENEVA S.A,2022Q2,2022-06-30,2022-08-11,119591
21237,ENEVA S.A,2022Q3,2022-09-30,2022-11-10,121675
21237,ENEVA S.A,2023Q1,2023-03-31,2023-05-16,126895
21237,ENEVA S.A,2023Q2,2023-06-30,2023-08-10,130077
21237,ENEVA S.A,2023Q3,2023-09-30,2023-11-13,132404
21237,ENEVA S.A,2024Q1,2024-03-31,2024-05-14,137326
21237,ENEVA S.A,2024Q2,2024-06-30,2024-08-14,141087
21237,ENEVA S.A,2024Q3,2024-09-30,2024-11-12,143000
17329,ENGIE BRASIL ENERGIA S.A.,2015Q1,2015-03-31,2015-04-24,46127
17329,ENGIE BRASIL ENERGIA S.A.,2015Q2,2015-06-30,2015-07-24,49226
17329,ENGIE BRASIL ENERGIA S.A.,2015Q3,2015-09-30,2015-11-06,51374
17329,ENGIE BRASIL ENERGIA S.A.,2016Q1,2016-03-31,2016-05-05,55623
17329,ENGIE BRASIL ENERGIA S.A.,2016Q2,2016-06-30,2016-07-28,58322
17329,ENGIE BRASIL ENERGIA S.A.,2016Q3,2016-09-30,2016-10-27,60208
17329,ENGIE BRASIL ENERGIA S.A.,2017Q1,2017-03-31,2017-04-25,64408
17329,ENGIE BRASIL ENERGIA S.A.,2017Q2,2017-06-30,2017-07-27,67367
17329,ENGIE BRASIL ENERGIA S.A.,2017Q3,2017-09-30,2017-10-26,69296
17329,ENGIE BRASIL ENERGIA S.A.,2018Q1,2018-03-31,2018-04-19,73382
17329,ENGIE BRASIL ENERGIA S.A.,2018Q2,2018-06-30,2018-08-08,76795
17329,ENGIE BRASIL ENERGIA S.A.,2018Q3,2018-09-30,2018-10-31,78530
17329,ENGIE BRASIL ENERGIA S.A.,2019Q1,2019-03-31,2019-05-08,82911
17329,ENGIE BRASIL ENERGIA S.A.,2019Q2,2019-06-30,2019-08-06,86077
17329,ENGIE BRASIL ENERGIA S.A.,2019Q3,2019-09-30,2019-11-05,89019
17329,ENGIE BRASIL ENERGIA S.A.,2020Q1,2020-03-31,2020-06-24,94237
17329,ENGIE BRASIL ENERGIA S.A.,2020Q2,2020-06-30,2020-07-30,95223
17329,ENGIE BRASIL ENERGIA S.A.,2020Q3,2020-09-30,2020-11-05,98056
17329,ENGIE BRASIL ENERGIA S.A.,2021Q1,2021-03-31,2021-05-05,103410
17329,ENGIE BRASIL ENERGIA S.A.,2021Q2,2021-06-30,2021-08-05,107291
17329,ENGIE BRASIL ENERGIA S.A.,2021Q3,2021-09-30,2021-11-04,109436
17329,ENGIE BRASIL ENERGIA S.A.,2022Q1,2022-03-31,2022-05-05,114347
17329,ENGIE BRASIL ENERGIA S.A.,2022Q3,2022-09-30,2022-11-08,121465
17329,ENGIE BRASIL ENERGIA S.A.,2023Q1,2023-03-31,2023-05-04,125750
17329,ENGIE BRASIL ENERGIA S.A.,2023Q2,2023-06-30,2023-08-08,129823
17329,ENGIE BRASIL ENERGIA S.A.,2023Q3,2023-09-30,2023-11-06,131790
17329,ENGIE BRASIL ENERGIA S.A.,2024Q1,2024-03-31,2024-05-07,136615
17329,ENGIE BRASIL ENERGIA S.A.,2024Q2,2024-06-30,2024-08-07,140479
17329,ENGIE BRASIL ENERGIA S.A.,2024Q3,2024-09-30,2024-11-05,142559
20010,EQUATORIAL ENERGIA S.A.,2015Q1,2015-03-31,2015-05-07,46639
20010,EQUATORIAL ENERGIA S.A.,2015Q2,2015-06-30,2015-08-13,49898
20010,EQUATORIAL ENERGIA S.A.,2015Q3,2015-09-30,2015-11-03,51264
20010,EQUATORIAL ENERGIA S.A.,2016Q1,2016-03-31,2016-05-12,56267
20010,EQUATORIAL ENERGIA S.A.,2016Q2,2016-06-30,2016-08-11,58836
20010,EQUATORIAL ENERGIA S.A.,2016Q3,2016-09-30,2016-11-14,60929
20010,EQUATORIAL ENERGIA S.A.,2017Q1,2017-03-31,2017-05-09,65006
20010,EQUATORIAL ENERGIA S.A.,2017Q2,2017-06-30,2017-09-23,68810
20010,EQUATORIAL ENERGIA S.A.,2017Q3,2017-09-30,2017-11-09,69659
20010,EQUATORIAL ENERGIA S.A.,2018Q1,2018-03-31,2018-05-10,74267
20010,EQUATORIAL ENERGIA S.A.,2018Q2,2018-06-30,2018-08-09,76889
20010,EQUATORIAL ENERGIA S.A.,2018Q3,2018-09-30,2018-11-08,78859
20010,EQUATORIAL ENERGIA S.A.,2019Q1,2019-03-31,2019-05-15,83515
20010,EQUATORIAL ENERGIA S.A.,2019Q2,2019-06-30,2019-08-15,86759
20010,EQUATORIAL ENERGIA S.A.,2019Q3,2019-09-30,2019-11-14,89694
20010,EQUATORIAL S.A.,2020Q1,2020-03-31,2020-06-29,94447
20010,EQUATORIAL S.A.,2020Q2,2020-06-30,2020-08-20,96364
20010,EQUATORIAL S.A.,2020Q3,2020-09-30,2020-11-13,98426
20010,EQUATORIAL S.A.,2021Q1,2021-03-31,2021-05-12,103930
20010,EQUATORIAL S.A.,2021Q2,2021-06-30,2021-08-11,107542
20010,EQUATORIAL S.A.,2021Q3,2021-09-30,2021-11-10,109709
20010,EQUATORIAL S.A.,2022Q1,2022-03-31,2022-05-19,115572
20010,EQUATORIAL S.A.,2022Q2,2022-06-30,2022-08-10,119472
20010,EQUATORIAL S.A.,2022Q3,2022-09-30,2022-11-09,121589
20010,EQUATORIAL S.A.,2023Q1,2023-03-31,2023-05-12,126414
20010,EQUATORIAL S.A.,2023Q2,2023-06-30,2023-08-11,130118
20010,EQUATORIAL S.A.,2023Q3,2023-09-30,2023-11-08,131919
20010,EQUATORIAL S.A.,2024Q1,2024-03-31,2024-05-15,137571
20010,EQUATORIAL S.A.,2024Q2,2024-06-30,2024-08-14,141163
20010,EQUATORIAL S.A.,2024Q3,2024-09-30,2024-11-13,143145
20524,EVEN CONSTRUTORA E INCORPORADORA S.A.,2015Q1,2015-03-31,2015-05-07,46610
20524,EVEN CONSTRUTORA E INCORPORADORA S.A.,2015Q2,2015-06-30,2015-08-07,49534
20524,EVEN CONSTRUTORA E INCORPORADORA S.A.,2015Q3,2015-09-30,2015-12-07,52346
20524,EVEN CONSTRUTORA E INCORPORADORA S.A.,2016Q1,2016-03-31,2016-05-12,56118
20524,EVEN CONSTRUTORA E INCORPORADORA S.A.,2016Q2,2016-06-30,2016-08-11,58879
20524,EVEN CONSTRUTORA E INCORPORADORA S.A.,2016Q3,2016-09-30,2016-11-11,60747
20524,EVEN CONSTRUTORA E INCORPORADORA S.A.,2017Q1,2017-03-31,2017-05-15,65645
20524,EVEN CONSTRUTORA E INCORPORADORA S.A.,2017Q2,2017-06-30,2017-08-14,68090
20524,EVEN CONSTRUTORA E INCORPORADORA S.A.,2017Q3,2017-09-30,2017-11-13,69851
20524,EVEN CONSTRUTORA E INCORPORADORA S.A.,2018Q1,2018-03-31,2018-05-10,74228
20524,EVEN CONSTRUTORA E INCORPORADORA S.A.,2018Q2,2018-06-30,2018-08-13,77036
20524,EVEN CONSTRUTORA E INCORPORADORA S.A.,2018Q3,2018-09-30,2018-11-13,79130
20524,EVEN CONSTRUTORA E INCORPORADORA S.A.,2019Q1,2019-03-31,2019-05-09,83029
20524,EVEN CONSTRUTORA E INCORPORADORA S.A.,2019Q2,2019-06-30,2019-08-14,86590
20524,EVEN CONSTRUTORA E INCORPORADORA S.A.,2019Q3,2019-09-30,2019-11-12,89305
20524,EVEN CONSTRUTORA E INCORPORADORA S.A.,2020Q1,2020-03-31,2020-05-15,93216
20524,EVEN CONSTRUTORA E INCORPORADORA S.A.,2020Q2,2020-06-30,2020-07-30,95249
20524,EVEN CONSTRUTORA E INCORPORADORA S.A.,2020Q3,2020-09-30,2020-11-12,98419
20524,EVEN CONSTRUTORA E INCORPORADORA S.A.,2021Q1,2021-03-31,2021-05-13,104088
20524,EVEN CONSTRUTORA E INCORPORADORA S.A.,2021Q2,2021-06-30,2021-08-09,107385
20524,EVEN CONSTRUTORA E INCORPORADORA S.A.,2021Q3,2021-09-30,2021-11-10,109668
20524,EVEN CONSTRUTORA E INCORPORADORA S.A.,2022Q1,2022-03-31,2022-05-12,114970
20524,EVEN CONSTRUTORA E INCORPORADORA S.A.,2022Q2,2022-06-30,2022-08-15,119944
20524,EVEN CONSTRUTORA E INCORPORADORA S.A.,2022Q3,2022-09-30,2022-11-10,121707
20524,EVEN CONSTRUTORA E INCORPORADORA S.A.,2023Q1,2023-03-31,2023-05-15,126754
20524,EVEN CONSTRUTORA E INCORPORADORA S.A.,2023Q2,2023-06-30,2023-08-10,130072
20524,EVEN CONSTRUTORA E INCORPORADORA S.A.,2023Q3,2023-09-30,2023-11-13,132352
20524,EVEN CONSTRUTORA E INCORPORADORA S.A.,2024Q1,2024-03-31,2024-05-13,137188
20524,EVEN CONSTRUTORA E INCORPORADORA S.A.,2024Q2,2024-06-30,2024-08-14,141053
20524,EVEN CONSTRUTORA E INCORPORADORA S.A.,2024Q3,2024-09-30,2024-11-11,142868
20770,EZ TEC EMPREEND. E PARTICIPACOES S.A.,2015Q1,2015-03-31,2015-05-07,46628
20770,EZ TEC EMPREEND. E PARTICIPACOES S.A.,2015Q2,2015-06-30,2015-08-13,49884
20770,EZ TEC EMPREEND. E PARTICIPACOES S.A.,2015Q3,2015-09-30,2015-11-12,51708
20770,EZ TEC EMPREEND. E PARTICIPACOES S.A.,2016Q1,2016-03-31,2016-05-12,56248
20770,EZ TEC EMPREEND. E PARTICIPACOES S.A.,2016Q2,2016-06-30,2016-08-11,58874
20770,EZ TEC EMPREEND. E PARTICIPACOES S.A.,2016Q3,2016-09-30,2016-11-09,60564
20770,EZ TEC EMPREEND. E PARTICIPACOES S.A.,2017Q1,2017-03-31,2017-05-11,65298
20770,EZ TEC EMPREEND. E PARTICIPACOES S.A.,2017Q2,2017-06-30,2017-08-10,67819
20770,EZ TEC EMPREEND. E PARTICIPACOES S.A.,2017Q3,2017-09-30,2017-11-09,69665
20770,EZ TEC EMPREEND. E PARTICIPACOES S.A.,2018Q1,2018-03-31,2018-05-10,74271
20770,EZ TEC EMPREEND. E PARTICIPACOES S.A.,2018Q2,2018-06-30,2018-08-14,77091
20770,EZ TEC EMPREEND. E PARTICIPACOES S.A.,2018Q3,2018-09-30,2018-11-08,78862
20770,EZ TEC EMPREEND. E PARTICIPACOES S.A.,2019Q1,2019-03-31,2019-05-14,83487
20770,EZ TEC EMPREEND. E PARTICIPACOES S.A.,2019Q2,2019-06-30,2019-08-14,86691
20770,EZ TEC EMPREEND. E PARTICIPACOES S.A.,2019Q3,2019-09-30,2019-11-13,89484
20770,EZ TEC EMPREEND. E PARTICIPACOES S.A.,2020Q1,2020-03-31,2020-05-15,93184
20770,EZ TEC EMPREEND. E PARTICIPACOES S.A.,2020Q2,2020-06-30,2020-08-14,96115
20770,EZ TEC EMPREEND. E PARTICIPACOES S.A.,2020Q3,2020-09-30,2020-12-02,98987
20770,EZ TEC EMPREEND. E PARTICIPACOES S.A.,2021Q1,2021-03-31,2021-05-13,104094
20770,EZ TEC EMPREEND. E PARTICIPACOES S.A.,2021Q2,2021-06-30,2021-08-12,107672
20770,EZ TEC EMPREEND. E PARTICIPACOES S.A.,2021Q3,2021-09-30,2021-11-11,109810
20770,EZ TEC EMPREEND. E PARTICIPACOES S.A.,2022Q1,2022-03-31,2022-05-12,114944
20770,EZ TEC EMPREEND. E PARTICIPACOES S.A.,2022Q2,2022-06-30,2022-08-11,119537
20770,EZ TEC EMPREEND. E PARTICIPACOES S.A.,2022Q3,2022-09-30,2022-11-10,121730
20770,EZ TEC EMPREEND. E PARTICIPACOES S.A.,2023Q1,2023-03-31,2023-05-11,126357
20770,EZ TEC EMPREEND. E PARTICIPACOES S.A.,2023Q2,2023-06-30,2023-08-10,130017
20770,EZ TEC EMPREEND. E PARTICIPACOES S.A.,2023Q3,2023-09-30,2023-11-09,132039
20770,EZ TEC EMPREEND. E PARTICIPACOES S.A.,2024Q1,2024-03-31,2024-05-02,136138
20770,EZ TEC EMPREEND. E PARTICIPACOES S.A.,2024Q2,2024-06-30,2024-08-01,140338
20770,EZ TEC EMPREEND. E PARTICIPACOES S.A.,2024Q3,2024-09-30,2024-10-31,142461
12793,FIBRIA CELULOSE S.A.,2015Q1,2015-03-31,2015-04-24,46105
12793,FIBRIA CELULOSE S.A.,2015Q2,2015-06-30,2015-07-23,49193
12793,FIBRIA CELULOSE S.A.,2015Q3,2015-09-30,2015-10-23,51060
12793,FIBRIA CELULOSE S.A.,2016Q1,2016-03-31,2016-04-27,55280
12793,FIBRIA CELULOSE S.A.,2016Q2,2016-06-30,2016-07-25,58233
12793,FIBRIA CELULOSE S.A.,2016Q3,2016-09-30,2016-10-31,60259
12793,FIBRIA CELULOSE S.A.,2017Q1,2017-03-31,2017-04-25,64413
12793,FIBRIA CELULOSE S.A.,2017Q2,2017-06-30,2017-07-25,67279
12793,FIBRIA CELULOSE S.A.,2017Q3,2017-09-30,2017-10-24,69223
12793,FIBRIA CELULOSE S.A.,2018Q1,2018-03-31,2018-04-25,73480
12793,FIBRIA CELULOSE S.A.,2018Q2,2018-06-30,2018-07-25,76470
12793,FIBRIA CELULOSE S.A.,2018Q3,2018-09-30,2018-10-24,78247
21881,FLEURY S.A.,2015Q1,2015-03-31,2015-04-29,46217
21881,FLEURY S.A.,2015Q2,2015-06-30,2015-07-30,49344
21881,FLEURY S.A.,2015Q3,2015-09-30,2015-10-29,51192
21881,FLEURY S.A.,2016Q1,2016-03-31,2016-04-28,55356
21881,FLEURY S.A.,2016Q2,2016-06-30,2016-07-29,58345
21881,FLEURY S.A.,2016Q3,2016-09-30,2016-10-27,60210
21881,FLEURY S.A.,2017Q1,2017-03-31,2017-04-27,64489
21881,FLEURY S.A.,2017Q2,2017-06-30,2017-07-27,67358
21881,FLEURY S.A.,2017Q3,2017-09-30,2017-10-26,69300
21881,FLEURY S.A.,2018Q1,2018-03-31,2018-04-26,73530
21881,FLEURY S.A.,2018Q2,2018-06-30,2018-07-26,76501
21881,FLEURY S.A.,2018Q3,2018-09-30,2018-10-25,78290
21881,FLEURY S.A.,2019Q1,2019-03-31,2019-04-25,82401
21881,FLEURY S.A.,2019Q2,2019-06-30,2019-07-25,85584
21881,FLEURY S.A.,2019Q3,2019-09-30,2019-10-24,88795
21881,FLEURY S.A.,2020Q1,2020-03-31,2020-05-14,93127
21881,FLEURY S.A.,2020Q2,2020-06-30,2020-07-30,95255
21881,FLEURY S.A.,2020Q3,2020-09-30,2020-10-29,97943
21881,FLEURY S.A.,2021Q1,2021-03-31,2021-04-29,103174
21881,FLEURY S.A.,2021Q2,2021-06-30,2021-07-29,106830
21881,FLEURY S.A.,2021Q3,2021-09-30,2021-10-28,109282
21881,FLEURY S.A.,2022Q1,2022-03-31,2022-05-05,114365
21881,FLEURY S.A.,2022Q2,2022-06-30,2022-08-04,119228
21881,FLEURY S.A.,2022Q3,2022-09-30,2022-11-03,121315
21881,FLEURY S.A.,2023Q1,2023-03-31,2023-05-04,125748
21881,FLEURY S.A.,2023Q2,2023-06-30,2023-08-03,129713
21881,FLEURY S.A.,2023Q3,2023-09-30,2023-11-09,132023
21881,FLEURY S.A.,2024Q1,2024-03-31,2024-05-09,136849
21881,FLEURY S.A.,2024Q2,2024-06-30,2024-08-08,140583
21881,FLEURY S.A.,2024Q3,2024-09-30,2024-11-07,142698
16101,GAFISA S.A.,2015Q1,2015-03-31,2015-05-07,46630
16101,GAFISA S.A.,2015Q2,2015-06-30,2015-08-07,49563
16101,GAFISA S.A.,2015Q3,2015-09-30,2015-11-06,51386
16101,GAFISA S.A.,2016Q1,2016-03-31,2016-05-05,55652
16101,GAFISA S.A.,2016Q2,2016-06-30,2016-08-11,58852
16101,GAFISA S.A.,2016Q3,2016-09-30,2016-11-08,60464
16101,GAFISA S.A.,2017Q1,2017-03-31,2017-05-09,64997
16101,GAFISA S.A.,2017Q2,2017-06-30,2017-08-10,67782
16101,GAFISA S.A.,2017Q3,2017-09-30,2017-11-09,69655
16101,GAFISA S.A.,2018Q1,2018-03-31,2018-05-10,74242
16101,GAFISA S.A.,2018Q2,2018-06-30,2018-08-09,76881
16101,GAFISA S.A.,2018Q3,2018-09-30,2018-11-08,78857
16101,GAFISA S.A.,2019Q1,2019-03-31,2019-05-14,83507
16101,GAFISA S.A.,2019Q2,2019-06-30,2019-08-14,86614
16101,GAFISA S.A.,2019Q3,2019-09-30,2019-11-08,89153
16101,GAFISA S.A.,2020Q1,2020-03-31,2020-05-14,93159
16101,GAFISA S.A.,2020Q2,2020-06-30,2020-08-11,95904
16101,GAFISA S.A.,2020Q3,2020-09-30,2020-11-16,98713
16101,GAFISA S.A.,2021Q1,2021-03-31,2021-05-17,104476
16101,GAFISA S.A.,2021Q2,2021-06-30,2021-08-16,108084
16101,GAFISA S.A.,2021Q3,2021-09-30,2021-11-16,110209
16101,GAFISA S.A.,2022Q1,2022-03-31,2022-05-16,115426
16101,GAFISA S.A.,2022Q2,2022-06-30,2022-08-15,120024
16101,GAFISA S.A.,2022Q3,2022-09-30,2022-11-14,122154
16101,GAFISA S.A.,2023Q1,2023-03-31,2023-05-15,126847
16101,GAFISA S.A.,2023Q2,2023-06-30,2023-08-14,130391
16101,GAFISA S.A.,2023Q3,2023-09-30,2023-11-09,132149
16101,GAFISA S.A.,2024Q1,2024-03-31,2024-05-15,137546
16101,GAFISA S.A.,2024Q2,2024-06-30,2024-08-08,140646
16101,GAFISA S.A.,2024Q3,2024-09-30,2024-11-13,143194
3980,GERDAU S.A.,2015Q1,2015-03-31,2015-05-06,46440
3980,GERDAU S.A.,2015Q2,2015-06-30,2015-08-12,49717
3980,GERDAU S.A.,2015Q3,2015-09-30,2015-10-29,51175
3980,GERDAU S.A.,2016Q1,2016-03-31,2016-05-04,55517
3980,GERDAU S.A.,2016Q2,2016-06-30,2016-08-10,58640
3980,GERDAU S.A.,2016Q3,2016-09-30,2016-11-09,60480
3980,GERDAU S.A.,2017Q1,2017-03-31,2017-05-04,64658
3980,GERDAU S.A.,2017Q2,2017-06-30,2017-08-09,67626
3980,GERDAU S.A.,2017Q3,2017-09-30,2017-11-08,69544
3980,GERDAU S.A.,2018Q1,2018-03-31,2018-05-09,74000
3980,GERDAU S.A.,2018Q2,2018-06-30,2018-08-08,76769
3980,GERDAU S.A.,2018Q3,2018-09-30,2018-11-07,78738
3980,GERDAU S.A.,2019Q1,2019-03-31,2019-05-08,82859
3980,GERDAU S.A.,2019Q2,2019-06-30,2019-08-07,86103
3980,GERDAU S.A.,2019Q3,2019-09-30,2019-10-30,88885
3980,GERDAU S.A.,2020Q1,2020-03-31,2020-05-06,92716
3980,GERDAU S.A.,2020Q2,2020-06-30,2020-08-05,95662
3980,GERDAU S.A.,2020Q3,2020-09-30,2020-10-28,97901
3980,GERDAU S.A.,2021Q1,2021-03-31,2021-05-05,103385
3980,GERDAU S.A.,2021Q2,2021-06-30,2021-08-04,107243
3980,GERDAU S.A.,2021Q3,2021-09-30,2021-10-27,109233
3980,GERDAU S.A.,2022Q1,2022-03-31,2022-05-05,114304
3980,GERDAU S.A.,2022Q2,2022-06-30,2022-08-03,119174
3980,GERDAU S.A.,2022Q3,2022-09-30,2022-11-09,121502
3980,GERDAU S.A.,2023Q1,2023-03-31,2023-05-03,125642
3980,GERDAU S.A.,2023Q2,2023-06-30,2023-08-08,129833
3980,GERDAU S.A.,2023Q3,2023-09-30,2023-11-06,131808
3980,GERDAU S.A.,2024Q1,2024-03-31,2024-07-12,139605
3980,GERDAU S.A.,2024Q2,2024-06-30,2024-07-31,140244
3980,GERDAU S.A.,2024Q3,2024-09-30,2024-11-05,142555
19569,GOL LINHAS AEREAS INTELIGENTES S.A.,2015Q2,2015-06-30,2015-09-11,50551
19569,GOL LINHAS AEREAS INTELIGENTES S.A.,2015Q3,2015-09-30,2015-11-11,51551
19569,GOL LINHAS AEREAS INTELIGENTES S.A.,2016Q1,2016-03-31,2016-05-13,56516
19569,GOL LINHAS AEREAS INTELIGENTES S.A.,2016Q2,2016-06-30,2016-08-16,59227
19569,GOL LINHAS AEREAS INTELIGENTES S.A.,2016Q3,2016-09-30,2016-11-07,60393
19569,GOL LINHAS AEREAS INTELIGENTES S.A.,2017Q1,2017-03-31,2017-05-10,65019
19569,GOL LINHAS AEREAS INTELIGENTES S.A.,2017Q2,2017-06-30,2017-08-09,67624
19569,GOL LINHAS AEREAS INTELIGENTES S.A.,2017Q3,2017-09-30,2017-11-08,69547
19569,GOL LINHAS AEREAS INTELIGENTES S.A.,2018Q1,2018-03-31,2018-05-09,73999
19569,GOL LINHAS AEREAS INTELIGENTES S.A.,2018Q2,2018-06-30,2018-08-02,76627
19569,GOL LINHAS AEREAS INTELIGENTES S.A.,2018Q3,2018-09-30,2018-11-01,78570
19569,GOL LINHAS AEREAS INTELIGENTES S.A.,2019Q1,2019-03-31,2019-04-30,82501
19569,GOL LINHAS AEREAS INTELIGENTES S.A.,2019Q2,2019-06-30,2019-08-01,85961
19569,GOL LINHAS AEREAS INTELIGENTES S.A.,2019Q3,2019-09-30,2019-10-31,88919
19569,GOL LINHAS AEREAS INTELIGENTES S.A.,2020Q1,2020-03-31,2020-06-29,94452
19569,GOL LINHAS AEREAS INTELIGENTES S.A.,2020Q2,2020-06-30,2020-08-13,95986
19569,GOL LINHAS AEREAS INTELIGENTES S.A.,2020Q3,2020-09-30,2020-11-04,98013
19569,GOL LINHAS AEREAS INTELIGENTES S.A.,2021Q1,2021-03-31,2021-04-29,103156
19569,GOL LINHAS AEREAS INTELIGENTES S.A.,2021Q2,2021-06-30,2021-07-29,106782
19569,GOL LINHAS AEREAS INTELIGENTES S.A.,2021Q3,2021-09-30,2021-11-09,109536
19569,GOL LINHAS AEREAS INTELIGENTES S.A.,2022Q1,2022-03-31,2022-04-28,114001
19569,GOL LINHAS AEREAS INTELIGENTES S.A.,2022Q2,2022-06-30,2022-07-28,118752
19569,GOL LINHAS AEREAS INTELIGENTES S.A.,2022Q3,2022-09-30,2022-10-27,121182
19569,GOL LINHAS AEREAS INTELIGENTES S.A.,2023Q1,2023-03-31,2023-04-26,125437
19569,GOL LINHAS AEREAS INTELIGENTES S.A.,2023Q2,2023-06-30,2023-07-27,129242
19569,GOL LINHAS AEREAS INTELIGENTES S.A.,2023Q3,2023-09-30,2023-11-06,131777
19569,GOL LINHAS AEREAS INTELIGENTES S.A.,2024Q1,2024-03-31,2024-05-14,137349
19569,GOL LINHAS AEREAS INTELIGENTES S.A.,2024Q2,2024-06-30,2024-08-14,141187
19569,GOL LINHAS AEREAS INTELIGENTES S.A.,2024Q3,2024-09-30,2024-11-13,143016
6505,GRUPO CASAS BAHIA S.A.,2015Q1,2015-03-31,2016-10-26,60195
6505,GRUPO CASAS BAHIA S.A.,2015Q2,2015-06-30,2016-10-26,60196
6505,GRUPO CASAS BAHIA S.A.,2015Q3,2015-09-30,2016-10-26,60197
6505,GRUPO CASAS BAHIA S.A.,2016Q1,2016-03-31,2016-08-22,59326
6505,GRUPO CASAS BAHIA S.A.,2016Q2,2016-06-30,2016-08-10,58707
6505,GRUPO CASAS BAHIA S.A.,2016Q3,2016-09-30,2016-10-26,60200
6505,GRUPO CASAS BAHIA S.A.,2017Q1,2017-03-31,2017-04-26,64450
6505,GRUPO CASAS BAHIA S.A.,2017Q2,2017-06-30,2017-07-24,67277
6505,GRUPO CASAS BAHIA S.A.,2017Q3,2017-09-30,2017-10-25,69261
6505,GRUPO CASAS BAHIA S.A.,2018Q1,2018-03-31,2018-04-25,73505
6505,GRUPO CASAS BAHIA S.A.,2018Q2,2018-06-30,2018-07-23,76443
6505,GRUPO CASAS BAHIA S.A.,2018Q3,2018-09-30,2018-10-24,78262
6505,GRUPO CASAS BAHIA S.A.,2019Q1,2019-03-31,2019-08-14,86693
6505,GRUPO CASAS BAHIA S.A.,2019Q2,2019-06-30,2019-08-14,86706
6505,GRUPO CASAS BAHIA S.A.,2019Q3,2019-09-30,2019-11-13,89485
6505,GRUPO CASAS BAHIA S.A.,2020Q1,2020-03-31,2020-05-26,93416
6505,GRUPO CASAS BAHIA S.A.,2020Q2,2020-06-30,2020-08-12,95976
6505,GRUPO CASAS BAHIA S.A.,2020Q3,2020-09-30,2020-11-11,98272
6505,GRUPO CASAS BAHIA S.A.,2021Q1,2021-03-31,2021-05-12,103956
6505,GRUPO CASAS BAHIA S.A.,2021Q2,2021-06-30,2021-08-11,107539
6505,GRUPO CASAS BAHIA S.A.,2021Q3,2021-09-30,2021-11-10,109697
6505,GRUPO CASAS BAHIA S.A.,2022Q1,2022-03-31,2022-05-09,114573
6505,GRUPO CASAS BAHIA S.A.,2022Q2,2022-06-30,2022-08-11,119622
6505,GRUPO CASAS BAHIA S.A.,2022Q3,2022-09-30,2022-11-10,121804
6505,GRUPO CASAS BAHIA S.A.,2023Q1,2023-03-31,2023-05-04,125760
6505,GRUPO CASAS BAHIA S.A.,2023Q2,2023-06-30,2023-08-10,130067
6505,GRUPO CASAS BAHIA S.A.,2023Q3,2023-09-30,2023-11-08,131962
6505,GRUPO CASAS BAHIA S.A.,2024Q1,2024-03-31,2024-05-08,136739
6505,GRUPO CASAS BAHIA S.A.,2024Q2,2024-06-30,2024-08-07,140548
6505,GRUPO CASAS BAHIA S.A.,2024Q3,2024-09-30,2024-11-13,143182
25011,GRUPO DE MODA SOMA S.A.,2020Q1,2020-03-31,2020-07-24,93878
25011,GRUPO DE MODA SOMA S.A.,2020Q2,2020-06-30,2020-08-28,96595
25011,GRUPO DE MODA SOMA S.A.,2020Q3,2020-09-30,2020-11-12,98423
25011,GRUPO DE MODA SOMA S.A.,2021Q1,2021-03-31,2021-05-13,104147
25011,GRUPO DE MODA SOMA S.A.,2021Q2,2021-06-30,2021-08-12,107668
25011,GRUPO DE MODA SOMA S.A.,2021Q3,2021-09-30,2021-11-11,109856
25011,GRUPO DE MODA SOMA S.A.,2022Q1,2022-03-31,2022-05-12,114850
25011,GRUPO DE MODA SOMA S.A.,2022Q2,2022-06-30,2022-08-10,119450
25011,GRUPO DE MODA SOMA S.A.,2022Q3,2022-09-30,2022-11-10,121760
25011,GRUPO DE MODA SOMA S.A.,2023Q1,2023-03-31,2023-05-04,125751
25011,GRUPO DE MODA SOMA S.A.,2023Q2,2023-06-30,2023-08-09,129944
25011,GRUPO DE MODA SOMA S.A.,2023Q3,2023-09-30,2023-11-08,131942
25011,GRUPO DE MODA SOMA S.A.,2024Q1,2024-03-31,2024-05-08,136677
24392,HAPVIDA PARTICIPAÇÕES E INVESTIMENTOS S.A.,2018Q1,2018-03-31,2018-05-16,74840
24392,HAPVIDA PARTICIPAÇÕES E INVESTIMENTOS S.A.,2018Q2,2018-06-30,2018-08-15,77394
24392,HAPVIDA PARTICIPAÇÕES E INVESTIMENTOS S.A.,2018Q3,2018-09-30,2018-11-14,79337
24392,HAPVIDA PARTICIPAÇÕES E INVESTIMENTOS S.A.,2019Q1,2019-03-31,2019-05-08,82960
24392,HAPVIDA PARTICIPAÇÕES E INVESTIMENTOS S.A.,2019Q2,2019-06-30,2019-08-13,86486
24392,HAPVIDA PARTICIPAÇÕES E INVESTIMENTOS S.A.,2019Q3,2019-09-30,2019-11-13,89438
24392,HAPVIDA PARTICIPAÇÕES E INVESTIMENTOS S.A.,2020Q1,2020-03-31,2020-05-20,93315
24392,HAPVIDA PARTICIPAÇÕES E INVESTIMENTOS S.A.,2020Q2,2020-06-30,2020-08-13,96024
24392,HAPVIDA PARTICIPAÇÕES E INVESTIMENTOS S.A.,2020Q3,2020-09-30,2020-11-12,98321
24392,HAPVIDA PARTICIPAÇÕES E INVESTIMENTOS S.A.,2021Q1,2021-03-31,2021-05-12,103894
24392,HAPVIDA PARTICIPAÇÕES E INVESTIMENTOS S.A.,2021Q2,2021-06-30,2021-08-11,107512
24392,HAPVIDA PARTICIPAÇÕES E INVESTIMENTOS S.A.,2021Q3,2021-09-30,2021-11-11,109834
24392,HAPVIDA PARTICIPAÇÕES E INVESTIMENTOS S.A.,2022Q1,2022-03-31,2022-05-16,115338
24392,HAPVIDA PARTICIPAÇÕES E INVESTIMENTOS S.A.,2022Q2,2022-06-30,2022-08-11,119556
24392,HAPVIDA PARTICIPAÇÕES E INVESTIMENTOS S.A.,2022Q3,2022-09-30,2022-11-09,121565
24392,HAPVIDA PARTICIPAÇÕES E INVESTIMENTOS S.A.,2023Q1,2023-03-31,2024-11-29,143593
24392,HAPVIDA PARTICIPAÇÕES E INVESTIMENTOS S.A.,2023Q2,2023-06-30,2024-11-29,143594
24392,HAPVIDA PARTICIPAÇÕES E INVESTIMENTOS S.A.,2023Q3,2023-09-30,2024-11-29,143595
24392,HAPVIDA PARTICIPAÇÕES E INVESTIMENTOS S.A.,2024Q1,2024-03-31,2024-05-21,137769
24392,HAPVIDA PARTICIPAÇÕES E INVESTIMENTOS S.A.,2024Q2,2024-06-30,2024-08-19,141282
24392,HAPVIDA PARTICIPAÇÕES E INVESTIMENTOS S.A.,2024Q3,2024-09-30,2024-11-12,142969
21431,HYPERA S.A.,2015Q1,2015-03-31,2015-04-24,46131
21431,HYPERA S.A.,2015Q2,2015-06-30,2015-07-24,49227
21431,HYPERA S.A.,2015Q3,2015-09-30,2015-10-30,51221
21431,HYPERA S.A.,2016Q1,2016-03-31,2016-04-27,55277
21431,HYPERA S.A.,2016Q2,2016-06-30,2016-07-22,58230
21431,HYPERA S.A.,2016Q3,2016-09-30,2016-10-28,60250
21431,HYPERA S.A.,2017Q1,2017-03-31,2017-04-28,64526
21431,HYPERA S.A.,2017Q2,2017-06-30,2017-07-28,67402
21431,HYPERA S.A.,2017Q3,2017-09-30,2017-10-27,69326
21431,HYPERA S.A.,2018Q1,2018-03-31,2018-04-26,73548
21431,HYPERA S.A.,2018Q2,2018-06-30,2018-07-27,76539
21431,HYPERA S.A.,2018Q3,2018-09-30,2018-10-26,78330
21431,HYPERA S.A.,2019Q1,2019-03-31,2019-04-26,82439
21431,HYPERA S.A.,2019Q2,2019-06-30,2019-07-26,85629
21431,HYPERA S.A.,2019Q3,2019-09-30,2019-10-25,88825
21431,HYPERA S.A.,2020Q1,2020-03-31,2020-04-24,92510
21431,HYPERA S.A.,2020Q2,2020-06-30,2020-07-24,94979
21431,HYPERA S.A.,2020Q3,2020-09-30,2020-10-23,97841
21431,HYPERA S.A.,2021Q1,2021-03-31,2021-04-23,103053
21431,HYPERA S.A.,2021Q2,2021-06-30,2021-07-23,106632
21431,HYPERA S.A.,2021Q3,2021-09-30,2021-10-22,109149
21431,HYPERA S.A.,2022Q1,2022-03-31,2022-04-28,114041
21431,HYPERA S.A.,2022Q2,2022-06-30,2022-07-28,118799
21431,HYPERA S.A.,2022Q3,2022-09-30,2022-10-27,121197
21431,HYPERA S.A.,2023Q1,2023-03-31,2023-04-27,125497
21431,HYPERA S.A.,2023Q2,2023-06-30,2023-07-27,129268
21431,HYPERA S.A.,2023Q3,2023-09-30,2023-10-26,131628
21431,HYPERA S.A.,2024Q1,2024-03-31,2024-04-26,135994
21431,HYPERA S.A.,2024Q2,2024-06-30,2024-07-25,139892
21431,HYPERA S.A.,2024Q3,2024-09-30,2024-11-13,143108
20494,IGUATEMI EMPRESA DE SHOPPING CENTERS S.A,2015Q1,2015-03-31,2015-05-11,46844
20494,IGUATEMI EMPRESA DE SHOPPING CENTERS S.A,2015Q2,2015-06-30,2015-08-10,49609
20494,IGUATEMI EMPRESA DE SHOPPING CENTERS S.A,2015Q3,2015-09-30,2015-11-10,51472
20494,IGUATEMI EMPRESA DE SHOPPING CENTERS S.A,2016Q1,2016-03-31,2016-05-10,55964
20494,IGUATEMI EMPRESA DE SHOPPING CENTERS S.A,2016Q2,2016-06-30,2016-08-09,58617
20494,IGUATEMI EMPRESA DE SHOPPING CENTERS S.A,2016Q3,2016-09-30,2016-11-08,60457
20494,IGUATEMI EMPRESA DE SHOPPING CENTERS S.A,2017Q1,2017-03-31,2017-05-09,64948
20494,IGUATEMI EMPRESA DE SHOPPING CENTERS S.A,2017Q2,2017-06-30,2017-08-08,67608
20494,IGUATEMI EMPRESA DE SHOPPING CENTERS S.A,2017Q3,2017-09-30,2017-11-07,69535
20494,IGUATEMI EMPRESA DE SHOPPING CENTERS S.A,2018Q1,2018-03-31,2018-05-08,73944
20494,IGUATEMI EMPRESA DE SHOPPING CENTERS S.A,2018Q2,2018-06-30,2018-08-07,76751
20494,IGUATEMI EMPRESA DE SHOPPING CENTERS S.A,2018Q3,2018-09-30,2018-11-06,78688
20494,IGUATEMI EMPRESA DE SHOPPING CENTERS S.A,2019Q1,2019-03-31,2019-05-07,82821
20494,IGUATEMI EMPRESA DE SHOPPING CENTERS S.A,2019Q2,2019-06-30,2019-08-06,86088
20494,IGUATEMI EMPRESA DE SHOPPING CENTERS S.A,2019Q3,2019-09-30,2019-11-07,89128
20494,IGUATEMI EMPRESA DE SHOPPING CENTERS S.A,2020Q1,2020-03-31,2020-05-26,93434
20494,IGUATEMI EMPRESA DE SHOPPING CENTERS S.A,2020Q2,2020-06-30,2020-08-04,95646
20494,IGUATEMI EMPRESA DE SHOPPING CENTERS S.A,2020Q3,2020-09-30,2020-11-05,98057
20494,IGUATEMI EMPRESA DE SHOPPING CENTERS S.A,2021Q1,2021-03-31,2021-05-04,103366
20494,IGUATEMI EMPRESA DE SHOPPING CENTERS S.A,2021Q2,2021-06-30,2021-08-09,107390
20494,IGUATEMI EMPRESA DE SHOPPING CENTERS S.A,2021Q3,2021-09-30,2021-11-09,109611
20494,IGUATEMI EMPRESA DE SHOPPING CENTERS S.A,2022Q1,2022-03-31,2022-05-03,114211
20494,IGUATEMI EMPRESA DE SHOPPING CENTERS S.A,2022Q2,2022-06-30,2022-08-02,119169
20494,IGUATEMI EMPRESA DE SHOPPING CENTERS S.A,2022Q3,2022-09-30,2022-11-08,121474
20494,IGUATEMI EMPRESA DE SHOPPING CENTERS S.A,2023Q1,2023-03-31,2023-05-02,125622
20494,IGUATEMI EMPRESA DE SHOPPING CENTERS S.A,2023Q2,2023-06-30,2023-08-01,129665
20494,IGUATEMI EMPRESA DE SHOPPING CENTERS S.A,2023Q3,2023-09-30,2023-11-07,131864
20494,IGUATEMI EMPRESA DE SHOPPING CENTERS S.A,2024Q1,2024-03-31,2024-05-02,136148
20494,IGUATEMI EMPRESA DE SHOPPING CENTERS S.A,2024Q2,2024-06-30,2024-08-06,140441
20494,IGUATEMI EMPRESA DE SHOPPING CENTERS S.A,2024Q3,2024-09-30,2024-11-05,142565
8672,IGUATEMI S.A.,2015Q1,2015-03-31,2015-05-14,47187
8672,IGUATEMI S.A.,2015Q2,2015-06-30,2015-08-14,50179
8672,IGUATEMI S.A.,2015Q3,2015-09-30,2015-11-15,51978
8672,IGUATEMI S.A.,2016Q1,2016-03-31,2016-05-13,56511
8672,IGUATEMI S.A.,2016Q2,2016-06-30,2016-08-12,59057
8672,IGUATEMI S.A.,2016Q3,2016-09-30,2016-11-10,60679
8672,IGUATEMI S.A.,2017Q1,2017-03-31,2017-05-11,65295
8672,IGUATEMI S.A.,2017Q2,2017-06-30,2017-08-10,67784
8672,IGUATEMI S.A.,2017Q3,2017-09-30,2017-11-13,69824
8672,IGUATEMI S.A.,2018Q1,2018-03-31,2018-05-10,74189
8672,IGUATEMI S.A.,2018Q2,2018-06-30,2018-08-08,76812
8672,IGUATEMI S.A.,2018Q3,2018-09-30,2018-11-13,79112
8672,IGUATEMI S.A.,2019Q1,2019-03-31,2019-05-14,83456
8672,IGUATEMI S.A.,2019Q2,2019-06-30,2019-08-12,86335
8672,IGUATEMI S.A.,2019Q3,2019-09-30,2019-11-12,89302
8672,IGUATEMI S.A.,2020Q1,2020-03-31,2020-06-04,93816
8672,IGUATEMI S.A.,2020Q2,2020-06-30,2020-08-11,95905
8672,IGUATEMI S.A.,2020Q3,2020-09-30,2020-11-12,98320
8672,IGUATEMI S.A.,2021Q1,2021-03-31,2021-05-13,104090
8672,IGUATEMI S.A.,2021Q2,2021-06-30,2021-08-12,107678
8672,IGUATEMI S.A.,2021Q3,2021-09-30,2021-11-10,109693
8672,IGUATEMI S.A.,2022Q1,2022-03-31,2022-05-09,114520
8672,IGUATEMI S.A.,2022Q2,2022-06-30,2022-09-13,120552
8672,IGUATEMI S.A.,2022Q3,2022-09-30,2022-11-08,121469
8672,IGUATEMI S.A.,2023Q1,2023-03-31,2023-05-02,125623
8672,IGUATEMI S.A.,2023Q2,2023-06-30,2023-08-01,129664
8672,IGUATEMI S.A.,2023Q3,2023-09-30,2023-11-07,131863
8672,IGUATEMI S.A.,2024Q1,2024-03-31,2024-05-02,136147
8672,IGUATEMI S.A.,2024Q2,2024-06-30,2024-08-06,140439
8672,IGUATEMI S.A.,2024Q3,2024-09-30,2024-11-05,142563
18376,ISA ENERGIA BRASIL,2020Q1,2020-03-31,2020-04-29,92601
18376,ISA ENERGIA BRASIL,2020Q2,2020-06-30,2020-07-30,95222
18376,ISA ENERGIA BRASIL,2020Q3,2020-09-30,2020-10-29,97951
18376,ISA ENERGIA BRASIL,2021Q1,2021-03-31,2021-04-29,103180
18376,ISA ENERGIA BRASIL,2021Q2,2021-06-30,2021-07-29,106832
18376,ISA ENERGIA BRASIL,2021Q3,2021-09-30,2021-10-28,109292
18376,ISA ENERGIA BRASIL,2022Q1,2022-03-31,2022-05-03,114193
18376,ISA ENERGIA BRASIL,2022Q2,2022-06-30,2022-07-28,118800
18376,ISA ENERGIA BRASIL,2022Q3,2022-09-30,2022-10-27,121191
18376,ISA ENERGIA BRASIL,2023Q1,2023-03-31,2023-05-02,125610
18376,ISA ENERGIA BRASIL,2023Q2,2023-06-30,2023-07-31,129609
18376,ISA ENERGIA BRASIL,2023Q3,2023-09-30,2023-10-30,131673
18376,ISA ENERGIA BRASIL,2024Q1,2024-03-31,2024-04-30,136067
18376,ISA ENERGIA BRASIL,2024Q2,2024-06-30,2024-07-31,140241
18376,ISA ENERGIA BRASIL,2024Q3,2024-09-30,2024-10-30,142435
20605,JHSF PARTICIPACOES S.A.,2015Q1,2015-03-31,2015-05-11,46854
20605,JHSF PARTICIPACOES S.A.,2015Q2,2015-06-30,2015-08-13,49849
20605,JHSF PARTICIPACOES S.A.,2015Q3,2015-09-30,2015-11-12,51694
20605,JHSF PARTICIPACOES S.A.,2016Q1,2016-03-31,2016-05-16,56565
20605,JHSF PARTICIPACOES S.A.,2016Q2,2016-06-30,2016-08-16,59228
20605,JHSF PARTICIPACOES S.A.,2016Q3,2016-09-30,2016-11-15,61054
20605,JHSF PARTICIPACOES S.A.,2017Q1,2017-03-31,2017-05-15,65744
20605,JHSF PARTICIPACOES S.A.,2017Q2,2017-06-30,2017-08-14,68070
20605,JHSF PARTICIPACOES S.A.,2017Q3,2017-09-30,2017-11-10,69755
20605,JHSF PARTICIPACOES S.A.,2018Q1,2018-03-31,2018-05-14,74502
20605,JHSF PARTICIPACOES S.A.,2018Q2,2018-06-30,2018-08-09,76854
20605,JHSF PARTICIPACOES S.A.,2018Q3,2018-09-30,2018-11-08,78856
20605,JHSF PARTICIPACOES S.A.,2019Q1,2019-03-31,2019-05-07,82789
20605,JHSF PARTICIPACOES S.A.,2019Q2,2019-06-30,2019-08-21,86932
20605,JHSF PARTICIPACOES S.A.,2019Q3,2019-09-30,2019-10-30,88914
20605,JHSF PARTICIPACOES S.A.,2020Q1,2020-03-31,2020-05-14,93099
20605,JHSF PARTICIPACOES S.A.,2020Q2,2020-06-30,2020-08-13,96009
20605,JHSF PARTICIPACOES S.A.,2020Q3,2020-09-30,2020-11-05,98070
20605,JHSF PARTICIPACOES S.A.,2021Q1,2021-03-31,2021-05-06,103476
20605,JHSF PARTICIPACOES S.A.,2021Q2,2021-06-30,2021-08-24,108249
20605,JHSF PARTICIPACOES S.A.,2021Q3,2021-09-30,2021-11-04,109423
20605,JHSF PARTICIPACOES S.A.,2022Q1,2022-03-31,2022-05-12,114993
20605,JHSF PARTICIPACOES S.A.,2022Q2,2022-06-30,2022-08-12,119694
20605,JHSF PARTICIPACOES S.A.,2022Q3,2022-09-30,2022-11-11,121836
20605,JHSF PARTICIPACOES S.A.,2023Q1,2023-03-31,2023-05-16,126879
20605,JHSF PARTICIPACOES S.A.,2023Q2,2023-06-30,2023-08-15,130459
20605,JHSF PARTICIPACOES S.A.,2023Q3,2023-09-30,2023-11-14,132651
20605,JHSF PARTICIPACOES S.A.,2024Q1,2024-03-31,2024-05-14,137375
20605,JHSF PARTICIPACOES S.A.,2024Q2,2024-06-30,2024-08-14,141217
20605,JHSF PARTICIPACOES S.A.,2024Q3,2024-09-30,2024-11-14,143365
12653,KLABIN S.A.,2015Q1,2015-03-31,2015-04-27,46135
12653,KLABIN S.A.,2015Q2,2015-06-30,2015-07-27,49232
12653,KLABIN S.A.,2015Q3,2015-09-30,2015-10-26,51082
12653,KLABIN S.A.,2016Q1,2016-03-31,2016-09-06,59514
12653,KLABIN S.A.,2016Q2,2016-06-30,2016-09-06,59516
12653,KLABIN S.A.,2016Q3,2016-09-30,2016-11-09,60490
12653,KLABIN S.A.,2017Q1,2017-03-31,2017-05-15,65483
12653,KLABIN S.A.,2017Q2,2017-06-30,2017-08-09,67633
12653,KLABIN S.A.,2017Q3,2017-09-30,2017-12-19,70558
12653,KLABIN S.A.,2018Q1,2018-03-31,2018-04-26,73510
12653,KLABIN S.A.,2018Q2,2018-06-30,2018-10-18,78158
12653,KLABIN S.A.,2018Q3,2018-09-30,2018-10-29,78333
12653,KLABIN S.A.,2019Q1,2019-03-31,2019-05-21,83930
12653,KLABIN S.A.,2019Q2,2019-06-30,2019-08-05,86034
12653,KLABIN S.A.,2019Q3,2019-09-30,2019-10-28,88829
12653,KLABIN S.A.,2020Q1,2020-03-31,2020-05-11,92895
12653,KLABIN S.A.,2020Q2,2020-06-30,2020-10-28,97906
12653,KLABIN S.A.,2020Q3,2020-09-30,2020-10-28,97907
12653,KLABIN S.A.,2021Q1,2021-03-31,2021-05-14,104228
12653,KLABIN S.A.,2021Q2,2021-06-30,2021-08-11,107485
12653,KLABIN S.A.,2021Q3,2021-09-30,2021-10-26,109206
12653,KLABIN S.A.,2022Q1,2022-03-31,2022-05-03,114151
12653,KLABIN S.A.,2022Q2,2022-06-30,2022-07-27,118698
12653,KLABIN S.A.,2022Q3,2022-09-30,2022-10-26,121163
12653,KLABIN S.A.,2023Q1,2023-03-31,2023-05-03,125641
12653,KLABIN S.A.,2023Q2,2023-06-30,2023-08-01,129649
12653,KLABIN S.A.,2023Q3,2023-09-30,2023-10-25,131576
12653,KLABIN S.A.,2024Q1,2024-03-31,2024-04-25,135923
12653,KLABIN S.A.,2024Q2,2024-06-30,2024-07-30,140000
12653,KLABIN S.A.,2024Q3,2024-09-30,2024-11-07,142772
19879,LIGHT S.A. - EM RECUPERAÇÃO JUDICIAL,2015Q1,2015-03-31,2015-05-08,46729
19879,LIGHT S.A. - EM RECUPERAÇÃO JUDICIAL,2015Q2,2015-06-30,2015-08-12,49747
19879,LIGHT S.A. - EM RECUPERAÇÃO JUDICIAL,2015Q3,2015-09-30,2015-11-12,51678
19879,LIGHT S.A. - EM RECUPERAÇÃO JUDICIAL,2016Q1,2016-03-31,2017-03-23,63494
19879,LIGHT S.A. - EM RECUPERAÇÃO JUDICIAL,2016Q2,2016-06-30,2017-03-23,63498
19879,LIGHT S.A. - EM RECUPERAÇÃO JUDICIAL,2016Q3,2016-09-30,2017-03-23,63500
19879,LIGHT S.A. - EM RECUPERAÇÃO JUDICIAL,2017Q1,2017-03-31,2017-05-15,65741
19879,LIGHT S.A. - EM RECUPERAÇÃO JUDICIAL,2017Q2,2017-06-30,2017-08-10,67786
19879,LIGHT S.A. - EM RECUPERAÇÃO JUDICIAL,2017Q3,2017-09-30,2017-11-14,70025
19879,LIGHT S.A. - EM RECUPERAÇÃO JUDICIAL,2018Q1,2018-03-31,2018-05-14,74526
19879,LIGHT S.A. - EM RECUPERAÇÃO JUDICIAL,2018Q2,2018-06-30,2018-08-22,77557
19879,LIGHT S.A. - EM RECUPERAÇÃO JUDICIAL,2018Q3,2018-09-30,2018-11-12,79018
19879,LIGHT S.A. - EM RECUPERAÇÃO JUDICIAL,2019Q1,2019-03-31,2019-05-15,83780
19879,LIGHT S.A. - EM RECUPERAÇÃO JUDICIAL,2019Q2,2019-06-30,2019-08-15,86808
19879,LIGHT S.A. - EM RECUPERAÇÃO JUDICIAL,2019Q3,2019-09-30,2019-11-13,89465
19879,LIGHT S.A. - EM RECUPERAÇÃO JUDICIAL,2020Q1,2020-03-31,2020-05-07,92816
19879,LIGHT S.A. - EM RECUPERAÇÃO JUDICIAL,2020Q2,2020-06-30,2020-08-13,96082
19879,LIGHT S.A. - EM RECUPERAÇÃO JUDICIAL,2020Q3,2020-09-30,2020-11-12,98392
19879,LIGHT S.A. - EM RECUPERAÇÃO JUDICIAL,2021Q1,2021-03-31,2021-05-13,104105
19879,LIGHT S.A. - EM RECUPERAÇÃO JUDICIAL,2021Q2,2021-06-30,2021-08-12,107730
19879,LIGHT S.A. - EM RECUPERAÇÃO JUDICIAL,2021Q3,2021-09-30,2021-11-24,110444
19879,LIGHT S.A. - EM RECUPERAÇÃO JUDICIAL,2022Q1,2022-03-31,2022-05-12,114991
19879,LIGHT S.A. - EM RECUPERAÇÃO JUDICIAL,2022Q2,2022-06-30,2022-08-11,119688
19879,LIGHT S.A. - EM RECUPERAÇÃO JUDICIAL,2022Q3,2022-09-30,2022-11-11,121963
19879,LIGHT S.A. - EM RECUPERAÇÃO JUDICIAL,2023Q1,2023-03-31,2023-05-15,126826
19879,LIGHT S.A. - EM RECUPERAÇÃO JUDICIAL,2023Q2,2023-06-30,2023-08-10,130101
19879,LIGHT S.A. - EM RECUPERAÇÃO JUDICIAL,2023Q3,2023-09-30,2023-11-09,132157
19879,LIGHT S.A. - EM RECUPERAÇÃO JUDICIAL,2024Q1,2024-03-31,2024-05-15,137550
19879,LIGHT S.A. - EM RECUPERAÇÃO JUDICIAL,2024Q2,2024-06-30,2024-08-14,141101
19879,LIGHT S.A. - EM RECUPERAÇÃO JUDICIAL,2024Q3,2024-09-30,2024-11-13,143170
19739,LOCALIZA RENT A CAR S.A.,2015Q1,2015-03-31,2015-04-24,46130
19739,LOCALIZA RENT A CAR S.A.,2015Q2,2015-06-30,2015-07-23,49206
19739,LOCALIZA RENT A CAR S.A.,2015Q3,2015-09-30,2015-10-22,51059
19739,LOCALIZA RENT A CAR S.A.,2016Q1,2016-03-31,2016-04-25,55249
19739,LOCALIZA RENT A CAR S.A.,2016Q2,2016-06-30,2016-07-21,58222
19739,LOCALIZA RENT A CAR S.A.,2016Q3,2016-09-30,2016-10-20,60120
19739,LOCALIZA RENT A CAR S.A.,2017Q1,2017-03-31,2017-04-26,64451
19739,LOCALIZA RENT A CAR S.A.,2017Q2,2017-06-30,2017-07-20,67238
19739,LOCALIZA RENT A CAR S.A.,2017Q3,2017-09-30,2017-11-06,69478
19739,LOCALIZA RENT A CAR S.A.,2018Q1,2018-03-31,2018-04-26,73547
19739,LOCALIZA RENT A CAR S.A.,2018Q2,2018-06-30,2018-07-26,76513
19739,LOCALIZA RENT A CAR S.A.,2018Q3,2018-09-30,2018-10-24,78258
19739,LOCALIZA RENT A CAR S.A.,2019Q1,2019-03-31,2019-04-25,82409
19739,LOCALIZA RENT A CAR S.A.,2019Q2,2019-06-30,2019-08-01,85981
19739,LOCALIZA RENT A CAR S.A.,2019Q3,2019-09-30,2019-10-23,88769
19739,LOCALIZA RENT A CAR S.A.,2020Q1,2020-03-31,2020-05-14,93132
19739,LOCALIZA RENT A CAR S.A.,2020Q2,2020-06-30,2020-07-29,95144
19739,LOCALIZA RENT A CAR S.A.,2020Q3,2020-09-30,2020-10-27,97894
19739,LOCALIZA RENT A CAR S.A.,2021Q1,2021-03-31,2021-05-03,103329
19739,LOCALIZA RENT A CAR S.A.,2021Q2,2021-06-30,2021-07-29,106843
19739,LOCALIZA RENT A CAR S.A.,2021Q3,2021-09-30,2021-11-09,109609
19739,LOCALIZA RENT A CAR S.A.,2022Q1,2022-03-31,2022-05-02,114134
19739,LOCALIZA RENT A CAR S.A.,2022Q2,2022-06-30,2022-08-11,119675
19739,LOCALIZA RENT A CAR S.A.,2022Q3,2022-09-30,2022-12-16,122620
19739,LOCALIZA RENT A CAR S.A.,2023Q1,2023-03-31,2023-05-15,126733
19739,LOCALIZA RENT A CAR S.A.,2023Q2,2023-06-30,2023-08-14,130456
19739,LOCALIZA RENT A CAR S.A.,2023Q3,2023-09-30,2023-11-13,132403
19739,LOCALIZA RENT A CAR S.A.,2024Q1,2024-03-31,2024-05-10,137040
19739,LOCALIZA RENT A CAR S.A.,2024Q2,2024-06-30,2024-08-13,140953
19739,LOCALIZA RENT A CAR S.A.,2024Q3,2024-09-30,2024-11-11,142885
23272,LOG COMMERCIAL PROPERTIES E PARTICIPAÇÕES,2015Q1,2015-03-31,2015-05-12,46988
23272,LOG COMMERCIAL PROPERTIES E PARTICIPAÇÕES,2015Q2,2015-06-30,2015-08-12,49722
23272,LOG COMMERCIAL PROPERTIES E PARTICIPAÇÕES,2015Q3,2015-09-30,2015-11-11,51534
23272,LOG COMMERCIAL PROPERTIES E PARTICIPAÇÕES,2016Q1,2016-03-31,2016-05-10,55982
23272,LOG COMMERCIAL PROPERTIES E PARTICIPAÇÕES,2016Q2,2016-06-30,2016-08-05,58540
23272,LOG COMMERCIAL PROPERTIES E PARTICIPAÇÕES,2016Q3,2016-09-30,2016-11-08,60460
23272,LOG COMMERCIAL PROPERTIES E PARTICIPAÇÕES,2017Q1,2017-03-31,2017-05-11,65236
23272,LOG COMMERCIAL PROPERTIES E PARTICIPAÇÕES,2017Q2,2017-06-30,2017-08-08,67622
23272,LOG COMMERCIAL PROPERTIES E PARTICIPAÇÕES,2017Q3,2017-09-30,2017-11-06,69480
23272,LOG COMMERCIAL PROPERTIES E PARTICIPAÇÕES,2018Q1,2018-03-31,2018-05-04,73786
23272,LOG COMMERCIAL PROPERTIES E PARTICIPAÇÕES,2018Q2,2018-06-30,2018-08-06,76713
23272,LOG COMMERCIAL PROPERTIES E PARTICIPAÇÕES,2018Q3,2018-09-30,2018-10-31,78554
23272,LOG COMMERCIAL PROPERTIES E PARTICIPAÇÕES,2019Q1,2019-03-31,2019-04-25,82404
23272,LOG COMMERCIAL PROPERTIES E PARTICIPAÇÕES,2019Q3,2019-09-30,2019-10-30,88905
23272,LOG COMMERCIAL PROPERTIES E PARTICIPAÇÕES,2020Q1,2020-03-31,2020-04-29,92599
23272,LOG COMMERCIAL PROPERTIES E PARTICIPAÇÕES,2020Q2,2020-06-30,2020-08-17,96256
23272,LOG COMMERCIAL PROPERTIES E PARTICIPAÇÕES,2020Q3,2020-09-30,2020-10-29,97946
23272,LOG COMMERCIAL PROPERTIES E PARTICIPAÇÕES,2021Q1,2021-03-31,2021-04-28,103136
23272,LOG COMMERCIAL PROPERTIES E PARTICIPAÇÕES,2021Q2,2021-06-30,2021-07-28,106762
23272,LOG COMMERCIAL PROPERTIES E PARTICIPAÇÕES,2021Q3,2021-09-30,2021-10-27,109248
23272,LOG COMMERCIAL PROPERTIES E PARTICIPAÇÕES,2022Q1,2022-03-31,2022-04-28,114029
23272,LOG COMMERCIAL PROPERTIES E PARTICIPAÇÕES,2022Q2,2022-06-30,2022-07-27,118720
23272,LOG COMMERCIAL PROPERTIES E PARTICIPAÇÕES,2022Q3,2022-09-30,2022-10-26,121160
23272,LOG COMMERCIAL PROPERTIES E PARTICIPAÇÕES,2023Q1,2023-03-31,2023-04-26,125461
23272,LOG COMMERCIAL PROPERTIES E PARTICIPAÇÕES,2023Q2,2023-06-30,2023-08-03,129724
23272,LOG COMMERCIAL PROPERTIES E PARTICIPAÇÕES,2023Q3,2023-09-30,2023-10-31,131703
23272,LOG COMMERCIAL PROPERTIES E PARTICIPAÇÕES,2024Q1,2024-03-31,2024-04-24,135900
23272,LOG COMMERCIAL PROPERTIES E PARTICIPAÇÕES,2024Q2,2024-06-30,2024-08-01,140339
23272,LOG COMMERCIAL PROPERTIES E PARTICIPAÇÕES,2024Q3,2024-09-30,2024-10-30,142432
8087,LOJAS AMERICANAS S.A.,2015Q1,2015-03-31,2015-05-07,46634
8087,LOJAS AMERICANAS S.A.,2015Q2,2015-06-30,2015-08-13,49895
8087,LOJAS AMERICANAS S.A.,2015Q3,2015-09-30,2015-11-12,51672
8087,LOJAS AMERICANAS S.A.,2016Q1,2016-03-31,2016-05-05,55650
8087,LOJAS AMERICANAS S.A.,2016Q2,2016-06-30,2016-08-11,58860
8087,LOJAS AMERICANAS S.A.,2016Q3,2016-09-30,2016-11-10,60687
8087,LOJAS AMERICANAS S.A.,2017Q1,2017-03-31,2017-05-11,65283
8087,LOJAS AMERICANAS S.A.,2017Q2,2017-06-30,2017-08-10,67802
8087,LOJAS AMERICANAS S.A.,2017Q3,2017-09-30,2017-11-01,69418
8087,LOJAS AMERICANAS S.A.,2018Q1,2018-03-31,2018-05-10,74249
8087,LOJAS AMERICANAS S.A.,2018Q2,2018-06-30,2018-08-09,76900
8087,LOJAS AMERICANAS S.A.,2018Q3,2018-09-30,2018-10-31,78558
8087,LOJAS AMERICANAS S.A.,2019Q1,2019-03-31,2019-05-09,83078
8087,LOJAS AMERICANAS S.A.,2019Q2,2019-06-30,2019-08-08,86206
8087,LOJAS AMERICANAS S.A.,2019Q3,2019-09-30,2019-10-30,88912
8087,LOJAS AMERICANAS S.A.,2020Q1,2020-03-31,2020-05-07,92820
8087,LOJAS AMERICANAS S.A.,2020Q2,2020-06-30,2020-08-13,96066
8087,LOJAS AMERICANAS S.A.,2020Q3,2020-09-30,2020-10-29,97956
8087,LOJAS AMERICANAS S.A.,2021Q1,2021-03-31,2021-05-06,103524
8087,LOJAS AMERICANAS S.A.,2021Q2,2021-06-30,2021-08-12,107712
8087,LOJAS AMERICANAS S.A.,2021Q3,2021-09-30,2021-11-11,109823
8133,LOJAS RENNER S.A.,2015Q1,2015-03-31,2015-04-29,46214
8133,LOJAS RENNER S.A.,2015Q2,2015-06-30,2015-07-30,49346
8133,LOJAS RENNER S.A.,2015Q3,2015-09-30,2015-10-22,51050
8133,LOJAS RENNER S.A.,2016Q1,2016-03-31,2016-04-25,55248
8133,LOJAS RENNER S.A.,2016Q2,2016-06-30,2016-07-25,58246
8133,LOJAS RENNER S.A.,2016Q3,2016-09-30,2016-10-24,60148
8133,LOJAS RENNER S.A.,2017Q1,2017-03-31,2017-04-25,64407
8133,LOJAS RENNER S.A.,2017Q2,2017-06-30,2017-07-25,67294
8133,LOJAS RENNER S.A.,2017Q3,2017-09-30,2017-10-24,69238
8133,LOJAS RENNER S.A.,2018Q1,2018-03-31,2018-05-03,73731
8133,LOJAS RENNER S.A.,2018Q2,2018-06-30,2018-07-26,76512
8133,LOJAS RENNER S.A.,2018Q3,2018-09-30,2018-10-25,78277
8133,LOJAS RENNER S.A.,2019Q1,2019-03-31,2019-04-25,82408
8133,LOJAS RENNER S.A.,2019Q2,2019-06-30,2019-07-31,85806
8133,LOJAS RENNER S.A.,2019Q3,2019-09-30,2019-10-25,88815
8133,LOJAS RENNER S.A.,2020Q1,2020-03-31,2020-05-21,93344
8133,LOJAS RENNER S.A.,2020Q2,2020-06-30,2020-08-31,96738
8133,LOJAS RENNER S.A.,2020Q3,2020-09-30,2020-11-05,98061
8133,LOJAS RENNER S.A.,2021Q1,2021-03-31,2021-05-13,104030
8133,LOJAS RENNER S.A.,2021Q2,2021-06-30,2021-08-12,107633
8133,LOJAS RENNER S.A.,2021Q3,2021-09-30,2021-11-11,109812
8133,LOJAS RENNER S.A.,2022Q1,2022-03-31,2022-05-05,114371
8133,LOJAS RENNER S.A.,2022Q2,2022-06-30,2022-08-04,119226
8133,LOJAS RENNER S.A.,2022Q3,2022-09-30,2022-11-03,121312
8133,LOJAS RENNER S.A.,2023Q1,2023-03-31,2023-05-03,125674
8133,LOJAS RENNER S.A.,2023Q2,2023-06-30,2023-08-03,129721
8133,LOJAS RENNER S.A.,2023Q3,2023-09-30,2023-11-09,132059
8133,LOJAS RENNER S.A.,2024Q1,2024-03-31,2024-05-08,136671
8133,LOJAS RENNER S.A.,2024Q2,2024-06-30,2024-08-08,140580
8133,LOJAS RENNER S.A.,2024Q3,2024-09-30,2024-11-07,142690
24910,LWSA S/A,2019Q1,2019-03-31,2020-01-13,89990
24910,LWSA S/A,2019Q2,2019-06-30,2020-01-14,89991
24910,LWSA S/A,2019Q3,2019-09-30,2020-01-14,89992
24910,LWSA S/A,2020Q1,2020-03-31,2020-05-13,93036
24910,LWSA S/A,2020Q2,2020-06-30,2020-08-12,95945
24910,LWSA S/A,2020Q3,2020-09-30,2020-11-11,98237
24910,LWSA S/A,2021Q1,2021-03-31,2021-05-12,103895
24910,LWSA S/A,2021Q2,2021-06-30,2021-08-11,107514
24910,LWSA S/A,2021Q3,2021-09-30,2021-11-10,109664
24910,LWSA S/A,2022Q1,2022-03-31,2022-05-12,114917
24910,LWSA S/A,2022Q2,2022-06-30,2022-08-11,119545
24910,LWSA S/A,2022Q3,2022-09-30,2022-11-10,121667
24910,LWSA S/A,2023Q1,2023-03-31,2023-05-11,126296
24910,LWSA S/A,2023Q2,2023-06-30,2023-08-10,129985
24910,LWSA S/A,2023Q3,2023-09-30,2023-11-09,132030
24910,LWSA S/A,2024Q1,2024-03-31,2024-05-09,136885
24910,LWSA S/A,2024Q2,2024-06-30,2024-08-13,140894
24910,LWSA S/A,2024Q3,2024-09-30,2024-11-07,142706
22470,MAGAZINE LUIZA S.A.,2015Q1,2015-03-31,2015-05-07,46618
22470,MAGAZINE LUIZA S.A.,2015Q2,2015-06-30,2015-07-30,49358
22470,MAGAZINE LUIZA S.A.,2015Q3,2015-09-30,2015-11-09,51427
22470,MAGAZINE LUIZA S.A.,2016Q1,2016-03-31,2016-05-05,55634
22470,MAGAZINE LUIZA S.A.,2016Q2,2016-06-30,2016-08-03,58448
22470,MAGAZINE LUIZA S.A.,2016Q3,2016-09-30,2016-10-31,60258
22470,MAGAZINE LUIZA S.A.,2017Q1,2017-03-31,2017-05-31,66588
22470,MAGAZINE LUIZA S.A.,2017Q2,2017-06-30,2017-09-12,68648
22470,MAGAZINE LUIZA S.A.,2017Q3,2017-09-30,2017-10-31,69380
22470,MAGAZINE LUIZA S.A.,2018Q1,2018-03-31,2018-05-07,73853
22470,MAGAZINE LUIZA S.A.,2018Q2,2018-06-30,2018-08-06,76709
22470,MAGAZINE LUIZA S.A.,2018Q3,2018-09-30,2018-11-05,78649
22470,MAGAZINE LUIZA S.A.,2019Q1,2019-03-31,2019-05-06,82751
22470,MAGAZINE LUIZA S.A.,2019Q2,2019-06-30,2019-08-12,86340
22470,MAGAZINE LUIZA S.A.,2019Q3,2019-09-30,2019-10-29,88872
22470,MAGAZINE LUIZA S.A.,2020Q1,2020-03-31,2020-05-25,93407
22470,MAGAZINE LUIZA S.A.,2020Q2,2020-06-30,2020-08-17,96258
22470,MAGAZINE LUIZA S.A.,2020Q3,2020-09-30,2020-11-09,98133
22470,MAGAZINE LUIZA S.A.,2021Q1,2021-03-31,2021-05-13,104108
22470,MAGAZINE LUIZA S.A.,2021Q2,2021-06-30,2021-08-16,108046
22470,MAGAZINE LUIZA S.A.,2021Q3,2021-09-30,2021-11-11,109832
22470,MAGAZINE LUIZA S.A.,2022Q1,2022-03-31,2022-05-16,115349
22470,MAGAZINE LUIZA S.A.,2022Q2,2022-06-30,2022-08-11,119619
22470,MAGAZINE LUIZA S.A.,2022Q3,2022-09-30,2022-11-10,121749
22470,MAGAZINE LUIZA S.A.,2023Q1,2023-03-31,2023-05-15,126776
22470,MAGAZINE LUIZA S.A.,2023Q2,2023-06-30,2023-08-14,130377
22470,MAGAZINE LUIZA S.A.,2023Q3,2023-09-30,2024-03-18,134845
22470,MAGAZINE LUIZA S.A.,2024Q1,2024-03-31,2024-05-09,136901
22470,MAGAZINE LUIZA S.A.,2024Q2,2024-06-30,2024-08-09,140658
22470,MAGAZINE LUIZA S.A.,2024Q3,2024-09-30,2024-11-07,142746
8451,MARCOPOLO S.A.,2015Q1,2015-03-31,2015-05-04,46323
8451,MARCOPOLO S.A.,2015Q2,2015-06-30,2015-08-03,49389
8451,MARCOPOLO S.A.,2015Q3,2015-09-30,2015-11-03,51248
8451,MARCOPOLO S.A.,2016Q1,2016-03-31,2016-05-02,55433
8451,MARCOPOLO S.A.,2016Q2,2016-06-30,2016-08-08,58556
8451,MARCOPOLO S.A.,2016Q3,2016-09-30,2016-11-07,60418
8451,MARCOPOLO S.A.,2017Q1,2017-03-31,2017-05-08,64826
8451,MARCOPOLO S.A.,2017Q2,2017-06-30,2017-08-07,67549
8451,MARCOPOLO S.A.,2017Q3,2017-09-30,2017-11-06,69466
8451,MARCOPOLO S.A.,2018Q1,2018-03-31,2018-05-07,73835
8451,MARCOPOLO S.A.,2018Q2,2018-06-30,2018-08-06,76699
8451,MARCOPOLO S.A.,2018Q3,2018-09-30,2018-11-05,78644
8451,MARCOPOLO S.A.,2019Q1,2019-03-31,2019-05-06,82710
8451,MARCOPOLO S.A.,2019Q2,2019-06-30,2019-08-05,86043
8451,MARCOPOLO S.A.,2019Q3,2019-09-30,2019-11-04,88993
8451,MARCOPOLO S.A.,2020Q1,2020-03-31,2020-05-25,93397
8451,MARCOPOLO S.A.,2020Q2,2020-06-30,2020-08-03,95610
8451,MARCOPOLO S.A.,2020Q3,2020-09-30,2020-11-03,97990
8451,MARCOPOLO S.A.,2021Q1,2021-03-31,2021-05-03,103331
8451,MARCOPOLO S.A.,2021Q2,2021-06-30,2021-08-02,107135
8451,MARCOPOLO S.A.,2021Q3,2021-09-30,2021-11-03,109375
8451,MARCOPOLO S.A.,2022Q1,2022-03-31,2022-05-02,114119
8451,MARCOPOLO S.A.,2022Q2,2022-06-30,2022-08-01,119095
8451,MARCOPOLO S.A.,2022Q3,2022-09-30,2022-11-03,121307
8451,MARCOPOLO S.A.,2023Q1,2023-03-31,2023-05-02,125586
8451,MARCOPOLO S.A.,2023Q2,2023-06-30,2023-08-01,129655
8451,MARCOPOLO S.A.,2023Q3,2023-09-30,2023-10-31,131698
8451,MARCOPOLO S.A.,2024Q1,2024-03-31,2024-05-02,136124
8451,MARCOPOLO S.A.,2024Q2,2024-06-30,2024-08-01,140335
8451,MARCOPOLO S.A.,2024Q3,2024-09-30,2024-10-31,142458
20788,MARFRIG GLOBAL FOODS S.A.,2015Q1,2015-03-31,2015-05-08,46641
20788,MARFRIG GLOBAL FOODS S.A.,2015Q2,2015-06-30,2015-08-12,49669
20788,MARFRIG GLOBAL FOODS S.A.,2015Q3,2015-09-30,2015-11-06,51348
20788,MARFRIG GLOBAL FOODS S.A.,2016Q1,2016-03-31,2016-05-12,56101
20788,MARFRIG GLOBAL FOODS S.A.,2016Q2,2016-06-30,2016-08-11,58750
20788,MARFRIG GLOBAL FOODS S.A.,2016Q3,2016-09-30,2016-11-10,60684
20788,MARFRIG GLOBAL FOODS S.A.,2017Q1,2017-03-31,2017-05-11,65289
20788,MARFRIG GLOBAL FOODS S.A.,2017Q2,2017-06-30,2017-08-14,68092
20788,MARFRIG GLOBAL FOODS S.A.,2017Q3,2017-09-30,2018-03-27,72768
20788,MARFRIG GLOBAL FOODS S.A.,2018Q1,2018-03-31,2018-05-14,74504
20788,MARFRIG GLOBAL FOODS S.A.,2018Q2,2018-06-30,2018-08-14,77367
20788,MARFRIG GLOBAL FOODS S.A.,2018Q3,2018-09-30,2018-11-05,78650
20788,MARFRIG GLOBAL FOODS S.A.,2019Q1,2019-03-31,2019-05-15,83739
20788,MARFRIG GLOBAL FOODS S.A.,2019Q2,2019-06-30,2019-08-22,86940
20788,MARFRIG GLOBAL FOODS S.A.,2019Q3,2019-09-30,2019-11-11,89247
20788,MARFRIG GLOBAL FOODS S.A.,2020Q1,2020-03-31,2020-05-18,93252
20788,MARFRIG GLOBAL FOODS S.A.,2020Q2,2020-06-30,2020-08-12,95948
20788,MARFRIG GLOBAL FOODS S.A.,2020Q3,2020-09-30,2020-11-11,98245
20788,MARFRIG GLOBAL FOODS S.A.,2021Q1,2021-03-31,2021-05-11,103777
20788,MARFRIG GLOBAL FOODS S.A.,2021Q2,2021-06-30,2021-08-11,107484
20788,MARFRIG GLOBAL FOODS S.A.,2021Q3,2021-09-30,2021-10-26,109217
20788,MARFRIG GLOBAL FOODS S.A.,2022Q1,2022-03-31,2022-05-03,114200
20788,MARFRIG GLOBAL FOODS S.A.,2022Q2,2022-06-30,2022-08-11,119650
20788,MARFRIG GLOBAL FOODS S.A.,2022Q3,2022-09-30,2022-11-10,121693
20788,MARFRIG GLOBAL FOODS S.A.,2023Q1,2023-03-31,2023-05-15,126742
20788,MARFRIG GLOBAL FOODS S.A.,2023Q2,2023-06-30,2023-08-14,130372
20788,MARFRIG GLOBAL FOODS S.A.,2023Q3,2023-09-30,2023-11-13,132395
20788,MARFRIG GLOBAL FOODS S.A.,2024Q1,2024-03-31,2024-05-15,137528
20788,MARFRIG GLOBAL FOODS S.A.,2024Q2,2024-06-30,2024-08-14,141165
20788,MARFRIG GLOBAL FOODS S.A.,2024Q3,2024-09-30,2024-11-13,143147
17914,MASSA FALIDA DA MMX MINERACAO E METALICOS S.A.,2015Q1,2015-03-31,2015-05-15,47486
17914,MASSA FALIDA DA MMX MINERACAO E METALICOS S.A.,2015Q2,2015-06-30,2015-08-14,50199
17914,MASSA FALIDA DA MMX MINERACAO E METALICOS S.A.,2015Q3,2015-09-30,2015-11-13,51922
17914,MASSA FALIDA DA MMX MINERACAO E METALICOS S.A.,2016Q1,2016-03-31,2016-05-13,56456
17914,MASSA FALIDA DA MMX MINERACAO E METALICOS S.A.,2016Q2,2016-06-30,2016-08-29,59415
17914,MASSA FALIDA DA MMX MINERACAO E METALICOS S.A.,2016Q3,2016-09-30,2016-11-17,61120
17914,MASSA FALIDA DA MMX MINERACAO E METALICOS S.A.,2017Q1,2017-03-31,2017-05-15,65668
17914,MASSA FALIDA DA MMX MINERACAO E METALICOS S.A.,2017Q2,2017-06-30,2017-08-14,68056
17914,MASSA FALIDA DA MMX MINERACAO E METALICOS S.A.,2017Q3,2017-09-30,2017-11-14,70096
17914,MASSA FALIDA DA MMX MINERACAO E METALICOS S.A.,2018Q1,2018-03-31,2018-05-15,74787
17914,MASSA FALIDA DA MMX MINERACAO E METALICOS S.A.,2018Q2,2018-06-30,2018-08-14,77336
17914,MASSA FALIDA DA MMX MINERACAO E METALICOS S.A.,2018Q3,2018-09-30,2018-11-14,79346
17914,MASSA FALIDA DA MMX MINERACAO E METALICOS S.A.,2019Q1,2019-03-31,2019-05-15,83736
17914,MASSA FALIDA DA MMX MINERACAO E METALICOS S.A.,2019Q2,2019-06-30,2019-08-14,86662
17914,MASSA FALIDA DA MMX MINERACAO E METALICOS S.A.,2019Q3,2019-09-30,2019-11-14,89665
17914,MASSA FALIDA DA MMX MINERACAO E METALICOS S.A.,2020Q1,2020-03-31,2020-06-29,94442
17914,MASSA FALIDA DA MMX MINERACAO E METALICOS S.A.,2020Q2,2020-06-30,2020-08-28,96660
17914,MASSA FALIDA DA MMX MINERACAO E METALICOS S.A.,2020Q3,2020-09-30,2020-11-13,98553
17914,MASSA FALIDA DA MMX MINERACAO E METALICOS S.A.,2021Q1,2021-03-31,2021-05-17,104531
8656,METALURGICA GERDAU S.A.,2015Q1,2015-03-31,2015-05-06,46441
8656,METALURGICA GERDAU S.A.,2015Q2,2015-06-30,2015-08-12,49728
8656,METALURGICA GERDAU S.A.,2015Q3,2015-09-30,2015-10-29,51172
8656,METALURGICA GERDAU S.A.,2016Q1,2016-03-31,2016-05-04,55518
8656,METALURGICA GERDAU S.A.,2016Q2,2016-06-30,2016-08-10,58641
8656,METALURGICA GERDAU S.A.,2016Q3,2016-09-30,2016-11-09,60485
8656,METALURGICA GERDAU S.A.,2017Q1,2017-03-31,2017-05-04,64659
8656,METALURGICA GERDAU S.A.,2017Q2,2017-06-30,2017-08-09,67627
8656,METALURGICA GERDAU S.A.,2017Q3,2017-09-30,2017-11-08,69545
8656,METALURGICA GERDAU S.A.,2018Q1,2018-03-31,2018-05-09,74002
8656,METALURGICA GERDAU S.A.,2018Q2,2018-06-30,2018-08-08,76770
8656,METALURGICA GERDAU S.A.,2018Q3,2018-09-30,2018-11-07,78740
8656,METALURGICA GERDAU S.A.,2019Q1,2019-03-31,2019-05-08,82943
8656,METALURGICA GERDAU S.A.,2019Q2,2019-06-30,2019-08-07,86104
8656,METALURGICA GERDAU S.A.,2019Q3,2019-09-30,2019-10-30,88886
8656,METALURGICA GERDAU S.A.,2020Q1,2020-03-31,2020-05-06,92718
8656,METALURGICA GERDAU S.A.,2020Q2,2020-06-30,2020-08-05,95663
8656,METALURGICA GERDAU S.A.,2020Q3,2020-09-30,2020-10-28,97902
8656,METALURGICA GERDAU S.A.,2021Q1,2021-03-31,2021-05-05,103384
8656,METALURGICA GERDAU S.A.,2021Q2,2021-06-30,2021-08-04,107244
8656,METALURGICA GERDAU S.A.,2021Q3,2021-09-30,2021-10-27,109236
8656,METALURGICA GERDAU S.A.,2022Q1,2022-03-31,2022-05-05,114305
8656,METALURGICA GERDAU S.A.,2022Q2,2022-06-30,2022-08-03,119176
8656,METALURGICA GERDAU S.A.,2022Q3,2022-09-30,2022-11-09,121503
8656,METALURGICA GERDAU S.A.,2023Q1,2023-03-31,2023-05-03,125643
8656,METALURGICA GERDAU S.A.,2023Q2,2023-06-30,2023-08-08,129834
8656,METALURGICA GERDAU S.A.,2023Q3,2023-09-30,2023-11-06,131807
8656,METALURGICA GERDAU S.A.,2024Q1,2024-03-31,2024-07-12,139606
8656,METALURGICA GERDAU S.A.,2024Q2,2024-06-30,2024-07-31,140243
8656,METALURGICA GERDAU S.A.,2024Q3,2024-09-30,2024-11-05,142556
20931,MINERVA S.A.,2015Q1,2015-03-31,2015-04-29,46232
20931,MINERVA S.A.,2015Q2,2015-06-30,2015-08-04,49441
20931,MINERVA S.A.,2015Q3,2015-09-30,2015-11-10,51458
20931,MINERVA S.A.,2016Q1,2016-03-31,2016-05-11,56066
20931,MINERVA S.A.,2016Q2,2016-06-30,2016-08-02,58411
20931,MINERVA S.A.,2016Q3,2016-09-30,2016-11-08,60466
20931,MINERVA S.A.,2017Q1,2017-03-31,2017-06-12,66796
20931,MINERVA S.A.,2017Q2,2017-06-30,2017-08-14,68116
20931,MINERVA S.A.,2017Q3,2017-09-30,2017-11-09,69644
20931,MINERVA S.A.,2018Q1,2018-03-31,2018-05-11,74333
20931,MINERVA S.A.,2018Q2,2018-06-30,2018-08-10,76963
20931,MINERVA S.A.,2018Q3,2018-09-30,2018-11-06,78702
20931,MINERVA S.A.,2019Q1,2019-03-31,2019-05-14,83472
20931,MINERVA S.A.,2019Q2,2019-06-30,2019-07-25,85603
20931,MINERVA S.A.,2019Q3,2019-09-30,2019-11-12,89336
20931,MINERVA S.A.,2020Q1,2020-03-31,2020-04-28,92566
20931,MINERVA S.A.,2020Q2,2020-06-30,2020-07-28,95058
20931,MINERVA S.A.,2020Q3,2020-09-30,2020-11-03,98002
20931,MINERVA S.A.,2021Q1,2021-03-31,2021-05-04,103372
20931,MINERVA S.A.,2021Q2,2021-06-30,2021-08-09,107400
20931,MINERVA S.A.,2021Q3,2021-09-30,2021-11-04,109428
20931,MINERVA S.A.,2022Q1,2022-03-31,2022-05-11,114794
20931,MINERVA S.A.,2022Q2,2022-06-30,2022-08-10,119418
20931,MINERVA S.A.,2022Q3,2022-09-30,2022-11-09,121525
20931,MINERVA S.A.,2023Q1,2023-03-31,2023-05-09,126023
20931,MINERVA S.A.,2023Q2,2023-06-30,2023-08-09,129888
20931,MINERVA S.A.,2023Q3,2023-09-30,2023-11-08,131908
20931,MINERVA S.A.,2024Q1,2024-03-31,2024-05-08,136717
20931,MINERVA S.A.,2024Q2,2024-06-30,2024-08-07,140499
20931,MINERVA S.A.,2024Q3,2024-09-30,2024-11-06,142610
18821,MOTIVA INFRAESTRUTURA DE MOBILIDADE S.A.,2021Q1,2021-03-31,2021-05-13,104069
18821,MOTIVA INFRAESTRUTURA DE MOBILIDADE S.A.,2021Q2,2021-06-30,2021-08-12,107684
18821,MOTIVA INFRAESTRUTURA DE MOBILIDADE S.A.,2021Q3,2021-09-30,2021-11-19,110350
18821,MOTIVA INFRAESTRUTURA DE MOBILIDADE S.A.,2022Q1,2022-03-31,2022-05-12,114955
18821,MOTIVA INFRAESTRUTURA DE MOBILIDADE S.A.,2022Q2,2022-06-30,2022-08-11,119602
18821,MOTIVA INFRAESTRUTURA DE MOBILIDADE S.A.,2022Q3,2022-09-30,2022-11-10,121718
18821,MOTIVA INFRAESTRUTURA DE MOBILIDADE S.A.,2023Q1,2023-03-31,2023-05-04,125745
18821,MOTIVA INFRAESTRUTURA DE MOBILIDADE S.A.,2023Q2,2023-06-30,2023-08-03,129715
18821,MOTIVA INFRAESTRUTURA DE MOBILIDADE S.A.,2023Q3,2023-09-30,2023-10-31,131711
18821,MOTIVA INFRAESTRUTURA DE MOBILIDADE S.A.,2024Q1,2024-03-31,2024-05-06,136390
18821,MOTIVA INFRAESTRUTURA DE MOBILIDADE S.A.,2024Q2,2024-06-30,2024-07-29,139988
18821,MOTIVA INFRAESTRUTURA DE MOBILIDADE S.A.,2024Q3,2024-09-30,2024-10-31,142469
20915,MRV ENGENHARIA E PARTICIPACOES S.A.,2015Q1,2015-03-31,2015-05-12,47006
20915,MRV ENGENHARIA E PARTICIPACOES S.A.,2015Q2,2015-06-30,2015-08-14,50197
20915,MRV ENGENHARIA E PARTICIPACOES S.A.,2015Q3,2015-09-30,2015-11-12,51638
20915,MRV ENGENHARIA E PARTICIPACOES S.A.,2016Q1,2016-03-31,2016-05-12,56233
20915,MRV ENGENHARIA E PARTICIPACOES S.A.,2016Q2,2016-06-30,2016-08-11,58842
20915,MRV ENGENHARIA E PARTICIPACOES S.A.,2016Q3,2016-09-30,2016-11-09,60573
20915,MRV ENGENHARIA E PARTICIPACOES S.A.,2017Q1,2017-03-31,2017-05-11,65244
20915,MRV ENGENHARIA E PARTICIPACOES S.A.,2017Q2,2017-06-30,2017-08-09,67666
20915,MRV ENGENHARIA E PARTICIPACOES S.A.,2017Q3,2017-09-30,2017-11-07,69527
20915,MRV ENGENHARIA E PARTICIPACOES S.A.,2018Q1,2018-03-31,2018-05-07,73865
20915,MRV ENGENHARIA E PARTICIPACOES S.A.,2018Q2,2018-06-30,2018-08-09,76873
20915,MRV ENGENHARIA E PARTICIPACOES S.A.,2018Q3,2018-09-30,2018-11-07,78746
20915,MRV ENGENHARIA E PARTICIPACOES S.A.,2019Q1,2019-03-31,2019-05-08,82910
20915,MRV ENGENHARIA E PARTICIPACOES S.A.,2019Q2,2019-06-30,2019-08-08,86181
20915,MRV ENGENHARIA E PARTICIPACOES S.A.,2019Q3,2019-09-30,2019-11-12,89307
20915,MRV ENGENHARIA E PARTICIPACOES S.A.,2020Q1,2020-03-31,2020-05-28,93512
20915,MRV ENGENHARIA E PARTICIPACOES S.A.,2020Q2,2020-06-30,2020-08-14,96171
20915,MRV ENGENHARIA E PARTICIPACOES S.A.,2020Q3,2020-09-30,2020-11-11,98254
20915,MRV ENGENHARIA E PARTICIPACOES S.A.,2021Q1,2021-03-31,2021-05-12,103948
20915,MRV ENGENHARIA E PARTICIPACOES S.A.,2021Q2,2021-06-30,2021-08-11,107536
20915,MRV ENGENHARIA E PARTICIPACOES S.A.,2021Q3,2021-09-30,2021-11-10,109622
20915,MRV ENGENHARIA E PARTICIPACOES S.A.,2022Q1,2022-03-31,2023-07-06,128799
20915,MRV ENGENHARIA E PARTICIPACOES S.A.,2022Q2,2022-06-30,2023-08-08,129800
20915,MRV ENGENHARIA E PARTICIPACOES S.A.,2022Q3,2022-09-30,2023-11-06,131788
20915,MRV ENGENHARIA E PARTICIPACOES S.A.,2023Q1,2023-03-31,2023-07-06,128800
20915,MRV ENGENHARIA E PARTICIPACOES S.A.,2023Q2,2023-06-30,2023-08-09,129916
20915,MRV ENGENHARIA E PARTICIPACOES S.A.,2023Q3,2023-09-30,2023-11-08,131902
20915,MRV ENGENHARIA E PARTICIPACOES S.A.,2024Q1,2024-03-31,2024-05-09,136811
20915,MRV ENGENHARIA E PARTICIPACOES S.A.,2024Q2,2024-06-30,2024-08-12,140814
20915,MRV ENGENHARIA E PARTICIPACOES S.A.,2024Q3,2024-09-30,2024-11-13,143069
20982,MULTIPLAN - EMPREEND IMOBILIARIOS S.A.,2015Q1,2015-03-31,2015-04-29,46231
20982,MULTIPLAN - EMPREEND IMOBILIARIOS S.A.,2015Q2,2015-06-30,2015-07-30,49348
20982,MULTIPLAN - EMPREEND IMOBILIARIOS S.A.,2015Q3,2015-09-30,2015-10-28,51158
20982,MULTIPLAN - EMPREEND IMOBILIARIOS S.A.,2016Q1,2016-03-31,2016-04-27,55317
20982,MULTIPLAN - EMPREEND IMOBILIARIOS S.A.,2016Q2,2016-06-30,2016-07-28,58331
20982,MULTIPLAN - EMPREEND IMOBILIARIOS S.A.,2016Q3,2016-09-30,2016-10-31,60280
20982,MULTIPLAN - EMPREEND IMOBILIARIOS S.A.,2017Q1,2017-03-31,2017-04-26,64443
20982,MULTIPLAN - EMPREEND IMOBILIARIOS S.A.,2017Q2,2017-06-30,2017-07-27,67362
20982,MULTIPLAN - EMPREEND IMOBILIARIOS S.A.,2017Q3,2017-09-30,2017-10-30,69349
20982,MULTIPLAN - EMPREEND IMOBILIARIOS S.A.,2018Q1,2018-03-31,2018-04-25,73492
20982,MULTIPLAN - EMPREEND IMOBILIARIOS S.A.,2018Q2,2018-06-30,2018-07-26,76506
20982,MULTIPLAN - EMPREEND IMOBILIARIOS S.A.,2018Q3,2018-09-30,2018-10-29,78348
20982,MULTIPLAN - EMPREEND IMOBILIARIOS S.A.,2019Q1,2019-03-31,2019-04-29,82482
20982,MULTIPLAN - EMPREEND IMOBILIARIOS S.A.,2019Q2,2019-06-30,2019-07-29,85673
20982,MULTIPLAN - EMPREEND IMOBILIARIOS S.A.,2019Q3,2019-09-30,2019-10-29,88868
20982,MULTIPLAN - EMPREEND IMOBILIARIOS S.A.,2020Q1,2020-03-31,2020-04-29,92602
20982,MULTIPLAN - EMPREEND IMOBILIARIOS S.A.,2020Q2,2020-06-30,2020-08-06,95739
20982,MULTIPLAN - EMPREEND IMOBILIARIOS S.A.,2020Q3,2020-09-30,2020-10-28,97922
20982,MULTIPLAN - EMPREEND IMOBILIARIOS S.A.,2021Q1,2021-03-31,2021-04-28,103135
20982,MULTIPLAN - EMPREEND IMOBILIARIOS S.A.,2021Q2,2021-06-30,2021-07-28,106755
20982,MULTIPLAN - EMPREEND IMOBILIARIOS S.A.,2021Q3,2021-09-30,2021-10-27,109247
20982,MULTIPLAN - EMPREEND IMOBILIARIOS S.A.,2022Q1,2022-03-31,2022-05-04,114244
20982,MULTIPLAN - EMPREEND IMOBILIARIOS S.A.,2022Q2,2022-06-30,2022-07-28,118784
20982,MULTIPLAN - EMPREEND IMOBILIARIOS S.A.,2022Q3,2022-09-30,2022-11-03,121309
20982,MULTIPLAN - EMPREEND IMOBILIARIOS S.A.,2023Q1,2023-03-31,2024-02-09,133965
20982,MULTIPLAN - EMPREEND IMOBILIARIOS S.A.,2023Q2,2023-06-30,2023-07-27,129264
20982,MULTIPLAN - EMPREEND IMOBILIARIOS S.A.,2023Q3,2023-09-30,2023-10-27,131647
20982,MULTIPLAN - EMPREEND IMOBILIARIOS S.A.,2024Q1,2024-03-31,2024-04-25,135948
20982,MULTIPLAN - EMPREEND IMOBILIARIOS S.A.,2024Q2,2024-06-30,2024-07-25,139899
20982,MULTIPLAN - EMPREEND IMOBILIARIOS S.A.,2024Q3,2024-09-30,2024-10-24,142327
25232,MÉLIUZ S.A.,2020Q1,2020-03-31,2020-10-08,96795
25232,MÉLIUZ S.A.,2020Q2,2020-06-30,2020-10-08,96796
25232,MÉLIUZ S.A.,2020Q3,2020-09-30,2020-11-16,98612
25232,MÉLIUZ S.A.,2021Q1,2021-03-31,2021-05-17,104391
25232,MÉLIUZ S.A.,2021Q2,2021-06-30,2021-08-16,107957
25232,MÉLIUZ S.A.,2021Q3,2021-09-30,2021-12-07,110627
25232,MÉLIUZ S.A.,2022Q1,2022-03-31,2022-05-27,115883
25232,MÉLIUZ S.A.,2022Q2,2022-06-30,2022-08-15,119965
25232,MÉLIUZ S.A.,2022Q3,2022-09-30,2022-11-08,121456
25232,MÉLIUZ S.A.,2023Q1,2023-03-31,2023-05-09,126024
25232,MÉLIUZ S.A.,2023Q2,2023-06-30,2023-08-08,129837
25232,MÉLIUZ S.A.,2023Q3,2023-09-30,2023-11-08,131941
25232,MÉLIUZ S.A.,2024Q1,2024-03-31,2024-05-09,136896
25232,MÉLIUZ S.A.,2024Q2,2024-06-30,2024-08-08,140623
25232,MÉLIUZ S.A.,2024Q3,2024-09-30,2024-11-07,142727
24783,NATURA &CO HOLDING S.A.,2019Q1,2019-03-31,2019-07-26,85633
24783,NATURA &CO HOLDING S.A.,2019Q2,2019-06-30,2019-07-26,85634
24783,NATURA &CO HOLDING S.A.,2019Q3,2019-09-30,2019-11-13,89470
24783,NATURA &CO HOLDING S.A.,2020Q1,2020-03-31,2020-11-12,98380
24783,NATURA &CO HOLDING S.A.,2020Q2,2020-06-30,2020-10-01,97436
24783,NATURA &CO HOLDING S.A.,2020Q3,2020-09-30,2020-11-12,98365
24783,NATURA &CO HOLDING S.A.,2021Q1,2021-03-31,2021-05-12,103952
24783,NATURA &CO HOLDING S.A.,2021Q2,2021-06-30,2021-08-12,107703
24783,NATURA &CO HOLDING S.A.,2021Q3,2021-09-30,2021-11-11,109872
24783,NATURA &CO HOLDING S.A.,2022Q1,2022-03-31,2022-05-05,114428
24783,NATURA &CO HOLDING S.A.,2022Q2,2022-06-30,2022-08-11,119661
24783,NATURA &CO HOLDING S.A.,2022Q3,2022-09-30,2023-01-20,123167
24783,NATURA &CO HOLDING S.A.,2023Q1,2023-03-31,2023-05-10,126163
24783,NATURA &CO HOLDING S.A.,2023Q2,2023-06-30,2023-08-14,130423
24783,NATURA &CO HOLDING S.A.,2023Q3,2023-09-30,2023-11-13,132472
24783,NATURA &CO HOLDING S.A.,2024Q1,2024-03-31,2024-05-13,137214
24783,NATURA &CO HOLDING S.A.,2024Q2,2024-06-30,2024-08-12,140834
24783,NATURA &CO HOLDING S.A.,2024Q3,2024-09-30,2024-11-07,142779
19550,NATURA COSMETICOS S.A.,2015Q1,2015-03-31,2015-04-29,46227
19550,NATURA COSMETICOS S.A.,2015Q2,2015-06-30,2015-07-22,49191
19550,NATURA COSMETICOS S.A.,2015Q3,2015-09-30,2015-10-22,51044
19550,NATURA COSMETICOS S.A.,2016Q1,2016-03-31,2016-04-27,55322
19550,NATURA COSMETICOS S.A.,2016Q2,2016-06-30,2016-07-27,58292
19550,NATURA COSMETICOS S.A.,2016Q3,2016-09-30,2016-10-26,60198
19550,NATURA COSMETICOS S.A.,2017Q1,2017-03-31,2017-04-26,64442
19550,NATURA COSMETICOS S.A.,2017Q2,2017-06-30,2017-07-26,67335
19550,NATURA COSMETICOS S.A.,2017Q3,2017-09-30,2017-11-14,70098
19550,NATURA COSMETICOS S.A.,2018Q1,2018-03-31,2018-07-13,76348
19550,NATURA COSMETICOS S.A.,2018Q2,2018-06-30,2018-08-09,76876
19550,NATURA COSMETICOS S.A.,2018Q3,2018-09-30,2018-11-08,78826
19550,NATURA COSMETICOS S.A.,2019Q1,2019-03-31,2019-05-02,82604
19550,NATURA COSMETICOS S.A.,2019Q2,2019-06-30,2019-08-14,86683
19550,NATURA COSMETICOS S.A.,2019Q3,2019-09-30,2019-11-13,89464
19550,NATURA COSMETICOS S.A.,2020Q1,2020-03-31,2020-05-27,93465
19550,NATURA COSMETICOS S.A.,2020Q2,2020-06-30,2020-08-27,96575
19550,NATURA COSMETICOS S.A.,2020Q3,2020-09-30,2020-11-13,98548
19550,NATURA COSMÉTICOS S.A.,2021Q1,2021-03-31,2021-05-12,103933
19550,NATURA COSMÉTICOS S.A.,2021Q2,2021-06-30,2021-08-12,107717
19550,NATURA COSMÉTICOS S.A.,2021Q3,2021-09-30,2021-11-11,109857
19550,NATURA COSMÉTICOS S.A.,2022Q1,2022-03-31,2022-05-19,115558
19550,NATURA COSMÉTICOS S.A.,2022Q2,2022-06-30,2022-08-11,119664
19550,NATURA COSMÉTICOS S.A.,2022Q3,2022-09-30,2023-02-25,123715
19550,NATURA COSMÉTICOS S.A.,2023Q1,2023-03-31,2023-05-15,126871
19550,NATURA COSMÉTICOS S.A.,2023Q2,2023-06-30,2023-08-15,130502
19550,NATURA COSMÉTICOS S.A.,2023Q3,2023-09-30,2023-11-13,132473
19550,NATURA COSMÉTICOS S.A.,2024Q1,2024-03-31,2024-05-14,137216
19550,NATURA COSMÉTICOS S.A.,2024Q2,2024-06-30,2024-08-12,140837
19550,NATURA COSMÉTICOS S.A.,2024Q3,2024-09-30,2024-11-08,142781
24384,NOTRE DAME INTERMÉDICA PARTICIPAÇÕES S.A.,2018Q1,2018-03-31,2018-05-14,74498
24384,NOTRE DAME INTERMÉDICA PARTICIPAÇÕES S.A.,2018Q2,2018-06-30,2018-08-09,76869
24384,NOTRE DAME INTERMÉDICA PARTICIPAÇÕES S.A.,2018Q3,2018-09-30,2018-11-08,78823
24384,NOTRE DAME INTERMÉDICA PARTICIPAÇÕES S.A.,2019Q1,2019-03-31,2019-05-10,83250
24384,NOTRE DAME INTERMÉDICA PARTICIPAÇÕES S.A.,2019Q2,2019-06-30,2019-08-07,86145
24384,NOTRE DAME INTERMÉDICA PARTICIPAÇÕES S.A.,2019Q3,2019-09-30,2019-11-06,89063
24384,NOTRE DAME INTERMÉDICA PARTICIPAÇÕES S.A.,2020Q1,2020-03-31,2020-05-06,92758
24384,NOTRE DAME INTERMÉDICA PARTICIPAÇÕES S.A.,2020Q2,2020-06-30,2020-08-06,95750
24384,NOTRE DAME INTERMÉDICA PARTICIPAÇÕES S.A.,2020Q3,2020-09-30,2020-11-16,98696
24384,NOTRE DAME INTERMÉDICA PARTICIPAÇÕES S.A.,2021Q1,2021-03-31,2021-05-18,104555
24384,NOTRE DAME INTERMÉDICA PARTICIPAÇÕES S.A.,2021Q2,2021-06-30,2021-08-10,107480
24384,NOTRE DAME INTERMÉDICA PARTICIPAÇÕES S.A.,2021Q3,2021-09-30,2021-11-10,109677
11312,OI S.A. - EM RECUPERAÇÃO JUDICIAL,2015Q1,2015-03-31,2015-05-07,46551
11312,OI S.A. - EM RECUPERAÇÃO JUDICIAL,2015Q2,2015-06-30,2015-08-13,49762
11312,OI S.A. - EM RECUPERAÇÃO JUDICIAL,2015Q3,2015-09-30,2015-11-12,51559
11312,OI S.A. - EM RECUPERAÇÃO JUDICIAL,2016Q1,2016-03-31,2017-05-10,65097
11312,OI S.A. - EM RECUPERAÇÃO JUDICIAL,2016Q2,2016-06-30,2016-08-11,58757
11312,OI S.A. - EM RECUPERAÇÃO JUDICIAL,2016Q3,2016-09-30,2016-11-09,60577
11312,OI S.A. - EM RECUPERAÇÃO JUDICIAL,2017Q1,2017-03-31,2017-05-10,65114
11312,OI S.A. - EM RECUPERAÇÃO JUDICIAL,2017Q2,2017-06-30,2017-08-09,67663
11312,OI S.A. - EM RECUPERAÇÃO JUDICIAL,2017Q3,2017-09-30,2017-11-13,69856
11312,OI S.A. - EM RECUPERAÇÃO JUDICIAL,2018Q1,2018-03-31,2018-05-29,75156
11312,OI S.A. - EM RECUPERAÇÃO JUDICIAL,2018Q2,2018-06-30,2018-08-13,77084
11312,OI S.A. - EM RECUPERAÇÃO JUDICIAL,2018Q3,2018-09-30,2018-11-14,79177
11312,OI S.A. - EM RECUPERAÇÃO JUDICIAL,2019Q1,2019-03-31,2019-05-14,83346
11312,OI S.A. - EM RECUPERAÇÃO JUDICIAL,2019Q2,2019-06-30,2019-08-14,86745
11312,OI S.A. - EM RECUPERAÇÃO JUDICIAL,2019Q3,2019-09-30,2019-12-02,89882
11312,OI S.A. - EM RECUPERAÇÃO JUDICIAL,2020Q1,2020-03-31,2020-06-16,94033
11312,OI S.A. - EM RECUPERAÇÃO JUDICIAL,2020Q2,2020-06-30,2020-08-14,96114
11312,OI S.A. - EM RECUPERAÇÃO JUDICIAL,2020Q3,2020-09-30,2020-11-12,98421
11312,OI S.A. - EM RECUPERAÇÃO JUDICIAL,2021Q1,2021-03-31,2021-07-07,106352
11312,OI S.A. - EM RECUPERAÇÃO JUDICIAL,2021Q2,2021-06-30,2021-08-11,107583
11312,OI S.A. - EM RECUPERAÇÃO JUDICIAL,2021Q3,2021-09-30,2021-11-10,109727
11312,OI S.A. - EM RECUPERAÇÃO JUDICIAL,2022Q1,2022-03-31,2022-06-29,118172
11312,OI S.A. - EM RECUPERAÇÃO JUDICIAL,2022Q2,2022-06-30,2022-08-11,119687
11312,OI S.A. - EM RECUPERAÇÃO JUDICIAL,2022Q3,2022-09-30,2022-11-09,121606
11312,OI S.A. - EM RECUPERAÇÃO JUDICIAL,2023Q1,2023-03-31,2023-06-14,128443
11312,OI S.A. - EM RECUPERAÇÃO JUDICIAL,2023Q2,2023-06-30,2023-08-10,130051
11312,OI S.A. - EM RECUPERAÇÃO JUDICIAL,2023Q3,2023-09-30,2023-11-08,131943
11312,OI S.A. - EM RECUPERAÇÃO JUDICIAL,2024Q1,2024-03-31,2024-05-08,136742
11312,OI S.A. - EM RECUPERAÇÃO JUDICIAL,2024Q2,2024-06-30,2024-08-14,141189
11312,OI S.A. - EM RECUPERAÇÃO JUDICIAL,2024Q3,2024-09-30,2024-11-06,142657
20478,PDG REALTY S.A. EMPREEND E PARTICIPACOES,2015Q1,2015-03-31,2015-05-06,46508
20478,PDG REALTY S.A. EMPREEND E PARTICIPACOES,2015Q2,2015-06-30,2015-07-31,49365
20478,PDG REALTY S.A. EMPREEND E PARTICIPACOES,2015Q3,2015-09-30,2015-11-04,51291
20478,PDG REALTY S.A. EMPREEND E PARTICIPACOES,2016Q1,2016-03-31,2016-05-11,56078
20478,PDG REALTY S.A. EMPREEND E PARTICIPACOES,2016Q2,2016-06-30,2016-08-10,58747
20478,PDG REALTY S.A. EMPREEND E PARTICIPACOES,2016Q3,2016-09-30,2016-11-15,61052
20478,PDG REALTY S.A. EMPREEND E PARTICIPACOES,2017Q1,2017-03-31,2017-05-15,65734
20478,PDG REALTY S.A. EMPREEND E PARTICIPACOES,2017Q2,2017-06-30,2017-08-15,68225
20478,PDG REALTY S.A. EMPREEND E PARTICIPACOES,2017Q3,2017-09-30,2017-11-03,69432
20478,PDG REALTY S.A. EMPREEND E PARTICIPACOES,2018Q1,2018-03-31,2018-05-17,74895
20478,PDG REALTY S.A. EMPREEND E PARTICIPACOES,2018Q2,2018-06-30,2018-08-14,77359
20478,PDG REALTY S.A. EMPREEND E PARTICIPACOES,2018Q3,2018-09-30,2018-11-14,79383
20478,PDG REALTY S.A. EMPREEND E PARTICIPACOES,2019Q1,2019-03-31,2019-05-15,83724
20478,PDG REALTY S.A. EMPREEND E PARTICIPACOES,2019Q2,2019-06-30,2019-08-14,86673
20478,PDG REALTY S.A. EMPREEND E PARTICIPACOES,2019Q3,2019-09-30,2019-11-14,89669
20478,PDG REALTY S.A. EMPREEND E PARTICIPACOES,2020Q1,2020-03-31,2020-05-15,93228
20478,PDG REALTY S.A. EMPREEND E PARTICIPACOES,2020Q2,2020-06-30,2020-08-14,96204
20478,PDG REALTY S.A. EMPREEND E PARTICIPACOES,2020Q3,2020-09-30,2020-11-13,98544
20478,PDG REALTY S.A. EMPREEND E PARTICIPACOES,2021Q1,2021-03-31,2021-05-14,104306
20478,PDG REALTY S.A. EMPREEND E PARTICIPACOES,2021Q2,2021-06-30,2021-08-13,107848
20478,PDG REALTY S.A. EMPREEND E PARTICIPACOES,2021Q3,2021-09-30,2021-11-12,110062
20478,PDG REALTY S.A. EMPREEND E PARTICIPACOES,2022Q1,2022-03-31,2022-05-13,115181
20478,PDG REALTY S.A. EMPREEND E PARTICIPACOES,2022Q2,2022-06-30,2022-08-12,119835
20478,PDG REALTY S.A. EMPREEND E PARTICIPACOES,2022Q3,2022-09-30,2022-11-11,121967
20478,PDG REALTY S.A. EMPREEND E PARTICIPACOES,2023Q1,2023-03-31,2023-05-12,126580
20478,PDG REALTY S.A. EMPREEND E PARTICIPACOES,2023Q2,2023-06-30,2023-08-11,130229
20478,PDG REALTY S.A. EMPREEND E PARTICIPACOES,2023Q3,2023-09-30,2023-11-10,132237
20478,PDG REALTY S.A. EMPREEND E PARTICIPACOES,2024Q1,2024-03-31,2024-05-10,137017
20478,PDG REALTY S.A. EMPREEND E PARTICIPACOES,2024Q2,2024-06-30,2024-08-09,140721
20478,PDG REALTY S.A. EMPREEND E PARTICIPACOES,2024Q3,2024-09-30,2024-11-08,142820
9512,PETROLEO BRASILEIRO S.A. PETROBRAS,2015Q1,2015-03-31,2015-05-15,47464
9512,PETROLEO BRASILEIRO S.A. PETROBRAS,2015Q2,2015-06-30,2015-08-06,49524
9512,PETROLEO BRASILEIRO S.A. PETROBRAS,2015Q3,2015-09-30,2015-11-12,51686
9512,PETROLEO BRASILEIRO S.A. PETROBRAS,2016Q1,2016-03-31,2016-05-12,56212
9512,PETROLEO BRASILEIRO S.A. PETROBRAS,2016Q2,2016-06-30,2016-08-11,58862
9512,PETROLEO BRASILEIRO S.A. PETROBRAS,2016Q3,2016-09-30,2016-11-10,60695
9512,PETROLEO BRASILEIRO S.A. PETROBRAS,2017Q1,2017-03-31,2017-05-12,65332
9512,PETROLEO BRASILEIRO S.A. PETROBRAS,2017Q2,2017-06-30,2017-08-10,67775
9512,PETROLEO BRASILEIRO S.A. PETROBRAS,2017Q3,2017-09-30,2017-11-13,69862
9512,PETROLEO BRASILEIRO S.A. PETROBRAS,2018Q1,2018-03-31,2018-05-08,73883
9512,PETROLEO BRASILEIRO S.A. PETROBRAS,2018Q2,2018-06-30,2018-08-03,76653
9512,PETROLEO BRASILEIRO S.A. PETROBRAS,2018Q3,2018-09-30,2018-11-06,78661
9512,PETROLEO BRASILEIRO S.A. PETROBRAS,2019Q1,2019-03-31,2019-05-07,82841
9512,PETROLEO BRASILEIRO S.A. PETROBRAS,2019Q2,2019-06-30,2019-08-01,85986
9512,PETROLEO BRASILEIRO S.A. PETROBRAS,2019Q3,2019-09-30,2019-10-24,88808
9512,PETROLEO BRASILEIRO S.A. PETROBRAS,2020Q1,2020-03-31,2020-05-14,93136
9512,PETROLEO BRASILEIRO S.A. PETROBRAS,2020Q2,2020-06-30,2020-07-30,95247
9512,PETROLEO BRASILEIRO S.A. PETROBRAS,2020Q3,2020-09-30,2020-10-28,97925
9512,PETROLEO BRASILEIRO S.A. PETROBRAS,2021Q1,2021-03-31,2021-05-13,104118
9512,PETROLEO BRASILEIRO S.A. PETROBRAS,2021Q2,2021-06-30,2021-08-04,107271
9512,PETROLEO BRASILEIRO S.A. PETROBRAS,2021Q3,2021-09-30,2021-10-28,109302
9512,PETROLEO BRASILEIRO S.A. PETROBRAS,2022Q1,2022-03-31,2022-05-05,114416
9512,PETROLEO BRASILEIRO S.A. PETROBRAS,2022Q2,2022-06-30,2022-07-28,118820
9512,PETROLEO BRASILEIRO S.A. PETROBRAS,2022Q3,2022-09-30,2022-11-03,121328
9512,PETROLEO BRASILEIRO S.A. PETROBRAS,2023Q1,2023-03-31,2023-05-11,126375
9512,PETROLEO BRASILEIRO S.A. PETROBRAS,2023Q2,2023-06-30,2023-08-04,129730
9512,PETROLEO BRASILEIRO S.A. PETROBRAS,2023Q3,2023-09-30,2023-11-09,132143
9512,PETROLEO BRASILEIRO S.A. PETROBRAS,2024Q1,2024-03-31,2024-05-13,137205
9512,PETROLEO BRASILEIRO S.A. PETROBRAS,2024Q2,2024-06-30,2024-08-08,140652
9512,PETROLEO BRASILEIRO S.A. PETROBRAS,2024Q3,2024-09-30,2024-11-07,142766
25780,PETRORECÔNCAVO S.A.,2021Q1,2021-03-31,2021-05-17,104502
25780,PETRORECÔNCAVO S.A.,2021Q2,2021-06-30,2021-08-16,108072
25780,PETRORECÔNCAVO S.A.,2021Q3,2021-09-30,2021-11-10,109704
25780,PETRORECÔNCAVO S.A.,2022Q1,2022-03-31,2022-05-05,114410
25780,PETRORECÔNCAVO S.A.,2022Q2,2022-06-30,2022-08-10,119487
25780,PETRORECÔNCAVO S.A.,2022Q3,2022-09-30,2022-11-10,121793
25780,PETRORECÔNCAVO S.A.,2023Q1,2023-03-31,2023-05-12,126566
25780,PETRORECÔNCAVO S.A.,2023Q2,2023-06-30,2023-08-10,130018
25780,PETRORECÔNCAVO S.A.,2023Q3,2023-09-30,2023-11-09,132127
25780,PETRORECÔNCAVO S.A.,2024Q1,2024-03-31,2024-05-08,136738
25780,PETRORECÔNCAVO S.A.,2024Q2,2024-06-30,2024-08-08,140639
25780,PETRORECÔNCAVO S.A.,2024Q3,2024-09-30,2024-11-07,142769
20362,POSITIVO TECNOLOGIA S.A.,2015Q1,2015-03-31,2015-05-15,47298
20362,POSITIVO TECNOLOGIA S.A.,2015Q2,2015-06-30,2015-08-14,50194
20362,POSITIVO TECNOLOGIA S.A.,2015Q3,2015-09-30,2015-11-13,51948
20362,POSITIVO TECNOLOGIA S.A.,2016Q1,2016-03-31,2016-05-13,56510
20362,POSITIVO TECNOLOGIA S.A.,2016Q2,2016-06-30,2016-08-09,58620
20362,POSITIVO TECNOLOGIA S.A.,2016Q3,2016-09-30,2016-11-10,60667
20362,POSITIVO TECNOLOGIA S.A.,2017Q1,2017-03-31,2017-05-11,65290
20362,POSITIVO TECNOLOGIA S.A.,2017Q2,2017-06-30,2017-08-09,67678
20362,POSITIVO TECNOLOGIA S.A.,2017Q3,2017-09-30,2017-11-13,69860
20362,POSITIVO TECNOLOGIA S.A.,2018Q1,2018-03-31,2018-05-14,74503
20362,POSITIVO TECNOLOGIA S.A.,2018Q2,2018-06-30,2018-08-14,77362
20362,POSITIVO TECNOLOGIA S.A.,2018Q3,2018-09-30,2018-11-12,79017
20362,POSITIVO TECNOLOGIA S.A.,2019Q1,2019-03-31,2019-05-15,83733
20362,POSITIVO TECNOLOGIA S.A.,2019Q2,2019-06-30,2019-08-14,86646
20362,POSITIVO TECNOLOGIA S.A.,2019Q3,2019-09-30,2019-11-13,89459
20362,POSITIVO TECNOLOGIA S.A.,2020Q1,2020-03-31,2020-06-08,93901
20362,POSITIVO TECNOLOGIA S.A.,2020Q2,2020-06-30,2020-08-13,96047
20362,POSITIVO TECNOLOGIA S.A.,2020Q3,2020-09-30,2020-11-09,98129
20362,POSITIVO TECNOLOGIA S.A.,2021Q1,2021-03-31,2021-05-12,103925
20362,POSITIVO TECNOLOGIA S.A.,2021Q2,2021-06-30,2021-08-10,107463
20362,POSITIVO TECNOLOGIA S.A.,2021Q3,2021-09-30,2021-11-10,109692
20362,POSITIVO TECNOLOGIA S.A.,2022Q1,2022-03-31,2022-05-11,114826
20362,POSITIVO TECNOLOGIA S.A.,2022Q2,2022-06-30,2022-08-10,119455
20362,POSITIVO TECNOLOGIA S.A.,2022Q3,2022-09-30,2022-11-09,121554
20362,POSITIVO TECNOLOGIA S.A.,2023Q1,2023-03-31,2023-05-18,127028
20362,POSITIVO TECNOLOGIA S.A.,2023Q2,2023-06-30,2023-08-09,129909
20362,POSITIVO TECNOLOGIA S.A.,2023Q3,2023-09-30,2023-11-13,132345
20362,POSITIVO TECNOLOGIA S.A.,2024Q1,2024-03-31,2024-05-14,137325
20362,POSITIVO TECNOLOGIA S.A.,2024Q2,2024-06-30,2024-08-14,141172
20362,POSITIVO TECNOLOGIA S.A.,2024Q3,2024-09-30,2024-11-13,143103
22187,PRIO S.A.,2015Q1,2015-03-31,2015-05-14,47230
22187,PRIO S.A.,2015Q2,2015-06-30,2015-08-20,50337
22187,PRIO S.A.,2015Q3,2015-09-30,2015-11-12,51646
22187,PRIO S.A.,2016Q1,2016-03-31,2016-05-12,56247
22187,PRIO S.A.,2016Q2,2016-06-30,2016-08-11,58880
22187,PRIO S.A.,2016Q3,2016-09-30,2016-11-14,61016
22187,PRIO S.A.,2017Q1,2017-03-31,2017-05-12,65455
22187,PRIO S.A.,2017Q2,2017-06-30,2017-08-09,67688
22187,PRIO S.A.,2017Q3,2017-09-30,2017-11-09,69654
22187,PRIO S.A.,2018Q1,2018-03-31,2018-05-10,74261
22187,PRIO S.A.,2018Q2,2018-06-30,2018-08-09,76886
22187,PRIO S.A.,2018Q3,2018-09-30,2018-10-30,78463
22187,PRIO S.A.,2019Q1,2019-03-31,2019-05-15,83785
22187,PRIO S.A.,2019Q2,2019-06-30,2020-08-28,96592
22187,PRIO S.A.,2019Q3,2019-09-30,2020-11-04,98011
22187,PRIO S.A.,2020Q1,2020-03-31,2020-11-04,98020
22187,PRIO S.A.,2020Q2,2020-06-30,2020-08-28,96591
22187,PRIO S.A.,2020Q3,2020-09-30,2020-11-18,98772
22187,PRIO S.A.,2021Q1,2021-03-31,2021-05-03,103325
22187,PRIO S.A.,2021Q2,2021-06-30,2021-08-02,107171
22187,PRIO S.A.,2021Q3,2021-09-30,2021-11-05,109478
22187,PRIO S.A.,2022Q1,2022-03-31,2022-05-04,114282
22187,PRIO S.A.,2022Q2,2022-06-30,2022-08-03,119205
22187,PRIO S.A.,2022Q3,2022-09-30,2022-10-31,121259
22187,PRIO S.A.,2023Q1,2023-03-31,2023-05-03,125710
22187,PRIO S.A.,2023Q2,2023-06-30,2023-08-02,129676
22187,PRIO S.A.,2023Q3,2023-09-30,2023-10-31,131719
22187,PRIO S.A.,2024Q1,2024-03-31,2024-05-07,136634
22187,PRIO S.A.,2024Q2,2024-06-30,2024-08-06,140433
22187,PRIO S.A.,2024Q3,2024-09-30,2024-11-05,142576
5258,RAIA DROGASIL S.A.,2015Q1,2015-03-31,2015-04-29,46215
5258,RAIA DROGASIL S.A.,2015Q2,2015-06-30,2015-07-30,49342
5258,RAIA DROGASIL S.A.,2015Q3,2015-09-30,2015-10-29,51182
5258,RAIA DROGASIL S.A.,2016Q1,2016-03-31,2016-04-28,55338
5258,RAIA DROGASIL S.A.,2016Q2,2016-06-30,2016-08-04,58482
5258,RAIA DROGASIL S.A.,2016Q3,2016-09-30,2016-10-27,60212
5258,RAIA DROGASIL S.A.,2017Q1,2017-03-31,2017-04-27,64484
5258,RAIA DROGASIL S.A.,2017Q2,2017-06-30,2017-07-27,67368
5258,RAIA DROGASIL S.A.,2017Q3,2017-09-30,2017-10-26,69280
5258,RAIA DROGASIL S.A.,2018Q1,2018-03-31,2018-05-02,73653
5258,RAIA DROGASIL S.A.,2018Q2,2018-06-30,2018-07-30,76564
5258,RAIA DROGASIL S.A.,2018Q3,2018-09-30,2018-10-30,78426
5258,RAIA DROGASIL S.A.,2019Q1,2019-03-31,2019-04-29,82498
5258,RAIA DROGASIL S.A.,2019Q2,2019-06-30,2019-08-06,86087
5258,RAIA DROGASIL S.A.,2019Q3,2019-09-30,2019-10-29,88882
5258,RAIA DROGASIL S.A.,2020Q1,2020-03-31,2020-04-28,92564
5258,RAIA DROGASIL S.A.,2020Q2,2020-06-30,2020-08-11,95911
5258,RAIA DROGASIL S.A.,2020Q3,2020-09-30,2020-10-27,97898
5258,RAIA DROGASIL S.A.,2021Q1,2021-03-31,2021-05-11,103829
5258,RAIA DROGASIL S.A.,2021Q2,2021-06-30,2021-08-10,107470
5258,RAIA DROGASIL S.A.,2021Q3,2021-09-30,2021-11-09,109602
5258,RAIA DROGASIL S.A.,2022Q1,2022-03-31,2022-05-04,114265
5258,RAIA DROGASIL S.A.,2022Q2,2022-06-30,2022-07-29,118970
5258,RAIA DROGASIL S.A.,2022Q3,2022-09-30,2022-10-31,121261
5258,RAIA DROGASIL S.A.,2023Q1,2023-03-31,2023-05-03,125685
5258,RAIA DROGASIL S.A.,2023Q2,2023-06-30,2023-08-08,129835
5258,RAIA DROGASIL S.A.,2023Q3,2023-09-30,2023-10-31,131720
5258,RAIA DROGASIL S.A.,2024Q1,2024-03-31,2024-05-07,136628
5258,RAIA DROGASIL S.A.,2024Q2,2024-06-30,2024-08-28,141470
5258,RAIA DROGASIL S.A.,2024Q3,2024-09-30,2024-11-07,142672
25917,RAÍZEN S.A.,2020Q2,2020-06-30,2021-03-16,100994
25917,RAÍZEN S.A.,2020Q3,2020-09-30,2021-03-16,100995
25917,RAÍZEN S.A.,2021Q2,2021-06-30,2021-08-12,107733
25917,RAÍZEN S.A.,2021Q3,2021-09-30,2021-11-11,109877
25917,RAÍZEN S.A.,2022Q2,2022-06-30,2022-08-11,119587
25917,RAÍZEN S.A.,2022Q3,2022-09-30,2022-11-10,121792
25917,RAÍZEN S.A.,2023Q2,2023-06-30,2023-08-14,130365
25917,RAÍZEN S.A.,2023Q3,2023-09-30,2023-11-13,132374
25917,RAÍZEN S.A.,2024Q2,2024-06-30,2024-08-13,140939
25917,RAÍZEN S.A.,2024Q3,2024-09-30,2024-11-12,142997
24821,REDE D'OR SÃO LUIZ S.A.,2019Q1,2019-03-31,2020-11-15,98606
24821,REDE D'OR SÃO LUIZ S.A.,2019Q2,2019-06-30,2020-11-15,98607
24821,REDE D'OR SÃO LUIZ S.A.,2019Q3,2019-09-30,2020-11-15,98608
24821,REDE D'OR SÃO LUIZ S.A.,2020Q1,2020-03-31,2020-11-15,98609
24821,REDE D'OR SÃO LUIZ S.A.,2020Q2,2020-06-30,2020-11-15,98610
24821,REDE D'OR SÃO LUIZ S.A.,2020Q3,2020-09-30,2020-11-16,98627
24821,REDE D'OR SÃO LUIZ S.A.,2021Q1,2021-03-31,2021-05-17,104392
24821,REDE D'OR SÃO LUIZ S.A.,2021Q2,2021-06-30,2021-08-03,107242
24821,REDE D'OR SÃO LUIZ S.A.,2021Q3,2021-09-30,2021-11-03,109395
24821,REDE D'OR SÃO LUIZ S.A.,2022Q1,2022-03-31,2022-05-12,115002
24821,REDE D'OR SÃO LUIZ S.A.,2022Q2,2022-06-30,2022-08-15,119960
24821,REDE D'OR SÃO LUIZ S.A.,2022Q3,2022-09-30,2022-11-09,121587
24821,REDE D'OR SÃO LUIZ S.A.,2023Q1,2023-03-31,2024-03-27,135180
24821,REDE D'OR SÃO LUIZ S.A.,2023Q2,2023-06-30,2024-03-27,135178
24821,REDE D'OR SÃO LUIZ S.A.,2023Q3,2023-09-30,2024-03-27,135179
24821,REDE D'OR SÃO LUIZ S.A.,2024Q1,2024-03-31,2024-05-06,136515
24821,REDE D'OR SÃO LUIZ S.A.,2024Q2,2024-06-30,2024-08-13,140920
24821,REDE D'OR SÃO LUIZ S.A.,2024Q3,2024-09-30,2024-11-13,143122
16306,ROSSI RESIDENCIAL S.A. - EM RECUPERAÇÃO JUDICIAL,2015Q1,2015-03-31,2015-05-14,47246
16306,ROSSI RESIDENCIAL S.A. - EM RECUPERAÇÃO JUDICIAL,2015Q2,2015-06-30,2015-08-12,49756
16306,ROSSI RESIDENCIAL S.A. - EM RECUPERAÇÃO JUDICIAL,2015Q3,2015-09-30,2015-11-10,51471
16306,ROSSI RESIDENCIAL S.A. - EM RECUPERAÇÃO JUDICIAL,2016Q1,2016-03-31,2016-05-12,56234
16306,ROSSI RESIDENCIAL S.A. - EM RECUPERAÇÃO JUDICIAL,2016Q2,2016-06-30,2016-08-11,58875
16306,ROSSI RESIDENCIAL S.A. - EM RECUPERAÇÃO JUDICIAL,2016Q3,2016-09-30,2016-11-10,60676
16306,ROSSI RESIDENCIAL S.A. - EM RECUPERAÇÃO JUDICIAL,2017Q1,2017-03-31,2017-05-11,65269
16306,ROSSI RESIDENCIAL S.A. - EM RECUPERAÇÃO JUDICIAL,2017Q2,2017-06-30,2017-08-14,68089
16306,ROSSI RESIDENCIAL S.A. - EM RECUPERAÇÃO JUDICIAL,2017Q3,2017-09-30,2017-11-13,69840
16306,ROSSI RESIDENCIAL S.A. - EM RECUPERAÇÃO JUDICIAL,2018Q1,2018-03-31,2018-05-14,74510
16306,ROSSI RESIDENCIAL S.A. - EM RECUPERAÇÃO JUDICIAL,2018Q2,2018-06-30,2018-08-13,77078
16306,ROSSI RESIDENCIAL S.A. - EM RECUPERAÇÃO JUDICIAL,2018Q3,2018-09-30,2018-11-13,79166
16306,ROSSI RESIDENCIAL S.A. - EM RECUPERAÇÃO JUDICIAL,2019Q1,2019-03-31,2019-05-14,83471
16306,ROSSI RESIDENCIAL S.A. - EM RECUPERAÇÃO JUDICIAL,2019Q2,2019-06-30,2019-08-14,86697
16306,ROSSI RESIDENCIAL S.A. - EM RECUPERAÇÃO JUDICIAL,2019Q3,2019-09-30,2019-11-13,89452
16306,ROSSI RESIDENCIAL S.A. - EM RECUPERAÇÃO JUDICIAL,2020Q1,2020-03-31,2020-06-09,93931
16306,ROSSI RESIDENCIAL S.A. - EM RECUPERAÇÃO JUDICIAL,2020Q2,2020-06-30,2020-08-12,95953
16306,ROSSI RESIDENCIAL S.A. - EM RECUPERAÇÃO JUDICIAL,2020Q3,2020-09-30,2020-11-11,98270
16306,ROSSI RESIDENCIAL S.A. - EM RECUPERAÇÃO JUDICIAL,2021Q1,2021-03-31,2021-05-12,103919
16306,ROSSI RESIDENCIAL S.A. - EM RECUPERAÇÃO JUDICIAL,2021Q2,2021-06-30,2021-08-11,107538
16306,ROSSI RESIDENCIAL S.A. - EM RECUPERAÇÃO JUDICIAL,2021Q3,2021-09-30,2021-11-10,109683
16306,ROSSI RESIDENCIAL S.A. - EM RECUPERAÇÃO JUDICIAL,2022Q1,2022-03-31,2022-05-11,114831
16306,ROSSI RESIDENCIAL S.A. - EM RECUPERAÇÃO JUDICIAL,2022Q2,2022-06-30,2022-08-10,119432
16306,ROSSI RESIDENCIAL S.A. - EM RECUPERAÇÃO JUDICIAL,2022Q3,2022-09-30,2022-11-10,121620
16306,ROSSI RESIDENCIAL S.A. - EM RECUPERAÇÃO JUDICIAL,2023Q1,2023-03-31,2023-05-10,126150
16306,ROSSI RESIDENCIAL S.A. - EM RECUPERAÇÃO JUDICIAL,2023Q2,2023-06-30,2023-08-09,129881
16306,ROSSI RESIDENCIAL S.A. - EM RECUPERAÇÃO JUDICIAL,2023Q3,2023-09-30,2023-11-08,131918
16306,ROSSI RESIDENCIAL S.A. - EM RECUPERAÇÃO JUDICIAL,2024Q1,2024-03-31,2024-06-24,139225
16306,ROSSI RESIDENCIAL S.A. - EM RECUPERAÇÃO JUDICIAL,2024Q2,2024-06-30,2024-08-15,141256
16306,ROSSI RESIDENCIAL S.A. - EM RECUPERAÇÃO JUDICIAL,2024Q3,2024-09-30,2024-11-22,143464
17450,RUMO S.A.,2015Q1,2015-03-31,2015-05-11,46857
17450,RUMO S.A.,2015Q2,2015-06-30,2015-10-01,50796
17450,RUMO S.A.,2015Q3,2015-09-30,2015-11-13,51958
17450,RUMO S.A.,2016Q1,2016-03-31,2016-05-12,56130
17450,RUMO S.A.,2016Q2,2016-06-30,2016-08-12,58940
17450,RUMO S.A.,2016Q3,2016-09-30,2016-11-10,60690
17450,RUMO S.A.,2017Q1,2017-03-31,2017-05-10,65135
17450,RUMO S.A.,2017Q2,2017-06-30,2017-08-09,67654
17450,RUMO S.A.,2017Q3,2017-09-30,2017-11-08,69587
17450,RUMO S.A.,2018Q1,2018-03-31,2018-05-08,73976
17450,RUMO S.A.,2018Q2,2018-06-30,2018-08-13,77009
17450,RUMO S.A.,2018Q3,2018-09-30,2018-11-08,78838
17450,RUMO S.A.,2019Q1,2019-03-31,2019-05-09,83088
17450,RUMO S.A.,2019Q2,2019-06-30,2019-08-12,86343
17450,RUMO S.A.,2019Q3,2019-09-30,2019-11-11,89254
17450,RUMO S.A.,2020Q1,2020-03-31,2020-05-27,93470
17450,RUMO S.A.,2020Q2,2020-06-30,2020-08-13,96096
17450,RUMO S.A.,2020Q3,2020-09-30,2020-11-11,98266
17450,RUMO S.A.,2021Q1,2021-03-31,2021-05-13,104120
17450,RUMO S.A.,2021Q2,2021-06-30,2021-08-12,107714
17450,RUMO S.A.,2021Q3,2021-09-30,2021-11-11,109817
17450,RUMO S.A.,2022Q1,2022-03-31,2022-05-05,114392
17450,RUMO S.A.,2022Q2,2022-06-30,2022-08-11,119604
17450,RUMO S.A.,2022Q3,2022-09-30,2022-11-10,121802
17450,RUMO S.A.,2023Q1,2023-03-31,2023-05-04,125761
17450,RUMO S.A.,2023Q2,2023-06-30,2023-08-10,130036
17450,RUMO S.A.,2023Q3,2023-09-30,2023-11-09,132144
17450,RUMO S.A.,2024Q1,2024-03-31,2024-05-09,136883
17450,RUMO S.A.,2024Q2,2024-06-30,2024-08-14,141080
17450,RUMO S.A.,2024Q3,2024-09-30,2024-11-07,142700
17892,SANTOS BRASIL PARTICIPACOES S.A.,2015Q1,2015-03-31,2015-04-29,46233
17892,SANTOS BRASIL PARTICIPACOES S.A.,2015Q2,2015-06-30,2015-08-05,49485
17892,SANTOS BRASIL PARTICIPACOES S.A.,2015Q3,2015-09-30,2015-10-28,51164
17892,SANTOS BRASIL PARTICIPACOES S.A.,2016Q1,2016-03-31,2016-05-09,55869
17892,SANTOS BRASIL PARTICIPACOES S.A.,2016Q2,2016-06-30,2016-08-03,58460
17892,SANTOS BRASIL PARTICIPACOES S.A.,2016Q3,2016-09-30,2016-11-09,60574
17892,SANTOS BRASIL PARTICIPACOES S.A.,2017Q1,2017-03-31,2017-05-10,65091
17892,SANTOS BRASIL PARTICIPACOES S.A.,2017Q2,2017-06-30,2017-08-09,67669
17892,SANTOS BRASIL PARTICIPACOES S.A.,2017Q3,2017-09-30,2017-11-13,69845
17892,SANTOS BRASIL PARTICIPACOES S.A.,2018Q1,2018-03-31,2018-06-18,75946
17892,SANTOS BRASIL PARTICIPACOES S.A.,2018Q2,2018-06-30,2018-08-08,76811
17892,SANTOS BRASIL PARTICIPACOES S.A.,2018Q3,2018-09-30,2018-11-12,79003
17892,SANTOS BRASIL PARTICIPACOES S.A.,2019Q1,2019-03-31,2019-05-14,83489
17892,SANTOS BRASIL PARTICIPACOES S.A.,2019Q2,2019-06-30,2019-08-13,86446
17892,SANTOS BRASIL PARTICIPACOES S.A.,2019Q3,2019-09-30,2019-11-12,89323
17892,SANTOS BRASIL PARTICIPACOES S.A.,2020Q1,2020-03-31,2020-05-12,92980
17892,SANTOS BRASIL PARTICIPACOES S.A.,2020Q2,2020-06-30,2020-08-11,95895
17892,SANTOS BRASIL PARTICIPACOES S.A.,2020Q3,2020-09-30,2020-11-10,98200
17892,SANTOS BRASIL PARTICIPACOES S.A.,2021Q1,2021-03-31,2021-05-11,103792
17892,SANTOS BRASIL PARTICIPACOES S.A.,2021Q2,2021-06-30,2021-08-10,107459
17892,SANTOS BRASIL PARTICIPACOES S.A.,2021Q3,2021-09-30,2021-11-09,109610
17892,SANTOS BRASIL PARTICIPACOES S.A.,2022Q1,2022-03-31,2022-05-11,114821
17892,SANTOS BRASIL PARTICIPACOES S.A.,2022Q2,2022-06-30,2022-08-11,119499
17892,SANTOS BRASIL PARTICIPACOES S.A.,2022Q3,2022-09-30,2022-11-09,121543
17892,SANTOS BRASIL PARTICIPACOES S.A.,2023Q1,2023-03-31,2023-05-11,126334
17892,SANTOS BRASIL PARTICIPACOES S.A.,2023Q2,2023-06-30,2023-08-08,129838
17892,SANTOS BRASIL PARTICIPACOES S.A.,2023Q3,2023-09-30,2023-11-08,131923
17892,SANTOS BRASIL PARTICIPACOES S.A.,2024Q1,2024-03-31,2024-05-08,136719
17892,SANTOS BRASIL PARTICIPACOES S.A.,2024Q2,2024-06-30,2024-08-07,140554
17892,SANTOS BRASIL PARTICIPACOES S.A.,2024Q3,2024-09-30,2024-11-06,142615
20516,SAO MARTINHO S.A.,2015Q2,2015-06-30,2015-08-10,49610
20516,SAO MARTINHO S.A.,2015Q3,2015-09-30,2015-11-09,51430
20516,SAO MARTINHO S.A.,2016Q2,2016-06-30,2016-08-08,58562
20516,SAO MARTINHO S.A.,2016Q3,2016-09-30,2016-11-09,60555
20516,SAO MARTINHO S.A.,2017Q2,2017-06-30,2017-08-14,68069
20516,SAO MARTINHO S.A.,2017Q3,2017-09-30,2017-11-09,69650
20516,SAO MARTINHO S.A.,2018Q2,2018-06-30,2018-08-13,77050
20516,SAO MARTINHO S.A.,2018Q3,2018-09-30,2018-11-06,78691
20516,SAO MARTINHO S.A.,2019Q2,2019-06-30,2019-08-12,86331
20516,SAO MARTINHO S.A.,2019Q3,2019-09-30,2019-11-11,89242
20516,SAO MARTINHO S.A.,2020Q2,2020-06-30,2020-08-10,95855
20516,SAO MARTINHO S.A.,2020Q3,2020-09-30,2021-02-18,100248
20516,SAO MARTINHO S.A.,2021Q2,2021-06-30,2021-08-09,107394
20516,SAO MARTINHO S.A.,2021Q3,2021-09-30,2021-11-08,109524
20516,SAO MARTINHO S.A.,2022Q2,2022-06-30,2022-08-08,119313
20516,SAO MARTINHO S.A.,2022Q3,2022-09-30,2022-11-07,121420
20516,SAO MARTINHO S.A.,2023Q2,2023-06-30,2023-08-14,130427
20516,SAO MARTINHO S.A.,2023Q3,2023-09-30,2023-11-09,132055
20516,SAO MARTINHO S.A.,2024Q2,2024-06-30,2024-08-12,140816
20516,SAO MARTINHO S.A.,2024Q3,2024-09-30,2024-11-11,142908
25372,SENDAS DISTRIBUIDORA S.A.,2020Q1,2020-03-31,2020-11-11,97519
25372,SENDAS DISTRIBUIDORA S.A.,2020Q2,2020-06-30,2020-11-11,97520
25372,SENDAS DISTRIBUIDORA S.A.,2020Q3,2020-09-30,2021-02-02,99879
25372,SENDAS DISTRIBUIDORA S.A.,2021Q1,2021-03-31,2021-05-04,103367
25372,SENDAS DISTRIBUIDORA S.A.,2021Q2,2021-06-30,2021-07-27,106701
25372,SENDAS DISTRIBUIDORA S.A.,2021Q3,2021-09-30,2021-10-28,109277
25372,SENDAS DISTRIBUIDORA S.A.,2022Q1,2022-03-31,2022-05-09,114543
25372,SENDAS DISTRIBUIDORA S.A.,2022Q2,2022-06-30,2022-07-27,118725
25372,SENDAS DISTRIBUIDORA S.A.,2022Q3,2022-09-30,2022-10-20,121080
25372,SENDAS DISTRIBUIDORA S.A.,2023Q1,2023-03-31,2023-05-04,125749
25372,SENDAS DISTRIBUIDORA S.A.,2023Q2,2023-06-30,2023-07-26,129235
25372,SENDAS DISTRIBUIDORA S.A.,2023Q3,2023-09-30,2023-10-30,131680
25372,SENDAS DISTRIBUIDORA S.A.,2024Q1,2024-03-31,2024-04-24,135897
25372,SENDAS DISTRIBUIDORA S.A.,2024Q2,2024-06-30,2024-08-08,140578
25372,SENDAS DISTRIBUIDORA S.A.,2024Q3,2024-09-30,2024-11-07,142697
20745,SLC AGRICOLA S.A.,2015Q1,2015-03-31,2015-05-06,46518
20745,SLC AGRICOLA S.A.,2015Q2,2015-06-30,2015-08-12,49736
20745,SLC AGRICOLA S.A.,2015Q3,2015-09-30,2015-12-09,52374
20745,SLC AGRICOLA S.A.,2016Q1,2016-03-31,2016-05-25,56872
20745,SLC AGRICOLA S.A.,2016Q2,2016-06-30,2016-08-10,58721
20745,SLC AGRICOLA S.A.,2016Q3,2016-09-30,2016-11-08,60461
20745,SLC AGRICOLA S.A.,2017Q1,2017-03-31,2017-05-10,65127
20745,SLC AGRICOLA S.A.,2017Q2,2017-06-30,2017-10-06,69013
20745,SLC AGRICOLA S.A.,2017Q3,2017-09-30,2017-11-28,70274
20745,SLC AGRICOLA S.A.,2018Q1,2018-03-31,2018-05-22,74981
20745,SLC AGRICOLA S.A.,2018Q2,2018-06-30,2018-08-14,77284
20745,SLC AGRICOLA S.A.,2018Q3,2018-09-30,2018-11-13,79136
20745,SLC AGRICOLA S.A.,2019Q1,2019-03-31,2019-05-08,82915
20745,SLC AGRICOLA S.A.,2019Q2,2019-06-30,2019-11-21,89752
20745,SLC AGRICOLA S.A.,2019Q3,2019-09-30,2019-11-21,89751
20745,SLC AGRICOLA S.A.,2020Q1,2020-03-31,2020-05-13,93039
20745,SLC AGRICOLA S.A.,2020Q2,2020-06-30,2020-08-13,96049
20745,SLC AGRICOLA S.A.,2020Q3,2020-09-30,2020-11-13,98442
20745,SLC AGRICOLA S.A.,2021Q1,2021-03-31,2021-05-12,103929
20745,SLC AGRICOLA S.A.,2021Q2,2021-06-30,2021-08-12,107728
20745,SLC AGRICOLA S.A.,2021Q3,2021-09-30,2021-11-10,109729
20745,SLC AGRICOLA S.A.,2022Q1,2022-03-31,2022-05-13,115099
20745,SLC AGRICOLA S.A.,2022Q2,2022-06-30,2022-08-10,119443
20745,SLC AGRICOLA S.A.,2022Q3,2022-09-30,2022-11-04,121355
20745,SLC AGRICOLA S.A.,2023Q1,2023-03-31,2023-05-15,126777
20745,SLC AGRICOLA S.A.,2023Q2,2023-06-30,2023-08-10,129960
20745,SLC AGRICOLA S.A.,2023Q3,2023-09-30,2023-11-08,131909
20745,SLC AGRICOLA S.A.,2024Q1,2024-03-31,2024-05-08,136701
20745,SLC AGRICOLA S.A.,2024Q2,2024-06-30,2024-08-14,141113
20745,SLC AGRICOLA S.A.,2024Q3,2024-09-30,2024-11-12,142990
24260,SMARTFIT ESCOLA DE GINÁSTICA E DANÇA S.A.,2017Q1,2017-03-31,2017-10-23,69218
24260,SMARTFIT ESCOLA DE GINÁSTICA E DANÇA S.A.,2017Q2,2017-06-30,2017-10-23,69219
24260,SMARTFIT ESCOLA DE GINÁSTICA E DANÇA S.A.,2017Q3,2017-09-30,2018-01-19,71113
24260,SMARTFIT ESCOLA DE GINÁSTICA E DANÇA S.A.,2018Q1,2018-03-31,2018-05-16,74835
24260,SMARTFIT ESCOLA DE GINÁSTICA E DANÇA S.A.,2018Q2,2018-06-30,2018-08-16,77446
24260,SMARTFIT ESCOLA DE GINÁSTICA E DANÇA S.A.,2018Q3,2018-09-30,2018-11-15,79403
24260,SMARTFIT ESCOLA DE GINÁSTICA E DANÇA S.A.,2019Q1,2019-03-31,2019-05-20,83922
24260,SMARTFIT ESCOLA DE GINÁSTICA E DANÇA S.A.,2019Q2,2019-06-30,2019-09-25,88432
24260,SMARTFIT ESCOLA DE GINÁSTICA E DANÇA S.A.,2019Q3,2019-09-30,2019-11-15,89700
24260,SMARTFIT ESCOLA DE GINÁSTICA E DANÇA S.A.,2020Q1,2020-03-31,2020-05-29,93547
24260,SMARTFIT ESCOLA DE GINÁSTICA E DANÇA S.A.,2020Q2,2020-06-30,2020-08-28,96589
24260,SMARTFIT ESCOLA DE GINÁSTICA E DANÇA S.A.,2020Q3,2020-09-30,2020-11-14,98602
24260,SMARTFIT ESCOLA DE GINÁSTICA E DANÇA S.A.,2021Q1,2021-03-31,2021-06-18,106047
24260,SMARTFIT ESCOLA DE GINÁSTICA E DANÇA S.A.,2021Q2,2021-06-30,2021-08-12,107585
24260,SMARTFIT ESCOLA DE GINÁSTICA E DANÇA S.A.,2021Q3,2021-09-30,2021-11-12,109929
24260,SMARTFIT ESCOLA DE GINÁSTICA E DANÇA S.A.,2022Q1,2022-03-31,2022-05-12,114856
24260,SMARTFIT ESCOLA DE GINÁSTICA E DANÇA S.A.,2022Q2,2022-06-30,2022-08-10,119385
24260,SMARTFIT ESCOLA DE GINÁSTICA E DANÇA S.A.,2022Q3,2022-09-30,2022-11-09,121505
24260,SMARTFIT ESCOLA DE GINÁSTICA E DANÇA S.A.,2023Q1,2023-03-31,2023-05-11,126257
24260,SMARTFIT ESCOLA DE GINÁSTICA E DANÇA S.A.,2023Q2,2023-06-30,2023-08-09,129857
24260,SMARTFIT ESCOLA DE GINÁSTICA E DANÇA S.A.,2023Q3,2023-09-30,2023-11-08,131883
24260,SMARTFIT ESCOLA DE GINÁSTICA E DANÇA S.A.,2024Q1,2024-03-31,2024-05-09,136793
24260,SMARTFIT ESCOLA DE GINÁSTICA E DANÇA S.A.,2024Q2,2024-06-30,2024-08-08,140557
24260,SMARTFIT ESCOLA DE GINÁSTICA E DANÇA S.A.,2024Q3,2024-09-30,2024-11-07,142666
24252,SMILES FIDELIDADE S.A.,2017Q1,2017-03-31,2017-10-13,69098
24252,SMILES FIDELIDADE S.A.,2017Q2,2017-06-30,2017-10-13,69099
24252,SMILES FIDELIDADE S.A.,2017Q3,2017-09-30,2017-11-06,69467
24252,SMILES FIDELIDADE S.A.,2018Q1,2018-03-31,2018-05-07,73840
24252,SMILES FIDELIDADE S.A.,2018Q2,2018-06-30,2018-07-31,76594
24252,SMILES FIDELIDADE S.A.,2018Q3,2018-09-30,2018-10-31,78468
24252,SMILES FIDELIDADE S.A.,2019Q1,2019-03-31,2019-04-26,82436
24252,SMILES FIDELIDADE S.A.,2019Q2,2019-06-30,2019-07-30,85767
24252,SMILES FIDELIDADE S.A.,2019Q3,2019-09-30,2019-10-29,88873
24252,SMILES FIDELIDADE S.A.,2020Q1,2020-03-31,2020-04-28,92569
24252,SMILES FIDELIDADE S.A.,2020Q2,2020-06-30,2020-07-28,95060
24252,SMILES FIDELIDADE S.A.,2020Q3,2020-09-30,2020-10-27,97890
24252,SMILES FIDELIDADE S.A.,2021Q1,2021-03-31,2021-04-26,103072
24252,SMILES FIDELIDADE S.A.,2021Q2,2021-06-30,2021-08-13,107855
23140,SMILES S.A.,2015Q1,2015-03-31,2015-04-28,46174
23140,SMILES S.A.,2015Q2,2015-06-30,2015-08-04,49439
23140,SMILES S.A.,2015Q3,2015-09-30,2015-11-04,51278
23140,SMILES S.A.,2016Q1,2016-03-31,2016-05-04,55544
23140,SMILES S.A.,2016Q2,2016-06-30,2016-08-08,58560
23140,SMILES S.A.,2016Q3,2016-09-30,2016-10-31,60276
23140,SMILES S.A.,2017Q1,2017-03-31,2017-04-27,64481
23140,SMILES S.A.,2017Q2,2017-06-30,2017-08-03,67511
4057,SOUZA CRUZ SA,2015Q1,2015-03-31,2015-04-27,46148
4057,SOUZA CRUZ SA,2015Q2,2015-06-30,2015-07-24,49229
4057,SOUZA CRUZ SA,2015Q3,2015-09-30,2015-11-13,51929
13986,SUZANO S.A.,2015Q1,2015-03-31,2015-05-07,46602
13986,SUZANO S.A.,2015Q2,2015-06-30,2015-08-12,49744
13986,SUZANO S.A.,2015Q3,2015-09-30,2015-11-12,51560
13986,SUZANO S.A.,2016Q1,2016-03-31,2016-04-27,55278
13986,SUZANO S.A.,2016Q2,2016-06-30,2016-08-03,58422
13986,SUZANO S.A.,2016Q3,2016-09-30,2016-10-28,60252
13986,SUZANO S.A.,2017Q1,2017-03-31,2017-05-03,64646
13986,SUZANO S.A.,2017Q2,2017-06-30,2017-08-02,67484
13986,SUZANO S.A.,2017Q3,2017-09-30,2017-10-26,69279
13986,SUZANO S.A.,2018Q1,2018-03-31,2018-04-26,73535
13986,SUZANO S.A.,2018Q2,2018-06-30,2018-08-09,76832
13986,SUZANO S.A.,2018Q3,2018-09-30,2018-10-25,78285
13986,SUZANO S.A.,2019Q1,2019-03-31,2019-05-09,83037
13986,SUZANO S.A.,2019Q2,2019-06-30,2019-08-08,86186
13986,SUZANO S.A.,2019Q3,2019-09-30,2019-11-05,89026
13986,SUZANO S.A.,2020Q1,2020-03-31,2020-05-19,93272
13986,SUZANO S.A.,2020Q2,2020-06-30,2020-08-13,96028
13986,SUZANO S.A.,2020Q3,2020-09-30,2020-10-29,97945
13986,SUZANO S.A.,2021Q1,2021-03-31,2021-05-12,103898
13986,SUZANO S.A.,2021Q2,2021-06-30,2021-08-11,107513
13986,SUZANO S.A.,2021Q3,2021-09-30,2021-10-28,109284
13986,SUZANO S.A.,2022Q1,2022-03-31,2022-05-04,114269
13986,SUZANO S.A.,2022Q2,2022-06-30,2022-07-27,118721
13986,SUZANO S.A.,2022Q3,2022-09-30,2022-10-27,121193
13986,SUZANO S.A.,2023Q1,2023-03-31,2023-04-27,125496
13986,SUZANO S.A.,2023Q2,2023-06-30,2023-08-02,129669
13986,SUZANO S.A.,2023Q3,2023-09-30,2023-10-26,131621
13986,SUZANO S.A.,2024Q1,2024-03-31,2024-05-09,136846
13986,SUZANO S.A.,2024Q2,2024-06-30,2024-08-08,140585
13986,SUZANO S.A.,2024Q3,2024-09-30,2024-10-24,142330
17671,TELEFÔNICA BRASIL S.A,2015Q1,2015-03-31,2015-05-13,47022
17671,TELEFÔNICA BRASIL S.A,2015Q2,2015-06-30,2015-07-29,49292
17671,TELEFÔNICA BRASIL S.A,2015Q3,2015-09-30,2015-11-04,51284
17671,TELEFÔNICA BRASIL S.A,2016Q1,2016-03-31,2016-04-27,55319
17671,TELEFÔNICA BRASIL S.A,2016Q2,2016-06-30,2016-07-26,58269
17671,TELEFÔNICA BRASIL S.A,2016Q3,2016-09-30,2016-10-25,60171
17671,TELEFÔNICA BRASIL S.A,2017Q1,2017-03-31,2017-05-09,64949
17671,TELEFÔNICA BRASIL S.A,2017Q2,2017-06-30,2017-07-26,67325
17671,TELEFÔNICA BRASIL S.A,2017Q3,2017-09-30,2017-10-25,69249
17671,TELEFÔNICA BRASIL S.A,2018Q1,2018-03-31,2018-04-25,73479
17671,TELEFÔNICA BRASIL S.A,2018Q2,2018-06-30,2018-07-25,76469
17671,TELEFÔNICA BRASIL S.A,2018Q3,2018-09-30,2018-10-30,78363
17671,TELEFÔNICA BRASIL S.A,2019Q1,2019-03-31,2019-05-09,82963
17671,TELEFÔNICA BRASIL S.A,2019Q2,2019-06-30,2019-07-24,85531
17671,TELEFÔNICA BRASIL S.A,2019Q3,2019-09-30,2019-11-04,88976
17671,TELEFÔNICA BRASIL S.A,2020Q1,2020-03-31,2020-05-06,92715
17671,TELEFÔNICA BRASIL S.A,2020Q2,2020-06-30,2020-07-29,95061
17671,TELEFÔNICA BRASIL S.A,2020Q3,2020-09-30,2020-10-27,97896
17671,TELEFÔNICA BRASIL S.A,2021Q1,2021-03-31,2021-05-11,103805
17671,TELEFÔNICA BRASIL S.A,2021Q2,2021-06-30,2021-07-27,106705
17671,TELEFÔNICA BRASIL S.A,2021Q3,2021-09-30,2021-10-27,109256
17671,TELEFÔNICA BRASIL S.A,2022Q1,2022-03-31,2022-05-10,114647
17671,TELEFÔNICA BRASIL S.A,2022Q2,2022-06-30,2022-08-04,119213
17671,TELEFÔNICA BRASIL S.A,2022Q3,2022-09-30,2022-10-25,121143
17671,TELEFÔNICA BRASIL S.A,2023Q1,2023-03-31,2023-05-09,126037
17671,TELEFÔNICA BRASIL S.A,2023Q2,2023-06-30,2023-07-25,129172
17671,TELEFÔNICA BRASIL S.A,2023Q3,2023-09-30,2023-10-31,131708
17671,TELEFÔNICA BRASIL S.A,2024Q1,2024-03-31,2024-05-07,136590
17671,TELEFÔNICA BRASIL S.A,2024Q2,2024-06-30,2024-07-29,139977
17671,TELEFÔNICA BRASIL S.A,2024Q3,2024-09-30,2024-11-05,142553
24929,TIM S.A.,2019Q1,2019-03-31,2019-11-01,88962
24929,TIM S.A.,2019Q2,2019-06-30,2019-11-01,88963
24929,TIM S.A.,2019Q3,2019-09-30,2020-02-06,90797
24929,TIM S.A.,2020Q1,2020-03-31,2020-05-05,92714
24929,TIM S.A.,2020Q2,2020-06-30,2020-07-29,95155
24929,TIM S.A.,2020Q3,2020-09-30,2020-11-03,98007
24929,TIM S.A.,2021Q1,2021-03-31,2021-05-05,103448
24929,TIM S.A.,2021Q2,2021-06-30,2021-07-26,106682
24929,TIM S.A.,2021Q3,2021-09-30,2021-10-25,109194
24929,TIM S.A.,2022Q1,2022-03-31,2022-05-03,114219
24929,TIM S.A.,2022Q2,2022-06-30,2022-08-01,119130
24929,TIM S.A.,2022Q3,2022-09-30,2022-11-07,121415
24929,TIM S.A.,2023Q2,2023-06-30,2023-07-31,129616
24929,TIM S.A.,2023Q3,2023-09-30,2023-11-06,131793
24929,TIM S.A.,2024Q1,2024-03-31,2024-05-06,136514
24929,TIM S.A.,2024Q2,2024-06-30,2024-07-30,140072
24929,TIM S.A.,2024Q3,2024-09-30,2024-11-04,142522
19992,TOTVS S.A.,2015Q1,2015-03-31,2015-05-06,46507
19992,TOTVS S.A.,2015Q2,2015-06-30,2015-08-05,49472
19992,TOTVS S.A.,2015Q3,2015-09-30,2015-10-28,51149
19992,TOTVS S.A.,2016Q1,2016-03-31,2016-05-04,55563
19992,TOTVS S.A.,2016Q2,2016-06-30,2016-08-03,58438
19992,TOTVS S.A.,2016Q3,2016-09-30,2016-11-03,60338
19992,TOTVS S.A.,2017Q1,2017-03-31,2017-05-03,64634
19992,TOTVS S.A.,2017Q2,2017-06-30,2017-08-02,67477
19992,TOTVS S.A.,2017Q3,2017-09-30,2017-11-08,69571
19992,TOTVS S.A.,2018Q1,2018-03-31,2018-05-09,74066
19992,TOTVS S.A.,2018Q2,2018-06-30,2018-08-01,76621
19992,TOTVS S.A.,2018Q3,2018-09-30,2018-11-13,79128
19992,TOTVS S.A.,2019Q1,2019-03-31,2019-05-08,82906
19992,TOTVS S.A.,2019Q2,2019-06-30,2019-08-07,86133
19992,TOTVS S.A.,2019Q3,2019-09-30,2019-11-06,89064
19992,TOTVS S.A.,2020Q1,2020-03-31,2022-05-25,115737
19992,TOTVS S.A.,2020Q2,2020-06-30,2022-05-25,115739
19992,TOTVS S.A.,2020Q3,2020-09-30,2022-05-25,115743
19992,TOTVS S.A.,2021Q1,2021-03-31,2022-05-25,115746
19992,TOTVS S.A.,2021Q2,2021-06-30,2022-05-25,115747
19992,TOTVS S.A.,2021Q3,2021-09-30,2022-05-25,115748
19992,TOTVS S.A.,2022Q1,2022-03-31,2022-05-04,114288
19992,TOTVS S.A.,2022Q2,2022-06-30,2022-08-03,119204
19992,TOTVS S.A.,2022Q3,2022-09-30,2022-11-08,121472
19992,TOTVS S.A.,2023Q1,2023-03-31,2023-05-08,125914
19992,TOTVS S.A.,2023Q2,2023-06-30,2023-08-08,129830
19992,TOTVS S.A.,2023Q3,2023-09-30,2023-11-07,131852
19992,TOTVS S.A.,2024Q1,2024-03-31,2024-05-08,136696
19992,TOTVS S.A.,2024Q2,2024-06-30,2024-08-07,140501
19992,TOTVS S.A.,2024Q3,2024-09-30,2024-11-06,142620
20257,TRANSMISSORA ALIANÇA DE ENERGIA ELÉTRICA S.A.,2015Q1,2015-03-31,2015-05-11,46809
20257,TRANSMISSORA ALIANÇA DE ENERGIA ELÉTRICA S.A.,2015Q2,2015-06-30,2015-08-19,50301
20257,TRANSMISSORA ALIANÇA DE ENERGIA ELÉTRICA S.A.,2015Q3,2015-09-30,2015-11-05,51334
20257,TRANSMISSORA ALIANÇA DE ENERGIA ELÉTRICA S.A.,2016Q1,2016-03-31,2016-05-04,55561
20257,TRANSMISSORA ALIANÇA DE ENERGIA ELÉTRICA S.A.,2016Q2,2016-06-30,2016-08-08,58572
20257,TRANSMISSORA ALIANÇA DE ENERGIA ELÉTRICA S.A.,2016Q3,2016-09-30,2016-11-08,60462
20257,TRANSMISSORA ALIANÇA DE ENERGIA ELÉTRICA S.A.,2017Q1,2017-03-31,2017-05-05,64757
20257,TRANSMISSORA ALIANÇA DE ENERGIA ELÉTRICA S.A.,2017Q2,2017-06-30,2017-08-09,67672
20257,TRANSMISSORA ALIANÇA DE ENERGIA ELÉTRICA S.A.,2017Q3,2017-09-30,2017-11-08,69580
20257,TRANSMISSORA ALIANÇA DE ENERGIA ELÉTRICA S.A.,2018Q1,2018-03-31,2018-05-09,74088
20257,TRANSMISSORA ALIANÇA DE ENERGIA ELÉTRICA S.A.,2018Q2,2018-06-30,2018-08-06,76718
20257,TRANSMISSORA ALIANÇA DE ENERGIA ELÉTRICA S.A.,2018Q3,2018-09-30,2018-11-06,78686
20257,TRANSMISSORA ALIANÇA DE ENERGIA ELÉTRICA S.A.,2019Q1,2019-03-31,2019-05-14,83484
20257,TRANSMISSORA ALIANÇA DE ENERGIA ELÉTRICA S.A.,2019Q2,2019-06-30,2019-08-06,86066
20257,TRANSMISSORA ALIANÇA DE ENERGIA ELÉTRICA S.A.,2019Q3,2019-09-30,2019-11-13,89483
20257,TRANSMISSORA ALIANÇA DE ENERGIA ELÉTRICA S.A.,2020Q1,2020-03-31,2020-05-14,93133
20257,TRANSMISSORA ALIANÇA DE ENERGIA ELÉTRICA S.A.,2020Q2,2020-06-30,2020-08-12,95979
20257,TRANSMISSORA ALIANÇA DE ENERGIA ELÉTRICA S.A.,2020Q3,2020-09-30,2020-11-11,98264
20257,TRANSMISSORA ALIANÇA DE ENERGIA ELÉTRICA S.A.,2021Q1,2021-03-31,2021-05-05,103439
20257,TRANSMISSORA ALIANÇA DE ENERGIA ELÉTRICA S.A.,2021Q2,2021-06-30,2021-08-11,107572
20257,TRANSMISSORA ALIANÇA DE ENERGIA ELÉTRICA S.A.,2022Q1,2022-03-31,2022-05-12,114855
20257,TRANSMISSORA ALIANÇA DE ENERGIA ELÉTRICA S.A.,2022Q2,2022-06-30,2022-08-10,119465
20257,TRANSMISSORA ALIANÇA DE ENERGIA ELÉTRICA S.A.,2022Q3,2022-09-30,2022-11-09,121586
20257,TRANSMISSORA ALIANÇA DE ENERGIA ELÉTRICA S.A.,2023Q1,2023-03-31,2023-05-03,125715
20257,TRANSMISSORA ALIANÇA DE ENERGIA ELÉTRICA S.A.,2023Q2,2023-06-30,2023-08-02,129683
20257,TRANSMISSORA ALIANÇA DE ENERGIA ELÉTRICA S.A.,2023Q3,2023-09-30,2023-11-08,131952
20257,TRANSMISSORA ALIANÇA DE ENERGIA ELÉTRICA S.A.,2024Q1,2024-03-31,2024-05-08,136771
20257,TRANSMISSORA ALIANÇA DE ENERGIA ELÉTRICA S.A.,2024Q2,2024-06-30,2024-08-13,140919
20257,TRANSMISSORA ALIANÇA DE ENERGIA ELÉTRICA S.A.,2024Q3,2024-09-30,2024-11-06,142655
18465,ULTRAPAR PARTICIPACOES S.A.,2015Q1,2015-03-31,2015-05-06,46514
18465,ULTRAPAR PARTICIPACOES S.A.,2015Q2,2015-06-30,2015-08-05,49474
18465,ULTRAPAR PARTICIPACOES S.A.,2015Q3,2015-09-30,2015-11-04,51285
18465,ULTRAPAR PARTICIPACOES S.A.,2016Q1,2016-03-31,2016-05-11,56085
18465,ULTRAPAR PARTICIPACOES S.A.,2016Q2,2016-06-30,2016-08-10,58716
18465,ULTRAPAR PARTICIPACOES S.A.,2016Q3,2016-09-30,2016-11-09,60569
18465,ULTRAPAR PARTICIPACOES S.A.,2017Q1,2017-03-31,2017-05-10,65117
18465,ULTRAPAR PARTICIPACOES S.A.,2017Q2,2017-06-30,2017-08-09,67659
18465,ULTRAPAR PARTICIPACOES S.A.,2017Q3,2017-09-30,2017-11-08,69583
18465,ULTRAPAR PARTICIPACOES S.A.,2018Q1,2018-03-31,2018-05-02,73675
18465,ULTRAPAR PARTICIPACOES S.A.,2018Q2,2018-06-30,2018-08-02,76626
18465,ULTRAPAR PARTICIPACOES S.A.,2018Q3,2018-09-30,2018-11-07,78770
18465,ULTRAPAR PARTICIPACOES S.A.,2019Q1,2019-03-31,2019-05-15,83756
18465,ULTRAPAR PARTICIPACOES S.A.,2019Q2,2019-06-30,2019-08-14,86664
18465,ULTRAPAR PARTICIPACOES S.A.,2019Q3,2019-09-30,2019-11-06,89077
18465,ULTRAPAR PARTICIPACOES S.A.,2020Q1,2020-03-31,2020-05-13,93063
18465,ULTRAPAR PARTICIPACOES S.A.,2020Q2,2020-06-30,2020-08-12,95965
18465,ULTRAPAR PARTICIPACOES S.A.,2020Q3,2020-09-30,2020-11-04,98044
18465,ULTRAPAR PARTICIPACOES S.A.,2021Q1,2021-03-31,2021-05-05,103449
18465,ULTRAPAR PARTICIPACOES S.A.,2021Q2,2021-06-30,2021-08-11,107575
18465,ULTRAPAR PARTICIPACOES S.A.,2021Q3,2021-09-30,2021-11-03,109393
18465,ULTRAPAR PARTICIPACOES S.A.,2022Q1,2022-03-31,2022-05-11,114841
18465,ULTRAPAR PARTICIPACOES S.A.,2022Q2,2022-06-30,2022-08-03,119206
18465,ULTRAPAR PARTICIPACOES S.A.,2022Q3,2022-09-30,2022-11-09,121584
18465,ULTRAPAR PARTICIPACOES S.A.,2023Q1,2023-03-31,2023-05-03,125704
18465,ULTRAPAR PARTICIPACOES S.A.,2023Q2,2023-06-30,2023-08-09,129915
18465,ULTRAPAR PARTICIPACOES S.A.,2023Q3,2023-09-30,2023-11-08,131929
18465,ULTRAPAR PARTICIPACOES S.A.,2024Q1,2024-03-31,2024-05-08,136753
18465,ULTRAPAR PARTICIPACOES S.A.,2024Q2,2024-06-30,2024-08-07,140516
18465,ULTRAPAR PARTICIPACOES S.A.,2024Q3,2024-09-30,2024-11-13,143137
14320,USINAS SID DE MINAS GERAIS S.A.-USIMINAS,2015Q1,2015-03-31,2015-04-23,46084
14320,USINAS SID DE MINAS GERAIS S.A.-USIMINAS,2015Q2,2015-06-30,2015-08-06,49487
14320,USINAS SID DE MINAS GERAIS S.A.-USIMINAS,2015Q3,2015-09-30,2015-10-29,51176
14320,USINAS SID DE MINAS GERAIS S.A.-USIMINAS,2016Q1,2016-03-31,2016-04-25,55231
14320,USINAS SID DE MINAS GERAIS S.A.-USIMINAS,2016Q2,2016-06-30,2016-07-28,58302
14320,USINAS SID DE MINAS GERAIS S.A.-USIMINAS,2016Q3,2016-09-30,2016-10-28,60229
14320,USINAS SID DE MINAS GERAIS S.A.-USIMINAS,2017Q1,2017-03-31,2017-04-20,64312
14320,USINAS SID DE MINAS GERAIS S.A.-USIMINAS,2017Q2,2017-06-30,2017-07-28,67383
14320,USINAS SID DE MINAS GERAIS S.A.-USIMINAS,2017Q3,2017-09-30,2017-10-27,69303
14320,USINAS SID DE MINAS GERAIS S.A.-USIMINAS,2018Q1,2018-03-31,2018-05-09,74046
14320,USINAS SID DE MINAS GERAIS S.A.-USIMINAS,2018Q2,2018-06-30,2018-07-27,76533
14320,USINAS SID DE MINAS GERAIS S.A.-USIMINAS,2018Q3,2018-09-30,2018-10-26,78308
14320,USINAS SID DE MINAS GERAIS S.A.-USIMINAS,2019Q1,2019-03-31,2019-04-18,82249
14320,USINAS SID DE MINAS GERAIS S.A.-USIMINAS,2019Q2,2019-06-30,2019-07-26,85604
14320,USINAS SID DE MINAS GERAIS S.A.-USIMINAS,2019Q3,2019-09-30,2019-10-25,88812
14320,USINAS SID DE MINAS GERAIS S.A.-USIMINAS,2020Q1,2020-03-31,2020-05-22,93356
14320,USINAS SID DE MINAS GERAIS S.A.-USIMINAS,2020Q2,2020-06-30,2020-07-30,95158
14320,USINAS SID DE MINAS GERAIS S.A.-USIMINAS,2020Q3,2020-09-30,2020-10-29,97932
14320,USINAS SID DE MINAS GERAIS S.A.-USIMINAS,2021Q1,2021-03-31,2021-04-23,103030
14320,USINAS SID DE MINAS GERAIS S.A.-USIMINAS,2021Q2,2021-06-30,2021-07-30,106860
14320,USINAS SID DE MINAS GERAIS S.A.-USIMINAS,2021Q3,2021-09-30,2021-10-29,109311
14320,USINAS SID DE MINAS GERAIS S.A.-USIMINAS,2022Q1,2022-03-31,2022-04-20,113852
14320,USINAS SID DE MINAS GERAIS S.A.-USIMINAS,2022Q2,2022-06-30,2022-07-29,118828
14320,USINAS SID DE MINAS GERAIS S.A.-USIMINAS,2022Q3,2022-09-30,2022-10-28,121207
14320,USINAS SID DE MINAS GERAIS S.A.-USIMINAS,2023Q1,2023-03-31,2023-04-20,125334
14320,USINAS SID DE MINAS GERAIS S.A.-USIMINAS,2023Q2,2023-06-30,2023-07-28,129289
14320,USINAS SID DE MINAS GERAIS S.A.-USIMINAS,2023Q3,2023-09-30,2023-10-27,131633
14320,USINAS SID DE MINAS GERAIS S.A.-USIMINAS,2024Q1,2024-03-31,2024-04-23,135847
14320,USINAS SID DE MINAS GERAIS S.A.-USIMINAS,2024Q2,2024-06-30,2024-07-26,139900
14320,USINAS SID DE MINAS GERAIS S.A.-USIMINAS,2024Q3,2024-09-30,2024-10-25,142336
4170,VALE S.A.,2015Q1,2015-03-31,2015-04-30,46237
4170,VALE S.A.,2015Q2,2015-06-30,2015-07-30,49330
4170,VALE S.A.,2015Q3,2015-09-30,2015-10-22,51039
4170,VALE S.A.,2016Q1,2016-03-31,2016-04-28,55326
4170,VALE S.A.,2016Q2,2016-06-30,2016-07-28,58299
4170,VALE S.A.,2016Q3,2016-09-30,2016-10-27,60202
4170,VALE S.A.,2017Q1,2017-03-31,2017-04-27,64456
4170,VALE S.A.,2017Q2,2017-06-30,2017-07-27,67346
4170,VALE S.A.,2017Q3,2017-09-30,2017-10-26,69270
4170,VALE S.A.,2018Q1,2018-03-31,2018-04-25,73496
4170,VALE S.A.,2018Q2,2018-06-30,2018-07-25,76479
4170,VALE S.A.,2018Q3,2018-09-30,2018-10-24,78256
4170,VALE S.A.,2019Q1,2019-03-31,2019-05-09,83060
4170,VALE S.A.,2019Q2,2019-06-30,2020-05-29,93633
4170,VALE S.A.,2019Q3,2019-09-30,2019-10-24,88794
4170,VALE S.A.,2020Q1,2020-03-31,2020-04-28,92568
4170,VALE S.A.,2020Q2,2020-06-30,2020-07-29,95152
4170,VALE S.A.,2020Q3,2020-09-30,2020-10-29,97948
4170,VALE S.A.,2021Q1,2021-03-31,2021-04-27,103078
4170,VALE S.A.,2021Q2,2021-06-30,2021-07-29,106831
4170,VALE S.A.,2021Q3,2021-09-30,2021-10-28,109308
4170,VALE S.A.,2022Q1,2022-03-31,2022-04-29,114080
4170,VALE S.A.,2022Q2,2022-06-30,2022-07-28,118792
4170,VALE S.A.,2022Q3,2022-09-30,2022-10-27,121194
4170,VALE S.A.,2023Q1,2023-03-31,2023-04-26,125475
4170,VALE S.A.,2023Q2,2023-06-30,2023-07-27,129283
4170,VALE S.A.,2023Q3,2023-09-30,2023-10-26,131627
4170,VALE S.A.,2024Q1,2024-03-31,2024-04-24,135918
4170,VALE S.A.,2024Q2,2024-06-30,2024-07-25,139893
4170,VALE S.A.,2024Q3,2024-09-30,2024-10-24,142334
24716,"VAMOS LOCAÇÃO DE CAMINHÕES, MÁQUINAS E EQUIPAMENTOS S.A.",2019Q1,2019-03-31,2019-05-08,82959
24716,"VAMOS LOCAÇÃO DE CAMINHÕES, MÁQUINAS E EQUIPAMENTOS S.A.",2019Q2,2019-06-30,2019-08-14,86738
24716,"VAMOS LOCAÇÃO DE CAMINHÕES, MÁQUINAS E EQUIPAMENTOS S.A.",2019Q3,2019-09-30,2019-11-08,89150
24716,"VAMOS LOCAÇÃO DE CAMINHÕES, MÁQUINAS E EQUIPAMENTOS S.A.",2020Q1,2020-03-31,2020-05-14,93162
24716,"VAMOS LOCAÇÃO DE CAMINHÕES, MÁQUINAS E EQUIPAMENTOS S.A.",2020Q2,2020-06-30,2020-08-13,96095
24716,"VAMOS LOCAÇÃO DE CAMINHÕES, MÁQUINAS E EQUIPAMENTOS S.A.",2020Q3,2020-09-30,2020-10-31,97978
24716,"VAMOS LOCAÇÃO DE CAMINHÕES, MÁQUINAS E EQUIPAMENTOS S.A.",2021Q1,2021-03-31,2021-04-27,103098
24716,"VAMOS LOCAÇÃO DE CAMINHÕES, MÁQUINAS E EQUIPAMENTOS S.A.",2021Q2,2021-06-30,2021-07-27,106724
24716,"VAMOS LOCAÇÃO DE CAMINHÕES, MÁQUINAS E EQUIPAMENTOS S.A.",2021Q3,2021-09-30,2021-10-28,109303
24716,"VAMOS LOCAÇÃO DE CAMINHÕES, MÁQUINAS E EQUIPAMENTOS S.A.",2022Q1,2022-03-31,2022-04-28,114042
24716,"VAMOS LOCAÇÃO DE CAMINHÕES, MÁQUINAS E EQUIPAMENTOS S.A.",2022Q2,2022-06-30,2022-07-28,118802
24716,"VAMOS LOCAÇÃO DE CAMINHÕES, MÁQUINAS E EQUIPAMENTOS S.A.",2022Q3,2022-09-30,2022-10-27,121195
24716,"VAMOS LOCAÇÃO DE CAMINHÕES, MÁQUINAS E EQUIPAMENTOS S.A.",2023Q1,2023-03-31,2023-04-26,125478
24716,"VAMOS LOCAÇÃO DE CAMINHÕES, MÁQUINAS E EQUIPAMENTOS S.A.",2023Q2,2023-06-30,2023-08-03,129729
24716,"VAMOS LOCAÇÃO DE CAMINHÕES, MÁQUINAS E EQUIPAMENTOS S.A.",2023Q3,2023-09-30,2023-10-31,131733
24716,"VAMOS LOCAÇÃO DE CAMINHÕES, MÁQUINAS E EQUIPAMENTOS S.A.",2024Q1,2024-03-31,2024-05-07,136529
24716,"VAMOS LOCAÇÃO DE CAMINHÕES, MÁQUINAS E EQUIPAMENTOS S.A.",2024Q2,2024-06-30,2024-08-09,140729
24716,"VAMOS LOCAÇÃO DE CAMINHÕES, MÁQUINAS E EQUIPAMENTOS S.A.",2024Q3,2024-09-30,2024-11-12,142912
24295,VIBRA ENERGIA S/A,2017Q1,2017-03-31,2017-12-14,70495
24295,VIBRA ENERGIA S/A,2017Q2,2017-06-30,2017-12-14,70496
24295,VIBRA ENERGIA S/A,2017Q3,2017-09-30,2017-12-14,70497
24295,VIBRA ENERGIA S/A,2018Q1,2018-03-31,2018-05-04,73801
24295,VIBRA ENERGIA S/A,2018Q2,2018-06-30,2018-08-01,76625
24295,VIBRA ENERGIA S/A,2018Q3,2018-09-30,2018-11-05,78659
24295,VIBRA ENERGIA S/A,2019Q1,2019-03-31,2019-05-06,82750
24295,VIBRA ENERGIA S/A,2019Q2,2019-06-30,2019-07-31,85937
24295,VIBRA ENERGIA S/A,2020Q1,2020-03-31,2020-06-10,93973
24295,VIBRA ENERGIA S/A,2020Q2,2020-06-30,2020-08-11,95896
24295,VIBRA ENERGIA S/A,2020Q3,2020-09-30,2020-11-10,98192
24295,VIBRA ENERGIA S/A,2021Q1,2021-03-31,2021-05-11,103815
24295,VIBRA ENERGIA S/A,2021Q2,2021-06-30,2021-08-10,107458
24295,VIBRA ENERGIA S/A,2021Q3,2021-09-30,2021-11-15,110093
24295,VIBRA ENERGIA S/A,2022Q1,2022-03-31,2022-05-16,115330
24295,VIBRA ENERGIA S/A,2022Q2,2022-06-30,2022-08-15,119961
24295,VIBRA ENERGIA S/A,2023Q1,2023-03-31,2023-05-12,126514
24295,VIBRA ENERGIA S/A,2023Q2,2023-06-30,2023-08-14,130370
24295,VIBRA ENERGIA S/A,2023Q3,2023-09-30,2023-11-06,131818
24295,VIBRA ENERGIA S/A,2024Q1,2024-03-31,2024-05-08,136685
24295,VIBRA ENERGIA S/A,2024Q2,2024-06-30,2024-08-06,140431
24295,VIBRA ENERGIA S/A,2024Q3,2024-09-30,2024-11-05,142562
24805,VIVARA PARTICIPAÇÕES S.A.,2019Q2,2019-06-30,2019-09-18,86893
24805,VIVARA PARTICIPAÇÕES S.A.,2019Q3,2019-09-30,2019-11-13,89457
24805,VIVARA PARTICIPAÇÕES S.A.,2020Q1,2020-03-31,2020-05-14,93101
24805,VIVARA PARTICIPAÇÕES S.A.,2020Q2,2020-06-30,2020-08-26,96534
24805,VIVARA PARTICIPAÇÕES S.A.,2020Q3,2020-09-30,2020-11-12,98333
24805,VIVARA PARTICIPAÇÕES S.A.,2021Q1,2021-03-31,2021-05-14,104253
24805,VIVARA PARTICIPAÇÕES S.A.,2021Q2,2021-06-30,2021-08-13,107802
24805,VIVARA PARTICIPAÇÕES S.A.,2021Q3,2021-09-30,2021-11-10,109685
24805,VIVARA PARTICIPAÇÕES S.A.,2022Q1,2022-03-31,2022-05-09,114513
24805,VIVARA PARTICIPAÇÕES S.A.,2022Q2,2022-06-30,2022-08-11,119555
24805,VIVARA PARTICIPAÇÕES S.A.,2022Q3,2022-09-30,2022-11-10,121696
24805,VIVARA PARTICIPAÇÕES S.A.,2023Q1,2023-03-31,2023-05-08,125898
24805,VIVARA PARTICIPAÇÕES S.A.,2023Q2,2023-06-30,2023-08-07,129773
24805,VIVARA PARTICIPAÇÕES S.A.,2023Q3,2023-09-30,2023-11-08,131933
24805,VIVARA PARTICIPAÇÕES S.A.,2024Q1,2024-03-31,2024-05-06,136506
24805,VIVARA PARTICIPAÇÕES S.A.,2024Q2,2024-06-30,2024-08-08,140624
24805,VIVARA PARTICIPAÇÕES S.A.,2024Q3,2024-09-30,2024-11-07,142754
5410,WEG S.A.,2015Q1,2015-03-31,2015-04-29,46193
5410,WEG S.A.,2015Q2,2015-06-30,2015-07-29,49293
5410,WEG S.A.,2015Q3,2015-09-30,2015-10-28,51132
5410,WEG S.A.,2016Q1,2016-03-31,2016-04-20,55186
5410,WEG S.A.,2016Q2,2016-06-30,2016-07-27,58280
5410,WEG S.A.,2016Q3,2016-09-30,2016-10-26,60179
5410,WEG S.A.,2017Q1,2017-03-31,2017-04-26,64436
5410,WEG S.A.,2017Q2,2017-06-30,2017-07-19,67211
5410,WEG S.A.,2017Q3,2017-09-30,2017-10-25,69250
5410,WEG S.A.,2018Q1,2018-03-31,2018-11-05,78619
5410,WEG S.A.,2018Q2,2018-06-30,2018-08-14,77198
5410,WEG S.A.,2018Q3,2018-09-30,2018-10-24,78246
5410,WEG S.A.,2019Q1,2019-03-31,2019-04-24,82335
5410,WEG S.A.,2019Q2,2019-06-30,2019-07-24,85540
5410,WEG S.A.,2019Q3,2019-09-30,2019-10-23,88758
5410,WEG S.A.,2020Q1,2020-03-31,2020-04-29,92574
5410,WEG S.A.,2020Q2,2020-06-30,2020-07-22,94882
5410,WEG S.A.,2020Q3,2020-09-30,2020-10-21,97758
5410,WEG S.A.,2021Q1,2021-03-31,2021-04-28,103112
5410,WEG S.A.,2021Q2,2021-06-30,2021-07-28,106729
5410,WEG S.A.,2021Q3,2021-09-30,2021-10-27,109232
5410,WEG S.A.,2022Q1,2022-03-31,2022-04-27,113968
5410,WEG S.A.,2022Q2,2022-06-30,2022-07-20,118560
5410,WEG S.A.,2022Q3,2022-09-30,2022-10-26,121152
5410,WEG S.A.,2023Q1,2023-03-31,2023-04-26,125438
5410,WEG S.A.,2023Q2,2023-06-30,2023-07-19,129067
5410,WEG S.A.,2023Q3,2023-09-30,2023-10-25,131575
5410,WEG S.A.,2024Q1,2024-03-31,2024-05-02,136105
5410,WEG S.A.,2024Q2,2024-06-30,2024-07-31,140081
5410,WEG S.A.,2024Q3,2024-09-30,2024-10-30,142418
21016,YDUQS PARTICIPACOES S.A.,2015Q1,2015-03-31,2015-05-07,46613
21016,YDUQS PARTICIPACOES S.A.,2015Q2,2015-06-30,2015-08-06,49521
21016,YDUQS PARTICIPACOES S.A.,2015Q3,2015-09-30,2015-11-05,51344
21016,YDUQS PARTICIPACOES S.A.,2016Q1,2016-03-31,2016-05-05,55631
21016,YDUQS PARTICIPACOES S.A.,2016Q2,2016-06-30,2016-08-12,59024
21016,YDUQS PARTICIPACOES S.A.,2016Q3,2016-09-30,2016-11-10,60672
21016,YDUQS PARTICIPACOES S.A.,2017Q1,2017-03-31,2017-04-27,64482
21016,YDUQS PARTICIPACOES S.A.,2017Q2,2017-06-30,2017-07-27,67374
21016,YDUQS PARTICIPACOES S.A.,2017Q3,2017-09-30,2017-10-27,69325
21016,YDUQS PARTICIPACOES S.A.,2018Q1,2018-03-31,2018-04-27,73591
21016,YDUQS PARTICIPACOES S.A.,2018Q2,2018-06-30,2018-08-14,77368
21016,YDUQS PARTICIPACOES S.A.,2018Q3,2018-09-30,2018-11-07,78769
21016,YDUQS PARTICIPACOES S.A.,2019Q1,2019-03-31,2019-05-09,83089
21016,YDUQS PARTICIPACOES S.A.,2019Q2,2019-06-30,2019-08-12,86347
21016,YDUQS PARTICIPACOES S.A.,2019Q3,2019-09-30,2019-11-11,89256
21016,YDUQS PARTICIPACOES S.A.,2020Q1,2020-03-31,2020-05-07,92828
21016,YDUQS PARTICIPACOES S.A.,2020Q2,2020-06-30,2020-08-26,96541
21016,YDUQS PARTICIPACOES S.A.,2020Q3,2020-09-30,2020-11-09,98141
21016,YDUQS PARTICIPACOES S.A.,2021Q1,2021-03-31,2021-05-12,103964
21016,YDUQS PARTICIPACOES S.A.,2021Q2,2021-06-30,2021-08-16,108004
21016,YDUQS PARTICIPACOES S.A.,2021Q3,2021-09-30,2021-11-08,109508
21016,YDUQS PARTICIPACOES S.A.,2022Q1,2022-03-31,2022-05-12,114896
21016,YDUQS PARTICIPACOES S.A.,2022Q2,2022-06-30,2022-08-15,119899
21016,YDUQS PARTICIPACOES S.A.,2022Q3,2022-09-30,2022-11-10,121653
21016,YDUQS PARTICIPACOES S.A.,2023Q1,2023-03-31,2023-05-09,125998
21016,YDUQS PARTICIPACOES S.A.,2023Q2,2023-06-30,2023-08-10,129979
21016,YDUQS PARTICIPACOES S.A.,2023Q3,2023-09-30,2023-11-13,132297
21016,YDUQS PARTICIPACOES S.A.,2024Q1,2024-03-31,2024-05-10,137019
21016,YDUQS PARTICIPACOES S.A.,2024Q2,2024-06-30,2024-08-08,140579
21016,YDUQS PARTICIPACOES S.A.,2024Q3,2024-09-30,2024-11-07,142774
