CD_CVM,ANO,ID_DOC,found,tier,files,DENOM_CIA
22357,2010,7520,False,not_found,[],ALLOS S.A.
22357,2011,16149,False,not_found,[],ALLOS S.A.
22357,2012,24778,True,content_match,"[{'path': 'data\\raw\\dfp_mgmt_report\\22357\\2012\\relatorio_administracao.pdf', 'original_filename': 'C:\\CVM\\EmpresasNet\\Temp\\files\\00002516530000000000000000.pdf.pdf', 'size_bytes': 91375}]",ALLOS S.A.
22357,2013,35169,True,content_match,"[{'path': 'data\\raw\\dfp_mgmt_report\\22357\\2013\\relatorio_administracao.pdf', 'original_filename': 'C:\\CVM\\EmpresasNet\\Temp\\files\\00004716530000000000000000.pdf.pdf', 'size_bytes': 236017}]",ALLOS S.A.
22357,2014,44668,True,content_match,"[{'path': 'data\\raw\\dfp_mgmt_report\\22357\\2014\\relatorio_administracao.pdf', 'original_filename': 'C:\\CVM\\EmpresasNet\\Temp\\files\\00122516530000000000000000.pdf.pdf', 'size_bytes': 109733}]",ALLOS S.A.
10456,2010,6003,False,not_found,[],ALPARGATAS S.A.
10456,2011,23121,False,not_found,[],ALPARGATAS S.A.
10456,2012,40224,False,not_found,[],ALPARGATAS S.A.
10456,2013,40225,False,not_found,[],ALPARGATAS S.A.
10456,2014,44912,False,not_found,[],ALPARGATAS S.A.
23264,2012,32204,True,content_match,"[{'path': 'data\\raw\\dfp_mgmt_report\\23264\\2012\\relatorio_administracao.pdf', 'original_filename': 'C:\\Arquivos de programas\\CVM\\EmpresasNet\\Temp\\files\\00002816530000000000000000.pdf.pdf', 'size_bytes': 119392}]",AMBEV S.A.
23264,2013,35475,True,content_match,"[{'path': 'data\\raw\\dfp_mgmt_report\\23264\\2013\\relatorio_administracao.pdf', 'original_filename': 'C:\\Arquivos de programas\\CVM\\EmpresasNet\\Temp\\files\\00005616530000000000000000.pdf.pdf', 'size_bytes': 217454}]",AMBEV S.A.
23264,2014,44295,True,content_match,"[{'path': 'data\\raw\\dfp_mgmt_report\\23264\\2014\\relatorio_administracao.pdf', 'original_filename': 'C:\\Arquivos de programas\\CVM\\EmpresasNet_V7\\Temp\\files\\00002716530000000000000000.pdf.pdf', 'size_bytes': 222477}]",AMBEV S.A.
20990,2010,5481,True,content_match,"[{'path': 'data\\raw\\dfp_mgmt_report\\20990\\2010\\relatorio_administracao.pdf', 'original_filename': 'C:\\Arquivos de programas\\CVM\\EmpresasNet\\Temp\\files\\00000616530000000000000000.pdf.pdf', 'size_bytes': 503469}]",AMERICANAS S.A. - EM RECUPERAÇÃO JUDICIAL
20990,2011,16136,True,content_match,"[{'path': 'data\\raw\\dfp_mgmt_report\\20990\\2011\\relatorio_administracao.pdf', 'original_filename': 'C:\\Arquivos de programas\\CVM\\EmpresasNet\\Temp\\files\\00001216530000000000000000.pdf.pdf', 'size_bytes': 430028}]",AMERICANAS S.A. - EM RECUPERAÇÃO JUDICIAL
20990,2012,24779,True,content_match,"[{'path': 'data\\raw\\dfp_mgmt_report\\20990\\2012\\relatorio_administracao.pdf', 'original_filename': 'C:\\Arquivos de programas\\CVM\\EmpresasNet\\Temp\\files\\00001616530000000000000000.pdf.pdf', 'size_bytes': 830386}]",AMERICANAS S.A. - EM RECUPERAÇÃO JUDICIAL
20990,2013,35307,True,content_match,"[{'path': 'data\\raw\\dfp_mgmt_report\\20990\\2013\\relatorio_administracao.pdf', 'original_filename': 'C:\\Arquivos de programas\\CVM\\EmpresasNet\\Temp\\files\\00002816530000000000000000.pdf.pdf', 'size_bytes': 535449}]",AMERICANAS S.A. - EM RECUPERAÇÃO JUDICIAL
20990,2014,45058,True,content_match,"[{'path': 'data\\raw\\dfp_mgmt_report\\20990\\2014\\relatorio_administracao.pdf', 'original_filename': 'C:\\CVM\\EmpresasNet\\Temp\\files\\00121016530000000000000000.pdf.pdf', 'size_bytes': 1072039}]",AMERICANAS S.A. - EM RECUPERAÇÃO JUDICIAL
22349,2010,5887,False,not_found,[],AZZAS 2154 S.A.
22349,2011,14619,False,not_found,[],AZZAS 2154 S.A.
22349,2012,24719,False,not_found,[],AZZAS 2154 S.A.
22349,2013,35300,True,content_match,"[{'path': 'data\\raw\\dfp_mgmt_report\\22349\\2013\\relatorio_administracao.pdf', 'original_filename': 'C:\\CVM\\EmpresasNet\\Temp\\files\\00004516530000000000000000.pdf.pdf', 'size_bytes': 507579}]",AZZAS 2154 S.A.
22349,2014,44468,True,content_match,"[{'path': 'data\\raw\\dfp_mgmt_report\\22349\\2014\\relatorio_administracao.pdf', 'original_filename': 'C:\\CVM\\EmpresasNet\\Temp\\files\\00121916530000000000000000.pdf.pdf', 'size_bytes': 506195}]",AZZAS 2154 S.A.
19909,2010,21727,False,not_found,[],BR MALLS PARTICIPACOES S.A.
19909,2011,21729,False,not_found,[],BR MALLS PARTICIPACOES S.A.
19909,2012,24746,True,content_match,"[{'path': 'data\\raw\\dfp_mgmt_report\\19909\\2012\\relatorio_administracao.pdf', 'original_filename': 'C:\\Arquivos de programas\\CVM\\EmpresasNet\\Temp\\files\\00017016530000000000000000.pdf.pdf', 'size_bytes': 65981}]",BR MALLS PARTICIPACOES S.A.
19909,2013,35253,True,content_match,"[{'path': 'data\\raw\\dfp_mgmt_report\\19909\\2013\\relatorio_administracao.pdf', 'original_filename': 'C:\\CVM\\EmpresasNet\\Temp\\files\\00002116530000000000000000.pdf.pdf', 'size_bytes': 45692}]",BR MALLS PARTICIPACOES S.A.
19909,2014,44919,True,content_match,"[{'path': 'data\\raw\\dfp_mgmt_report\\19909\\2014\\relatorio_administracao.pdf', 'original_filename': 'C:\\CVM\\EmpresasNet\\Temp\\files\\00120416530000000000000000.docx.pdf', 'size_bytes': 84676}]",BR MALLS PARTICIPACOES S.A.
19925,2010,5372,False,not_found,[],BR PROPERTIES S.A.
19925,2011,19623,False,not_found,[],BR PROPERTIES S.A.
19925,2012,24306,True,content_match,"[{'path': 'data\\raw\\dfp_mgmt_report\\19925\\2012\\relatorio_administracao.pdf', 'original_filename': 'C:\\CVM\\EmpresasNet\\Temp\\files\\00018716530000000000000000.pdf.pdf', 'size_bytes': 224617}]",BR PROPERTIES S.A.
19925,2013,34595,True,content_match,"[{'path': 'data\\raw\\dfp_mgmt_report\\19925\\2013\\relatorio_administracao.pdf', 'original_filename': 'C:\\CVM\\EmpresasNet\\Temp\\files\\00036504120000000000000000.pdf.pdf', 'size_bytes': 1103689}]",BR PROPERTIES S.A.
19925,2014,44050,True,content_match,"[{'path': 'data\\raw\\dfp_mgmt_report\\19925\\2014\\relatorio_administracao.pdf', 'original_filename': 'C:\\CVM\\EmpresasNet7\\Temp\\files\\00027004120000000000000000.pdf.pdf', 'size_bytes': 1056675}]",BR PROPERTIES S.A.
18724,2010,5596,True,content_match,"[{'path': 'data\\raw\\dfp_mgmt_report\\18724\\2010\\relatorio_administracao.pdf', 'original_filename': 'C:\\Arquivos de programas\\CVM\\EmpresasNet\\Temp\\files\\00001216530000000000000000.pdf.pdf', 'size_bytes': 145096}]",BRADESPAR S.A.
18724,2011,15100,True,content_match,"[{'path': 'data\\raw\\dfp_mgmt_report\\18724\\2011\\relatorio_administracao.pdf', 'original_filename': 'C:\\Arquivos de programas\\CVM\\EmpresasNet\\Temp\\files\\00004616530000000000000000.pdf.pdf', 'size_bytes': 410939}]",BRADESPAR S.A.
18724,2012,25064,True,content_match,"[{'path': 'data\\raw\\dfp_mgmt_report\\18724\\2012\\relatorio_administracao.pdf', 'original_filename': 'C:\\CVM\\EmpresasNet\\Temp\\files\\00003616530000000000000000.pdf.pdf', 'size_bytes': 280915}]",BRADESPAR S.A.
18724,2013,35387,True,content_match,"[{'path': 'data\\raw\\dfp_mgmt_report\\18724\\2013\\relatorio_administracao.pdf', 'original_filename': 'C:\\CVM\\EmpresasNet\\Temp\\files\\00010116530000000000000000.pdf.pdf', 'size_bytes': 324551}]",BRADESPAR S.A.
18724,2014,45084,True,content_match,"[{'path': 'data\\raw\\dfp_mgmt_report\\18724\\2014\\relatorio_administracao.pdf', 'original_filename': 'C:\\CVM\\EmpresasNet\\Temp\\files\\00119816530000000000000000.pdf.pdf', 'size_bytes': 470127}]",BRADESPAR S.A.
4820,2010,5303,False,not_found,[],BRASKEM S.A.
4820,2011,15385,True,content_match,"[{'path': 'data\\raw\\dfp_mgmt_report\\4820\\2011\\relatorio_administracao.pdf', 'original_filename': 'C:\\Program Files\\CVM\\EmpresasNet\\Temp\\files\\00002816530000000000000000.pdf.pdf', 'size_bytes': 1098824}]",BRASKEM S.A.
4820,2012,24137,True,content_match,"[{'path': 'data\\raw\\dfp_mgmt_report\\4820\\2012\\relatorio_administracao.pdf', 'original_filename': 'C:\\CVM\\EmpresasNet\\Temp\\files\\00003116530000000000000000.pdf.pdf', 'size_bytes': 1178414}]",BRASKEM S.A.
4820,2013,35243,True,content_match,"[{'path': 'data\\raw\\dfp_mgmt_report\\4820\\2013\\relatorio_administracao.pdf', 'original_filename': 'C:\\CVM\\EmpresasNet\\Temp\\files\\00006316530000000000000000.pdf.pdf', 'size_bytes': 651732}]",BRASKEM S.A.
4820,2014,44019,True,content_match,"[{'path': 'data\\raw\\dfp_mgmt_report\\4820\\2014\\relatorio_administracao.pdf', 'original_filename': 'C:\\CVM\\EmpresasNet\\Temp\\files\\00007916530000000000000000.pdf.pdf', 'size_bytes': 892945}]",BRASKEM S.A.
16292,2010,6508,True,content_match,"[{'path': 'data\\raw\\dfp_mgmt_report\\16292\\2010\\relatorio_administracao.pdf', 'original_filename': 'C:\\Arquivos de programas\\CVM\\EmpresasNet\\Temp\\files\\00000404130000000000000000.pdf.pdf', 'size_bytes': 3055}]",BRF S.A.
16292,2011,15260,False,not_found,[],BRF S.A.
16292,2012,24657,False,not_found,[],BRF S.A.
16292,2013,34932,False,not_found,[],BRF S.A.
16292,2014,44337,False,not_found,[],BRF S.A.
18821,2010,5330,True,content_match,"[{'path': 'data\\raw\\dfp_mgmt_report\\18821\\2010\\relatorio_administracao.pdf', 'original_filename': 'C:\\Program Files\\CVM\\EmpresasNet\\Temp\\files\\00002216530000000000000000.docx.pdf', 'size_bytes': 386058}]",CCR S.A.
18821,2011,14776,True,content_match,"[{'path': 'data\\raw\\dfp_mgmt_report\\18821\\2011\\relatorio_administracao.pdf', 'original_filename': 'C:\\Program Files\\CVM\\EmpresasNet\\Temp\\files\\00007016530000000000000000.pdf.pdf', 'size_bytes': 153632}]",CCR S.A.
18821,2012,25009,True,content_match,"[{'path': 'data\\raw\\dfp_mgmt_report\\18821\\2012\\relatorio_administracao.pdf', 'original_filename': 'C:\\CVM\\EmpresasNet\\Temp\\files\\00004816530000000000000000.pdf.pdf', 'size_bytes': 143343}]",CCR S.A.
18821,2013,35137,True,content_match,"[{'path': 'data\\raw\\dfp_mgmt_report\\18821\\2013\\relatorio_administracao.pdf', 'original_filename': 'C:\\CVM\\EmpresasNet\\Temp\\files\\00014116530000000000000000.pdf.pdf', 'size_bytes': 119810}]",CCR S.A.
18821,2014,45811,True,content_match,"[{'path': 'data\\raw\\dfp_mgmt_report\\18821\\2014\\relatorio_administracao.pdf', 'original_filename': 'C:\\CVM\\EmpresasNet\\Temp\\files\\00132204190000000000000000.pdf.pdf', 'size_bytes': 100262}]",CCR S.A.
2437,2010,15148,True,content_match,"[{'path': 'data\\raw\\dfp_mgmt_report\\2437\\2010\\relatorio_administracao.pdf', 'original_filename': 'C:\\Program Files\\CVM\\EmpresasNet\\Temp\\files\\00001416530000000000000000.pdf.pdf', 'size_bytes': 2643864}]",CENTRAIS ELET BRAS S.A. - ELETROBRAS
2437,2011,16247,True,content_match,"[{'path': 'data\\raw\\dfp_mgmt_report\\2437\\2011\\relatorio_administracao.pdf', 'original_filename': 'C:\\CVM\\EmpresasNet\\Temp\\files\\00000716530000000000000000.pdf.pdf', 'size_bytes': 3161306}]",CENTRAIS ELET BRAS S.A. - ELETROBRAS
2437,2012,26089,True,content_match,"[{'path': 'data\\raw\\dfp_mgmt_report\\2437\\2012\\relatorio_administracao.pdf', 'original_filename': 'C:\\CVM\\EmpresasNet\\Temp\\files\\00002316530000000000000000.pdf.pdf', 'size_bytes': 1167901}]",CENTRAIS ELET BRAS S.A. - ELETROBRAS
2437,2013,36071,True,content_match,"[{'path': 'data\\raw\\dfp_mgmt_report\\2437\\2013\\relatorio_administracao.pdf', 'original_filename': 'C:\\CVM\\EmpresasNet\\Temp\\files\\00000716530000000000000000.pdf.pdf', 'size_bytes': 1705891}]",CENTRAIS ELET BRAS S.A. - ELETROBRAS
2437,2014,45901,True,content_match,"[{'path': 'data\\raw\\dfp_mgmt_report\\2437\\2014\\relatorio_administracao.pdf', 'original_filename': 'C:\\CVM\\EmpresasNet\\Temp\\files\\00120816530000000000000000.pdf.pdf', 'size_bytes': 3340502}]",CENTRAIS ELET BRAS S.A. - ELETROBRAS
2577,2010,6343,True,content_match,"[{'path': 'data\\raw\\dfp_mgmt_report\\2577\\2010\\relatorio_administracao.pdf', 'original_filename': 'C:\\Arquivos de programas\\CVM\\EmpresasNet\\Temp\\files\\00000816530000000000000000.pdf.pdf', 'size_bytes': 202055}]",CESP - CIA ENERGETICA DE SAO PAULO
2577,2011,15266,True,content_match,"[{'path': 'data\\raw\\dfp_mgmt_report\\2577\\2011\\relatorio_administracao.pdf', 'original_filename': 'C:\\Arquivos de programas\\CVM\\EmpresasNet\\Temp\\files\\00000616530000000000000000.docx.pdf', 'size_bytes': 149284}]",CESP - CIA ENERGETICA DE SAO PAULO
2577,2012,25195,True,content_match,"[{'path': 'data\\raw\\dfp_mgmt_report\\2577\\2012\\relatorio_administracao.pdf', 'original_filename': 'C:\\CVM\\EmpresasNet\\Temp\\files\\00001916530000000000000000.docx.pdf', 'size_bytes': 205874}]",CESP - CIA ENERGETICA DE SAO PAULO
2577,2013,35426,True,content_match,"[{'path': 'data\\raw\\dfp_mgmt_report\\2577\\2013\\relatorio_administracao.pdf', 'original_filename': 'C:\\CVM\\EmpresasNet\\Temp\\files\\00002616530000000000000000.docx.pdf', 'size_bytes': 211546}]",CESP - CIA ENERGETICA DE SAO PAULO
2577,2014,45412,True,content_match,"[{'path': 'data\\raw\\dfp_mgmt_report\\2577\\2014\\relatorio_administracao.pdf', 'original_filename': 'C:\\CVM\\EmpresasNet\\Temp\\files\\00121616530000000000000000.docx.pdf', 'size_bytes': 212086}]",CESP - CIA ENERGETICA DE SAO PAULO
14826,2010,7730,False,not_found,[],CIA BRASILEIRA DE DISTRIBUICAO
14826,2011,14402,False,not_found,[],CIA BRASILEIRA DE DISTRIBUICAO
14826,2012,24367,False,not_found,[],CIA BRASILEIRA DE DISTRIBUICAO
14826,2013,35298,False,not_found,[],CIA BRASILEIRA DE DISTRIBUICAO
14826,2014,44071,False,not_found,[],CIA BRASILEIRA DE DISTRIBUICAO
2453,2010,6653,True,content_match,"[{'path': 'data\\raw\\dfp_mgmt_report\\2453\\2010\\relatorio_administracao.pdf', 'original_filename': 'D:\\EmpresasNet\\Temp\\files\\00000216530000000000000000.pdf.pdf', 'size_bytes': 1531924}]",CIA ENERGETICA DE MINAS GERAIS - CEMIG
2453,2011,15488,True,content_match,"[{'path': 'data\\raw\\dfp_mgmt_report\\2453\\2011\\relatorio_administracao.pdf', 'original_filename': 'C:\\Program Files\\CVM\\EmpresasNet\\Temp\\files\\00004216530000000000000000.pdf.pdf', 'size_bytes': 1080420}]",CIA ENERGETICA DE MINAS GERAIS - CEMIG
2453,2012,26149,True,content_match,"[{'path': 'data\\raw\\dfp_mgmt_report\\2453\\2012\\relatorio_administracao.pdf', 'original_filename': 'C:\\CVM\\EmpresasNet\\Temp\\files\\00007516530000000000000000.pdf.pdf', 'size_bytes': 1511921}]",CIA ENERGETICA DE MINAS GERAIS - CEMIG
2453,2013,36107,True,content_match,"[{'path': 'data\\raw\\dfp_mgmt_report\\2453\\2013\\relatorio_administracao.pdf', 'original_filename': 'C:\\CVM\\EmpresasNet\\Temp\\files\\00013116530000000000000000.pdf.pdf', 'size_bytes': 1693355}]",CIA ENERGETICA DE MINAS GERAIS - CEMIG
2453,2014,45347,True,content_match,"[{'path': 'data\\raw\\dfp_mgmt_report\\2453\\2014\\relatorio_administracao.pdf', 'original_filename': 'C:\\CVM\\EmpresasNet\\Temp\\files\\00123216530000000000000000.pdf.pdf', 'size_bytes': 1986492}]",CIA ENERGETICA DE MINAS GERAIS - CEMIG
14761,2010,5143,True,content_match,"[{'path': 'data\\raw\\dfp_mgmt_report\\14761\\2010\\relatorio_administracao.pdf', 'original_filename': 'C:\\Program Files\\CVM\\EmpresasNet\\Temp\\files\\00000116530000000000000000.pdf.pdf', 'size_bytes': 435828}]",CIA HERING
14761,2011,14615,False,not_found,[],CIA HERING
14761,2012,24394,False,not_found,[],CIA HERING
14761,2013,34703,False,not_found,[],CIA HERING
14761,2014,44328,False,not_found,[],CIA HERING
14311,2010,5889,True,content_match,"[{'path': 'data\\raw\\dfp_mgmt_report\\14311\\2010\\relatorio_administracao.pdf', 'original_filename': 'C:\\Arquivos de programas\\CVM\\EmpresasNet\\Temp\\files\\00000216530000000000000000.pdf.pdf', 'size_bytes': 448028}]",CIA PARANAENSE DE ENERGIA - COPEL
14311,2011,15394,True,content_match,"[{'path': 'data\\raw\\dfp_mgmt_report\\14311\\2011\\relatorio_administracao.pdf', 'original_filename': 'C:\\Arquivos de programas\\CVM\\EmpresasNet\\Temp\\files\\00002016530000000000000000.pdf.pdf', 'size_bytes': 439646}]",CIA PARANAENSE DE ENERGIA - COPEL
14311,2012,25260,True,content_match,"[{'path': 'data\\raw\\dfp_mgmt_report\\14311\\2012\\relatorio_administracao.pdf', 'original_filename': 'C:\\CVM\\EmpresasNet\\Temp\\files\\00013216530000000000000000.pdf.pdf', 'size_bytes': 272123}]",CIA PARANAENSE DE ENERGIA - COPEL
14311,2013,41476,True,content_match,"[{'path': 'data\\raw\\dfp_mgmt_report\\14311\\2013\\relatorio_administracao.pdf', 'original_filename': 'C:\\CVM\\Temp\\files\\00000616530000000000000000.pdf.pdf', 'size_bytes': 306900}]",CIA PARANAENSE DE ENERGIA - COPEL
14311,2014,45144,True,content_match,"[{'path': 'data\\raw\\dfp_mgmt_report\\14311\\2014\\relatorio_administracao.pdf', 'original_filename': 'C:\\CVM\\EmpresasNet\\Temp\\files\\00120116530000000000000000.pdf.pdf', 'size_bytes': 793115}]",CIA PARANAENSE DE ENERGIA - COPEL
14443,2010,5881,True,content_match,"[{'path': 'data\\raw\\dfp_mgmt_report\\14443\\2010\\relatorio_administracao.pdf', 'original_filename': 'C:\\Arquivos de programas\\CVM\\EmpresasNet\\Temp\\files\\00000316530000000000000000.pdf.pdf', 'size_bytes': 2421807}]",CIA SANEAMENTO BASICO EST SAO PAULO
14443,2011,15327,False,not_found,[],CIA SANEAMENTO BASICO EST SAO PAULO
14443,2012,25223,False,not_found,[],CIA SANEAMENTO BASICO EST SAO PAULO
14443,2013,35848,False,not_found,[],CIA SANEAMENTO BASICO EST SAO PAULO
14443,2014,45337,True,content_match,"[{'path': 'data\\raw\\dfp_mgmt_report\\14443\\2014\\relatorio_administracao.pdf', 'original_filename': 'C:\\CVM\\EmpresasNet\\Temp\\files\\00122716530000000000000000.pdf.pdf', 'size_bytes': 681546}]",CIA SANEAMENTO BASICO EST SAO PAULO
19445,2010,5323,True,content_match,"[{'path': 'data\\raw\\dfp_mgmt_report\\19445\\2010\\relatorio_administracao.pdf', 'original_filename': 'C:\\Arquivos de programas\\CVM\\EmpresasNet\\Temp\\files\\00000216530000000000000000.pdf.pdf', 'size_bytes': 548667}]",CIA SANEAMENTO DE MINAS GERAIS-COPASA MG
19445,2011,14868,True,content_match,"[{'path': 'data\\raw\\dfp_mgmt_report\\19445\\2011\\relatorio_administracao.pdf', 'original_filename': 'C:\\Arquivos de programas\\CVM\\EmpresasNet\\Temp\\files\\00002016530000000000000000.pdf.pdf', 'size_bytes': 549151}]",CIA SANEAMENTO DE MINAS GERAIS-COPASA MG
19445,2012,24718,True,content_match,"[{'path': 'data\\raw\\dfp_mgmt_report\\19445\\2012\\relatorio_administracao.pdf', 'original_filename': 'C:\\CVM\\EmpresasNet\\Temp\\files\\00001716530000000000000000.pdf.pdf', 'size_bytes': 485212}]",CIA SANEAMENTO DE MINAS GERAIS-COPASA MG
19445,2013,34244,True,content_match,"[{'path': 'data\\raw\\dfp_mgmt_report\\19445\\2013\\relatorio_administracao.pdf', 'original_filename': 'C:\\CVM\\EmpresasNet\\Temp\\files\\00004216530000000000000000.pdf.pdf', 'size_bytes': 684244}]",CIA SANEAMENTO DE MINAS GERAIS-COPASA MG
19445,2014,45826,True,content_match,"[{'path': 'data\\raw\\dfp_mgmt_report\\19445\\2014\\relatorio_administracao.pdf', 'original_filename': 'C:\\CVM\\EmpresasNet\\Temp\\files\\00121816530000000000000000.pdf.pdf', 'size_bytes': 528702}]",CIA SANEAMENTO DE MINAS GERAIS-COPASA MG
18627,2010,5592,False,not_found,[],CIA SANEAMENTO DO PARANA - SANEPAR
18627,2011,35851,False,not_found,[],CIA SANEAMENTO DO PARANA - SANEPAR
18627,2012,34800,False,not_found,[],CIA SANEAMENTO DO PARANA - SANEPAR
18627,2013,34808,False,not_found,[],CIA SANEAMENTO DO PARANA - SANEPAR
18627,2014,60081,True,content_match,"[{'path': 'data\\raw\\dfp_mgmt_report\\18627\\2014\\relatorio_administracao.pdf', 'original_filename': 'C:\\CVM\\EmpresasNet\\Temp\\files\\00123216530000000000000000.pdf.pdf', 'size_bytes': 4163808}]",CIA SANEAMENTO DO PARANA - SANEPAR
4030,2010,5742,False,not_found,[],CIA SIDERURGICA NACIONAL
4030,2011,15383,False,not_found,[],CIA SIDERURGICA NACIONAL
4030,2012,25741,True,content_match,"[{'path': 'data\\raw\\dfp_mgmt_report\\4030\\2012\\relatorio_administracao.pdf', 'original_filename': 'C:\\Arquivos de programas\\CVM\\EmpresasNet\\Temp\\files\\00001416530000000000000000.pdf.pdf', 'size_bytes': 94101}]",CIA SIDERURGICA NACIONAL
4030,2013,34941,True,content_match,"[{'path': 'data\\raw\\dfp_mgmt_report\\4030\\2013\\relatorio_administracao.pdf', 'original_filename': 'C:\\Arquivos de programas\\CVM\\EmpresasNet\\Temp\\files\\00002816530000000000000000.pdf.pdf', 'size_bytes': 122683}]",CIA SIDERURGICA NACIONAL
4030,2014,44924,True,content_match,"[{'path': 'data\\raw\\dfp_mgmt_report\\4030\\2014\\relatorio_administracao.pdf', 'original_filename': 'C:\\CVM\\EmpresasNet\\Temp\\files\\00119316530000000000000000.pdf.pdf', 'size_bytes': 488856}]",CIA SIDERURGICA NACIONAL
17973,2010,8746,True,content_match,"[{'path': 'data\\raw\\dfp_mgmt_report\\17973\\2010\\relatorio_administracao.pdf', 'original_filename': 'C:\\Program Files\\CVM\\EmpresasNet\\Temp\\files\\00000716530000000000000000.pdf.pdf', 'size_bytes': 92970}]",COGNA EDUCAÇÃO S.A.
17973,2011,15551,True,content_match,"[{'path': 'data\\raw\\dfp_mgmt_report\\17973\\2011\\relatorio_administracao.pdf', 'original_filename': 'C:\\CVM\\EmpresasNet\\Temp\\files\\00000416530000000000000000.pdf.pdf', 'size_bytes': 43369}]",COGNA EDUCAÇÃO S.A.
17973,2012,25077,True,content_match,"[{'path': 'data\\raw\\dfp_mgmt_report\\17973\\2012\\relatorio_administracao.pdf', 'original_filename': 'C:\\CVM\\EmpresasNet\\Temp\\files\\00001016530000000000000000.pdf.pdf', 'size_bytes': 50633}]",COGNA EDUCAÇÃO S.A.
17973,2013,35262,True,content_match,"[{'path': 'data\\raw\\dfp_mgmt_report\\17973\\2013\\relatorio_administracao.pdf', 'original_filename': 'C:\\CVM\\EmpresasNet\\Temp\\files\\00001616530000000000000000.pdf.pdf', 'size_bytes': 66739}]",COGNA EDUCAÇÃO S.A.
17973,2014,46008,True,content_match,"[{'path': 'data\\raw\\dfp_mgmt_report\\17973\\2014\\relatorio_administracao.pdf', 'original_filename': 'C:\\CVM\\EmpresasNet\\Temp\\files\\00119316530000000000000000.pdf.pdf', 'size_bytes': 82957}]",COGNA EDUCAÇÃO S.A.
22691,2010,17603,True,content_match,"[{'path': 'data\\raw\\dfp_mgmt_report\\22691\\2010\\relatorio_administracao.pdf', 'original_filename': 'C:\\Arquivos de programas\\CVM\\EmpresasNet\\Temp\\files\\00000816530000000000000000.pdf.pdf', 'size_bytes': 76841}]",COMPANHIA DE LOCAÇÃO DAS AMÉRICAS
22691,2011,17602,True,content_match,"[{'path': 'data\\raw\\dfp_mgmt_report\\22691\\2011\\relatorio_administracao.pdf', 'original_filename': 'C:\\Arquivos de programas\\CVM\\EmpresasNet\\Temp\\files\\00001016530000000000000000.pdf.pdf', 'size_bytes': 156812}]",COMPANHIA DE LOCAÇÃO DAS AMÉRICAS
22691,2012,24911,True,content_match,"[{'path': 'data\\raw\\dfp_mgmt_report\\22691\\2012\\relatorio_administracao.pdf', 'original_filename': 'C:\\Arquivos de programas\\CVM\\EmpresasNet\\Temp\\files\\00004916530000000000000000.pdf.pdf', 'size_bytes': 445988}]",COMPANHIA DE LOCAÇÃO DAS AMÉRICAS
22691,2013,35380,True,content_match,"[{'path': 'data\\raw\\dfp_mgmt_report\\22691\\2013\\relatorio_administracao.pdf', 'original_filename': 'C:\\CVM\\EmpresasNet\\Temp\\files\\00010716530000000000000000.pdf.pdf', 'size_bytes': 626781}]",COMPANHIA DE LOCAÇÃO DAS AMÉRICAS
22691,2014,45221,True,content_match,"[{'path': 'data\\raw\\dfp_mgmt_report\\22691\\2014\\relatorio_administracao.pdf', 'original_filename': 'C:\\CVM\\EmpresasNet\\Temp\\files\\00119616530000000000000000.pdf.pdf', 'size_bytes': 35660}]",COMPANHIA DE LOCAÇÃO DAS AMÉRICAS
19836,2011,9577,True,content_match,"[{'path': 'data\\raw\\dfp_mgmt_report\\19836\\2011\\relatorio_administracao.pdf', 'original_filename': 'C:\\Arquivos de programas\\CVM\\EmpresasNet\\Temp\\files\\00000116530000000000000000.pdf.pdf', 'size_bytes': 253305}]",COSAN S.A.
19836,2012,18623,True,content_match,"[{'path': 'data\\raw\\dfp_mgmt_report\\19836\\2012\\relatorio_administracao.pdf', 'original_filename': 'C:\\Arquivos de programas\\CVM\\EmpresasNet\\Temp\\files\\00000916530000000000000000.pdf.pdf', 'size_bytes': 1392969}]",COSAN S.A.
19836,2013,29189,True,content_match,"[{'path': 'data\\raw\\dfp_mgmt_report\\19836\\2013\\relatorio_administracao.pdf', 'original_filename': 'C:\\CVM\\EmpresasNet\\Temp\\files\\00002316530000000000000000.pdf.pdf', 'size_bytes': 656798}]",COSAN S.A.
19836,2013,34913,True,content_match,"[{'path': 'data\\raw\\dfp_mgmt_report\\19836\\2013\\relatorio_administracao.pdf', 'original_filename': 'C:\\CVM\\EmpresasNet\\Temp\\files\\00003716530000000000000000.pdf.pdf', 'size_bytes': 432963}]",COSAN S.A.
19836,2014,45071,True,content_match,"[{'path': 'data\\raw\\dfp_mgmt_report\\19836\\2014\\relatorio_administracao.pdf', 'original_filename': 'C:\\CVM\\EmpresasNet\\Temp\\files\\00120016530000000000000000.pdf.pdf', 'size_bytes': 144733}]",COSAN S.A.
18660,2010,5752,True,content_match,"[{'path': 'data\\raw\\dfp_mgmt_report\\18660\\2010\\relatorio_administracao.pdf', 'original_filename': 'C:\\Arquivos de programas\\CVM\\EmpresasNet\\Temp\\files\\00000416530000000000000000.pdf.pdf', 'size_bytes': 727719}]",CPFL ENERGIA S.A.
18660,2011,14930,True,content_match,"[{'path': 'data\\raw\\dfp_mgmt_report\\18660\\2011\\relatorio_administracao.pdf', 'original_filename': 'C:\\Program Files\\CVM\\EmpresasNet\\Temp\\files\\00000816530000000000000000.docx.pdf', 'size_bytes': 649827}]",CPFL ENERGIA S.A.
18660,2012,24909,True,content_match,"[{'path': 'data\\raw\\dfp_mgmt_report\\18660\\2012\\relatorio_administracao.pdf', 'original_filename': 'C:\\Arquivos de programas\\CVM\\EmpresasNet\\Temp\\files\\00001516530000000000000000.pdf.pdf', 'size_bytes': 777014}]",CPFL ENERGIA S.A.
18660,2013,35644,True,content_match,"[{'path': 'data\\raw\\dfp_mgmt_report\\18660\\2013\\relatorio_administracao.pdf', 'original_filename': 'C:\\CVM\\EmpresasNet\\Temp\\files\\00014416530000000000000000.docx.pdf', 'size_bytes': 932231}]",CPFL ENERGIA S.A.
18660,2014,45342,True,content_match,"[{'path': 'data\\raw\\dfp_mgmt_report\\18660\\2014\\relatorio_administracao.pdf', 'original_filename': 'C:\\CVM\\EmpresasNet\\Temp\\files\\00121116530000000000000000.pdf.pdf', 'size_bytes': 1087292}]",CPFL ENERGIA S.A.
18376,2010,6642,True,content_match,"[{'path': 'data\\raw\\dfp_mgmt_report\\18376\\2010\\relatorio_administracao.pdf', 'original_filename': 'C:\\Arquivos de programas\\CVM\\EmpresasNet\\V3\\Temp\\files\\00000416530000000000000000.pdf.pdf', 'size_bytes': 211246}]",CTEEP - CIA TRANSMISSÃO ENERGIA ELÉTRICA PAULISTA
18376,2011,15060,True,content_match,"[{'path': 'data\\raw\\dfp_mgmt_report\\18376\\2011\\relatorio_administracao.pdf', 'original_filename': 'C:\\Arquivos de programas\\CVM\\EmpresasNet\\Temp\\files\\00001316530000000000000000.pdf.pdf', 'size_bytes': 168493}]",CTEEP - CIA TRANSMISSÃO ENERGIA ELÉTRICA PAULISTA
18376,2012,24462,False,not_found,[],CTEEP - CIA TRANSMISSÃO ENERGIA ELÉTRICA PAULISTA
18376,2013,34923,True,content_match,"[{'path': 'data\\raw\\dfp_mgmt_report\\18376\\2013\\relatorio_administracao.pdf', 'original_filename': 'C:\\CVM\\EmpresasNet\\Temp\\files\\00003616530000000000000000.pdf.pdf', 'size_bytes': 134850}]",CTEEP - CIA TRANSMISSÃO ENERGIA ELÉTRICA PAULISTA
18376,2014,44330,False,not_found,[],CTEEP - CIA TRANSMISSÃO ENERGIA ELÉTRICA PAULISTA
23310,2012,33545,True,content_match,"[{'path': 'data\\raw\\dfp_mgmt_report\\23310\\2012\\relatorio_administracao.pdf', 'original_filename': 'C:\\CVM\\EmpresasNet\\Temp\\files\\00005116530000000000000000.pdf.pdf', 'size_bytes': 611306}]",CVC BRASIL OPERADORA E AGÊNCIA DE VIAGENS S.A.
23310,2013,34340,False,not_found,[],CVC BRASIL OPERADORA E AGÊNCIA DE VIAGENS S.A.
23310,2014,43952,False,not_found,[],CVC BRASIL OPERADORA E AGÊNCIA DE VIAGENS S.A.
14460,2010,5876,False,not_found,[],CYRELA BRAZIL REALTY S.A.EMPREEND E PART
14460,2011,15395,False,not_found,[],CYRELA BRAZIL REALTY S.A.EMPREEND E PART
14460,2012,25161,False,not_found,[],CYRELA BRAZIL REALTY S.A.EMPREEND E PART
14460,2013,35386,False,not_found,[],CYRELA BRAZIL REALTY S.A.EMPREEND E PART
14460,2014,45105,False,not_found,[],CYRELA BRAZIL REALTY S.A.EMPREEND E PART
21091,2010,4753,False,not_found,[],DEXCO S.A.
21091,2011,14404,True,content_match,"[{'path': 'data\\raw\\dfp_mgmt_report\\21091\\2011\\relatorio_administracao.pdf', 'original_filename': 'C:\\Arquivos de programas\\CVM\\EmpresasNet\\Temp\\files\\00002816530000000000000000.pdf.pdf', 'size_bytes': 169650}]",DEXCO S.A.
21091,2012,24420,True,content_match,"[{'path': 'data\\raw\\dfp_mgmt_report\\21091\\2012\\relatorio_administracao.pdf', 'original_filename': 'C:\\Program Files (x86)\\CVM\\EmpresasNet\\Temp\\files\\00006516530000000000000000.docx.pdf', 'size_bytes': 343922}]",DEXCO S.A.
21091,2013,34610,True,content_match,"[{'path': 'data\\raw\\dfp_mgmt_report\\21091\\2013\\relatorio_administracao.pdf', 'original_filename': 'C:\\CVM\\EmpresasNet\\Temp\\files\\00010616530000000000000000.docx.pdf', 'size_bytes': 580460}]",DEXCO S.A.
21091,2014,43803,True,content_match,"[{'path': 'data\\raw\\dfp_mgmt_report\\21091\\2014\\relatorio_administracao.pdf', 'original_filename': 'C:\\CVM\\EmpresasNet\\Temp\\files\\00002216530000000000000000.docx.pdf', 'size_bytes': 191798}]",DEXCO S.A.
19623,2010,5703,True,content_match,"[{'path': 'data\\raw\\dfp_mgmt_report\\19623\\2010\\relatorio_administracao.pdf', 'original_filename': 'C:\\Program Files\\CVM\\EmpresasNet\\Temp\\files\\00001316530000000000000000.pdf.pdf', 'size_bytes': 80850}]",DIAGNOSTICOS DA AMERICA S.A.
19623,2011,15393,True,content_match,"[{'path': 'data\\raw\\dfp_mgmt_report\\19623\\2011\\relatorio_administracao.pdf', 'original_filename': 'C:\\Program Files\\CVM\\EmpresasNet\\Temp\\files\\00003316530000000000000000.pdf.pdf', 'size_bytes': 83817}]",DIAGNOSTICOS DA AMERICA S.A.
19623,2012,24839,True,content_match,"[{'path': 'data\\raw\\dfp_mgmt_report\\19623\\2012\\relatorio_administracao.pdf', 'original_filename': 'C:\\CVM\\EmpresasNet\\Temp\\files\\00003216530000000000000000.pdf.pdf', 'size_bytes': 92625}]",DIAGNOSTICOS DA AMERICA S.A.
19623,2013,35471,True,content_match,"[{'path': 'data\\raw\\dfp_mgmt_report\\19623\\2013\\relatorio_administracao.pdf', 'original_filename': 'C:\\CVM\\EmpresasNet\\Temp\\files\\00005516530000000000000000.pdf.pdf', 'size_bytes': 107377}]",DIAGNOSTICOS DA AMERICA S.A.
19623,2014,45162,True,content_match,"[{'path': 'data\\raw\\dfp_mgmt_report\\19623\\2014\\relatorio_administracao.pdf', 'original_filename': 'C:\\CVM\\EmpresasNet\\Temp\\files\\00119316530000000000000000.pdf.pdf', 'size_bytes': 402303}]",DIAGNOSTICOS DA AMERICA S.A.
21350,2010,6336,False,not_found,[],DIRECIONAL ENGENHARIA S.A.
21350,2011,14949,False,not_found,[],DIRECIONAL ENGENHARIA S.A.
21350,2012,25252,False,not_found,[],DIRECIONAL ENGENHARIA S.A.
21350,2013,35251,False,not_found,[],DIRECIONAL ENGENHARIA S.A.
21350,2014,45000,False,not_found,[],DIRECIONAL ENGENHARIA S.A.
19453,2010,8103,True,content_match,"[{'path': 'data\\raw\\dfp_mgmt_report\\19453\\2010\\relatorio_administracao.pdf', 'original_filename': 'C:\\Arquivos de programas\\CVM\\EmpresasNet\\Temp\\files\\00001316530000000000000000.doc.pdf', 'size_bytes': 311161}]",ECORODOVIAS INFRAESTRUTURA E LOGÍSTICA S.A.
19453,2011,15053,True,content_match,"[{'path': 'data\\raw\\dfp_mgmt_report\\19453\\2011\\relatorio_administracao.pdf', 'original_filename': 'C:\\Arquivos de programas\\CVM\\EmpresasNet\\Temp\\files\\00011416530000000000000000.pdf.pdf', 'size_bytes': 125377}]",ECORODOVIAS INFRAESTRUTURA E LOGÍSTICA S.A.
19453,2012,24951,True,content_match,"[{'path': 'data\\raw\\dfp_mgmt_report\\19453\\2012\\relatorio_administracao.pdf', 'original_filename': 'C:\\CVM\\EmpresasNet\\Temp\\files\\00004116530000000000000000.pdf.pdf', 'size_bytes': 228634}]",ECORODOVIAS INFRAESTRUTURA E LOGÍSTICA S.A.
19453,2013,35292,True,content_match,"[{'path': 'data\\raw\\dfp_mgmt_report\\19453\\2013\\relatorio_administracao.pdf', 'original_filename': 'C:\\CVM\\EmpresasNet\\Temp\\files\\00010716530000000000000000.pdf.pdf', 'size_bytes': 294371}]",ECORODOVIAS INFRAESTRUTURA E LOGÍSTICA S.A.
19453,2014,45024,True,content_match,"[{'path': 'data\\raw\\dfp_mgmt_report\\19453\\2014\\relatorio_administracao.pdf', 'original_filename': 'C:\\CVM\\EmpresasNet\\Temp\\files\\00124416530000000000000000.pdf.pdf', 'size_bytes': 536611}]",ECORODOVIAS INFRAESTRUTURA E LOGÍSTICA S.A.
19763,2010,5393,True,content_match,"[{'path': 'data\\raw\\dfp_mgmt_report\\19763\\2010\\relatorio_administracao.pdf', 'original_filename': 'C:\\Arquivos de programas\\CVM\\EmpresasNet\\Temp\\files\\00000904130000000000000000.pdf.pdf', 'size_bytes': 56901}]",EDP - ENERGIAS DO BRASIL S.A.
19763,2011,14860,True,content_match,"[{'path': 'data\\raw\\dfp_mgmt_report\\19763\\2011\\relatorio_administracao.pdf', 'original_filename': 'C:\\Arquivos de programas\\CVM\\EmpresasNet\\Temp\\files\\00008904130000000000000000.pdf.pdf', 'size_bytes': 56901}]",EDP - ENERGIAS DO BRASIL S.A.
19763,2012,30020,True,content_match,"[{'path': 'data\\raw\\dfp_mgmt_report\\19763\\2012\\relatorio_administracao.pdf', 'original_filename': 'C:\\Arquivos de programas\\CVM\\EmpresasNet\\Temp\\files\\00006004190000000000000000.pdf.pdf', 'size_bytes': 3669}]",EDP - ENERGIAS DO BRASIL S.A.
19763,2013,34927,True,content_match,"[{'path': 'data\\raw\\dfp_mgmt_report\\19763\\2013\\relatorio_administracao.pdf', 'original_filename': 'C:\\Arquivos de programas\\CVM\\EmpresasNet\\Temp\\files\\00022316530000000000000000.pdf.pdf', 'size_bytes': 577240}]",EDP - ENERGIAS DO BRASIL S.A.
19763,2014,44445,False,not_found,[],EDP - ENERGIAS DO BRASIL S.A.
14176,2010,5478,True,content_match,"[{'path': 'data\\raw\\dfp_mgmt_report\\14176\\2010\\relatorio_administracao.pdf', 'original_filename': 'C:\\Program Files\\CVM\\EmpresasNet\\Temp\\files\\00002116530000000000000000.pdf.pdf', 'size_bytes': 472206}]",ELETROPAULO METROP. ELET. SAO PAULO S.A.
14176,2011,14987,True,content_match,"[{'path': 'data\\raw\\dfp_mgmt_report\\14176\\2011\\relatorio_administracao.pdf', 'original_filename': 'C:\\Program Files\\CVM\\EmpresasNet\\Temp\\files\\00000816530000000000000000.pdf.pdf', 'size_bytes': 582511}]",ELETROPAULO METROP. ELET. SAO PAULO S.A.
14176,2012,24571,True,content_match,"[{'path': 'data\\raw\\dfp_mgmt_report\\14176\\2012\\relatorio_administracao.pdf', 'original_filename': 'C:\\Program Files\\CVM\\EmpresasNet\\Temp\\files\\00002116530000000000000000.pdf.pdf', 'size_bytes': 540080}]",ELETROPAULO METROP. ELET. SAO PAULO S.A.
14176,2013,34849,True,content_match,"[{'path': 'data\\raw\\dfp_mgmt_report\\14176\\2013\\relatorio_administracao.pdf', 'original_filename': 'C:\\CVM\\EmpresasNet\\Temp\\files\\00007916530000000000000000.doc.pdf', 'size_bytes': 540925}]",ELETROPAULO METROP. ELET. SAO PAULO S.A.
14176,2014,44285,True,content_match,"[{'path': 'data\\raw\\dfp_mgmt_report\\14176\\2014\\relatorio_administracao.pdf', 'original_filename': 'C:\\CVM\\EmpresasNet\\Temp\\files\\00003116530000000000000000.pdf.pdf', 'size_bytes': 265573}]",ELETROPAULO METROP. ELET. SAO PAULO S.A.
20087,2010,5552,True,content_match,"[{'path': 'data\\raw\\dfp_mgmt_report\\20087\\2010\\relatorio_administracao.pdf', 'original_filename': 'C:\\Program Files\\CVM\\EmpresasNet\\Temp\\files\\00000316530000000000000000.pdf.pdf', 'size_bytes': 426838}]",EMBRAER S.A.
20087,2011,15398,True,content_match,"[{'path': 'data\\raw\\dfp_mgmt_report\\20087\\2011\\relatorio_administracao.pdf', 'original_filename': 'C:\\Program Files\\CVM\\EmpresasNet\\Temp\\files\\00000316530000000000000000.pdf.pdf', 'size_bytes': 878248}]",EMBRAER S.A.
20087,2012,24875,True,content_match,"[{'path': 'data\\raw\\dfp_mgmt_report\\20087\\2012\\relatorio_administracao.pdf', 'original_filename': 'C:\\Program Files\\CVM\\EmpresasNet\\Temp\\files\\00000916530000000000000000.pdf.pdf', 'size_bytes': 480341}]",EMBRAER S.A.
20087,2013,36055,True,content_match,"[{'path': 'data\\raw\\dfp_mgmt_report\\20087\\2013\\relatorio_administracao.pdf', 'original_filename': 'C:\\Program Files (x86)\\CVM\\EmpresasNet\\Temp\\files\\00002816530000000000000000.pdf.pdf', 'size_bytes': 505689}]",EMBRAER S.A.
20087,2014,44997,True,content_match,"[{'path': 'data\\raw\\dfp_mgmt_report\\20087\\2014\\relatorio_administracao.pdf', 'original_filename': 'C:\\Program Files (x86)\\CVM\\EmpresasNet\\Temp\\files\\00121816530000000000000000.pdf.pdf', 'size_bytes': 693193}]",EMBRAER S.A.
15253,2010,5374,True,content_match,"[{'path': 'data\\raw\\dfp_mgmt_report\\15253\\2010\\relatorio_administracao.pdf', 'original_filename': 'C:\\Arquivos de programas\\CVM\\EmpresasNet\\Temp\\files\\00001116530000000000000000.pdf.pdf', 'size_bytes': 365148}]",ENERGISA S.A.
15253,2011,14870,True,content_match,"[{'path': 'data\\raw\\dfp_mgmt_report\\15253\\2011\\relatorio_administracao.pdf', 'original_filename': 'C:\\Arquivos de programas\\CVM\\EmpresasNet\\Temp\\files\\00005316530000000000000000.pdf.pdf', 'size_bytes': 333724}]",ENERGISA S.A.
15253,2012,24705,True,content_match,"[{'path': 'data\\raw\\dfp_mgmt_report\\15253\\2012\\relatorio_administracao.pdf', 'original_filename': 'C:\\Arquivos de programas\\CVM\\EmpresasNet\\Temp\\files\\00007016530000000000000000.pdf.pdf', 'size_bytes': 531767}]",ENERGISA S.A.
15253,2014,45466,True,content_match,"[{'path': 'data\\raw\\dfp_mgmt_report\\15253\\2014\\relatorio_administracao.pdf', 'original_filename': 'C:\\CVM\\EmpresasNet\\Temp\\files\\00119716530000000000000000.pdf.pdf', 'size_bytes': 1029720}]",ENERGISA S.A.
21237,2010,5587,True,content_match,"[{'path': 'data\\raw\\dfp_mgmt_report\\21237\\2010\\relatorio_administracao.pdf', 'original_filename': 'C:\\Arquivos de programas\\CVM\\EmpresasNet\\Temp\\files\\00000216530000000000000000.pdf.pdf', 'size_bytes': 62713}]",ENEVA S.A
21237,2011,28175,True,content_match,"[{'path': 'data\\raw\\dfp_mgmt_report\\21237\\2011\\relatorio_administracao.pdf', 'original_filename': 'C:\\CVM\\EmpresasNet\\Temp\\files\\00004216530000000000000000.pdf.pdf', 'size_bytes': 132915}]",ENEVA S.A
21237,2012,28270,True,content_match,"[{'path': 'data\\raw\\dfp_mgmt_report\\21237\\2012\\relatorio_administracao.pdf', 'original_filename': 'C:\\CVM\\EmpresasNet\\Temp\\files\\00005216530000000000000000.pdf.pdf', 'size_bytes': 426373}]",ENEVA S.A
21237,2013,35682,False,not_found,[],ENEVA S.A
21237,2014,45339,False,not_found,[],ENEVA S.A
17329,2010,6427,True,content_match,"[{'path': 'data\\raw\\dfp_mgmt_report\\17329\\2010\\relatorio_administracao.pdf', 'original_filename': 'C:\\Arquivos de programas\\CVM\\EmpresasNet\\Temp\\files\\00001516530000000000000000.pdf.pdf', 'size_bytes': 1122004}]",ENGIE BRASIL ENERGIA S.A.
17329,2011,14145,True,content_match,"[{'path': 'data\\raw\\dfp_mgmt_report\\17329\\2011\\relatorio_administracao.pdf', 'original_filename': 'C:\\Program Files\\CVM\\EmpresasNet\\Temp\\files\\00003616530000000000000000.pdf.pdf', 'size_bytes': 831954}]",ENGIE BRASIL ENERGIA S.A.
17329,2012,24153,True,content_match,"[{'path': 'data\\raw\\dfp_mgmt_report\\17329\\2012\\relatorio_administracao.pdf', 'original_filename': 'C:\\CVM\\EmpresasNet\\Temp\\files\\00002316530000000000000000.pdf.pdf', 'size_bytes': 2613358}]",ENGIE BRASIL ENERGIA S.A.
17329,2013,34713,True,content_match,"[{'path': 'data\\raw\\dfp_mgmt_report\\17329\\2013\\relatorio_administracao.pdf', 'original_filename': 'C:\\CVM\\EmpresasNet\\Temp\\files\\00005816530000000000000000.pdf.pdf', 'size_bytes': 845516}]",ENGIE BRASIL ENERGIA S.A.
17329,2014,45623,True,content_match,"[{'path': 'data\\raw\\dfp_mgmt_report\\17329\\2014\\relatorio_administracao.pdf', 'original_filename': 'C:\\CVM\\EmpresasNet\\Temp\\files\\00119916530000000000000000.pdf.pdf', 'size_bytes': 745910}]",ENGIE BRASIL ENERGIA S.A.
20010,2010,22032,True,content_match,"[{'path': 'data\\raw\\dfp_mgmt_report\\20010\\2010\\relatorio_administracao.pdf', 'original_filename': 'C:\\CVM\\EmpresasNet\\Temp\\files\\00004816530000000000000000.pdf.pdf', 'size_bytes': 341943}]",EQUATORIAL ENERGIA S.A.
20010,2011,23012,True,content_match,"[{'path': 'data\\raw\\dfp_mgmt_report\\20010\\2011\\relatorio_administracao.pdf', 'original_filename': 'C:\\Arquivos de programas\\CVM\\EmpresasNet\\Temp\\files\\00004216530000000000000000.pdf.pdf', 'size_bytes': 497760}]",EQUATORIAL ENERGIA S.A.
20010,2013,35098,True,content_match,"[{'path': 'data\\raw\\dfp_mgmt_report\\20010\\2013\\relatorio_administracao.pdf', 'original_filename': 'C:\\CVM\\EmpresasNet\\Temp\\files\\00008016530000000000000000.pdf.pdf', 'size_bytes': 520857}]",EQUATORIAL ENERGIA S.A.
20010,2014,44231,True,content_match,"[{'path': 'data\\raw\\dfp_mgmt_report\\20010\\2014\\relatorio_administracao.pdf', 'original_filename': 'C:\\CVM\\EmpresasNet\\Temp\\files\\00010016530000000000000000.pdf.pdf', 'size_bytes': 581910}]",EQUATORIAL ENERGIA S.A.
20524,2010,5829,False,not_found,[],EVEN CONSTRUTORA E INCORPORADORA S.A.
20524,2011,15479,False,not_found,[],EVEN CONSTRUTORA E INCORPORADORA S.A.
20524,2012,24655,False,not_found,[],EVEN CONSTRUTORA E INCORPORADORA S.A.
20524,2013,34774,False,not_found,[],EVEN CONSTRUTORA E INCORPORADORA S.A.
20524,2014,44977,False,not_found,[],EVEN CONSTRUTORA E INCORPORADORA S.A.
20770,2010,5442,True,content_match,"[{'path': 'data\\raw\\dfp_mgmt_report\\20770\\2010\\relatorio_administracao.pdf', 'original_filename': 'C:\\Arquivos de programas\\CVM\\EmpresasNet\\Temp\\files\\00000316530000000000000000.pdf.pdf', 'size_bytes': 52658}]",EZ TEC EMPREEND. E PARTICIPACOES S.A.
20770,2011,14980,True,content_match,"[{'path': 'data\\raw\\dfp_mgmt_report\\20770\\2011\\relatorio_administracao.pdf', 'original_filename': 'C:\\Arquivos de programas\\CVM\\EmpresasNet\\Temp\\files\\00001416530000000000000000.pdf.pdf', 'size_bytes': 200959}]",EZ TEC EMPREEND. E PARTICIPACOES S.A.
20770,2012,25049,True,content_match,"[{'path': 'data\\raw\\dfp_mgmt_report\\20770\\2012\\relatorio_administracao.pdf', 'original_filename': 'C:\\Arquivos de programas\\CVM\\EmpresasNet\\Temp\\files\\00001416530000000000000000.pdf.pdf', 'size_bytes': 279204}]",EZ TEC EMPREEND. E PARTICIPACOES S.A.
20770,2013,35341,True,content_match,"[{'path': 'data\\raw\\dfp_mgmt_report\\20770\\2013\\relatorio_administracao.pdf', 'original_filename': 'C:\\Program Files\\CVM\\EmpresasNet\\Temp\\files\\00000416530000000000000000.pdf.pdf', 'size_bytes': 278120}]",EZ TEC EMPREEND. E PARTICIPACOES S.A.
20770,2014,45072,True,content_match,"[{'path': 'data\\raw\\dfp_mgmt_report\\20770\\2014\\relatorio_administracao.pdf', 'original_filename': 'C:\\CVM\\EmpresasNet\\Temp\\files\\00119616530000000000000000.pdf.pdf', 'size_bytes': 286978}]",EZ TEC EMPREEND. E PARTICIPACOES S.A.
12793,2010,5990,True,content_match,"[{'path': 'data\\raw\\dfp_mgmt_report\\12793\\2010\\relatorio_administracao.pdf', 'original_filename': 'C:\\Arquivos de programas\\CVM\\EmpresasNet\\Temp\\files\\00000116530000000000000000.pdf.pdf', 'size_bytes': 78457}]",FIBRIA CELULOSE S.A.
12793,2011,14058,True,content_match,"[{'path': 'data\\raw\\dfp_mgmt_report\\12793\\2011\\relatorio_administracao.pdf', 'original_filename': 'C:\\Arquivos de programas\\CVM\\EmpresasNet\\Temp\\files\\00001216530000000000000000.pdf.pdf', 'size_bytes': 133138}]",FIBRIA CELULOSE S.A.
12793,2012,24001,True,content_match,"[{'path': 'data\\raw\\dfp_mgmt_report\\12793\\2012\\relatorio_administracao.pdf', 'original_filename': 'C:\\CVM\\EmpresasNet\\Temp\\files\\00000616530000000000000000.pdf.pdf', 'size_bytes': 148460}]",FIBRIA CELULOSE S.A.
12793,2013,34231,True,content_match,"[{'path': 'data\\raw\\dfp_mgmt_report\\12793\\2013\\relatorio_administracao.pdf', 'original_filename': 'C:\\CVM\\EmpresasNet\\Temp\\files\\00001716530000000000000000.pdf.pdf', 'size_bytes': 154549}]",FIBRIA CELULOSE S.A.
12793,2014,43680,True,content_match,"[{'path': 'data\\raw\\dfp_mgmt_report\\12793\\2014\\relatorio_administracao.pdf', 'original_filename': 'C:\\CVM\\EmpresasNet\\Temp\\files\\00002516530000000000000000.pdf.pdf', 'size_bytes': 386532}]",FIBRIA CELULOSE S.A.
21881,2010,5232,True,content_match,"[{'path': 'data\\raw\\dfp_mgmt_report\\21881\\2010\\relatorio_administracao.pdf', 'original_filename': 'C:\\Arquivos de programas\\CVM\\EmpresasNet\\Temp\\files\\00000516530000000000000000.pdf.pdf', 'size_bytes': 148144}]",FLEURY S.A.
21881,2011,14649,False,not_found,[],FLEURY S.A.
21881,2012,24765,False,not_found,[],FLEURY S.A.
21881,2013,35174,True,content_match,"[{'path': 'data\\raw\\dfp_mgmt_report\\21881\\2013\\relatorio_administracao.pdf', 'original_filename': 'C:\\Arquivos de programas\\CVM\\EmpresasNet\\Temp\\files\\00002516530000000000000000.docx.pdf', 'size_bytes': 284927}]",FLEURY S.A.
21881,2014,45260,True,content_match,"[{'path': 'data\\raw\\dfp_mgmt_report\\21881\\2014\\relatorio_administracao.pdf', 'original_filename': 'C:\\Arquivos de programas\\CVM\\EmpresasNet\\Temp\\files\\00002416530000000000000000.docx.pdf', 'size_bytes': 578163}]",FLEURY S.A.
16101,2010,5759,True,content_match,"[{'path': 'data\\raw\\dfp_mgmt_report\\16101\\2010\\relatorio_administracao.pdf', 'original_filename': 'C:\\Arquivos de programas\\CVM\\EmpresasNet\\Temp\\files\\00000416530000000000000000.docx.pdf', 'size_bytes': 355975}]",GAFISA S.A.
16101,2011,16306,True,content_match,"[{'path': 'data\\raw\\dfp_mgmt_report\\16101\\2011\\relatorio_administracao.pdf', 'original_filename': 'C:\\CVM\\EmpresasNet\\Temp\\files\\00000616530000000000000000.pdf.pdf', 'size_bytes': 85101}]",GAFISA S.A.
16101,2012,24844,True,content_match,"[{'path': 'data\\raw\\dfp_mgmt_report\\16101\\2012\\relatorio_administracao.pdf', 'original_filename': 'C:\\EMPRESASNET\\Temp\\files\\00001616530000000000000000.pdf.pdf', 'size_bytes': 110874}]",GAFISA S.A.
16101,2013,34902,True,content_match,"[{'path': 'data\\raw\\dfp_mgmt_report\\16101\\2013\\relatorio_administracao.pdf', 'original_filename': 'C:\\CVM\\EmpresasNet\\Temp\\files\\00007716530000000000000000.pdf.pdf', 'size_bytes': 223195}]",GAFISA S.A.
16101,2014,44395,True,content_match,"[{'path': 'data\\raw\\dfp_mgmt_report\\16101\\2014\\relatorio_administracao.pdf', 'original_filename': 'C:\\CVM\\EmpresasNet\\Temp\\files\\00013016530000000000000000.pdf.pdf', 'size_bytes': 106456}]",GAFISA S.A.
3980,2010,5129,True,content_match,"[{'path': 'data\\raw\\dfp_mgmt_report\\3980\\2010\\relatorio_administracao.pdf', 'original_filename': 'C:\\Program Files\\CVM\\EmpresasNet\\Temp\\files\\00002804190000000000000000.pdf.pdf', 'size_bytes': 41901}]",GERDAU S.A.
3980,2011,14379,False,not_found,[],GERDAU S.A.
3980,2012,24388,True,content_match,"[{'path': 'data\\raw\\dfp_mgmt_report\\3980\\2012\\relatorio_administracao.pdf', 'original_filename': 'C:\\CVM\\EmpresasNet\\Temp\\files\\00006004190000000000000000.pdf.pdf', 'size_bytes': 45922}]",GERDAU S.A.
3980,2013,34726,True,content_match,"[{'path': 'data\\raw\\dfp_mgmt_report\\3980\\2013\\relatorio_administracao.pdf', 'original_filename': 'C:\\CVM\\EmpresasNet\\Temp\\files\\00005004190000000000000000.pdf.pdf', 'size_bytes': 36075}]",GERDAU S.A.
3980,2014,44714,False,not_found,[],GERDAU S.A.
19569,2010,4959,True,content_match,"[{'path': 'data\\raw\\dfp_mgmt_report\\19569\\2010\\relatorio_administracao.pdf', 'original_filename': 'C:\\Program Files\\CVM\\EmpresasNet\\Temp\\files\\00000116530000000000000000.docx.pdf', 'size_bytes': 341491}]",GOL LINHAS AEREAS INTELIGENTES S.A.
19569,2011,19865,True,content_match,"[{'path': 'data\\raw\\dfp_mgmt_report\\19569\\2011\\relatorio_administracao.pdf', 'original_filename': 'C:\\CVM\\EmpresasNet\\Temp\\files\\00001416530000000000000000.docx.pdf', 'size_bytes': 297274}]",GOL LINHAS AEREAS INTELIGENTES S.A.
19569,2012,25431,True,content_match,"[{'path': 'data\\raw\\dfp_mgmt_report\\19569\\2012\\relatorio_administracao.pdf', 'original_filename': 'C:\\CVM\\EmpresasNet\\Temp\\files\\00004216530000000000000000.docx.pdf', 'size_bytes': 294956}]",GOL LINHAS AEREAS INTELIGENTES S.A.
19569,2013,35520,True,content_match,"[{'path': 'data\\raw\\dfp_mgmt_report\\19569\\2013\\relatorio_administracao.pdf', 'original_filename': 'C:\\EmpresasNet\\Temp\\files\\00001416530000000000000000.docx.pdf', 'size_bytes': 342458}]",GOL LINHAS AEREAS INTELIGENTES S.A.
19569,2014,45596,False,not_found,[],GOL LINHAS AEREAS INTELIGENTES S.A.
6505,2010,4930,False,not_found,[],GRUPO CASAS BAHIA S.A.
6505,2011,14401,False,not_found,[],GRUPO CASAS BAHIA S.A.
6505,2012,24360,False,not_found,[],GRUPO CASAS BAHIA S.A.
6505,2013,34524,False,not_found,[],GRUPO CASAS BAHIA S.A.
6505,2014,44017,False,not_found,[],GRUPO CASAS BAHIA S.A.
21431,2010,5428,True,content_match,"[{'path': 'data\\raw\\dfp_mgmt_report\\21431\\2010\\relatorio_administracao.pdf', 'original_filename': 'C:\\Program Files\\CVM\\EmpresasNet\\Temp\\files\\00000416530000000000000000.docx.pdf', 'size_bytes': 915284}]",HYPERA S.A.
21431,2011,14881,False,not_found,[],HYPERA S.A.
21431,2012,24745,False,not_found,[],HYPERA S.A.
21431,2013,35327,True,content_match,"[{'path': 'data\\raw\\dfp_mgmt_report\\21431\\2013\\relatorio_administracao.pdf', 'original_filename': 'C:\\CVM\\EmpresasNet\\Temp\\files\\00003116530000000000000000.pdf.pdf', 'size_bytes': 815840}]",HYPERA S.A.
21431,2014,43885,True,content_match,"[{'path': 'data\\raw\\dfp_mgmt_report\\21431\\2014\\relatorio_administracao.pdf', 'original_filename': 'C:\\CVM\\EmpresasNet\\Temp\\files\\00001416530000000000000000.pdf.pdf', 'size_bytes': 612866}]",HYPERA S.A.
20494,2010,5861,False,not_found,[],IGUATEMI EMPRESA DE SHOPPING CENTERS S.A
20494,2011,24141,False,not_found,[],IGUATEMI EMPRESA DE SHOPPING CENTERS S.A
20494,2012,28108,False,not_found,[],IGUATEMI EMPRESA DE SHOPPING CENTERS S.A
20494,2013,36089,False,not_found,[],IGUATEMI EMPRESA DE SHOPPING CENTERS S.A
20494,2014,45090,False,not_found,[],IGUATEMI EMPRESA DE SHOPPING CENTERS S.A
8672,2010,9652,True,content_match,"[{'path': 'data\\raw\\dfp_mgmt_report\\8672\\2010\\relatorio_administracao.pdf', 'original_filename': 'C:\\Program Files\\CVM\\EmpresasNet\\Temp\\files\\00003216530000000000000000.pdf.pdf', 'size_bytes': 178253}]",IGUATEMI S.A.
8672,2011,15701,True,content_match,"[{'path': 'data\\raw\\dfp_mgmt_report\\8672\\2011\\relatorio_administracao.pdf', 'original_filename': 'C:\\Program Files\\CVM\\EmpresasNet\\Temp\\files\\00009216530000000000000000.pdf.pdf', 'size_bytes': 169059}]",IGUATEMI S.A.
8672,2012,25062,True,content_match,"[{'path': 'data\\raw\\dfp_mgmt_report\\8672\\2012\\relatorio_administracao.pdf', 'original_filename': 'C:\\CVM\\EmpresasNet\\Temp\\files\\00015416530000000000000000.pdf.pdf', 'size_bytes': 549707}]",IGUATEMI S.A.
8672,2013,35526,True,content_match,"[{'path': 'data\\raw\\dfp_mgmt_report\\8672\\2013\\relatorio_administracao.pdf', 'original_filename': 'C:\\CVM\\EmpresasNet\\Temp\\files\\00024816530000000000000000.pdf.pdf', 'size_bytes': 308600}]",IGUATEMI S.A.
8672,2014,45483,True,content_match,"[{'path': 'data\\raw\\dfp_mgmt_report\\8672\\2014\\relatorio_administracao.pdf', 'original_filename': 'C:\\CVM\\EmpresasNet\\Temp\\files\\00139516530000000000000000.pdf.pdf', 'size_bytes': 402916}]",IGUATEMI S.A.
20605,2010,5969,True,content_match,"[{'path': 'data\\raw\\dfp_mgmt_report\\20605\\2010\\relatorio_administracao.pdf', 'original_filename': 'C:\\Arquivos de programas\\CVM\\EmpresasNet\\Temp\\files\\00000316530000000000000000.pdf.pdf', 'size_bytes': 55023}]",JHSF PARTICIPACOES S.A.
20605,2011,15391,True,content_match,"[{'path': 'data\\raw\\dfp_mgmt_report\\20605\\2011\\relatorio_administracao.pdf', 'original_filename': 'C:\\Arquivos de programas\\CVM\\EmpresasNet\\Temp\\files\\00001716530000000000000000.pdf.pdf', 'size_bytes': 118516}]",JHSF PARTICIPACOES S.A.
20605,2012,25560,True,content_match,"[{'path': 'data\\raw\\dfp_mgmt_report\\20605\\2012\\relatorio_administracao.pdf', 'original_filename': 'C:\\Arquivos de programas\\CVM\\EmpresasNet\\Temp\\files\\00001316530000000000000000.pdf.pdf', 'size_bytes': 89871}]",JHSF PARTICIPACOES S.A.
20605,2013,35522,True,content_match,"[{'path': 'data\\raw\\dfp_mgmt_report\\20605\\2013\\relatorio_administracao.pdf', 'original_filename': 'C:\\CVM\\EmpresasNet\\Temp\\files\\00000716530000000000000000.pdf.pdf', 'size_bytes': 141813}]",JHSF PARTICIPACOES S.A.
20605,2014,44953,True,content_match,"[{'path': 'data\\raw\\dfp_mgmt_report\\20605\\2014\\relatorio_administracao.pdf', 'original_filename': 'C:\\CVM\\EmpresasNet\\Temp\\files\\00120916530000000000000000.pdf.pdf', 'size_bytes': 136755}]",JHSF PARTICIPACOES S.A.
12653,2010,4933,True,content_match,"[{'path': 'data\\raw\\dfp_mgmt_report\\12653\\2010\\relatorio_administracao.pdf', 'original_filename': 'C:\\Arquivos de programas\\CVM\\EmpresasNet\\Temp\\files\\00000916530000000000000000.pdf.pdf', 'size_bytes': 116834}]",KLABIN S.A.
12653,2011,14625,True,content_match,"[{'path': 'data\\raw\\dfp_mgmt_report\\12653\\2011\\relatorio_administracao.pdf', 'original_filename': 'C:\\Arquivos de programas\\CVM\\EmpresasNet\\Temp\\files\\00004516530000000000000000.pdf.pdf', 'size_bytes': 105911}]",KLABIN S.A.
12653,2012,24397,True,content_match,"[{'path': 'data\\raw\\dfp_mgmt_report\\12653\\2012\\relatorio_administracao.pdf', 'original_filename': 'C:\\Arquivos de programas\\CVM\\EmpresasNet\\Temp\\files\\00006116530000000000000000.pdf.pdf', 'size_bytes': 113319}]",KLABIN S.A.
12653,2013,34485,True,content_match,"[{'path': 'data\\raw\\dfp_mgmt_report\\12653\\2013\\relatorio_administracao.pdf', 'original_filename': 'C:\\CVM\\EmpresasNet\\Temp\\files\\00001916530000000000000000.pdf.pdf', 'size_bytes': 246465}]",KLABIN S.A.
12653,2014,43996,True,content_match,"[{'path': 'data\\raw\\dfp_mgmt_report\\12653\\2014\\relatorio_administracao.pdf', 'original_filename': 'C:\\CVM\\EmpresasNet\\Temp\\files\\00001516530000000000000000.pdf.pdf', 'size_bytes': 131510}]",KLABIN S.A.
19879,2010,5658,False,not_found,[],LIGHT S.A. - EM RECUPERAÇÃO JUDICIAL
19879,2011,14727,True,content_match,"[{'path': 'data\\raw\\dfp_mgmt_report\\19879\\2011\\relatorio_administracao.pdf', 'original_filename': 'C:\\Arquivos de programas\\CVM\\EmpresasNet\\Temp\\files\\00001316530000000000000000.pdf.pdf', 'size_bytes': 320045}]",LIGHT S.A. - EM RECUPERAÇÃO JUDICIAL
19879,2012,25265,True,content_match,"[{'path': 'data\\raw\\dfp_mgmt_report\\19879\\2012\\relatorio_administracao.pdf', 'original_filename': 'C:\\CVM\\EmpresasNet\\Temp\\files\\00002216530000000000000000.pdf.pdf', 'size_bytes': 679515}]",LIGHT S.A. - EM RECUPERAÇÃO JUDICIAL
19879,2013,35112,True,content_match,"[{'path': 'data\\raw\\dfp_mgmt_report\\19879\\2013\\relatorio_administracao.pdf', 'original_filename': 'C:\\Program Files\\CVM\\EmpresasNet\\Temp\\files\\00001716530000000000000000.pdf.pdf', 'size_bytes': 3480766}]",LIGHT S.A. - EM RECUPERAÇÃO JUDICIAL
19879,2014,44829,True,content_match,"[{'path': 'data\\raw\\dfp_mgmt_report\\19879\\2014\\relatorio_administracao.pdf', 'original_filename': 'C:\\CVM\\EmpresasNet\\Temp\\files\\00121016530000000000000000.pdf.pdf', 'size_bytes': 2971412}]",LIGHT S.A. - EM RECUPERAÇÃO JUDICIAL
19739,2010,5142,True,content_match,"[{'path': 'data\\raw\\dfp_mgmt_report\\19739\\2010\\relatorio_administracao.pdf', 'original_filename': 'C:\\Arquivos de programas\\CVM\\EmpresasNet\\Temp\\files\\00000816530000000000000000.pdf.pdf', 'size_bytes': 506027}]",LOCALIZA RENT A CAR S.A.
19739,2011,14940,True,content_match,"[{'path': 'data\\raw\\dfp_mgmt_report\\19739\\2011\\relatorio_administracao.pdf', 'original_filename': 'C:\\Arquivos de programas\\CVM\\EmpresasNet\\Temp\\files\\00004416530000000000000000.pdf.pdf', 'size_bytes': 817547}]",LOCALIZA RENT A CAR S.A.
19739,2012,25068,False,not_found,[],LOCALIZA RENT A CAR S.A.
19739,2013,35398,False,not_found,[],LOCALIZA RENT A CAR S.A.
19739,2014,45167,False,not_found,[],LOCALIZA RENT A CAR S.A.
23272,2012,32733,True,content_match,"[{'path': 'data\\raw\\dfp_mgmt_report\\23272\\2012\\relatorio_administracao.pdf', 'original_filename': 'C:\\CVM\\EmpresasNet\\Temp\\files\\00002716530000000000000000.pdf.pdf', 'size_bytes': 286454}]",LOG COMMERCIAL PROPERTIES E PARTICIPAÇÕES
23272,2013,35378,True,content_match,"[{'path': 'data\\raw\\dfp_mgmt_report\\23272\\2013\\relatorio_administracao.pdf', 'original_filename': 'C:\\CVM\\EmpresasNet\\Temp\\files\\00005116530000000000000000.pdf.pdf', 'size_bytes': 308568}]",LOG COMMERCIAL PROPERTIES E PARTICIPAÇÕES
23272,2014,44385,True,content_match,"[{'path': 'data\\raw\\dfp_mgmt_report\\23272\\2014\\relatorio_administracao.pdf', 'original_filename': 'C:\\CVM\\EmpresasNet\\Temp\\files\\00006416530000000000000000.pdf.pdf', 'size_bytes': 210043}]",LOG COMMERCIAL PROPERTIES E PARTICIPAÇÕES
8087,2010,9803,True,content_match,"[{'path': 'data\\raw\\dfp_mgmt_report\\8087\\2010\\relatorio_administracao.pdf', 'original_filename': 'C:\\Program Files\\CVM\\EmpresasNet\\Temp\\files\\00000516530000000000000000.pdf.pdf', 'size_bytes': 898586}]",LOJAS AMERICANAS S.A.
8087,2011,14726,True,content_match,"[{'path': 'data\\raw\\dfp_mgmt_report\\8087\\2011\\relatorio_administracao.pdf', 'original_filename': 'C:\\Program Files\\CVM\\EmpresasNet\\Temp\\files\\00003416530000000000000000.pdf.pdf', 'size_bytes': 892452}]",LOJAS AMERICANAS S.A.
8087,2012,25008,True,content_match,"[{'path': 'data\\raw\\dfp_mgmt_report\\8087\\2012\\relatorio_administracao.pdf', 'original_filename': 'C:\\CVM\\EmpresasNet\\Temp\\files\\00002016530000000000000000.pdf.pdf', 'size_bytes': 887465}]",LOJAS AMERICANAS S.A.
8087,2013,35308,True,content_match,"[{'path': 'data\\raw\\dfp_mgmt_report\\8087\\2013\\relatorio_administracao.pdf', 'original_filename': 'C:\\CVM\\EmpresasNet\\Temp\\files\\00001916530000000000000000.pdf.pdf', 'size_bytes': 596789}]",LOJAS AMERICANAS S.A.
8087,2014,45054,True,content_match,"[{'path': 'data\\raw\\dfp_mgmt_report\\8087\\2014\\relatorio_administracao.pdf', 'original_filename': 'C:\\CVM\\EmpresasNet\\Temp\\files\\00121416530000000000000000.pdf.pdf', 'size_bytes': 976599}]",LOJAS AMERICANAS S.A.
8133,2010,4793,True,content_match,"[{'path': 'data\\raw\\dfp_mgmt_report\\8133\\2010\\relatorio_administracao.pdf', 'original_filename': 'C:\\Arquivos de programas\\CVM\\EmpresasNet\\Temp\\files\\00000816530000000000000000.pdf.pdf', 'size_bytes': 250158}]",LOJAS RENNER S.A.
8133,2011,14175,True,content_match,"[{'path': 'data\\raw\\dfp_mgmt_report\\8133\\2011\\relatorio_administracao.pdf', 'original_filename': 'C:\\Arquivos de programas\\CVM\\EmpresasNet\\Temp\\files\\00002516530000000000000000.pdf.pdf', 'size_bytes': 256424}]",LOJAS RENNER S.A.
8133,2012,24469,True,content_match,"[{'path': 'data\\raw\\dfp_mgmt_report\\8133\\2012\\relatorio_administracao.pdf', 'original_filename': 'C:\\Arquivos de programas\\CVM\\EmpresasNet\\Temp\\files\\00004316530000000000000000.pdf.pdf', 'size_bytes': 406164}]",LOJAS RENNER S.A.
8133,2013,34705,False,not_found,[],LOJAS RENNER S.A.
8133,2014,44074,True,content_match,"[{'path': 'data\\raw\\dfp_mgmt_report\\8133\\2014\\relatorio_administracao.pdf', 'original_filename': 'C:\\CVM\\EmpresasNet\\Temp\\files\\00003216530000000000000000.pdf.pdf', 'size_bytes': 450216}]",LOJAS RENNER S.A.
22470,2010,7179,True,content_match,"[{'path': 'data\\raw\\dfp_mgmt_report\\22470\\2010\\relatorio_administracao.pdf', 'original_filename': 'D:\\Arquivos de programas\\CVM\\EmpresasNet\\Temp\\files\\00001416530000000000000000.pdf.pdf', 'size_bytes': 2246105}]",MAGAZINE LUIZA S.A.
22470,2011,15992,False,not_found,[],MAGAZINE LUIZA S.A.
22470,2012,25378,False,not_found,[],MAGAZINE LUIZA S.A.
22470,2013,34733,False,not_found,[],MAGAZINE LUIZA S.A.
22470,2014,44332,False,not_found,[],MAGAZINE LUIZA S.A.
8451,2010,4934,True,content_match,"[{'path': 'data\\raw\\dfp_mgmt_report\\8451\\2010\\relatorio_administracao.pdf', 'original_filename': 'C:\\Program Files\\CVM\\EmpresasNetv3\\Temp\\files\\00000416530000000000000000.pdf.pdf', 'size_bytes': 557114}]",MARCOPOLO S.A.
8451,2011,14567,True,content_match,"[{'path': 'data\\raw\\dfp_mgmt_report\\8451\\2011\\relatorio_administracao.pdf', 'original_filename': 'C:\\Program Files\\CVM\\EmpresasNet\\Temp\\files\\00002716530000000000000000.pdf.pdf', 'size_bytes': 566737}]",MARCOPOLO S.A.
8451,2012,24370,True,content_match,"[{'path': 'data\\raw\\dfp_mgmt_report\\8451\\2012\\relatorio_administracao.pdf', 'original_filename': 'C:\\CVM\\EmpresasNet\\Temp\\files\\00001216530000000000000000.pdf.pdf', 'size_bytes': 680638}]",MARCOPOLO S.A.
8451,2013,34785,True,content_match,"[{'path': 'data\\raw\\dfp_mgmt_report\\8451\\2013\\relatorio_administracao.pdf', 'original_filename': 'C:\\CVM\\EmpresasNet\\Temp\\files\\00003016530000000000000000.pdf.pdf', 'size_bytes': 1049798}]",MARCOPOLO S.A.
8451,2014,44201,True,content_match,"[{'path': 'data\\raw\\dfp_mgmt_report\\8451\\2014\\relatorio_administracao.pdf', 'original_filename': 'C:\\CVM\\EmpresasNet\\Temp\\files\\00005116530000000000000000.pdf.pdf', 'size_bytes': 918168}]",MARCOPOLO S.A.
20788,2010,22071,False,not_found,[],MARFRIG GLOBAL FOODS S.A.
20788,2011,22962,False,not_found,[],MARFRIG GLOBAL FOODS S.A.
20788,2012,25552,True,content_match,"[{'path': 'data\\raw\\dfp_mgmt_report\\20788\\2012\\relatorio_administracao.pdf', 'original_filename': 'C:\\CVM\\EmpresasNet\\Temp\\files\\00007916530000000000000000.pdf.pdf', 'size_bytes': 1006492}]",MARFRIG GLOBAL FOODS S.A.
20788,2013,35309,True,content_match,"[{'path': 'data\\raw\\dfp_mgmt_report\\20788\\2013\\relatorio_administracao.pdf', 'original_filename': 'C:\\CVM\\EmpresasNet\\Temp\\files\\00003516530000000000000000.pdf.pdf', 'size_bytes': 1801208}]",MARFRIG GLOBAL FOODS S.A.
20788,2014,44411,True,content_match,"[{'path': 'data\\raw\\dfp_mgmt_report\\20788\\2014\\relatorio_administracao.pdf', 'original_filename': 'C:\\CVM\\EmpresasNet\\Temp\\files\\00003416530000000000000000.pdf.pdf', 'size_bytes': 1404411}]",MARFRIG GLOBAL FOODS S.A.
17914,2010,5488,True,content_match,"[{'path': 'data\\raw\\dfp_mgmt_report\\17914\\2010\\relatorio_administracao.pdf', 'original_filename': 'C:\\Arquivos de programas\\CVM\\EmpresasNet\\Temp\\files\\00000616530000000000000000.docx.pdf', 'size_bytes': 343427}]",MASSA FALIDA DA MMX MINERACAO E METALICOS S.A.
17914,2011,16094,True,content_match,"[{'path': 'data\\raw\\dfp_mgmt_report\\17914\\2011\\relatorio_administracao.pdf', 'original_filename': 'C:\\Arquivos de programas\\CVM\\EmpresasNet\\Temp\\files\\00001116530000000000000000.pdf.pdf', 'size_bytes': 131607}]",MASSA FALIDA DA MMX MINERACAO E METALICOS S.A.
17914,2012,25004,True,content_match,"[{'path': 'data\\raw\\dfp_mgmt_report\\17914\\2012\\relatorio_administracao.pdf', 'original_filename': 'C:\\CVM\\EmpresasNet\\Temp\\files\\00001716530000000000000000.pdf.pdf', 'size_bytes': 82016}]",MASSA FALIDA DA MMX MINERACAO E METALICOS S.A.
17914,2013,35564,True,content_match,"[{'path': 'data\\raw\\dfp_mgmt_report\\17914\\2013\\relatorio_administracao.pdf', 'original_filename': 'C:\\CVM\\EmpresasNet\\Temp\\files\\00000416530000000000000000.pdf.pdf', 'size_bytes': 205430}]",MASSA FALIDA DA MMX MINERACAO E METALICOS S.A.
17914,2014,45626,False,not_found,[],MASSA FALIDA DA MMX MINERACAO E METALICOS S.A.
8656,2010,5131,True,content_match,"[{'path': 'data\\raw\\dfp_mgmt_report\\8656\\2010\\relatorio_administracao.pdf', 'original_filename': 'C:\\Program Files\\CVM\\EmpresasNet\\Temp\\files\\00002916530000000000000000.pdf.pdf', 'size_bytes': 453390}]",METALURGICA GERDAU S.A.
8656,2011,14378,False,not_found,[],METALURGICA GERDAU S.A.
8656,2012,24389,False,not_found,[],METALURGICA GERDAU S.A.
8656,2013,34728,False,not_found,[],METALURGICA GERDAU S.A.
8656,2014,44902,True,content_match,"[{'path': 'data\\raw\\dfp_mgmt_report\\8656\\2014\\relatorio_administracao.pdf', 'original_filename': 'C:\\CVM\\EmpresasNet\\Temp\\files\\00124816530000000000000000.pdf.pdf', 'size_bytes': 396675}]",METALURGICA GERDAU S.A.
20931,2010,10113,False,not_found,[],MINERVA S.A.
20931,2011,25100,False,not_found,[],MINERVA S.A.
20931,2012,25098,False,not_found,[],MINERVA S.A.
20931,2013,35116,False,not_found,[],MINERVA S.A.
20931,2014,45416,False,not_found,[],MINERVA S.A.
20915,2010,6069,True,content_match,"[{'path': 'data\\raw\\dfp_mgmt_report\\20915\\2010\\relatorio_administracao.pdf', 'original_filename': 'C:\\Arquivos de programas\\CVM\\EmpresasNet\\Temp\\files\\00000216530000000000000000.docx.pdf', 'size_bytes': 755906}]",MRV ENGENHARIA E PARTICIPACOES S.A.
20915,2011,15064,True,content_match,"[{'path': 'data\\raw\\dfp_mgmt_report\\20915\\2011\\relatorio_administracao.pdf', 'original_filename': 'C:\\Program Files\\CVM\\EmpresasNet\\Temp\\files\\00001316530000000000000000.docx.pdf', 'size_bytes': 1279470}]",MRV ENGENHARIA E PARTICIPACOES S.A.
20915,2012,24946,True,content_match,"[{'path': 'data\\raw\\dfp_mgmt_report\\20915\\2012\\relatorio_administracao.pdf', 'original_filename': 'C:\\CVM\\EmpresasNet1\\Temp\\files\\00001916530000000000000000.docx.pdf', 'size_bytes': 1259806}]",MRV ENGENHARIA E PARTICIPACOES S.A.
20915,2013,35180,True,content_match,"[{'path': 'data\\raw\\dfp_mgmt_report\\20915\\2013\\relatorio_administracao.pdf', 'original_filename': 'C:\\CVM\\EmpresasNet\\Temp\\files\\00004316530000000000000000.pdf.pdf', 'size_bytes': 1058902}]",MRV ENGENHARIA E PARTICIPACOES S.A.
20915,2014,44802,True,content_match,"[{'path': 'data\\raw\\dfp_mgmt_report\\20915\\2014\\relatorio_administracao.pdf', 'original_filename': 'C:\\CVM\\EmpresasNet\\Temp\\files\\00119316530000000000000000.pdf.pdf', 'size_bytes': 1474618}]",MRV ENGENHARIA E PARTICIPACOES S.A.
20982,2010,6378,False,not_found,[],MULTIPLAN - EMPREEND IMOBILIARIOS S.A.
20982,2011,24277,False,not_found,[],MULTIPLAN - EMPREEND IMOBILIARIOS S.A.
20982,2012,24955,True,content_match,"[{'path': 'data\\raw\\dfp_mgmt_report\\20982\\2012\\relatorio_administracao.pdf', 'original_filename': 'C:\\Arquivos de programas\\CVM\\EmpresasNet\\Temp\\files\\00001816530000000000000000.doc.pdf', 'size_bytes': 803836}]",MULTIPLAN - EMPREEND IMOBILIARIOS S.A.
20982,2013,35323,True,content_match,"[{'path': 'data\\raw\\dfp_mgmt_report\\20982\\2013\\relatorio_administracao.pdf', 'original_filename': 'C:\\CVM\\EmpresasNet\\Temp\\files\\00003116530000000000000000.docx.pdf', 'size_bytes': 257596}]",MULTIPLAN - EMPREEND IMOBILIARIOS S.A.
20982,2014,44230,True,content_match,"[{'path': 'data\\raw\\dfp_mgmt_report\\20982\\2014\\relatorio_administracao.pdf', 'original_filename': 'C:\\Program Files (x86)\\CVM\\EmpresasNet\\Temp\\files\\00003416530000000000000000.docx.pdf', 'size_bytes': 220462}]",MULTIPLAN - EMPREEND IMOBILIARIOS S.A.
19550,2010,4942,True,content_match,"[{'path': 'data\\raw\\dfp_mgmt_report\\19550\\2010\\relatorio_administracao.pdf', 'original_filename': 'C:\\Arquivos de programas\\CVM\\EmpresasNet\\Temp\\files\\00000316530000000000000000.pdf.pdf', 'size_bytes': 588323}]",NATURA COSMETICOS S.A.
19550,2011,14348,True,content_match,"[{'path': 'data\\raw\\dfp_mgmt_report\\19550\\2011\\relatorio_administracao.pdf', 'original_filename': 'Q:\\CVEMPNET.10\\EmpresasNet\\Temp\\files\\00001016530000000000000000.pdf.pdf', 'size_bytes': 1017125}]",NATURA COSMETICOS S.A.
19550,2012,24134,True,content_match,"[{'path': 'data\\raw\\dfp_mgmt_report\\19550\\2012\\relatorio_administracao.pdf', 'original_filename': 'Q:\\CVEMPNET.10\\EmpresasNet\\Temp\\files\\00001416530000000000000000.pdf.pdf', 'size_bytes': 581830}]",NATURA COSMETICOS S.A.
19550,2013,39253,True,content_match,"[{'path': 'data\\raw\\dfp_mgmt_report\\19550\\2013\\relatorio_administracao.pdf', 'original_filename': 'Q:\\CVEMPNET.10\\EmpresasNet\\Temp\\files\\00001416530000000000000000.docx.pdf', 'size_bytes': 539904}]",NATURA COSMETICOS S.A.
19550,2014,44015,True,content_match,"[{'path': 'data\\raw\\dfp_mgmt_report\\19550\\2014\\relatorio_administracao.pdf', 'original_filename': 'Q:\\CVEMPNET.10\\EmpresasNet\\Temp\\files\\00001016530000000000000000.doc.pdf', 'size_bytes': 438049}]",NATURA COSMETICOS S.A.
11312,2010,6058,True,content_match,"[{'path': 'data\\raw\\dfp_mgmt_report\\11312\\2010\\relatorio_administracao.pdf', 'original_filename': 'C:\\Program Files\\CVM\\EmpresasNet\\Temp\\files\\00000216530000000000000000.pdf.pdf', 'size_bytes': 84032}]",OI S.A. - EM RECUPERAÇÃO JUDICIAL
11312,2011,15959,True,content_match,"[{'path': 'data\\raw\\dfp_mgmt_report\\11312\\2011\\relatorio_administracao.pdf', 'original_filename': 'C:\\Program Files\\CVM\\EmpresasNet\\Temp\\files\\00002416530000000000000000.pdf.pdf', 'size_bytes': 130610}]",OI S.A. - EM RECUPERAÇÃO JUDICIAL
11312,2012,26434,True,content_match,"[{'path': 'data\\raw\\dfp_mgmt_report\\11312\\2012\\relatorio_administracao.pdf', 'original_filename': 'C:\\CVM\\EmpresasNet\\Temp\\files\\00004516530000000000000000.pdf.pdf', 'size_bytes': 226423}]",OI S.A. - EM RECUPERAÇÃO JUDICIAL
11312,2013,34636,True,content_match,"[{'path': 'data\\raw\\dfp_mgmt_report\\11312\\2013\\relatorio_administracao.pdf', 'original_filename': 'C:\\CVM\\EmpresasNet\\Temp\\files\\00004816530000000000000000.pdf.pdf', 'size_bytes': 380744}]",OI S.A. - EM RECUPERAÇÃO JUDICIAL
11312,2014,45350,True,content_match,"[{'path': 'data\\raw\\dfp_mgmt_report\\11312\\2014\\relatorio_administracao.pdf', 'original_filename': 'C:\\CVM\\EmpresasNet\\Temp\\files\\00124516530000000000000000.pdf.pdf', 'size_bytes': 583613}]",OI S.A. - EM RECUPERAÇÃO JUDICIAL
20478,2010,6307,True,content_match,"[{'path': 'data\\raw\\dfp_mgmt_report\\20478\\2010\\relatorio_administracao.pdf', 'original_filename': 'C:\\Arquivos de programas\\CVM\\EmpresasNet\\Temp\\files\\00000616530000000000000000.pdf.pdf', 'size_bytes': 322936}]",PDG REALTY S.A. EMPREEND E PARTICIPACOES
20478,2011,16273,True,content_match,"[{'path': 'data\\raw\\dfp_mgmt_report\\20478\\2011\\relatorio_administracao.pdf', 'original_filename': 'C:\\Arquivos de programas\\CVM\\EmpresasNet\\Temp\\files\\00006916530000000000000000.pdf.pdf', 'size_bytes': 338497}]",PDG REALTY S.A. EMPREEND E PARTICIPACOES
20478,2012,25382,True,content_match,"[{'path': 'data\\raw\\dfp_mgmt_report\\20478\\2012\\relatorio_administracao.pdf', 'original_filename': 'C:\\Arquivos de programas\\CVM\\EmpresasNet\\Temp\\files\\00013204190000000000000000.pdf.pdf', 'size_bytes': 33870}]",PDG REALTY S.A. EMPREEND E PARTICIPACOES
20478,2013,34541,False,not_found,[],PDG REALTY S.A. EMPREEND E PARTICIPACOES
20478,2014,45065,False,not_found,[],PDG REALTY S.A. EMPREEND E PARTICIPACOES
9512,2010,5169,False,not_found,[],PETROLEO BRASILEIRO S.A. PETROBRAS
9512,2011,14307,False,not_found,[],PETROLEO BRASILEIRO S.A. PETROBRAS
9512,2012,24066,False,not_found,[],PETROLEO BRASILEIRO S.A. PETROBRAS
9512,2013,34830,False,not_found,[],PETROLEO BRASILEIRO S.A. PETROBRAS
9512,2014,46133,True,content_match,"[{'path': 'data\\raw\\dfp_mgmt_report\\9512\\2014\\relatorio_administracao.pdf', 'original_filename': 'C:\\CVM\\EmpresasNet\\Temp\\files\\00121816530000000000000000.pdf.pdf', 'size_bytes': 1439806}]",PETROLEO BRASILEIRO S.A. PETROBRAS
20362,2010,7578,True,content_match,"[{'path': 'data\\raw\\dfp_mgmt_report\\20362\\2010\\relatorio_administracao.pdf', 'original_filename': 'C:\\Arquivos de programas\\CVM\\EmpresasNet\\Temp\\files\\00000416530000000000000000.pdf.pdf', 'size_bytes': 107456}]",POSITIVO TECNOLOGIA S.A.
20362,2011,15164,True,content_match,"[{'path': 'data\\raw\\dfp_mgmt_report\\20362\\2011\\relatorio_administracao.pdf', 'original_filename': 'C:\\Arquivos de programas\\CVM\\EmpresasNet\\Temp\\files\\00001816530000000000000000.pdf.pdf', 'size_bytes': 155590}]",POSITIVO TECNOLOGIA S.A.
20362,2012,24944,True,content_match,"[{'path': 'data\\raw\\dfp_mgmt_report\\20362\\2012\\relatorio_administracao.pdf', 'original_filename': 'C:\\Arquivos de programas\\CVM\\EmpresasNet\\Temp\\files\\00001216530000000000000000.pdf.pdf', 'size_bytes': 371091}]",POSITIVO TECNOLOGIA S.A.
20362,2013,34704,True,content_match,"[{'path': 'data\\raw\\dfp_mgmt_report\\20362\\2013\\relatorio_administracao.pdf', 'original_filename': 'C:\\CVM\\EmpresasNet\\Temp\\files\\00001016530000000000000000.pdf.pdf', 'size_bytes': 323542}]",POSITIVO TECNOLOGIA S.A.
20362,2014,44812,True,content_match,"[{'path': 'data\\raw\\dfp_mgmt_report\\20362\\2014\\relatorio_administracao.pdf', 'original_filename': 'C:\\CVM\\EmpresasNet\\Temp\\files\\00119416530000000000000000.pdf.pdf', 'size_bytes': 107968}]",POSITIVO TECNOLOGIA S.A.
22187,2010,7251,False,not_found,[],PRIO S.A.
22187,2011,14918,True,content_match,"[{'path': 'data\\raw\\dfp_mgmt_report\\22187\\2011\\relatorio_administracao.pdf', 'original_filename': 'C:\\Program Files\\CVM\\EmpresasNet\\Temp\\files\\00003016530000000000000000.pdf.pdf', 'size_bytes': 282484}]",PRIO S.A.
22187,2012,24661,True,content_match,"[{'path': 'data\\raw\\dfp_mgmt_report\\22187\\2012\\relatorio_administracao.pdf', 'original_filename': 'C:\\CVM\\EmpresasNet\\Temp\\files\\00002316530000000000000000.pdf.pdf', 'size_bytes': 49772}]",PRIO S.A.
22187,2013,35895,True,content_match,"[{'path': 'data\\raw\\dfp_mgmt_report\\22187\\2013\\relatorio_administracao.pdf', 'original_filename': 'C:\\CVM\\EmpresasNet\\Temp\\files\\00000216530000000000000000.pdf.pdf', 'size_bytes': 124594}]",PRIO S.A.
22187,2014,45604,True,content_match,"[{'path': 'data\\raw\\dfp_mgmt_report\\22187\\2014\\relatorio_administracao.pdf', 'original_filename': 'C:\\CVM\\EmpresasNet\\Temp\\files\\00001216530000000000000000.docx.pdf', 'size_bytes': 353601}]",PRIO S.A.
5258,2010,5053,False,not_found,[],RAIA DROGASIL S.A.
5258,2011,15392,False,not_found,[],RAIA DROGASIL S.A.
5258,2012,25488,False,not_found,[],RAIA DROGASIL S.A.
5258,2013,35254,False,not_found,[],RAIA DROGASIL S.A.
5258,2014,44313,False,not_found,[],RAIA DROGASIL S.A.
16306,2010,21664,True,content_match,"[{'path': 'data\\raw\\dfp_mgmt_report\\16306\\2010\\relatorio_administracao.pdf', 'original_filename': 'C:\\Arquivos de programas\\CVM\\EmpresasNet\\Temp\\files\\00002516530000000000000000.pdf.pdf', 'size_bytes': 61874}]",ROSSI RESIDENCIAL S.A. - EM RECUPERAÇÃO JUDICIAL
16306,2011,21668,True,content_match,"[{'path': 'data\\raw\\dfp_mgmt_report\\16306\\2011\\relatorio_administracao.pdf', 'original_filename': 'C:\\Arquivos de programas\\CVM\\EmpresasNet\\Temp\\files\\00001816530000000000000000.pdf.pdf', 'size_bytes': 68952}]",ROSSI RESIDENCIAL S.A. - EM RECUPERAÇÃO JUDICIAL
16306,2012,25377,True,content_match,"[{'path': 'data\\raw\\dfp_mgmt_report\\16306\\2012\\relatorio_administracao.pdf', 'original_filename': 'C:\\Arquivos de programas\\CVM\\EmpresasNet\\Temp\\files\\00003816530000000000000000.pdf.pdf', 'size_bytes': 49197}]",ROSSI RESIDENCIAL S.A. - EM RECUPERAÇÃO JUDICIAL
16306,2013,35672,True,content_match,"[{'path': 'data\\raw\\dfp_mgmt_report\\16306\\2013\\relatorio_administracao.pdf', 'original_filename': 'C:\\Arquivos de programas\\CVM\\EmpresasNet\\Temp\\files\\00000816530000000000000000.docx.pdf', 'size_bytes': 151319}]",ROSSI RESIDENCIAL S.A. - EM RECUPERAÇÃO JUDICIAL
16306,2014,45074,True,content_match,"[{'path': 'data\\raw\\dfp_mgmt_report\\16306\\2014\\relatorio_administracao.pdf', 'original_filename': 'C:\\CVM\\EmpresasNet\\Temp\\files\\00119316530000000000000000.pdf.pdf', 'size_bytes': 127759}]",ROSSI RESIDENCIAL S.A. - EM RECUPERAÇÃO JUDICIAL
17450,2010,6320,True,content_match,"[{'path': 'data\\raw\\dfp_mgmt_report\\17450\\2010\\relatorio_administracao.pdf', 'original_filename': 'C:\\Arquivos de programas\\CVM\\EmpresasNet\\Temp\\files\\00002116530000000000000000.pdf.pdf', 'size_bytes': 266204}]",RUMO S.A.
17450,2011,14699,True,content_match,"[{'path': 'data\\raw\\dfp_mgmt_report\\17450\\2011\\relatorio_administracao.pdf', 'original_filename': 'C:\\Arquivos de programas\\CVM\\EmpresasNet\\Temp\\files\\00000816530000000000000000.pdf.pdf', 'size_bytes': 150814}]",RUMO S.A.
17450,2012,24743,True,content_match,"[{'path': 'data\\raw\\dfp_mgmt_report\\17450\\2012\\relatorio_administracao.pdf', 'original_filename': 'C:\\CVM\\EmpresasNet\\Temp\\files\\00004216530000000000000000.pdf.pdf', 'size_bytes': 136713}]",RUMO S.A.
17450,2013,34903,True,content_match,"[{'path': 'data\\raw\\dfp_mgmt_report\\17450\\2013\\relatorio_administracao.pdf', 'original_filename': 'C:\\CVM\\EmpresasNet\\Temp\\files\\00000916530000000000000000.pdf.pdf', 'size_bytes': 56924}]",RUMO S.A.
17450,2014,53759,True,content_match,"[{'path': 'data\\raw\\dfp_mgmt_report\\17450\\2014\\relatorio_administracao.pdf', 'original_filename': 'C:\\EMPRESASNET\\DISCO1\\Temp\\files\\00121216530000000000000000.pdf.pdf', 'size_bytes': 83001}]",RUMO S.A.
17892,2010,4565,True,content_match,"[{'path': 'data\\raw\\dfp_mgmt_report\\17892\\2010\\relatorio_administracao.pdf', 'original_filename': 'C:\\Arquivos de programas\\CVM\\EmpresasNet\\Temp\\files\\00000816530000000000000000.pdf.pdf', 'size_bytes': 183400}]",SANTOS BRASIL PARTICIPACOES S.A.
17892,2011,14078,True,content_match,"[{'path': 'data\\raw\\dfp_mgmt_report\\17892\\2011\\relatorio_administracao.pdf', 'original_filename': 'C:\\Program Files\\CVM\\EmpresasNet\\Temp\\files\\00005916530000000000000000.pdf.pdf', 'size_bytes': 134702}]",SANTOS BRASIL PARTICIPACOES S.A.
17892,2012,24068,True,content_match,"[{'path': 'data\\raw\\dfp_mgmt_report\\17892\\2012\\relatorio_administracao.pdf', 'original_filename': 'C:\\Program Files\\CVM\\EmpresasNet\\Temp\\files\\00008816530000000000000000.pdf.pdf', 'size_bytes': 143799}]",SANTOS BRASIL PARTICIPACOES S.A.
17892,2013,34432,True,content_match,"[{'path': 'data\\raw\\dfp_mgmt_report\\17892\\2013\\relatorio_administracao.pdf', 'original_filename': 'C:\\Program Files\\CVM\\EmpresasNet\\Temp\\files\\00018816530000000000000000.pdf.pdf', 'size_bytes': 254067}]",SANTOS BRASIL PARTICIPACOES S.A.
17892,2014,43953,True,content_match,"[{'path': 'data\\raw\\dfp_mgmt_report\\17892\\2014\\relatorio_administracao.pdf', 'original_filename': 'C:\\Program Files\\CVM\\EmpresasNet\\Temp\\files\\00025016530000000000000000.pdf.pdf', 'size_bytes': 325611}]",SANTOS BRASIL PARTICIPACOES S.A.
20516,2011,9891,True,content_match,"[{'path': 'data\\raw\\dfp_mgmt_report\\20516\\2011\\relatorio_administracao.pdf', 'original_filename': 'C:\\Program Files\\CVM\\EmpresasNet\\Temp\\files\\00000216530000000000000000.pdf.pdf', 'size_bytes': 514223}]",SAO MARTINHO S.A.
20516,2012,19419,True,content_match,"[{'path': 'data\\raw\\dfp_mgmt_report\\20516\\2012\\relatorio_administracao.pdf', 'original_filename': 'C:\\CVM\\EmpresasNet\\Temp\\files\\00000916530000000000000000.pdf.pdf', 'size_bytes': 140148}]",SAO MARTINHO S.A.
20516,2013,29547,True,content_match,"[{'path': 'data\\raw\\dfp_mgmt_report\\20516\\2013\\relatorio_administracao.pdf', 'original_filename': 'C:\\CVM\\EmpresasNet\\Temp\\files\\00001616530000000000000000.pdf.pdf', 'size_bytes': 188296}]",SAO MARTINHO S.A.
20516,2014,39394,True,content_match,"[{'path': 'data\\raw\\dfp_mgmt_report\\20516\\2014\\relatorio_administracao.pdf', 'original_filename': 'T:\\APL\\CVM_novo\\Completo\\Temp\\files\\00002116530000000000000000.pdf.pdf', 'size_bytes': 167408}]",SAO MARTINHO S.A.
20745,2010,5627,False,not_found,[],SLC AGRICOLA S.A.
20745,2011,15552,False,not_found,[],SLC AGRICOLA S.A.
20745,2012,24917,True,content_match,"[{'path': 'data\\raw\\dfp_mgmt_report\\20745\\2012\\relatorio_administracao.pdf', 'original_filename': 'C:\\CVM\\EmpresasNet\\Temp\\files\\00001016530000000000000000.pdf.pdf', 'size_bytes': 157940}]",SLC AGRICOLA S.A.
20745,2013,35155,False,not_found,[],SLC AGRICOLA S.A.
20745,2014,44921,True,content_match,"[{'path': 'data\\raw\\dfp_mgmt_report\\20745\\2014\\relatorio_administracao.pdf', 'original_filename': 'C:\\CVM\\EmpresasNet\\Temp\\files\\00119816530000000000000000.pdf.pdf', 'size_bytes': 1221205}]",SLC AGRICOLA S.A.
23140,2012,26415,True,content_match,"[{'path': 'data\\raw\\dfp_mgmt_report\\23140\\2012\\relatorio_administracao.pdf', 'original_filename': 'C:\\CVM\\EmpresasNet\\Temp\\files\\00000216530000000000000000.docx.pdf', 'size_bytes': 152788}]",SMILES S.A.
23140,2013,34321,False,not_found,[],SMILES S.A.
23140,2014,44041,False,not_found,[],SMILES S.A.
13986,2010,5059,False,not_found,[],SUZANO S.A.
13986,2011,15346,False,not_found,[],SUZANO S.A.
13986,2012,24853,False,not_found,[],SUZANO S.A.
13986,2013,35192,False,not_found,[],SUZANO S.A.
13986,2014,44759,False,not_found,[],SUZANO S.A.
17671,2010,4773,True,content_match,"[{'path': 'data\\raw\\dfp_mgmt_report\\17671\\2010\\relatorio_administracao.pdf', 'original_filename': 'C:\\Arquivos de programas\\CVM\\EmpresasNet\\Temp\\files\\00000216530000000000000000.pdf.pdf', 'size_bytes': 224142}]",TELEFÔNICA BRASIL S.A
17671,2011,14351,True,content_match,"[{'path': 'data\\raw\\dfp_mgmt_report\\17671\\2011\\relatorio_administracao.pdf', 'original_filename': 'C:\\Arquivos de programas\\CVM\\EmpresasNet\\Temp\\files\\00000616530000000000000000.pdf.pdf', 'size_bytes': 541578}]",TELEFÔNICA BRASIL S.A
17671,2012,24426,True,content_match,"[{'path': 'data\\raw\\dfp_mgmt_report\\17671\\2012\\relatorio_administracao.pdf', 'original_filename': 'C:\\CVM\\EmpresasNet\\Temp\\files\\00000216530000000000000000.pdf.pdf', 'size_bytes': 1425297}]",TELEFÔNICA BRASIL S.A
17671,2013,34836,True,content_match,"[{'path': 'data\\raw\\dfp_mgmt_report\\17671\\2013\\relatorio_administracao.pdf', 'original_filename': 'C:\\CVM\\EmpresasNet\\Temp\\files\\00000216530000000000000000.pdf.pdf', 'size_bytes': 583255}]",TELEFÔNICA BRASIL S.A
17671,2014,44240,True,content_match,"[{'path': 'data\\raw\\dfp_mgmt_report\\17671\\2014\\relatorio_administracao.pdf', 'original_filename': 'C:\\CVM\\EmpresasNet\\Temp\\files\\00002816530000000000000000.pdf.pdf', 'size_bytes': 766189}]",TELEFÔNICA BRASIL S.A
19992,2010,4506,True,content_match,"[{'path': 'data\\raw\\dfp_mgmt_report\\19992\\2010\\relatorio_administracao.pdf', 'original_filename': 'C:\\Program Files\\CVM\\EmpresasNet\\Temp\\files\\00001016530000000000000000.pdf.pdf', 'size_bytes': 398558}]",TOTVS S.A.
19992,2011,14025,True,content_match,"[{'path': 'data\\raw\\dfp_mgmt_report\\19992\\2011\\relatorio_administracao.pdf', 'original_filename': 'C:\\Program Files\\CVM\\EmpresasNet\\Temp\\files\\00002616530000000000000000.pdf.pdf', 'size_bytes': 310698}]",TOTVS S.A.
19992,2012,23966,True,content_match,"[{'path': 'data\\raw\\dfp_mgmt_report\\19992\\2012\\relatorio_administracao.pdf', 'original_filename': 'C:\\Arquivos de programas\\CVM\\EmpresasNet\\Temp\\files\\00004416530000000000000000.pdf.pdf', 'size_bytes': 315675}]",TOTVS S.A.
19992,2013,34227,True,content_match,"[{'path': 'data\\raw\\dfp_mgmt_report\\19992\\2013\\relatorio_administracao.pdf', 'original_filename': 'C:\\CVM\\EmpresasNet\\Temp\\files\\00001816530000000000000000.pdf.pdf', 'size_bytes': 346337}]",TOTVS S.A.
19992,2014,43677,True,content_match,"[{'path': 'data\\raw\\dfp_mgmt_report\\19992\\2014\\relatorio_administracao.pdf', 'original_filename': 'C:\\CVM\\EmpresasNet\\Temp\\files\\00004216530000000000000000.pdf.pdf', 'size_bytes': 309157}]",TOTVS S.A.
20257,2010,9636,True,content_match,"[{'path': 'data\\raw\\dfp_mgmt_report\\20257\\2010\\relatorio_administracao.pdf', 'original_filename': 'C:\\Arquivos de programas\\CVM\\EmpresasNet\\Temp\\files\\00000704160000000000000000.pdf.pdf', 'size_bytes': 12802}]",TRANSMISSORA ALIANÇA DE ENERGIA ELÉTRICA S.A.
20257,2011,19520,True,content_match,"[{'path': 'data\\raw\\dfp_mgmt_report\\20257\\2011\\relatorio_administracao.pdf', 'original_filename': 'C:\\CVM\\EmpresasNet\\Temp\\files\\00003904120000000000000000.pdf.pdf', 'size_bytes': 1195593}]",TRANSMISSORA ALIANÇA DE ENERGIA ELÉTRICA S.A.
20257,2012,25406,True,content_match,"[{'path': 'data\\raw\\dfp_mgmt_report\\20257\\2012\\relatorio_administracao.pdf', 'original_filename': 'C:\\CVM\\EmpresasNet\\Temp\\files\\00006216530000000000000000.pdf.pdf', 'size_bytes': 1691322}]",TRANSMISSORA ALIANÇA DE ENERGIA ELÉTRICA S.A.
20257,2013,35399,True,content_match,"[{'path': 'data\\raw\\dfp_mgmt_report\\20257\\2013\\relatorio_administracao.pdf', 'original_filename': 'C:\\CVM\\EmpresasNet\\Temp\\files\\00008016530000000000000000.pdf.pdf', 'size_bytes': 685866}]",TRANSMISSORA ALIANÇA DE ENERGIA ELÉTRICA S.A.
20257,2014,44926,True,content_match,"[{'path': 'data\\raw\\dfp_mgmt_report\\20257\\2014\\relatorio_administracao.pdf', 'original_filename': 'C:\\CVM\\EmpresasNet\\Temp\\files\\00008616530000000000000000.pdf.pdf', 'size_bytes': 830446}]",TRANSMISSORA ALIANÇA DE ENERGIA ELÉTRICA S.A.
18465,2010,4927,True,content_match,"[{'path': 'data\\raw\\dfp_mgmt_report\\18465\\2010\\relatorio_administracao.pdf', 'original_filename': 'C:\\Arquivos de programas\\CVM\\EmpresasNet\\Temp\\files\\00000116530000000000000000.pdf.pdf', 'size_bytes': 281832}]",ULTRAPAR PARTICIPACOES S.A.
18465,2011,14363,True,content_match,"[{'path': 'data\\raw\\dfp_mgmt_report\\18465\\2011\\relatorio_administracao.pdf', 'original_filename': 'C:\\Program Files\\CVM\\EmpresasNet\\Temp\\files\\00002016530000000000000000.pdf.pdf', 'size_bytes': 315578}]",ULTRAPAR PARTICIPACOES S.A.
18465,2012,24368,True,content_match,"[{'path': 'data\\raw\\dfp_mgmt_report\\18465\\2012\\relatorio_administracao.pdf', 'original_filename': 'C:\\CVM6\\Empresas Net\\Temp\\files\\00001616530000000000000000.pdf.pdf', 'size_bytes': 571791}]",ULTRAPAR PARTICIPACOES S.A.
18465,2013,34677,True,content_match,"[{'path': 'data\\raw\\dfp_mgmt_report\\18465\\2013\\relatorio_administracao.pdf', 'original_filename': 'C:\\CVM\\EmpresasNet\\Temp\\files\\00002816530000000000000000.pdf.pdf', 'size_bytes': 235660}]",ULTRAPAR PARTICIPACOES S.A.
18465,2014,44281,True,content_match,"[{'path': 'data\\raw\\dfp_mgmt_report\\18465\\2014\\relatorio_administracao.pdf', 'original_filename': 'C:\\CVM\\EmpresasNet\\Temp\\files\\00002916530000000000000000.pdf.pdf', 'size_bytes': 240969}]",ULTRAPAR PARTICIPACOES S.A.
14320,2010,5291,True,content_match,"[{'path': 'data\\raw\\dfp_mgmt_report\\14320\\2010\\relatorio_administracao.pdf', 'original_filename': 'C:\\Arquivos de programas\\CVM\\EmpresasNet\\Temp\\files\\00001316530000000000000000.pdf.pdf', 'size_bytes': 365174}]",USINAS SID DE MINAS GERAIS S.A.-USIMINAS
14320,2011,14754,True,content_match,"[{'path': 'data\\raw\\dfp_mgmt_report\\14320\\2011\\relatorio_administracao.pdf', 'original_filename': 'C:\\Arquivos de programas\\CVM\\EmpresasNet\\Temp\\files\\00002716530000000000000000.pdf.pdf', 'size_bytes': 925023}]",USINAS SID DE MINAS GERAIS S.A.-USIMINAS
14320,2012,24647,True,content_match,"[{'path': 'data\\raw\\dfp_mgmt_report\\14320\\2012\\relatorio_administracao.pdf', 'original_filename': 'C:\\Arquivos de programas\\CVM\\EmpresasNet\\Temp\\files\\00002116530000000000000000.pdf.pdf', 'size_bytes': 333926}]",USINAS SID DE MINAS GERAIS S.A.-USIMINAS
14320,2013,34548,True,content_match,"[{'path': 'data\\raw\\dfp_mgmt_report\\14320\\2013\\relatorio_administracao.pdf', 'original_filename': 'C:\\Arquivos de programas\\CVM\\EmpresasNet\\Temp\\files\\00003116530000000000000000.pdf.pdf', 'size_bytes': 273886}]",USINAS SID DE MINAS GERAIS S.A.-USIMINAS
14320,2014,44662,True,content_match,"[{'path': 'data\\raw\\dfp_mgmt_report\\14320\\2014\\relatorio_administracao.pdf', 'original_filename': 'C:\\CVM\\EmpresasNet\\Temp\\files\\00001316530000000000000000.pdf.pdf', 'size_bytes': 339912}]",USINAS SID DE MINAS GERAIS S.A.-USIMINAS
4170,2010,4976,True,content_match,"[{'path': 'data\\raw\\dfp_mgmt_report\\4170\\2010\\relatorio_administracao.pdf', 'original_filename': 'C:\\Arquivos de programas\\CVM\\EmpresasNet\\Temp\\files\\00000416530000000000000000.pdf.pdf', 'size_bytes': 663449}]",VALE S.A.
4170,2011,19475,True,content_match,"[{'path': 'data\\raw\\dfp_mgmt_report\\4170\\2011\\relatorio_administracao.pdf', 'original_filename': 'C:\\Arquivos de programas\\cvrdpvi\\CVM\\EmpresasNet\\Temp\\files\\00000716530000000000000000.pdf.pdf', 'size_bytes': 275876}]",VALE S.A.
4170,2012,24952,True,content_match,"[{'path': 'data\\raw\\dfp_mgmt_report\\4170\\2012\\relatorio_administracao.pdf', 'original_filename': 'C:\\Arquivos de programas\\CVRDPVI\\CVM\\EmpresasNet\\Temp\\files\\00001216530000000000000000.pdf.pdf', 'size_bytes': 397064}]",VALE S.A.
4170,2013,35249,True,content_match,"[{'path': 'data\\raw\\dfp_mgmt_report\\4170\\2013\\relatorio_administracao.pdf', 'original_filename': 'C:\\CVM\\EmpresasNet\\Temp\\files\\00000716530000000000000000.pdf.pdf', 'size_bytes': 390232}]",VALE S.A.
4170,2014,44296,True,content_match,"[{'path': 'data\\raw\\dfp_mgmt_report\\4170\\2014\\relatorio_administracao.pdf', 'original_filename': 'C:\\CVM\\EmpresasNet\\Temp\\files\\00000316530000000000000000.pdf.pdf', 'size_bytes': 452299}]",VALE S.A.
5410,2010,4906,True,content_match,"[{'path': 'data\\raw\\dfp_mgmt_report\\5410\\2010\\relatorio_administracao.pdf', 'original_filename': 'C:\\Empresasnet\\Temp\\files\\00000116530000000000000000.pdf.pdf', 'size_bytes': 37743}]",WEG S.A.
5410,2011,14329,True,content_match,"[{'path': 'data\\raw\\dfp_mgmt_report\\5410\\2011\\relatorio_administracao.pdf', 'original_filename': 'C:\\Arquivos de programas\\CVM\\EmpresasNet\\Temp\\files\\00001616530000000000000000.pdf.pdf', 'size_bytes': 102812}]",WEG S.A.
5410,2012,24482,True,content_match,"[{'path': 'data\\raw\\dfp_mgmt_report\\5410\\2012\\relatorio_administracao.pdf', 'original_filename': 'C:\\Arquivos de programas\\CVM\\EmpresasNet\\Temp\\files\\00001516530000000000000000.pdf.pdf', 'size_bytes': 108898}]",WEG S.A.
5410,2013,34835,True,content_match,"[{'path': 'data\\raw\\dfp_mgmt_report\\5410\\2013\\relatorio_administracao.pdf', 'original_filename': 'C:\\CVM\\EmpresasNet\\Temp\\files\\00003316530000000000000000.pdf.pdf', 'size_bytes': 128046}]",WEG S.A.
5410,2014,44241,True,content_match,"[{'path': 'data\\raw\\dfp_mgmt_report\\5410\\2014\\relatorio_administracao.pdf', 'original_filename': 'C:\\CVM\\EmpresasNet\\Temp\\files\\00003816530000000000000000.pdf.pdf', 'size_bytes': 206038}]",WEG S.A.
21016,2010,5332,True,content_match,"[{'path': 'data\\raw\\dfp_mgmt_report\\21016\\2010\\relatorio_administracao.pdf', 'original_filename': 'C:\\Arquivos de programas\\CVM\\EmpresasNet\\Temp\\files\\00001116530000000000000000.pdf.pdf', 'size_bytes': 172259}]",YDUQS PARTICIPACOES S.A.
21016,2011,23826,True,content_match,"[{'path': 'data\\raw\\dfp_mgmt_report\\21016\\2011\\relatorio_administracao.pdf', 'original_filename': 'C:\\CVM\\EmpresasNet\\Temp\\files\\00000416530000000000000000.docx.pdf', 'size_bytes': 257895}]",YDUQS PARTICIPACOES S.A.
21016,2012,25343,True,content_match,"[{'path': 'data\\raw\\dfp_mgmt_report\\21016\\2012\\relatorio_administracao.pdf', 'original_filename': 'C:\\CVM\\EmpresasNet\\Temp\\files\\00001016530000000000000000.docx.pdf', 'size_bytes': 352198}]",YDUQS PARTICIPACOES S.A.
21016,2013,35514,True,content_match,"[{'path': 'data\\raw\\dfp_mgmt_report\\21016\\2013\\relatorio_administracao.pdf', 'original_filename': 'C:\\CVM\\EmpresasNet\\Temp\\files\\00003516530000000000000000.pdf.pdf', 'size_bytes': 116805}]",YDUQS PARTICIPACOES S.A.
21016,2014,45097,True,content_match,"[{'path': 'data\\raw\\dfp_mgmt_report\\21016\\2014\\relatorio_administracao.pdf', 'original_filename': 'C:\\CVM\\EmpresasNet\\Temp\\files\\00124316530000000000000000.pdf.pdf', 'size_bytes': 105908}]",YDUQS PARTICIPACOES S.A.
18970,2010,5659,False,not_found,[],AES TIETE ENERGIA SA
18970,2011,15023,False,not_found,[],AES TIETE ENERGIA SA
18970,2012,24572,True,content_match,"[{'path': 'data\\raw\\dfp_mgmt_report\\18970\\2012\\relatorio_administracao.pdf', 'original_filename': 'C:\\CVM\\EmpresasNet\\Temp\\files\\00002616530000000000000000.pdf.pdf', 'size_bytes': 36624}]",AES TIETE ENERGIA SA
18970,2013,34956,False,not_found,[],AES TIETE ENERGIA SA
18970,2014,44291,True,content_match,"[{'path': 'data\\raw\\dfp_mgmt_report\\18970\\2014\\relatorio_administracao.pdf', 'original_filename': 'C:\\CVM\\EmpresasNet\\Temp\\files\\00000616530000000000000000.pdf.pdf', 'size_bytes': 59923}]",AES TIETE ENERGIA SA
18970,2015,53577,True,content_match,"[{'path': 'data\\raw\\dfp_mgmt_report\\18970\\2015\\relatorio_administracao.pdf', 'original_filename': 'C:\\CVM\\EmpresasNet\\Temp\\files\\00123916530000000000000000.pdf.pdf', 'size_bytes': 538387}]",AES TIETE ENERGIA SA
18970,2016,62808,True,content_match,"[{'path': 'data\\raw\\dfp_mgmt_report\\18970\\2016\\relatorio_administracao.pdf', 'original_filename': 'C:\\CVM\\EmpresasNet\\Temp\\files\\00128816530000000000000000.pdf.pdf', 'size_bytes': 1419965}]",AES TIETE ENERGIA SA
18970,2017,71802,True,content_match,"[{'path': 'data\\raw\\dfp_mgmt_report\\18970\\2017\\relatorio_administracao.pdf', 'original_filename': 'C:\\EmpresasNet\\Temp\\files\\00121316530000000000000000.pdf.pdf', 'size_bytes': 1009228}]",AES TIETE ENERGIA SA
18970,2018,80910,True,content_match,"[{'path': 'data\\raw\\dfp_mgmt_report\\18970\\2018\\relatorio_administracao.pdf', 'original_filename': 'C:\\CVM\\EmpresasNetV14000\\Temp\\files\\00121216530000000000000000.pdf.pdf', 'size_bytes': 1289032}]",AES TIETE ENERGIA SA
18970,2019,91270,True,content_match,"[{'path': 'data\\raw\\dfp_mgmt_report\\18970\\2019\\relatorio_administracao.pdf', 'original_filename': 'C:\\CVM\\EmpresasNetV15002\\Temp\\files\\00122416530000000000000000.pdf.pdf', 'size_bytes': 535483}]",AES TIETE ENERGIA SA
18970,2020,100848,True,content_match,"[{'path': 'data\\raw\\dfp_mgmt_report\\18970\\2020\\relatorio_administracao.pdf', 'original_filename': 'C:\\CVM\\EmpresasNetV17000\\Temp\\files\\00123116530000000000000000.docx.pdf', 'size_bytes': 599674}]",AES TIETE ENERGIA SA
18350,2010,5577,True,content_match,"[{'path': 'data\\raw\\dfp_mgmt_report\\18350\\2010\\relatorio_administracao.pdf', 'original_filename': 'C:\\Program Files\\CVM\\EmpresasNet\\Temp\\files\\00000316530000000000000000.pdf.pdf', 'size_bytes': 275920}]",AES TIETE SA
18350,2012,24466,True,content_match,"[{'path': 'data\\raw\\dfp_mgmt_report\\18350\\2012\\relatorio_administracao.pdf', 'original_filename': 'C:\\CVM\\EmpresasNet\\Temp\\files\\00002316530000000000000000.pdf.pdf', 'size_bytes': 343870}]",AES TIETE SA
18350,2013,34821,True,content_match,"[{'path': 'data\\raw\\dfp_mgmt_report\\18350\\2013\\relatorio_administracao.pdf', 'original_filename': 'C:\\CVM\\EmpresasNet\\Temp\\files\\00007016530000000000000000.doc.pdf', 'size_bytes': 554625}]",AES TIETE SA
18350,2014,44287,True,content_match,"[{'path': 'data\\raw\\dfp_mgmt_report\\18350\\2014\\relatorio_administracao.pdf', 'original_filename': 'C:\\CVM\\EmpresasNet\\Temp\\files\\00008116530000000000000000.pdf.pdf', 'size_bytes': 455419}]",AES TIETE SA
21300,2010,5804,True,content_match,"[{'path': 'data\\raw\\dfp_mgmt_report\\21300\\2010\\relatorio_administracao.pdf', 'original_filename': 'C:\\Arquivos de programas\\CVM\\EmpresasNet\\Temp\\files\\00000416530000000000000000.pdf.pdf', 'size_bytes': 1348152}]",ALIANSCE SHOPPING CENTERS S.A.
21300,2011,23057,True,content_match,"[{'path': 'data\\raw\\dfp_mgmt_report\\21300\\2011\\relatorio_administracao.pdf', 'original_filename': 'C:\\CVM\\EmpresasNet\\Temp\\files\\00000916530000000000000000.pdf.pdf', 'size_bytes': 1464680}]",ALIANSCE SHOPPING CENTERS S.A.
21300,2012,25291,False,not_found,[],ALIANSCE SHOPPING CENTERS S.A.
21300,2013,36079,False,not_found,[],ALIANSCE SHOPPING CENTERS S.A.
21300,2014,45332,False,not_found,[],ALIANSCE SHOPPING CENTERS S.A.
21300,2016,63639,False,not_found,[],ALIANSCE SHOPPING CENTERS S.A.
21300,2017,72187,False,not_found,[],ALIANSCE SHOPPING CENTERS S.A.
21300,2018,80906,False,not_found,[],ALIANSCE SHOPPING CENTERS S.A.
21490,2010,6665,True,content_match,"[{'path': 'data\\raw\\dfp_mgmt_report\\21490\\2010\\relatorio_administracao.pdf', 'original_filename': 'C:\\Arquivos de programas\\CVM\\EmpresasNet\\Temp\\files\\00000316530000000000000000.pdf.pdf', 'size_bytes': 944786}]",ALUPAR INVESTIMENTO S/A
21490,2011,24446,True,content_match,"[{'path': 'data\\raw\\dfp_mgmt_report\\21490\\2011\\relatorio_administracao.pdf', 'original_filename': 'C:\\CVM\\EmpresasNet\\Temp\\files\\00002216530000000000000000.pdf.pdf', 'size_bytes': 860880}]",ALUPAR INVESTIMENTO S/A
21490,2012,24425,True,content_match,"[{'path': 'data\\raw\\dfp_mgmt_report\\21490\\2012\\relatorio_administracao.pdf', 'original_filename': 'C:\\CVM\\EmpresasNet\\Temp\\files\\00001816530000000000000000.pdf.pdf', 'size_bytes': 1198812}]",ALUPAR INVESTIMENTO S/A
21490,2013,35636,True,content_match,"[{'path': 'data\\raw\\dfp_mgmt_report\\21490\\2013\\relatorio_administracao.pdf', 'original_filename': 'C:\\CVM\\EmpresasNet\\Temp\\files\\00003416530000000000000000.pdf.pdf', 'size_bytes': 1077758}]",ALUPAR INVESTIMENTO S/A
21490,2014,44807,True,content_match,"[{'path': 'data\\raw\\dfp_mgmt_report\\21490\\2014\\relatorio_administracao.pdf', 'original_filename': 'C:\\CVM\\EmpresasNet\\Temp\\files\\00119316530000000000000000.docx.pdf', 'size_bytes': 1008740}]",ALUPAR INVESTIMENTO S/A
21490,2015,54006,True,content_match,"[{'path': 'data\\raw\\dfp_mgmt_report\\21490\\2015\\relatorio_administracao.pdf', 'original_filename': 'C:\\CVM\\EmpresasNet\\Temp\\files\\00123316530000000000000000.pdf.pdf', 'size_bytes': 628897}]",ALUPAR INVESTIMENTO S/A
21490,2016,63354,True,content_match,"[{'path': 'data\\raw\\dfp_mgmt_report\\21490\\2016\\relatorio_administracao.pdf', 'original_filename': 'C:\\CVM\\EmpresasNet\\Temp\\files\\00125616530000000000000000.pdf.pdf', 'size_bytes': 399199}]",ALUPAR INVESTIMENTO S/A
21490,2017,72116,True,content_match,"[{'path': 'data\\raw\\dfp_mgmt_report\\21490\\2017\\relatorio_administracao.pdf', 'original_filename': 'C:\\Program Files (x86)\\CVM\\EmpresasNet\\Temp\\files\\00130216530000000000000000.docx.pdf', 'size_bytes': 608269}]",ALUPAR INVESTIMENTO S/A
21490,2018,83727,True,content_match,"[{'path': 'data\\raw\\dfp_mgmt_report\\21490\\2018\\relatorio_administracao.pdf', 'original_filename': 'C:\\CVM\\EmpresasNetV13003\\Temp\\files\\00122816530000000000000000.docx.pdf', 'size_bytes': 478379}]",ALUPAR INVESTIMENTO S/A
21490,2019,91503,True,content_match,"[{'path': 'data\\raw\\dfp_mgmt_report\\21490\\2019\\relatorio_administracao.pdf', 'original_filename': 'C:\\CVM\\EmpresasNetV16000\\Temp\\files\\00121216530000000000000000.pdf.pdf', 'size_bytes': 1477485}]",ALUPAR INVESTIMENTO S/A
21490,2020,102147,True,content_match,"[{'path': 'data\\raw\\dfp_mgmt_report\\21490\\2020\\relatorio_administracao.pdf', 'original_filename': 'C:\\CVM\\EmpresasNetV17000\\Temp\\files\\00122116530000000000000000.pdf.pdf', 'size_bytes': 1577750}]",ALUPAR INVESTIMENTO S/A
21490,2021,112043,True,content_match,"[{'path': 'data\\raw\\dfp_mgmt_report\\21490\\2021\\relatorio_administracao.pdf', 'original_filename': 'Rel. ADM e Comentário 4T21.pdf', 'size_bytes': 2084314}]",ALUPAR INVESTIMENTO S/A
21490,2022,123842,True,content_match,"[{'path': 'data\\raw\\dfp_mgmt_report\\21490\\2022\\relatorio_administracao.pdf', 'original_filename': 'RA e CD 2022.pdf', 'size_bytes': 1786195}]",ALUPAR INVESTIMENTO S/A
21490,2023,134463,True,content_match,"[{'path': 'data\\raw\\dfp_mgmt_report\\21490\\2023\\relatorio_administracao.pdf', 'original_filename': 'RA e CD 2023.pdf', 'size_bytes': 2089372}]",ALUPAR INVESTIMENTO S/A
21490,2024,145069,True,content_match,"[{'path': 'data\\raw\\dfp_mgmt_report\\21490\\2024\\relatorio_administracao.pdf', 'original_filename': 'RA e CD 2024.pdf', 'size_bytes': 1994139}]",ALUPAR INVESTIMENTO S/A
21490,2025,155099,True,filename_match,"[{'path': 'data\\raw\\dfp_mgmt_report\\21490\\2025\\relatorio_administracao.pdf', 'original_filename': 'Relatório da Administração 2025 CVM Final.pdf', 'size_bytes': 2536978}]",ALUPAR INVESTIMENTO S/A
24961,2019,91120,True,content_match,"[{'path': 'data\\raw\\dfp_mgmt_report\\24961\\2019\\relatorio_administracao.pdf', 'original_filename': 'C:\\CVM\\EmpresasNetV15002\\Temp\\files\\00129216530000000000000000.pdf.pdf', 'size_bytes': 2047801}]",AMBIPAR PARTICIPAÇÕES E EMPREENDIMENTOS S.A.
24961,2020,102743,True,content_match,"[{'path': 'data\\raw\\dfp_mgmt_report\\24961\\2020\\relatorio_administracao.pdf', 'original_filename': 'C:\\CVM\\EmpresasNetV17000\\Temp\\files\\00122216530000000000000000.pdf.pdf', 'size_bytes': 755979}]",AMBIPAR PARTICIPAÇÕES E EMPREENDIMENTOS S.A.
24961,2021,112504,False,not_found,[],AMBIPAR PARTICIPAÇÕES E EMPREENDIMENTOS S.A.
24961,2022,124738,False,not_found,[],AMBIPAR PARTICIPAÇÕES E EMPREENDIMENTOS S.A.
24961,2023,139617,False,not_found,[],AMBIPAR PARTICIPAÇÕES E EMPREENDIMENTOS S.A.
24961,2024,154596,True,filename_match,"[{'path': 'data\\raw\\dfp_mgmt_report\\24961\\2024\\relatorio_administracao.pdf', 'original_filename': '1639-25 Relatório de administração 4ITR24.pdf', 'size_bytes': 2019489}]",AMBIPAR PARTICIPAÇÕES E EMPREENDIMENTOS S.A.
18961,2010,8548,True,content_match,"[{'path': 'data\\raw\\dfp_mgmt_report\\18961\\2010\\relatorio_administracao.pdf', 'original_filename': 'C:\\Arquivos de programas\\CVM\\EmpresasNet\\Temp\\files\\00001616530000000000000000.pdf.pdf', 'size_bytes': 283112}]",ANHANGUERA EDUCACIONAL PARTICIPAÇÕES S.A.
18961,2011,15882,True,content_match,"[{'path': 'data\\raw\\dfp_mgmt_report\\18961\\2011\\relatorio_administracao.pdf', 'original_filename': 'C:\\Arquivos de programas\\CVM\\EmpresasNet\\Temp\\files\\00005316530000000000000000.pdf.pdf', 'size_bytes': 2159579}]",ANHANGUERA EDUCACIONAL PARTICIPAÇÕES S.A.
18961,2012,25251,True,content_match,"[{'path': 'data\\raw\\dfp_mgmt_report\\18961\\2012\\relatorio_administracao.pdf', 'original_filename': 'C:\\Arquivos de programas\\CVM\\EmpresasNet\\Temp\\files\\00003416530000000000000000.pdf.pdf', 'size_bytes': 259201}]",ANHANGUERA EDUCACIONAL PARTICIPAÇÕES S.A.
18961,2013,35221,True,content_match,"[{'path': 'data\\raw\\dfp_mgmt_report\\18961\\2013\\relatorio_administracao.pdf', 'original_filename': 'C:\\Arquivos de programas\\CVM\\EmpresasNet\\Temp\\files\\00007916530000000000000000.pdf.pdf', 'size_bytes': 663761}]",ANHANGUERA EDUCACIONAL PARTICIPAÇÕES S.A.
23248,2012,32051,False,not_found,[],ANIMA HOLDING S.A.
23248,2013,35381,True,content_match,"[{'path': 'data\\raw\\dfp_mgmt_report\\23248\\2013\\relatorio_administracao.pdf', 'original_filename': 'C:\\Empresasnet\\Temp\\files\\00002516530000000000000000.docx.pdf', 'size_bytes': 287357}]",ANIMA HOLDING S.A.
23248,2014,44335,True,content_match,"[{'path': 'data\\raw\\dfp_mgmt_report\\23248\\2014\\relatorio_administracao.pdf', 'original_filename': 'C:\\CVM\\EmpresasNet\\Temp\\files\\00000716530000000000000000.pdf.pdf', 'size_bytes': 248902}]",ANIMA HOLDING S.A.
23248,2015,53928,True,content_match,"[{'path': 'data\\raw\\dfp_mgmt_report\\23248\\2015\\relatorio_administracao.pdf', 'original_filename': 'C:\\CVM\\EmpresasNet\\Temp\\files\\00121616530000000000000000.pdf.pdf', 'size_bytes': 130339}]",ANIMA HOLDING S.A.
23248,2016,63146,True,content_match,"[{'path': 'data\\raw\\dfp_mgmt_report\\23248\\2016\\relatorio_administracao.pdf', 'original_filename': 'C:\\Program Files (x86)\\CVM\\EmpresasNet\\Temp\\files\\00121716530000000000000000.pdf.pdf', 'size_bytes': 363395}]",ANIMA HOLDING S.A.
23248,2017,72485,True,content_match,"[{'path': 'data\\raw\\dfp_mgmt_report\\23248\\2017\\relatorio_administracao.pdf', 'original_filename': 'C:\\Program Files (x86)\\CVM\\EmpresasNet\\Temp\\files\\00122516530000000000000000.pdf.pdf', 'size_bytes': 409813}]",ANIMA HOLDING S.A.
23248,2018,81393,True,content_match,"[{'path': 'data\\raw\\dfp_mgmt_report\\23248\\2018\\relatorio_administracao.pdf', 'original_filename': 'C:\\CVM\\EmpresasNetV13002\\Temp\\files\\00122216530000000000000000.docx.pdf', 'size_bytes': 889578}]",ANIMA HOLDING S.A.
23248,2019,91479,True,content_match,"[{'path': 'data\\raw\\dfp_mgmt_report\\23248\\2019\\relatorio_administracao.pdf', 'original_filename': 'C:\\CVM\\EmpresasNetV16000\\Temp\\files\\00121116530000000000000000.docx.pdf', 'size_bytes': 652007}]",ANIMA HOLDING S.A.
23248,2020,101029,True,content_match,"[{'path': 'data\\raw\\dfp_mgmt_report\\23248\\2020\\relatorio_administracao.pdf', 'original_filename': 'C:\\CVM\\EmpresasNetV17000\\Temp\\files\\00121716530000000000000000.pdf.pdf', 'size_bytes': 271338}]",ANIMA HOLDING S.A.
23248,2021,113046,True,filename_match,"[{'path': 'data\\raw\\dfp_mgmt_report\\23248\\2021\\relatorio_administracao.pdf', 'original_filename': 'Anima_Relatório da Administração_2021_V5.pdf', 'size_bytes': 567639}]",ANIMA HOLDING S.A.
23248,2022,124656,True,filename_match,"[{'path': 'data\\raw\\dfp_mgmt_report\\23248\\2022\\relatorio_administracao.pdf', 'original_filename': 'Anima_Relatório da Administração_2022.pdf', 'size_bytes': 369582}]",ANIMA HOLDING S.A.
23248,2023,135077,True,filename_match,"[{'path': 'data\\raw\\dfp_mgmt_report\\23248\\2023\\relatorio_administracao.pdf', 'original_filename': '2- Anima_Relatório da Administração_2023_V4.pdf', 'size_bytes': 808204}]",ANIMA HOLDING S.A.
23248,2024,145605,True,filename_match,"[{'path': 'data\\raw\\dfp_mgmt_report\\23248\\2024\\relatorio_administracao.pdf', 'original_filename': 'Anima_Relatório da Administração_2024.pdf', 'size_bytes': 359278}]",ANIMA HOLDING S.A.
23248,2025,155312,True,filename_match,"[{'path': 'data\\raw\\dfp_mgmt_report\\23248\\2025\\relatorio_administracao.pdf', 'original_filename': 'Anima_Relatório da Administração_2025.pdf', 'size_bytes': 373702}]",ANIMA HOLDING S.A.
19771,2010,9613,True,content_match,"[{'path': 'data\\raw\\dfp_mgmt_report\\19771\\2010\\relatorio_administracao.pdf', 'original_filename': 'C:\\Arquivos de programas\\CVM\\EmpresasNet\\Temp\\files\\00003416530000000000000000.pdf.pdf', 'size_bytes': 305071}]",ARTERIS S.A.
19771,2011,15250,True,content_match,"[{'path': 'data\\raw\\dfp_mgmt_report\\19771\\2011\\relatorio_administracao.pdf', 'original_filename': 'C:\\Program Files\\CVM\\EmpresasNet\\Temp\\files\\00002516530000000000000000.pdf.pdf', 'size_bytes': 413602}]",ARTERIS S.A.
19771,2012,24686,True,content_match,"[{'path': 'data\\raw\\dfp_mgmt_report\\19771\\2012\\relatorio_administracao.pdf', 'original_filename': 'C:\\CVM\\EmpresasNet\\Temp\\files\\00002816530000000000000000.pdf.pdf', 'size_bytes': 668243}]",ARTERIS S.A.
19771,2013,34833,True,content_match,"[{'path': 'data\\raw\\dfp_mgmt_report\\19771\\2013\\relatorio_administracao.pdf', 'original_filename': 'C:\\CVM\\EmpresasNet\\Temp\\files\\00005616530000000000000000.pdf.pdf', 'size_bytes': 494862}]",ARTERIS S.A.
19771,2014,44339,True,content_match,"[{'path': 'data\\raw\\dfp_mgmt_report\\19771\\2014\\relatorio_administracao.pdf', 'original_filename': 'C:\\CVM\\EmpresasNet\\Temp\\files\\00000616530000000000000000.pdf.pdf', 'size_bytes': 284144}]",ARTERIS S.A.
19771,2015,54628,True,content_match,"[{'path': 'data\\raw\\dfp_mgmt_report\\19771\\2015\\relatorio_administracao.pdf', 'original_filename': 'C:\\Program Files (x86)\\CVM\\EmpresasNet\\Temp\\files\\00122816530000000000000000.pdf.pdf', 'size_bytes': 286531}]",ARTERIS S.A.
19771,2016,63202,True,content_match,"[{'path': 'data\\raw\\dfp_mgmt_report\\19771\\2016\\relatorio_administracao.pdf', 'original_filename': 'C:\\CVM\\EmpresasNet\\Temp\\files\\00123216530000000000000000.pdf.pdf', 'size_bytes': 449606}]",ARTERIS S.A.
19771,2017,71721,True,content_match,"[{'path': 'data\\raw\\dfp_mgmt_report\\19771\\2017\\relatorio_administracao.pdf', 'original_filename': 'C:\\EmpresasNet\\Temp\\files\\00121816530000000000000000.pdf.pdf', 'size_bytes': 615615}]",ARTERIS S.A.
19771,2018,81010,True,content_match,"[{'path': 'data\\raw\\dfp_mgmt_report\\19771\\2018\\relatorio_administracao.pdf', 'original_filename': 'C:\\CVM\\EmpresasNetV14000\\Temp\\files\\00122316530000000000000000.pdf.pdf', 'size_bytes': 373706}]",ARTERIS S.A.
19771,2019,91159,True,content_match,"[{'path': 'data\\raw\\dfp_mgmt_report\\19771\\2019\\relatorio_administracao.pdf', 'original_filename': 'C:\\CVM\\EmpresasNetV15002\\Temp\\files\\00121916530000000000000000.pdf.pdf', 'size_bytes': 204456}]",ARTERIS S.A.
19771,2020,102739,True,content_match,"[{'path': 'data\\raw\\dfp_mgmt_report\\19771\\2020\\relatorio_administracao.pdf', 'original_filename': 'C:\\CVM\\EmpresasNetV17000\\Temp\\files\\00121916530000000000000000.pdf.pdf', 'size_bytes': 217879}]",ARTERIS S.A.
19771,2021,112031,True,content_match,"[{'path': 'data\\raw\\dfp_mgmt_report\\19771\\2021\\relatorio_administracao.pdf', 'original_filename': 'RA 2021_VSergio.pdf', 'size_bytes': 326445}]",ARTERIS S.A.
19771,2022,123669,True,content_match,"[{'path': 'data\\raw\\dfp_mgmt_report\\19771\\2022\\relatorio_administracao.pdf', 'original_filename': '2. Release - 4T22_vF2.pdf', 'size_bytes': 950119}]",ARTERIS S.A.
19771,2023,137595,True,content_match,"[{'path': 'data\\raw\\dfp_mgmt_report\\19771\\2023\\relatorio_administracao.pdf', 'original_filename': 'Release de Resultado 4T23 - v5.pdf', 'size_bytes': 1515133}]",ARTERIS S.A.
19771,2024,145096,True,content_match,"[{'path': 'data\\raw\\dfp_mgmt_report\\19771\\2024\\relatorio_administracao.pdf', 'original_filename': 'Release de Resultados 4T24 - Consol (quadros).pdf', 'size_bytes': 875519}]",ARTERIS S.A.
19771,2025,155574,True,content_match,"[{'path': 'data\\raw\\dfp_mgmt_report\\19771\\2025\\relatorio_administracao.pdf', 'original_filename': '2. ART - Release de Resultados 4T25_vF.pdf', 'size_bytes': 1977113}]",ARTERIS S.A.
20125,2022,123793,True,filename_match,"[{'path': 'data\\raw\\dfp_mgmt_report\\20125\\2022\\relatorio_administracao.pdf', 'original_filename': 'Relatório da Administração 2022 (2).pdf', 'size_bytes': 482489}]",BRADSAÚDE S.A.
20125,2023,134322,False,not_found,[],BRADSAÚDE S.A.
20125,2024,145038,False,not_found,[],BRADSAÚDE S.A.
20125,2025,154958,False,not_found,[],BRADSAÚDE S.A.
20184,2010,5989,True,content_match,"[{'path': 'data\\raw\\dfp_mgmt_report\\20184\\2010\\relatorio_administracao.pdf', 'original_filename': 'C:\\Arquivos de programas\\CVM\\EmpresasNet\\Temp\\files\\00000616530000000000000000.doc.pdf', 'size_bytes': 115739}]",CCX CARVÃO DA COLÔMBIA S.A. - EM LIQUIDAÇÃO
20184,2011,15591,True,content_match,"[{'path': 'data\\raw\\dfp_mgmt_report\\20184\\2011\\relatorio_administracao.pdf', 'original_filename': 'C:\\Arquivos de programas\\CVM\\EmpresasNet\\Temp\\files\\00001016530000000000000000.pdf.pdf', 'size_bytes': 19838}]",CCX CARVÃO DA COLÔMBIA S.A. - EM LIQUIDAÇÃO
20184,2012,24371,True,content_match,"[{'path': 'data\\raw\\dfp_mgmt_report\\20184\\2012\\relatorio_administracao.pdf', 'original_filename': 'C:\\CVM\\EmpresasNet\\Temp\\files\\00002316530000000000000000.pdf.pdf', 'size_bytes': 30107}]",CCX CARVÃO DA COLÔMBIA S.A. - EM LIQUIDAÇÃO
20184,2013,36243,True,content_match,"[{'path': 'data\\raw\\dfp_mgmt_report\\20184\\2013\\relatorio_administracao.pdf', 'original_filename': 'C:\\CVM\\EmpresasNet\\Temp\\files\\00005004120000000000000000.pdf.pdf', 'size_bytes': 448604}]",CCX CARVÃO DA COLÔMBIA S.A. - EM LIQUIDAÇÃO
20184,2014,45680,True,content_match,"[{'path': 'data\\raw\\dfp_mgmt_report\\20184\\2014\\relatorio_administracao.pdf', 'original_filename': 'C:\\CVM\\EmpresasNet\\Temp\\files\\00005116530000000000000000.pdf.pdf', 'size_bytes': 86528}]",CCX CARVÃO DA COLÔMBIA S.A. - EM LIQUIDAÇÃO
20184,2015,54780,True,content_match,"[{'path': 'data\\raw\\dfp_mgmt_report\\20184\\2015\\relatorio_administracao.pdf', 'original_filename': 'C:\\CVM\\EmpresasNet\\Temp\\files\\00122616530000000000000000.pdf.pdf', 'size_bytes': 224350}]",CCX CARVÃO DA COLÔMBIA S.A. - EM LIQUIDAÇÃO
20184,2016,63746,True,content_match,"[{'path': 'data\\raw\\dfp_mgmt_report\\20184\\2016\\relatorio_administracao.pdf', 'original_filename': 'C:\\CVM\\EmpresasNet\\Temp\\files\\00123816530000000000000000.pdf.pdf', 'size_bytes': 178148}]",CCX CARVÃO DA COLÔMBIA S.A. - EM LIQUIDAÇÃO
20184,2017,73218,False,not_found,[],CCX CARVÃO DA COLÔMBIA S.A. - EM LIQUIDAÇÃO
20184,2018,81954,True,content_match,"[{'path': 'data\\raw\\dfp_mgmt_report\\20184\\2018\\relatorio_administracao.pdf', 'original_filename': 'C:\\CVM\\EmpresasNetV13004\\Temp\\files\\00123016530000000000000000.pdf.pdf', 'size_bytes': 424331}]",CCX CARVÃO DA COLÔMBIA S.A. - EM LIQUIDAÇÃO
20184,2019,97154,True,content_match,"[{'path': 'data\\raw\\dfp_mgmt_report\\20184\\2019\\relatorio_administracao.pdf', 'original_filename': 'C:\\CVM\\EmpresasNetV16000\\Temp\\files\\00122016530000000000000000.pdf.pdf', 'size_bytes': 424804}]",CCX CARVÃO DA COLÔMBIA S.A. - EM LIQUIDAÇÃO
20184,2020,106325,True,content_match,"[{'path': 'data\\raw\\dfp_mgmt_report\\20184\\2020\\relatorio_administracao.pdf', 'original_filename': 'C:\\CVM\\EmpresasNetV17001\\Temp\\files\\00121916530000000000000000.pdf.pdf', 'size_bytes': 423548}]",CCX CARVÃO DA COLÔMBIA S.A. - EM LIQUIDAÇÃO
20184,2021,113512,True,content_match,"[{'path': 'data\\raw\\dfp_mgmt_report\\20184\\2021\\relatorio_administracao.pdf', 'original_filename': 'Relatório da ADM.pdf', 'size_bytes': 458130}]",CCX CARVÃO DA COLÔMBIA S.A. - EM LIQUIDAÇÃO
20184,2022,137545,True,filename_match,"[{'path': 'data\\raw\\dfp_mgmt_report\\20184\\2022\\relatorio_administracao.pdf', 'original_filename': 'Relatório da Administração.pdf', 'size_bytes': 613097}]",CCX CARVÃO DA COLÔMBIA S.A. - EM LIQUIDAÇÃO
21776,2010,7124,True,content_match,"[{'path': 'data\\raw\\dfp_mgmt_report\\21776\\2010\\relatorio_administracao.pdf', 'original_filename': 'C:\\Arquivos de programas\\CVM\\EmpresasNet\\Temp\\files\\00000216530000000000000000.pdf.pdf', 'size_bytes': 76196}]",CENTENNIAL ASSET PARTICIPAÇÕES SUDESTE S/A
21776,2011,15483,True,content_match,"[{'path': 'data\\raw\\dfp_mgmt_report\\21776\\2011\\relatorio_administracao.pdf', 'original_filename': 'C:\\Program Files\\CVM\\EmpresasNet\\Temp\\files\\00002116530000000000000000.docx.pdf', 'size_bytes': 137949}]",CENTENNIAL ASSET PARTICIPAÇÕES SUDESTE S/A
2461,2010,6066,True,content_match,"[{'path': 'data\\raw\\dfp_mgmt_report\\2461\\2010\\relatorio_administracao.pdf', 'original_filename': 'C:\\Arquivos de programas\\CVM\\EmpresasNet\\Temp\\files\\00000216530000000000000000.pdf.pdf', 'size_bytes': 2481601}]",CENTRAIS ELET DE SANTA CATARINA S.A.
2461,2011,15958,False,not_found,[],CENTRAIS ELET DE SANTA CATARINA S.A.
2461,2012,26277,False,not_found,[],CENTRAIS ELET DE SANTA CATARINA S.A.
2461,2013,35863,False,not_found,[],CENTRAIS ELET DE SANTA CATARINA S.A.
2461,2014,45410,True,content_match,"[{'path': 'data\\raw\\dfp_mgmt_report\\2461\\2014\\relatorio_administracao.pdf', 'original_filename': 'C:\\Arquivos de programas\\CVM\\EmpresasNet\\Temp\\files\\00121516530000000000000000.pdf.pdf', 'size_bytes': 668180}]",CENTRAIS ELET DE SANTA CATARINA S.A.
2461,2015,54595,False,not_found,[],CENTRAIS ELET DE SANTA CATARINA S.A.
2461,2016,64219,False,not_found,[],CENTRAIS ELET DE SANTA CATARINA S.A.
2461,2017,73303,True,content_match,"[{'path': 'data\\raw\\dfp_mgmt_report\\2461\\2017\\relatorio_administracao.pdf', 'original_filename': 'C:\\CVM\\EmpresasNetV13\\Temp\\files\\00126716530000000000000000.pdf.pdf', 'size_bytes': 833304}]",CENTRAIS ELET DE SANTA CATARINA S.A.
2461,2018,82258,True,content_match,"[{'path': 'data\\raw\\dfp_mgmt_report\\2461\\2018\\relatorio_administracao.pdf', 'original_filename': 'C:\\CVM\\EmpresasNetV14000\\Temp\\files\\00125216530000000000000000.pdf.pdf', 'size_bytes': 1252642}]",CENTRAIS ELET DE SANTA CATARINA S.A.
2461,2019,91907,True,content_match,"[{'path': 'data\\raw\\dfp_mgmt_report\\2461\\2019\\relatorio_administracao.pdf', 'original_filename': 'C:\\CVM\\EmpresasNetV16000\\Temp\\files\\00121116530000000000000000.pdf.pdf', 'size_bytes': 1257179}]",CENTRAIS ELET DE SANTA CATARINA S.A.
2461,2020,100924,True,content_match,"[{'path': 'data\\raw\\dfp_mgmt_report\\2461\\2020\\relatorio_administracao.pdf', 'original_filename': 'C:\\CVM\\EmpresasNetV17000\\Temp\\files\\00123116530000000000000000.pdf.pdf', 'size_bytes': 1508392}]",CENTRAIS ELET DE SANTA CATARINA S.A.
2461,2021,112464,True,filename_match,"[{'path': 'data\\raw\\dfp_mgmt_report\\2461\\2021\\relatorio_administracao.pdf', 'original_filename': 'EmpresasNet - Relatório Administração.pdf', 'size_bytes': 1840909}]",CENTRAIS ELET DE SANTA CATARINA S.A.
2461,2022,124803,True,filename_match,"[{'path': 'data\\raw\\dfp_mgmt_report\\2461\\2022\\relatorio_administracao.pdf', 'original_filename': 'EmpresasNet - Relatório Administração DFP2022.pdf', 'size_bytes': 3229876}]",CENTRAIS ELET DE SANTA CATARINA S.A.
2461,2023,135344,True,filename_match,"[{'path': 'data\\raw\\dfp_mgmt_report\\2461\\2023\\relatorio_administracao.pdf', 'original_filename': 'EmpresasNet - Relatório Administração 2023.pdf', 'size_bytes': 1470442}]",CENTRAIS ELET DE SANTA CATARINA S.A.
2461,2024,145947,True,filename_match,"[{'path': 'data\\raw\\dfp_mgmt_report\\2461\\2024\\relatorio_administracao.pdf', 'original_filename': 'EmpresasNet - Relatório de Administração 2024.pdf', 'size_bytes': 2014698}]",CENTRAIS ELET DE SANTA CATARINA S.A.
2461,2025,155548,True,filename_match,"[{'path': 'data\\raw\\dfp_mgmt_report\\2461\\2025\\relatorio_administracao.pdf', 'original_filename': 'EmpresasNet - Relatório da Administração 2025.pdf', 'size_bytes': 2319256}]",CENTRAIS ELET DE SANTA CATARINA S.A.
15636,2010,5566,False,not_found,[],CIA GAS DE SAO PAULO - COMGAS
15636,2011,14446,False,not_found,[],CIA GAS DE SAO PAULO - COMGAS
15636,2012,26791,False,not_found,[],CIA GAS DE SAO PAULO - COMGAS
15636,2013,34820,False,not_found,[],CIA GAS DE SAO PAULO - COMGAS
15636,2014,45029,False,not_found,[],CIA GAS DE SAO PAULO - COMGAS
15636,2015,53466,False,not_found,[],CIA GAS DE SAO PAULO - COMGAS
15636,2016,62548,False,not_found,[],CIA GAS DE SAO PAULO - COMGAS
15636,2017,71711,False,not_found,[],CIA GAS DE SAO PAULO - COMGAS
15636,2018,80643,False,not_found,[],CIA GAS DE SAO PAULO - COMGAS
15636,2019,90958,False,not_found,[],CIA GAS DE SAO PAULO - COMGAS
15636,2020,100093,False,not_found,[],CIA GAS DE SAO PAULO - COMGAS
15636,2021,111856,True,filename_match,"[{'path': 'data\\raw\\dfp_mgmt_report\\15636\\2021\\relatorio_administracao.pdf', 'original_filename': 'Relatorio da Administração DF 2021.pdf', 'size_bytes': 515260}]",CIA GAS DE SAO PAULO - COMGAS
15636,2022,123598,True,filename_match,"[{'path': 'data\\raw\\dfp_mgmt_report\\15636\\2022\\relatorio_administracao.pdf', 'original_filename': 'Relatório da Administração DF2022 v3.pdf', 'size_bytes': 297900}]",CIA GAS DE SAO PAULO - COMGAS
15636,2023,135229,True,filename_match,"[{'path': 'data\\raw\\dfp_mgmt_report\\15636\\2023\\relatorio_administracao.pdf', 'original_filename': 'Relatório da Administração DF2023_v5.pdf', 'size_bytes': 109622}]",CIA GAS DE SAO PAULO - COMGAS
15636,2024,145010,False,not_found,[],CIA GAS DE SAO PAULO - COMGAS
15636,2025,155069,True,filename_match,"[{'path': 'data\\raw\\dfp_mgmt_report\\15636\\2025\\relatorio_administracao.pdf', 'original_filename': 'Relatório da Administração DF2025.pdf', 'size_bytes': 194562}]",CIA GAS DE SAO PAULO - COMGAS
25984,2020,104504,True,content_match,"[{'path': 'data\\raw\\dfp_mgmt_report\\25984\\2020\\relatorio_administracao.pdf', 'original_filename': 'C:\\CVM\\EmpresasNetV17001\\Temp\\files\\00123216530000000000000000.pdf.pdf', 'size_bytes': 527146}]",COMPANHIA BRASILEIRA DE ALUMÍNIO
25984,2021,112592,True,filename_match,"[{'path': 'data\\raw\\dfp_mgmt_report\\25984\\2021\\relatorio_administracao.pdf', 'original_filename': 'Relatório da Administração_15.03.22.pdf', 'size_bytes': 1260625}]",COMPANHIA BRASILEIRA DE ALUMÍNIO
25984,2022,124039,True,filename_match,"[{'path': 'data\\raw\\dfp_mgmt_report\\25984\\2022\\relatorio_administracao.pdf', 'original_filename': 'Relatório da Administração 2022.pdf', 'size_bytes': 897023}]",COMPANHIA BRASILEIRA DE ALUMÍNIO
25984,2023,134541,True,filename_match,"[{'path': 'data\\raw\\dfp_mgmt_report\\25984\\2023\\relatorio_administracao.pdf', 'original_filename': 'Relatório da Administração 2023.pdf', 'size_bytes': 1966659}]",COMPANHIA BRASILEIRA DE ALUMÍNIO
25984,2024,145251,True,filename_match,"[{'path': 'data\\raw\\dfp_mgmt_report\\25984\\2024\\relatorio_administracao.pdf', 'original_filename': 'Relatório da Administração 2024 - versão final.pdf', 'size_bytes': 643256}]",COMPANHIA BRASILEIRA DE ALUMÍNIO
25984,2025,155063,True,filename_match,"[{'path': 'data\\raw\\dfp_mgmt_report\\25984\\2025\\relatorio_administracao.pdf', 'original_filename': 'Relatório da Administração 2025 - Português 2.pdf', 'size_bytes': 851703}]",COMPANHIA BRASILEIRA DE ALUMÍNIO
18112,2010,5110,True,content_match,"[{'path': 'data\\raw\\dfp_mgmt_report\\18112\\2010\\relatorio_administracao.pdf', 'original_filename': 'C:\\Arquivos de programas\\CVM\\EmpresasNet\\Temp\\files\\00000316530000000000000000.pdf.pdf', 'size_bytes': 149211}]",COMPANHIA DE BEBIDAS DAS AMÉRICAS-AMBEV
18112,2011,14793,True,content_match,"[{'path': 'data\\raw\\dfp_mgmt_report\\18112\\2011\\relatorio_administracao.pdf', 'original_filename': 'C:\\Arquivos de programas\\CVM\\EmpresasNet\\Temp\\files\\00003016530000000000000000.pdf.pdf', 'size_bytes': 160250}]",COMPANHIA DE BEBIDAS DAS AMÉRICAS-AMBEV
18112,2012,24480,True,content_match,"[{'path': 'data\\raw\\dfp_mgmt_report\\18112\\2012\\relatorio_administracao.pdf', 'original_filename': 'C:\\Arquivos de programas\\CVM\\EmpresasNet\\Temp\\files\\00002216530000000000000000.pdf.pdf', 'size_bytes': 199297}]",COMPANHIA DE BEBIDAS DAS AMÉRICAS-AMBEV
4650,2010,4858,True,content_match,"[{'path': 'data\\raw\\dfp_mgmt_report\\4650\\2010\\relatorio_administracao.pdf', 'original_filename': 'D:\\Appls\\CVM\\EmpresasNet_Oficial\\Temp\\files\\00000416530000000000000000.pdf.pdf', 'size_bytes': 41866}]",CONFAB INDUSTRIAL SA
4650,2011,14355,True,content_match,"[{'path': 'data\\raw\\dfp_mgmt_report\\4650\\2011\\relatorio_administracao.pdf', 'original_filename': 'D:\\Appls\\CVM\\EmpresasNet4\\Temp\\files\\00004216530000000000000000.pdf.pdf', 'size_bytes': 52185}]",CONFAB INDUSTRIAL SA
21148,2010,5761,True,content_match,"[{'path': 'data\\raw\\dfp_mgmt_report\\21148\\2010\\relatorio_administracao.pdf', 'original_filename': 'C:\\Arquivos de programas\\CVM\\EmpresasNet\\Temp\\files\\00000216530000000000000000.docx.pdf', 'size_bytes': 100294}]",CONSTRUTORA TENDA S.A.
21148,2011,16161,True,content_match,"[{'path': 'data\\raw\\dfp_mgmt_report\\21148\\2011\\relatorio_administracao.pdf', 'original_filename': 'C:\\CVM\\EmpresasNet\\Temp\\files\\00000416530000000000000000.docx.pdf', 'size_bytes': 127998}]",CONSTRUTORA TENDA S.A.
21148,2012,24846,True,content_match,"[{'path': 'data\\raw\\dfp_mgmt_report\\21148\\2012\\relatorio_administracao.pdf', 'original_filename': 'C:\\Empresasnet\\Temp\\files\\00000616530000000000000000.pdf.pdf', 'size_bytes': 48669}]",CONSTRUTORA TENDA S.A.
21148,2013,60083,True,content_match,"[{'path': 'data\\raw\\dfp_mgmt_report\\21148\\2013\\relatorio_administracao.pdf', 'original_filename': 'C:\\CVM\\EmpresasNet\\Temp\\files\\00126216530000000000000000.pdf.pdf', 'size_bytes': 70306}]",CONSTRUTORA TENDA S.A.
21148,2014,60084,True,content_match,"[{'path': 'data\\raw\\dfp_mgmt_report\\21148\\2014\\relatorio_administracao.pdf', 'original_filename': 'C:\\CVM\\EmpresasNet\\Temp\\files\\00122116530000000000000000.pdf.pdf', 'size_bytes': 79525}]",CONSTRUTORA TENDA S.A.
21148,2015,60085,True,content_match,"[{'path': 'data\\raw\\dfp_mgmt_report\\21148\\2015\\relatorio_administracao.pdf', 'original_filename': 'C:\\CVM\\EmpresasNet\\Temp\\files\\00126316530000000000000000.pdf.pdf', 'size_bytes': 59670}]",CONSTRUTORA TENDA S.A.
21148,2016,63107,True,content_match,"[{'path': 'data\\raw\\dfp_mgmt_report\\21148\\2016\\relatorio_administracao.pdf', 'original_filename': 'C:\\CVM\\EmpresasNet\\Temp\\files\\00122216530000000000000000.pdf.pdf', 'size_bytes': 191323}]",CONSTRUTORA TENDA S.A.
21148,2017,72100,True,content_match,"[{'path': 'data\\raw\\dfp_mgmt_report\\21148\\2017\\relatorio_administracao.pdf', 'original_filename': 'C:\\CVM\\EmpresasNet\\Temp\\files\\00122716530000000000000000.pdf.pdf', 'size_bytes': 342629}]",CONSTRUTORA TENDA S.A.
21148,2018,81135,True,content_match,"[{'path': 'data\\raw\\dfp_mgmt_report\\21148\\2018\\relatorio_administracao.pdf', 'original_filename': 'C:\\CVM\\EmpresasNetV14000\\Temp\\files\\00121716530000000000000000.pdf.pdf', 'size_bytes': 149445}]",CONSTRUTORA TENDA S.A.
21148,2019,91671,True,content_match,"[{'path': 'data\\raw\\dfp_mgmt_report\\21148\\2019\\relatorio_administracao.pdf', 'original_filename': 'C:\\CVM\\EmpresasNetV15002\\Temp\\files\\00121116530000000000000000.pdf.pdf', 'size_bytes': 909271}]",CONSTRUTORA TENDA S.A.
21148,2021,112437,True,content_match,"[{'path': 'data\\raw\\dfp_mgmt_report\\21148\\2021\\relatorio_administracao.pdf', 'original_filename': 'RA.pdf', 'size_bytes': 1198216}]",CONSTRUTORA TENDA S.A.
21148,2022,124040,True,content_match,"[{'path': 'data\\raw\\dfp_mgmt_report\\21148\\2022\\relatorio_administracao.pdf', 'original_filename': 'Relatorio Adminstracao.pdf', 'size_bytes': 1297127}]",CONSTRUTORA TENDA S.A.
21148,2023,125703,False,not_found,[],CONSTRUTORA TENDA S.A.
21148,2023,134774,True,filename_match,"[{'path': 'data\\raw\\dfp_mgmt_report\\21148\\2023\\relatorio_administracao.pdf', 'original_filename': 'Tenda - Relatório da Administração 2023 - Versão 1 - Atualizado 14.03.2024.pdf', 'size_bytes': 474684}]",CONSTRUTORA TENDA S.A.
21148,2024,145353,True,filename_match,"[{'path': 'data\\raw\\dfp_mgmt_report\\21148\\2024\\relatorio_administracao.pdf', 'original_filename': '03 - Relatório da Administração 2024.pdf', 'size_bytes': 368082}]",CONSTRUTORA TENDA S.A.
21148,2025,155118,False,not_found,[],CONSTRUTORA TENDA S.A.
23485,2013,41264,True,content_match,"[{'path': 'data\\raw\\dfp_mgmt_report\\23485\\2013\\relatorio_administracao.pdf', 'original_filename': 'C:\\CVM\\EmpresasNet\\Temp\\files\\00005216530000000000000000.pdf.pdf', 'size_bytes': 84885}]",COSAN LOGISTICA S.A.
23485,2014,45059,True,content_match,"[{'path': 'data\\raw\\dfp_mgmt_report\\23485\\2014\\relatorio_administracao.pdf', 'original_filename': 'C:\\CVM\\EmpresasNet\\Temp\\files\\00120816530000000000000000.pdf.pdf', 'size_bytes': 149563}]",COSAN LOGISTICA S.A.
23485,2015,53658,True,content_match,"[{'path': 'data\\raw\\dfp_mgmt_report\\23485\\2015\\relatorio_administracao.pdf', 'original_filename': 'C:\\EMPRESASNET\\Disco 1\\Temp\\files\\00122316530000000000000000.pdf.pdf', 'size_bytes': 48480}]",COSAN LOGISTICA S.A.
23485,2016,62668,True,content_match,"[{'path': 'data\\raw\\dfp_mgmt_report\\23485\\2016\\relatorio_administracao.pdf', 'original_filename': 'C:\\CVM\\EmpresasNet 10\\Temp\\files\\00123316530000000000000000.pdf.pdf', 'size_bytes': 209389}]",COSAN LOGISTICA S.A.
23485,2017,72680,True,content_match,"[{'path': 'data\\raw\\dfp_mgmt_report\\23485\\2017\\relatorio_administracao.pdf', 'original_filename': 'C:\\CVM\\EmpresasNet\\Temp\\files\\00123816530000000000000000.pdf.pdf', 'size_bytes': 1041687}]",COSAN LOGISTICA S.A.
23485,2018,80646,True,content_match,"[{'path': 'data\\raw\\dfp_mgmt_report\\23485\\2018\\relatorio_administracao.pdf', 'original_filename': 'C:\\CVM\\EmpresasNetV14000\\Temp\\files\\00121516530000000000000000.pdf.pdf', 'size_bytes': 244949}]",COSAN LOGISTICA S.A.
23485,2019,91019,False,not_found,[],COSAN LOGISTICA S.A.
22365,2010,7822,True,content_match,"[{'path': 'data\\raw\\dfp_mgmt_report\\22365\\2010\\relatorio_administracao.pdf', 'original_filename': 'C:\\Program Files\\CVM\\EmpresasNet\\Temp\\files\\00001916530000000000000000.pdf.pdf', 'size_bytes': 128166}]",ENAUTA PARTICIPAÇÕES S.A.
22365,2011,15025,True,content_match,"[{'path': 'data\\raw\\dfp_mgmt_report\\22365\\2011\\relatorio_administracao.pdf', 'original_filename': 'C:\\Program Files\\CVM\\EmpresasNet\\Temp\\files\\00000716530000000000000000.pdf.pdf', 'size_bytes': 124689}]",ENAUTA PARTICIPAÇÕES S.A.
22365,2012,24913,True,content_match,"[{'path': 'data\\raw\\dfp_mgmt_report\\22365\\2012\\relatorio_administracao.pdf', 'original_filename': 'C:\\cvm\\EmpresasNet\\Temp\\files\\00001816530000000000000000.pdf.pdf', 'size_bytes': 305428}]",ENAUTA PARTICIPAÇÕES S.A.
22365,2013,34908,True,content_match,"[{'path': 'data\\raw\\dfp_mgmt_report\\22365\\2013\\relatorio_administracao.pdf', 'original_filename': 'C:\\CVM\\EmpresasNet\\Temp\\files\\00001716530000000000000000.pdf.pdf', 'size_bytes': 529862}]",ENAUTA PARTICIPAÇÕES S.A.
22365,2014,45003,True,content_match,"[{'path': 'data\\raw\\dfp_mgmt_report\\22365\\2014\\relatorio_administracao.pdf', 'original_filename': 'C:\\CVM\\EmpresasNet\\Temp\\files\\00121916530000000000000000.pdf.pdf', 'size_bytes': 322168}]",ENAUTA PARTICIPAÇÕES S.A.
22365,2015,53961,True,content_match,"[{'path': 'data\\raw\\dfp_mgmt_report\\22365\\2015\\relatorio_administracao.pdf', 'original_filename': 'C:\\CVM\\EmpresasNet\\Temp\\files\\00121216530000000000000000.pdf.pdf', 'size_bytes': 376952}]",ENAUTA PARTICIPAÇÕES S.A.
22365,2016,63182,True,content_match,"[{'path': 'data\\raw\\dfp_mgmt_report\\22365\\2016\\relatorio_administracao.pdf', 'original_filename': 'C:\\CVM\\EmpresasNet\\Temp\\files\\00122116530000000000000000.pdf.pdf', 'size_bytes': 563167}]",ENAUTA PARTICIPAÇÕES S.A.
22365,2017,72077,True,content_match,"[{'path': 'data\\raw\\dfp_mgmt_report\\22365\\2017\\relatorio_administracao.pdf', 'original_filename': 'C:\\CVM\\EmpresasNet\\Temp\\files\\00122716530000000000000000.pdf.pdf', 'size_bytes': 343799}]",ENAUTA PARTICIPAÇÕES S.A.
22365,2018,81283,True,content_match,"[{'path': 'data\\raw\\dfp_mgmt_report\\22365\\2018\\relatorio_administracao.pdf', 'original_filename': 'C:\\CVM\\EmpresasNetV14000\\Temp\\files\\00121616530000000000000000.pdf.pdf', 'size_bytes': 583174}]",ENAUTA PARTICIPAÇÕES S.A.
22365,2019,91505,True,content_match,"[{'path': 'data\\raw\\dfp_mgmt_report\\22365\\2019\\relatorio_administracao.pdf', 'original_filename': 'C:\\CVM\\EmpresasNetV16000\\Temp\\files\\00121716530000000000000000.pdf.pdf', 'size_bytes': 1022559}]",ENAUTA PARTICIPAÇÕES S.A.
22365,2020,102633,True,content_match,"[{'path': 'data\\raw\\dfp_mgmt_report\\22365\\2020\\relatorio_administracao.pdf', 'original_filename': 'C:\\CVM\\EmpresasNetV17000\\Temp\\files\\00122316530000000000000000.pdf.pdf', 'size_bytes': 1390828}]",ENAUTA PARTICIPAÇÕES S.A.
22365,2021,117048,True,content_match,"[{'path': 'data\\raw\\dfp_mgmt_report\\22365\\2021\\relatorio_administracao.pdf', 'original_filename': '2022-06-17 - Enauta ER 4T21_reap_PORT_VF.pdf', 'size_bytes': 1213073}]",ENAUTA PARTICIPAÇÕES S.A.
22365,2022,123811,True,filename_match,"[{'path': 'data\\raw\\dfp_mgmt_report\\22365\\2022\\relatorio_administracao.pdf', 'original_filename': 'Relatorio Administração 2022.pdf', 'size_bytes': 438588}]",ENAUTA PARTICIPAÇÕES S.A.
22365,2023,134554,True,content_match,"[{'path': 'data\\raw\\dfp_mgmt_report\\22365\\2023\\relatorio_administracao.pdf', 'original_filename': 'Rel adm 2023.pdf', 'size_bytes': 391403}]",ENAUTA PARTICIPAÇÕES S.A.
20621,2010,6634,True,content_match,"[{'path': 'data\\raw\\dfp_mgmt_report\\20621\\2010\\relatorio_administracao.pdf', 'original_filename': 'C:\\Program Files\\CVM\\EmpresasNet\\Temp\\files\\00000516530000000000000000.pdf.pdf', 'size_bytes': 1779414}]",FERTILIZANTES HERINGER S.A.
20621,2011,14983,True,content_match,"[{'path': 'data\\raw\\dfp_mgmt_report\\20621\\2011\\relatorio_administracao.pdf', 'original_filename': 'C:\\Program Files\\CVM\\EmpresasNet\\Temp\\files\\00000216530000000000000000.pdf.pdf', 'size_bytes': 2077930}]",FERTILIZANTES HERINGER S.A.
20621,2012,24794,True,content_match,"[{'path': 'data\\raw\\dfp_mgmt_report\\20621\\2012\\relatorio_administracao.pdf', 'original_filename': 'C:\\CVM\\EmpresasNet\\Temp\\files\\00001616530000000000000000.pdf.pdf', 'size_bytes': 1593342}]",FERTILIZANTES HERINGER S.A.
20621,2013,35134,True,content_match,"[{'path': 'data\\raw\\dfp_mgmt_report\\20621\\2013\\relatorio_administracao.pdf', 'original_filename': 'C:\\CVM\\EmpresasNet\\Temp\\files\\00002416530000000000000000.pdf.pdf', 'size_bytes': 1159996}]",FERTILIZANTES HERINGER S.A.
20621,2014,44935,True,content_match,"[{'path': 'data\\raw\\dfp_mgmt_report\\20621\\2014\\relatorio_administracao.pdf', 'original_filename': 'C:\\CVM\\EmpresasNet\\Temp\\files\\00119716530000000000000000.pdf.pdf', 'size_bytes': 882598}]",FERTILIZANTES HERINGER S.A.
20621,2015,53990,True,content_match,"[{'path': 'data\\raw\\dfp_mgmt_report\\20621\\2015\\relatorio_administracao.pdf', 'original_filename': 'C:\\CVM\\EmpresasNet\\Temp\\files\\00122016530000000000000000.pdf.pdf', 'size_bytes': 2079421}]",FERTILIZANTES HERINGER S.A.
20621,2016,63250,True,content_match,"[{'path': 'data\\raw\\dfp_mgmt_report\\20621\\2016\\relatorio_administracao.pdf', 'original_filename': 'C:\\CVM\\EmpresasNet\\Temp\\files\\00124216530000000000000000.pdf.pdf', 'size_bytes': 2090942}]",FERTILIZANTES HERINGER S.A.
20621,2017,72208,True,content_match,"[{'path': 'data\\raw\\dfp_mgmt_report\\20621\\2017\\relatorio_administracao.pdf', 'original_filename': 'C:\\CVM\\EmpresasNet\\Temp\\files\\00130216530000000000000000.pdf.pdf', 'size_bytes': 2271008}]",FERTILIZANTES HERINGER S.A.
20621,2018,81686,True,content_match,"[{'path': 'data\\raw\\dfp_mgmt_report\\20621\\2018\\relatorio_administracao.pdf', 'original_filename': 'C:\\CVM\\EmpresasNetV14000\\Temp\\files\\00126016530000000000000000.pdf.pdf', 'size_bytes': 2046523}]",FERTILIZANTES HERINGER S.A.
20621,2019,92142,True,content_match,"[{'path': 'data\\raw\\dfp_mgmt_report\\20621\\2019\\relatorio_administracao.pdf', 'original_filename': 'C:\\CVM\\EmpresasNetV16000\\Temp\\files\\00121916530000000000000000.pdf.pdf', 'size_bytes': 1093985}]",FERTILIZANTES HERINGER S.A.
20621,2020,102313,True,content_match,"[{'path': 'data\\raw\\dfp_mgmt_report\\20621\\2020\\relatorio_administracao.pdf', 'original_filename': 'C:\\CVM\\EmpresasNetV17000\\Temp\\files\\00122816530000000000000000.pdf.pdf', 'size_bytes': 2023532}]",FERTILIZANTES HERINGER S.A.
20621,2021,113098,True,filename_match,"[{'path': 'data\\raw\\dfp_mgmt_report\\20621\\2021\\relatorio_administracao.pdf', 'original_filename': 'Relatório da Administração_2021_FH.pdf', 'size_bytes': 284071}]",FERTILIZANTES HERINGER S.A.
20621,2022,124731,True,filename_match,"[{'path': 'data\\raw\\dfp_mgmt_report\\20621\\2022\\relatorio_administracao.pdf', 'original_filename': 'Relatório da Administração_2022_V2.pdf', 'size_bytes': 520948}]",FERTILIZANTES HERINGER S.A.
20621,2023,135372,True,filename_match,"[{'path': 'data\\raw\\dfp_mgmt_report\\20621\\2023\\relatorio_administracao.pdf', 'original_filename': 'Relatório da Administração_2023_V2.pdf', 'size_bytes': 470369}]",FERTILIZANTES HERINGER S.A.
20621,2024,145720,True,filename_match,"[{'path': 'data\\raw\\dfp_mgmt_report\\20621\\2024\\relatorio_administracao.pdf', 'original_filename': 'Relatório da Administração_2024.pdf', 'size_bytes': 416845}]",FERTILIZANTES HERINGER S.A.
20621,2025,155801,True,filename_match,"[{'path': 'data\\raw\\dfp_mgmt_report\\20621\\2025\\relatorio_administracao.pdf', 'original_filename': '2026.03.27_Relatório da Administração_2025_FH_Full.pdf', 'size_bytes': 696632}]",FERTILIZANTES HERINGER S.A.
25712,2020,100323,True,content_match,"[{'path': 'data\\raw\\dfp_mgmt_report\\25712\\2020\\relatorio_administracao.pdf', 'original_filename': 'C:\\CVM\\EmpresasNetV17000\\Temp\\files\\00146016530000000000000000.pdf.pdf', 'size_bytes': 711280}]",GPS PARTICIPAÇÕES E EMPREENDIMENTOS S.A.
25712,2021,112327,True,content_match,"[{'path': 'data\\raw\\dfp_mgmt_report\\25712\\2021\\relatorio_administracao.pdf', 'original_filename': 'Release de Resultados (2021)_ PORT FINAL.pdf', 'size_bytes': 1261506}]",GPS PARTICIPAÇÕES E EMPREENDIMENTOS S.A.
25712,2022,130998,True,content_match,"[{'path': 'data\\raw\\dfp_mgmt_report\\25712\\2022\\relatorio_administracao.pdf', 'original_filename': 'GPSRelease de Resultados (2022)PORT.pdf', 'size_bytes': 1390130}]",GPS PARTICIPAÇÕES E EMPREENDIMENTOS S.A.
25712,2023,134466,True,content_match,"[{'path': 'data\\raw\\dfp_mgmt_report\\25712\\2023\\relatorio_administracao.pdf', 'original_filename': 'Release de Resultados 2023_ FINAL_V4 Limpa.pdf', 'size_bytes': 1430681}]",GPS PARTICIPAÇÕES E EMPREENDIMENTOS S.A.
25712,2024,145124,True,content_match,"[{'path': 'data\\raw\\dfp_mgmt_report\\25712\\2024\\relatorio_administracao.pdf', 'original_filename': 'Release de Resultados 4T24_v21.pdf', 'size_bytes': 800908}]",GPS PARTICIPAÇÕES E EMPREENDIMENTOS S.A.
25712,2025,155121,True,content_match,"[{'path': 'data\\raw\\dfp_mgmt_report\\25712\\2025\\relatorio_administracao.pdf', 'original_filename': 'Release de Resultados 4T25_v40.pdf', 'size_bytes': 829555}]",GPS PARTICIPAÇÕES E EMPREENDIMENTOS S.A.
19615,2010,4980,True,content_match,"[{'path': 'data\\raw\\dfp_mgmt_report\\19615\\2010\\relatorio_administracao.pdf', 'original_filename': 'C:\\Arquivos de programas\\CVM\\EmpresasNet\\Temp\\files\\00000416530000000000000000.pdf.pdf', 'size_bytes': 692116}]",GRENDENE S.A.
19615,2011,14648,True,content_match,"[{'path': 'data\\raw\\dfp_mgmt_report\\19615\\2011\\relatorio_administracao.pdf', 'original_filename': 'C:\\Arquivos de programas\\CVM\\EmpresasNet\\Temp\\files\\00002816530000000000000000.pdf.pdf', 'size_bytes': 404230}]",GRENDENE S.A.
19615,2012,24578,True,content_match,"[{'path': 'data\\raw\\dfp_mgmt_report\\19615\\2012\\relatorio_administracao.pdf', 'original_filename': 'C:\\CVM\\EmpresasNet\\Temp\\files\\00003216530000000000000000.pdf.pdf', 'size_bytes': 1367392}]",GRENDENE S.A.
19615,2013,34532,True,content_match,"[{'path': 'data\\raw\\dfp_mgmt_report\\19615\\2013\\relatorio_administracao.pdf', 'original_filename': 'C:\\CVM\\EmpresasNet\\Temp\\files\\00005316530000000000000000.pdf.pdf', 'size_bytes': 1415255}]",GRENDENE S.A.
19615,2014,44045,True,content_match,"[{'path': 'data\\raw\\dfp_mgmt_report\\19615\\2014\\relatorio_administracao.pdf', 'original_filename': 'C:\\CVM\\EmpresasNet\\Temp\\files\\00016116530000000000000000.pdf.pdf', 'size_bytes': 795338}]",GRENDENE S.A.
19615,2015,53646,False,not_found,[],GRENDENE S.A.
19615,2016,62569,False,not_found,[],GRENDENE S.A.
19615,2017,71706,False,not_found,[],GRENDENE S.A.
19615,2018,80667,True,content_match,"[{'path': 'data\\raw\\dfp_mgmt_report\\19615\\2018\\relatorio_administracao.pdf', 'original_filename': 'C:\\CVM\\EmpresasNetV14000\\Temp\\files\\00132616530000000000000000.pdf.pdf', 'size_bytes': 1254146}]",GRENDENE S.A.
19615,2019,90955,False,not_found,[],GRENDENE S.A.
19615,2020,100659,False,not_found,[],GRENDENE S.A.
19615,2021,112035,True,content_match,"[{'path': 'data\\raw\\dfp_mgmt_report\\19615\\2021\\relatorio_administracao.pdf', 'original_filename': 'VERSÃO DFP - Grendene - RA 2021 v8.pdf', 'size_bytes': 535589}]",GRENDENE S.A.
19615,2022,123850,True,content_match,"[{'path': 'data\\raw\\dfp_mgmt_report\\19615\\2022\\relatorio_administracao.pdf', 'original_filename': 'DFP Grendene_RA_v11.pdf', 'size_bytes': 567072}]",GRENDENE S.A.
19615,2023,134366,True,content_match,"[{'path': 'data\\raw\\dfp_mgmt_report\\19615\\2023\\relatorio_administracao.pdf', 'original_filename': 'Grendene_RA 2023_v9_DFP.pdf', 'size_bytes': 491391}]",GRENDENE S.A.
19615,2024,145106,True,content_match,"[{'path': 'data\\raw\\dfp_mgmt_report\\19615\\2024\\relatorio_administracao.pdf', 'original_filename': 'Grendene_RA 2024 - DFP.pdf', 'size_bytes': 729159}]",GRENDENE S.A.
19615,2025,155103,False,not_found,[],GRENDENE S.A.
25186,2019,96147,True,content_match,"[{'path': 'data\\raw\\dfp_mgmt_report\\25186\\2019\\relatorio_administracao.pdf', 'original_filename': 'C:\\CVM\\EmpresasNetV16000\\Temp\\files\\00134616530000000000000000.pdf.pdf', 'size_bytes': 215878}]",GRUPO MATEUS S.A.
25186,2020,102193,False,not_found,[],GRUPO MATEUS S.A.
25186,2021,112429,False,not_found,[],GRUPO MATEUS S.A.
25186,2023,134500,False,not_found,[],GRUPO MATEUS S.A.
25186,2024,154447,True,content_match,"[{'path': 'data\\raw\\dfp_mgmt_report\\25186\\2024\\relatorio_administracao.pdf', 'original_filename': '252NQ-001-PB Grupo Mateus (EF).pdf', 'size_bytes': 2743065}]",GRUPO MATEUS S.A.
25186,2025,155479,True,content_match,"[{'path': 'data\\raw\\dfp_mgmt_report\\25186\\2025\\relatorio_administracao.pdf', 'original_filename': '4ITR25_-_GMAT3.pdf', 'size_bytes': 5577393}]",GRUPO MATEUS S.A.
24694,2018,80696,True,content_match,"[{'path': 'data\\raw\\dfp_mgmt_report\\24694\\2018\\relatorio_administracao.pdf', 'original_filename': 'C:\\CVM\\EmpresasNetV14000\\Temp\\files\\00122216530000000000000000.pdf.pdf', 'size_bytes': 394246}]",GRUPO SBF S.A.
24694,2019,91938,False,not_found,[],GRUPO SBF S.A.
24694,2020,102474,False,not_found,[],GRUPO SBF S.A.
24694,2021,113191,False,not_found,[],GRUPO SBF S.A.
24694,2022,123846,False,not_found,[],GRUPO SBF S.A.
24694,2023,134844,False,not_found,[],GRUPO SBF S.A.
24694,2024,145526,False,not_found,[],GRUPO SBF S.A.
24694,2025,155192,False,not_found,[],GRUPO SBF S.A.
25453,2019,98900,True,content_match,"[{'path': 'data\\raw\\dfp_mgmt_report\\25453\\2019\\relatorio_administracao.pdf', 'original_filename': 'C:\\CVM\\EmpresasNetV17000\\Temp\\files\\00121916530000000000000000.docx.pdf', 'size_bytes': 1033682}]",INTELBRAS S.A. IND. DE TELECOMUNICAÇÃO ELETRÔNICA BRASILEIRA
25453,2020,102703,True,content_match,"[{'path': 'data\\raw\\dfp_mgmt_report\\25453\\2020\\relatorio_administracao.pdf', 'original_filename': 'C:\\CVM\\EmpresasNetV17000\\Temp\\files\\00122416530000000000000000.docx.pdf', 'size_bytes': 328109}]",INTELBRAS S.A. IND. DE TELECOMUNICAÇÃO ELETRÔNICA BRASILEIRA
25453,2021,121282,False,not_found,[],INTELBRAS S.A. IND. DE TELECOMUNICAÇÃO ELETRÔNICA BRASILEIRA
25453,2022,123808,True,content_match,"[{'path': 'data\\raw\\dfp_mgmt_report\\25453\\2022\\relatorio_administracao.pdf', 'original_filename': 'RA FY22 ENET.pdf', 'size_bytes': 939836}]",INTELBRAS S.A. IND. DE TELECOMUNICAÇÃO ELETRÔNICA BRASILEIRA
25453,2023,134323,False,not_found,[],INTELBRAS S.A. IND. DE TELECOMUNICAÇÃO ELETRÔNICA BRASILEIRA
25453,2024,145049,True,content_match,"[{'path': 'data\\raw\\dfp_mgmt_report\\25453\\2024\\relatorio_administracao.pdf', 'original_filename': 'REL ADM DF FY2024.pdf', 'size_bytes': 810804}]",INTELBRAS S.A. IND. DE TELECOMUNICAÇÃO ELETRÔNICA BRASILEIRA
25453,2025,154903,True,content_match,"[{'path': 'data\\raw\\dfp_mgmt_report\\25453\\2025\\relatorio_administracao.pdf', 'original_filename': 'RA 4ITR2025.pdf', 'size_bytes': 470910}]",INTELBRAS S.A. IND. DE TELECOMUNICAÇÃO ELETRÔNICA BRASILEIRA
23574,2011,45184,True,content_match,"[{'path': 'data\\raw\\dfp_mgmt_report\\23574\\2011\\relatorio_administracao.pdf', 'original_filename': 'C:\\CVM\\EmpresasNet\\Temp\\files\\00122516530000000000000000.docx.pdf', 'size_bytes': 86552}]",INTERNATIONAL MEAL COMPANY ALIMENTACAO S.A.
23574,2012,45182,True,content_match,"[{'path': 'data\\raw\\dfp_mgmt_report\\23574\\2012\\relatorio_administracao.pdf', 'original_filename': 'C:\\CVM\\EmpresasNet\\Temp\\files\\00122416530000000000000000.docx.pdf', 'size_bytes': 86552}]",INTERNATIONAL MEAL COMPANY ALIMENTACAO S.A.
23574,2013,45181,True,content_match,"[{'path': 'data\\raw\\dfp_mgmt_report\\23574\\2013\\relatorio_administracao.pdf', 'original_filename': 'C:\\CVM\\EmpresasNet\\Temp\\files\\00122716530000000000000000.docx.pdf', 'size_bytes': 86552}]",INTERNATIONAL MEAL COMPANY ALIMENTACAO S.A.
23574,2014,45577,True,content_match,"[{'path': 'data\\raw\\dfp_mgmt_report\\23574\\2014\\relatorio_administracao.pdf', 'original_filename': 'C:\\CVM\\EmpresasNet\\Temp\\files\\00123516530000000000000000.pdf.pdf', 'size_bytes': 1139590}]",INTERNATIONAL MEAL COMPANY ALIMENTACAO S.A.
23574,2015,54339,True,content_match,"[{'path': 'data\\raw\\dfp_mgmt_report\\23574\\2015\\relatorio_administracao.pdf', 'original_filename': 'C:\\CVM\\EmpresasNet\\Temp\\files\\00124916530000000000000000.pdf.pdf', 'size_bytes': 518570}]",INTERNATIONAL MEAL COMPANY ALIMENTACAO S.A.
23574,2016,63651,True,content_match,"[{'path': 'data\\raw\\dfp_mgmt_report\\23574\\2016\\relatorio_administracao.pdf', 'original_filename': 'C:\\CVM\\EmpresasNet\\Temp\\files\\00122716530000000000000000.pdf.pdf', 'size_bytes': 284845}]",INTERNATIONAL MEAL COMPANY ALIMENTACAO S.A.
23574,2017,72693,True,content_match,"[{'path': 'data\\raw\\dfp_mgmt_report\\23574\\2017\\relatorio_administracao.pdf', 'original_filename': 'C:\\CVM\\EmpresasNet\\Temp\\files\\00123216530000000000000000.pdf.pdf', 'size_bytes': 324074}]",INTERNATIONAL MEAL COMPANY ALIMENTACAO S.A.
23574,2018,81735,True,content_match,"[{'path': 'data\\raw\\dfp_mgmt_report\\23574\\2018\\relatorio_administracao.pdf', 'original_filename': 'C:\\CVM\\EmpresasNetV14000\\Temp\\files\\00121316530000000000000000.pdf.pdf', 'size_bytes': 623961}]",INTERNATIONAL MEAL COMPANY ALIMENTACAO S.A.
23574,2019,92051,True,content_match,"[{'path': 'data\\raw\\dfp_mgmt_report\\23574\\2019\\relatorio_administracao.pdf', 'original_filename': 'C:\\CVM\\EmpresasNetV15002\\Temp\\files\\00121116530000000000000000.docx.pdf', 'size_bytes': 628353}]",INTERNATIONAL MEAL COMPANY ALIMENTACAO S.A.
23574,2020,102397,True,content_match,"[{'path': 'data\\raw\\dfp_mgmt_report\\23574\\2020\\relatorio_administracao.pdf', 'original_filename': 'C:\\CVM\\EmpresasNetV17000\\Temp\\files\\00122716530000000000000000.docx.pdf', 'size_bytes': 656380}]",INTERNATIONAL MEAL COMPANY ALIMENTACAO S.A.
23574,2021,113225,False,not_found,[],INTERNATIONAL MEAL COMPANY ALIMENTACAO S.A.
23574,2022,124732,False,not_found,[],INTERNATIONAL MEAL COMPANY ALIMENTACAO S.A.
23574,2023,135150,False,not_found,[],INTERNATIONAL MEAL COMPANY ALIMENTACAO S.A.
23574,2024,145815,False,not_found,[],INTERNATIONAL MEAL COMPANY ALIMENTACAO S.A.
23574,2025,155861,False,not_found,[],INTERNATIONAL MEAL COMPANY ALIMENTACAO S.A.
11932,2010,4924,False,not_found,[],IOCHPE MAXION S.A.
11932,2011,14560,False,not_found,[],IOCHPE MAXION S.A.
11932,2012,24541,False,not_found,[],IOCHPE MAXION S.A.
11932,2013,36227,True,content_match,"[{'path': 'data\\raw\\dfp_mgmt_report\\11932\\2013\\relatorio_administracao.pdf', 'original_filename': 'C:\\CVM\\EmpresasNet\\Temp\\files\\00002516530000000000000000.pdf.pdf', 'size_bytes': 683577}]",IOCHPE MAXION S.A.
11932,2014,44254,True,content_match,"[{'path': 'data\\raw\\dfp_mgmt_report\\11932\\2014\\relatorio_administracao.pdf', 'original_filename': 'C:\\CVM\\EmpresasNet\\Temp\\files\\00003916530000000000000000.docx.pdf', 'size_bytes': 534070}]",IOCHPE MAXION S.A.
11932,2015,53644,True,content_match,"[{'path': 'data\\raw\\dfp_mgmt_report\\11932\\2015\\relatorio_administracao.pdf', 'original_filename': 'C:\\CVM\\EmpresasNet\\Temp\\files\\00122816530000000000000000.docx.pdf', 'size_bytes': 523422}]",IOCHPE MAXION S.A.
11932,2016,63611,True,content_match,"[{'path': 'data\\raw\\dfp_mgmt_report\\11932\\2016\\relatorio_administracao.pdf', 'original_filename': 'C:\\Program Files (x86)\\CVM\\EmpresasNet\\Temp\\files\\00122916530000000000000000.docx.pdf', 'size_bytes': 593334}]",IOCHPE MAXION S.A.
11932,2017,71632,True,content_match,"[{'path': 'data\\raw\\dfp_mgmt_report\\11932\\2017\\relatorio_administracao.pdf', 'original_filename': 'C:\\Program Files (x86)\\CVM\\EmpresasNet\\Temp\\files\\00122716530000000000000000.docx.pdf', 'size_bytes': 848881}]",IOCHPE MAXION S.A.
11932,2018,81112,True,content_match,"[{'path': 'data\\raw\\dfp_mgmt_report\\11932\\2018\\relatorio_administracao.pdf', 'original_filename': 'C:\\CVM\\EmpresasNetV14000\\Temp\\files\\00121516530000000000000000.docx.pdf', 'size_bytes': 804881}]",IOCHPE MAXION S.A.
11932,2019,91384,True,content_match,"[{'path': 'data\\raw\\dfp_mgmt_report\\11932\\2019\\relatorio_administracao.pdf', 'original_filename': 'C:\\CVM\\EmpresasNetV16000\\Temp\\files\\00121816530000000000000000.docx.pdf', 'size_bytes': 828540}]",IOCHPE MAXION S.A.
11932,2020,100638,True,content_match,"[{'path': 'data\\raw\\dfp_mgmt_report\\11932\\2020\\relatorio_administracao.pdf', 'original_filename': 'C:\\CVM\\EmpresasNetV17000\\Temp\\files\\00122516530000000000000000.docx.pdf', 'size_bytes': 843510}]",IOCHPE MAXION S.A.
11932,2021,112374,True,content_match,"[{'path': 'data\\raw\\dfp_mgmt_report\\11932\\2021\\relatorio_administracao.pdf', 'original_filename': 'RA.pdf', 'size_bytes': 302603}]",IOCHPE MAXION S.A.
11932,2022,124377,True,content_match,"[{'path': 'data\\raw\\dfp_mgmt_report\\11932\\2022\\relatorio_administracao.pdf', 'original_filename': 'RA - CVM.pdf', 'size_bytes': 287744}]",IOCHPE MAXION S.A.
11932,2023,134484,True,content_match,"[{'path': 'data\\raw\\dfp_mgmt_report\\11932\\2023\\relatorio_administracao.pdf', 'original_filename': 'Relatorio Adm 4T23_ IMSA_VF.pdf', 'size_bytes': 236239}]",IOCHPE MAXION S.A.
11932,2024,145065,False,not_found,[],IOCHPE MAXION S.A.
11932,2025,154907,True,content_match,"[{'path': 'data\\raw\\dfp_mgmt_report\\11932\\2025\\relatorio_administracao.pdf', 'original_filename': 'Relatorio Adm 4T25_IMSA_VFPORT_sem capa.pdf', 'size_bytes': 344898}]",IOCHPE MAXION S.A.
20575,2010,5520,True,content_match,"[{'path': 'data\\raw\\dfp_mgmt_report\\20575\\2010\\relatorio_administracao.pdf', 'original_filename': 'C:\\Arquivos de programas\\CVM\\EmpresasNet\\Temp\\files\\00000316530000000000000000.pdf.pdf', 'size_bytes': 419815}]",JBS S.A.
20575,2011,15222,True,content_match,"[{'path': 'data\\raw\\dfp_mgmt_report\\20575\\2011\\relatorio_administracao.pdf', 'original_filename': 'C:\\Arquivos de programas\\CVM\\EmpresasNet\\Temp\\files\\00005516530000000000000000.pdf.pdf', 'size_bytes': 326780}]",JBS S.A.
20575,2012,31726,True,content_match,"[{'path': 'data\\raw\\dfp_mgmt_report\\20575\\2012\\relatorio_administracao.pdf', 'original_filename': 'C:\\Arquivos de programas\\CVM\\EmpresasNet\\Temp\\files\\00011116530000000000000000.pdf.pdf', 'size_bytes': 404649}]",JBS S.A.
20575,2013,35474,True,content_match,"[{'path': 'data\\raw\\dfp_mgmt_report\\20575\\2013\\relatorio_administracao.pdf', 'original_filename': 'C:\\CVM\\EmpresasNet\\Temp\\files\\00011516530000000000000000.pdf.pdf', 'size_bytes': 1177877}]",JBS S.A.
20575,2014,58532,True,content_match,"[{'path': 'data\\raw\\dfp_mgmt_report\\20575\\2014\\relatorio_administracao.pdf', 'original_filename': 'C:\\CVM\\EmpresasNet\\Temp\\files\\00126416530000000000000000.pdf.pdf', 'size_bytes': 1065661}]",JBS S.A.
20575,2016,64176,True,content_match,"[{'path': 'data\\raw\\dfp_mgmt_report\\20575\\2016\\relatorio_administracao.pdf', 'original_filename': 'C:\\CVM\\EmpresasNet\\Temp\\files\\00122016530000000000000000.pdf.pdf', 'size_bytes': 1275135}]",JBS S.A.
20575,2017,72874,True,content_match,"[{'path': 'data\\raw\\dfp_mgmt_report\\20575\\2017\\relatorio_administracao.pdf', 'original_filename': 'C:\\Program Files (x86)\\CVM\\EmpresasNet\\Temp\\files\\00122216530000000000000000.pdf.pdf', 'size_bytes': 1767295}]",JBS S.A.
20575,2018,81726,True,content_match,"[{'path': 'data\\raw\\dfp_mgmt_report\\20575\\2018\\relatorio_administracao.pdf', 'original_filename': 'C:\\CVM\\EmpresasNetV14000\\Temp\\files\\00121616530000000000000000.pdf.pdf', 'size_bytes': 1963226}]",JBS S.A.
20575,2019,91835,True,content_match,"[{'path': 'data\\raw\\dfp_mgmt_report\\20575\\2019\\relatorio_administracao.pdf', 'original_filename': 'C:\\CVM\\EmpresasNetV16000\\Temp\\files\\00121516530000000000000000.PDF.pdf', 'size_bytes': 2259373}]",JBS S.A.
20575,2020,102194,True,content_match,"[{'path': 'data\\raw\\dfp_mgmt_report\\20575\\2020\\relatorio_administracao.pdf', 'original_filename': 'C:\\CVM\\EmpresasNetV17000\\Temp\\files\\00122616530000000000000000.pdf.pdf', 'size_bytes': 3208701}]",JBS S.A.
20575,2021,112767,True,content_match,"[{'path': 'data\\raw\\dfp_mgmt_report\\20575\\2021\\relatorio_administracao.pdf', 'original_filename': 'RELATORIO DA ADM -  v21.03.2022.pdf', 'size_bytes': 4803168}]",JBS S.A.
20575,2022,124415,True,content_match,"[{'path': 'data\\raw\\dfp_mgmt_report\\20575\\2022\\relatorio_administracao.pdf', 'original_filename': 'RELATORIO DA ADM -21.03.2023_vFinal.pdf', 'size_bytes': 4502913}]",JBS S.A.
20575,2023,135145,True,content_match,"[{'path': 'data\\raw\\dfp_mgmt_report\\20575\\2023\\relatorio_administracao.pdf', 'original_filename': 'PT - RELATORIO DA ADM 2023_26_03_2024 V_Final.pdf', 'size_bytes': 4319555}]",JBS S.A.
20575,2024,145755,True,content_match,"[{'path': 'data\\raw\\dfp_mgmt_report\\20575\\2024\\relatorio_administracao.pdf', 'original_filename': 'PT - RELATORIO DA ADM 2024.pdf', 'size_bytes': 2323403}]",JBS S.A.
20575,2025,155687,True,filename_match,"[{'path': 'data\\raw\\dfp_mgmt_report\\20575\\2025\\relatorio_administracao.pdf', 'original_filename': 'Relatorio_Administracao_JBS_2025.pdf', 'size_bytes': 273715}]",JBS S.A.
7870,2010,5668,False,not_found,[],KEPLER WEBER S.A.
7870,2011,15031,False,not_found,[],KEPLER WEBER S.A.
7870,2012,24914,False,not_found,[],KEPLER WEBER S.A.
7870,2013,35456,False,not_found,[],KEPLER WEBER S.A.
7870,2014,45143,False,not_found,[],KEPLER WEBER S.A.
7870,2015,54201,False,not_found,[],KEPLER WEBER S.A.
7870,2016,63293,False,not_found,[],KEPLER WEBER S.A.
7870,2017,72609,False,not_found,[],KEPLER WEBER S.A.
7870,2018,81359,False,not_found,[],KEPLER WEBER S.A.
7870,2019,100927,False,not_found,[],KEPLER WEBER S.A.
7870,2020,100419,False,not_found,[],KEPLER WEBER S.A.
7870,2021,111807,False,not_found,[],KEPLER WEBER S.A.
7870,2022,123553,False,not_found,[],KEPLER WEBER S.A.
7870,2023,134319,False,not_found,[],KEPLER WEBER S.A.
7870,2024,145037,False,not_found,[],KEPLER WEBER S.A.
7870,2025,154901,False,not_found,[],KEPLER WEBER S.A.
23035,2011,24197,True,content_match,"[{'path': 'data\\raw\\dfp_mgmt_report\\23035\\2011\\relatorio_administracao.pdf', 'original_filename': 'C:\\CVM\\EmpresasNet\\Temp\\files\\00000616530000000000000000.pdf.pdf', 'size_bytes': 166458}]",LINX S.A.
23035,2012,26223,False,not_found,[],LINX S.A.
23035,2013,34529,False,not_found,[],LINX S.A.
23035,2014,44075,False,not_found,[],LINX S.A.
23035,2015,53459,False,not_found,[],LINX S.A.
23035,2016,62478,False,not_found,[],LINX S.A.
23035,2017,71603,True,content_match,"[{'path': 'data\\raw\\dfp_mgmt_report\\23035\\2017\\relatorio_administracao.pdf', 'original_filename': 'C:\\Program Files (x86)\\CVM\\EmpresasNet\\Temp\\files\\00122816530000000000000000.pdf.pdf', 'size_bytes': 350406}]",LINX S.A.
23035,2018,84984,False,not_found,[],LINX S.A.
23035,2019,92039,False,not_found,[],LINX S.A.
20060,2010,5099,True,content_match,"[{'path': 'data\\raw\\dfp_mgmt_report\\20060\\2010\\relatorio_administracao.pdf', 'original_filename': 'C:\\Arquivos de programas\\CVM\\EmpresasNet\\Temp\\files\\00001416530000000000000000.pdf.pdf', 'size_bytes': 308902}]",LUPATECH S.A
20060,2011,15916,True,content_match,"[{'path': 'data\\raw\\dfp_mgmt_report\\20060\\2011\\relatorio_administracao.pdf', 'original_filename': 'C:\\Program Files\\CVM\\EmpresasNet\\Temp\\files\\00000916530000000000000000.pdf.pdf', 'size_bytes': 303678}]",LUPATECH S.A
20060,2012,25780,True,content_match,"[{'path': 'data\\raw\\dfp_mgmt_report\\20060\\2012\\relatorio_administracao.pdf', 'original_filename': 'C:\\CVM\\EmpresasNet\\Temp\\files\\00003616530000000000000000.docx.pdf', 'size_bytes': 994816}]",LUPATECH S.A
20060,2014,45471,True,content_match,"[{'path': 'data\\raw\\dfp_mgmt_report\\20060\\2014\\relatorio_administracao.pdf', 'original_filename': 'C:\\CVM\\EmpresasNet\\Temp\\files\\00125716530000000000000000.docx.pdf', 'size_bytes': 869661}]",LUPATECH S.A
20060,2015,54603,False,not_found,[],LUPATECH S.A
20060,2016,63734,False,not_found,[],LUPATECH S.A
20060,2017,72566,False,not_found,[],LUPATECH S.A
20060,2018,81939,False,not_found,[],LUPATECH S.A
20060,2019,91689,False,not_found,[],LUPATECH S.A
20060,2020,102106,False,not_found,[],LUPATECH S.A
20060,2021,113030,False,not_found,[],LUPATECH S.A
20060,2022,124990,True,content_match,"[{'path': 'data\\raw\\dfp_mgmt_report\\20060\\2022\\relatorio_administracao.pdf', 'original_filename': 'Relatório do Comite de Auditoria 2022 v2.pdf', 'size_bytes': 242932}]",LUPATECH S.A
20060,2023,135043,False,not_found,[],LUPATECH S.A
20060,2024,145685,False,not_found,[],LUPATECH S.A
20060,2025,156474,False,not_found,[],LUPATECH S.A
20338,2010,5050,True,content_match,"[{'path': 'data\\raw\\dfp_mgmt_report\\20338\\2010\\relatorio_administracao.pdf', 'original_filename': 'C:\\Program Files\\CVM\\EmpresasNet\\Temp\\files\\00000916530000000000000000.pdf.pdf', 'size_bytes': 2369255}]",M.DIAS BRANCO S.A. IND COM DE ALIMENTOS
20338,2011,14693,True,content_match,"[{'path': 'data\\raw\\dfp_mgmt_report\\20338\\2011\\relatorio_administracao.pdf', 'original_filename': 'H:\\Ger_Contabilidade\\Analise Geral\\EMPRESAS NET 4.0\\Temp\\files\\00002916530000000000000000.pdf.pdf', 'size_bytes': 377526}]",M.DIAS BRANCO S.A. IND COM DE ALIMENTOS
20338,2012,24638,True,content_match,"[{'path': 'data\\raw\\dfp_mgmt_report\\20338\\2012\\relatorio_administracao.pdf', 'original_filename': 'D:\\Empresasnet 6\\Temp\\files\\00006616530000000000000000.pdf.pdf', 'size_bytes': 320419}]",M.DIAS BRANCO S.A. IND COM DE ALIMENTOS
20338,2013,35082,True,content_match,"[{'path': 'data\\raw\\dfp_mgmt_report\\20338\\2013\\relatorio_administracao.pdf', 'original_filename': 'C:\\CVM\\EmpresasNet\\Temp\\files\\00010316530000000000000000.pdf.pdf', 'size_bytes': 253989}]",M.DIAS BRANCO S.A. IND COM DE ALIMENTOS
20338,2014,44390,True,content_match,"[{'path': 'data\\raw\\dfp_mgmt_report\\20338\\2014\\relatorio_administracao.pdf', 'original_filename': 'C:\\CVM\\EmpresasNet\\Temp\\files\\00007016530000000000000000.pdf.pdf', 'size_bytes': 1242931}]",M.DIAS BRANCO S.A. IND COM DE ALIMENTOS
20338,2015,53692,True,content_match,"[{'path': 'data\\raw\\dfp_mgmt_report\\20338\\2015\\relatorio_administracao.pdf', 'original_filename': 'C:\\CVM\\EmpresasNet\\Temp\\files\\00129416530000000000000000.pdf.pdf', 'size_bytes': 854554}]",M.DIAS BRANCO S.A. IND COM DE ALIMENTOS
20338,2016,62917,True,content_match,"[{'path': 'data\\raw\\dfp_mgmt_report\\20338\\2016\\relatorio_administracao.pdf', 'original_filename': 'C:\\CVM\\EmpresasNet\\Temp\\files\\00124816530000000000000000.pdf.pdf', 'size_bytes': 798225}]",M.DIAS BRANCO S.A. IND COM DE ALIMENTOS
20338,2017,71993,True,content_match,"[{'path': 'data\\raw\\dfp_mgmt_report\\20338\\2017\\relatorio_administracao.pdf', 'original_filename': 'C:\\CVM\\EmpresasNet\\Temp\\files\\00127716530000000000000000.pdf.pdf', 'size_bytes': 1944156}]",M.DIAS BRANCO S.A. IND COM DE ALIMENTOS
20338,2018,81151,True,content_match,"[{'path': 'data\\raw\\dfp_mgmt_report\\20338\\2018\\relatorio_administracao.pdf', 'original_filename': 'C:\\CVM\\EmpresasNetV14000\\Temp\\files\\00122716530000000000000000.pdf.pdf', 'size_bytes': 543544}]",M.DIAS BRANCO S.A. IND COM DE ALIMENTOS
20338,2019,91423,True,content_match,"[{'path': 'data\\raw\\dfp_mgmt_report\\20338\\2019\\relatorio_administracao.pdf', 'original_filename': 'C:\\CVM\\EmpresasNetV16000\\Temp\\files\\00122716530000000000000000.pdf.pdf', 'size_bytes': 595937}]",M.DIAS BRANCO S.A. IND COM DE ALIMENTOS
20338,2020,102539,True,content_match,"[{'path': 'data\\raw\\dfp_mgmt_report\\20338\\2020\\relatorio_administracao.pdf', 'original_filename': 'C:\\CVM\\EmpresasNetV17000\\Temp\\files\\00123616530000000000000000.pdf.pdf', 'size_bytes': 787825}]",M.DIAS BRANCO S.A. IND COM DE ALIMENTOS
20338,2021,112723,True,filename_match,"[{'path': 'data\\raw\\dfp_mgmt_report\\20338\\2021\\relatorio_administracao.pdf', 'original_filename': 'Relatório da Administração_2021.pdf', 'size_bytes': 1916123}]",M.DIAS BRANCO S.A. IND COM DE ALIMENTOS
20338,2022,131782,True,filename_match,"[{'path': 'data\\raw\\dfp_mgmt_report\\20338\\2022\\relatorio_administracao.pdf', 'original_filename': 'Relatório da Administração_2022.pdf', 'size_bytes': 1660552}]",M.DIAS BRANCO S.A. IND COM DE ALIMENTOS
20338,2023,134231,True,filename_match,"[{'path': 'data\\raw\\dfp_mgmt_report\\20338\\2023\\relatorio_administracao.pdf', 'original_filename': 'Relatório da Administração 2023_Final Padronizadas.pdf', 'size_bytes': 2372942}]",M.DIAS BRANCO S.A. IND COM DE ALIMENTOS
20338,2024,144929,True,filename_match,"[{'path': 'data\\raw\\dfp_mgmt_report\\20338\\2024\\relatorio_administracao.pdf', 'original_filename': 'Relatório da Administração_2024.pdf', 'size_bytes': 2522440}]",M.DIAS BRANCO S.A. IND COM DE ALIMENTOS
20338,2025,154936,True,filename_match,"[{'path': 'data\\raw\\dfp_mgmt_report\\20338\\2025\\relatorio_administracao.pdf', 'original_filename': 'Relatório da Administração_2025_Padronizadas_final.pdf', 'size_bytes': 1763769}]",M.DIAS BRANCO S.A. IND COM DE ALIMENTOS
20842,2010,5514,True,content_match,"[{'path': 'data\\raw\\dfp_mgmt_report\\20842\\2010\\relatorio_administracao.pdf', 'original_filename': 'C:\\Arquivos de programas\\CVM\\EmpresasNet\\Temp\\files\\00000116530000000000000000.pdf.pdf', 'size_bytes': 150553}]",MAGNESITA REFRATARIOS S.A.
20842,2011,14812,True,content_match,"[{'path': 'data\\raw\\dfp_mgmt_report\\20842\\2011\\relatorio_administracao.pdf', 'original_filename': 'C:\\Arquivos de programas\\CVM\\EmpresasNet\\Temp\\files\\00001516530000000000000000.pdf.pdf', 'size_bytes': 257726}]",MAGNESITA REFRATARIOS S.A.
20842,2012,24983,True,content_match,"[{'path': 'data\\raw\\dfp_mgmt_report\\20842\\2012\\relatorio_administracao.pdf', 'original_filename': 'C:\\CVM\\EmpresasNet\\Temp\\files\\00001316530000000000000000.pdf.pdf', 'size_bytes': 164981}]",MAGNESITA REFRATARIOS S.A.
20842,2013,35385,True,content_match,"[{'path': 'data\\raw\\dfp_mgmt_report\\20842\\2013\\relatorio_administracao.pdf', 'original_filename': 'C:\\CVM\\EmpresasNet\\Temp\\files\\00002516530000000000000000.pdf.pdf', 'size_bytes': 204619}]",MAGNESITA REFRATARIOS S.A.
20842,2014,45006,True,content_match,"[{'path': 'data\\raw\\dfp_mgmt_report\\20842\\2014\\relatorio_administracao.pdf', 'original_filename': 'C:\\CVM\\EmpresasNet\\Temp\\files\\00119616530000000000000000.docx.pdf', 'size_bytes': 396074}]",MAGNESITA REFRATARIOS S.A.
20842,2016,63155,True,content_match,"[{'path': 'data\\raw\\dfp_mgmt_report\\20842\\2016\\relatorio_administracao.pdf', 'original_filename': 'C:\\Program Files (x86)\\CVM\\EmpresasNet\\Temp\\files\\00121816530000000000000000.pdf.pdf', 'size_bytes': 221507}]",MAGNESITA REFRATARIOS S.A.
20842,2017,73559,True,content_match,"[{'path': 'data\\raw\\dfp_mgmt_report\\20842\\2017\\relatorio_administracao.pdf', 'original_filename': 'C:\\Program Files (x86)\\CVM\\EmpresasNet\\Temp\\files\\00123316530000000000000000.pdf.pdf', 'size_bytes': 853411}]",MAGNESITA REFRATARIOS S.A.
8575,2021,113075,False,not_found,[],MAHLE METAL LEVE S.A.
8575,2022,124345,True,content_match,"[{'path': 'data\\raw\\dfp_mgmt_report\\8575\\2022\\relatorio_administracao.pdf', 'original_filename': '4T22_RA_POR_(v_2023_03_08)_português_CVM.pdf', 'size_bytes': 701058}]",MAHLE METAL LEVE S.A.
8575,2023,134608,True,content_match,"[{'path': 'data\\raw\\dfp_mgmt_report\\8575\\2023\\relatorio_administracao.pdf', 'original_filename': '4T23_RA_POR_(v_2024_03_09)_português_CLEAN.pdf', 'size_bytes': 635888}]",MAHLE METAL LEVE S.A.
8575,2024,145430,True,content_match,"[{'path': 'data\\raw\\dfp_mgmt_report\\8575\\2024\\relatorio_administracao.pdf', 'original_filename': '4T24_RA_POR_(v_2025_03_17).pdf', 'size_bytes': 861915}]",MAHLE METAL LEVE S.A.
8575,2025,155377,True,content_match,"[{'path': 'data\\raw\\dfp_mgmt_report\\8575\\2025\\relatorio_administracao.pdf', 'original_filename': '4T25_RA_Português_(v_2026_03_13)_versãoCVM.pdf', 'size_bytes': 2350154}]",MAHLE METAL LEVE S.A.
8575,2010,5869,False,not_found,[],MAHLE-METAL LEVE S.A.
8575,2011,14879,False,not_found,[],MAHLE-METAL LEVE S.A.
8575,2012,24838,True,content_match,"[{'path': 'data\\raw\\dfp_mgmt_report\\8575\\2012\\relatorio_administracao.pdf', 'original_filename': 'U:\\CVM\\EmpresasNet\\Temp\\files\\00001516530000000000000000.pdf.pdf', 'size_bytes': 274671}]",MAHLE-METAL LEVE S.A.
8575,2013,35213,False,not_found,[],MAHLE-METAL LEVE S.A.
8575,2014,44994,True,content_match,"[{'path': 'data\\raw\\dfp_mgmt_report\\8575\\2014\\relatorio_administracao.pdf', 'original_filename': 'U:\\CVM\\EmpresasNet 7\\Temp\\files\\00121616530000000000000000.pdf.pdf', 'size_bytes': 404028}]",MAHLE-METAL LEVE S.A.
8575,2015,54197,True,content_match,"[{'path': 'data\\raw\\dfp_mgmt_report\\8575\\2015\\relatorio_administracao.pdf', 'original_filename': 'C:\\CVM\\EmpresasNet\\Temp\\files\\00124616530000000000000000.pdf.pdf', 'size_bytes': 518384}]",MAHLE-METAL LEVE S.A.
8575,2016,63355,True,content_match,"[{'path': 'data\\raw\\dfp_mgmt_report\\8575\\2016\\relatorio_administracao.pdf', 'original_filename': 'C:\\CVM\\EmpresasNet\\Temp\\files\\00125916530000000000000000.pdf.pdf', 'size_bytes': 701589}]",MAHLE-METAL LEVE S.A.
8575,2017,72409,True,content_match,"[{'path': 'data\\raw\\dfp_mgmt_report\\8575\\2017\\relatorio_administracao.pdf', 'original_filename': 'C:\\CVM\\EmpresasNet\\Temp\\files\\00126516530000000000000000.pdf.pdf', 'size_bytes': 703896}]",MAHLE-METAL LEVE S.A.
8575,2018,81272,True,content_match,"[{'path': 'data\\raw\\dfp_mgmt_report\\8575\\2018\\relatorio_administracao.pdf', 'original_filename': 'C:\\CVM\\EmpresasNetV14000\\Temp\\files\\00122016530000000000000000.pdf.pdf', 'size_bytes': 5603316}]",MAHLE-METAL LEVE S.A.
8575,2019,92014,True,content_match,"[{'path': 'data\\raw\\dfp_mgmt_report\\8575\\2019\\relatorio_administracao.pdf', 'original_filename': 'C:\\CVM\\EmpresasNetV16000\\Temp\\files\\00121216530000000000000000.pdf.pdf', 'size_bytes': 6074772}]",MAHLE-METAL LEVE S.A.
8575,2020,100934,True,content_match,"[{'path': 'data\\raw\\dfp_mgmt_report\\8575\\2020\\relatorio_administracao.pdf', 'original_filename': 'C:\\CVM\\EmpresasNetV17000\\Temp\\files\\00122516530000000000000000.pdf.pdf', 'size_bytes': 587767}]",MAHLE-METAL LEVE S.A.
22055,2010,4840,True,content_match,"[{'path': 'data\\raw\\dfp_mgmt_report\\22055\\2010\\relatorio_administracao.pdf', 'original_filename': 'C:\\Arquivos de programas\\CVM\\EmpresasNet\\Temp\\files\\00000616530000000000000000.pdf.pdf', 'size_bytes': 451598}]",MARISA LOJAS S.A.
22055,2011,14832,False,not_found,[],MARISA LOJAS S.A.
22055,2012,24102,False,not_found,[],MARISA LOJAS S.A.
22055,2013,35260,False,not_found,[],MARISA LOJAS S.A.
22055,2014,44073,False,not_found,[],MARISA LOJAS S.A.
22055,2015,53663,False,not_found,[],MARISA LOJAS S.A.
22055,2016,62793,False,not_found,[],MARISA LOJAS S.A.
22055,2017,72103,True,content_match,"[{'path': 'data\\raw\\dfp_mgmt_report\\22055\\2017\\relatorio_administracao.pdf', 'original_filename': 'C:\\Program Files (x86)\\CVM\\EmpresasNet\\Temp\\files\\00122704120000000000000000.pdf.pdf', 'size_bytes': 470520}]",MARISA LOJAS S.A.
22055,2018,81220,False,not_found,[],MARISA LOJAS S.A.
22055,2019,91807,False,not_found,[],MARISA LOJAS S.A.
22055,2020,102133,True,content_match,"[{'path': 'data\\raw\\dfp_mgmt_report\\22055\\2020\\relatorio_administracao.pdf', 'original_filename': 'C:\\CVM\\EmpresasNetV17000\\Temp\\files\\00121704120000000000000000.pdf.pdf', 'size_bytes': 3043466}]",MARISA LOJAS S.A.
22055,2021,112596,True,content_match,"[{'path': 'data\\raw\\dfp_mgmt_report\\22055\\2021\\relatorio_administracao.pdf', 'original_filename': 'DFP 2021 - Marisa e controladas - FINAL.pdf', 'size_bytes': 1542967}]",MARISA LOJAS S.A.
22055,2022,125563,True,filename_match,"[{'path': 'data\\raw\\dfp_mgmt_report\\22055\\2022\\relatorio_administracao.pdf', 'original_filename': 'Marisa Lojas -Relatório da Administração 2022.pdf', 'size_bytes': 303502}]",MARISA LOJAS S.A.
22055,2023,135845,False,not_found,[],MARISA LOJAS S.A.
22055,2024,146030,True,filename_match,"[{'path': 'data\\raw\\dfp_mgmt_report\\22055\\2024\\relatorio_administracao.pdf', 'original_filename': 'Relatório Administração.pdf', 'size_bytes': 8875167}]",MARISA LOJAS S.A.
22055,2025,155950,True,content_match,"[{'path': 'data\\raw\\dfp_mgmt_report\\22055\\2025\\relatorio_administracao.pdf', 'original_filename': '2062-26 - Marisa S.A - 2025  - Demonstrações Contábeis.pdf', 'size_bytes': 7662428}]",MARISA LOJAS S.A.
22012,2010,6411,True,content_match,"[{'path': 'data\\raw\\dfp_mgmt_report\\22012\\2010\\relatorio_administracao.pdf', 'original_filename': 'C:\\Arquivos de programas\\CVM\\EmpresasNet\\Temp\\files\\00000816530000000000000000.pdf.pdf', 'size_bytes': 773214}]","MILLS LOCAÇÃO, SERVIÇOS E LOGÍSTICA S.A."
22012,2011,14272,True,content_match,"[{'path': 'data\\raw\\dfp_mgmt_report\\22012\\2011\\relatorio_administracao.pdf', 'original_filename': 'C:\\Arquivos de programas\\CVM\\EmpresasNet\\Temp\\files\\00001516530000000000000000.pdf.pdf', 'size_bytes': 287645}]","MILLS LOCAÇÃO, SERVIÇOS E LOGÍSTICA S.A."
22012,2012,24656,True,content_match,"[{'path': 'data\\raw\\dfp_mgmt_report\\22012\\2012\\relatorio_administracao.pdf', 'original_filename': 'C:\\CVM\\EmpresasNet\\Temp\\files\\00001016530000000000000000.pdf.pdf', 'size_bytes': 584443}]","MILLS LOCAÇÃO, SERVIÇOS E LOGÍSTICA S.A."
22012,2013,35121,True,content_match,"[{'path': 'data\\raw\\dfp_mgmt_report\\22012\\2013\\relatorio_administracao.pdf', 'original_filename': 'C:\\CVM\\EmpresasNet\\Temp\\files\\00001816530000000000000000.pdf.pdf', 'size_bytes': 343594}]","MILLS LOCAÇÃO, SERVIÇOS E LOGÍSTICA S.A."
22012,2014,44897,True,content_match,"[{'path': 'data\\raw\\dfp_mgmt_report\\22012\\2014\\relatorio_administracao.pdf', 'original_filename': 'C:\\CVM\\EmpresasNet\\Temp\\files\\00121616530000000000000000.pdf.pdf', 'size_bytes': 511095}]","MILLS LOCAÇÃO, SERVIÇOS E LOGÍSTICA S.A."
22012,2015,53960,True,content_match,"[{'path': 'data\\raw\\dfp_mgmt_report\\22012\\2015\\relatorio_administracao.pdf', 'original_filename': 'C:\\CVM\\EmpresasNet\\Temp\\files\\00122416530000000000000000.pdf.pdf', 'size_bytes': 576505}]","MILLS LOCAÇÃO, SERVIÇOS E LOGÍSTICA S.A."
22012,2016,63140,True,content_match,"[{'path': 'data\\raw\\dfp_mgmt_report\\22012\\2016\\relatorio_administracao.pdf', 'original_filename': 'C:\\CVM\\EmpresasNet\\Temp\\files\\00124116530000000000000000.pdf.pdf', 'size_bytes': 464180}]","MILLS LOCAÇÃO, SERVIÇOS E LOGÍSTICA S.A."
22012,2017,72387,True,content_match,"[{'path': 'data\\raw\\dfp_mgmt_report\\22012\\2017\\relatorio_administracao.pdf', 'original_filename': 'C:\\CVM\\EmpresasNet\\Temp\\files\\00123416530000000000000000.pdf.pdf', 'size_bytes': 600632}]","MILLS LOCAÇÃO, SERVIÇOS E LOGÍSTICA S.A."
22012,2018,81207,True,content_match,"[{'path': 'data\\raw\\dfp_mgmt_report\\22012\\2018\\relatorio_administracao.pdf', 'original_filename': 'C:\\CVM\\EmpresasNetV14000\\Temp\\files\\00122816530000000000000000.pdf.pdf', 'size_bytes': 531085}]","MILLS LOCAÇÃO, SERVIÇOS E LOGÍSTICA S.A."
22012,2019,91826,True,content_match,"[{'path': 'data\\raw\\dfp_mgmt_report\\22012\\2019\\relatorio_administracao.pdf', 'original_filename': 'C:\\CVM\\EmpresasNetV16000\\Temp\\files\\00122716530000000000000000.pdf.pdf', 'size_bytes': 849415}]","MILLS LOCAÇÃO, SERVIÇOS E LOGÍSTICA S.A."
22012,2020,101030,True,content_match,"[{'path': 'data\\raw\\dfp_mgmt_report\\22012\\2020\\relatorio_administracao.pdf', 'original_filename': 'C:\\CVM\\EmpresasNetV17000\\Temp\\files\\00123916530000000000000000.pdf.pdf', 'size_bytes': 1645303}]","MILLS LOCAÇÃO, SERVIÇOS E LOGÍSTICA S.A."
22012,2021,113270,True,filename_match,"[{'path': 'data\\raw\\dfp_mgmt_report\\22012\\2021\\relatorio_administracao.pdf', 'original_filename': '2021_Relatório da Administração_p.pdf', 'size_bytes': 1283031}]","MILLS LOCAÇÃO, SERVIÇOS E LOGÍSTICA S.A."
22012,2022,124769,True,filename_match,"[{'path': 'data\\raw\\dfp_mgmt_report\\22012\\2022\\relatorio_administracao.pdf', 'original_filename': '2022_Relatório da Administração_p_v7.pdf', 'size_bytes': 1344525}]","MILLS LOCAÇÃO, SERVIÇOS E LOGÍSTICA S.A."
22012,2023,134876,True,filename_match,"[{'path': 'data\\raw\\dfp_mgmt_report\\22012\\2023\\relatorio_administracao.pdf', 'original_filename': '2023_Relatório da Administração_p_v6.pdf', 'size_bytes': 1084661}]","MILLS LOCAÇÃO, SERVIÇOS E LOGÍSTICA S.A."
22012,2024,145610,True,filename_match,"[{'path': 'data\\raw\\dfp_mgmt_report\\22012\\2024\\relatorio_administracao.pdf', 'original_filename': '2024_Relatório da Administração.pdf', 'size_bytes': 434279}]","MILLS LOCAÇÃO, SERVIÇOS E LOGÍSTICA S.A."
22012,2025,155467,True,filename_match,"[{'path': 'data\\raw\\dfp_mgmt_report\\22012\\2025\\relatorio_administracao.pdf', 'original_filename': 'Relatório da Administração 2025 .pdf', 'size_bytes': 679615}]","MILLS LOCAÇÃO, SERVIÇOS E LOGÍSTICA S.A."
23825,2014,53148,True,content_match,"[{'path': 'data\\raw\\dfp_mgmt_report\\23825\\2014\\relatorio_administracao.pdf', 'original_filename': 'C:\\CVM\\EmpresasNet\\Temp\\files\\00133016530000000000000000.pdf.pdf', 'size_bytes': 268674}]",MOVIDA PARTICIPACOES SA
23825,2015,54942,True,content_match,"[{'path': 'data\\raw\\dfp_mgmt_report\\23825\\2015\\relatorio_administracao.pdf', 'original_filename': 'C:\\CVM\\EmpresasNet\\Temp\\files\\00122816530000000000000000.pdf.pdf', 'size_bytes': 374827}]",MOVIDA PARTICIPACOES SA
23825,2016,63447,True,content_match,"[{'path': 'data\\raw\\dfp_mgmt_report\\23825\\2016\\relatorio_administracao.pdf', 'original_filename': 'C:\\Program Files (x86)\\CVM\\EmpresasNet\\Temp\\files\\00127216530000000000000000.pdf.pdf', 'size_bytes': 651296}]",MOVIDA PARTICIPACOES SA
23825,2017,72472,True,content_match,"[{'path': 'data\\raw\\dfp_mgmt_report\\23825\\2017\\relatorio_administracao.pdf', 'original_filename': 'C:\\CVM\\EmpresasNet\\Temp\\files\\00132716530000000000000000.pdf.pdf', 'size_bytes': 283364}]",MOVIDA PARTICIPACOES SA
23825,2018,81989,True,content_match,"[{'path': 'data\\raw\\dfp_mgmt_report\\23825\\2018\\relatorio_administracao.pdf', 'original_filename': 'C:\\CVM\\EmpresasNetV13004\\Temp\\files\\00122716530000000000000000.pdf.pdf', 'size_bytes': 765970}]",MOVIDA PARTICIPACOES SA
23825,2019,91465,True,content_match,"[{'path': 'data\\raw\\dfp_mgmt_report\\23825\\2019\\relatorio_administracao.pdf', 'original_filename': 'C:\\CVM\\EmpresasNetV16000\\Temp\\files\\00121116530000000000000000.pdf.pdf', 'size_bytes': 368145}]",MOVIDA PARTICIPACOES SA
23825,2020,100360,False,not_found,[],MOVIDA PARTICIPACOES SA
23825,2021,111917,True,content_match,"[{'path': 'data\\raw\\dfp_mgmt_report\\23825\\2021\\relatorio_administracao.pdf', 'original_filename': 'Relatório da Adm_vf_03.pdf', 'size_bytes': 783418}]",MOVIDA PARTICIPACOES SA
23825,2022,133786,True,content_match,"[{'path': 'data\\raw\\dfp_mgmt_report\\23825\\2022\\relatorio_administracao.pdf', 'original_filename': 'Relatorio adm.pdf', 'size_bytes': 1403448}]",MOVIDA PARTICIPACOES SA
23825,2023,135099,True,content_match,"[{'path': 'data\\raw\\dfp_mgmt_report\\23825\\2023\\relatorio_administracao.pdf', 'original_filename': '3-30 3_compressed (1).pdf', 'size_bytes': 634666}]",MOVIDA PARTICIPACOES SA
23825,2024,145614,True,content_match,"[{'path': 'data\\raw\\dfp_mgmt_report\\23825\\2024\\relatorio_administracao.pdf', 'original_filename': 'Relatório Adm.pdf', 'size_bytes': 2628627}]",MOVIDA PARTICIPACOES SA
23825,2025,155600,True,content_match,"[{'path': 'data\\raw\\dfp_mgmt_report\\23825\\2025\\relatorio_administracao.pdf', 'original_filename': 'Relato´rio Adm_ 4T25_v11.pdf', 'size_bytes': 5923517}]",MOVIDA PARTICIPACOES SA
21946,2010,4726,True,content_match,"[{'path': 'data\\raw\\dfp_mgmt_report\\21946\\2010\\relatorio_administracao.pdf', 'original_filename': 'C:\\Arquivos de programas\\CVM\\EmpresasNet\\Temp\\files\\00000816530000000000000000.pdf.pdf', 'size_bytes': 94295}]",MULTIPLUS S.A.
21946,2011,14296,True,content_match,"[{'path': 'data\\raw\\dfp_mgmt_report\\21946\\2011\\relatorio_administracao.pdf', 'original_filename': 'C:\\Program Files\\CVM\\EmpresasNet\\Temp\\files\\00002016530000000000000000.pdf.pdf', 'size_bytes': 158562}]",MULTIPLUS S.A.
21946,2012,24987,True,content_match,"[{'path': 'data\\raw\\dfp_mgmt_report\\21946\\2012\\relatorio_administracao.pdf', 'original_filename': 'C:\\Program Files\\CVM\\EmpresasNet\\Temp\\files\\00012104190000000000000000.pdf.pdf', 'size_bytes': 48006}]",MULTIPLUS S.A.
21946,2013,34934,False,not_found,[],MULTIPLUS S.A.
21946,2014,44351,True,content_match,"[{'path': 'data\\raw\\dfp_mgmt_report\\21946\\2014\\relatorio_administracao.pdf', 'original_filename': 'C:\\CVM.000\\EmpresasNet\\Temp\\files\\00003716530000000000000000.pdf.pdf', 'size_bytes': 148017}]",MULTIPLUS S.A.
21946,2015,53654,False,not_found,[],MULTIPLUS S.A.
21946,2016,62897,False,not_found,[],MULTIPLUS S.A.
21946,2017,72073,False,not_found,[],MULTIPLUS S.A.
21946,2018,81122,False,not_found,[],MULTIPLUS S.A.
15539,2010,4855,True,content_match,"[{'path': 'data\\raw\\dfp_mgmt_report\\15539\\2010\\relatorio_administracao.pdf', 'original_filename': 'C:\\Arquivos de programas\\CVM\\EmpresasNet\\Temp\\files\\00000304190000000000000000.pdf.pdf', 'size_bytes': 5775}]",NEOENERGIA S.A.
15539,2011,14158,True,content_match,"[{'path': 'data\\raw\\dfp_mgmt_report\\15539\\2011\\relatorio_administracao.pdf', 'original_filename': 'C:\\Arquivos de programas\\CVM\\EmpresasNet\\Temp\\files\\00001404190000000000000000.pdf.pdf', 'size_bytes': 27852}]",NEOENERGIA S.A.
15539,2012,25234,True,content_match,"[{'path': 'data\\raw\\dfp_mgmt_report\\15539\\2012\\relatorio_administracao.pdf', 'original_filename': 'C:\\Arquivos de programas\\CVM\\EmpresasNet\\Temp\\files\\00002216530000000000000000.pdf.pdf', 'size_bytes': 199586}]",NEOENERGIA S.A.
15539,2013,35473,True,content_match,"[{'path': 'data\\raw\\dfp_mgmt_report\\15539\\2013\\relatorio_administracao.pdf', 'original_filename': 'C:\\CVM\\EmpresasNet\\Temp\\files\\00000316530000000000000000.pdf.pdf', 'size_bytes': 1581926}]",NEOENERGIA S.A.
15539,2014,70263,True,content_match,"[{'path': 'data\\raw\\dfp_mgmt_report\\15539\\2014\\relatorio_administracao.pdf', 'original_filename': 'C:\\CVM\\EmpresasNet\\Temp\\files\\00124116530000000000000000.pdf.pdf', 'size_bytes': 4117873}]",NEOENERGIA S.A.
15539,2015,70264,True,content_match,"[{'path': 'data\\raw\\dfp_mgmt_report\\15539\\2015\\relatorio_administracao.pdf', 'original_filename': 'C:\\CVM\\EmpresasNet\\Temp\\files\\00124216530000000000000000.pdf.pdf', 'size_bytes': 2786296}]",NEOENERGIA S.A.
15539,2016,82363,True,content_match,"[{'path': 'data\\raw\\dfp_mgmt_report\\15539\\2016\\relatorio_administracao.pdf', 'original_filename': 'C:\\CVM\\EmpresasNetV14000\\Temp\\files\\00121116530000000000000000.pdf.pdf', 'size_bytes': 1936441}]",NEOENERGIA S.A.
15539,2017,82331,False,not_found,[],NEOENERGIA S.A.
15539,2018,82332,False,not_found,[],NEOENERGIA S.A.
15539,2019,91020,True,content_match,"[{'path': 'data\\raw\\dfp_mgmt_report\\15539\\2019\\relatorio_administracao.pdf', 'original_filename': 'C:\\CVM\\EmpresasNetV15002\\Temp\\files\\00122216530000000000000000.pdf.pdf', 'size_bytes': 1341264}]",NEOENERGIA S.A.
15539,2020,100039,True,content_match,"[{'path': 'data\\raw\\dfp_mgmt_report\\15539\\2020\\relatorio_administracao.pdf', 'original_filename': 'C:\\CVM\\EmpresasNetV17000\\Temp\\files\\00121716530000000000000000.pdf.pdf', 'size_bytes': 1768716}]",NEOENERGIA S.A.
15539,2021,111842,True,content_match,"[{'path': 'data\\raw\\dfp_mgmt_report\\15539\\2021\\relatorio_administracao.pdf', 'original_filename': 'RA_Neoenergia 2021.pdf', 'size_bytes': 1639291}]",NEOENERGIA S.A.
15539,2022,123844,True,content_match,"[{'path': 'data\\raw\\dfp_mgmt_report\\15539\\2022\\relatorio_administracao.pdf', 'original_filename': 'RA_Neoenergia 2022 v7 - contab.pdf', 'size_bytes': 1596917}]",NEOENERGIA S.A.
15539,2023,133915,True,content_match,"[{'path': 'data\\raw\\dfp_mgmt_report\\15539\\2023\\relatorio_administracao.pdf', 'original_filename': 'RA_Neoenergia 2023_vf2.pdf', 'size_bytes': 4255644}]",NEOENERGIA S.A.
15539,2024,144935,True,content_match,"[{'path': 'data\\raw\\dfp_mgmt_report\\15539\\2024\\relatorio_administracao.pdf', 'original_filename': 'RA_Neoenergia 204_vf_contabilidade.pdf', 'size_bytes': 5184641}]",NEOENERGIA S.A.
15539,2025,154723,True,content_match,"[{'path': 'data\\raw\\dfp_mgmt_report\\15539\\2025\\relatorio_administracao.pdf', 'original_filename': 'RA_Neoenergia 2025.pdf', 'size_bytes': 2373283}]",NEOENERGIA S.A.
14621,2010,4830,True,content_match,"[{'path': 'data\\raw\\dfp_mgmt_report\\14621\\2010\\relatorio_administracao.pdf', 'original_filename': 'C:\\Arquivos de programas\\CVM\\EmpresasNet\\Temp\\files\\00000216530000000000000000.pdf.pdf', 'size_bytes': 85143}]",NET SERVIÇOS DE COMUNICAÇÃO S.A.
14621,2011,14309,True,content_match,"[{'path': 'data\\raw\\dfp_mgmt_report\\14621\\2011\\relatorio_administracao.pdf', 'original_filename': 'C:\\Arquivos de programas\\CVM\\EmpresasNet\\Temp\\files\\00003416530000000000000000.pdf.pdf', 'size_bytes': 128751}]",NET SERVIÇOS DE COMUNICAÇÃO S.A.
14621,2012,24872,True,content_match,"[{'path': 'data\\raw\\dfp_mgmt_report\\14621\\2012\\relatorio_administracao.pdf', 'original_filename': 'C:\\Program Files\\CVM\\EmpresasNet\\Temp\\files\\00002116530000000000000000.pdf.pdf', 'size_bytes': 79745}]",NET SERVIÇOS DE COMUNICAÇÃO S.A.
14621,2013,35334,True,content_match,"[{'path': 'data\\raw\\dfp_mgmt_report\\14621\\2013\\relatorio_administracao.pdf', 'original_filename': 'C:\\Program Files\\CVM\\EmpresasNet\\Temp\\files\\00007816530000000000000000.pdf.pdf', 'size_bytes': 78558}]",NET SERVIÇOS DE COMUNICAÇÃO S.A.
21180,2010,14255,True,content_match,"[{'path': 'data\\raw\\dfp_mgmt_report\\21180\\2010\\relatorio_administracao.pdf', 'original_filename': 'C:\\Arquivos de programas\\CVM\\EmpresasNet\\Temp\\files\\00000316530000000000000000.docx.pdf', 'size_bytes': 201002}]",NEXPE PARTICIPAÇÕES S.A
21180,2011,16019,True,content_match,"[{'path': 'data\\raw\\dfp_mgmt_report\\21180\\2011\\relatorio_administracao.pdf', 'original_filename': 'C:\\Arquivos de programas\\CVM\\EmpresasNet\\Temp\\files\\00001316530000000000000000.docx.pdf', 'size_bytes': 390051}]",NEXPE PARTICIPAÇÕES S.A
21180,2012,25084,True,content_match,"[{'path': 'data\\raw\\dfp_mgmt_report\\21180\\2012\\relatorio_administracao.pdf', 'original_filename': 'C:\\Arquivos de programas\\CVM\\EmpresasNet\\Temp\\files\\00002116530000000000000000.pdf.pdf', 'size_bytes': 294252}]",NEXPE PARTICIPAÇÕES S.A
21180,2013,35299,True,content_match,"[{'path': 'data\\raw\\dfp_mgmt_report\\21180\\2013\\relatorio_administracao.pdf', 'original_filename': 'C:\\CVM\\EmpresasNet\\Temp\\files\\00003116530000000000000000.docx.pdf', 'size_bytes': 73466}]",NEXPE PARTICIPAÇÕES S.A
21180,2014,45116,True,content_match,"[{'path': 'data\\raw\\dfp_mgmt_report\\21180\\2014\\relatorio_administracao.pdf', 'original_filename': 'C:\\CVM\\EmpresasNet\\Temp\\files\\00119616530000000000000000.docx.pdf', 'size_bytes': 84349}]",NEXPE PARTICIPAÇÕES S.A
21180,2015,54652,True,content_match,"[{'path': 'data\\raw\\dfp_mgmt_report\\21180\\2015\\relatorio_administracao.pdf', 'original_filename': 'C:\\CVM\\EmpresasNet\\Temp\\files\\00122716530000000000000000.pdf.pdf', 'size_bytes': 80235}]",NEXPE PARTICIPAÇÕES S.A
21180,2016,63643,True,content_match,"[{'path': 'data\\raw\\dfp_mgmt_report\\21180\\2016\\relatorio_administracao.pdf', 'original_filename': 'C:\\Program Files (x86)\\CVM\\EmpresasNet\\Temp\\files\\00123216530000000000000000.pdf.pdf', 'size_bytes': 609418}]",NEXPE PARTICIPAÇÕES S.A
21180,2017,72876,True,content_match,"[{'path': 'data\\raw\\dfp_mgmt_report\\21180\\2017\\relatorio_administracao.pdf', 'original_filename': 'C:\\CVM\\EmpresasNet\\Temp\\files\\00122116530000000000000000.pdf.pdf', 'size_bytes': 306711}]",NEXPE PARTICIPAÇÕES S.A
21180,2018,81559,True,content_match,"[{'path': 'data\\raw\\dfp_mgmt_report\\21180\\2018\\relatorio_administracao.pdf', 'original_filename': 'C:\\CVM\\EmpresasNetV13004\\Temp\\files\\00121916530000000000000000.pdf.pdf', 'size_bytes': 447706}]",NEXPE PARTICIPAÇÕES S.A
21180,2019,92052,True,content_match,"[{'path': 'data\\raw\\dfp_mgmt_report\\21180\\2019\\relatorio_administracao.pdf', 'original_filename': 'C:\\CVM\\EmpresasNetV16000\\Temp\\files\\00121816530000000000000000.pdf.pdf', 'size_bytes': 203601}]",NEXPE PARTICIPAÇÕES S.A
21180,2020,100558,True,content_match,"[{'path': 'data\\raw\\dfp_mgmt_report\\21180\\2020\\relatorio_administracao.pdf', 'original_filename': 'C:\\CVM\\EmpresasNetV17000\\Temp\\files\\00121916530000000000000000.pdf.pdf', 'size_bytes': 1805683}]",NEXPE PARTICIPAÇÕES S.A
21180,2021,112942,True,content_match,"[{'path': 'data\\raw\\dfp_mgmt_report\\21180\\2021\\relatorio_administracao.pdf', 'original_filename': 'Mensagem da Administração.pdf', 'size_bytes': 106801}]",NEXPE PARTICIPAÇÕES S.A
21180,2022,131109,True,content_match,"[{'path': 'data\\raw\\dfp_mgmt_report\\21180\\2022\\relatorio_administracao.pdf', 'original_filename': 'Relatório da ADM 2022 (3).pdf', 'size_bytes': 236381}]",NEXPE PARTICIPAÇÕES S.A
21180,2023,135785,True,content_match,"[{'path': 'data\\raw\\dfp_mgmt_report\\21180\\2023\\relatorio_administracao.pdf', 'original_filename': 'Relatório Adm 31122023.pdf', 'size_bytes': 834890}]",NEXPE PARTICIPAÇÕES S.A
21180,2024,147847,True,filename_match,"[{'path': 'data\\raw\\dfp_mgmt_report\\21180\\2024\\relatorio_administracao.pdf', 'original_filename': 'RELATÓRIO DA ADMINISTRAÇÃO.pdf', 'size_bytes': 150029}]",NEXPE PARTICIPAÇÕES S.A
21180,2025,155945,True,filename_match,"[{'path': 'data\\raw\\dfp_mgmt_report\\21180\\2025\\relatorio_administracao.pdf', 'original_filename': 'Relatório da Administração 2025.pdf', 'size_bytes': 189076}]",NEXPE PARTICIPAÇÕES S.A
20125,2010,5379,False,not_found,[],ODONTOPREV S.A.
20125,2011,14645,False,not_found,[],ODONTOPREV S.A.
20125,2012,24672,False,not_found,[],ODONTOPREV S.A.
20125,2013,35072,False,not_found,[],ODONTOPREV S.A.
20125,2014,44667,False,not_found,[],ODONTOPREV S.A.
20125,2015,53947,False,not_found,[],ODONTOPREV S.A.
20125,2016,62676,False,not_found,[],ODONTOPREV S.A.
20125,2017,71871,False,not_found,[],ODONTOPREV S.A.
20125,2018,80897,False,not_found,[],ODONTOPREV S.A.
20125,2019,91901,False,not_found,[],ODONTOPREV S.A.
20125,2020,100662,False,not_found,[],ODONTOPREV S.A.
20125,2021,111983,False,not_found,[],ODONTOPREV S.A.
26123,2020,105781,True,content_match,"[{'path': 'data\\raw\\dfp_mgmt_report\\26123\\2020\\relatorio_administracao.pdf', 'original_filename': 'C:\\CVM\\EmpresasNetV17000\\Temp\\files\\00123116530000000000000000.pdf.pdf', 'size_bytes': 94523}]",ONCOCLÍNICAS DO BRASIL SERVIÇOS MÉDICOS S.A.
26123,2021,113182,True,content_match,"[{'path': 'data\\raw\\dfp_mgmt_report\\26123\\2021\\relatorio_administracao.pdf', 'original_filename': 'C:\\CVM\\EmpresasNetV17000\\Temp\\files\\00121916530000000000000000.pdf.pdf', 'size_bytes': 164605}]",ONCOCLÍNICAS DO BRASIL SERVIÇOS MÉDICOS S.A.
26123,2022,124691,True,content_match,"[{'path': 'data\\raw\\dfp_mgmt_report\\26123\\2022\\relatorio_administracao.pdf', 'original_filename': '01_Relatório_Adm_ou_Comentário_do_Desempenho_93_v3.pdf', 'size_bytes': 107113}]",ONCOCLÍNICAS DO BRASIL SERVIÇOS MÉDICOS S.A.
26123,2023,135211,False,not_found,[],ONCOCLÍNICAS DO BRASIL SERVIÇOS MÉDICOS S.A.
26123,2024,145887,True,content_match,"[{'path': 'data\\raw\\dfp_mgmt_report\\26123\\2024\\relatorio_administracao.pdf', 'original_filename': '01_Relatório_Adm_ou_Comentário_do_Desempenho.pdf', 'size_bytes': 149197}]",ONCOCLÍNICAS DO BRASIL SERVIÇOS MÉDICOS S.A.
26123,2025,156113,True,content_match,"[{'path': 'data\\raw\\dfp_mgmt_report\\26123\\2025\\relatorio_administracao.pdf', 'original_filename': '01_Relatório_Adm_2025_ Relatório da ADM (RAD) VF Limpa 80pp.pdf', 'size_bytes': 232967}]",ONCOCLÍNICAS DO BRASIL SERVIÇOS MÉDICOS S.A.
21342,2010,5267,True,content_match,"[{'path': 'data\\raw\\dfp_mgmt_report\\21342\\2010\\relatorio_administracao.pdf', 'original_filename': 'C:\\EMPRESASNET\\Temp\\files\\00000216530000000000000000.pdf.pdf', 'size_bytes': 408217}]",OSX BRASIL S.A. - EM RECUPERAÇÃO JUDICIAL
21342,2011,15814,True,content_match,"[{'path': 'data\\raw\\dfp_mgmt_report\\21342\\2011\\relatorio_administracao.pdf', 'original_filename': 'C:\\Program Files\\CVM\\EmpresasNet\\Temp\\files\\00001616530000000000000000.pdf.pdf', 'size_bytes': 410109}]",OSX BRASIL S.A. - EM RECUPERAÇÃO JUDICIAL
21342,2012,25967,True,content_match,"[{'path': 'data\\raw\\dfp_mgmt_report\\21342\\2012\\relatorio_administracao.pdf', 'original_filename': 'C:\\CVM\\EmpresasNet\\Temp\\files\\00002416530000000000000000.pdf.pdf', 'size_bytes': 509531}]",OSX BRASIL S.A. - EM RECUPERAÇÃO JUDICIAL
21342,2013,36314,True,content_match,"[{'path': 'data\\raw\\dfp_mgmt_report\\21342\\2013\\relatorio_administracao.pdf', 'original_filename': 'C:\\CVM\\EmpresasNet\\Temp\\files\\00004516530000000000000000.pdf.pdf', 'size_bytes': 383306}]",OSX BRASIL S.A. - EM RECUPERAÇÃO JUDICIAL
21342,2014,45991,True,content_match,"[{'path': 'data\\raw\\dfp_mgmt_report\\21342\\2014\\relatorio_administracao.pdf', 'original_filename': 'C:\\CVM\\EmpresasNet\\Temp\\files\\00125016530000000000000000.pdf.pdf', 'size_bytes': 450557}]",OSX BRASIL S.A. - EM RECUPERAÇÃO JUDICIAL
21342,2015,55107,True,content_match,"[{'path': 'data\\raw\\dfp_mgmt_report\\21342\\2015\\relatorio_administracao.pdf', 'original_filename': 'C:\\CVM\\EmpresasNet\\Temp\\files\\00121516530000000000000000.pdf.pdf', 'size_bytes': 16977}]",OSX BRASIL S.A. - EM RECUPERAÇÃO JUDICIAL
21342,2017,73027,True,content_match,"[{'path': 'data\\raw\\dfp_mgmt_report\\21342\\2017\\relatorio_administracao.pdf', 'original_filename': 'C:\\CVM\\EmpresasNet\\Temp\\files\\00125516530000000000000000.pdf.pdf', 'size_bytes': 78045}]",OSX BRASIL S.A. - EM RECUPERAÇÃO JUDICIAL
21342,2018,81553,True,content_match,"[{'path': 'data\\raw\\dfp_mgmt_report\\21342\\2018\\relatorio_administracao.pdf', 'original_filename': 'C:\\CVM\\EmpresasNetV14000\\Temp\\files\\00121816530000000000000000.pdf.pdf', 'size_bytes': 35330}]",OSX BRASIL S.A. - EM RECUPERAÇÃO JUDICIAL
21342,2019,92133,True,content_match,"[{'path': 'data\\raw\\dfp_mgmt_report\\21342\\2019\\relatorio_administracao.pdf', 'original_filename': 'C:\\CVM\\EmpresasNetV16000\\Temp\\files\\00121516530000000000000000.docx.pdf', 'size_bytes': 171552}]",OSX BRASIL S.A. - EM RECUPERAÇÃO JUDICIAL
21342,2020,102442,True,content_match,"[{'path': 'data\\raw\\dfp_mgmt_report\\21342\\2020\\relatorio_administracao.pdf', 'original_filename': 'C:\\CVM\\EmpresasNetV17000\\Temp\\files\\00122216530000000000000000.pdf.pdf', 'size_bytes': 26320}]",OSX BRASIL S.A. - EM RECUPERAÇÃO JUDICIAL
21342,2021,113082,True,filename_match,"[{'path': 'data\\raw\\dfp_mgmt_report\\21342\\2021\\relatorio_administracao.pdf', 'original_filename': 'Relatório da Administração.pdf', 'size_bytes': 1104481}]",OSX BRASIL S.A. - EM RECUPERAÇÃO JUDICIAL
21342,2022,124661,True,filename_match,"[{'path': 'data\\raw\\dfp_mgmt_report\\21342\\2022\\relatorio_administracao.pdf', 'original_filename': 'Relatório da Administração.pdf', 'size_bytes': 2038178}]",OSX BRASIL S.A. - EM RECUPERAÇÃO JUDICIAL
21342,2023,135332,True,filename_match,"[{'path': 'data\\raw\\dfp_mgmt_report\\21342\\2023\\relatorio_administracao.pdf', 'original_filename': 'Relatório da Administração.pdf', 'size_bytes': 1732739}]",OSX BRASIL S.A. - EM RECUPERAÇÃO JUDICIAL
21342,2024,145924,False,not_found,[],OSX BRASIL S.A. - EM RECUPERAÇÃO JUDICIAL
21342,2025,155923,True,filename_match,"[{'path': 'data\\raw\\dfp_mgmt_report\\21342\\2025\\relatorio_administracao.pdf', 'original_filename': 'Relatório da Administração.pdf', 'size_bytes': 18458}]",OSX BRASIL S.A. - EM RECUPERAÇÃO JUDICIAL
9393,2010,6747,True,content_match,"[{'path': 'data\\raw\\dfp_mgmt_report\\9393\\2010\\relatorio_administracao.pdf', 'original_filename': 'C:\\Arquivos de programas\\CVM\\EmpresasNet\\Temp\\files\\00000416530000000000000000.pdf.pdf', 'size_bytes': 1012352}]",PARANAPANEMA S.A. - EM RECUPERAÇÃO JUDICIAL
9393,2011,15468,False,not_found,[],PARANAPANEMA S.A. - EM RECUPERAÇÃO JUDICIAL
9393,2012,24548,True,content_match,"[{'path': 'data\\raw\\dfp_mgmt_report\\9393\\2012\\relatorio_administracao.pdf', 'original_filename': 'C:\\CVM\\EmpresasNet\\Temp\\files\\00000416530000000000000000.pdf.pdf', 'size_bytes': 326508}]",PARANAPANEMA S.A. - EM RECUPERAÇÃO JUDICIAL
9393,2013,34877,True,content_match,"[{'path': 'data\\raw\\dfp_mgmt_report\\9393\\2013\\relatorio_administracao.pdf', 'original_filename': 'C:\\CVM\\EmpresasNet\\Temp\\files\\00001716530000000000000000.pdf.pdf', 'size_bytes': 399373}]",PARANAPANEMA S.A. - EM RECUPERAÇÃO JUDICIAL
9393,2014,44011,False,not_found,[],PARANAPANEMA S.A. - EM RECUPERAÇÃO JUDICIAL
9393,2015,53323,False,not_found,[],PARANAPANEMA S.A. - EM RECUPERAÇÃO JUDICIAL
9393,2016,63919,False,not_found,[],PARANAPANEMA S.A. - EM RECUPERAÇÃO JUDICIAL
9393,2017,71401,False,not_found,[],PARANAPANEMA S.A. - EM RECUPERAÇÃO JUDICIAL
9393,2018,80651,False,not_found,[],PARANAPANEMA S.A. - EM RECUPERAÇÃO JUDICIAL
9393,2019,91596,False,not_found,[],PARANAPANEMA S.A. - EM RECUPERAÇÃO JUDICIAL
9393,2020,100694,False,not_found,[],PARANAPANEMA S.A. - EM RECUPERAÇÃO JUDICIAL
9393,2021,112669,False,not_found,[],PARANAPANEMA S.A. - EM RECUPERAÇÃO JUDICIAL
9393,2022,124328,False,not_found,[],PARANAPANEMA S.A. - EM RECUPERAÇÃO JUDICIAL
9393,2023,134788,False,not_found,[],PARANAPANEMA S.A. - EM RECUPERAÇÃO JUDICIAL
9393,2024,145419,False,not_found,[],PARANAPANEMA S.A. - EM RECUPERAÇÃO JUDICIAL
9393,2025,155834,False,not_found,[],PARANAPANEMA S.A. - EM RECUPERAÇÃO JUDICIAL
25089,2019,91085,False,not_found,[],PET CENTER COMÉRCIO E PARTICIPAÇÕES S.A.
25089,2020,109623,False,not_found,[],PET CENTER COMÉRCIO E PARTICIPAÇÕES S.A.
25089,2021,113174,False,not_found,[],PET CENTER COMÉRCIO E PARTICIPAÇÕES S.A.
25089,2023,134552,False,not_found,[],PET CENTER COMÉRCIO E PARTICIPAÇÕES S.A.
25089,2024,145615,False,not_found,[],PET CENTER COMÉRCIO E PARTICIPAÇÕES S.A.
25089,2025,155745,False,not_found,[],PET CENTER COMÉRCIO E PARTICIPAÇÕES S.A.
13471,2010,5153,True,content_match,"[{'path': 'data\\raw\\dfp_mgmt_report\\13471\\2010\\relatorio_administracao.pdf', 'original_filename': 'C:\\Program Files\\CVM\\EmpresasNet\\Temp\\files\\00002016530000000000000000.pdf.pdf', 'size_bytes': 329497}]",PLASCAR PARTICIPACOES INDUSTRIAIS S.A.
13471,2011,14701,True,content_match,"[{'path': 'data\\raw\\dfp_mgmt_report\\13471\\2011\\relatorio_administracao.pdf', 'original_filename': 'C:\\Program Files\\CVM\\EmpresasNet\\Temp\\files\\00002816530000000000000000.pdf.pdf', 'size_bytes': 256737}]",PLASCAR PARTICIPACOES INDUSTRIAIS S.A.
13471,2012,24783,True,content_match,"[{'path': 'data\\raw\\dfp_mgmt_report\\13471\\2012\\relatorio_administracao.pdf', 'original_filename': 'C:\\cvm\\EmpresasNet\\Temp\\files\\00002816530000000000000000.pdf.pdf', 'size_bytes': 195177}]",PLASCAR PARTICIPACOES INDUSTRIAIS S.A.
13471,2013,35879,True,content_match,"[{'path': 'data\\raw\\dfp_mgmt_report\\13471\\2013\\relatorio_administracao.pdf', 'original_filename': 'C:\\CVM\\EmpresasNet\\Temp\\files\\00001716530000000000000000.pdf.pdf', 'size_bytes': 49261}]",PLASCAR PARTICIPACOES INDUSTRIAIS S.A.
13471,2014,43844,True,content_match,"[{'path': 'data\\raw\\dfp_mgmt_report\\13471\\2014\\relatorio_administracao.pdf', 'original_filename': 'C:\\cvm\\EmpresasNet\\Temp\\files\\00006316530000000000000000.pdf.pdf', 'size_bytes': 351694}]",PLASCAR PARTICIPACOES INDUSTRIAIS S.A.
13471,2015,54547,True,content_match,"[{'path': 'data\\raw\\dfp_mgmt_report\\13471\\2015\\relatorio_administracao.pdf', 'original_filename': 'C:\\cvm\\EmpresasNet\\Temp\\files\\00122016530000000000000000.pdf.pdf', 'size_bytes': 346557}]",PLASCAR PARTICIPACOES INDUSTRIAIS S.A.
13471,2016,63005,True,content_match,"[{'path': 'data\\raw\\dfp_mgmt_report\\13471\\2016\\relatorio_administracao.pdf', 'original_filename': 'C:\\Program Files (x86)\\CVM\\EmpresasNet\\Temp\\files\\00122116530000000000000000.pdf.pdf', 'size_bytes': 455770}]",PLASCAR PARTICIPACOES INDUSTRIAIS S.A.
13471,2017,71373,True,content_match,"[{'path': 'data\\raw\\dfp_mgmt_report\\13471\\2017\\relatorio_administracao.pdf', 'original_filename': 'C:\\Program Files (x86)\\CVM\\EmpresasNet\\Temp\\files\\00123216530000000000000000.pdf.pdf', 'size_bytes': 514605}]",PLASCAR PARTICIPACOES INDUSTRIAIS S.A.
13471,2018,81630,True,content_match,"[{'path': 'data\\raw\\dfp_mgmt_report\\13471\\2018\\relatorio_administracao.pdf', 'original_filename': 'C:\\CVM\\EmpresasNetV14000\\Temp\\files\\00121616530000000000000000.pdf.pdf', 'size_bytes': 511910}]",PLASCAR PARTICIPACOES INDUSTRIAIS S.A.
13471,2019,91337,True,content_match,"[{'path': 'data\\raw\\dfp_mgmt_report\\13471\\2019\\relatorio_administracao.pdf', 'original_filename': 'C:\\CVM\\EmpresasNetV15002\\Temp\\files\\00121716530000000000000000.pdf.pdf', 'size_bytes': 475792}]",PLASCAR PARTICIPACOES INDUSTRIAIS S.A.
13471,2020,100644,True,content_match,"[{'path': 'data\\raw\\dfp_mgmt_report\\13471\\2020\\relatorio_administracao.pdf', 'original_filename': 'C:\\CVM\\EmpresasNetV17000\\Temp\\files\\00121516530000000000000000.pdf.pdf', 'size_bytes': 413420}]",PLASCAR PARTICIPACOES INDUSTRIAIS S.A.
13471,2021,112522,True,filename_match,"[{'path': 'data\\raw\\dfp_mgmt_report\\13471\\2021\\relatorio_administracao.pdf', 'original_filename': 'Relatório da Administração 2021.pdf', 'size_bytes': 183524}]",PLASCAR PARTICIPACOES INDUSTRIAIS S.A.
13471,2022,124145,True,content_match,"[{'path': 'data\\raw\\dfp_mgmt_report\\13471\\2022\\relatorio_administracao.pdf', 'original_filename': 'Releatório da Administração.pdf', 'size_bytes': 94359}]",PLASCAR PARTICIPACOES INDUSTRIAIS S.A.
13471,2023,134813,True,filename_match,"[{'path': 'data\\raw\\dfp_mgmt_report\\13471\\2023\\relatorio_administracao.pdf', 'original_filename': 'Relatório da Administração.pdf', 'size_bytes': 175955}]",PLASCAR PARTICIPACOES INDUSTRIAIS S.A.
13471,2024,146512,True,filename_match,"[{'path': 'data\\raw\\dfp_mgmt_report\\13471\\2024\\relatorio_administracao.pdf', 'original_filename': 'Relatório da administração.pdf', 'size_bytes': 159435}]",PLASCAR PARTICIPACOES INDUSTRIAIS S.A.
13471,2025,155402,True,filename_match,"[{'path': 'data\\raw\\dfp_mgmt_report\\13471\\2025\\relatorio_administracao.pdf', 'original_filename': 'Relatório da Administração.pdf', 'size_bytes': 432301}]",PLASCAR PARTICIPACOES INDUSTRIAIS S.A.
14109,2010,5278,False,not_found,[],RANDON S.A. IMPLEMENTOS E PARTICIPACOES
14109,2011,14566,False,not_found,[],RANDON S.A. IMPLEMENTOS E PARTICIPACOES
14109,2012,24545,True,content_match,"[{'path': 'data\\raw\\dfp_mgmt_report\\14109\\2012\\relatorio_administracao.pdf', 'original_filename': 'C:\\Arquivos de programas\\CVM\\EmpresasNet\\Temp\\files\\00001516530000000000000000.pdf.pdf', 'size_bytes': 1271029}]",RANDON S.A. IMPLEMENTOS E PARTICIPACOES
14109,2013,36042,True,content_match,"[{'path': 'data\\raw\\dfp_mgmt_report\\14109\\2013\\relatorio_administracao.pdf', 'original_filename': 'C:\\CVM\\EmpresasNet\\Temp\\files\\00003016530000000000000000.pdf.pdf', 'size_bytes': 2800597}]",RANDON S.A. IMPLEMENTOS E PARTICIPACOES
14109,2014,44934,True,content_match,"[{'path': 'data\\raw\\dfp_mgmt_report\\14109\\2014\\relatorio_administracao.pdf', 'original_filename': 'C:\\CVM\\EmpresasNet\\Temp\\files\\00127516530000000000000000.pdf.pdf', 'size_bytes': 2393327}]",RANDON S.A. IMPLEMENTOS E PARTICIPACOES
14109,2015,54341,True,content_match,"[{'path': 'data\\raw\\dfp_mgmt_report\\14109\\2015\\relatorio_administracao.pdf', 'original_filename': 'C:\\CVM\\EmpresasNet\\Temp\\files\\00121616530000000000000000.docx.pdf', 'size_bytes': 2809046}]",RANDON S.A. IMPLEMENTOS E PARTICIPACOES
14109,2016,63507,True,content_match,"[{'path': 'data\\raw\\dfp_mgmt_report\\14109\\2016\\relatorio_administracao.pdf', 'original_filename': 'C:\\CVM\\EmpresasNet\\Temp\\files\\00122804120000000000000000.pdf.pdf', 'size_bytes': 1710784}]",RANDON S.A. IMPLEMENTOS E PARTICIPACOES
14109,2017,72238,False,not_found,[],RANDON S.A. IMPLEMENTOS E PARTICIPACOES
14109,2019,91372,True,content_match,"[{'path': 'data\\raw\\dfp_mgmt_report\\14109\\2019\\relatorio_administracao.pdf', 'original_filename': 'C:\\CVM\\EmpresasNetV15002\\Temp\\files\\00121916530000000000000000.pdf.pdf', 'size_bytes': 2316281}]",RANDON S.A. IMPLEMENTOS E PARTICIPACOES
14109,2020,100867,True,content_match,"[{'path': 'data\\raw\\dfp_mgmt_report\\14109\\2020\\relatorio_administracao.pdf', 'original_filename': 'C:\\CVM\\EmpresasNetV16000\\Temp\\files\\00122416530000000000000000.pdf.pdf', 'size_bytes': 2250034}]",RANDON S.A. IMPLEMENTOS E PARTICIPACOES
14109,2021,112059,True,filename_match,"[{'path': 'data\\raw\\dfp_mgmt_report\\14109\\2021\\relatorio_administracao.pdf', 'original_filename': 'Relatório_Anual_da_Administração_2021.pdf', 'size_bytes': 1720779}]",RANDONCORP S.A.
14109,2022,123758,True,filename_match,"[{'path': 'data\\raw\\dfp_mgmt_report\\14109\\2022\\relatorio_administracao.pdf', 'original_filename': '2_Relatório_Anual_da_Administração_2022_PT.pdf', 'size_bytes': 1833499}]",RANDONCORP S.A.
14109,2023,134650,True,filename_match,"[{'path': 'data\\raw\\dfp_mgmt_report\\14109\\2023\\relatorio_administracao.pdf', 'original_filename': 'Relatório_Anual_Da_Administração_2023.pdf', 'size_bytes': 2174496}]",RANDONCORP S.A.
14109,2024,145547,False,not_found,[],RANDONCORP S.A.
14109,2025,155317,False,not_found,[],RANDONCORP S.A.
20893,2010,4722,True,content_match,"[{'path': 'data\\raw\\dfp_mgmt_report\\20893\\2010\\relatorio_administracao.pdf', 'original_filename': 'C:\\Program Files\\CVM\\EmpresasNet\\Temp\\files\\00000416530000000000000000.pdf.pdf', 'size_bytes': 88817}]",REDECARD S/A
20893,2011,14057,True,content_match,"[{'path': 'data\\raw\\dfp_mgmt_report\\20893\\2011\\relatorio_administracao.pdf', 'original_filename': 'C:\\Program Files\\CVM\\EmpresasNet\\Temp\\files\\00001116530000000000000000.doc.pdf', 'size_bytes': 114770}]",REDECARD S/A
9989,2010,9576,True,content_match,"[{'path': 'data\\raw\\dfp_mgmt_report\\9989\\2010\\relatorio_administracao.pdf', 'original_filename': 'C:\\Empresasnet\\Temp\\files\\00000116530000000000000000.pdf.pdf', 'size_bytes': 286679}]",REFINARIA DE PETROLEOS MANGUINHOS S.A.
9989,2011,16309,True,content_match,"[{'path': 'data\\raw\\dfp_mgmt_report\\9989\\2011\\relatorio_administracao.pdf', 'original_filename': 'C:\\CVM\\EmpresasNet\\Temp\\files\\00000816530000000000000000.pdf.pdf', 'size_bytes': 324556}]",REFINARIA DE PETROLEOS MANGUINHOS S.A.
9989,2012,31350,True,content_match,"[{'path': 'data\\raw\\dfp_mgmt_report\\9989\\2012\\relatorio_administracao.pdf', 'original_filename': 'C:\\Arquivos de programas\\CVM\\EmpresasNet\\Temp\\files\\00002516530000000000000000.pdf.pdf', 'size_bytes': 244847}]",REFINARIA DE PETROLEOS MANGUINHOS S.A.
9989,2013,62831,True,content_match,"[{'path': 'data\\raw\\dfp_mgmt_report\\9989\\2013\\relatorio_administracao.pdf', 'original_filename': 'C:\\CVM\\EmpresasNet\\Temp\\files\\00002516530000000000000000.pdf.pdf', 'size_bytes': 221522}]",REFINARIA DE PETROLEOS MANGUINHOS S.A.
9989,2014,62835,True,content_match,"[{'path': 'data\\raw\\dfp_mgmt_report\\9989\\2014\\relatorio_administracao.pdf', 'original_filename': 'C:\\CVM\\EmpresasNet\\Temp\\files\\00123216530000000000000000.pdf.pdf', 'size_bytes': 217411}]",REFINARIA DE PETROLEOS MANGUINHOS S.A.
9989,2015,68337,True,content_match,"[{'path': 'data\\raw\\dfp_mgmt_report\\9989\\2015\\relatorio_administracao.pdf', 'original_filename': 'C:\\Program Files (x86)\\CVM\\EmpresasNet\\Temp\\files\\00129116530000000000000000.pdf.pdf', 'size_bytes': 604982}]",REFINARIA DE PETROLEOS MANGUINHOS S.A.
9989,2016,64355,True,content_match,"[{'path': 'data\\raw\\dfp_mgmt_report\\9989\\2016\\relatorio_administracao.pdf', 'original_filename': 'C:\\CVM\\EmpresasNet\\Temp\\files\\00130316530000000000000000.pdf.pdf', 'size_bytes': 353437}]",REFINARIA DE PETROLEOS MANGUINHOS S.A.
9989,2017,77828,True,content_match,"[{'path': 'data\\raw\\dfp_mgmt_report\\9989\\2017\\relatorio_administracao.pdf', 'original_filename': 'C:\\CVM\\EmpresasNetV13001\\Temp\\files\\00123916530000000000000000.pdf.pdf', 'size_bytes': 606226}]",REFINARIA DE PETROLEOS MANGUINHOS S.A.
9989,2018,85177,False,not_found,[],REFINARIA DE PETROLEOS MANGUINHOS S.A.
9989,2019,93573,True,content_match,"[{'path': 'data\\raw\\dfp_mgmt_report\\9989\\2019\\relatorio_administracao.pdf', 'original_filename': 'C:\\CVM\\EmpresasNetV15002\\Temp\\files\\00122616530000000000000000.pdf.pdf', 'size_bytes': 874997}]",REFINARIA DE PETROLEOS MANGUINHOS S.A.
9989,2020,102432,True,content_match,"[{'path': 'data\\raw\\dfp_mgmt_report\\9989\\2020\\relatorio_administracao.pdf', 'original_filename': 'C:\\CVM\\EmpresasNetV17000\\Temp\\files\\00122216530000000000000000.pdf.pdf', 'size_bytes': 702546}]",REFINARIA DE PETROLEOS MANGUINHOS S.A.
9989,2021,116957,True,filename_match,"[{'path': 'data\\raw\\dfp_mgmt_report\\9989\\2021\\relatorio_administracao.pdf', 'original_filename': '01. Relatório da Administração REFIT - DFP_2021.pdf', 'size_bytes': 144917}]",REFINARIA DE PETROLEOS MANGUINHOS S.A.
9989,2023,139091,True,filename_match,"[{'path': 'data\\raw\\dfp_mgmt_report\\9989\\2023\\relatorio_administracao.pdf', 'original_filename': '01 - RELATÓRIO DA ADMINISTRAÇÃO - 04032024.pdf', 'size_bytes': 817449}]",REFINARIA DE PETROLEOS MANGUINHOS S.A.
9989,2024,145994,True,filename_match,"[{'path': 'data\\raw\\dfp_mgmt_report\\9989\\2024\\relatorio_administracao.pdf', 'original_filename': '01 - Relatório da Administração.pdf', 'size_bytes': 853336}]",REFINARIA DE PETROLEOS MANGUINHOS S.A.
23450,2013,40269,True,content_match,"[{'path': 'data\\raw\\dfp_mgmt_report\\23450\\2013\\relatorio_administracao.pdf', 'original_filename': 'C:\\CVM\\EmpresasNet\\Temp\\files\\00000116530000000000000000.pdf.pdf', 'size_bytes': 77913}]",RUMO LOGÍSTICA OPERADORA MULTIMODAL S.A.
23450,2014,44576,True,content_match,"[{'path': 'data\\raw\\dfp_mgmt_report\\23450\\2014\\relatorio_administracao.pdf', 'original_filename': 'C:\\CVM\\EmpresasNet\\Temp\\files\\00119316530000000000000000.pdf.pdf', 'size_bytes': 178937}]",RUMO LOGÍSTICA OPERADORA MULTIMODAL S.A.
23450,2015,53657,True,content_match,"[{'path': 'data\\raw\\dfp_mgmt_report\\23450\\2015\\relatorio_administracao.pdf', 'original_filename': 'C:\\EMPRESASNET\\Disco 1\\Temp\\files\\00122216530000000000000000.pdf.pdf', 'size_bytes': 69455}]",RUMO LOGÍSTICA OPERADORA MULTIMODAL S.A.
23221,2010,31973,True,content_match,"[{'path': 'data\\raw\\dfp_mgmt_report\\23221\\2010\\relatorio_administracao.pdf', 'original_filename': 'C:\\CVM\\EmpresasNet\\Temp\\files\\00000316530000000000000000.doc.pdf', 'size_bytes': 242498}]",SER EDUCACIONAL S.A.
23221,2011,32166,True,content_match,"[{'path': 'data\\raw\\dfp_mgmt_report\\23221\\2011\\relatorio_administracao.pdf', 'original_filename': 'C:\\CVM\\EmpresasNet\\Temp\\files\\00000616530000000000000000.doc.pdf', 'size_bytes': 242519}]",SER EDUCACIONAL S.A.
23221,2012,31974,True,content_match,"[{'path': 'data\\raw\\dfp_mgmt_report\\23221\\2012\\relatorio_administracao.pdf', 'original_filename': 'C:\\CVM\\EmpresasNet\\Temp\\files\\00000716530000000000000000.doc.pdf', 'size_bytes': 251313}]",SER EDUCACIONAL S.A.
23221,2013,35569,True,content_match,"[{'path': 'data\\raw\\dfp_mgmt_report\\23221\\2013\\relatorio_administracao.pdf', 'original_filename': 'C:\\CVM\\EmpresasNet\\Temp\\files\\00000516530000000000000000.pdf.pdf', 'size_bytes': 560369}]",SER EDUCACIONAL S.A.
23221,2014,45754,True,content_match,"[{'path': 'data\\raw\\dfp_mgmt_report\\23221\\2014\\relatorio_administracao.pdf', 'original_filename': 'C:\\CVM\\EmpresasNet8\\Temp\\files\\00120616530000000000000000.docx.pdf', 'size_bytes': 424610}]",SER EDUCACIONAL S.A.
23221,2015,54211,True,content_match,"[{'path': 'data\\raw\\dfp_mgmt_report\\23221\\2015\\relatorio_administracao.pdf', 'original_filename': 'C:\\Program Files (x86)\\CVM\\EmpresasNet\\Temp\\files\\00121516530000000000000000.docx.pdf', 'size_bytes': 345586}]",SER EDUCACIONAL S.A.
23221,2016,63245,True,content_match,"[{'path': 'data\\raw\\dfp_mgmt_report\\23221\\2016\\relatorio_administracao.pdf', 'original_filename': 'C:\\CVM\\EmpresasNet\\Temp\\files\\00124016530000000000000000.docx.pdf', 'size_bytes': 343987}]",SER EDUCACIONAL S.A.
23221,2017,72567,True,content_match,"[{'path': 'data\\raw\\dfp_mgmt_report\\23221\\2017\\relatorio_administracao.pdf', 'original_filename': 'C:\\Program Files (x86)\\CVM\\EmpresasNet\\Temp\\files\\00125516530000000000000000.docx.pdf', 'size_bytes': 344907}]",SER EDUCACIONAL S.A.
23221,2018,81621,True,content_match,"[{'path': 'data\\raw\\dfp_mgmt_report\\23221\\2018\\relatorio_administracao.pdf', 'original_filename': 'C:\\CVM\\EmpresasNetV14000\\Temp\\files\\00122216530000000000000000.pdf.pdf', 'size_bytes': 507545}]",SER EDUCACIONAL S.A.
23221,2019,91878,True,content_match,"[{'path': 'data\\raw\\dfp_mgmt_report\\23221\\2019\\relatorio_administracao.pdf', 'original_filename': 'C:\\CVM\\EmpresasNetV15002\\Temp\\files\\00124016530000000000000000.docx.pdf', 'size_bytes': 397646}]",SER EDUCACIONAL S.A.
23221,2020,102263,True,content_match,"[{'path': 'data\\raw\\dfp_mgmt_report\\23221\\2020\\relatorio_administracao.pdf', 'original_filename': 'C:\\CVM\\EmpresasNetV17000\\Temp\\files\\00126316530000000000000000.docx.pdf', 'size_bytes': 410836}]",SER EDUCACIONAL S.A.
23221,2021,112972,True,filename_match,"[{'path': 'data\\raw\\dfp_mgmt_report\\23221\\2021\\relatorio_administracao.pdf', 'original_filename': 'DF2021 - Relatório da Administração_PORT_v.f.pdf', 'size_bytes': 158080}]",SER EDUCACIONAL S.A.
23221,2022,124538,True,filename_match,"[{'path': 'data\\raw\\dfp_mgmt_report\\23221\\2022\\relatorio_administracao.pdf', 'original_filename': 'SEER3_DF 2022 - Relatório da Administração_PORT_v.f.pdf', 'size_bytes': 148250}]",SER EDUCACIONAL S.A.
23221,2023,135082,True,filename_match,"[{'path': 'data\\raw\\dfp_mgmt_report\\23221\\2023\\relatorio_administracao.pdf', 'original_filename': 'SEER3_DF 2023 - Relatório da Administração_PORT_v.Final.pdf', 'size_bytes': 134253}]",SER EDUCACIONAL S.A.
23221,2024,146152,True,filename_match,"[{'path': 'data\\raw\\dfp_mgmt_report\\23221\\2024\\relatorio_administracao.pdf', 'original_filename': 'SEER3_DF 2024 - Relatório da Administração_PORT_v.final.pdf', 'size_bytes': 96164}]",SER EDUCACIONAL S.A.
23221,2025,155688,True,filename_match,"[{'path': 'data\\raw\\dfp_mgmt_report\\23221\\2025\\relatorio_administracao.pdf', 'original_filename': 'SEER3_DF 2025 - Relatório da Administração_PORT_v.f.pdf', 'size_bytes': 171897}]",SER EDUCACIONAL S.A.
26441,2021,134808,True,content_match,"[{'path': 'data\\raw\\dfp_mgmt_report\\26441\\2021\\relatorio_administracao.pdf', 'original_filename': 'Relatório de Adm. 4T21 (DF reapresentado) 3.pdf', 'size_bytes': 5500059}]",SERENA ENERGIA S.A.
26441,2023,134810,False,not_found,[],SERENA ENERGIA S.A.
26441,2024,144855,True,filename_match,"[{'path': 'data\\raw\\dfp_mgmt_report\\26441\\2024\\relatorio_administracao.pdf', 'original_filename': 'Relatório de Administração Serena 4T24.pdf', 'size_bytes': 3578570}]",SERENA ENERGIA S.A.
26441,2025,155480,True,filename_match,"[{'path': 'data\\raw\\dfp_mgmt_report\\26441\\2025\\relatorio_administracao.pdf', 'original_filename': 'Relatório da Administração Serena Energia 4T25.pdf', 'size_bytes': 580228}]",SERENA ENERGIA S.A.
25003,2019,92548,True,content_match,"[{'path': 'data\\raw\\dfp_mgmt_report\\25003\\2019\\relatorio_administracao.pdf', 'original_filename': 'C:\\CVM\\EmpresasNetV15002\\Temp\\files\\00121816530000000000000000.docx.pdf', 'size_bytes': 189811}]",SIMPAR S.A.
25003,2020,102776,True,content_match,"[{'path': 'data\\raw\\dfp_mgmt_report\\25003\\2020\\relatorio_administracao.pdf', 'original_filename': 'C:\\CVM\\EmpresasNetV17000\\Temp\\files\\00123516530000000000000000.pdf.pdf', 'size_bytes': 1307244}]",SIMPAR S.A.
25003,2021,112020,True,filename_match,"[{'path': 'data\\raw\\dfp_mgmt_report\\25003\\2021\\relatorio_administracao.pdf', 'original_filename': 'PT - Relatório da Administração_2021_v10_f.pdf', 'size_bytes': 755763}]",SIMPAR S.A.
25003,2022,123944,True,filename_match,"[{'path': 'data\\raw\\dfp_mgmt_report\\25003\\2022\\relatorio_administracao.pdf', 'original_filename': 'PT - Relatório da Administração_2022_v17.pdf', 'size_bytes': 1737859}]",SIMPAR S.A.
25003,2023,135173,False,not_found,[],SIMPAR S.A.
25003,2024,146257,True,filename_match,"[{'path': 'data\\raw\\dfp_mgmt_report\\25003\\2024\\relatorio_administracao.pdf', 'original_filename': 'PT - Relatório da Administração_2024_v12.pdf', 'size_bytes': 1172317}]",SIMPAR S.A.
4057,2010,4770,True,content_match,"[{'path': 'data\\raw\\dfp_mgmt_report\\4057\\2010\\relatorio_administracao.pdf', 'original_filename': 'C:\\Program Files\\CVM\\EmpresasNet\\Temp\\files\\00000416530000000000000000.pdf.pdf', 'size_bytes': 195224}]",SOUZA CRUZ SA
4057,2011,14268,True,content_match,"[{'path': 'data\\raw\\dfp_mgmt_report\\4057\\2011\\relatorio_administracao.pdf', 'original_filename': 'C:\\Program Files\\CVM\\EmpresasNet\\Temp\\files\\00000316530000000000000000.pdf.pdf', 'size_bytes': 309619}]",SOUZA CRUZ SA
4057,2012,24155,True,content_match,"[{'path': 'data\\raw\\dfp_mgmt_report\\4057\\2012\\relatorio_administracao.pdf', 'original_filename': 'C:\\CVM\\EmpresasNet\\Temp\\files\\00000716530000000000000000.pdf.pdf', 'size_bytes': 524002}]",SOUZA CRUZ SA
4057,2014,44062,True,content_match,"[{'path': 'data\\raw\\dfp_mgmt_report\\4057\\2014\\relatorio_administracao.pdf', 'original_filename': 'C:\\CVM\\EmpresasNet\\Temp\\files\\00003016530000000000000000.pdf.pdf', 'size_bytes': 661695}]",SOUZA CRUZ SA
6173,2010,6500,True,content_match,"[{'path': 'data\\raw\\dfp_mgmt_report\\6173\\2010\\relatorio_administracao.pdf', 'original_filename': 'C:\\Arquivos de programas\\CVM\\EmpresasNet\\Temp\\files\\00000716530000000000000000.doc.pdf', 'size_bytes': 155702}]",TAURUS ARMAS S.A.
6173,2011,15473,True,content_match,"[{'path': 'data\\raw\\dfp_mgmt_report\\6173\\2011\\relatorio_administracao.pdf', 'original_filename': 'C:\\Arquivos de programas\\CVM\\EmpresasNet\\Temp\\files\\00003616530000000000000000.pdf.pdf', 'size_bytes': 441066}]",TAURUS ARMAS S.A.
6173,2012,35813,True,content_match,"[{'path': 'data\\raw\\dfp_mgmt_report\\6173\\2012\\relatorio_administracao.pdf', 'original_filename': 'C:\\CVM\\EmpresasNet\\Temp\\files\\00006716530000000000000000.pdf.pdf', 'size_bytes': 991163}]",TAURUS ARMAS S.A.
6173,2013,35957,True,content_match,"[{'path': 'data\\raw\\dfp_mgmt_report\\6173\\2013\\relatorio_administracao.pdf', 'original_filename': 'C:\\CVM\\EmpresasNet\\Temp\\files\\00009716530000000000000000.pdf.pdf', 'size_bytes': 365112}]",TAURUS ARMAS S.A.
6173,2014,45572,True,content_match,"[{'path': 'data\\raw\\dfp_mgmt_report\\6173\\2014\\relatorio_administracao.pdf', 'original_filename': 'C:\\CVM\\EmpresasNet\\Temp\\files\\00120816530000000000000000.pdf.pdf', 'size_bytes': 1930044}]",TAURUS ARMAS S.A.
6173,2015,54458,True,content_match,"[{'path': 'data\\raw\\dfp_mgmt_report\\6173\\2015\\relatorio_administracao.pdf', 'original_filename': 'C:\\CVM\\EmpresasNet\\Temp\\files\\00122016530000000000000000.pdf.pdf', 'size_bytes': 752586}]",TAURUS ARMAS S.A.
6173,2016,63631,True,content_match,"[{'path': 'data\\raw\\dfp_mgmt_report\\6173\\2016\\relatorio_administracao.pdf', 'original_filename': 'C:\\CVM\\EmpresasNet\\Temp\\files\\00123504190000000000000000.pdf.pdf', 'size_bytes': 64282}]",TAURUS ARMAS S.A.
6173,2017,73090,True,content_match,"[{'path': 'data\\raw\\dfp_mgmt_report\\6173\\2017\\relatorio_administracao.pdf', 'original_filename': 'C:\\CVM\\EmpresasNet\\Temp\\files\\00132216530000000000000000.pdf.pdf', 'size_bytes': 644408}]",TAURUS ARMAS S.A.
6173,2018,81738,True,content_match,"[{'path': 'data\\raw\\dfp_mgmt_report\\6173\\2018\\relatorio_administracao.pdf', 'original_filename': 'C:\\CVM\\EmpresasNetV14000\\Temp\\files\\00123916530000000000000000.pdf.pdf', 'size_bytes': 913291}]",TAURUS ARMAS S.A.
6173,2019,91954,True,content_match,"[{'path': 'data\\raw\\dfp_mgmt_report\\6173\\2019\\relatorio_administracao.pdf', 'original_filename': 'C:\\CVM\\EmpresasNetV16000\\Temp\\files\\00121316530000000000000000.pdf.pdf', 'size_bytes': 991274}]",TAURUS ARMAS S.A.
6173,2020,102069,True,content_match,"[{'path': 'data\\raw\\dfp_mgmt_report\\6173\\2020\\relatorio_administracao.pdf', 'original_filename': 'C:\\CVM\\EmpresasNetV17000\\Temp\\files\\00122316530000000000000000.pdf.pdf', 'size_bytes': 1032055}]",TAURUS ARMAS S.A.
6173,2021,112545,True,filename_match,"[{'path': 'data\\raw\\dfp_mgmt_report\\6173\\2021\\relatorio_administracao.pdf', 'original_filename': 'TASA_Relatorio Administração_2021_V(Final).pdf', 'size_bytes': 899238}]",TAURUS ARMAS S.A.
6173,2022,124417,True,filename_match,"[{'path': 'data\\raw\\dfp_mgmt_report\\6173\\2022\\relatorio_administracao.pdf', 'original_filename': 'TASA_Relatorio Administração_2022_FINAL.pdf', 'size_bytes': 1103198}]",TAURUS ARMAS S.A.
6173,2023,135141,True,filename_match,"[{'path': 'data\\raw\\dfp_mgmt_report\\6173\\2023\\relatorio_administracao.pdf', 'original_filename': 'Relatorio_Administracao_2023_Final.pdf', 'size_bytes': 1866955}]",TAURUS ARMAS S.A.
6173,2024,145759,True,filename_match,"[{'path': 'data\\raw\\dfp_mgmt_report\\6173\\2024\\relatorio_administracao.pdf', 'original_filename': 'TASA_Relatorio_Administracao_2024_V(7).pdf', 'size_bytes': 1369643}]",TAURUS ARMAS S.A.
6173,2025,155647,True,content_match,"[{'path': 'data\\raw\\dfp_mgmt_report\\6173\\2025\\relatorio_administracao.pdf', 'original_filename': 'TASA_Rel Adm_2025_Final.pdf', 'size_bytes': 993240}]",TAURUS ARMAS S.A.
20435,2010,5495,True,content_match,"[{'path': 'data\\raw\\dfp_mgmt_report\\20435\\2010\\relatorio_administracao.pdf', 'original_filename': 'C:\\Program Files\\CVM\\EmpresasNet\\Temp\\files\\00000116530000000000000000.pdf.pdf', 'size_bytes': 594063}]",TECNISA S.A.
20435,2011,15223,True,content_match,"[{'path': 'data\\raw\\dfp_mgmt_report\\20435\\2011\\relatorio_administracao.pdf', 'original_filename': 'C:\\Program Files\\CVM\\EmpresasNet\\Temp\\files\\00001316530000000000000000.pdf.pdf', 'size_bytes': 398447}]",TECNISA S.A.
20435,2012,25191,False,not_found,[],TECNISA S.A.
20435,2013,36490,False,not_found,[],TECNISA S.A.
20435,2014,45154,True,content_match,"[{'path': 'data\\raw\\dfp_mgmt_report\\20435\\2014\\relatorio_administracao.pdf', 'original_filename': 'C:\\\\Temp\\files\\00122116530000000000000000.pdf.pdf', 'size_bytes': 5505259}]",TECNISA S.A.
20435,2015,54299,False,not_found,[],TECNISA S.A.
20435,2016,63495,False,not_found,[],TECNISA S.A.
20435,2017,72541,False,not_found,[],TECNISA S.A.
20435,2018,85030,False,not_found,[],TECNISA S.A.
20435,2019,91651,False,not_found,[],TECNISA S.A.
20435,2021,112947,False,not_found,[],TECNISA S.A.
20435,2022,124519,True,filename_match,"[{'path': 'data\\raw\\dfp_mgmt_report\\20435\\2022\\relatorio_administracao.pdf', 'original_filename': '02. Relatório da Administração - 2022.pdf', 'size_bytes': 886153}]",TECNISA S.A.
20435,2023,135247,True,filename_match,"[{'path': 'data\\raw\\dfp_mgmt_report\\20435\\2023\\relatorio_administracao.pdf', 'original_filename': 'Relatório da Administração 2023.pdf', 'size_bytes': 816077}]",TECNISA S.A.
20435,2024,145816,True,filename_match,"[{'path': 'data\\raw\\dfp_mgmt_report\\20435\\2024\\relatorio_administracao.pdf', 'original_filename': '1. Relatório da Administração 2024.pdf', 'size_bytes': 558228}]",TECNISA S.A.
20435,2025,155728,True,filename_match,"[{'path': 'data\\raw\\dfp_mgmt_report\\20435\\2025\\relatorio_administracao.pdf', 'original_filename': '1. Relatório da Administração 2025.vf.pdf', 'size_bytes': 1034252}]",TECNISA S.A.
25844,2020,100450,True,content_match,"[{'path': 'data\\raw\\dfp_mgmt_report\\25844\\2020\\relatorio_administracao.pdf', 'original_filename': 'C:\\CVM\\EmpresasNetV17000\\Temp\\files\\00131216530000000000000000.pdf.pdf', 'size_bytes': 177882}]",TEGRA INCORPORADORA S.A.
25844,2021,113477,False,not_found,[],TEGRA INCORPORADORA S.A.
25844,2022,124570,False,not_found,[],TEGRA INCORPORADORA S.A.
25844,2023,134749,False,not_found,[],TEGRA INCORPORADORA S.A.
25844,2024,145451,False,not_found,[],TEGRA INCORPORADORA S.A.
25844,2025,155867,False,not_found,[],TEGRA INCORPORADORA S.A.
11320,2010,6057,True,content_match,"[{'path': 'data\\raw\\dfp_mgmt_report\\11320\\2010\\relatorio_administracao.pdf', 'original_filename': 'C:\\Program Files\\CVM\\EmpresasNet\\Temp\\files\\00001016530000000000000000.pdf.pdf', 'size_bytes': 92283}]",TELEMAR NORTE LESTE SA
11320,2011,15829,True,content_match,"[{'path': 'data\\raw\\dfp_mgmt_report\\11320\\2011\\relatorio_administracao.pdf', 'original_filename': 'C:\\Program Files\\CVM\\EmpresasNet\\Temp\\files\\00008116530000000000000000.pdf.pdf', 'size_bytes': 122905}]",TELEMAR NORTE LESTE SA
22136,2011,9905,True,content_match,"[{'path': 'data\\raw\\dfp_mgmt_report\\22136\\2011\\relatorio_administracao.pdf', 'original_filename': 'C:\\EMPRESASNET\\Temp\\files\\00001816530000000000000000.pdf.pdf', 'size_bytes': 168573}]",TEREOS INTERNACIONAL S/A
22136,2012,19215,True,content_match,"[{'path': 'data\\raw\\dfp_mgmt_report\\22136\\2012\\relatorio_administracao.pdf', 'original_filename': 'C:\\\\Temp\\files\\00001516530000000000000000.pdf.pdf', 'size_bytes': 300658}]",TEREOS INTERNACIONAL S/A
22136,2013,29333,True,content_match,"[{'path': 'data\\raw\\dfp_mgmt_report\\22136\\2013\\relatorio_administracao.pdf', 'original_filename': 'C:\\CVM\\EmpresasNet\\Temp\\files\\00001416530000000000000000.pdf.pdf', 'size_bytes': 86721}]",TEREOS INTERNACIONAL S/A
22136,2014,39263,True,content_match,"[{'path': 'data\\raw\\dfp_mgmt_report\\22136\\2014\\relatorio_administracao.pdf', 'original_filename': 'C:\\CVM\\EmpresasNet\\Temp\\files\\00002816530000000000000000.pdf.pdf', 'size_bytes': 78452}]",TEREOS INTERNACIONAL S/A
22136,2015,48480,True,content_match,"[{'path': 'data\\raw\\dfp_mgmt_report\\22136\\2015\\relatorio_administracao.pdf', 'original_filename': 'C:\\CVM\\EmpresasNet\\Temp\\files\\00120016530000000000000000.pdf.pdf', 'size_bytes': 119554}]",TEREOS INTERNACIONAL S/A
22136,2016,57528,True,content_match,"[{'path': 'data\\raw\\dfp_mgmt_report\\22136\\2016\\relatorio_administracao.pdf', 'original_filename': 'C:\\CVM\\EmpresasNet\\Temp\\files\\00124116530000000000000000.pdf.pdf', 'size_bytes': 271108}]",TEREOS INTERNACIONAL S/A
20354,2010,9555,False,not_found,[],TERRA SANTA AGRO S.A.
20354,2011,15711,False,not_found,[],TERRA SANTA AGRO S.A.
20354,2012,25921,False,not_found,[],TERRA SANTA AGRO S.A.
20354,2014,45487,False,not_found,[],TERRA SANTA AGRO S.A.
20354,2015,54377,False,not_found,[],TERRA SANTA AGRO S.A.
20354,2016,63011,False,not_found,[],TERRA SANTA AGRO S.A.
20354,2017,72780,False,not_found,[],TERRA SANTA AGRO S.A.
20354,2018,81417,True,content_match,"[{'path': 'data\\raw\\dfp_mgmt_report\\20354\\2018\\relatorio_administracao.pdf', 'original_filename': 'C:\\CVM\\EmpresasNetV14000\\Temp\\files\\00121316530000000000000000.pdf.pdf', 'size_bytes': 547523}]",TERRA SANTA AGRO S.A.
20354,2019,91506,False,not_found,[],TERRA SANTA AGRO S.A.
20354,2020,100837,False,not_found,[],TERRA SANTA AGRO S.A.
17639,2010,5271,True,content_match,"[{'path': 'data\\raw\\dfp_mgmt_report\\17639\\2010\\relatorio_administracao.pdf', 'original_filename': 'C:\\Program Files\\CVM\\EmpresasNet\\Temp\\files\\00000716530000000000000000.pdf.pdf', 'size_bytes': 707172}]",TIM PARTICIPACOES S.A.
17639,2011,14958,True,content_match,"[{'path': 'data\\raw\\dfp_mgmt_report\\17639\\2011\\relatorio_administracao.pdf', 'original_filename': 'C:\\Program Files\\CVM\\EmpresasNet\\Temp\\files\\00001816530000000000000000.pdf.pdf', 'size_bytes': 1372825}]",TIM PARTICIPACOES S.A.
17639,2012,24104,True,content_match,"[{'path': 'data\\raw\\dfp_mgmt_report\\17639\\2012\\relatorio_administracao.pdf', 'original_filename': 'C:\\Program Files\\CVM\\EmpresasNet\\Temp\\files\\00002216530000000000000000.pdf.pdf', 'size_bytes': 530796}]",TIM PARTICIPACOES S.A.
17639,2013,34545,True,content_match,"[{'path': 'data\\raw\\dfp_mgmt_report\\17639\\2013\\relatorio_administracao.pdf', 'original_filename': 'C:\\CVM\\EmpresasNet\\Temp\\files\\00003616530000000000000000.pdf.pdf', 'size_bytes': 688408}]",TIM PARTICIPACOES S.A.
17639,2014,44085,True,content_match,"[{'path': 'data\\raw\\dfp_mgmt_report\\17639\\2014\\relatorio_administracao.pdf', 'original_filename': 'C:\\CVM\\EmpresasNet\\Temp\\files\\00004216530000000000000000.pdf.pdf', 'size_bytes': 753428}]",TIM PARTICIPACOES S.A.
17639,2015,53230,True,content_match,"[{'path': 'data\\raw\\dfp_mgmt_report\\17639\\2015\\relatorio_administracao.pdf', 'original_filename': 'C:\\CVM\\EmpresasNet\\Temp\\files\\00121016530000000000000000.pdf.pdf', 'size_bytes': 452412}]",TIM PARTICIPACOES S.A.
17639,2016,62286,True,content_match,"[{'path': 'data\\raw\\dfp_mgmt_report\\17639\\2016\\relatorio_administracao.pdf', 'original_filename': 'C:\\CVM\\EmpresasNet\\Temp\\files\\00122016530000000000000000.pdf.pdf', 'size_bytes': 532932}]",TIM PARTICIPACOES S.A.
17639,2017,71348,True,content_match,"[{'path': 'data\\raw\\dfp_mgmt_report\\17639\\2017\\relatorio_administracao.pdf', 'original_filename': 'C:\\CVM\\EmpresasNet\\Temp\\files\\00122516530000000000000000.pdf.pdf', 'size_bytes': 564748}]",TIM PARTICIPACOES S.A.
17639,2018,80759,True,content_match,"[{'path': 'data\\raw\\dfp_mgmt_report\\17639\\2018\\relatorio_administracao.pdf', 'original_filename': 'C:\\CVM\\EmpresasNetV14000\\Temp\\files\\00121616530000000000000000.pdf.pdf', 'size_bytes': 825638}]",TIM PARTICIPACOES S.A.
17639,2019,90896,True,content_match,"[{'path': 'data\\raw\\dfp_mgmt_report\\17639\\2019\\relatorio_administracao.pdf', 'original_filename': 'C:\\CVM\\EmpresasNetV15002\\Temp\\files\\00122316530000000000000000.pdf.pdf', 'size_bytes': 586967}]",TIM PARTICIPACOES S.A.
6343,2011,24259,False,not_found,[],TUPY S.A.
6343,2012,25225,False,not_found,[],TUPY S.A.
6343,2013,35073,False,not_found,[],TUPY S.A.
6343,2014,44314,False,not_found,[],TUPY S.A.
6343,2015,53829,False,not_found,[],TUPY S.A.
6343,2016,63698,False,not_found,[],TUPY S.A.
6343,2017,72211,False,not_found,[],TUPY S.A.
6343,2018,81206,False,not_found,[],TUPY S.A.
6343,2019,91325,False,not_found,[],TUPY S.A.
6343,2020,100661,False,not_found,[],TUPY S.A.
6343,2021,113166,False,not_found,[],TUPY S.A.
6343,2022,124648,False,not_found,[],TUPY S.A.
6343,2023,134909,False,not_found,[],TUPY S.A.
6343,2024,145865,True,filename_match,"[{'path': 'data\\raw\\dfp_mgmt_report\\6343\\2024\\relatorio_administracao.pdf', 'original_filename': '20250327 Relatório Administração DF 2024.pdf', 'size_bytes': 1051835}]",TUPY S.A.
6343,2025,155493,True,filename_match,"[{'path': 'data\\raw\\dfp_mgmt_report\\6343\\2025\\relatorio_administracao.pdf', 'original_filename': '20260319 Relatório Administração - DF (v1.12).pdf', 'size_bytes': 1241615}]",TUPY S.A.
14028,2010,5522,False,not_found,[],VALE FERTILIZANTES S.A.
20028,2010,5375,True,content_match,"[{'path': 'data\\raw\\dfp_mgmt_report\\20028\\2010\\relatorio_administracao.pdf', 'original_filename': 'C:\\Program Files\\CVM\\EmpresasNet\\Temp\\files\\00000316530000000000000000.docx.pdf', 'size_bytes': 111080}]",VALID SOLUÇÕES S.A.
20028,2011,15205,True,content_match,"[{'path': 'data\\raw\\dfp_mgmt_report\\20028\\2011\\relatorio_administracao.pdf', 'original_filename': 'C:\\Program Files\\CVM\\EmpresasNet\\Temp\\files\\00003116530000000000000000.pdf.pdf', 'size_bytes': 119390}]",VALID SOLUÇÕES S.A.
20028,2012,25528,True,content_match,"[{'path': 'data\\raw\\dfp_mgmt_report\\20028\\2012\\relatorio_administracao.pdf', 'original_filename': 'C:\\CVM\\EmpresasNet\\Temp\\files\\00002316530000000000000000.pdf.pdf', 'size_bytes': 202702}]",VALID SOLUÇÕES S.A.
20028,2013,35422,True,content_match,"[{'path': 'data\\raw\\dfp_mgmt_report\\20028\\2013\\relatorio_administracao.pdf', 'original_filename': 'C:\\CVM\\EmpresasNet\\Temp\\files\\00005716530000000000000000.pdf.pdf', 'size_bytes': 121676}]",VALID SOLUÇÕES S.A.
20028,2014,44748,True,content_match,"[{'path': 'data\\raw\\dfp_mgmt_report\\20028\\2014\\relatorio_administracao.pdf', 'original_filename': 'C:\\CVM\\EmpresasNet\\Temp\\files\\00120116530000000000000000.pdf.pdf', 'size_bytes': 202999}]",VALID SOLUÇÕES S.A.
20028,2015,55235,True,content_match,"[{'path': 'data\\raw\\dfp_mgmt_report\\20028\\2015\\relatorio_administracao.pdf', 'original_filename': 'C:\\CVM\\EmpresasNet\\Temp\\files\\00122416530000000000000000.pdf.pdf', 'size_bytes': 208393}]",VALID SOLUÇÕES S.A.
20028,2016,63223,True,content_match,"[{'path': 'data\\raw\\dfp_mgmt_report\\20028\\2016\\relatorio_administracao.pdf', 'original_filename': 'C:\\CVM\\EmpresasNet\\Temp\\files\\00124316530000000000000000.pdf.pdf', 'size_bytes': 260595}]",VALID SOLUÇÕES S.A.
20028,2017,72181,True,content_match,"[{'path': 'data\\raw\\dfp_mgmt_report\\20028\\2017\\relatorio_administracao.pdf', 'original_filename': 'C:\\CVM\\EmpresasNet\\Temp\\files\\00121416530000000000000000.pdf.pdf', 'size_bytes': 184983}]",VALID SOLUÇÕES S.A.
20028,2018,81211,True,content_match,"[{'path': 'data\\raw\\dfp_mgmt_report\\20028\\2018\\relatorio_administracao.pdf', 'original_filename': 'C:\\CVM\\EmpresasNetV14000\\Temp\\files\\00122916530000000000000000.pdf.pdf', 'size_bytes': 25222}]",VALID SOLUÇÕES S.A.
20028,2019,91393,True,content_match,"[{'path': 'data\\raw\\dfp_mgmt_report\\20028\\2019\\relatorio_administracao.pdf', 'original_filename': 'C:\\CVM\\EmpresasNetV16000\\Temp\\files\\00122516530000000000000000.pdf.pdf', 'size_bytes': 83689}]",VALID SOLUÇÕES S.A.
20028,2020,102772,True,content_match,"[{'path': 'data\\raw\\dfp_mgmt_report\\20028\\2020\\relatorio_administracao.pdf', 'original_filename': 'C:\\CVM\\EmpresasNetV17000\\Temp\\files\\00123416530000000000000000.pdf.pdf', 'size_bytes': 91176}]",VALID SOLUÇÕES S.A.
20028,2021,113781,False,not_found,[],VALID SOLUÇÕES S.A.
20028,2022,124198,True,content_match,"[{'path': 'data\\raw\\dfp_mgmt_report\\20028\\2022\\relatorio_administracao.pdf', 'original_filename': 'Valid - DFs 2022 - v2.pdf', 'size_bytes': 1623180}]",VALID SOLUÇÕES S.A.
20028,2023,134491,True,content_match,"[{'path': 'data\\raw\\dfp_mgmt_report\\20028\\2023\\relatorio_administracao.pdf', 'original_filename': 'YE23. Notas explicativas.pdf', 'size_bytes': 832386}]",VALID SOLUÇÕES S.A.
20028,2024,145338,True,content_match,"[{'path': 'data\\raw\\dfp_mgmt_report\\20028\\2024\\relatorio_administracao.pdf', 'original_filename': 'DFs Valid Soluções S.A_4T24_final.pdf', 'size_bytes': 1469027}]",VALID SOLUÇÕES S.A.
20702,2010,5773,True,content_match,"[{'path': 'data\\raw\\dfp_mgmt_report\\20702\\2010\\relatorio_administracao.pdf', 'original_filename': 'C:\\Arquivos de programas\\CVM\\EmpresasNet\\Temp\\files\\00000716530000000000000000.pdf.pdf', 'size_bytes': 32853}]",VIVER INCORPORADORA E CONSTRUTORA S.A.
20702,2011,15850,True,content_match,"[{'path': 'data\\raw\\dfp_mgmt_report\\20702\\2011\\relatorio_administracao.pdf', 'original_filename': 'C:\\Arquivos de programas\\CVM\\EmpresasNet\\Temp\\files\\00000816530000000000000000.pdf.pdf', 'size_bytes': 21908}]",VIVER INCORPORADORA E CONSTRUTORA S.A.
20702,2012,25906,True,content_match,"[{'path': 'data\\raw\\dfp_mgmt_report\\20702\\2012\\relatorio_administracao.pdf', 'original_filename': 'C:\\Arquivos de programas\\CVM\\EmpresasNet\\Temp\\files\\00001916530000000000000000.pdf.pdf', 'size_bytes': 22479}]",VIVER INCORPORADORA E CONSTRUTORA S.A.
20702,2013,35512,True,content_match,"[{'path': 'data\\raw\\dfp_mgmt_report\\20702\\2013\\relatorio_administracao.pdf', 'original_filename': 'C:\\Arquivos de programas\\CVM\\EmpresasNet\\Temp\\files\\00002816530000000000000000.pdf.pdf', 'size_bytes': 22845}]",VIVER INCORPORADORA E CONSTRUTORA S.A.
20702,2014,45696,True,content_match,"[{'path': 'data\\raw\\dfp_mgmt_report\\20702\\2014\\relatorio_administracao.pdf', 'original_filename': 'C:\\Arquivos de programas\\CVM\\EmpresasNet\\Temp\\files\\00122216530000000000000000.docx.pdf', 'size_bytes': 106245}]",VIVER INCORPORADORA E CONSTRUTORA S.A.
20702,2015,54762,True,content_match,"[{'path': 'data\\raw\\dfp_mgmt_report\\20702\\2015\\relatorio_administracao.pdf', 'original_filename': 'C:\\CVM\\EmpresasNet\\Temp\\files\\00121416530000000000000000.pdf.pdf', 'size_bytes': 18042}]",VIVER INCORPORADORA E CONSTRUTORA S.A.
20702,2016,63824,True,content_match,"[{'path': 'data\\raw\\dfp_mgmt_report\\20702\\2016\\relatorio_administracao.pdf', 'original_filename': 'C:\\CVM\\EmpresasNet\\Temp\\files\\00126516530000000000000000.pdf.pdf', 'size_bytes': 26961}]",VIVER INCORPORADORA E CONSTRUTORA S.A.
20702,2017,72849,True,content_match,"[{'path': 'data\\raw\\dfp_mgmt_report\\20702\\2017\\relatorio_administracao.pdf', 'original_filename': 'C:\\CVM\\EmpresasNetV13\\Temp\\files\\00121716530000000000000000.pdf.pdf', 'size_bytes': 20980}]",VIVER INCORPORADORA E CONSTRUTORA S.A.
20702,2018,81624,True,content_match,"[{'path': 'data\\raw\\dfp_mgmt_report\\20702\\2018\\relatorio_administracao.pdf', 'original_filename': 'C:\\CVM\\EmpresasNetV14000\\Temp\\files\\00121716530000000000000000.pdf.pdf', 'size_bytes': 41276}]",VIVER INCORPORADORA E CONSTRUTORA S.A.
20702,2019,92004,True,content_match,"[{'path': 'data\\raw\\dfp_mgmt_report\\20702\\2019\\relatorio_administracao.pdf', 'original_filename': 'C:\\CVM\\EmpresasNetV16000\\Temp\\files\\00121716530000000000000000.pdf.pdf', 'size_bytes': 431922}]",VIVER INCORPORADORA E CONSTRUTORA S.A.
20702,2020,102436,True,content_match,"[{'path': 'data\\raw\\dfp_mgmt_report\\20702\\2020\\relatorio_administracao.pdf', 'original_filename': 'C:\\CVM\\EmpresasNetV17000\\Temp\\files\\00122216530000000000000000.pdf.pdf', 'size_bytes': 610290}]",VIVER INCORPORADORA E CONSTRUTORA S.A.
20702,2021,113271,True,filename_match,"[{'path': 'data\\raw\\dfp_mgmt_report\\20702\\2021\\relatorio_administracao.pdf', 'original_filename': 'Viver_Relatorio_Administracao_2021_v6.pdf', 'size_bytes': 1042272}]",VIVER INCORPORADORA E CONSTRUTORA S.A.
20702,2022,124920,False,not_found,[],VIVER INCORPORADORA E CONSTRUTORA S.A.
20702,2023,135354,False,not_found,[],VIVER INCORPORADORA E CONSTRUTORA S.A.
20702,2024,146202,False,not_found,[],VIVER INCORPORADORA E CONSTRUTORA S.A.
20702,2025,156045,True,filename_match,"[{'path': 'data\\raw\\dfp_mgmt_report\\20702\\2025\\relatorio_administracao.pdf', 'original_filename': 'Relatório Anual da Administração 2025 (Port) VF.pdf', 'size_bytes': 1311358}]",VIVER INCORPORADORA E CONSTRUTORA S.A.
17710,2010,5021,True,content_match,"[{'path': 'data\\raw\\dfp_mgmt_report\\17710\\2010\\relatorio_administracao.pdf', 'original_filename': 'C:\\Arquivos de programas\\CVM\\EmpresasNet\\Temp\\files\\00000216530000000000000000.pdf.pdf', 'size_bytes': 451539}]",VIVO PARTICIPAÇÕES SA
27111,2021,122472,True,filename_match,"[{'path': 'data\\raw\\dfp_mgmt_report\\27111\\2021\\relatorio_administracao.pdf', 'original_filename': 'Relatório da Administração_DFP2021_v4.pdf', 'size_bytes': 92345}]",XP INVESTIMENTOS S.A.
27111,2022,124852,True,filename_match,"[{'path': 'data\\raw\\dfp_mgmt_report\\27111\\2022\\relatorio_administracao.pdf', 'original_filename': 'Relatório da Administração_vf.pdf', 'size_bytes': 139691}]",XP INVESTIMENTOS S.A.
27111,2023,135440,True,filename_match,"[{'path': 'data\\raw\\dfp_mgmt_report\\27111\\2023\\relatorio_administracao.pdf', 'original_filename': 'Relatório da Administração_2023.pdf', 'size_bytes': 131693}]",XP INVESTIMENTOS S.A.
27111,2024,146097,True,content_match,"[{'path': 'data\\raw\\dfp_mgmt_report\\27111\\2024\\relatorio_administracao.pdf', 'original_filename': 'DF XPISA 2024_capa.pdf', 'size_bytes': 117666}]",XP INVESTIMENTOS S.A.
20168,2010,14558,True,content_match,"[{'path': 'data\\raw\\dfp_mgmt_report\\20168\\2010\\relatorio_administracao.pdf', 'original_filename': 'C:\\Arquivos de programas\\CVM\\EmpresasNet\\Temp\\files\\00000916530000000000000000.pdf.pdf', 'size_bytes': 74600}]",ÓLEO E GÁS PARTICIPAÇÕES S.A.
20168,2011,15320,True,content_match,"[{'path': 'data\\raw\\dfp_mgmt_report\\20168\\2011\\relatorio_administracao.pdf', 'original_filename': 'C:\\Arquivos de programas\\CVM\\EmpresasNet\\Temp\\files\\00001216530000000000000000.pdf.pdf', 'size_bytes': 141383}]",ÓLEO E GÁS PARTICIPAÇÕES S.A.
20168,2012,25364,True,content_match,"[{'path': 'data\\raw\\dfp_mgmt_report\\20168\\2012\\relatorio_administracao.pdf', 'original_filename': 'C:\\Arquivos de programas\\CVM\\EmpresasNet\\Temp\\files\\00002816530000000000000000.pdf.pdf', 'size_bytes': 203232}]",ÓLEO E GÁS PARTICIPAÇÕES S.A.
20168,2013,36037,True,content_match,"[{'path': 'data\\raw\\dfp_mgmt_report\\20168\\2013\\relatorio_administracao.pdf', 'original_filename': 'C:\\CVM\\EmpresasNet\\Temp\\files\\00000916530000000000000000.pdf.pdf', 'size_bytes': 3089568}]",ÓLEO E GÁS PARTICIPAÇÕES S.A.
20168,2014,45163,True,content_match,"[{'path': 'data\\raw\\dfp_mgmt_report\\20168\\2014\\relatorio_administracao.pdf', 'original_filename': 'C:\\CVM\\EmpresasNet\\Temp\\files\\00121216530000000000000000.pdf.pdf', 'size_bytes': 561799}]",ÓLEO E GÁS PARTICIPAÇÕES S.A.
20168,2015,54530,True,content_match,"[{'path': 'data\\raw\\dfp_mgmt_report\\20168\\2015\\relatorio_administracao.pdf', 'original_filename': 'C:\\CVM\\EmpresasNet\\Temp\\files\\00125216530000000000000000.pdf.pdf', 'size_bytes': 140148}]",ÓLEO E GÁS PARTICIPAÇÕES S.A.
20168,2016,63306,True,content_match,"[{'path': 'data\\raw\\dfp_mgmt_report\\20168\\2016\\relatorio_administracao.pdf', 'original_filename': 'C:\\CVM\\EmpresasNet\\Temp\\files\\00126216530000000000000000.pdf.pdf', 'size_bytes': 64173}]",ÓLEO E GÁS PARTICIPAÇÕES S.A.
20168,2017,72067,True,content_match,"[{'path': 'data\\raw\\dfp_mgmt_report\\20168\\2017\\relatorio_administracao.pdf', 'original_filename': 'C:\\Program Files (x86)\\CVM\\EmpresasNet\\Temp\\files\\00121416530000000000000000.pdf.pdf', 'size_bytes': 63474}]",ÓLEO E GÁS PARTICIPAÇÕES S.A.
