cd_cvm,year_curr,ticker,window_start,window_end,TextChange,BHAR_raw,BHAR_ajustado
2437,2019,AXIA3,2020-03-27,2021-04-06,0.5939,-0.13781134291256614,-0.13781134291256614
2437,2020,AXIA3,2021-03-19,2022-03-24,0.5888,0.06949277925000685,0.06949277925000685
2437,2021,AXIA3,2022-03-18,2023-03-21,0.06269999999999998,-0.09538890350990137,-0.09538890350990137
2437,2022,AXIA3,2023-03-13,2024-03-18,0.8200000000000001,-0.08580191330556175,-0.08580191330556175
2437,2023,AXIA3,2024-05-14,2025-05-19,0.8033,0.17515675334558534,0.17515675334558534
2437,2024,AXIA3,2025-03-17,2026-03-19,0.3198,0.39399483382251765,0.39399483382251765
2453,2011,CMIG4,2012-03-28,2013-04-09,0.2692,-0.4933423283044074,-0.4933423283044074
2453,2012,CMIG4,2013-04-16,2014-04-22,0.13570000000000004,0.05176296982892348,0.05176296982892348
2453,2013,CMIG4,2014-04-04,2015-04-13,0.35319999999999996,-0.09423266227755578,-0.09423266227755578
2453,2014,CMIG4,2015-03-27,2016-04-07,0.16859999999999997,-0.3782775862033513,-0.3782775862033513
2453,2015,CMIG4,2016-11-14,2017-11-21,0.10860000000000003,-0.3185660421174312,-0.3185660421174312
2453,2016,CMIG4,2017-04-11,2018-04-20,0.049900000000000055,-0.36219742701373103,-0.36219742701373103
2453,2017,CMIG4,2018-03-29,2019-04-09,0.13070000000000004,1.3157113341912727,1.3157113341912727
2453,2018,CMIG4,2019-04-01,2020-04-03,0.3849,-0.3373674047505201,-0.3373674047505201
2453,2019,CMIG4,2020-04-01,2021-04-09,0.07599999999999996,0.04852025496422363,0.04852025496422363
2453,2020,CMIG4,2021-03-30,2022-04-04,0.05669999999999997,0.3868497627593859,0.3868497627593859
2453,2021,CMIG4,2022-03-29,2023-03-30,0.10880000000000001,-0.1049992626695524,-0.1049992626695524
2453,2022,CMIG4,2023-03-27,2024-04-02,0.19889999999999997,-0.35769713298169725,-0.35769713298169725
2453,2023,CMIG4,2024-03-21,2025-03-25,0.501,0.34254670035242807,0.34254670035242807
2453,2024,CMIG4,2025-03-21,2026-03-25,0.5852999999999999,-0.3418857606494887,-0.3418857606494887
2461,2012,CLSC4,2013-04-24,2014-04-30,0.45199999999999996,0.30207849619313865,0.30207849619313865
2461,2013,CLSC4,2014-03-28,2015-04-06,0.9385,0.4733791658062707,0.4733791658062707
2461,2014,CLSC4,2015-03-27,2016-04-07,0.0,-0.10746697945960204,-0.10746697945960204
2461,2015,CLSC4,2016-03-29,2017-03-30,0.0,-0.18167194127727837,-0.18167194127727837
2461,2016,CLSC4,2017-04-11,2018-04-27,0.9084,0.07189260184082191,0.07189260184082191
2461,2017,CLSC4,2018-04-16,2019-05-10,0.4444,0.3355201732340576,0.3355201732340576
2461,2018,CLSC4,2019-04-18,2020-05-05,0.9634,-0.4345010013267663,-0.4345010013267663
2461,2019,CLSC4,2020-03-27,2021-04-08,0.0,-0.010744484613589678,-0.010744484613589678
2461,2020,CLSC4,2021-03-12,2022-03-17,0.9238,0.3035705256425705,0.3035705256425705
2461,2021,CLSC4,2022-03-11,2023-03-14,0.09660000000000002,-0.43451670048341584,-0.43451670048341584
2461,2022,CLSC4,2023-03-29,2024-04-04,0.41080000000000005,0.2664692722339592,0.2664692722339592
2461,2023,CLSC4,2024-03-28,2025-04-01,0.37460000000000004,-0.13961079683015987,-0.13961079683015987
2577,2011,CESP6,2012-03-22,2013-04-03,0.06440000000000001,-0.5382742504087131,-0.5382742504087131
2577,2012,CESP6,2013-03-22,2014-03-27,0.018299999999999983,0.7124023708283036,0.7124023708283036
2577,2013,CESP6,2014-03-21,2015-03-27,0.045499999999999985,-0.2617413611331215,-0.2617413611331215
2577,2014,CESP6,2015-03-27,2016-04-07,0.9259,-0.215534514403531,-0.215534514403531
2577,2015,CESP6,2016-03-24,2017-03-28,0.08130000000000004,0.0010653186431344164,0.0010653186431344164
2577,2016,CESP6,2017-03-24,2018-04-04,0.9844,-0.22777257928560535,-0.22777257928560535
2577,2017,CESP6,2018-03-21,2019-04-01,0.7897000000000001,0.889086751058773,0.889086751058773
2577,2018,CESP6,2019-03-22,2020-03-26,0.0,-0.2636370972517328,-0.2636370972517328
2577,2019,CESP6,2020-02-17,2021-02-25,0.9506,-0.3779262533416403,-0.3779262533416403
3980,2011,GGBR4,2012-02-16,2013-02-28,0.498,0.1909132377363707,0.1909132377363707
3980,2012,GGBR4,2013-02-21,2014-02-24,0.02529999999999999,0.06937103993949889,0.06937103993949889
3980,2013,GGBR4,2014-02-21,2015-03-03,0.15959999999999996,-0.3865285048169047,-0.3865285048169047
3980,2014,GGBR4,2015-03-05,2016-03-15,0.07609999999999995,-0.3011878478772202,-0.3011878478772202
3980,2015,GGBR4,2016-03-15,2017-03-17,0.29510000000000003,2.5029949136411105,2.5029949136411105
3980,2016,GGBR4,2017-02-22,2018-03-06,0.0827,-0.24398178203656595,-0.24398178203656595
3980,2017,GGBR4,2018-02-28,2019-03-11,0.1734,-0.41042887804540307,-0.41042887804540307
3980,2018,GGBR4,2019-02-21,2020-02-28,0.1069,0.04667812185369713,0.04667812185369713
3980,2019,GGBR4,2020-02-19,2021-03-01,0.22719999999999996,0.44314424936822183,0.44314424936822183
3980,2022,GGBR4,2023-03-01,2024-03-06,0.21650000000000003,-0.5495607537104499,-0.5495607537104499
3980,2023,GGBR4,2024-02-20,2025-02-19,0.2096,0.5103643762038681,0.5103643762038681
3980,2024,GGBR4,2025-02-24,2026-03-02,0.28500000000000003,0.011513616406151117,0.011513616406151117
4030,2011,CSNA3,2012-03-26,2013-04-05,0.23050000000000004,-0.3083917976355244,-0.3083917976355244
4030,2012,CSNA3,2013-03-28,2014-04-02,0.21189999999999998,0.42113485094932224,0.42113485094932224
4030,2013,CSNA3,2014-02-28,2015-03-10,0.2823,-0.5578566229569057,-0.5578566229569057
4030,2014,CSNA3,2015-03-12,2016-03-22,0.12519999999999998,1.548879029254627,1.548879029254627
4030,2015,CSNA3,2016-11-14,2017-11-21,0.47919999999999996,-0.5838452410391297,-0.5838452410391297
4030,2016,CSNA3,2017-10-30,2018-11-08,0.2178,-0.36615657391460443,-0.36615657391460443
4030,2017,CSNA3,2018-04-06,2019-04-16,0.3637,0.8961687881650968,0.8961687881650968
4030,2018,CSNA3,2019-02-20,2020-02-27,0.2679,0.07613745200982791,0.07613745200982791
4030,2019,CSNA3,2020-03-04,2021-03-11,0.2751,2.577852339249685,2.577852339249685
4030,2020,CSNA3,2021-02-22,2022-02-23,0.22629999999999995,-0.8168100296629746,-0.8168100296629746
4030,2021,CSNA3,2022-03-09,2023-03-10,0.19379999999999997,-0.3361036044853829,-0.3361036044853829
4030,2022,CSNA3,2023-03-16,2024-03-21,0.34040000000000004,-0.14748877165053031,-0.14748877165053031
4030,2023,CSNA3,2024-03-06,2025-03-10,0.013900000000000023,-0.3432860898395502,-0.3432860898395502
4030,2024,CSNA3,2025-03-12,2026-03-16,0.10699999999999998,-0.21258459142558372,-0.21258459142558372
4057,2011,CRUZ3,2012-02-13,2013-02-25,0.7527,-0.03743631369698541,-0.03743631369698541
4057,2012,CRUZ3,2013-02-07,2014-02-12,0.8333,-0.4896632787244626,-0.4896632787244626
4170,2011,VALE3,2012-06-28,2013-07-10,0.5049,-0.2063799710486922,-0.2063799710486922
4170,2012,VALE3,2013-03-14,2014-03-19,0.20189999999999997,0.11828421714772253,0.11828421714772253
4170,2013,VALE3,2014-03-17,2015-03-23,0.25670000000000004,-0.43459712965490116,-0.43459712965490116
4170,2014,VALE3,2015-02-26,2016-03-08,0.23329999999999995,-0.15155715564549677,-0.15155715564549677
4170,2015,VALE3,2016-02-25,2017-02-24,0.3466,0.3972523949452773,0.3972523949452773
4170,2016,VALE3,2017-02-23,2018-03-07,0.17720000000000002,-0.33746857460449964,-0.33746857460449964
4170,2017,VALE3,2018-02-27,2019-03-08,0.06979999999999997,-0.3761128331830831,-0.3761128331830831
4170,2018,VALE3,2019-04-18,2020-04-24,0.25429999999999997,-0.3151026798176919,-0.3151026798176919
4170,2019,VALE3,2020-03-02,2021-03-09,0.28380000000000005,1.3427935585485256,1.3427935585485256
4170,2020,VALE3,2021-02-25,2022-03-02,0.2734,-0.44592874734254506,-0.44592874734254506
4170,2021,VALE3,2022-02-24,2023-03-01,0.08079999999999998,-0.020345966790348724,-0.020345966790348724
4170,2022,VALE3,2023-02-16,2024-02-26,0.5579000000000001,-0.41179339204021126,-0.41179339204021126
4170,2023,VALE3,2024-02-22,2025-02-21,0.9623,0.34809543841539603,0.34809543841539603
4170,2024,VALE3,2025-03-17,2026-03-19,0.0,0.23515952200252888,0.23515952200252888
4820,2018,BRKM5,2019-03-13,2020-03-17,0.2681,-0.7290088975230367,-0.7290088975230367
4820,2024,BRKM5,2025-02-27,2026-03-05,0.32189999999999996,-0.0708519094731449,-0.0708519094731449
5258,2012,RADL3,2013-03-27,2014-04-01,0.3368,-0.19797062218490646,-0.19797062218490646
5258,2013,RADL3,2014-03-17,2015-03-23,0.04359999999999997,0.8274756762307396,0.8274756762307396
5258,2016,RADL3,2017-02-16,2018-02-28,0.08330000000000004,-0.22896962895360007,-0.22896962895360007
5258,2020,RADL3,2021-03-09,2022-03-14,0.405,0.07009801401989524,0.07009801401989524
5258,2021,RADL3,2022-02-22,2023-02-27,0.7709,-0.04015480637864677,-0.04015480637864677
5258,2022,RADL3,2023-03-07,2024-03-12,0.0,0.03454537261424573,0.03454537261424573
5258,2023,RADL3,2024-03-05,2025-03-07,0.894,-0.3458727986131651,-0.3458727986131651
5258,2024,RADL3,2025-03-20,2026-03-24,0.8818,0.28282342851065145,0.28282342851065145
5410,2012,WEGE3,2013-02-27,2014-02-28,0.05159999999999998,0.017163668946886368,0.017163668946886368
5410,2013,WEGE3,2014-02-26,2015-03-06,0.051000000000000045,-0.12587471777784176,-0.12587471777784176
5410,2014,WEGE3,2015-02-25,2016-03-07,0.235,-0.32572192866616445,-0.32572192866616445
5410,2015,WEGE3,2016-02-24,2017-02-23,0.07889999999999997,0.03808799265806129,0.03808799265806129
5410,2016,WEGE3,2017-02-22,2018-03-06,0.010499999999999954,0.05067197997517914,0.05067197997517914
5410,2017,WEGE3,2018-02-28,2019-03-11,0.015800000000000036,-0.24772029254231454,-0.24772029254231454
5410,2018,WEGE3,2019-04-10,2020-04-15,0.019000000000000017,0.8353050153503148,0.8353050153503148
5410,2019,WEGE3,2020-02-19,2021-03-01,0.02639999999999998,-0.01918317557209326,-0.01918317557209326
5410,2020,WEGE3,2021-02-24,2022-02-25,0.03420000000000001,-0.5769692348375959,-0.5769692348375959
5410,2021,WEGE3,2022-02-16,2023-02-17,0.12070000000000003,0.4688487414733786,0.4688487414733786
5410,2022,WEGE3,2023-02-15,2024-02-23,0.11319999999999997,-0.3728824038310824,-0.3728824038310824
5410,2023,WEGE3,2024-02-21,2025-02-20,0.02849999999999997,0.640153900100634,0.640153900100634
5410,2024,WEGE3,2025-02-26,2026-03-04,0.10370000000000001,-0.5215271920820864,-0.5215271920820864
6173,2011,TASA4,2012-03-27,2013-04-08,0.14449999999999996,0.5928703030789662,0.5928703030789662
6173,2012,TASA4,2014-03-28,2015-04-06,0.14290000000000003,-0.6987235354437611,-0.6987235354437611
6173,2013,TASA4,2014-03-31,2015-04-07,0.16490000000000005,-0.7143776895526581,-0.7143776895526581
6173,2014,TASA4,2015-03-30,2016-04-12,0.2359,0.654849134092301,0.654849134092301
6173,2015,TASA4,2016-03-24,2017-03-29,0.027200000000000002,0.8496559304376354,0.8496559304376354
6173,2016,TASA4,2017-03-27,2018-04-05,0.24139999999999995,-0.00941118253115758,-0.00941118253115758
6173,2017,TASA4,2018-04-04,2019-04-12,0.18410000000000004,0.14603025050852247,0.14603025050852247
6173,2018,TASA4,2019-03-29,2020-04-02,0.4565,-0.5962942661354158,-0.5962942661354158
6173,2019,TASA4,2020-03-30,2021-04-07,0.2935,1.883566656335304,1.883566656335304
6173,2020,TASA4,2021-03-19,2022-03-24,0.08630000000000004,-0.8951033784052587,-0.8632248446210138
6173,2021,TASA4,2022-03-15,2023-03-16,0.1583,-0.44046213443724236,-0.44046213443724236
6173,2022,TASA4,2023-03-21,2024-03-26,0.08189999999999997,0.1844908685831017,0.1844908685831017
6173,2023,TASA4,2024-03-26,2025-03-28,0.21999999999999997,-0.3552477974684527,-0.3552477974684527
6343,2012,TUPY3,2013-03-25,2014-03-31,0.09489999999999998,-0.6593459957868657,-0.6593459957868657
6343,2013,TUPY3,2014-03-10,2015-03-16,0.26249999999999996,0.17191950528865463,0.17191950528865463
6343,2014,TUPY3,2015-02-26,2016-03-08,0.20279999999999998,0.1438401124445099,0.1438401124445099
6343,2015,TUPY3,2016-03-03,2017-03-07,0.10360000000000003,-0.5017267280397923,-0.5017267280397923
6343,2016,TUPY3,2017-03-28,2018-04-06,0.08289999999999997,0.3428840580489152,0.3428840580489152
6343,2017,TUPY3,2018-03-13,2019-03-22,0.04169999999999996,-0.20373840188538983,-0.20373840188538983
6343,2018,TUPY3,2019-03-14,2020-03-18,0.06910000000000005,-0.3597444092221378,-0.3597444092221378
6343,2019,TUPY3,2020-03-03,2021-03-10,0.21840000000000004,-0.15884043181042906,-0.15884043181042906
6343,2020,TUPY3,2021-03-04,2022-03-09,0.11819999999999997,-0.4221493235725813,-0.4221493235725813
6343,2021,TUPY3,2022-03-29,2023-03-30,0.12839999999999996,0.6526945723067583,0.6526945723067583
6343,2022,TUPY3,2023-03-27,2024-04-02,0.1694,-0.38684416300143,-0.38684416300143
6505,2011,BHIA3,2012-02-17,2015-06-17,0.5005999999999999,-0.28409107097239783,-0.28409107097239783
6505,2012,BHIA3,2013-02-26,2015-12-23,0.8549,-0.7644101391757856,-0.7644101391757856
6505,2013,BHIA3,2014-02-13,2016-05-30,0.6417999999999999,-0.709932304327108,-0.709932304327108
6505,2014,BHIA3,2015-02-18,2016-10-10,0.8562,-0.9347349674977973,-0.8632248446210138
6505,2015,BHIA3,2016-07-27,2017-08-09,0.8328,-0.13265548023457097,-0.13265548023457097
6505,2016,BHIA3,2017-02-23,2018-03-08,0.16500000000000004,-0.398855598985535,-0.398855598985535
6505,2017,BHIA3,2018-02-19,2019-02-26,0.09870000000000001,-0.6990401117813092,-0.6990401117813092
6505,2018,BHIA3,2019-02-20,2020-02-27,0.18579999999999997,2.963789246741379,2.733076859071417
6505,2019,BHIA3,2020-03-26,2021-04-05,0.22099999999999997,-0.5879437114214066,-0.5879437114214066
6505,2020,BHIA3,2021-03-02,2022-03-07,0.16349999999999998,-0.7915237671520673,-0.7915237671520673
6505,2021,BHIA3,2022-03-09,2023-03-10,0.7372000000000001,1.262915631887759,1.262915631887759
6505,2022,BHIA3,2023-03-09,2024-03-14,0.0,-0.8253485652090224,-0.8253485652090224
6505,2023,BHIA3,2024-03-25,2025-03-27,0.6867,13.227724825960454,2.733076859071417
6505,2024,BHIA3,2025-03-12,2026-03-16,0.46430000000000005,-0.6930989786660956,-0.6930989786660956
7870,2014,KEPL3,2015-03-20,2016-03-31,0.41969999999999996,-0.43429969049295636,-0.43429969049295636
7870,2015,KEPL3,2016-03-18,2017-03-22,0.6414,0.7041488729724104,0.7041488729724104
7870,2016,KEPL3,2017-03-17,2018-03-27,0.005800000000000027,-0.6771766737759368,-0.6771766737759368
7870,2017,KEPL3,2018-03-23,2019-04-03,0.6583,1.586652804668745,1.586652804668745
7870,2018,KEPL3,2019-03-20,2020-03-24,0.00029999999999996696,0.18590064033679865,0.18590064033679865
7870,2019,KEPL3,2021-03-12,2022-03-17,0.8766,-0.17217831249310966,-0.17217831249310966
7870,2020,KEPL3,2021-02-24,2022-02-25,0.05620000000000003,-0.28043711272707217,-0.28043711272707217
7870,2021,KEPL3,2022-02-16,2023-02-17,0.31599999999999995,0.39977310682700185,0.39977310682700185
7870,2022,KEPL3,2023-02-15,2024-02-23,0.6819,-0.4558076032964721,-0.4558076032964721
8133,2011,LREN3,2012-02-08,2013-02-20,0.9257,-0.009630585441210648,-0.009630585441210648
8133,2012,LREN3,2013-02-26,2014-02-27,0.4445,-0.2889675915072807,-0.2889675915072807
8133,2013,LREN3,2014-02-20,2015-03-02,0.4013,0.7685688511432445,0.7685688511432445
8133,2014,LREN3,2015-02-12,2016-02-25,0.013299999999999979,0.10811880869629498,0.10811880869629498
8133,2015,LREN3,2016-02-04,2017-02-07,0.9082,-0.2535264432055432,-0.2535264432055432
8133,2016,LREN3,2017-02-09,2018-02-21,0.89,0.122630508902283,0.122630508902283
8133,2017,LREN3,2018-02-08,2019-02-19,0.8873,0.1096092586448223,0.1096092586448223
8133,2018,LREN3,2019-02-07,2020-02-12,0.3335,0.06483368786102228,0.06483368786102228
8133,2021,LREN3,2022-03-17,2023-03-20,0.8548,0.37329119910129016,0.37329119910129016
8133,2022,LREN3,2023-02-16,2024-02-26,0.8764,-0.25649511458635244,-0.25649511458635244
8133,2023,LREN3,2024-03-14,2025-03-18,0.943,0.0886714439750691,0.0886714439750691
8133,2024,LREN3,2025-02-20,2026-02-26,0.9715,-0.545414889785704,-0.545414889785704
8451,2011,POMO4,2012-02-28,2013-03-08,0.03190000000000004,0.06619875431234612,0.06619875431234612
8451,2012,POMO4,2013-02-21,2014-02-24,0.06040000000000001,-0.35740004906124045,-0.35740004906124045
8451,2013,POMO4,2014-02-25,2015-03-05,0.15990000000000004,-0.4430896167312838,-0.4430896167312838
8451,2014,POMO4,2015-02-24,2016-03-04,0.05900000000000005,1.4628595458620985,1.4628595458620985
8451,2015,POMO4,2016-02-23,2017-02-22,0.06020000000000003,-0.021650085921380624,-0.021650085921380624
8451,2016,POMO4,2017-02-23,2018-03-07,0.056599999999999984,0.2516010336362342,0.2516010336362342
8451,2017,POMO4,2018-02-22,2019-03-01,0.0776,-0.03451536530819699,-0.03451536530819699
8451,2018,POMO4,2019-02-26,2020-03-04,0.045399999999999996,0.0050940227555582585,0.0050940227555582585
8451,2019,POMO4,2020-02-27,2021-03-05,0.11650000000000005,-0.5312574599297782,-0.5312574599297782
8451,2020,POMO4,2021-02-25,2022-03-02,0.11360000000000003,0.48554609567016715,0.48554609567016715
8451,2021,POMO4,2022-02-25,2023-03-02,0.024499999999999966,0.20469846262431624,0.20469846262431624
8451,2022,POMO4,2023-02-28,2024-03-05,0.0016000000000000458,0.9204540821066522,0.9204540821066522
8451,2023,POMO4,2024-02-27,2025-02-26,0.00990000000000002,-0.5115518350052801,-0.5115518350052801
8451,2024,POMO4,2025-02-25,2026-03-03,0.026900000000000035,-0.5936954780029986,-0.5936954780029986
8575,2011,LEVE3,2012-03-12,2013-03-21,0.2025,0.2754879008705178,0.2754879008705178
8575,2012,LEVE3,2013-03-11,2014-03-14,0.0464,-0.4939050263306479,-0.4939050263306479
8575,2013,LEVE3,2014-03-14,2015-03-20,0.05020000000000002,-0.13478426094932516,-0.13478426094932516
8575,2014,LEVE3,2015-03-16,2016-03-24,0.1392,0.19806641233499,0.19806641233499
8575,2015,LEVE3,2016-03-18,2017-03-22,0.08560000000000001,-0.4075329972625301,-0.4075329972625301
8575,2016,LEVE3,2017-03-20,2018-03-28,0.10819999999999996,0.13906771427524123,0.13906771427524123
8575,2017,LEVE3,2018-03-19,2019-03-28,0.9763,0.13380260460965654,0.13380260460965654
8575,2020,LEVE3,2021-03-15,2022-03-18,0.07350000000000001,1.038399831608725,1.038399831608725
8575,2021,LEVE3,2022-03-28,2023-03-29,0.07479999999999998,0.04666358564608819,0.04666358564608819
8575,2022,LEVE3,2023-03-20,2024-03-25,0.05010000000000003,-0.16905370094292516,-0.16905370094292516
8575,2023,LEVE3,2024-03-11,2025-03-13,0.271,-0.2945490842178975,-0.2945490842178975
8656,2011,GOAU4,2012-02-16,2013-02-28,0.5242,0.155552947303077,0.155552947303077
8656,2012,GOAU4,2013-02-21,2014-02-24,0.017900000000000027,0.038752647796763906,0.038752647796763906
8656,2013,GOAU4,2014-02-21,2015-03-03,0.16259999999999997,-0.46376276769724933,-0.46376276769724933
8656,2014,GOAU4,2015-03-11,2016-03-21,0.08699999999999997,-0.7430191187268903,-0.7430191187268903
8656,2015,GOAU4,2016-03-15,2017-03-17,0.22699999999999998,6.781955347583263,2.733076859071417
8656,2016,GOAU4,2017-02-22,2018-03-06,0.12419999999999998,-0.25839340525276855,-0.25839340525276855
8656,2017,GOAU4,2018-02-28,2019-03-11,0.09509999999999996,-0.42880025919479203,-0.42880025919479203
8656,2018,GOAU4,2019-02-21,2020-02-28,0.0786,0.060189287449356366,0.060189287449356366
8656,2019,GOAU4,2020-02-19,2021-03-01,0.15880000000000005,0.4691301231982159,0.4691301231982159
8656,2023,GOAU4,2024-02-20,2025-02-19,0.18230000000000002,0.4706958849015259,0.4706958849015259
8656,2024,GOAU4,2025-02-24,2026-03-02,0.2935,0.07935298945937519,0.07935298945937519
8672,2022,IGTI11,2023-02-28,2024-03-05,0.0031999999999999806,-0.14341532186140094,-0.14341532186140094
8672,2023,IGTI11,2024-02-20,2025-02-19,0.25570000000000004,-0.21091471052129018,-0.21091471052129018
8672,2024,IGTI11,2025-02-18,2026-02-24,0.09050000000000002,0.047995874140427164,0.047995874140427164
9393,2011,PMAM3,2012-03-27,2013-04-08,0.7155,1.4451638667115203,1.4451638667115203
9393,2012,PMAM3,2013-02-28,2014-03-05,0.9472,-0.38023384908029356,-0.38023384908029356
9393,2013,PMAM3,2014-02-26,2015-03-06,0.32410000000000005,-0.04253673307806083,-0.04253673307806083
9393,2016,PMAM3,2017-03-30,2018-04-10,0.2217,0.3403874002560452,0.3403874002560452
9393,2017,PMAM3,2018-02-07,2019-02-18,0.6067,0.03190365731492295,0.03190365731492295
9393,2018,PMAM3,2019-02-13,2020-02-18,0.060899999999999954,-0.18014841668211035,-0.18014841668211035
9393,2019,PMAM3,2020-03-16,2021-03-23,0.07850000000000001,0.05946465993747352,0.05946465993747352
9393,2020,PMAM3,2021-03-04,2022-03-09,0.07569999999999999,0.1479643615237305,0.1479643615237305
9393,2021,PMAM3,2022-03-17,2023-03-20,0.17989999999999995,-0.36364314447166024,-0.36364314447166024
9393,2022,PMAM3,2023-03-17,2024-03-22,0.06579999999999997,-0.3280115902548395,-0.3280115902548395
9393,2023,PMAM3,2024-03-15,2025-03-19,0.04859999999999998,-0.4903479551941098,-0.4903479551941098
9512,2011,PETR3,2012-02-14,2013-02-26,0.614,-0.31977497269253297,-0.31977497269253297
9512,2012,PETR3,2013-02-04,2014-02-07,0.05930000000000002,0.39622369098265353,0.39622369098265353
9989,2014,RPMG3,2017-03-01,2018-03-20,0.0,-0.6976168744444182,-0.6976168744444182
9989,2015,RPMG3,2017-08-18,2018-09-26,0.8658,-0.8389460290743983,-0.8389460290743983
9989,2016,RPMG3,2017-04-24,2018-05-17,0.38570000000000004,-0.7614533355588468,-0.7614533355588468
9989,2017,RPMG3,2018-09-17,2019-10-01,0.44489999999999996,0.6740161896568679,0.6740161896568679
9989,2019,RPMG3,2020-05-29,2021-06-07,0.9949,-0.6852261654354086,-0.6852261654354086
10456,2012,ALPA4,2014-08-08,2015-08-13,0.1422,0.22002837537648046,0.22002837537648046
10456,2013,ALPA4,2014-08-08,2015-08-13,0.12680000000000002,0.22002837537648046,0.22002837537648046
10456,2014,ALPA4,2015-03-11,2016-03-21,0.05830000000000002,-0.0369143778169444,-0.0369143778169444
10456,2015,ALPA4,2016-03-04,2017-03-08,0.1856,-0.14757226587697303,-0.14757226587697303
10456,2016,ALPA4,2017-03-22,2018-04-02,0.23729999999999996,-0.13438428729100504,-0.13438428729100504
10456,2017,ALPA4,2018-02-09,2019-02-20,0.08279999999999998,0.29574394982060714,0.29574394982060714
10456,2019,ALPA4,2020-02-07,2021-02-17,0.17969999999999997,-0.40452092605849055,-0.40452092605849055
10456,2024,ALPA4,2025-03-11,2026-03-13,0.9046,0.432781121077253,0.432781121077253
11312,2011,OIBR3,2012-04-03,2013-04-15,0.0,-0.1632056666263464,-0.1632056666263464
11312,2012,OIBR3,2013-04-30,2014-05-07,0.0,-0.30687392922714174,-0.30687392922714174
11312,2013,OIBR3,2014-02-19,2015-02-27,0.0,-0.5826624783563641,-0.5826624783563641
11312,2014,OIBR3,2015-03-27,2016-04-07,0.0,-0.4293754766182769,-0.4293754766182769
11312,2015,OIBR3,2016-03-24,2017-03-28,0.0,16.267976050064,2.733076859071417
11312,2016,OIBR3,2017-03-22,2018-04-02,0.1513,-0.7287256743024074,-0.7287256743024074
11312,2017,OIBR3,2018-04-12,2019-04-23,0.8123,-0.3627328123945365,-0.3627328123945365
11312,2018,OIBR3,2019-03-26,2020-03-30,0.5595,-0.31433846111122654,-0.31433846111122654
11312,2019,OIBR3,2020-03-25,2021-04-01,0.888,3.057593497062535,2.733076859071417
11312,2020,OIBR3,2021-05-10,2022-05-13,0.3237,-0.8024114717248052,-0.8024114717248052
11312,2021,OIBR3,2022-05-05,2023-05-09,0.0,-0.7429914158609928,-0.7429914158609928
11312,2022,OIBR3,2023-05-22,2024-05-24,0.3224,1.0131509536883767,1.0131509536883767
11312,2023,OIBR3,2024-03-27,2025-03-31,0.06989999999999996,-0.8263966298984218,-0.8263966298984218
11312,2024,OIBR3,2025-03-26,2026-04-02,0.039000000000000035,-0.7417896952263237,-0.7417896952263237
11932,2011,MYPK3,2012-02-27,2013-03-07,0.035800000000000054,-0.45716108206223793,-0.45716108206223793
11932,2012,MYPK3,2013-02-28,2014-03-05,0.1905,0.641219749303809,0.641219749303809
11932,2013,MYPK3,2014-04-11,2015-04-20,0.34940000000000004,-0.3089096414002974,-0.3089096414002974
11932,2014,MYPK3,2015-02-25,2016-03-07,0.1774,0.8147896490490487,0.8147896490490487
11932,2015,MYPK3,2016-02-25,2017-02-24,0.28580000000000005,-0.464538166992173,-0.464538166992173
11932,2016,MYPK3,2017-03-27,2018-04-05,0.11360000000000003,0.6167310264919701,0.6167310264919701
11932,2017,MYPK3,2018-02-20,2019-02-27,0.09709999999999996,-0.2995985293661607,-0.2995985293661607
11932,2018,MYPK3,2019-03-11,2020-03-13,0.09430000000000005,-0.40597677592748294,-0.40597677592748294
11932,2019,MYPK3,2020-03-05,2021-03-12,0.14100000000000001,-0.06437502560024733,-0.06437502560024733
11932,2020,MYPK3,2021-03-03,2022-03-08,0.21789999999999998,0.1800698553643867,0.1800698553643867
11932,2021,MYPK3,2022-03-09,2023-03-10,0.19679999999999997,0.029437931451003374,0.029437931451003374
11932,2022,MYPK3,2023-03-20,2024-03-25,0.14580000000000004,0.006770665253102992,0.006770665253102992
11932,2023,MYPK3,2024-03-06,2025-03-10,0.06630000000000003,0.12205086979275781,0.12205086979275781
12653,2014,KLBN11,2015-02-11,2016-02-24,0.25680000000000003,0.07788977076596537,0.07788977076596537
12653,2015,KLBN11,2016-02-03,2017-02-06,0.08540000000000003,-0.601979971743741,-0.601979971743741
12653,2016,KLBN11,2017-02-09,2018-02-21,0.09650000000000003,0.6638748711792226,0.6638748711792226
12653,2022,KLBN11,2023-02-08,2024-02-16,0.18710000000000004,0.3313742715775114,0.3313742715775114
12653,2023,KLBN11,2024-02-07,2025-02-10,0.5224,-0.05355868201221814,-0.05355868201221814
12653,2024,KLBN11,2025-02-26,2026-03-04,0.17320000000000002,-0.24828958799499246,-0.24828958799499246
13471,2011,PLAS3,2012-03-06,2013-03-15,0.7066,-0.6929181266753213,-0.6929181266753213
13471,2012,PLAS3,2013-03-08,2014-03-14,0.36829999999999996,2.80953072704329,2.733076859071417
13471,2013,PLAS3,2014-03-31,2015-04-17,0.09419999999999995,-0.6066364447139918,-0.6066364447139918
13471,2014,PLAS3,2015-02-06,2016-03-07,0.4989,-0.8015021831460639,-0.8015021831460639
13471,2015,PLAS3,2016-03-29,2017-08-30,0.4729,2.0489655476554223,2.0489655476554223
13471,2016,PLAS3,2017-03-09,2018-12-13,0.28990000000000005,-0.043663120143084044,-0.043663120143084044
13471,2017,PLAS3,2018-02-07,2019-08-01,0.2289,-0.5441237286195717,-0.5441237286195717
13471,2018,PLAS3,2019-03-28,2020-04-22,0.6087,-0.8444737582213485,-0.8444737582213485
13471,2019,PLAS3,2020-03-04,2021-04-14,0.3487,1.6975865655486806,1.6975865655486806
13471,2020,PLAS3,2021-03-04,2022-07-26,0.04720000000000002,1.1217188857454081,1.1217188857454081
13471,2021,PLAS3,2022-03-18,2024-03-15,0.30689999999999995,-0.7622769545291954,-0.7622769545291954
13471,2022,PLAS3,2023-03-16,2025-02-24,0.1674,-0.12643390509087682,-0.12643390509087682
13986,2018,SUZB3,2019-02-21,2020-02-28,0.3275,-0.7333612331060935,-0.7333612331060935
13986,2019,SUZB3,2020-02-12,2021-02-22,0.583,1.85970286473081,1.85970286473081
14109,2012,RAPT4,2013-02-28,2014-03-05,0.19899999999999995,-0.13064504215964945,-0.13064504215964945
14109,2013,RAPT4,2014-04-02,2015-04-09,0.6542,-0.15947552294016387,-0.15947552294016387
14109,2014,RAPT4,2015-03-12,2016-03-22,0.65,0.5367645524196432,0.5367645524196432
14109,2015,RAPT4,2016-03-23,2017-03-28,0.13439999999999996,-0.10586923626730094,-0.10586923626730094
14109,2023,RAPT4,2024-03-12,2025-03-14,0.5616,-0.3148754009066034,-0.3148754009066034
14176,2011,ELPL4,2012-03-14,2013-03-25,0.12870000000000004,-0.7394123797940491,-0.7394123797940491
14176,2012,ELPL4,2013-02-28,2014-03-05,0.8727,0.8921026195189328,0.8921026195189328
14176,2013,ELPL4,2014-02-26,2015-03-06,0.7685,1.715499735962355,1.715499735962355
14176,2014,ELPL4,2015-02-25,2016-03-07,0.5178,-0.19862490374260933,-0.19862490374260933
14176,2015,ELPL4,2016-02-25,2017-02-24,0.17589999999999995,-0.5359599126316911,-0.5359599126316911
14311,2011,CPLE3,2012-03-26,2013-04-10,0.045499999999999985,-0.14689974151830754,-0.14689974151830754
14311,2012,CPLE3,2013-03-25,2014-03-31,0.3768,0.26839964031519603,0.26839964031519603
14311,2013,CPLE3,2014-09-30,2015-10-06,0.07809999999999995,-0.10485508017671563,-0.10485508017671563
14311,2019,CPLE3,2020-03-25,2021-04-01,0.12819999999999998,-0.6158915415916701,-0.6158915415916701
14311,2020,CPLE3,2021-05-05,2022-05-10,0.031200000000000006,0.5561888321042965,0.5561888321042965
14311,2021,CPLE3,2022-03-22,2023-03-23,0.038799999999999946,-0.0715710185344729,-0.0715710185344729
14311,2023,CPLE3,2024-02-29,2025-02-28,0.0706,-0.06996116451575096,-0.06996116451575096
14311,2024,CPLE3,2025-02-27,2026-03-05,0.5444,0.053176128638111164,0.053176128638111164
14320,2011,USIM5,2012-03-07,2013-03-18,0.07950000000000002,0.17043818045113657,0.17043818045113657
14320,2012,USIM5,2013-03-04,2014-03-07,0.04190000000000005,-0.2351140666126076,-0.2351140666126076
14320,2013,USIM5,2014-02-14,2015-02-24,0.0363,-0.6778685117128802,-0.6778685117128802
14320,2014,USIM5,2015-03-04,2016-03-14,0.11499999999999999,-0.010137959303363142,-0.010137959303363142
14320,2015,USIM5,2016-02-18,2017-02-17,0.0706,3.483225941665629,2.733076859071417
14320,2016,USIM5,2017-02-17,2018-03-01,0.275,0.1834056114169833,0.1834056114169833
14320,2017,USIM5,2018-02-09,2019-02-20,0.2753,-0.7399124064793725,-0.7399124064793725
14320,2018,USIM5,2019-02-15,2020-02-20,0.32799999999999996,0.2731944543963718,0.2731944543963718
14320,2019,USIM5,2020-02-14,2021-02-24,0.24319999999999997,1.1072369916786258,1.1072369916786258
14320,2020,USIM5,2021-02-12,2022-02-17,0.30879999999999996,-0.5093380241596992,-0.5093380241596992
14320,2021,USIM5,2022-02-11,2023-02-14,0.021299999999999986,-0.7416142565758805,-0.7416142565758805
14320,2022,USIM5,2023-02-10,2024-02-20,0.0675,0.8347869805671273,0.8347869805671273
14320,2023,USIM5,2025-01-16,2026-01-20,0.011099999999999999,0.4075127090406583,0.4075127090406583
14320,2024,USIM5,2025-02-14,2026-02-20,0.18489999999999995,-0.02163452676997779,-0.02163452676997779
14443,2011,SBSP3,2012-03-23,2013-04-04,0.9854,0.059735819276836244,0.059735819276836244
14443,2014,SBSP3,2015-03-26,2016-04-06,0.6885,0.6271112263500092,0.6271112263500092
14443,2015,SBSP3,2016-03-28,2017-03-29,0.06679999999999997,-0.17375467348977913,-0.17375467348977913
14443,2016,SBSP3,2017-03-27,2018-04-05,0.034399999999999986,-0.2783980736917525,-0.2783980736917525
14443,2017,SBSP3,2018-03-27,2019-04-05,0.04500000000000004,-0.05706964579008256,-0.05706964579008256
14443,2018,SBSP3,2019-03-28,2020-04-01,0.010700000000000043,0.23566405668944235,0.23566405668944235
14443,2019,SBSP3,2020-03-27,2021-04-06,0.15790000000000004,-0.5588556968643501,-0.5588556968643501
14443,2022,SBSP3,2023-03-23,2024-03-28,0.04349999999999998,-0.19293487094578166,-0.19293487094578166
14443,2023,SBSP3,2024-03-21,2025-03-25,0.030200000000000005,0.06477427046379591,0.06477427046379591
14443,2024,SBSP3,2025-03-27,2026-03-31,0.07250000000000001,-0.06542145214808914,-0.06542145214808914
14460,2011,CYRE3,2012-03-26,2013-04-05,0.9039,-0.1373746428283379,-0.1373746428283379
14460,2012,CYRE3,2013-03-21,2014-03-26,0.9305,0.0123022659763532,0.0123022659763532
14460,2013,CYRE3,2014-03-20,2015-03-26,0.06820000000000004,0.5200794077796473,0.5200794077796473
14460,2014,CYRE3,2015-03-19,2016-03-30,0.07889999999999997,-0.06836486287830379,-0.06836486287830379
14460,2015,CYRE3,2016-03-23,2017-03-27,0.7249,-0.17126128583494893,-0.17126128583494893
14460,2016,CYRE3,2017-03-23,2018-04-03,0.6889000000000001,-0.005566202180637414,-0.005566202180637414
14460,2017,CYRE3,2018-03-22,2019-04-02,0.19020000000000004,0.13405506645784615,0.13405506645784615
14460,2018,CYRE3,2019-03-27,2020-03-31,0.2963,0.6050351546466575,0.6050351546466575
14460,2019,CYRE3,2020-03-19,2021-03-26,0.04949999999999999,-0.4415798397644727,-0.4415798397644727
14826,2019,PCAR3,2020-10-28,2021-11-05,0.23050000000000004,-0.32561899163045516,-0.32561899163045516
14826,2022,PCAR3,2023-02-27,2024-03-04,0.06369999999999998,-0.4239884356171548,-0.4239884356171548
14826,2024,PCAR3,2025-02-18,2026-02-24,0.1642,-0.3886494836290605,-0.3886494836290605
15253,2011,ENGI11,2012-03-12,2014-06-06,0.9097,-0.08330153671184637,-0.08330153671184637
15253,2012,ENGI11,2013-03-11,2015-07-02,0.9457,0.03328304993881548,0.03328304993881548
15253,2016,ENGI11,2017-03-23,2018-04-03,0.03369999999999995,0.02248133461202073,0.02248133461202073
15253,2017,ENGI11,2018-03-14,2019-03-25,0.06469999999999998,-0.0748911712674798,-0.0748911712674798
15253,2018,ENGI11,2019-03-21,2020-03-25,0.0665,-0.18255707661639442,-0.18255707661639442
15253,2019,ENGI11,2020-03-18,2021-03-25,0.5216000000000001,-0.4647693667718136,-0.4647693667718136
15253,2020,ENGI11,2021-04-09,2022-04-13,0.24419999999999997,0.4869813637901126,0.4869813637901126
15253,2021,ENGI11,2024-01-22,2025-01-23,0.051000000000000045,-0.2211869394300623,-0.2211869394300623
15253,2022,ENGI11,2023-03-16,2024-03-21,0.05249999999999999,-0.007732077705739582,-0.007732077705739582
15253,2023,ENGI11,2024-03-15,2025-03-19,0.19069999999999998,-0.10941907684020746,-0.10941907684020746
15253,2024,ENGI11,2025-03-18,2026-03-20,0.08199999999999996,0.11893111303589321,0.11893111303589321
15539,2019,NEOE3,2020-02-17,2021-02-25,0.7769,-0.509246116419637,-0.509246116419637
15539,2020,NEOE3,2021-02-09,2022-02-14,0.8475,0.1065525265295113,0.1065525265295113
15539,2021,NEOE3,2022-02-17,2023-02-22,0.11419999999999997,0.0915658390018057,0.0915658390018057
15539,2022,NEOE3,2023-03-02,2024-03-07,0.3768,0.3781776606499634,0.3781776606499634
15539,2023,NEOE3,2024-02-07,2025-02-10,0.7781,-0.25867716333486657,-0.25867716333486657
15636,2011,CGAS5,2012-02-17,2013-03-01,0.15490000000000004,0.45022541302233265,0.45022541302233265
15636,2012,CGAS5,2013-05-07,2014-05-13,0.0947,-0.2534848675600231,-0.2534848675600231
15636,2013,CGAS5,2014-02-25,2015-03-05,0.10880000000000001,-0.1541666598498992,-0.1541666598498992
15636,2014,CGAS5,2015-03-17,2016-03-28,0.2914,0.08142014878772108,0.08142014878772108
15636,2015,CGAS5,2016-02-18,2017-02-17,0.12309999999999999,-0.36585457600321325,-0.36585457600321325
15636,2016,CGAS5,2017-02-15,2018-02-27,0.04269999999999996,0.22062934338140083,0.22062934338140083
15636,2017,CGAS5,2018-02-22,2019-03-01,0.5510999999999999,-0.05311059473318713,-0.05311059473318713
15636,2018,CGAS5,2019-02-13,2020-02-26,0.8656,0.23805643364529905,0.23805643364529905
15636,2019,CGAS5,2020-02-14,2021-02-24,0.08979999999999999,-0.693701104167892,-0.693701104167892
15636,2020,CGAS5,2021-02-10,2022-02-16,0.6613,-0.09000317393126078,-0.09000317393126078
15636,2021,CGAS5,2022-02-17,2023-03-13,0.3046,0.3784388803674428,0.3784388803674428
16101,2011,GFSA3,2012-04-19,2013-04-30,0.18589999999999995,0.8628200623686186,0.8628200623686186
16101,2012,GFSA3,2013-03-11,2014-03-14,0.1925,0.4915785415078979,0.4915785415078979
16101,2013,GFSA3,2014-02-26,2015-03-06,0.17989999999999995,0.7242373732147709,0.7242373732147709
16101,2014,GFSA3,2015-02-27,2016-03-09,0.14349999999999996,0.24086530452314503,0.24086530452314503
16101,2015,GFSA3,2016-03-03,2017-03-07,0.08079999999999998,-0.7743584450296541,-0.7743584450296541
16101,2016,GFSA3,2017-05-09,2018-05-16,0.10740000000000005,0.5061078702517037,0.5061078702517037
16101,2017,GFSA3,2018-03-09,2019-03-20,0.08350000000000002,0.02351766431311164,0.02351766431311164
16101,2018,GFSA3,2019-04-03,2020-04-07,0.0897,-0.4368321827153542,-0.4368321827153542
16101,2019,GFSA3,2020-03-26,2021-04-05,0.08540000000000003,0.08326153230049016,0.08326153230049016
16101,2020,GFSA3,2021-03-16,2022-03-21,0.08579999999999999,-0.7443667317636884,-0.7443667317636884
16101,2021,GFSA3,2022-03-21,2023-03-22,0.08950000000000002,0.6331843071315149,0.6331843071315149
16101,2022,GFSA3,2023-03-29,2024-04-04,0.1261,-0.5092407098061296,-0.5092407098061296
16101,2023,GFSA3,2024-03-26,2025-03-28,0.13039999999999996,-0.7562312119668454,-0.7562312119668454
16101,2024,GFSA3,2025-03-27,2026-03-31,0.13880000000000003,-0.8993727719144634,-0.8632248446210138
16292,2013,BRFS3,2014-02-27,2015-03-09,0.19720000000000004,0.43867158181750754,0.43867158181750754
16292,2014,BRFS3,2015-02-26,2016-03-08,0.06830000000000003,-0.4546866148600054,-0.4546866148600054
16292,2015,BRFS3,2016-02-25,2017-02-24,0.06159999999999999,-0.41079558445007125,-0.41079558445007125
16292,2016,BRFS3,2017-02-23,2018-03-07,0.05500000000000005,-0.12471435399124664,-0.12471435399124664
16292,2017,BRFS3,2018-02-22,2019-03-01,0.02529999999999999,0.05197294478216152,0.05197294478216152
16292,2018,BRFS3,2019-02-28,2020-03-06,0.11919999999999997,0.4682052495167708,0.4682052495167708
16292,2019,BRFS3,2020-03-03,2021-03-10,0.9194,-0.22367329180760553,-0.22367329180760553
16306,2013,RSID3,2014-03-27,2015-04-02,0.32830000000000004,0.06286147806141384,0.06286147806141384
16306,2014,RSID3,2015-03-19,2016-03-30,0.23319999999999996,-0.7265538515117935,-0.7265538515117935
16306,2015,RSID3,2016-03-30,2017-03-31,0.3791,-0.46391512486104214,-0.46391512486104214
16306,2016,RSID3,2017-03-23,2018-04-03,0.8091,-0.3518771256894717,-0.3518771256894717
16306,2017,RSID3,2018-03-26,2019-04-04,0.9176,-0.10341332503474077,-0.10341332503474077
16306,2018,RSID3,2019-03-27,2020-03-31,0.6494,0.8295873786872217,0.8295873786872217
16306,2019,RSID3,2020-03-18,2021-03-25,0.6526000000000001,-0.20675126329074478,-0.20675126329074478
16306,2020,RSID3,2021-03-17,2022-03-22,0.0,-0.48901597663422525,-0.48901597663422525
16306,2021,RSID3,2022-03-16,2023-03-17,0.8502000000000001,-0.6103966685830728,-0.6103966685830728
16306,2022,RSID3,2023-09-29,2024-10-02,0.6349,-0.4731101612863159,-0.4731101612863159
16306,2023,RSID3,2024-06-24,2025-06-27,0.31110000000000004,-0.7782302985771818,-0.7782302985771818
17329,2011,EGIE3,2012-02-07,2013-02-19,1.0,0.09938602553925913,0.09938602553925913
17329,2014,EGIE3,2015-03-30,2016-04-08,0.9528,0.13970051420665186,0.13970051420665186
17329,2015,EGIE3,2016-02-23,2017-02-22,0.9488,-0.4037053961798681,-0.4037053961798681
17329,2016,EGIE3,2017-02-23,2018-03-07,0.0,0.055047384163048996,0.055047384163048996
17329,2017,EGIE3,2018-02-22,2019-03-01,0.8908,0.4890307866787986,0.4890307866787986
17329,2018,EGIE3,2019-02-19,2020-02-26,0.06530000000000002,-0.16077800797942432,-0.16077800797942432
17329,2019,EGIE3,2020-02-20,2021-03-02,0.9128000000000001,-0.23314450763373706,-0.23314450763373706
17329,2021,EGIE3,2022-02-14,2023-02-15,0.8055,0.04435955383518597,0.04435955383518597
17329,2022,EGIE3,2023-11-30,2024-12-02,0.8857,-0.17451604560374756,-0.17451604560374756
17329,2023,EGIE3,2024-02-27,2025-02-26,0.9297,-0.06484100814520477,-0.06484100814520477
17329,2024,EGIE3,2025-02-20,2026-02-26,0.5867,0.15136491117783546,0.15136491117783546
17450,2014,RAIL3,2016-03-01,2017-03-03,0.24250000000000005,0.9619176511042047,0.9619176511042047
17450,2015,RAIL3,2016-03-30,2017-03-31,0.7918000000000001,1.1545429185269422,1.1545429185269422
17450,2016,RAIL3,2017-02-20,2018-03-02,0.7561,-0.5714390330891884,-0.5714390330891884
17450,2017,RAIL3,2018-02-27,2019-03-08,0.22160000000000002,0.12403149734397378,0.12403149734397378
17450,2018,RAIL3,2019-02-13,2020-02-18,0.1814,-0.38104795918945533,-0.38104795918945533
17450,2019,RAIL3,2020-02-13,2021-02-23,0.8499,-0.2955616852599744,-0.2955616852599744
17450,2020,RAIL3,2021-06-01,2022-06-06,0.9226,0.6329218413922082,0.6329218413922082
17450,2024,RAIL3,2025-02-20,2026-02-26,0.03859999999999997,-0.3243909187450369,-0.3243909187450369
17671,2011,VIVT3,2012-02-16,2013-02-28,0.6645,-0.049857082769705685,-0.049857082769705685
17671,2012,VIVT3,2013-02-25,2014-02-26,0.11850000000000005,-0.0570048743691548,-0.0570048743691548
17671,2013,VIVT3,2014-02-26,2015-03-06,0.10809999999999997,0.1981245716191884,0.1981245716191884
17671,2014,VIVT3,2015-02-24,2016-03-07,0.16090000000000004,-0.2616982534622353,-0.2616982534622353
17671,2015,VIVT3,2016-02-24,2017-02-23,0.1632,-0.1897546366347148,-0.1897546366347148
17671,2016,VIVT3,2017-02-21,2018-03-05,0.24819999999999998,0.040707947463441974,0.040707947463441974
17671,2017,VIVT3,2018-02-21,2019-02-28,0.3379,-0.10159965347168676,-0.10159965347168676
17671,2018,VIVT3,2019-02-20,2020-02-27,0.0827,0.22609870659195552,0.22609870659195552
17671,2019,VIVT3,2020-02-19,2021-03-01,0.2774,-0.24781114925708936,-0.24781114925708936
17671,2020,VIVT3,2021-02-23,2022-02-24,0.14159999999999995,0.24674870640516944,0.24674870640516944
17671,2021,VIVT3,2022-02-22,2023-02-27,0.28979999999999995,-0.2819983771704171,-0.2819983771704171
17671,2024,VIVT3,2025-02-25,2026-03-03,0.19099999999999995,0.15222486132542334,0.15222486132542334
17892,2016,STBP3,2017-02-15,2018-02-27,0.18879999999999997,2.3296387762925646,2.3296387762925646
17892,2017,STBP3,2018-06-18,2019-06-27,0.2593,0.12858956584672798,0.12858956584672798
17892,2018,STBP3,2019-02-21,2020-02-28,0.35250000000000004,0.06130230174547213,0.06130230174547213
17892,2019,STBP3,2020-03-05,2021-03-12,0.1623,-0.08762075944011383,-0.08762075944011383
17892,2020,STBP3,2021-03-08,2022-03-11,0.18020000000000003,0.020563554648061366,0.020563554648061366
17892,2021,STBP3,2022-03-10,2023-03-13,0.039000000000000035,0.28074318292759437,0.28074318292759437
17892,2022,STBP3,2023-11-29,2024-11-29,0.041200000000000014,0.5056872487968007,0.5056872487968007
17892,2023,STBP3,2024-03-20,2025-03-24,0.16620000000000001,-0.3139081328040877,-0.3139081328040877
17973,2014,COGN3,2015-04-16,2016-04-27,0.43079999999999996,0.6623436779080203,0.6623436779080203
17973,2015,COGN3,2016-03-15,2017-03-17,0.30400000000000005,-0.2322131663164133,-0.2322131663164133
17973,2016,COGN3,2017-03-22,2018-04-02,0.15800000000000003,-0.34692918868052625,-0.34692918868052625
17973,2017,COGN3,2018-03-16,2019-03-27,0.02839999999999998,-0.15494712296623847,-0.15494712296623847
17973,2018,COGN3,2019-06-21,2020-06-26,0.5532,-0.045832738761639735,-0.045832738761639735
18112,2011,AMBV3,2012-03-08,2013-03-19,0.34030000000000005,0.020459518711090974,0.020459518711090974
18350,2012,GETI4,2013-02-26,2014-02-27,0.4516,-0.07432180385333687,-0.07432180385333687
18350,2013,GETI4,2014-02-25,2015-03-05,0.0827,0.08989901102892994,0.08989901102892994
18376,2013,ISAE4,2014-02-27,2015-03-09,0.1866,1.7001570468254328,1.7001570468254328
18376,2014,ISAE4,2015-02-26,2016-03-08,0.07379999999999998,-0.31648590463084525,-0.31648590463084525
18376,2015,ISAE4,2016-04-20,2017-04-25,0.07379999999999998,-0.33749125103927025,-0.33749125103927025
18376,2016,ISAE4,2017-02-23,2018-03-07,0.026699999999999946,-0.23411904058023247,-0.23411904058023247
18376,2017,ISAE4,2018-02-26,2019-03-07,0.126,0.21818660964359737,0.21818660964359737
18376,2018,ISAE4,2019-02-28,2020-03-06,0.29810000000000003,-0.033694758388501556,-0.033694758388501556
18376,2021,ISAE4,2022-02-23,2023-02-28,0.9231,-0.11139917346303263,-0.11139917346303263
18376,2022,ISAE4,2023-02-23,2024-02-29,0.9503,0.006550328832904739,0.006550328832904739
18465,2011,UGPA3,2012-02-16,2013-02-28,0.12570000000000003,0.04404675820276838,0.04404675820276838
18465,2014,UGPA3,2015-02-25,2016-03-07,0.05479999999999996,0.19280327484795112,0.19280327484795112
18465,2015,UGPA3,2016-02-17,2017-02-16,0.05359999999999998,-0.339029402092218,-0.339029402092218
18465,2016,UGPA3,2017-02-22,2018-03-06,0.05269999999999997,0.01293729732555704,0.01293729732555704
18465,2017,UGPA3,2018-02-21,2019-02-28,0.08209999999999995,-0.2959184704872546,-0.2959184704872546
18465,2018,UGPA3,2019-02-20,2020-02-27,0.07840000000000003,0.1596208056673074,0.1596208056673074
18465,2022,UGPA3,2023-02-15,2024-02-23,0.2892,0.7013498924544428,0.7013498924544428
18465,2023,UGPA3,2024-02-28,2025-02-27,0.5057,-0.6944995486761787,-0.6944995486761787
18465,2024,UGPA3,2025-02-26,2026-03-04,0.7364999999999999,0.5894006147527133,0.5894006147527133
18627,2018,SAPR11,2019-02-21,2020-02-28,0.6368,0.01778215669740102,0.01778215669740102
18627,2019,SAPR11,2020-02-06,2021-02-12,0.10409999999999997,-0.4261162456619817,-0.4261162456619817
18627,2020,SAPR11,2021-02-11,2022-02-16,0.07699999999999996,0.13075474993113145,0.13075474993113145
18627,2021,SAPR11,2022-02-24,2023-03-01,0.007399999999999962,-0.0025485531254886284,-0.0025485531254886284
18627,2022,SAPR11,2023-02-16,2024-02-26,0.012900000000000023,0.2168093427932416,0.2168093427932416
18627,2023,SAPR11,2024-02-08,2025-02-11,0.007800000000000029,-0.2697426339492688,-0.2697426339492688
18627,2024,SAPR11,2025-02-20,2026-02-26,0.16100000000000003,0.2702764080212434,0.2702764080212434
18660,2011,CPFE3,2012-03-12,2013-03-21,0.41390000000000005,-0.40313608811739154,-0.40313608811739154
18660,2012,CPFE3,2013-03-13,2014-03-18,0.25649999999999995,-0.0286179886881176,-0.0286179886881176
18660,2013,CPFE3,2014-03-27,2015-04-02,0.1835,0.1472517211403095,0.1472517211403095
18660,2014,CPFE3,2015-03-26,2016-04-06,0.16879999999999995,0.11240400647707771,0.11240400647707771
18660,2015,CPFE3,2016-03-21,2017-03-23,0.08560000000000001,-0.06786188505198953,-0.06786188505198953
18660,2016,CPFE3,2017-03-23,2018-04-03,0.09079999999999999,-0.26535018058654514,-0.26535018058654514
18660,2017,CPFE3,2018-03-27,2019-04-05,0.505,0.3612742493975296,0.3612742493975296
18660,2018,CPFE3,2019-03-28,2020-04-01,0.4181,-0.3044840347859282,-0.3044840347859282
18660,2019,CPFE3,2020-03-09,2021-03-16,0.10509999999999997,-0.32348231832568874,-0.32348231832568874
18660,2020,CPFE3,2021-03-31,2022-04-05,0.0806,0.24167347396174876,0.24167347396174876
18660,2021,CPFE3,2022-03-17,2023-03-20,0.40869999999999995,-0.08064024088130595,-0.08064024088130595
18660,2022,CPFE3,2023-03-16,2024-03-21,0.36619999999999997,-0.2441399980194906,-0.2441399980194906
18660,2023,CPFE3,2024-03-21,2025-03-25,0.02749999999999997,0.28777359700330973,0.28777359700330973
18660,2024,CPFE3,2025-02-26,2026-03-04,0.5397000000000001,0.06537936434403413,0.06537936434403413
18724,2011,BRAP4,2012-03-16,2013-03-27,0.5226999999999999,-0.01104077984268681,-0.01104077984268681
18724,2012,BRAP4,2013-03-20,2014-03-25,0.08950000000000002,-0.048446230204358676,-0.048446230204358676
18724,2013,BRAP4,2014-03-20,2015-03-26,0.0605,-0.35402539508116504,-0.35402539508116504
18724,2014,BRAP4,2015-03-19,2016-03-30,0.1259,-0.14576805875627796,-0.14576805875627796
18724,2015,BRAP4,2016-03-21,2017-03-23,0.3638,4.06632428694149,2.733076859071417
18724,2016,BRAP4,2017-03-21,2018-03-29,0.7581,-0.6362131145213247,-0.6362131145213247
18724,2017,BRAP4,2018-03-21,2019-04-01,0.08860000000000001,-0.3380266047160341,-0.3380266047160341
18724,2018,BRAP4,2019-03-28,2020-04-01,0.1754,0.06674555159485562,0.06674555159485562
18724,2019,BRAP4,2020-03-26,2021-04-05,0.6112,0.11063808121880392,0.11063808121880392
18724,2020,BRAP4,2021-03-25,2022-03-30,0.12929999999999997,-0.24454516601173515,-0.24454516601173515
18821,2011,MOTV3,2012-03-07,2013-03-18,0.29179999999999995,0.270112976390664,0.270112976390664
18821,2014,MOTV3,2015-04-02,2016-04-13,0.02400000000000002,0.0026312993710340127,0.0026312993710340127
18821,2015,MOTV3,2016-02-25,2017-02-24,0.056499999999999995,-0.09830360339810795,-0.09830360339810795
18821,2016,MOTV3,2017-03-06,2018-03-14,0.0676,-0.4726464322354452,-0.4726464322354452
18821,2017,MOTV3,2018-02-27,2019-03-08,0.07499999999999996,1.2961602665663956,1.2961602665663956
18821,2018,MOTV3,2019-03-21,2020-03-25,0.05249999999999999,0.6740372135565633,0.6740372135565633
18821,2019,MOTV3,2020-03-05,2021-03-12,0.6263000000000001,-0.2828330585618427,-0.2828330585618427
18821,2020,MOTV3,2021-03-04,2022-03-09,0.4071,0.7568806842697979,0.7568806842697979
18821,2021,MOTV3,2022-02-24,2023-03-01,0.1794,-0.10920858987652327,-0.10920858987652327
18821,2022,MOTV3,2023-02-15,2024-02-23,0.3147,0.03783967158866597,0.03783967158866597
18821,2023,MOTV3,2024-02-08,2025-02-11,0.05930000000000002,-0.15157231303305163,-0.15157231303305163
18961,2011,AEDU3,2012-04-02,2013-04-12,0.133,1.6836139922541542,1.6836139922541542
18961,2012,AEDU3,2013-03-25,2014-03-28,0.08909999999999996,-0.3305829959560853,-0.3305829959560853
18970,2011,TIET11,2012-03-14,2013-03-25,0.07230000000000003,-0.25945645354645086,-0.25945645354645086
18970,2012,TIET11,2013-02-28,2014-03-05,0.16249999999999998,-0.047961006515199855,-0.047961006515199855
18970,2013,TIET11,2014-02-28,2015-03-10,0.027000000000000024,0.10122637881661811,0.10122637881661811
18970,2014,TIET11,2015-02-25,2016-03-07,0.011900000000000022,0.012835888419850283,0.012835888419850283
18970,2015,TIET11,2016-02-24,2017-02-23,0.7833,-0.36869837594912325,-0.36869837594912325
18970,2016,TIET11,2017-02-24,2018-03-08,0.08399999999999996,-0.32248022806958077,-0.32248022806958077
19445,2011,CSMG3,2012-03-09,2013-03-20,0.01739999999999997,-0.14912494933123877,-0.14912494933123877
19445,2012,CSMG3,2013-03-06,2014-03-11,0.040200000000000014,-0.43709954340764257,-0.43709954340764257
19445,2013,CSMG3,2014-01-30,2015-02-05,0.04369999999999996,-0.41751264226092855,-0.41751264226092855
19445,2014,CSMG3,2015-04-06,2016-04-14,0.05879999999999996,0.6789251331417356,0.6789251331417356
19445,2015,CSMG3,2016-03-11,2017-03-15,0.44799999999999995,1.1705849304605098,1.1705849304605098
19445,2016,CSMG3,2017-03-09,2018-03-19,0.16080000000000005,-0.7061679932984548,-0.7061679932984548
19445,2017,CSMG3,2018-02-23,2019-03-06,0.26160000000000005,0.5971576812815418,0.5971576812815418
19445,2018,CSMG3,2019-02-28,2020-03-06,0.21299999999999997,-0.159328352709057,-0.159328352709057
19445,2019,CSMG3,2020-03-19,2021-03-26,0.8863,-0.11754153313542115,-0.11754153313542115
19445,2020,CSMG3,2021-04-20,2022-04-26,0.059799999999999964,0.34579699895601346,0.34579699895601346
19445,2021,CSMG3,2022-06-13,2023-06-16,0.8419,0.3557406655417392,0.3557406655417392
19445,2022,CSMG3,2023-03-21,2024-03-26,0.19199999999999995,-0.2513119533377811,-0.2513119533377811
19445,2023,CSMG3,2024-03-21,2025-03-25,0.8133,-0.04981393570104775,-0.04981393570104775
19445,2024,CSMG3,2025-03-24,2026-03-26,0.8345,0.6252605512037108,0.6252605512037108
19453,2012,ECOR3,2013-03-14,2014-03-19,0.6296999999999999,-0.2522269463723896,-0.2522269463723896
19453,2013,ECOR3,2014-03-18,2015-03-24,0.6880999999999999,-0.30073747190165734,-0.30073747190165734
19453,2014,ECOR3,2015-03-17,2016-03-28,0.15959999999999996,-0.13451759641770022,-0.13451759641770022
19453,2015,ECOR3,2016-03-15,2017-03-17,0.08760000000000001,0.6687659412847458,0.6687659412847458
19453,2016,ECOR3,2017-02-20,2018-03-02,0.08099999999999996,-0.5022272935524024,-0.5022272935524024
19453,2017,ECOR3,2018-02-28,2019-03-11,0.48850000000000005,0.439313614042935,0.439313614042935
19453,2018,ECOR3,2019-03-14,2020-03-18,0.10960000000000003,0.4383840591185211,0.4383840591185211
19453,2019,ECOR3,2020-02-18,2021-02-26,0.016900000000000026,-0.31484725437230177,-0.31484725437230177
19453,2020,ECOR3,2021-03-10,2022-03-15,0.5977,-0.03489667031802368,-0.03489667031802368
19453,2021,ECOR3,2022-03-25,2023-03-28,0.09450000000000003,0.3330858120546911,0.3330858120546911
19453,2022,ECOR3,2023-03-16,2024-03-21,0.6311,0.6289958140617793,0.6289958140617793
19453,2023,ECOR3,2024-03-13,2025-03-17,0.21630000000000005,-0.6484885447362683,-0.6484885447362683
19453,2024,ECOR3,2025-03-18,2026-03-20,0.634,0.13221301548775233,0.13221301548775233
19550,2014,NATU3,2015-02-11,2016-02-24,0.23509999999999998,0.4360737801895216,0.4360737801895216
19550,2015,NATU3,2016-02-17,2017-02-16,0.011499999999999955,-0.4566954125842758,-0.4566954125842758
19550,2018,NATU3,2019-02-28,2020-03-06,0.9285,-0.0019037348095837237,-0.0019037348095837237
19550,2019,NATU3,2020-03-05,2021-03-12,0.9008,-0.3742568019533614,-0.3742568019533614
19550,2020,NATU3,2021-03-31,2022-04-05,0.0,-0.5737452483311485,-0.5737452483311485
19550,2021,NATU3,2022-03-29,2023-03-30,0.0,0.4681526813298167,0.4681526813298167
19550,2022,NATU3,2023-03-16,2024-03-21,0.0,0.20221154997617452,0.20221154997617452
19550,2024,NATU3,2025-03-13,2026-03-17,0.0,-0.44197355751108924,-0.44197355751108924
19615,2012,GRND3,2013-02-28,2014-03-05,0.057599999999999985,-0.5795317964864344,-0.5795317964864344
19615,2013,GRND3,2014-02-13,2015-02-23,0.18159999999999998,0.037436329521184586,0.037436329521184586
19615,2014,GRND3,2015-02-12,2016-02-25,0.017199999999999993,0.6217989836112146,0.6217989836112146
19615,2017,GRND3,2018-02-22,2019-03-01,0.05389999999999995,-0.27749362764402097,-0.27749362764402097
19615,2018,GRND3,2019-02-14,2020-02-19,0.0,0.10157310561096033,0.10157310561096033
19615,2019,GRND3,2020-02-14,2021-02-24,0.9676,-0.22069384553674543,-0.22069384553674543
19615,2020,GRND3,2021-03-04,2022-03-09,0.18120000000000003,0.4107225419714935,0.4107225419714935
19739,2011,RENT3,2012-03-13,2013-03-22,0.05800000000000005,-0.2096314139851504,-0.2096314139851504
19739,2017,RENT3,2018-03-14,2019-03-25,0.06479999999999997,-0.33178737481386,-0.33178737481386
19739,2018,RENT3,2019-02-21,2020-02-28,0.32220000000000004,-0.1357064682217487,-0.1357064682217487
19739,2019,RENT3,2020-03-10,2021-03-17,0.253,-0.1631477473661177,-0.1631477473661177
19739,2020,RENT3,2021-02-25,2022-03-02,0.06710000000000005,-0.18352381608081514,-0.18352381608081514
19739,2021,RENT3,2022-02-22,2023-02-27,0.017199999999999993,0.044764073687461714,0.044764073687461714
19739,2022,RENT3,2023-03-28,2024-04-03,0.26349999999999996,-0.3538672594762555,-0.3538672594762555
19739,2023,RENT3,2024-03-12,2025-03-14,0.05500000000000005,-0.22790662823138053,-0.22790662823138053
19739,2024,RENT3,2025-02-27,2026-03-05,0.049000000000000044,0.6501279329201348,0.6501279329201348
19771,2012,ARTR3,2013-03-05,2014-03-10,0.3134,-0.34847990841615617,-0.34847990841615617
19771,2013,ARTR3,2014-02-26,2015-03-06,0.09089999999999998,-0.44864316301940943,-0.44864316301940943
19771,2014,ARTR3,2015-02-26,2016-03-08,0.25839999999999996,0.50007950107352,0.50007950107352
19836,2012,CSAN3,2012-05-31,2013-06-12,0.18030000000000002,0.1255377089762817,0.1255377089762817
19836,2013,CSAN3,2013-06-05,2014-06-10,0.40869999999999995,-0.4434932046799712,-0.4434932046799712
19836,2014,CSAN3,2015-03-18,2016-03-29,0.07130000000000003,0.16430521395804631,0.16430521395804631
19836,2015,CSAN3,2016-02-18,2017-02-17,0.6299,-0.0032925901403195734,-0.0032925901403195734
19836,2016,CSAN3,2017-02-16,2018-02-28,0.6535,-0.3550370770185062,-0.3550370770185062
19836,2017,CSAN3,2018-03-26,2019-04-04,0.122,0.04290827825480781,0.04290827825480781
19836,2018,CSAN3,2019-02-14,2020-02-19,0.6381,0.7567839646126804,0.7567839646126804
19836,2019,CSAN3,2020-02-14,2021-02-24,0.20130000000000003,-0.32559959476689404,-0.32559959476689404
19836,2020,CSAN3,2021-02-11,2022-02-16,0.36829999999999996,0.167333147314356,0.167333147314356
19836,2021,CSAN3,2022-02-24,2023-03-01,0.22360000000000002,-0.21957173493429338,-0.21957173493429338
19836,2022,CSAN3,2023-02-28,2024-03-05,0.2842,0.13483049412329784,0.13483049412329784
19836,2023,CSAN3,2024-05-29,2025-06-03,0.4548,-0.2976598383595912,-0.2976598383595912
19836,2024,CSAN3,2025-03-10,2026-03-12,0.8943,-0.02628333680479855,-0.02628333680479855
19879,2011,LIGT3,2012-03-06,2013-03-15,0.35,-0.15402993089806916,-0.15402993089806916
19879,2012,LIGT3,2013-03-25,2014-03-28,0.04310000000000003,0.42797447096335883,0.42797447096335883
19879,2013,LIGT3,2014-03-11,2015-03-17,0.08919999999999995,0.020968209973550866,0.020968209973550866
19879,2014,LIGT3,2015-03-06,2016-03-16,0.3127,-0.2010733706879887,-0.2010733706879887
19879,2015,LIGT3,2016-11-10,2017-11-16,0.17300000000000004,-0.2646448343213593,-0.2646448343213593
19879,2016,LIGT3,2017-03-23,2018-04-03,0.005499999999999949,-0.6216954249956403,-0.6216954249956403
19879,2017,LIGT3,2018-03-28,2019-04-08,0.006299999999999972,1.219117371946524,1.219117371946524
19879,2018,LIGT3,2019-03-28,2020-04-01,0.01870000000000005,-0.4972580181352477,-0.4972580181352477
19879,2019,LIGT3,2020-03-12,2021-03-19,0.005800000000000027,-0.13745805362506547,-0.13745805362506547
19879,2020,LIGT3,2021-03-19,2022-03-24,0.023800000000000043,-0.484138303274936,-0.484138303274936
19879,2021,LIGT3,2022-03-24,2023-03-27,0.025499999999999967,-0.41057949910207336,-0.41057949910207336
19879,2022,LIGT3,2023-03-28,2024-04-03,0.07750000000000001,2.1068758213918657,2.1068758213918657
19879,2023,LIGT3,2024-03-25,2025-03-27,0.10350000000000004,-0.5437748011310546,-0.5437748011310546
19879,2024,LIGT3,2025-03-28,2026-04-01,0.24229999999999996,-0.1637800719879039,-0.1637800719879039
19909,2011,BRML3,2012-10-18,2013-10-25,0.13439999999999996,-0.37776378919283093,-0.37776378919283093
19909,2013,BRML3,2014-03-17,2015-03-23,0.4071,0.13219339023427312,0.13219339023427312
19909,2014,BRML3,2015-03-11,2016-03-21,0.10929999999999995,0.07853868394690489,0.07853868394690489
19909,2015,BRML3,2016-03-14,2017-03-16,0.8325,-0.13248679541455255,-0.13248679541455255
19909,2016,BRML3,2017-03-15,2018-03-23,0.9062,-0.23384047207680192,-0.23384047207680192
19909,2017,BRML3,2018-03-16,2019-03-27,0.9205,0.5046076523137859,0.5046076523137859
19909,2019,BRML3,2020-03-12,2021-03-19,0.8521,-0.4107213818499291,-0.4107213818499291
19909,2020,BRML3,2021-04-09,2022-04-13,0.19489999999999996,0.5178259087442896,0.5178259087442896
19992,2011,TOTS3,2012-01-31,2013-02-08,0.6091,0.5170079472443319,0.5170079472443319
19992,2012,TOTS3,2013-01-29,2014-02-03,0.8826,-0.3757879165794614,-0.3757879165794614
19992,2013,TOTS3,2014-01-29,2015-02-04,0.0,0.07505403664645072,0.07505403664645072
19992,2014,TOTS3,2015-01-28,2016-02-10,0.8075,-0.12559207568389064,-0.12559207568389064
19992,2015,TOTS3,2016-03-16,2017-03-20,0.3024,-0.38432687056004244,-0.38432687056004244
19992,2016,TOTS3,2017-02-22,2018-03-06,0.0887,0.34983609606320987,0.34983609606320987
19992,2017,TOTS3,2018-02-07,2019-02-18,0.12829999999999997,0.29254378941866976,0.29254378941866976
19992,2018,TOTS3,2019-02-13,2020-02-18,0.07630000000000003,0.9469869547707304,0.9469869547707304
19992,2019,TOTS3,2020-02-12,2021-02-22,0.137,-0.300533976953004,-0.300533976953004
19992,2020,TOTS3,2022-02-16,2023-02-17,0.13649999999999995,-0.02588730995536792,-0.02588730995536792
19992,2021,TOTS3,2022-02-16,2023-02-17,0.5427,-0.02588730995536792,-0.02588730995536792
19992,2022,TOTS3,2023-02-14,2024-02-22,0.13829999999999998,-0.2292997278186324,-0.2292997278186324
19992,2023,TOTS3,2024-02-07,2025-02-10,0.0726,0.1286189672203526,0.1286189672203526
19992,2024,TOTS3,2025-02-12,2026-02-18,0.12119999999999997,-0.40666691775074937,-0.40666691775074937
20010,2011,EQTL3,2012-12-03,2013-12-09,0.27180000000000004,-0.023235209378345334,-0.023235209378345334
20010,2013,EQTL3,2014-03-11,2015-03-17,0.5367,0.5142260208973966,0.5142260208973966
20010,2014,EQTL3,2015-02-24,2016-03-04,0.3035,0.23297435323268112,0.23297435323268112
20010,2015,EQTL3,2017-09-25,2018-10-03,0.64,-0.1405900263161528,-0.1405900263161528
20010,2016,EQTL3,2017-09-25,2018-10-03,0.69,-0.1405900263161528,-0.1405900263161528
20010,2017,EQTL3,2018-03-09,2019-03-20,0.10060000000000002,0.011539286740098298,0.011539286740098298
20010,2018,EQTL3,2019-04-12,2020-04-17,0.09179999999999999,0.18451607760070132,0.18451607760070132
20010,2019,EQTL3,2020-05-25,2021-05-31,0.4818,-0.22128122714923126,-0.22128122714923126
20010,2020,EQTL3,2021-03-24,2022-03-29,0.33130000000000004,0.4361151370776839,0.4361151370776839
20010,2021,EQTL3,2022-03-31,2023-04-03,0.3346,-0.06023254714560233,-0.06023254714560233
20010,2022,EQTL3,2023-03-29,2024-04-04,0.6889000000000001,-0.13141608381046277,-0.13141608381046277
20028,2011,VLID3,2012-03-21,2013-04-02,0.6789000000000001,0.12562717200765805,0.12562717200765805
20028,2012,VLID3,2013-03-27,2014-04-01,0.0,-0.29362074926585124,-0.29362074926585124
20028,2013,VLID3,2014-03-21,2015-03-27,0.0383,0.545239606524833,0.545239606524833
20028,2014,VLID3,2015-03-05,2016-03-15,0.01970000000000005,-0.33387679914830126,-0.33387679914830126
20028,2015,VLID3,2016-04-25,2017-04-27,0.07899999999999996,-0.4927253792903832,-0.4927253792903832
20028,2016,VLID3,2017-03-16,2018-03-26,0.0,0.10400370234307021,0.10400370234307021
20028,2017,VLID3,2018-03-12,2019-03-21,0.9796,0.38751570489089526,0.38751570489089526
20028,2018,VLID3,2019-03-14,2020-03-18,0.08030000000000004,-0.5076964105514898,-0.5076964105514898
20028,2019,VLID3,2020-03-05,2021-03-12,0.11750000000000005,-0.09131056759138001,-0.09131056759138001
20028,2020,VLID3,2021-04-08,2022-04-12,0.19220000000000004,0.24851035944056332,0.24851035944056332
20028,2021,VLID3,2022-04-14,2023-04-18,0.019399999999999973,0.184523288769467,0.184523288769467
20028,2022,VLID3,2023-03-15,2024-03-20,0.28080000000000005,0.4821840015527401,0.4821840015527401
20028,2023,VLID3,2024-03-06,2025-03-10,0.03739999999999999,-0.057608675771165685,-0.057608675771165685
20060,2011,LUPA3,2012-04-02,2013-04-12,0.10009999999999997,-0.5358367237885069,-0.5358367237885069
20060,2012,LUPA3,2013-04-01,2014-04-04,0.19169999999999998,0.14658497613647792,0.14658497613647792
20060,2018,LUPA3,2019-04-01,2020-04-03,0.5328999999999999,0.8371971561870564,0.8371971561870564
20060,2019,LUPA3,2020-03-20,2021-03-29,0.01649999999999996,2.2533294875323358,2.2533294875323358
20060,2020,LUPA3,2021-03-22,2022-03-25,0.019100000000000006,0.5854672660173061,0.5854672660173061
20060,2021,LUPA3,2022-03-25,2023-03-28,0.3668,-0.8715571801602114,-0.8632248446210138
20060,2022,LUPA3,2023-04-04,2024-04-10,0.11809999999999998,-0.685926313378264,-0.685926313378264
20060,2023,LUPA3,2024-03-22,2025-03-26,0.6940999999999999,0.8237509820408799,0.8237509820408799
20087,2013,EMBJ3,2014-04-02,2015-04-09,0.10099999999999998,-0.2519441174345749,-0.2519441174345749
20087,2014,EMBJ3,2015-03-16,2016-03-24,0.04949999999999999,-0.1973708891192102,-0.1973708891192102
20087,2015,EMBJ3,2016-03-18,2017-03-22,0.0343,0.030523468964524847,0.030523468964524847
20087,2016,EMBJ3,2017-03-09,2018-03-19,0.012900000000000023,0.12402552935268729,0.12402552935268729
20087,2017,EMBJ3,2018-03-08,2019-03-19,0.029100000000000015,-0.4550771664626949,-0.4550771664626949
20087,2018,EMBJ3,2019-03-14,2020-03-18,0.053100000000000036,-0.24644461543656926,-0.24644461543656926
20087,2023,EMBJ3,2024-03-18,2025-03-20,0.4898,0.7440783966921836,0.7440783966921836
20087,2024,EMBJ3,2025-02-27,2026-03-05,0.346,-0.5859073138094322,-0.5859073138094322
20168,2012,OGXP3,2013-03-26,2014-03-31,0.17779999999999996,-0.5629285207418264,-0.5629285207418264
20168,2013,OGXP3,2014-04-01,2015-04-08,0.18389999999999995,1.9050044514328324,1.9050044514328324
20168,2014,OGXP3,2015-03-23,2016-04-01,0.7927,1.1253321739785176,1.1253321739785176
20168,2015,OGXP3,2016-03-28,2017-03-29,0.8126,-0.8283277092575632,-0.8283277092575632
20168,2016,OGXP3,2017-03-17,2018-03-27,0.7598,-0.769972915029282,-0.769972915029282
20257,2011,TAEE11,2012-07-02,2013-07-15,0.1815,-0.47165644464484435,-0.47165644464484435
20257,2012,TAEE11,2013-03-27,2014-04-01,0.08379999999999999,-0.3849131130179938,-0.3849131130179938
20257,2013,TAEE11,2014-03-21,2015-03-27,0.7591,0.07158135374800545,0.07158135374800545
20257,2014,TAEE11,2015-03-12,2016-03-22,0.0,-0.06432548340740585,-0.06432548340740585
20257,2015,TAEE11,2016-03-14,2017-03-16,0.8784,0.05098117401723212,0.05098117401723212
20257,2017,TAEE11,2018-05-17,2019-05-28,0.3458,0.7097725706602205,0.7097725706602205
20257,2018,TAEE11,2019-04-11,2020-04-16,0.7764,0.10576196045200725,0.10576196045200725
20257,2019,TAEE11,2020-03-12,2021-03-19,0.7417,-0.19613331915993326,-0.19613331915993326
20257,2023,TAEE11,2024-03-06,2025-03-10,0.5036,0.10484985048001838,0.10484985048001838
20257,2024,TAEE11,2025-03-18,2026-03-20,0.4504,0.02007707076421772,0.02007707076421772
20338,2011,MDIA3,2012-03-05,2013-03-14,0.10919999999999996,0.23487100944003858,0.23487100944003858
20338,2012,MDIA3,2013-03-04,2014-03-07,0.8429,-0.18939411595958822,-0.18939411595958822
20338,2013,MDIA3,2014-03-10,2015-03-16,0.6927,-0.26793564742151343,-0.26793564742151343
20338,2014,MDIA3,2015-02-27,2016-03-09,0.2511,-0.09345412076089987,-0.09345412076089987
20338,2015,MDIA3,2016-02-26,2017-03-01,0.015199999999999991,0.7320420997943586,0.7320420997943586
20338,2016,MDIA3,2017-03-06,2018-03-14,0.02629999999999999,-0.45454188498859294,-0.45454188498859294
20338,2017,MDIA3,2018-03-05,2019-03-14,0.02090000000000003,-0.2306621209249724,-0.2306621209249724
20338,2018,MDIA3,2019-03-13,2020-03-17,0.20379999999999998,0.07839286385765165,0.07839286385765165
20338,2019,MDIA3,2020-03-06,2021-03-15,0.11099999999999999,-0.08506476857106582,-0.08506476857106582
20338,2020,MDIA3,2021-03-31,2022-04-05,0.18569999999999998,0.10535795600268827,0.10535795600268827
20338,2021,MDIA3,2022-03-18,2023-03-21,0.20699999999999996,0.9218978044046269,0.9218978044046269
20338,2022,MDIA3,2023-11-06,2024-11-05,0.13290000000000002,-0.13448618238595733,-0.13448618238595733
20338,2023,MDIA3,2024-02-23,2025-02-24,0.2872,-0.44043786520897676,-0.44043786520897676
20362,2022,POSI3,2023-03-21,2024-03-26,0.9071,0.034771557926525754,0.034771557926525754
20362,2023,POSI3,2024-03-21,2025-03-25,0.8349,-0.40420904724498574,-0.40420904724498574
20435,2011,TCSA3,2012-03-21,2013-04-02,0.5283,-0.029915223041650396,-0.029915223041650396
20435,2012,TCSA3,2013-03-22,2014-03-27,0.048900000000000055,0.0702428800544741,0.0702428800544741
20435,2013,TCSA3,2014-04-29,2015-05-06,0.14470000000000005,-0.32002276148362985,-0.32002276148362985
20435,2014,TCSA3,2015-03-23,2016-04-01,0.1674,-0.13021687835573892,-0.13021687835573892
20435,2015,TCSA3,2016-03-22,2017-03-24,0.036699999999999955,-0.21570860969404104,-0.21570860969404104
20435,2016,TCSA3,2017-03-23,2018-04-03,0.13329999999999997,-0.5432023283722518,-0.5432023283722518
20435,2017,TCSA3,2018-03-22,2019-04-02,0.06459999999999999,0.8782109863162582,0.8782109863162582
20435,2018,TCSA3,2019-06-14,2020-06-22,0.129,0.355396579049003,0.355396579049003
20435,2019,TCSA3,2020-03-18,2021-03-25,0.17669999999999997,-0.27973976727510197,-0.27973976727510197
20435,2021,TCSA3,2022-03-24,2023-03-27,0.3456,1.6182675999864795,1.6182675999864795
20435,2022,TCSA3,2023-03-23,2024-03-28,0.14859999999999995,-0.40199549674741586,-0.40199549674741586
20435,2023,TCSA3,2024-03-28,2025-04-01,0.43689999999999996,-0.4906506826543017,-0.4906506826543017
20478,2011,PDGR3,2012-04-18,2013-04-29,0.7376,-0.3109509379504678,-0.3109509379504678
20478,2012,PDGR3,2013-03-26,2014-03-31,0.09609999999999996,0.15070895632514247,0.15070895632514247
20478,2013,PDGR3,2014-02-13,2015-02-23,0.7541,0.13306729226364222,0.13306729226364222
20478,2014,PDGR3,2015-03-18,2016-03-29,0.5298,-0.49792769829051553,-0.49792769829051553
20478,2015,PDGR3,2016-03-29,2017-03-30,0.031200000000000006,-0.8291122475122483,-0.8291122475122483
20478,2016,PDGR3,2017-03-29,2018-04-09,0.4619,0.5535210254198044,0.5535210254198044
20478,2017,PDGR3,2018-03-29,2019-04-09,0.1643,-0.39397128865695075,-0.39397128865695075
20494,2014,IGTA3,2015-03-19,2016-03-30,0.20220000000000005,-0.3173215440082966,-0.3173215440082966
20494,2015,IGTA3,2016-03-08,2017-03-10,0.045499999999999985,0.09280466402072407,0.09280466402072407
20494,2016,IGTA3,2017-02-21,2018-03-05,0.03080000000000005,-0.013288478126506797,-0.013288478126506797
20494,2017,IGTA3,2018-02-27,2019-03-08,0.15500000000000003,0.05548530335538415,0.05548530335538415
20494,2018,IGTA3,2019-02-26,2020-03-04,0.0706,0.12207413435183456,0.12207413435183456
20516,2012,SMTO3,2012-06-25,2013-07-04,0.18810000000000004,0.12921260262239476,0.12921260262239476
20516,2013,SMTO3,2013-06-24,2014-07-01,0.1876,0.08904876073063916,0.08904876073063916
20516,2014,SMTO3,2014-06-16,2015-06-22,0.8302,-0.31088261964227937,-0.31088261964227937
20516,2015,SMTO3,2015-07-08,2016-07-15,0.7058,0.0863938414384875,0.0863938414384875
20516,2016,SMTO3,2016-06-06,2017-06-08,0.4172,-0.49873657504928604,-0.49873657504928604
20516,2017,SMTO3,2017-06-26,2018-07-03,0.139,0.1380344422046318,0.1380344422046318
20516,2022,SMTO3,2022-06-20,2023-06-22,0.6847,-0.46869744536257407,-0.46869744536257407
20516,2023,SMTO3,2023-06-19,2024-06-21,0.06969999999999998,-0.012335251255859214,-0.012335251255859214
20524,2011,EVEN3,2012-03-27,2013-04-08,0.1945,0.5303233780957692,0.5303233780957692
20524,2012,EVEN3,2013-03-04,2014-03-07,0.11319999999999997,-0.27540578213995337,-0.27540578213995337
20524,2013,EVEN3,2014-02-24,2015-03-04,0.1542,-0.06475243617144744,-0.06475243617144744
20524,2014,EVEN3,2015-03-16,2016-03-24,0.045399999999999996,0.31131002015844045,0.31131002015844045
20524,2017,EVEN3,2018-03-26,2019-04-04,0.17700000000000005,0.026356792851008448,0.026356792851008448
20524,2018,EVEN3,2019-03-28,2020-04-01,0.05120000000000002,0.7375772927428266,0.7375772927428266
20524,2019,EVEN3,2020-03-30,2021-04-07,0.08730000000000004,-0.5798432819444592,-0.5798432819444592
20524,2020,EVEN3,2021-03-18,2022-03-23,0.17659999999999998,-0.349678266211366,-0.349678266211366
20524,2024,EVEN3,2025-03-27,2026-03-31,0.8797,-0.16203170951837997,-0.16203170951837997
20575,2020,JBSS3,2021-03-24,2022-03-29,0.013599999999999945,-0.01369403975175576,-0.01369403975175576
20575,2021,JBSS3,2022-03-21,2023-03-22,0.0897,-0.6477009723341032,-0.6477009723341032
20575,2022,JBSS3,2023-03-21,2024-03-26,0.11199999999999999,0.6117153892055436,0.6117153892055436
20575,2023,JBSS3,2024-03-26,2025-03-28,0.02310000000000001,0.7762847565431406,0.7762847565431406
20605,2011,JHSF3,2012-03-26,2013-04-05,0.14129999999999998,-0.14356744446298864,-0.14356744446298864
20605,2012,JHSF3,2013-03-27,2014-04-01,0.10880000000000001,-0.4913063270156085,-0.4913063270156085
20605,2013,JHSF3,2014-03-25,2015-03-31,0.1997,0.1820597758302105,0.1820597758302105
20605,2014,JHSF3,2015-03-12,2016-03-22,0.0847,0.09013518960846167,0.09013518960846167
20605,2015,JHSF3,2016-03-30,2017-03-31,0.273,0.07050708733711519,0.07050708733711519
20605,2016,JHSF3,2017-03-30,2018-04-10,0.13749999999999996,-0.5874707667231944,-0.5874707667231944
20605,2017,JHSF3,2018-04-16,2019-04-25,0.32389999999999997,1.6409001339579818,1.6409001339579818
20605,2018,JHSF3,2019-02-21,2020-02-28,0.22519999999999996,1.7651004274339388,1.7651004274339388
20605,2019,JHSF3,2020-02-13,2021-02-23,0.2923,-0.49841674274082226,-0.49841674274082226
20621,2011,FHER3,2012-03-14,2013-03-25,0.053100000000000036,-0.0995170691245073,-0.0995170691245073
20621,2012,FHER3,2013-03-08,2014-03-13,0.29059999999999997,-0.3592074557698245,-0.3592074557698245
20621,2013,FHER3,2014-03-12,2015-03-18,0.1392,-0.26678948528574653,-0.26678948528574653
20621,2014,FHER3,2015-03-12,2016-03-22,0.19079999999999997,-0.28682775505401303,-0.28682775505401303
20621,2015,FHER3,2016-03-10,2017-03-14,0.03810000000000002,1.0022641480469385,1.0022641480469385
20621,2016,FHER3,2017-03-17,2018-03-27,0.09730000000000005,-0.7257956941789767,-0.7257956941789767
20621,2017,FHER3,2018-03-13,2019-03-22,0.1402,0.7929595096860769,0.7929595096860769
20621,2018,FHER3,2019-03-28,2020-04-01,0.035699999999999954,0.0431935584603953,0.0431935584603953
20621,2019,FHER3,2020-03-31,2021-04-08,0.23340000000000005,0.39794775518829595,0.39794775518829595
20621,2020,FHER3,2021-03-26,2022-03-31,0.2601,-0.23647471385626828,-0.23647471385626828
20621,2021,FHER3,2022-03-28,2023-03-29,0.4589,-0.7588338485993633,-0.7588338485993633
20621,2022,FHER3,2023-03-28,2024-04-03,0.21289999999999998,-0.7511711206946677,-0.7511711206946677
20621,2023,FHER3,2024-03-28,2025-04-01,0.30189999999999995,0.9020681510137203,0.9020681510137203
20702,2011,VIVR3,2012-03-30,2013-04-11,0.18969999999999998,-0.6921201854183365,-0.6921201854183365
20702,2012,VIVR3,2013-04-03,2014-04-07,0.30469999999999997,-0.38251220437430844,-0.38251220437430844
20702,2013,VIVR3,2014-03-25,2015-03-31,0.2017,0.37701904895862004,0.37701904895862004
20702,2014,VIVR3,2015-03-31,2016-04-11,0.06540000000000001,-0.4435591992779363,-0.4435591992779363
20702,2015,VIVR3,2016-03-30,2017-04-03,0.03500000000000003,-0.991546979568206,-0.8632248446210138
20702,2016,VIVR3,2017-03-29,2018-04-09,0.5683,-0.2639953278300554,-0.2639953278300554
20702,2017,VIVR3,2018-03-28,2019-04-08,0.4697,-0.7402344838071646,-0.7402344838071646
20702,2018,VIVR3,2019-03-28,2020-04-01,0.7703,-0.5805302123019509,-0.5805302123019509
20745,2013,SLCE3,2014-03-12,2015-03-18,0.04420000000000002,0.0670797716856073,0.0670797716856073
20745,2014,SLCE3,2015-03-11,2016-03-21,0.9696,0.11280718363227127,0.11280718363227127
20745,2018,SLCE3,2019-03-13,2020-03-17,0.9666,-0.21609918048983745,-0.21609918048983745
20745,2019,SLCE3,2020-03-26,2021-04-05,0.047900000000000054,0.31472487087141143,0.31472487087141143
20745,2020,SLCE3,2021-03-17,2022-03-22,0.24950000000000006,-0.3127331861816328,-0.3127331861816328
20745,2021,SLCE3,2022-03-15,2023-03-16,0.06369999999999998,-0.3951843018304342,-0.3951843018304342
20745,2022,SLCE3,2023-03-31,2024-04-08,0.16080000000000005,-0.21835169857476622,-0.21835169857476622
20745,2023,SLCE3,2024-04-12,2025-04-15,0.29669999999999996,0.32666676738446565,0.32666676738446565
20745,2024,SLCE3,2025-03-25,2026-03-27,0.4637,-0.023324926631036802,-0.023324926631036802
20770,2011,EZTC3,2012-03-13,2013-03-22,0.04530000000000001,-0.21497127718837172,-0.21497127718837172
20770,2012,EZTC3,2013-03-19,2014-03-24,0.04530000000000001,0.05157996484694061,0.05157996484694061
20770,2013,EZTC3,2014-03-19,2015-03-25,0.014900000000000024,-0.2645681280651274,-0.2645681280651274
20770,2014,EZTC3,2015-03-18,2016-03-29,0.8684000000000001,0.09841533980768813,0.09841533980768813
20770,2015,EZTC3,2016-03-29,2017-03-30,0.08699999999999997,-0.3516230739997357,-0.3516230739997357
20770,2016,EZTC3,2017-03-20,2018-03-28,0.008099999999999996,0.0003879694301309744,0.0003879694301309744
20770,2017,EZTC3,2018-03-16,2019-03-27,0.0050000000000000044,0.012184739243579434,0.012184739243579434
20770,2018,EZTC3,2019-03-22,2020-03-26,0.00880000000000003,1.5538960025761885,1.5538960025761885
20770,2019,EZTC3,2020-03-19,2021-03-26,0.07650000000000001,-0.7004785458449845,-0.7004785458449845
20770,2021,EZTC3,2022-03-17,2023-03-20,0.11040000000000005,0.5515524875025712,0.5515524875025712
20770,2022,EZTC3,2023-09-18,2024-09-19,0.3728,-0.33464733929030166,-0.33464733929030166
20770,2023,EZTC3,2024-03-18,2025-03-20,0.027200000000000002,0.08712287463744328,0.08712287463744328
20770,2024,EZTC3,2025-03-13,2026-03-17,0.12119999999999997,-0.2575682976938902,-0.2575682976938902
20788,2011,MBRF3,2012-11-27,2013-12-03,0.04569999999999996,-0.7472064620860899,-0.7472064620860899
20788,2012,MBRF3,2013-03-27,2014-04-01,0.053200000000000025,-0.37270745434641817,-0.37270745434641817
20788,2013,MBRF3,2014-03-19,2015-03-25,0.30310000000000004,1.692703080252683,1.692703080252683
20788,2014,MBRF3,2015-03-02,2016-03-10,0.1392,-0.23765903178492853,-0.23765903178492853
20788,2015,MBRF3,2016-02-29,2017-03-02,0.09450000000000003,-0.7102649484252679,-0.7102649484252679
20788,2016,MBRF3,2017-02-23,2018-03-07,0.03180000000000005,-0.13392070868084305,-0.13392070868084305
20788,2017,MBRF3,2018-03-27,2019-04-05,0.9441,0.044481412620384075,0.044481412620384075
20788,2018,MBRF3,2019-02-27,2020-03-05,0.8843,1.033262000022316,1.033262000022316
20788,2019,MBRF3,2020-02-19,2021-03-01,0.887,-0.4229386341415846,-0.4229386341415846
20788,2020,MBRF3,2021-04-08,2022-04-12,0.0,-0.38961646361793834,-0.38961646361793834
20788,2021,MBRF3,2022-03-08,2023-03-09,0.8291999999999999,-0.8066639056404022,-0.8066639056404022
20788,2022,MBRF3,2023-03-01,2024-03-06,0.3829,3.001213909991346,2.733076859071417
20788,2023,MBRF3,2024-03-27,2025-03-31,0.375,0.6936080932512843,0.6936080932512843
20788,2024,MBRF3,2025-02-26,2026-03-04,0.5099,-0.4666148823435631,-0.4666148823435631
20842,2014,MAGG3,2015-03-16,2016-03-24,0.28800000000000003,1.8557153927764238,1.8557153927764238
20842,2016,MAGG3,2017-03-15,2018-03-23,0.6127,0.47900825835083416,0.47900825835083416
20915,2011,MRVE3,2012-03-15,2013-03-26,0.8491,-0.45198441216477425,-0.45198441216477425
20915,2012,MRVE3,2013-03-14,2014-03-19,0.497,-0.04441853146191754,-0.04441853146191754
20915,2013,MRVE3,2014-03-13,2015-03-19,0.23929999999999996,0.4297780411951715,0.4297780411951715
20915,2014,MRVE3,2015-03-05,2016-03-15,0.03979999999999995,0.8874808442639841,0.8874808442639841
20915,2015,MRVE3,2016-03-07,2017-03-09,0.07509999999999994,-0.44414760822485366,-0.44414760822485366
20915,2016,MRVE3,2017-03-13,2018-03-21,0.2754,-0.21182754735524534,-0.21182754735524534
20915,2017,MRVE3,2018-03-08,2019-03-19,0.14049999999999996,0.04191418192887597,0.04191418192887597
20915,2018,MRVE3,2019-02-28,2020-03-06,0.0655,0.6305361494744073,0.6305361494744073
20915,2019,MRVE3,2020-03-02,2021-03-09,0.1451,-0.4112350436987051,-0.4112350436987051
20915,2020,MRVE3,2021-03-04,2022-03-09,0.06599999999999995,-0.28848944926543896,-0.28848944926543896
20915,2021,MRVE3,2023-07-06,2024-07-10,0.036599999999999966,-0.3593046365721231,-0.3593046365721231
20915,2022,MRVE3,2023-07-06,2024-07-10,0.19569999999999999,-0.3593046365721231,-0.3593046365721231
20915,2023,MRVE3,2024-02-29,2025-02-28,0.019499999999999962,-0.014564653491655477,-0.014564653491655477
20915,2024,MRVE3,2025-02-24,2026-03-02,0.02959999999999996,-0.11970781820865628,-0.11970781820865628
20931,2012,BEEF3,2013-03-20,2014-03-25,0.24719999999999998,-0.5810422972790985,-0.5810422972790985
20931,2013,BEEF3,2014-03-11,2015-03-17,0.8362,-0.22881725423191368,-0.22881725423191368
20931,2014,BEEF3,2015-03-27,2016-04-07,0.8524,0.8420396933216967,0.8420396933216967
20931,2015,BEEF3,2016-03-08,2017-03-10,0.05410000000000004,-0.643342424995857,-0.643342424995857
20931,2016,BEEF3,2017-02-23,2018-03-07,0.8376,-0.0776573013634706,-0.0776573013634706
20931,2017,BEEF3,2018-03-05,2019-03-14,0.5246,-0.021981580148229596,-0.021981580148229596
20931,2018,BEEF3,2019-03-12,2020-03-16,0.4302,0.5099328979257982,0.5099328979257982
20931,2019,BEEF3,2020-02-18,2021-02-26,0.16779999999999995,-0.522753833536642,-0.522753833536642
20931,2022,BEEF3,2023-02-23,2024-02-29,0.028100000000000014,-0.550506843432976,-0.550506843432976
20931,2023,BEEF3,2024-03-25,2025-03-27,0.02410000000000001,0.26062584431854185,0.26062584431854185
20931,2024,BEEF3,2025-03-19,2026-03-23,0.03859999999999997,-0.3777401316464283,-0.3777401316464283
20982,2013,MULT3,2014-03-19,2015-03-25,0.728,0.22633527976335044,0.22633527976335044
20982,2014,MULT3,2015-02-24,2016-03-04,0.8143,-0.040764965846702195,-0.040764965846702195
20982,2015,MULT3,2016-02-24,2017-02-23,0.03059999999999996,0.04417161992166174,0.04417161992166174
20982,2016,MULT3,2017-03-09,2018-03-19,0.0948,-0.17095438179445277,-0.17095438179445277
20982,2017,MULT3,2018-02-28,2019-03-11,0.02529999999999999,0.3333748700004393,0.3333748700004393
20982,2018,MULT3,2019-02-21,2020-02-28,0.10760000000000003,0.11983382823725153,0.11983382823725153
20982,2019,MULT3,2020-02-17,2021-02-25,0.573,-0.4114830344015581,-0.4114830344015581
20982,2020,MULT3,2021-02-11,2022-02-16,0.5690999999999999,0.6085740274363574,0.6085740274363574
20982,2021,MULT3,2022-02-10,2023-02-13,0.031200000000000006,0.23650169375111885,0.23650169375111885
20982,2022,MULT3,2023-02-09,2024-02-19,0.05069999999999997,-0.2623388765394762,-0.2623388765394762
20982,2023,MULT3,2024-02-08,2025-02-11,0.4135,-0.19641753256732652,-0.19641753256732652
20982,2024,MULT3,2025-02-06,2026-02-10,0.15039999999999998,0.10392552674213373,0.10392552674213373
20990,2011,AMER3,2012-04-11,2013-04-22,0.2622,2.5055913760093715,2.5055913760093715
20990,2012,AMER3,2013-03-07,2014-03-12,0.3992,0.6949253309448111,0.6949253309448111
20990,2013,AMER3,2014-03-19,2015-03-25,0.05379999999999996,-0.41322917369449286,-0.41322917369449286
20990,2014,AMER3,2015-03-18,2016-03-29,0.15059999999999996,-0.2521360561207502,-0.2521360561207502
20990,2017,AMER3,2018-03-07,2019-03-18,0.031299999999999994,0.06036447758158303,0.06036447758158303
20990,2022,AMER3,2023-11-16,2024-11-14,0.06599999999999995,-0.25579193371099584,-0.25579193371099584
20990,2023,AMER3,2024-08-14,2025-08-19,0.21689999999999998,-0.8734954668327182,-0.8632248446210138
20990,2024,AMER3,2025-03-26,2026-03-30,0.45120000000000005,-1.0899718639787874,-0.8632248446210138
21016,2011,YDUQ3,2013-01-18,2014-01-24,0.40959999999999996,-0.2868119423837012,-0.2868119423837012
21016,2014,YDUQ3,2015-03-19,2016-03-30,0.10050000000000003,0.11320868045152221,0.11320868045152221
21016,2015,YDUQ3,2016-03-10,2017-03-14,0.08599999999999997,-0.03384391080971727,-0.03384391080971727
21016,2016,YDUQ3,2017-03-16,2018-03-26,0.392,0.8740862743828426,0.8740862743828426
21016,2017,YDUQ3,2018-03-15,2019-03-26,0.9365,-0.5348281101191791,-0.5348281101191791
21016,2018,YDUQ3,2019-03-14,2020-03-18,0.0,0.3833962260509294,0.3833962260509294
21016,2019,YDUQ3,2020-03-23,2021-03-30,0.0,-0.32834813617340564,-0.32834813617340564
21091,2011,DXCO3,2012-02-17,2013-03-01,0.4858,1.0432422553205911,1.0432422553205911
21091,2012,DXCO3,2013-02-22,2014-02-25,0.05779999999999996,-0.38990052299117894,-0.38990052299117894
21091,2013,DXCO3,2014-02-17,2015-02-25,0.08860000000000001,-0.3667127940303382,-0.3667127940303382
21091,2014,DXCO3,2015-02-05,2016-02-18,0.14070000000000005,0.18863925301274254,0.18863925301274254
21091,2015,DXCO3,2016-02-15,2017-02-14,0.11550000000000005,-0.05041974155668605,-0.05041974155668605
21091,2016,DXCO3,2017-02-08,2018-02-20,0.07099999999999995,0.11243676715056128,0.11243676715056128
21091,2017,DXCO3,2018-02-05,2019-02-14,0.07010000000000005,0.08493896488688835,0.08493896488688835
21091,2018,DXCO3,2019-02-13,2020-02-18,0.05159999999999998,-0.13243947309869186,-0.13243947309869186
21091,2019,DXCO3,2020-02-12,2021-02-22,0.09150000000000003,0.16505559177077989,0.16505559177077989
21091,2020,DXCO3,2021-02-08,2022-02-11,0.059599999999999986,-0.5822989145066297,-0.5822989145066297
21091,2021,DXCO3,2022-02-09,2023-02-10,0.12139999999999995,-0.25326262368349106,-0.25326262368349106
21091,2022,DXCO3,2023-03-08,2024-03-13,0.07140000000000002,0.7561536109158691,0.7561536109158691
21091,2023,DXCO3,2024-03-06,2025-03-10,0.029200000000000004,-0.3893601021664468,-0.3893601021664468
21091,2024,DXCO3,2025-03-12,2026-03-16,0.5888,-0.36352231920071854,-0.36352231920071854
21148,2017,TEND3,2018-03-08,2019-03-19,0.41900000000000004,-0.9161109689011385,-0.8632248446210138
21148,2018,TEND3,2019-03-12,2020-03-16,0.12880000000000003,0.04533405509836874,0.04533405509836874
21148,2019,TEND3,2020-03-19,2021-03-26,0.2744,-0.4994476724362392,-0.4994476724362392
21148,2021,TEND3,2022-03-10,2023-03-13,0.7299,0.28241055258243053,0.28241055258243053
21148,2022,TEND3,2023-03-09,2024-03-14,0.33709999999999996,0.9575843951745595,0.9575843951745595
21148,2023,TEND3,2023-05-03,2024-05-07,0.04269999999999996,-0.17778490552546722,-0.17778490552546722
21180,2020,NEXP3,2021-03-01,2022-03-04,0.07250000000000001,-0.3205466936590392,-0.3205466936590392
21180,2021,NEXP3,2022-03-24,2023-03-27,0.6312,-0.9222791260940589,-0.8632248446210138
21180,2022,NEXP3,2023-09-22,2024-10-03,0.946,1.2368160543989921,1.2368160543989921
21180,2023,NEXP3,2024-04-18,2025-04-23,0.21009999999999995,-0.1105036576624282,-0.1105036576624282
21237,2011,ENEV3,2013-05-23,2014-05-29,0.22250000000000003,-0.7750421066209426,-0.7750421066209426
21237,2012,ENEV3,2013-05-24,2014-05-30,0.17120000000000002,-0.7825112165174593,-0.7825112165174593
21237,2013,ENEV3,2014-03-28,2015-04-06,0.3456,-0.2908749036372218,-0.2908749036372218
21237,2014,ENEV3,2015-03-26,2016-04-06,0.06010000000000004,1.6580523102455773,1.6580523102455773
21237,2015,ENEV3,2016-03-24,2017-03-28,0.19499999999999995,-0.7555625643887038,-0.7555625643887038
21237,2016,ENEV3,2017-09-18,2018-09-26,0.45589999999999997,-0.29379242466360467,-0.29379242466360467
21237,2019,ENEV3,2020-04-13,2021-04-20,0.15849999999999997,-0.4123322041291284,-0.4123322041291284
21237,2020,ENEV3,2021-03-10,2022-03-15,0.3417,-0.43813916795344143,-0.43813916795344143
21237,2021,ENEV3,2022-03-21,2023-03-22,0.05669999999999997,0.12314484930085512,0.12314484930085512
21237,2024,ENEV3,2025-03-20,2026-03-24,0.08499999999999996,0.48287790901977035,0.48287790901977035
21300,2011,ALSC3,2012-12-05,2013-12-11,0.34509999999999996,-0.39068683386861713,-0.39068683386861713
21342,2011,OSXB3,2012-03-30,2013-04-11,0.06810000000000005,-0.6966376546778597,-0.6966376546778597
21342,2012,OSXB3,2013-04-05,2014-04-10,0.0928,-0.6260168894312798,-0.6260168894312798
21342,2013,OSXB3,2014-04-17,2015-04-27,0.08099999999999996,1.3738709241153804,1.3738709241153804
21342,2014,OSXB3,2015-04-15,2016-04-27,0.04520000000000002,-0.3946055383001047,-0.3946055383001047
21342,2015,OSXB3,2016-04-12,2017-08-08,0.16349999999999998,-0.8463076785262791,-0.8463076785262791
21342,2017,OSXB3,2018-03-29,2019-07-17,0.19999999999999996,-0.030756044815046457,-0.030756044815046457
21342,2018,OSXB3,2019-03-26,2020-05-12,0.11509999999999998,0.02627922164527141,0.02627922164527141
21342,2019,OSXB3,2020-03-31,2021-04-09,9.999999999998899e-05,0.6758056240359871,0.6758056240359871
21342,2020,OSXB3,2021-03-30,2022-04-04,0.03300000000000003,-0.9940678592372207,-0.8632248446210138
21342,2021,OSXB3,2022-03-28,2023-03-29,0.15910000000000002,0.9291239337402395,0.9291239337402395
21342,2022,OSXB3,2023-03-28,2024-04-08,0.021100000000000008,-0.5838623189660339,-0.5838623189660339
21342,2023,OSXB3,2024-03-28,2025-04-07,0.023299999999999987,-0.385931006804627,-0.385931006804627
21350,2012,DIRR3,2013-03-25,2014-03-28,0.0494,-0.46912714737007954,-0.46912714737007954
21350,2013,DIRR3,2014-03-17,2015-03-23,0.028100000000000014,-0.10617814940593073,-0.10617814940593073
21350,2014,DIRR3,2015-03-16,2016-03-24,0.05669999999999997,0.4678754062223889,0.4678754062223889
21350,2015,DIRR3,2016-03-14,2017-03-16,0.7312000000000001,-0.5020082785022093,-0.5020082785022093
21350,2016,DIRR3,2017-03-20,2018-03-28,0.8218,0.278366527108165,0.278366527108165
21350,2017,DIRR3,2018-03-26,2019-04-04,0.9354,0.5828372288074379,0.5828372288074379
21350,2018,DIRR3,2019-03-11,2020-03-13,0.9504,0.012408948532529829,0.012408948532529829
21350,2019,DIRR3,2020-03-09,2021-03-16,0.4628,-0.40523007723357873,-0.40523007723357873
21350,2020,DIRR3,2021-03-15,2022-03-18,0.129,-0.15517309687780112,-0.15517309687780112
21350,2021,DIRR3,2022-03-14,2023-03-15,0.08520000000000005,0.7589616034153277,0.7589616034153277
21350,2022,DIRR3,2023-10-26,2024-10-28,0.03639999999999999,0.36972142881893144,0.36972142881893144
21431,2011,HYPE3,2012-03-12,2013-03-21,0.08720000000000006,1.0491080389433405,1.0491080389433405
21431,2012,HYPE3,2013-03-06,2014-03-11,0.34240000000000004,-0.3647351745287132,-0.3647351745287132
21431,2013,HYPE3,2014-03-19,2015-03-25,0.04859999999999998,0.13669709064597857,0.13669709064597857
21431,2014,HYPE3,2015-02-06,2016-02-19,0.01649999999999996,0.3167118113234326,0.3167118113234326
21431,2015,HYPE3,2016-02-26,2017-03-01,0.04569999999999996,-0.553226797845012,-0.553226797845012
21431,2016,HYPE3,2017-02-17,2018-03-01,0.16979999999999995,0.06985805585541893,0.06985805585541893
21431,2017,HYPE3,2018-02-23,2019-03-06,0.5610999999999999,-0.3449254477888636,-0.3449254477888636
21431,2018,HYPE3,2019-02-21,2020-02-28,0.08320000000000005,0.38796123748908684,0.38796123748908684
21431,2019,HYPE3,2020-03-06,2021-03-15,0.08660000000000001,-0.48914491224723866,-0.48914491224723866
21431,2020,HYPE3,2021-02-26,2022-03-03,0.07740000000000002,0.028476723183512576,0.028476723183512576
21431,2021,HYPE3,2022-02-24,2023-03-01,0.06269999999999998,0.4051486149671595,0.4051486149671595
21431,2022,HYPE3,2023-02-16,2024-02-26,0.06579999999999997,-0.5512840715503691,-0.5512840715503691
21431,2023,HYPE3,2024-03-13,2025-03-17,0.038799999999999946,-0.21268089955536684,-0.21268089955536684
21431,2024,HYPE3,2025-03-20,2026-03-24,0.03720000000000001,0.6437766069215907,0.6437766069215907
21490,2015,ALUP11,2016-03-10,2017-03-14,0.06289999999999996,0.34929786876988955,0.34929786876988955
21490,2016,ALUP11,2017-03-20,2018-03-28,0.047799999999999954,-0.3341863905685055,-0.3341863905685055
21490,2017,ALUP11,2018-03-08,2019-03-19,0.05700000000000005,0.7443679700991639,0.7443679700991639
21490,2018,ALUP11,2019-05-15,2020-05-20,0.02939999999999998,-0.25469437544688533,-0.25469437544688533
21881,2011,FLRY3,2012-03-01,2013-03-12,0.4081,-0.1497029539363256,-0.1497029539363256
21881,2012,FLRY3,2013-03-07,2014-03-12,0.09789999999999999,0.08320060358532433,0.08320060358532433
21881,2013,FLRY3,2014-03-13,2015-03-19,0.2026,-0.19195646739051042,-0.19195646739051042
21881,2014,FLRY3,2015-03-25,2016-04-05,0.05249999999999999,0.7459024805111727,0.7459024805111727
21881,2015,FLRY3,2016-03-03,2017-03-07,0.35119999999999996,0.4119888552483051,0.4119888552483051
21881,2018,FLRY3,2019-04-18,2020-04-24,0.035699999999999954,0.3458077593481945,0.3458077593481945
21881,2019,FLRY3,2020-02-19,2021-03-01,0.10470000000000002,-0.16011604037105187,-0.16011604037105187
21881,2020,FLRY3,2021-02-25,2022-03-02,0.0028000000000000247,-0.26105762866828786,-0.26105762866828786
21881,2021,FLRY3,2022-03-17,2023-03-20,0.10129999999999995,0.2423288945294504,0.2423288945294504
21881,2022,FLRY3,2023-03-16,2024-03-21,0.01870000000000005,0.010549728568319816,0.010549728568319816
21881,2023,FLRY3,2024-03-07,2025-03-11,0.09440000000000004,-0.32257814328977263,-0.32257814328977263
21881,2024,FLRY3,2025-02-27,2026-03-05,0.31079999999999997,0.3904927439612489,0.3904927439612489
22012,2012,MILS3,2013-03-04,2014-03-07,0.23150000000000004,-0.2788186961578115,-0.2788186961578115
22012,2013,MILS3,2014-03-11,2015-03-17,0.19310000000000005,-0.6245492528448477,-0.6245492528448477
22012,2014,MILS3,2015-03-10,2016-03-18,0.31589999999999996,0.20489207355824646,0.20489207355824646
22012,2015,MILS3,2016-03-09,2017-03-13,0.06920000000000004,0.1803895666723443,0.1803895666723443
22012,2016,MILS3,2017-03-14,2018-03-22,0.055499999999999994,-0.275390481937424,-0.275390481937424
22012,2017,MILS3,2018-03-19,2019-03-28,0.17390000000000005,1.0358051849900676,1.0358051849900676
22012,2018,MILS3,2019-03-14,2020-03-18,0.08650000000000002,-0.1455822952425483,-0.1455822952425483
22012,2019,MILS3,2020-03-25,2021-04-01,0.19820000000000004,-0.3723786835041051,-0.3723786835041051
22012,2022,MILS3,2023-03-29,2024-04-04,0.14329999999999998,-0.2935710213263574,-0.2935710213263574
22012,2023,MILS3,2024-03-19,2025-03-21,0.013499999999999956,-0.40840486937293197,-0.40840486937293197
22055,2012,AMAR3,2013-02-05,2014-02-10,0.03979999999999995,-0.6604671586946583,-0.6604671586946583
22055,2015,AMAR3,2016-02-25,2017-03-01,0.2137,-0.2188151414228524,-0.2188151414228524
22055,2020,AMAR3,2021-03-22,2022-03-25,0.9086,0.19493066661385883,0.19493066661385883
22055,2021,AMAR3,2022-03-16,2023-03-17,0.9523,-0.454063225530706,-0.454063225530706
22055,2022,AMAR3,2023-05-02,2024-05-06,0.08499999999999996,-0.1264958898652545,-0.1264958898652545
22055,2023,AMAR3,2024-04-22,2025-04-25,0.11270000000000002,1.4036243757413835,1.4036243757413835
22187,2011,PRIO3,2012-03-12,2013-03-21,0.006900000000000017,-0.3292927600596729,-0.3292927600596729
22187,2012,PRIO3,2013-03-04,2014-03-07,0.0039000000000000146,-0.326806688195897,-0.326806688195897
22187,2015,PRIO3,2016-03-23,2017-03-28,0.6404000000000001,2.9979688643601605,2.733076859071417
22187,2016,PRIO3,2017-03-28,2018-04-06,0.12860000000000005,-0.7338015909805002,-0.7338015909805002
22187,2017,PRIO3,2020-11-03,2021-11-10,0.2982,0.0561454384548159,0.0561454384548159
22187,2018,PRIO3,2019-03-11,2020-03-13,0.1511,-0.6225397931236214,-0.6225397931236214
22187,2019,PRIO3,2020-08-28,2021-09-06,0.3366,-0.6274406135589059,-0.6274406135589059
22187,2020,PRIO3,2021-03-02,2022-03-07,0.8691,-0.4694506139334249,-0.4694506139334249
22187,2021,PRIO3,2022-02-15,2023-02-16,0.17279999999999995,-0.31136693670206894,-0.31136693670206894
22349,2013,AZZA3,2014-03-19,2015-03-25,0.07630000000000003,0.5048341815851902,0.5048341815851902
22349,2014,AZZA3,2015-03-03,2016-03-11,0.13590000000000002,-0.24527119436779432,-0.24527119436779432
22349,2015,AZZA3,2016-03-02,2017-03-06,0.06520000000000004,0.2870089271903311,0.2870089271903311
22349,2016,AZZA3,2017-03-08,2018-03-16,0.04520000000000002,0.0358440957287367,0.0358440957287367
22349,2017,AZZA3,2018-03-07,2019-03-18,0.1291,-0.2179255821350653,-0.2179255821350653
22349,2018,AZZA3,2019-02-20,2020-02-27,0.19630000000000003,-0.18079766670335407,-0.18079766670335407
22349,2019,AZZA3,2020-05-08,2021-05-14,0.07420000000000004,0.38539508554746105,0.38539508554746105
22349,2020,AZZA3,2021-03-04,2022-03-09,0.20079999999999998,-0.1537029153441133,-0.1537029153441133
22349,2021,AZZA3,2022-03-11,2023-03-14,0.052200000000000024,-0.01212990557234972,-0.01212990557234972
22349,2022,AZZA3,2023-04-17,2024-04-22,0.07469999999999999,-0.22563715766654935,-0.22563715766654935
22349,2023,AZZA3,2024-03-07,2025-03-11,0.033499999999999974,-0.39064524571333636,-0.39064524571333636
22349,2024,AZZA3,2025-03-11,2026-03-13,0.2694,0.18096441493605897,0.18096441493605897
22357,2011,ALOS3,2012-04-12,2013-04-23,0.21289999999999998,-0.2463799819757886,-0.2463799819757886
22357,2012,ALOS3,2013-03-07,2014-03-12,0.09519999999999995,-0.28741546733462575,-0.28741546733462575
22357,2013,ALOS3,2014-03-13,2015-03-19,0.06059999999999999,0.42740636475480054,0.42740636475480054
22357,2014,ALOS3,2015-03-04,2016-03-15,0.07079999999999997,-0.35291697199760597,-0.35291697199760597
22357,2015,ALOS3,2016-03-03,2017-03-07,0.012900000000000023,0.1848689927190048,0.1848689927190048
22357,2016,ALOS3,2017-03-06,2018-03-14,0.24039999999999995,-0.12793546540297052,-0.12793546540297052
22357,2017,ALOS3,2018-03-13,2019-03-22,0.07230000000000003,0.2786351090693051,0.2786351090693051
22357,2018,ALOS3,2019-04-08,2020-04-13,0.03510000000000002,-0.030509236192479028,-0.030509236192479028
22357,2023,ALOS3,2024-03-20,2025-03-24,0.34550000000000003,-0.3055386992003909,-0.3055386992003909
22357,2024,ALOS3,2025-03-17,2026-03-19,0.10940000000000005,0.39114984263910446,0.39114984263910446
22365,2011,ENAT3,2012-03-14,2013-03-25,0.16279999999999994,0.17243079708214104,0.17243079708214104
22365,2012,ENAT3,2013-03-13,2014-03-18,0.7617,0.013021831933090144,0.013021831933090144
22365,2013,ENAT3,2014-02-26,2015-03-06,0.5677,0.2027801148950812,0.2027801148950812
22365,2014,ENAT3,2015-03-16,2016-03-24,0.16000000000000003,-0.18234109921680597,-0.18234109921680597
22365,2015,ENAT3,2016-03-10,2017-03-14,0.18820000000000003,-0.27024106289773575,-0.27024106289773575
22365,2016,ENAT3,2017-03-15,2018-03-23,0.03969999999999996,0.6275342786145972,0.6275342786145972
22365,2017,ENAT3,2018-03-08,2019-03-19,0.0030999999999999917,0.06813570682283276,0.06813570682283276
22365,2018,ENAT3,2019-03-18,2020-03-20,0.0049000000000000155,-0.6615702815724775,-0.6615702815724775
22470,2011,MGLU3,2012-04-04,2013-04-16,0.37939999999999996,-0.0472215283875399,-0.0472215283875399
22470,2012,MGLU3,2013-03-26,2014-03-31,0.25680000000000003,-0.01338928497106695,-0.01338928497106695
22470,2013,MGLU3,2014-02-24,2015-03-04,0.1261,0.06584881022422695,0.06584881022422695
22470,2014,MGLU3,2015-02-26,2016-03-08,0.46130000000000004,-0.32152581965123717,-0.32152581965123717
22470,2015,MGLU3,2017-05-31,2018-06-08,0.3087,-0.6537058231009897,-0.6537058231009897
22470,2016,MGLU3,2017-05-31,2018-06-08,0.20940000000000003,-0.6537058231009897,-0.6537058231009897
22470,2017,MGLU3,2018-02-22,2019-03-01,0.17369999999999997,-0.028793221776036493,-0.028793221776036493
22470,2018,MGLU3,2019-02-25,2020-03-03,0.2339,-0.22813434370678787,-0.22813434370678787
22470,2019,MGLU3,2020-02-17,2021-02-25,0.27090000000000003,-0.2327857601902873,-0.2327857601902873
23035,2013,LINX3,2014-02-13,2015-02-23,0.033499999999999974,-0.24188601229958928,-0.24188601229958928
23035,2014,LINX3,2015-02-12,2016-02-25,0.11980000000000002,-0.12758695623408678,-0.12758695623408678
23035,2015,LINX3,2016-02-18,2017-02-17,0.03269999999999995,-0.3009090674221925,-0.3009090674221925
23035,2016,LINX3,2017-02-13,2018-02-23,0.21960000000000002,-0.1421041462949374,-0.1421041462949374
23035,2017,LINX3,2018-02-19,2019-02-26,0.04920000000000002,0.7377346434520202,0.7377346434520202
23221,2014,SEER3,2015-04-01,2016-04-12,0.11260000000000003,0.3205598890558763,0.3205598890558763
23221,2015,SEER3,2016-03-21,2017-03-23,0.2583,0.3469778452815053,0.3469778452815053
23221,2016,SEER3,2017-03-17,2018-03-27,0.13160000000000005,-0.32350853262186285,-0.32350853262186285
23221,2017,SEER3,2018-03-23,2019-04-03,0.1765,-0.40199430968722105,-0.40199430968722105
23221,2018,SEER3,2019-03-28,2020-04-01,0.06259999999999999,0.1738850327672301,0.1738850327672301
23221,2019,SEER3,2020-03-27,2021-04-06,0.026599999999999957,-0.5995751487479413,-0.5995751487479413
23221,2020,SEER3,2021-03-26,2022-03-31,0.10140000000000005,0.715664221824776,0.715664221824776
23221,2021,SEER3,2022-03-25,2023-03-28,0.25649999999999995,-0.6265906641758925,-0.6265906641758925
23221,2022,SEER3,2023-03-24,2024-04-01,0.5897,3.0419946500390234,2.733076859071417
23221,2023,SEER3,2024-03-25,2025-03-27,0.6038,-0.3932106163473763,-0.3932106163473763
23248,2014,ANIM3,2015-02-26,2016-03-08,0.35350000000000004,-0.5410365566533974,-0.5410365566533974
23248,2015,ANIM3,2016-03-08,2017-03-10,0.18179999999999996,0.053652573945256465,0.053652573945256465
23248,2016,ANIM3,2017-03-14,2018-03-22,0.1552,0.3912042672901317,0.3912042672901317
23248,2017,ANIM3,2018-03-21,2019-04-01,0.08399999999999996,-0.6107657880415971,-0.6107657880415971
23248,2018,ANIM3,2019-03-21,2020-03-25,0.2299,0.7904355374872294,0.7904355374872294
23248,2019,ANIM3,2020-03-11,2021-03-18,0.17379999999999995,-0.5011591633078607,-0.5011591633078607
23248,2020,ANIM3,2021-03-17,2022-03-22,0.32899999999999996,-0.15927329229728415,-0.15927329229728415
23248,2021,ANIM3,2022-03-28,2023-03-29,0.3157,-0.37626392525670493,-0.37626392525670493
23248,2022,ANIM3,2023-03-27,2024-04-02,0.14259999999999995,0.3837191124268007,0.3837191124268007
23248,2023,ANIM3,2024-03-25,2025-03-27,0.9063,-0.3428730079637332,-0.3428730079637332
23264,2014,ABEV3,2015-02-26,2016-03-08,0.05800000000000005,0.11636911967537289,0.11636911967537289
23264,2015,ABEV3,2016-02-25,2017-02-24,0.02949999999999997,-0.3444446658178658,-0.3444446658178658
23264,2016,ABEV3,2018-07-05,2019-07-17,0.06369999999999998,-0.13704172966125427,-0.13704172966125427
23264,2017,ABEV3,2018-07-05,2019-07-17,0.00039999999999995595,-0.13704172966125427,-0.13704172966125427
23264,2018,ABEV3,2019-02-28,2020-03-06,0.05010000000000003,0.044230076741715196,0.044230076741715196
23264,2019,ABEV3,2020-02-27,2021-03-05,0.08020000000000005,0.1301973415933999,0.1301973415933999
23264,2020,ABEV3,2021-02-25,2022-03-02,0.2249,0.10170770020856312,0.10170770020856312
23264,2023,ABEV3,2024-02-29,2025-02-28,0.036800000000000055,0.05075119284616614,0.05075119284616614
23264,2024,ABEV3,2025-02-26,2026-03-04,0.02210000000000001,0.2597457740981288,0.2597457740981288
23272,2016,LOGG3,2019-10-10,2020-10-16,0.0615,0.07006262472242497,0.07006262472242497
23272,2019,LOGG3,2020-02-18,2021-02-26,0.34309999999999996,0.022817099777983074,0.022817099777983074
23272,2020,LOGG3,2021-02-09,2022-02-14,0.08399999999999996,-0.369540526766711,-0.369540526766711
23272,2021,LOGG3,2022-02-08,2023-02-09,0.6901999999999999,-0.18905681302991462,-0.18905681302991462
23272,2022,LOGG3,2023-02-08,2024-02-16,0.7195,0.3988742761367896,0.3988742761367896
23272,2023,LOGG3,2024-02-06,2025-02-07,0.10289999999999999,-0.12853196902843878,-0.12853196902843878
23272,2024,LOGG3,2025-02-05,2026-02-09,0.35940000000000005,-0.022289915950986727,-0.022289915950986727
23310,2014,CVCB3,2015-02-09,2016-02-22,0.1814,-0.20050582113578752,-0.20050582113578752
23310,2015,CVCB3,2016-02-19,2017-02-20,0.9097,0.4070161932889109,0.4070161932889109
23310,2016,CVCB3,2017-02-15,2018-02-27,0.17889999999999995,-0.11617478578518314,-0.11617478578518314
23310,2019,CVCB3,2020-09-01,2021-09-09,0.43379999999999996,0.6964909368936465,0.6964909368936465
23310,2024,CVCB3,2025-03-26,2026-03-30,0.24280000000000002,-0.4945201257348215,-0.4945201257348215
23450,2015,RUMO3,2016-02-25,2017-02-24,0.9031,2.0022735593542436,2.0022735593542436
23485,2014,RLOG3,2015-03-18,2016-03-29,0.17000000000000004,-0.7837213405153021,-0.7837213405153021
23485,2015,RLOG3,2016-02-25,2017-02-24,0.8726,1.9386077257364196,1.9386077257364196
23485,2016,RLOG3,2017-02-21,2018-03-05,0.7554,-0.4858483540536145,-0.4858483540536145
23485,2017,RLOG3,2018-03-26,2019-04-04,0.22699999999999998,0.18410416739832702,0.18410416739832702
23485,2018,RLOG3,2019-02-13,2020-02-18,0.17710000000000004,-0.4662576042880783,-0.4662576042880783
23485,2019,RLOG3,2020-02-17,2021-02-25,0.47540000000000004,-0.04082373289425545,-0.04082373289425545
23574,2012,MEAL3,2015-03-24,2016-04-04,0.01419999999999999,0.5509172979567649,0.5509172979567649
23574,2013,MEAL3,2015-03-24,2016-04-04,0.14749999999999996,0.5509172979567649,0.5509172979567649
23574,2014,MEAL3,2015-03-30,2016-04-08,0.40790000000000004,0.6368610298461246,0.6368610298461246
23574,2015,MEAL3,2016-03-22,2017-03-24,0.03310000000000002,0.935722247868422,0.935722247868422
23574,2016,MEAL3,2017-03-28,2018-04-06,0.2679,-0.22868127600092325,-0.22868127600092325
23574,2017,MEAL3,2018-03-27,2019-04-05,0.12829999999999997,-0.2586967170933815,-0.2586967170933815
23574,2018,MEAL3,2019-03-29,2020-04-02,0.03949999999999998,-0.3430396763413863,-0.3430396763413863
23574,2019,MEAL3,2020-03-30,2021-04-07,0.16349999999999998,0.23218029990320632,0.23218029990320632
23574,2020,MEAL3,2021-03-30,2022-04-04,0.258,-0.1735344014335264,-0.1735344014335264
23574,2023,MEAL3,2024-03-26,2025-03-28,0.08460000000000001,-0.3466040540584473,-0.3466040540584473
23825,2017,MOVI3,2018-03-21,2019-04-01,0.6688000000000001,0.5234910370484842,0.5234910370484842
23825,2018,MOVI3,2019-04-02,2020-04-06,0.45030000000000003,-0.2584171576148123,-0.2584171576148123
23825,2019,MOVI3,2020-03-10,2021-03-17,0.5729,-0.3183904496212715,-0.3183904496212715
23825,2020,MOVI3,2021-02-23,2022-02-24,0.19010000000000005,-0.25492947900394025,-0.25492947900394025
23825,2021,MOVI3,2022-02-21,2023-02-24,0.16279999999999994,-0.4558255707540474,-0.4558255707540474
23825,2022,MOVI3,2024-01-31,2025-02-03,0.13039999999999996,-0.6705643222130566,-0.6705643222130566
23825,2023,MOVI3,2024-03-25,2025-03-27,0.09830000000000005,-0.27640779961065265,-0.27640779961065265
24260,2021,SMFT3,2022-03-17,2023-03-20,0.3326,0.07155424999806037,0.07155424999806037
24260,2022,SMFT3,2023-05-30,2024-06-04,0.3832,-0.051363330813644525,-0.051363330813644525
24260,2023,SMFT3,2024-03-14,2025-03-18,0.8432999999999999,-0.4185971161981983,-0.4185971161981983
24260,2024,SMFT3,2025-03-13,2026-03-17,0.624,-0.31242231919084096,-0.31242231919084096
24295,2021,VBBR3,2022-03-22,2023-03-23,0.8221,-0.35601559584386444,-0.35601559584386444
24295,2022,VBBR3,2023-03-21,2024-03-26,0.6489,0.781062340816832,0.781062340816832
24392,2020,HAPV3,2021-03-23,2022-03-28,0.15190000000000003,-0.4221356263836744,-0.4221356263836744
24392,2021,HAPV3,2022-03-23,2023-03-24,0.19010000000000005,-0.6634117586464039,-0.6634117586464039
24392,2024,HAPV3,2025-03-19,2026-03-23,0.05130000000000001,-0.7380574092360429,-0.7380574092360429
24694,2019,SBFG3,2020-03-27,2021-04-06,0.21250000000000002,-0.8237545359193461,-0.8237545359193461
24694,2020,SBFG3,2021-03-30,2022-04-04,0.26139999999999997,0.3349042790409491,0.3349042790409491
24716,2021,VAMO3,2022-02-17,2023-02-22,0.09099999999999997,-0.18121244425535654,-0.18121244425535654
24716,2022,VAMO3,2023-02-13,2024-02-21,0.17420000000000002,-0.637677526689573,-0.637677526689573
24716,2023,VAMO3,2024-03-18,2025-03-20,0.11060000000000003,-0.052013616363364434,-0.052013616363364434
24716,2024,VAMO3,2025-03-28,2026-04-01,0.5455,-0.2990412650928448,-0.2990412650928448
24805,2020,VIVA3,2021-03-17,2022-03-22,0.4488,0.049766586510185506,0.049766586510185506
24805,2021,VIVA3,2022-03-17,2023-03-20,0.0665,-0.010464402263800077,-0.010464402263800077
24805,2022,VIVA3,2023-03-16,2024-03-21,0.14339999999999997,-0.12361446498812079,-0.12361446498812079
24805,2023,VIVA3,2024-03-20,2025-03-24,0.05389999999999995,-0.387967908427885,-0.387967908427885
24805,2024,VIVA3,2025-03-18,2026-03-20,0.1874,0.4191737288443138,0.4191737288443138
24821,2021,RDOR3,2022-03-29,2023-03-30,0.07440000000000002,-0.38920096308517593,-0.38920096308517593
24821,2022,RDOR3,2023-03-27,2024-04-02,0.1251,0.5878170051972789,0.5878170051972789
24821,2023,RDOR3,2024-03-26,2025-03-28,0.2996,0.03164049102362121,0.03164049102362121
24821,2024,RDOR3,2025-03-10,2026-03-12,0.027100000000000013,-0.25106818797999464,-0.25106818797999464
24910,2020,LWSA3,2021-03-24,2022-03-29,0.5043,-0.9328619336659144,-0.8632248446210138
24910,2021,LWSA3,2022-03-29,2023-03-30,0.06130000000000002,0.7270507730917752,0.7270507730917752
24910,2022,LWSA3,2023-03-23,2024-03-28,0.047799999999999954,-0.2611528928783208,-0.2611528928783208
24910,2023,LWSA3,2024-03-20,2025-03-24,0.06010000000000004,-0.5510214211867444,-0.5510214211867444
24910,2024,LWSA3,2025-03-13,2026-03-17,0.02059999999999995,0.2792615378972574,0.2792615378972574
24929,2019,TIMS3,2020-03-06,2021-03-15,0.13590000000000002,-0.47538098290773956,-0.47538098290773956
24929,2020,TIMS3,2021-02-09,2022-02-14,0.3274,0.26755568735517365,0.26755568735517365
24929,2021,TIMS3,2022-02-25,2023-03-02,0.22299999999999998,-0.07253693391528016,-0.07253693391528016
24929,2022,TIMS3,2023-02-09,2024-02-19,0.16859999999999997,0.6818862506336252,0.6818862506336252
24929,2023,TIMS3,2024-02-06,2025-02-07,0.12190000000000001,-0.375950974244014,-0.375950974244014
24929,2024,TIMS3,2025-02-10,2026-02-12,0.10460000000000003,0.3880060295091219,0.3880060295091219
24961,2020,AMBP3,2021-04-08,2022-04-12,0.9022,0.5429333826624021,0.5429333826624021
24961,2021,AMBP3,2022-03-14,2023-03-15,0.9849,-0.5294158267273449,-0.5294158267273449
24961,2022,AMBP3,2023-03-28,2024-04-03,0.8851,-0.035823816354266236,-0.035823816354266236
24961,2023,AMBP3,2024-07-12,2025-07-17,0.9269000000000001,1.8820244245444409,1.8820244245444409
25003,2020,SIMH3,2021-04-09,2022-04-13,0.3278,-0.4004732102264462,-0.4004732102264462
25003,2021,SIMH3,2022-02-24,2023-03-01,0.42379999999999995,-0.34536693113793826,-0.34536693113793826
25003,2022,SIMH3,2023-03-07,2024-03-12,0.21519999999999995,0.05726505437221108,0.05726505437221108
25003,2023,SIMH3,2024-03-26,2025-03-28,0.14970000000000006,-0.4058862566884376,-0.4058862566884376
25100,2020,CURY3,2021-03-22,2022-03-25,0.057699999999999974,-0.07599500934947212,-0.07599500934947212
25100,2023,CURY3,2024-03-11,2025-03-13,0.6711,-0.019926865882739286,-0.019926865882739286
25186,2020,GMAT3,2021-03-24,2022-03-29,0.7204999999999999,0.1287310775499375,0.1287310775499375
25186,2021,GMAT3,2022-03-10,2023-03-13,0.365,0.7164073560208535,0.7164073560208535
25186,2023,GMAT3,2024-03-06,2025-03-10,0.5699000000000001,-0.27926732509787844,-0.27926732509787844
25372,2022,ASAI3,2023-02-15,2024-02-23,0.8761,-0.5316892138340259,-0.5316892138340259
25372,2023,ASAI3,2024-02-21,2025-02-20,0.9558,-0.28021931864983285,-0.28021931864983285
25372,2024,ASAI3,2025-02-20,2026-02-26,0.25570000000000004,0.28865810988084073,0.28865810988084073
25453,2021,INTB3,2022-11-01,2023-11-06,0.01539999999999997,-0.5772671842312658,-0.5772671842312658
25453,2022,INTB3,2023-03-01,2024-03-06,0.31689999999999996,-0.409509559965721,-0.409509559965721
25585,2021,CMIN3,2022-03-09,2023-03-10,0.7763,-0.12718089635665886,-0.12718089635665886
25585,2022,CMIN3,2023-03-08,2024-03-13,0.5846,0.010403330284212364,0.010403330284212364
25585,2023,CMIN3,2024-03-06,2025-03-10,0.5968,-0.10996844658457905,-0.10996844658457905
25585,2024,CMIN3,2025-04-01,2026-04-06,0.25229999999999997,-0.5924262418444025,-0.5924262418444025
25712,2023,GGPS3,2024-03-05,2025-03-07,0.881,-0.4176946780232539,-0.4176946780232539
25780,2021,RECV3,2022-06-02,2023-06-06,0.24480000000000002,-0.7293362412238944,-0.7293362412238944
25780,2022,RECV3,2023-03-22,2024-03-27,0.4396,-0.10994059602800432,-0.10994059602800432
25984,2021,CBAV3,2022-03-16,2023-03-17,0.23709999999999998,-0.8873041311301486,-0.8632248446210138
25984,2022,CBAV3,2023-03-09,2024-03-14,0.31720000000000004,-0.34164247785666724,-0.34164247785666724
25984,2023,CBAV3,2024-03-07,2025-03-11,0.1986,3.2381156298870355,2.733076859071417
26123,2021,ONCO3,2022-03-29,2023-03-30,0.42710000000000004,0.5337077070798906,0.5337077070798906
26123,2022,ONCO3,2023-03-28,2024-04-03,0.17279999999999995,-0.09395091465605587,-0.09395091465605587
26123,2023,ONCO3,2024-03-27,2025-03-31,0.15569999999999995,-0.5807812600531725,-0.5807812600531725
26620,2023,AURE3,2024-02-09,2025-02-12,0.48140000000000005,-0.1363648115731122,-0.1363648115731122
26620,2024,AURE3,2025-02-24,2026-03-02,0.35109999999999997,0.42773520795289843,0.42773520795289843
27111,2022,XPBR31,2023-03-30,2024-04-05,0.021700000000000053,1.7662066877705804,1.7662066877705804
27111,2023,XPBR31,2024-04-01,2025-04-02,0.014000000000000012,-0.6592390730641493,-0.6592390730641493
