cd_cvm,year_curr,ticker,window_start,window_end,TextChange,cosine_similarity,BHAR_raw,BHAR_ajustado
2437,2011,AXIA3,2012-04-17,2013-04-26,0.4061,0.5939,-0.46981008380920175,-0.46981008380920175
2437,2012,AXIA3,2013-04-12,2014-04-16,0.010099999999999998,0.9899,1.6769257624500487,1.6769257624500487
2437,2013,AXIA3,2014-04-03,2015-04-10,0.00990000000000002,0.9901,-0.057335485513304474,-0.057335485513304474
2437,2014,AXIA3,2015-04-09,2016-04-19,0.0020000000000000018,0.998,0.28169757482785274,0.28169757482785274
2437,2015,AXIA3,2016-03-31,2017-04-03,0.008900000000000019,0.9911,0.009861916039992868,0.009861916039992868
2437,2016,AXIA3,2017-03-27,2018-04-05,0.006700000000000039,0.9933,-0.5648387522438454,-0.5648387522438454
2437,2017,AXIA3,2018-03-27,2019-04-05,0.009800000000000031,0.9902,0.3511476151774251,0.3511476151774251
2437,2018,AXIA3,2019-03-27,2020-03-31,0.01649999999999996,0.9835,0.19770448805141494,0.19770448805141494
2437,2019,AXIA3,2020-03-27,2021-04-06,0.009499999999999953,0.9905,-0.13781134291256614,-0.13781134291256614
2437,2020,AXIA3,2021-03-19,2022-03-24,0.011399999999999966,0.9886,0.06949277925000685,0.06949277925000685
2437,2021,AXIA3,2022-03-18,2023-03-21,0.01649999999999996,0.9835,-0.09538890350990137,-0.09538890350990137
2437,2022,AXIA3,2023-03-13,2024-03-18,0.11180000000000001,0.8882,-0.08580191330556175,-0.08580191330556175
2437,2023,AXIA3,2024-05-14,2025-05-19,0.062100000000000044,0.9379,0.17515675334558534,0.17515675334558534
2437,2024,AXIA3,2025-03-17,2026-03-19,0.02300000000000002,0.977,0.39399483382251765,0.39399483382251765
2453,2011,CMIG4,2012-03-28,2013-04-09,0.34040000000000004,0.6596,-0.4933423283044074,-0.4933423283044074
2453,2012,CMIG4,2013-04-16,2014-04-22,0.24819999999999998,0.7518,0.05176296982892348,0.05176296982892348
2453,2013,CMIG4,2014-04-04,2015-04-13,0.2913,0.7087,-0.09423266227755578,-0.09423266227755578
2453,2014,CMIG4,2015-03-27,2016-04-07,0.41879999999999995,0.5812,-0.3782775862033513,-0.3782775862033513
2453,2015,CMIG4,2016-11-14,2017-11-21,0.1522,0.8478,-0.3185660421174312,-0.3185660421174312
2453,2016,CMIG4,2017-04-11,2018-04-20,0.11839999999999995,0.8816,-0.36219742701373103,-0.36219742701373103
2453,2018,CMIG4,2019-04-01,2020-04-03,0.21419999999999995,0.7858,-0.3373674047505201,-0.3373674047505201
2453,2019,CMIG4,2020-04-01,2021-04-09,0.04849999999999999,0.9515,0.04852025496422363,0.04852025496422363
2453,2020,CMIG4,2021-03-30,2022-04-04,0.15510000000000002,0.8449,0.3868497627593859,0.3868497627593859
2453,2021,CMIG4,2022-03-29,2023-03-30,0.025000000000000022,0.975,-0.1049992626695524,-0.1049992626695524
2453,2022,CMIG4,2023-03-27,2024-04-02,0.0494,0.9506,-0.35769713298169725,-0.35769713298169725
2453,2023,CMIG4,2024-03-21,2025-03-25,0.2158,0.7842,0.34254670035242807,0.34254670035242807
2453,2024,CMIG4,2025-03-21,2026-03-25,0.04200000000000004,0.958,-0.3418857606494887,-0.3418857606494887
2461,2011,CLSC4,2012-04-03,2013-04-16,0.0,1.0,-0.4115127125747764,-0.4115127125747764
2461,2012,CLSC4,2013-04-24,2014-04-30,0.010299999999999976,0.9897,0.30207849619313865,0.30207849619313865
2461,2013,CLSC4,2014-03-28,2015-04-06,0.006700000000000039,0.9933,0.4733791658062707,0.4733791658062707
2461,2014,CLSC4,2015-03-27,2016-04-07,0.1825,0.8175,-0.10746697945960204,-0.10746697945960204
2461,2015,CLSC4,2016-03-29,2017-03-30,0.24929999999999997,0.7507,-0.18167194127727837,-0.18167194127727837
2461,2016,CLSC4,2017-04-11,2018-04-27,0.19089999999999996,0.8091,0.07189260184082191,0.07189260184082191
2461,2017,CLSC4,2018-04-16,2019-05-10,0.04590000000000005,0.9541,0.3355201732340576,0.3355201732340576
2461,2018,CLSC4,2019-04-18,2020-05-05,0.02290000000000003,0.9771,-0.4345010013267663,-0.4345010013267663
2461,2020,CLSC4,2021-03-12,2022-03-17,0.05400000000000005,0.946,0.3035705256425705,0.3035705256425705
2461,2021,CLSC4,2022-03-11,2023-03-14,0.052000000000000046,0.948,-0.43451670048341584,-0.43451670048341584
2461,2022,CLSC4,2023-03-29,2024-04-04,0.02200000000000002,0.978,0.2664692722339592,0.2664692722339592
2461,2023,CLSC4,2024-03-28,2025-04-01,0.03939999999999999,0.9606,-0.13961079683015987,-0.13961079683015987
2577,2011,CESP6,2012-03-22,2013-04-03,0.06469999999999998,0.9353,-0.5382742504087131,-0.5382742504087131
2577,2012,CESP6,2013-03-22,2014-03-27,0.034399999999999986,0.9656,0.7124023708283036,0.7124023708283036
2577,2013,CESP6,2014-03-21,2015-03-27,0.19830000000000003,0.8017,-0.2617413611331215,-0.2617413611331215
2577,2014,CESP6,2015-03-27,2016-04-07,0.012700000000000045,0.9873,-0.215534514403531,-0.215534514403531
2577,2015,CESP6,2016-03-24,2017-03-28,0.05469999999999997,0.9453,0.0010653186431344164,0.0010653186431344164
2577,2018,CESP6,2019-03-22,2020-03-26,0.26359999999999995,0.7364,-0.2636370972517328,-0.2636370972517328
3980,2011,GGBR4,2012-02-16,2013-02-28,0.0464,0.9536,0.1909132377363707,0.1909132377363707
3980,2012,GGBR4,2013-02-21,2014-02-24,0.03369999999999995,0.9663,0.06937103993949889,0.06937103993949889
3980,2013,GGBR4,2014-02-21,2015-03-03,0.0383,0.9617,-0.3865285048169047,-0.3865285048169047
3980,2014,GGBR4,2015-03-05,2016-03-15,0.08199999999999996,0.918,-0.3011878478772202,-0.3011878478772202
3980,2015,GGBR4,2016-03-15,2017-03-17,0.05120000000000002,0.9488,2.5029949136411105,2.5029949136411105
3980,2016,GGBR4,2017-02-22,2018-03-06,0.20279999999999998,0.7972,-0.24398178203656595,-0.24398178203656595
3980,2017,GGBR4,2018-02-28,2019-03-11,0.1189,0.8811,-0.41042887804540307,-0.41042887804540307
3980,2018,GGBR4,2019-02-21,2020-02-28,0.10470000000000002,0.8953,0.04667812185369713,0.04667812185369713
3980,2019,GGBR4,2020-02-19,2021-03-01,0.06420000000000003,0.9358,0.44314424936822183,0.44314424936822183
3980,2020,GGBR4,2021-02-24,2022-02-25,0.07130000000000003,0.9287,-0.29044054575916356,-0.29044054575916356
3980,2021,GGBR4,2022-02-23,2023-02-28,0.02400000000000002,0.976,-0.11621326467662074,-0.11621326467662074
3980,2022,GGBR4,2023-03-01,2024-03-06,0.0131,0.9869,-0.5495607537104499,-0.5495607537104499
3980,2023,GGBR4,2024-02-20,2025-02-19,0.19789999999999996,0.8021,0.5103643762038681,0.5103643762038681
3980,2024,GGBR4,2025-02-24,2026-03-02,0.20379999999999998,0.7962,0.011513616406151117,0.011513616406151117
4030,2011,CSNA3,2012-03-26,2013-04-05,0.07230000000000003,0.9277,-0.3083917976355244,-0.3083917976355244
4030,2012,CSNA3,2013-03-28,2014-04-02,0.3346,0.6654,0.42113485094932224,0.42113485094932224
4030,2013,CSNA3,2014-02-28,2015-03-10,0.04239999999999999,0.9576,-0.5578566229569057,-0.5578566229569057
4030,2014,CSNA3,2015-03-12,2016-03-22,0.06940000000000002,0.9306,1.548879029254627,1.548879029254627
4030,2015,CSNA3,2016-11-14,2017-11-21,0.035499999999999976,0.9645,-0.5838452410391297,-0.5838452410391297
4030,2017,CSNA3,2018-04-06,2019-04-16,0.09619999999999995,0.9038,0.8961687881650968,0.8961687881650968
4030,2018,CSNA3,2019-02-20,2020-02-27,0.03920000000000001,0.9608,0.07613745200982791,0.07613745200982791
4030,2019,CSNA3,2020-03-04,2021-03-11,0.0776,0.9224,2.577852339249685,2.577852339249685
4030,2020,CSNA3,2021-02-22,2022-02-23,0.04600000000000004,0.954,-0.8168100296629746,-0.8168100296629746
4030,2021,CSNA3,2022-03-09,2023-03-10,0.04700000000000004,0.953,-0.3361036044853829,-0.3361036044853829
4030,2022,CSNA3,2023-03-16,2024-03-21,0.03959999999999997,0.9604,-0.14748877165053031,-0.14748877165053031
4030,2023,CSNA3,2024-03-06,2025-03-10,0.12849999999999995,0.8715,-0.3432860898395502,-0.3432860898395502
4030,2024,CSNA3,2025-03-12,2026-03-16,0.06279999999999997,0.9372,-0.21258459142558372,-0.21258459142558372
4057,2011,CRUZ3,2012-02-13,2013-02-25,0.1604,0.8396,-0.03743631369698541,-0.03743631369698541
4057,2012,CRUZ3,2013-02-07,2014-02-12,0.08809999999999996,0.9119,-0.4896632787244626,-0.4896632787244626
4170,2011,VALE3,2012-06-28,2013-07-10,0.3528,0.6472,-0.2063799710486922,-0.2063799710486922
4170,2012,VALE3,2013-03-14,2014-03-19,0.18799999999999994,0.812,0.11828421714772253,0.11828421714772253
4170,2013,VALE3,2014-03-17,2015-03-23,0.20440000000000003,0.7956,-0.43459712965490116,-0.43459712965490116
4170,2014,VALE3,2015-02-26,2016-03-08,0.06589999999999996,0.9341,-0.15155715564549677,-0.15155715564549677
4170,2015,VALE3,2016-02-25,2017-02-24,0.027599999999999958,0.9724,0.3972523949452773,0.3972523949452773
4170,2016,VALE3,2017-02-23,2018-03-07,0.1845,0.8155,-0.33746857460449964,-0.33746857460449964
4170,2017,VALE3,2018-02-27,2019-03-08,0.17679999999999996,0.8232,-0.3761128331830831,-0.3761128331830831
4170,2018,VALE3,2019-04-18,2020-04-24,0.06110000000000004,0.9389,-0.3151026798176919,-0.3151026798176919
4170,2019,VALE3,2020-03-02,2021-03-09,0.1503,0.8497,1.3427935585485256,1.3427935585485256
4170,2020,VALE3,2021-02-25,2022-03-02,0.05400000000000005,0.946,-0.44592874734254506,-0.44592874734254506
4170,2021,VALE3,2022-02-24,2023-03-01,0.09850000000000003,0.9015,-0.020345966790348724,-0.020345966790348724
4170,2022,VALE3,2023-02-16,2024-02-26,0.06579999999999997,0.9342,-0.41179339204021126,-0.41179339204021126
4170,2023,VALE3,2024-02-22,2025-02-21,0.03720000000000001,0.9628,0.34809543841539603,0.34809543841539603
4170,2024,VALE3,2025-03-17,2026-03-19,0.042300000000000004,0.9577,0.23515952200252888,0.23515952200252888
4820,2011,BRKM5,2012-03-26,2013-04-05,0.2823,0.7177,0.5143493544091966,0.5143493544091966
4820,2012,BRKM5,2013-02-07,2014-02-12,0.15069999999999995,0.8493,0.3042025881840058,0.3042025881840058
4820,2013,BRKM5,2014-03-17,2015-03-23,0.09730000000000005,0.9027,-0.42994991271199245,-0.42994991271199245
4820,2014,BRKM5,2015-02-12,2016-02-25,0.0,1.0,1.9976972799675674,1.9976972799675674
4820,2015,BRKM5,2016-02-18,2017-02-17,0.04590000000000005,0.9541,-0.3568787817705471,-0.3568787817705471
4820,2016,BRKM5,2017-08-15,2018-08-23,0.11760000000000004,0.8824,-0.3412753991664176,-0.3412753991664176
4820,2017,BRKM5,2018-03-29,2019-04-09,0.21489999999999998,0.7851,-0.18431738116585983,-0.18431738116585983
4820,2018,BRKM5,2019-03-13,2020-03-17,0.026800000000000046,0.9732,-0.7290088975230367,-0.7290088975230367
4820,2019,BRKM5,2020-04-03,2021-04-13,0.04749999999999999,0.9525,0.9169017967194382,0.9169017967194382
4820,2020,BRKM5,2021-03-10,2022-03-15,0.07530000000000003,0.9247,-0.036400725870346595,-0.036400725870346595
4820,2021,BRKM5,2022-03-16,2023-03-17,0.11619999999999997,0.8838,-0.7269767605890958,-0.7269767605890958
4820,2022,BRKM5,2023-03-23,2024-03-28,0.011399999999999966,0.9886,1.516559698411052,1.516559698411052
4820,2023,BRKM5,2024-07-01,2025-07-04,0.04390000000000005,0.9561,-0.4243286824086664,-0.4243286824086664
4820,2024,BRKM5,2025-02-27,2026-03-05,0.014800000000000035,0.9852,-0.0708519094731449,-0.0708519094731449
5258,2011,RADL3,2012-03-26,2013-04-05,0.1683,0.8317,-0.002789058409182421,-0.002789058409182421
5258,2012,RADL3,2013-03-27,2014-04-01,0.0024999999999999467,0.9975,-0.19797062218490646,-0.19797062218490646
5258,2013,RADL3,2014-03-17,2015-03-23,0.030399999999999983,0.9696,0.8274756762307396,0.8274756762307396
5258,2014,RADL3,2015-02-26,2016-03-08,0.017000000000000015,0.983,-0.06327739434568125,-0.06327739434568125
5258,2015,RADL3,2016-02-18,2017-02-17,0.0021999999999999797,0.9978,-0.48039524567501857,-0.48039524567501857
5258,2016,RADL3,2017-02-16,2018-02-28,0.04949999999999999,0.9505,-0.22896962895360007,-0.22896962895360007
5258,2017,RADL3,2018-02-22,2019-03-01,0.03059999999999996,0.9694,-0.28983852011340505,-0.28983852011340505
5258,2018,RADL3,2019-02-26,2020-03-04,0.029100000000000015,0.9709,2.2891638348957506,2.2891638348957506
5258,2019,RADL3,2020-02-19,2021-03-01,0.044499999999999984,0.9555,-0.5040293415319046,-0.5040293415319046
5258,2020,RADL3,2021-03-09,2022-03-14,0.06640000000000001,0.9336,0.07009801401989524,0.07009801401989524
5258,2021,RADL3,2022-02-22,2023-02-27,0.08409999999999995,0.9159,-0.04015480637864677,-0.04015480637864677
5258,2022,RADL3,2023-03-07,2024-03-12,0.05500000000000005,0.945,0.03454537261424573,0.03454537261424573
5258,2023,RADL3,2024-03-05,2025-03-07,0.16990000000000005,0.8301,-0.3458727986131651,-0.3458727986131651
5258,2024,RADL3,2025-03-20,2026-03-24,0.2652,0.7348,0.28282342851065145,0.28282342851065145
5410,2011,WEGE3,2012-02-15,2013-02-27,0.0030000000000000027,0.997,0.3946126384609361,0.3946126384609361
5410,2012,WEGE3,2013-02-27,2014-02-28,0.03159999999999996,0.9684,0.017163668946886368,0.017163668946886368
5410,2013,WEGE3,2014-02-26,2015-03-06,0.0,1.0,-0.12587471777784176,-0.12587471777784176
5410,2014,WEGE3,2015-02-25,2016-03-07,0.0,1.0,-0.32572192866616445,-0.32572192866616445
5410,2015,WEGE3,2016-02-24,2017-02-23,0.0,1.0,0.03808799265806129,0.03808799265806129
5410,2016,WEGE3,2017-02-22,2018-03-06,0.013399999999999967,0.9866,0.05067197997517914,0.05067197997517914
5410,2017,WEGE3,2018-02-28,2019-03-11,0.0009000000000000119,0.9991,-0.24772029254231454,-0.24772029254231454
5410,2018,WEGE3,2019-04-10,2020-04-15,0.0019000000000000128,0.9981,0.8353050153503148,0.8353050153503148
5410,2019,WEGE3,2020-02-19,2021-03-01,0.09999999999999998,0.9,-0.01918317557209326,-0.01918317557209326
5410,2020,WEGE3,2021-02-24,2022-02-25,0.012800000000000034,0.9872,-0.5769692348375959,-0.5769692348375959
5410,2021,WEGE3,2022-02-16,2023-02-17,0.00660000000000005,0.9934,0.4688487414733786,0.4688487414733786
5410,2022,WEGE3,2023-02-15,2024-02-23,0.0010999999999999899,0.9989,-0.3728824038310824,-0.3728824038310824
5410,2023,WEGE3,2024-02-21,2025-02-20,0.03869999999999996,0.9613,0.640153900100634,0.640153900100634
5410,2024,WEGE3,2025-02-26,2026-03-04,0.035599999999999965,0.9644,-0.5215271920820864,-0.5215271920820864
6173,2011,TASA4,2012-03-27,2013-04-08,0.6359,0.3641,0.5928703030789662,0.5928703030789662
6173,2012,TASA4,2014-03-28,2015-04-06,0.2076,0.7924,-0.6987235354437611,-0.6987235354437611
6173,2013,TASA4,2014-03-31,2015-04-07,0.16080000000000005,0.8392,-0.7143776895526581,-0.7143776895526581
6173,2014,TASA4,2015-03-30,2016-04-12,0.05510000000000004,0.9449,0.654849134092301,0.654849134092301
6173,2015,TASA4,2016-03-24,2017-03-29,0.014000000000000012,0.986,0.8496559304376354,0.8496559304376354
6173,2016,TASA4,2017-03-27,2018-04-05,0.02080000000000004,0.9792,-0.00941118253115758,-0.00941118253115758
6173,2017,TASA4,2018-04-04,2019-04-12,0.006000000000000005,0.994,0.14603025050852247,0.14603025050852247
6173,2018,TASA4,2019-03-29,2020-04-02,0.011099999999999999,0.9889,-0.5962942661354158,-0.5962942661354158
6173,2019,TASA4,2020-03-30,2021-04-07,0.41590000000000005,0.5841,1.883566656335304,1.883566656335304
6173,2020,TASA4,2021-03-19,2022-03-24,0.0050000000000000044,0.995,-0.8951033784052587,-0.8736189469544653
6173,2021,TASA4,2022-03-15,2023-03-16,0.037900000000000045,0.9621,-0.44046213443724236,-0.44046213443724236
6173,2022,TASA4,2023-03-21,2024-03-26,0.04179999999999995,0.9582,0.1844908685831017,0.1844908685831017
6173,2023,TASA4,2024-03-26,2025-03-28,0.09430000000000005,0.9057,-0.3552477974684527,-0.3552477974684527
6343,2011,TUPY3,2013-02-15,2014-02-19,0.9639,0.0361,-0.7234841851591086,-0.7234841851591086
6343,2012,TUPY3,2013-03-25,2014-03-31,0.22509999999999997,0.7749,-0.6593459957868657,-0.6593459957868657
6343,2013,TUPY3,2014-03-10,2015-03-16,0.9939,0.0061,0.17191950528865463,0.17191950528865463
6343,2014,TUPY3,2015-02-26,2016-03-08,0.07850000000000001,0.9215,0.1438401124445099,0.1438401124445099
6343,2015,TUPY3,2016-03-03,2017-03-07,0.0857,0.9143,-0.5017267280397923,-0.5017267280397923
6343,2016,TUPY3,2017-03-28,2018-04-06,0.1866,0.8134,0.3428840580489152,0.3428840580489152
6343,2017,TUPY3,2018-03-13,2019-03-22,0.036900000000000044,0.9631,-0.20373840188538983,-0.20373840188538983
6343,2018,TUPY3,2019-03-14,2020-03-18,0.026499999999999968,0.9735,-0.3597444092221378,-0.3597444092221378
6343,2019,TUPY3,2020-03-03,2021-03-10,0.07650000000000001,0.9235,-0.15884043181042906,-0.15884043181042906
6343,2020,TUPY3,2021-03-04,2022-03-09,0.0827,0.9173,-0.4221493235725813,-0.4221493235725813
6343,2021,TUPY3,2022-03-29,2023-03-30,0.3114,0.6886,0.6526945723067583,0.6526945723067583
6343,2022,TUPY3,2023-03-27,2024-04-02,0.28459999999999996,0.7154,-0.38684416300143,-0.38684416300143
6343,2023,TUPY3,2024-03-20,2025-03-24,0.12619999999999998,0.8738,-0.4108125277718584,-0.4108125277718584
6505,2011,BHIA3,2012-02-17,2015-06-17,0.2157,0.7843,-0.28409107097239783,-0.28409107097239783
6505,2012,BHIA3,2013-02-26,2015-12-23,0.34550000000000003,0.6545,-0.7644101391757856,-0.7644101391757856
6505,2013,BHIA3,2014-02-13,2016-05-30,0.7839,0.2161,-0.709932304327108,-0.709932304327108
6505,2014,BHIA3,2015-02-18,2016-10-10,0.03269999999999995,0.9673,-0.9347349674977973,-0.8736189469544653
6505,2015,BHIA3,2016-07-27,2017-08-09,0.043300000000000005,0.9567,-0.13265548023457097,-0.13265548023457097
6505,2016,BHIA3,2017-02-23,2018-03-08,0.016000000000000014,0.984,-0.398855598985535,-0.398855598985535
6505,2017,BHIA3,2018-02-19,2019-02-26,0.10409999999999997,0.8959,-0.6990401117813092,-0.6990401117813092
6505,2018,BHIA3,2019-02-20,2020-02-27,0.1723,0.8277,2.963789246741379,2.649466970280504
6505,2019,BHIA3,2020-03-26,2021-04-05,0.03649999999999998,0.9635,-0.5879437114214066,-0.5879437114214066
6505,2020,BHIA3,2021-03-02,2022-03-07,0.3003,0.6997,-0.7915237671520673,-0.7915237671520673
6505,2021,BHIA3,2022-03-09,2023-03-10,0.03649999999999998,0.9635,1.262915631887759,1.262915631887759
6505,2022,BHIA3,2023-03-09,2024-03-14,0.009000000000000008,0.991,-0.8253485652090224,-0.8253485652090224
6505,2023,BHIA3,2024-03-25,2025-03-27,0.29510000000000003,0.7049,13.227724825960454,2.649466970280504
6505,2024,BHIA3,2025-03-12,2026-03-16,0.22040000000000004,0.7796,-0.6930989786660956,-0.6930989786660956
7870,2011,KEPL3,2012-03-15,2013-03-26,0.05889999999999995,0.9411,-0.060012587571831366,-0.060012587571831366
7870,2012,KEPL3,2013-03-14,2014-03-19,0.038799999999999946,0.9612,1.2992368109905894,1.2992368109905894
7870,2013,KEPL3,2014-03-24,2015-03-30,0.06879999999999997,0.9312,-0.776064289925004,-0.776064289925004
7870,2014,KEPL3,2015-03-20,2016-03-31,0.08479999999999999,0.9152,-0.43429969049295636,-0.43429969049295636
7870,2015,KEPL3,2016-03-18,2017-03-22,0.13449999999999995,0.8655,0.7041488729724104,0.7041488729724104
7870,2016,KEPL3,2017-03-17,2018-03-27,0.11639999999999995,0.8836,-0.6771766737759368,-0.6771766737759368
7870,2017,KEPL3,2018-03-23,2019-04-03,0.16820000000000002,0.8318,1.586652804668745,1.586652804668745
7870,2018,KEPL3,2019-03-20,2020-03-24,0.08240000000000003,0.9176,0.18590064033679865,0.18590064033679865
7870,2019,KEPL3,2021-03-12,2022-03-17,0.06030000000000002,0.9397,-0.17217831249310966,-0.17217831249310966
7870,2020,KEPL3,2021-02-24,2022-02-25,0.020399999999999974,0.9796,-0.28043711272707217,-0.28043711272707217
7870,2021,KEPL3,2022-02-16,2023-02-17,0.056400000000000006,0.9436,0.39977310682700185,0.39977310682700185
7870,2022,KEPL3,2023-02-15,2024-02-23,0.01629999999999998,0.9837,-0.4558076032964721,-0.4558076032964721
7870,2023,KEPL3,2024-02-28,2025-02-27,0.5764,0.4236,-0.10021006169759128,-0.10021006169759128
8133,2011,LREN3,2012-02-08,2013-02-20,0.07669999999999999,0.9233,-0.009630585441210648,-0.009630585441210648
8133,2012,LREN3,2013-02-26,2014-02-27,0.0040999999999999925,0.9959,-0.2889675915072807,-0.2889675915072807
8133,2013,LREN3,2014-02-20,2015-03-02,0.00539999999999996,0.9946,0.7685688511432445,0.7685688511432445
8133,2014,LREN3,2015-02-12,2016-02-25,0.010099999999999998,0.9899,0.10811880869629498,0.10811880869629498
8133,2015,LREN3,2016-02-04,2017-02-07,0.0026000000000000467,0.9974,-0.2535264432055432,-0.2535264432055432
8133,2016,LREN3,2017-02-09,2018-02-21,0.021100000000000008,0.9789,0.122630508902283,0.122630508902283
8133,2017,LREN3,2018-02-08,2019-02-19,0.0004999999999999449,0.9995,0.1096092586448223,0.1096092586448223
8133,2018,LREN3,2019-02-07,2020-02-12,0.039000000000000035,0.961,0.06483368786102228,0.06483368786102228
8133,2019,LREN3,2020-02-06,2021-02-12,0.008900000000000019,0.9911,-0.4088731898367489,-0.4088731898367489
8133,2020,LREN3,2021-02-11,2022-02-16,0.011600000000000055,0.9884,0.05956476497529328,0.05956476497529328
8133,2021,LREN3,2022-03-17,2023-03-20,0.2227,0.7773,0.37329119910129016,0.37329119910129016
8133,2022,LREN3,2023-02-16,2024-02-26,0.0484,0.9516,-0.25649511458635244,-0.25649511458635244
8133,2023,LREN3,2024-03-14,2025-03-18,0.010299999999999976,0.9897,0.0886714439750691,0.0886714439750691
8451,2011,POMO4,2012-02-28,2013-03-08,0.22160000000000002,0.7784,0.06619875431234612,0.06619875431234612
8451,2012,POMO4,2013-02-21,2014-02-24,0.0,1.0,-0.35740004906124045,-0.35740004906124045
8451,2013,POMO4,2014-02-25,2015-03-05,0.0,1.0,-0.4430896167312838,-0.4430896167312838
8451,2014,POMO4,2015-02-24,2016-03-04,0.0011999999999999789,0.9988,1.4628595458620985,1.4628595458620985
8451,2015,POMO4,2016-02-23,2017-02-22,0.0,1.0,-0.021650085921380624,-0.021650085921380624
8451,2016,POMO4,2017-02-23,2018-03-07,0.518,0.482,0.2516010336362342,0.2516010336362342
8451,2017,POMO4,2018-02-22,2019-03-01,0.007299999999999973,0.9927,-0.03451536530819699,-0.03451536530819699
8451,2018,POMO4,2019-02-26,2020-03-04,0.0,1.0,0.0050940227555582585,0.0050940227555582585
8451,2019,POMO4,2020-02-27,2021-03-05,0.2639,0.7361,-0.5312574599297782,-0.5312574599297782
8451,2021,POMO4,2022-02-25,2023-03-02,0.08919999999999995,0.9108,0.20469846262431624,0.20469846262431624
8451,2022,POMO4,2023-02-28,2024-03-05,0.012399999999999967,0.9876,0.9204540821066522,0.9204540821066522
8451,2023,POMO4,2024-02-27,2025-02-26,0.04159999999999997,0.9584,-0.5115518350052801,-0.5115518350052801
8451,2024,POMO4,2025-02-25,2026-03-03,0.005499999999999949,0.9945,-0.5936954780029986,-0.5936954780029986
8575,2011,LEVE3,2012-03-12,2013-03-21,0.027599999999999958,0.9724,0.2754879008705178,0.2754879008705178
8575,2012,LEVE3,2013-03-11,2014-03-14,0.036599999999999966,0.9634,-0.4939050263306479,-0.4939050263306479
8575,2013,LEVE3,2014-03-14,2015-03-20,0.0034999999999999476,0.9965,-0.13478426094932516,-0.13478426094932516
8575,2014,LEVE3,2015-03-16,2016-03-24,0.00660000000000005,0.9934,0.19806641233499,0.19806641233499
8575,2015,LEVE3,2016-03-18,2017-03-22,0.0,1.0,-0.4075329972625301,-0.4075329972625301
8575,2016,LEVE3,2017-03-20,2018-03-28,0.2127,0.7873,0.13906771427524123,0.13906771427524123
8575,2017,LEVE3,2018-03-19,2019-03-28,0.0948,0.9052,0.13380260460965654,0.13380260460965654
8575,2018,LEVE3,2019-03-18,2020-03-20,0.023399999999999976,0.9766,-0.47069271235865917,-0.47069271235865917
8575,2019,LEVE3,2020-03-30,2021-04-07,0.010399999999999965,0.9896,-0.05380396073748728,-0.05380396073748728
8575,2020,LEVE3,2021-03-15,2022-03-18,0.20409999999999995,0.7959,1.038399831608725,1.038399831608725
8575,2021,LEVE3,2022-03-28,2023-03-29,0.011700000000000044,0.9883,0.04666358564608819,0.04666358564608819
8575,2022,LEVE3,2023-03-20,2024-03-25,0.012599999999999945,0.9874,-0.16905370094292516,-0.16905370094292516
8575,2023,LEVE3,2024-03-11,2025-03-13,0.5545,0.4455,-0.2945490842178975,-0.2945490842178975
8656,2011,GOAU4,2012-02-16,2013-02-28,0.2641,0.7359,0.155552947303077,0.155552947303077
8656,2012,GOAU4,2013-02-21,2014-02-24,0.030299999999999994,0.9697,0.038752647796763906,0.038752647796763906
8656,2013,GOAU4,2014-02-21,2015-03-03,0.011399999999999966,0.9886,-0.46376276769724933,-0.46376276769724933
8656,2014,GOAU4,2015-03-11,2016-03-21,0.02090000000000003,0.9791,-0.7430191187268903,-0.7430191187268903
8656,2015,GOAU4,2016-03-15,2017-03-17,0.040100000000000025,0.9599,6.781955347583263,2.649466970280504
8656,2016,GOAU4,2017-02-22,2018-03-06,0.04520000000000002,0.9548,-0.25839340525276855,-0.25839340525276855
8656,2017,GOAU4,2018-02-28,2019-03-11,0.005700000000000038,0.9943,-0.42880025919479203,-0.42880025919479203
8656,2018,GOAU4,2019-02-21,2020-02-28,0.061799999999999966,0.9382,0.060189287449356366,0.060189287449356366
8656,2019,GOAU4,2020-02-19,2021-03-01,0.06030000000000002,0.9397,0.4691301231982159,0.4691301231982159
8656,2020,GOAU4,2021-02-24,2022-02-25,0.08640000000000003,0.9136,-0.36159524235398677,-0.36159524235398677
8656,2021,GOAU4,2022-02-23,2023-02-28,0.04679999999999995,0.9532,0.0521237680951232,0.0521237680951232
8656,2022,GOAU4,2023-03-01,2024-03-06,0.013599999999999945,0.9864,-0.5626832596225917,-0.5626832596225917
8656,2023,GOAU4,2024-02-20,2025-02-19,0.1834,0.8166,0.4706958849015259,0.4706958849015259
8656,2024,GOAU4,2025-02-24,2026-03-02,0.19269999999999998,0.8073,0.07935298945937519,0.07935298945937519
8672,2022,IGTI11,2023-02-28,2024-03-05,0.6878,0.3122,-0.14341532186140094,-0.14341532186140094
8672,2023,IGTI11,2024-02-20,2025-02-19,0.021499999999999964,0.9785,-0.21091471052129018,-0.21091471052129018
8672,2024,IGTI11,2025-02-18,2026-02-24,0.0021999999999999797,0.9978,0.047995874140427164,0.047995874140427164
9393,2011,PMAM3,2012-03-27,2013-04-08,0.053100000000000036,0.9469,1.4451638667115203,1.4451638667115203
9393,2012,PMAM3,2013-02-28,2014-03-05,0.04300000000000004,0.957,-0.38023384908029356,-0.38023384908029356
9393,2013,PMAM3,2014-02-26,2015-03-06,0.01639999999999997,0.9836,-0.04253673307806083,-0.04253673307806083
9393,2014,PMAM3,2015-02-11,2016-02-24,0.13990000000000002,0.8601,-0.04897615993979765,-0.04897615993979765
9393,2015,PMAM3,2016-02-11,2017-02-10,0.0014999999999999458,0.9985,-0.7575123460741413,-0.7575123460741413
9393,2016,PMAM3,2017-03-30,2018-04-10,0.05259999999999998,0.9474,0.3403874002560452,0.3403874002560452
9393,2017,PMAM3,2018-02-07,2019-02-18,0.05689999999999995,0.9431,0.03190365731492295,0.03190365731492295
9393,2018,PMAM3,2019-02-13,2020-02-18,0.02949999999999997,0.9705,-0.18014841668211035,-0.18014841668211035
9393,2019,PMAM3,2020-03-16,2021-03-23,0.0026000000000000467,0.9974,0.05946465993747352,0.05946465993747352
9393,2020,PMAM3,2021-03-04,2022-03-09,0.0031999999999999806,0.9968,0.1479643615237305,0.1479643615237305
9393,2021,PMAM3,2022-03-17,2023-03-20,0.0030999999999999917,0.9969,-0.36364314447166024,-0.36364314447166024
9393,2022,PMAM3,2023-03-17,2024-03-22,0.007399999999999962,0.9926,-0.3280115902548395,-0.3280115902548395
9393,2023,PMAM3,2024-03-15,2025-03-19,0.023499999999999965,0.9765,-0.4903479551941098,-0.4903479551941098
9512,2011,PETR3,2012-02-14,2013-02-26,0.11860000000000004,0.8814,-0.31977497269253297,-0.31977497269253297
9512,2012,PETR3,2013-02-04,2014-02-07,0.11350000000000005,0.8865,0.39622369098265353,0.39622369098265353
9512,2013,PETR3,2014-02-25,2015-03-05,0.07840000000000003,0.9216,-0.4028210095108311,-0.4028210095108311
9512,2014,PETR3,2015-04-24,2016-05-04,0.10860000000000003,0.8914,-0.032140981758373544,-0.032140981758373544
9512,2015,PETR3,2016-03-21,2017-03-23,0.44320000000000004,0.5568,-0.11221668045724464,-0.11221668045724464
9512,2016,PETR3,2017-03-24,2018-04-04,0.06020000000000003,0.9398,0.047374595542207354,0.047374595542207354
9512,2017,PETR3,2018-03-16,2019-03-27,0.268,0.732,0.04988445318073764,0.04988445318073764
9512,2018,PETR3,2019-02-27,2020-03-05,0.21789999999999998,0.7821,-0.3046898545969847,-0.3046898545969847
9512,2019,PETR3,2020-02-19,2021-03-01,0.49950000000000006,0.5005,-0.04270698255877847,-0.04270698255877847
9512,2020,PETR3,2021-03-22,2022-03-25,0.021700000000000053,0.9783,0.4442181539157424,0.4442181539157424
9512,2022,PETR3,2023-03-02,2024-03-07,0.17369999999999997,0.8263,0.12132870023817577,0.12132870023817577
9512,2023,PETR3,2024-03-25,2025-03-27,0.2459,0.7541,-0.03339072487097794,-0.03339072487097794
9512,2024,PETR3,2025-02-26,2026-03-04,0.04239999999999999,0.9576,-0.17397806358759216,-0.17397806358759216
9989,2011,RPMG3,2012-04-19,2013-05-15,0.008000000000000007,0.992,-0.9193113013952039,-0.8736189469544653
9989,2012,RPMG3,2013-09-09,2014-09-16,0.0,1.0,0.47684575839031806,0.47684575839031806
9989,2013,RPMG3,2017-03-01,2018-03-20,0.0,1.0,-0.6976168744444182,-0.6976168744444182
9989,2016,RPMG3,2017-04-24,2018-05-17,0.6989000000000001,0.3011,-0.7614533355588468,-0.7614533355588468
9989,2017,RPMG3,2018-09-17,2019-10-01,0.0,1.0,0.6740161896568679,0.6740161896568679
9989,2018,RPMG3,2019-06-28,2020-07-03,0.26139999999999997,0.7386,2.739919889081167,2.649466970280504
9989,2019,RPMG3,2020-05-29,2021-06-07,0.0,1.0,-0.6852261654354086,-0.6852261654354086
9989,2020,RPMG3,2021-03-30,2022-04-04,0.0,1.0,-0.2194442978577993,-0.2194442978577993
9989,2021,RPMG3,2022-06-10,2023-06-15,0.0,1.0,0.02395547579016588,0.02395547579016588
9989,2023,RPMG3,2024-06-13,2025-06-18,0.7759,0.2241,-0.26558524843245723,-0.26558524843245723
10456,2011,ALPA4,2012-12-10,2013-12-16,0.0232,0.9768,-0.09971911140054379,-0.09971911140054379
10456,2012,ALPA4,2014-08-08,2015-08-13,0.036699999999999955,0.9633,0.22002837537648046,0.22002837537648046
10456,2013,ALPA4,2014-08-08,2015-08-13,0.015499999999999958,0.9845,0.22002837537648046,0.22002837537648046
10456,2014,ALPA4,2015-03-11,2016-03-21,0.0008000000000000229,0.9992,-0.0369143778169444,-0.0369143778169444
10456,2015,ALPA4,2016-03-04,2017-03-08,0.016599999999999948,0.9834,-0.14757226587697303,-0.14757226587697303
10456,2016,ALPA4,2017-03-22,2018-04-02,0.049900000000000055,0.9501,-0.13438428729100504,-0.13438428729100504
10456,2017,ALPA4,2018-02-09,2019-02-20,0.14449999999999996,0.8555,0.29574394982060714,0.29574394982060714
10456,2018,ALPA4,2019-02-15,2020-02-20,0.08279999999999998,0.9172,0.04920931665949424,0.04920931665949424
10456,2019,ALPA4,2020-02-07,2021-02-17,0.0484,0.9516,-0.40452092605849055,-0.40452092605849055
10456,2020,ALPA4,2021-02-12,2022-02-17,0.06310000000000004,0.9369,-0.4406116625917701,-0.4406116625917701
10456,2021,ALPA4,2022-02-23,2023-02-28,0.038900000000000046,0.9611,-0.5348375727159105,-0.5348375727159105
10456,2023,ALPA4,2024-02-28,2025-02-27,0.6153,0.3847,-0.2575854292949107,-0.2575854292949107
10456,2024,ALPA4,2025-03-11,2026-03-13,0.0121,0.9879,0.432781121077253,0.432781121077253
11312,2011,OIBR3,2012-04-03,2013-04-15,0.1725,0.8275,-0.1632056666263464,-0.1632056666263464
11312,2012,OIBR3,2013-04-30,2014-05-07,0.07830000000000004,0.9217,-0.30687392922714174,-0.30687392922714174
11312,2013,OIBR3,2014-02-19,2015-02-27,0.02310000000000001,0.9769,-0.5826624783563641,-0.5826624783563641
11312,2014,OIBR3,2015-03-27,2016-04-07,0.7851,0.2149,-0.4293754766182769,-0.4293754766182769
11312,2015,OIBR3,2016-03-24,2017-03-28,0.49829999999999997,0.5017,16.267976050064,2.649466970280504
11312,2016,OIBR3,2017-03-22,2018-04-02,0.026100000000000012,0.9739,-0.7287256743024074,-0.7287256743024074
11312,2017,OIBR3,2018-04-12,2019-04-23,0.07199999999999995,0.928,-0.3627328123945365,-0.3627328123945365
11312,2018,OIBR3,2019-03-26,2020-03-30,0.01429999999999998,0.9857,-0.31433846111122654,-0.31433846111122654
11312,2019,OIBR3,2020-03-25,2021-04-01,0.3873,0.6127,3.057593497062535,2.649466970280504
11312,2020,OIBR3,2021-05-10,2022-05-13,0.16110000000000002,0.8389,-0.8024114717248052,-0.8024114717248052
11312,2021,OIBR3,2022-05-05,2023-05-09,0.05669999999999997,0.9433,-0.7429914158609928,-0.7429914158609928
11312,2022,OIBR3,2023-05-22,2024-05-24,0.08999999999999997,0.91,1.0131509536883767,1.0131509536883767
11312,2023,OIBR3,2024-03-27,2025-03-31,0.20530000000000004,0.7947,-0.8263966298984218,-0.8263966298984218
11312,2024,OIBR3,2025-03-26,2026-04-02,0.11950000000000005,0.8805,-0.7417896952263237,-0.7417896952263237
11932,2011,MYPK3,2012-02-27,2013-03-07,0.007099999999999995,0.9929,-0.45716108206223793,-0.45716108206223793
11932,2012,MYPK3,2013-02-28,2014-03-05,0.7341,0.2659,0.641219749303809,0.641219749303809
11932,2013,MYPK3,2014-04-11,2015-04-20,0.4464,0.5536,-0.3089096414002974,-0.3089096414002974
11932,2014,MYPK3,2015-02-25,2016-03-07,0.13590000000000002,0.8641,0.8147896490490487,0.8147896490490487
11932,2015,MYPK3,2016-02-25,2017-02-24,0.026699999999999946,0.9733,-0.464538166992173,-0.464538166992173
11932,2016,MYPK3,2017-03-27,2018-04-05,0.31279999999999997,0.6872,0.6167310264919701,0.6167310264919701
11932,2017,MYPK3,2018-02-20,2019-02-27,0.05289999999999995,0.9471,-0.2995985293661607,-0.2995985293661607
11932,2018,MYPK3,2019-03-11,2020-03-13,0.02939999999999998,0.9706,-0.40597677592748294,-0.40597677592748294
11932,2019,MYPK3,2020-03-05,2021-03-12,0.0017000000000000348,0.9983,-0.06437502560024733,-0.06437502560024733
11932,2020,MYPK3,2021-03-03,2022-03-08,0.10809999999999997,0.8919,0.1800698553643867,0.1800698553643867
11932,2021,MYPK3,2022-03-09,2023-03-10,0.32230000000000003,0.6777,0.029437931451003374,0.029437931451003374
11932,2022,MYPK3,2023-03-20,2024-03-25,0.014800000000000035,0.9852,0.006770665253102992,0.006770665253102992
11932,2023,MYPK3,2024-03-06,2025-03-10,0.07389999999999997,0.9261,0.12205086979275781,0.12205086979275781
12653,2014,KLBN11,2015-02-11,2016-02-24,0.019199999999999995,0.9808,0.07788977076596537,0.07788977076596537
12653,2015,KLBN11,2016-02-03,2017-02-06,0.010800000000000032,0.9892,-0.601979971743741,-0.601979971743741
12653,2016,KLBN11,2017-02-09,2018-02-21,0.0030999999999999917,0.9969,0.6638748711792226,0.6638748711792226
12653,2017,KLBN11,2018-02-01,2019-02-12,0.18359999999999999,0.8164,-0.22859139289837038,-0.22859139289837038
12653,2018,KLBN11,2019-02-07,2020-02-12,0.07930000000000004,0.9207,-0.0685336894369668,-0.0685336894369668
12653,2019,KLBN11,2020-02-06,2021-02-12,0.007199999999999984,0.9928,0.2718357881847371,0.2718357881847371
12653,2020,KLBN11,2021-02-10,2022-02-15,0.30400000000000005,0.696,-0.41380494441706617,-0.41380494441706617
12653,2021,KLBN11,2024-06-13,2025-06-17,0.19579999999999997,0.8042,-0.30486238530691745,-0.30486238530691745
12653,2022,KLBN11,2023-02-08,2024-02-16,0.06569999999999998,0.9343,0.3313742715775114,0.3313742715775114
12653,2023,KLBN11,2024-02-07,2025-02-10,0.08430000000000004,0.9157,-0.05355868201221814,-0.05355868201221814
12653,2024,KLBN11,2025-02-26,2026-03-04,0.23270000000000002,0.7673,-0.24828958799499246,-0.24828958799499246
13471,2011,PLAS3,2012-03-06,2013-03-15,0.008299999999999974,0.9917,-0.6929181266753213,-0.6929181266753213
13471,2012,PLAS3,2013-03-08,2014-03-14,0.011399999999999966,0.9886,2.80953072704329,2.649466970280504
13471,2013,PLAS3,2014-03-31,2015-04-17,0.012700000000000045,0.9873,-0.6066364447139918,-0.6066364447139918
13471,2014,PLAS3,2015-02-06,2016-03-07,0.0020000000000000018,0.998,-0.8015021831460639,-0.8015021831460639
13471,2015,PLAS3,2016-03-29,2017-08-30,0.021100000000000008,0.9789,2.0489655476554223,2.0489655476554223
13471,2016,PLAS3,2017-03-09,2018-12-13,0.04520000000000002,0.9548,-0.043663120143084044,-0.043663120143084044
13471,2017,PLAS3,2018-02-07,2019-08-01,0.0034999999999999476,0.9965,-0.5441237286195717,-0.5441237286195717
13471,2018,PLAS3,2019-03-28,2020-04-22,0.0,1.0,-0.8444737582213485,-0.8444737582213485
13471,2019,PLAS3,2020-03-04,2021-04-14,0.0046000000000000485,0.9954,1.6975865655486806,1.6975865655486806
13471,2020,PLAS3,2021-03-04,2022-07-26,0.0635,0.9365,1.1217188857454081,1.1217188857454081
13471,2021,PLAS3,2022-03-18,2024-03-15,0.007099999999999995,0.9929,-0.7622769545291954,-0.7622769545291954
13471,2022,PLAS3,2023-03-16,2025-02-24,0.0,1.0,-0.12643390509087682,-0.12643390509087682
13986,2018,SUZB3,2019-02-21,2020-02-28,0.18820000000000003,0.8118,-0.7333612331060935,-0.7333612331060935
13986,2019,SUZB3,2020-02-12,2021-02-22,0.13929999999999998,0.8607,1.85970286473081,1.85970286473081
13986,2020,SUZB3,2021-02-10,2022-02-15,0.28480000000000005,0.7152,-0.536717055237041,-0.536717055237041
13986,2021,SUZB3,2022-02-09,2023-02-10,0.0044999999999999485,0.9955,-0.35166433988903023,-0.35166433988903023
13986,2022,SUZB3,2023-02-28,2024-03-05,0.08050000000000002,0.9195,0.4762384096942396,0.4762384096942396
13986,2023,SUZB3,2024-02-28,2025-02-27,0.0413,0.9587,-0.17242800466339459,-0.17242800466339459
13986,2024,SUZB3,2025-02-12,2026-02-18,0.10399999999999998,0.896,-0.24616676938048143,-0.24616676938048143
14109,2011,RAPT4,2012-02-28,2013-03-08,0.0353,0.9647,0.09243273938100516,0.09243273938100516
14109,2012,RAPT4,2013-02-28,2014-03-05,0.0,1.0,-0.13064504215964945,-0.13064504215964945
14109,2013,RAPT4,2014-04-02,2015-04-09,0.0,1.0,-0.15947552294016387,-0.15947552294016387
14109,2014,RAPT4,2015-03-12,2016-03-22,0.0,1.0,0.5367645524196432,0.5367645524196432
14109,2015,RAPT4,2016-03-23,2017-03-28,0.0,1.0,-0.10586923626730094,-0.10586923626730094
14109,2016,RAPT4,2017-03-24,2018-04-04,0.9027000000000001,0.0973,0.32947113953525475,0.32947113953525475
14109,2017,RAPT4,2018-03-14,2019-03-25,0.01200000000000001,0.988,-0.3667945630447004,-0.3667945630447004
14109,2019,RAPT4,2020-03-05,2021-03-12,0.0,1.0,0.15395774035520748,0.15395774035520748
14109,2020,RAPT4,2021-03-11,2022-03-16,0.026100000000000012,0.9739,-0.4659594051172976,-0.4659594051172976
14109,2021,RAPT4,2022-02-24,2023-03-01,0.04039999999999999,0.9596,0.013694023363686858,0.013694023363686858
14109,2022,RAPT4,2023-02-28,2024-03-05,0.5213,0.4787,0.3450465676109249,0.3450465676109249
14109,2023,RAPT4,2024-03-12,2025-03-14,0.12719999999999998,0.8728,-0.3148754009066034,-0.3148754009066034
14176,2011,ELPL4,2012-03-14,2013-03-25,0.08120000000000005,0.9188,-0.7394123797940491,-0.7394123797940491
14176,2012,ELPL4,2013-02-28,2014-03-05,0.15990000000000004,0.8401,0.8921026195189328,0.8921026195189328
14176,2013,ELPL4,2014-02-26,2015-03-06,0.05800000000000005,0.942,1.715499735962355,1.715499735962355
14176,2014,ELPL4,2015-02-25,2016-03-07,0.0464,0.9536,-0.19862490374260933,-0.19862490374260933
14176,2015,ELPL4,2016-02-25,2017-02-24,0.02429999999999999,0.9757,-0.5359599126316911,-0.5359599126316911
14311,2011,CPLE3,2012-03-26,2013-04-10,0.03759999999999997,0.9624,-0.14689974151830754,-0.14689974151830754
14311,2012,CPLE3,2013-03-25,2014-03-31,0.029200000000000004,0.9708,0.26839964031519603,0.26839964031519603
14311,2013,CPLE3,2014-09-30,2015-10-06,0.038799999999999946,0.9612,-0.10485508017671563,-0.10485508017671563
14311,2014,CPLE3,2015-03-20,2016-03-31,0.03749999999999998,0.9625,-0.30090512115146006,-0.30090512115146006
14311,2015,CPLE3,2016-03-17,2017-03-21,0.132,0.868,0.044185225678240236,0.044185225678240236
14311,2016,CPLE3,2017-03-28,2018-04-06,0.06430000000000002,0.9357,-0.2677667150253251,-0.2677667150253251
14311,2017,CPLE3,2018-05-14,2019-05-23,0.03320000000000001,0.9668,1.1949729078786655,1.1949729078786655
14311,2018,CPLE3,2019-03-28,2020-04-01,0.08409999999999995,0.9159,0.9401844773008021,0.9401844773008021
14311,2019,CPLE3,2020-03-25,2021-04-01,0.051899999999999946,0.9481,-0.6158915415916701,-0.6158915415916701
14311,2020,CPLE3,2021-05-05,2022-05-10,0.05689999999999995,0.9431,0.5561888321042965,0.5561888321042965
14311,2021,CPLE3,2022-03-22,2023-03-23,0.0968,0.9032,-0.0715710185344729,-0.0715710185344729
14311,2022,CPLE3,2023-03-21,2024-03-26,0.0464,0.9536,0.10102296251136189,0.10102296251136189
14311,2023,CPLE3,2024-02-29,2025-02-28,0.19169999999999998,0.8083,-0.06996116451575096,-0.06996116451575096
14311,2024,CPLE3,2025-02-27,2026-03-05,0.15410000000000001,0.8459,0.053176128638111164,0.053176128638111164
14320,2011,USIM5,2012-03-07,2013-03-18,0.050799999999999956,0.9492,0.17043818045113657,0.17043818045113657
14320,2012,USIM5,2013-03-04,2014-03-07,0.061899999999999955,0.9381,-0.2351140666126076,-0.2351140666126076
14320,2013,USIM5,2014-02-14,2015-02-24,0.26380000000000003,0.7362,-0.6778685117128802,-0.6778685117128802
14320,2014,USIM5,2015-03-04,2016-03-14,0.34140000000000004,0.6586,-0.010137959303363142,-0.010137959303363142
14320,2015,USIM5,2016-02-18,2017-02-17,0.08199999999999996,0.918,3.483225941665629,2.649466970280504
14320,2016,USIM5,2017-02-17,2018-03-01,0.050899999999999945,0.9491,0.1834056114169833,0.1834056114169833
14320,2017,USIM5,2018-02-09,2019-02-20,0.0605,0.9395,-0.7399124064793725,-0.7399124064793725
14320,2018,USIM5,2019-02-15,2020-02-20,0.0373,0.9627,0.2731944543963718,0.2731944543963718
14320,2020,USIM5,2021-02-12,2022-02-17,0.33699999999999997,0.663,-0.5093380241596992,-0.5093380241596992
14320,2021,USIM5,2022-02-11,2023-02-14,0.15580000000000005,0.8442,-0.7416142565758805,-0.7416142565758805
14320,2022,USIM5,2023-02-10,2024-02-20,0.03739999999999999,0.9626,0.8347869805671273,0.8347869805671273
14320,2023,USIM5,2025-01-16,2026-01-20,0.03610000000000002,0.9639,0.4075127090406583,0.4075127090406583
14320,2024,USIM5,2025-02-14,2026-02-20,0.05520000000000003,0.9448,-0.02163452676997779,-0.02163452676997779
14443,2011,SBSP3,2012-03-23,2013-04-04,0.010099999999999998,0.9899,0.059735819276836244,0.059735819276836244
14443,2012,SBSP3,2013-03-25,2014-03-28,0.03169999999999995,0.9683,-0.5042254110206528,-0.5042254110206528
14443,2013,SBSP3,2014-03-28,2015-04-06,0.051000000000000045,0.949,0.09696406398662027,0.09696406398662027
14443,2014,SBSP3,2015-03-26,2016-04-06,0.496,0.504,0.6271112263500092,0.6271112263500092
14443,2015,SBSP3,2016-03-28,2017-03-29,0.09670000000000001,0.9033,-0.17375467348977913,-0.17375467348977913
14443,2016,SBSP3,2017-03-27,2018-04-05,0.062100000000000044,0.9379,-0.2783980736917525,-0.2783980736917525
14443,2017,SBSP3,2018-03-27,2019-04-05,0.0383,0.9617,-0.05706964579008256,-0.05706964579008256
14443,2019,SBSP3,2020-03-27,2021-04-06,0.1199,0.8801,-0.5588556968643501,-0.5588556968643501
14443,2020,SBSP3,2021-03-25,2022-03-30,0.18769999999999998,0.8123,0.5895335938735919,0.5895335938735919
14443,2021,SBSP3,2022-03-24,2023-03-27,0.11140000000000005,0.8886,0.12598385148546853,0.12598385148546853
14443,2022,SBSP3,2023-03-23,2024-03-28,0.058499999999999996,0.9415,-0.19293487094578166,-0.19293487094578166
14443,2023,SBSP3,2024-03-21,2025-03-25,0.13580000000000003,0.8642,0.06477427046379591,0.06477427046379591
14443,2024,SBSP3,2025-03-27,2026-03-31,0.37250000000000005,0.6275,-0.06542145214808914,-0.06542145214808914
14460,2011,CYRE3,2012-03-26,2013-04-05,0.08030000000000004,0.9197,-0.1373746428283379,-0.1373746428283379
14460,2012,CYRE3,2013-03-21,2014-03-26,0.024800000000000044,0.9752,0.0123022659763532,0.0123022659763532
14460,2013,CYRE3,2014-03-20,2015-03-26,0.17400000000000004,0.826,0.5200794077796473,0.5200794077796473
14460,2014,CYRE3,2015-03-19,2016-03-30,0.0,1.0,-0.06836486287830379,-0.06836486287830379
14460,2015,CYRE3,2016-03-23,2017-03-27,0.0,1.0,-0.17126128583494893,-0.17126128583494893
14460,2016,CYRE3,2017-03-23,2018-04-03,0.20730000000000004,0.7927,-0.005566202180637414,-0.005566202180637414
14460,2018,CYRE3,2019-03-27,2020-03-31,0.09219999999999995,0.9078,0.6050351546466575,0.6050351546466575
14460,2019,CYRE3,2020-03-19,2021-03-26,0.00649999999999995,0.9935,-0.4415798397644727,-0.4415798397644727
14460,2021,CYRE3,2022-03-17,2023-03-20,0.014000000000000012,0.986,0.7136179348509801,0.7136179348509801
14460,2022,CYRE3,2023-03-16,2024-03-21,0.014000000000000012,0.986,-0.06286715714978619,-0.06286715714978619
14460,2023,CYRE3,2024-03-14,2025-03-18,0.28779999999999994,0.7122,-0.13329673498367267,-0.13329673498367267
14460,2024,CYRE3,2025-03-20,2026-03-24,0.0,1.0,-0.22061619910117514,-0.22061619910117514
14621,2011,NETC4,2012-02-14,2013-03-12,0.021100000000000008,0.9789,0.1325253324957052,0.1325253324957052
14621,2012,NETC4,2013-03-12,2014-05-02,0.05010000000000003,0.9499,-0.2640311586609355,-0.2640311586609355
14826,2019,PCAR3,2020-10-28,2021-11-05,0.13360000000000005,0.8664,-0.32561899163045516,-0.32561899163045516
14826,2020,PCAR3,2021-02-23,2022-02-24,0.19520000000000004,0.8048,0.3788728675361157,0.3788728675361157
14826,2021,PCAR3,2022-02-23,2023-02-28,0.08640000000000003,0.9136,-0.5373268283817632,-0.5373268283817632
14826,2022,PCAR3,2023-02-27,2024-03-04,0.13759999999999994,0.8624,-0.4239884356171548,-0.4239884356171548
14826,2023,PCAR3,2024-02-21,2025-02-20,0.20009999999999994,0.7999,0.28410967830210976,0.28410967830210976
14826,2024,PCAR3,2025-02-18,2026-02-24,0.22260000000000002,0.7774,-0.3886494836290605,-0.3886494836290605
15253,2011,ENGI11,2012-03-12,2014-06-06,0.0024999999999999467,0.9975,-0.08330153671184637,-0.08330153671184637
15253,2012,ENGI11,2013-03-11,2015-07-02,0.06000000000000005,0.94,0.03328304993881548,0.03328304993881548
15253,2014,ENGI11,2015-03-31,2016-11-09,0.031200000000000006,0.9688,0.3464038052616609,0.3464038052616609
15253,2015,ENGI11,2016-03-22,2017-05-11,0.14300000000000002,0.857,-0.00802763822518937,-0.00802763822518937
15253,2016,ENGI11,2017-03-23,2018-04-03,0.138,0.862,0.02248133461202073,0.02248133461202073
15253,2017,ENGI11,2018-03-14,2019-03-25,0.027200000000000002,0.9728,-0.0748911712674798,-0.0748911712674798
15253,2018,ENGI11,2019-03-21,2020-03-25,0.005600000000000049,0.9944,-0.18255707661639442,-0.18255707661639442
15253,2019,ENGI11,2020-03-18,2021-03-25,0.0046000000000000485,0.9954,-0.4647693667718136,-0.4647693667718136
15253,2020,ENGI11,2021-04-09,2022-04-13,0.020399999999999974,0.9796,0.4869813637901126,0.4869813637901126
15253,2021,ENGI11,2024-01-22,2025-01-23,0.013000000000000012,0.987,-0.2211869394300623,-0.2211869394300623
15253,2022,ENGI11,2023-03-16,2024-03-21,0.011199999999999988,0.9888,-0.007732077705739582,-0.007732077705739582
15253,2023,ENGI11,2024-03-15,2025-03-19,0.3439,0.6561,-0.10941907684020746,-0.10941907684020746
15253,2024,ENGI11,2025-03-18,2026-03-20,0.0036000000000000476,0.9964,0.11893111303589321,0.11893111303589321
15539,2019,NEOE3,2020-02-17,2021-02-25,0.05520000000000003,0.9448,-0.509246116419637,-0.509246116419637
15539,2020,NEOE3,2021-02-09,2022-02-14,0.08509999999999995,0.9149,0.1065525265295113,0.1065525265295113
15539,2021,NEOE3,2022-02-17,2023-02-22,0.05910000000000004,0.9409,0.0915658390018057,0.0915658390018057
15539,2022,NEOE3,2023-03-02,2024-03-07,0.08199999999999996,0.918,0.3781776606499634,0.3781776606499634
15539,2023,NEOE3,2024-02-07,2025-02-10,0.10250000000000004,0.8975,-0.25867716333486657,-0.25867716333486657
15636,2011,CGAS5,2012-02-17,2013-03-01,0.06810000000000005,0.9319,0.45022541302233265,0.45022541302233265
15636,2012,CGAS5,2013-05-07,2014-05-13,0.04949999999999999,0.9505,-0.2534848675600231,-0.2534848675600231
15636,2013,CGAS5,2014-02-25,2015-03-05,0.3113,0.6887,-0.1541666598498992,-0.1541666598498992
15636,2014,CGAS5,2015-03-17,2016-03-28,0.009299999999999975,0.9907,0.08142014878772108,0.08142014878772108
15636,2015,CGAS5,2016-02-18,2017-02-17,0.19499999999999995,0.805,-0.36585457600321325,-0.36585457600321325
15636,2016,CGAS5,2017-02-15,2018-02-27,0.13060000000000005,0.8694,0.22062934338140083,0.22062934338140083
15636,2017,CGAS5,2018-02-22,2019-03-01,0.1441,0.8559,-0.05311059473318713,-0.05311059473318713
15636,2018,CGAS5,2019-02-13,2020-02-26,0.10709999999999997,0.8929,0.23805643364529905,0.23805643364529905
15636,2019,CGAS5,2020-02-14,2021-02-24,0.010700000000000043,0.9893,-0.693701104167892,-0.693701104167892
15636,2020,CGAS5,2021-02-10,2022-02-16,0.05930000000000002,0.9407,-0.09000317393126078,-0.09000317393126078
15636,2021,CGAS5,2022-02-17,2023-03-13,0.1845,0.8155,0.3784388803674428,0.3784388803674428
15636,2022,CGAS5,2023-02-16,2024-03-11,0.11770000000000003,0.8823,-0.22381280965127792,-0.22381280965127792
15636,2023,CGAS5,2024-03-27,2025-05-13,0.12360000000000004,0.8764,0.35019412258954397,0.35019412258954397
16101,2011,GFSA3,2012-04-19,2013-04-30,0.00990000000000002,0.9901,0.8628200623686186,0.8628200623686186
16101,2012,GFSA3,2013-03-11,2014-03-14,9.999999999998899e-05,0.9999,0.4915785415078979,0.4915785415078979
16101,2013,GFSA3,2014-02-26,2015-03-06,0.0121,0.9879,0.7242373732147709,0.7242373732147709
16101,2014,GFSA3,2015-02-27,2016-03-09,0.006900000000000017,0.9931,0.24086530452314503,0.24086530452314503
16101,2015,GFSA3,2016-03-03,2017-03-07,0.013700000000000045,0.9863,-0.7743584450296541,-0.7743584450296541
16101,2016,GFSA3,2017-05-09,2018-05-16,0.06479999999999997,0.9352,0.5061078702517037,0.5061078702517037
16101,2017,GFSA3,2018-03-09,2019-03-20,0.06379999999999997,0.9362,0.02351766431311164,0.02351766431311164
16101,2018,GFSA3,2019-04-03,2020-04-07,0.013000000000000012,0.987,-0.4368321827153542,-0.4368321827153542
16101,2019,GFSA3,2020-03-26,2021-04-05,0.00039999999999995595,0.9996,0.08326153230049016,0.08326153230049016
16101,2020,GFSA3,2021-03-16,2022-03-21,0.062100000000000044,0.9379,-0.7443667317636884,-0.7443667317636884
16101,2021,GFSA3,2022-03-21,2023-03-22,0.4407,0.5593,0.6331843071315149,0.6331843071315149
16101,2022,GFSA3,2023-03-29,2024-04-04,0.3548,0.6452,-0.5092407098061296,-0.5092407098061296
16101,2023,GFSA3,2024-03-26,2025-03-28,0.24019999999999997,0.7598,-0.7562312119668454,-0.7562312119668454
16101,2024,GFSA3,2025-03-27,2026-03-31,0.017800000000000038,0.9822,-0.8993727719144634,-0.8736189469544653
16292,2011,BRFS3,2012-03-22,2013-04-03,0.0685,0.9315,0.1251273227505325,0.1251273227505325
16292,2012,BRFS3,2013-03-04,2014-03-07,0.2528,0.7472,-0.1180905531104377,-0.1180905531104377
16292,2013,BRFS3,2014-02-27,2015-03-09,0.04530000000000001,0.9547,0.43867158181750754,0.43867158181750754
16292,2014,BRFS3,2015-02-26,2016-03-08,0.10319999999999996,0.8968,-0.4546866148600054,-0.4546866148600054
16292,2015,BRFS3,2016-02-25,2017-02-24,0.6053999999999999,0.3946,-0.41079558445007125,-0.41079558445007125
16292,2016,BRFS3,2017-02-23,2018-03-07,0.7101999999999999,0.2898,-0.12471435399124664,-0.12471435399124664
16292,2017,BRFS3,2018-02-22,2019-03-01,0.4426,0.5574,0.05197294478216152,0.05197294478216152
16292,2018,BRFS3,2019-02-28,2020-03-06,0.40449999999999997,0.5955,0.4682052495167708,0.4682052495167708
16292,2019,BRFS3,2020-03-03,2021-03-10,0.18879999999999997,0.8112,-0.22367329180760553,-0.22367329180760553
16292,2020,BRFS3,2021-02-25,2022-03-02,0.11660000000000004,0.8834,-0.09425402123156335,-0.09425402123156335
16292,2021,BRFS3,2022-02-22,2023-02-27,0.08109999999999995,0.9189,-0.5790943828483845,-0.5790943828483845
16292,2022,BRFS3,2023-02-28,2024-03-05,0.011499999999999955,0.9885,2.7369959637626002,2.649466970280504
16292,2023,BRFS3,2024-02-26,2025-02-25,0.10140000000000005,0.8986,-0.27660024614083145,-0.27660024614083145
16306,2011,RSID3,2012-10-11,2013-10-21,0.3286,0.6714,0.4861330933505432,0.4861330933505432
16306,2012,RSID3,2013-03-26,2014-03-31,0.06520000000000004,0.9348,1.1912562601602392,1.1912562601602392
16306,2013,RSID3,2014-03-27,2015-04-02,0.07689999999999997,0.9231,0.06286147806141384,0.06286147806141384
16306,2014,RSID3,2015-03-19,2016-03-30,0.025000000000000022,0.975,-0.7265538515117935,-0.7265538515117935
16306,2015,RSID3,2016-03-30,2017-03-31,0.3126,0.6874,-0.46391512486104214,-0.46391512486104214
16306,2017,RSID3,2018-03-26,2019-04-04,0.3428,0.6572,-0.10341332503474077,-0.10341332503474077
16306,2018,RSID3,2019-03-27,2020-03-31,0.0043999999999999595,0.9956,0.8295873786872217,0.8295873786872217
16306,2019,RSID3,2020-03-18,2021-03-25,0.04590000000000005,0.9541,-0.20675126329074478,-0.20675126329074478
16306,2020,RSID3,2021-03-17,2022-03-22,9.999999999998899e-05,0.9999,-0.48901597663422525,-0.48901597663422525
16306,2021,RSID3,2022-03-16,2023-03-17,0.0010000000000000009,0.999,-0.6103966685830728,-0.6103966685830728
16306,2022,RSID3,2023-09-29,2024-10-02,0.0,1.0,-0.4731101612863159,-0.4731101612863159
16306,2023,RSID3,2024-06-24,2025-06-27,0.0,1.0,-0.7782302985771818,-0.7782302985771818
17329,2011,EGIE3,2012-02-07,2013-02-19,0.05940000000000001,0.9406,0.09938602553925913,0.09938602553925913
17329,2012,EGIE3,2013-02-07,2014-02-12,0.010099999999999998,0.9899,-0.2288997380241249,-0.2288997380241249
17329,2013,EGIE3,2014-02-20,2015-03-02,0.04239999999999999,0.9576,-0.21331657687528682,-0.21331657687528682
17329,2014,EGIE3,2015-03-30,2016-04-08,0.005600000000000049,0.9944,0.13970051420665186,0.13970051420665186
17329,2015,EGIE3,2016-02-23,2017-02-22,0.08409999999999995,0.9159,-0.4037053961798681,-0.4037053961798681
17329,2017,EGIE3,2018-02-22,2019-03-01,0.07909999999999995,0.9209,0.4890307866787986,0.4890307866787986
17329,2018,EGIE3,2019-02-19,2020-02-26,0.15259999999999996,0.8474,-0.16077800797942432,-0.16077800797942432
17329,2019,EGIE3,2020-02-20,2021-03-02,0.035800000000000054,0.9642,-0.23314450763373706,-0.23314450763373706
17329,2020,EGIE3,2021-04-20,2022-04-26,0.038799999999999946,0.9612,0.3909928553646549,0.3909928553646549
17329,2021,EGIE3,2022-02-14,2023-02-15,0.10240000000000005,0.8976,0.04435955383518597,0.04435955383518597
17329,2022,EGIE3,2023-11-30,2024-12-02,0.0675,0.9325,-0.17451604560374756,-0.17451604560374756
17329,2023,EGIE3,2024-02-27,2025-02-26,0.22219999999999995,0.7778,-0.06484100814520477,-0.06484100814520477
17450,2014,RAIL3,2016-03-01,2017-03-03,0.04149999999999998,0.9585,0.9619176511042047,0.9619176511042047
17450,2015,RAIL3,2016-03-30,2017-03-31,0.055400000000000005,0.9446,1.1545429185269422,1.1545429185269422
17450,2016,RAIL3,2017-02-20,2018-03-02,0.5238,0.4762,-0.5714390330891884,-0.5714390330891884
17450,2017,RAIL3,2018-02-27,2019-03-08,0.21020000000000005,0.7898,0.12403149734397378,0.12403149734397378
17450,2018,RAIL3,2019-02-13,2020-02-18,0.07840000000000003,0.9216,-0.38104795918945533,-0.38104795918945533
17450,2019,RAIL3,2020-02-13,2021-02-23,0.09189999999999998,0.9081,-0.2955616852599744,-0.2955616852599744
17450,2020,RAIL3,2021-06-01,2022-06-06,0.3114,0.6886,0.6329218413922082,0.6329218413922082
17450,2021,RAIL3,2022-02-17,2023-02-22,0.19530000000000003,0.8047,0.38964192884791027,0.38964192884791027
17450,2022,RAIL3,2023-02-15,2024-02-23,0.08479999999999999,0.9152,-0.013003894151356943,-0.013003894151356943
17450,2023,RAIL3,2024-03-27,2025-03-31,0.1371,0.8629,-0.35097560118401905,-0.35097560118401905
17450,2024,RAIL3,2025-02-20,2026-02-26,0.026800000000000046,0.9732,-0.3243909187450369,-0.3243909187450369
17671,2011,VIVT3,2012-02-16,2013-02-28,0.13649999999999995,0.8635,-0.049857082769705685,-0.049857082769705685
17671,2012,VIVT3,2013-02-25,2014-02-26,0.28059999999999996,0.7194,-0.0570048743691548,-0.0570048743691548
17671,2013,VIVT3,2014-02-26,2015-03-06,0.24760000000000004,0.7524,0.1981245716191884,0.1981245716191884
17671,2014,VIVT3,2015-02-24,2016-03-07,0.09860000000000002,0.9014,-0.2616982534622353,-0.2616982534622353
17671,2015,VIVT3,2016-02-24,2017-02-23,0.2813,0.7187,-0.1897546366347148,-0.1897546366347148
17671,2016,VIVT3,2017-02-21,2018-03-05,0.20179999999999998,0.7982,0.040707947463441974,0.040707947463441974
17671,2017,VIVT3,2018-02-21,2019-02-28,0.05010000000000003,0.9499,-0.10159965347168676,-0.10159965347168676
17671,2018,VIVT3,2019-02-20,2020-02-27,0.06879999999999997,0.9312,0.22609870659195552,0.22609870659195552
17671,2019,VIVT3,2020-02-19,2021-03-01,0.05689999999999995,0.9431,-0.24781114925708936,-0.24781114925708936
17671,2020,VIVT3,2021-02-23,2022-02-24,0.04590000000000005,0.9541,0.24674870640516944,0.24674870640516944
17671,2021,VIVT3,2022-02-22,2023-02-27,0.020000000000000018,0.98,-0.2819983771704171,-0.2819983771704171
17671,2022,VIVT3,2023-02-17,2024-02-27,0.05230000000000001,0.9477,0.4111169875993572,0.4111169875993572
17671,2023,VIVT3,2024-02-20,2025-02-19,0.12429999999999997,0.8757,-0.17526679933398803,-0.17526679933398803
17671,2024,VIVT3,2025-02-25,2026-03-03,0.037900000000000045,0.9621,0.15222486132542334,0.15222486132542334
17892,2016,STBP3,2017-02-15,2018-02-27,0.039100000000000024,0.9609,2.3296387762925646,2.3296387762925646
17892,2017,STBP3,2018-06-18,2019-06-27,0.1259,0.8741,0.12858956584672798,0.12858956584672798
17892,2018,STBP3,2019-02-21,2020-02-28,0.013499999999999956,0.9865,0.06130230174547213,0.06130230174547213
17892,2019,STBP3,2020-03-05,2021-03-12,0.0010999999999999899,0.9989,-0.08762075944011383,-0.08762075944011383
17892,2021,STBP3,2022-03-10,2023-03-13,0.35140000000000005,0.6486,0.28074318292759437,0.28074318292759437
17892,2022,STBP3,2023-11-29,2024-11-29,0.013499999999999956,0.9865,0.5056872487968007,0.5056872487968007
17892,2023,STBP3,2024-03-20,2025-03-24,0.0806,0.9194,-0.3139081328040877,-0.3139081328040877
17973,2011,COGN3,2012-03-28,2013-04-09,0.07340000000000002,0.9266,0.7061276192538017,0.7061276192538017
17973,2012,COGN3,2013-03-20,2014-03-25,0.013700000000000045,0.9863,-0.07106948866308438,-0.07106948866308438
17973,2013,COGN3,2014-03-18,2015-03-24,0.0021999999999999797,0.9978,-0.5693379135895626,-0.5693379135895626
17973,2014,COGN3,2015-04-16,2016-04-27,0.0050000000000000044,0.995,0.6623436779080203,0.6623436779080203
17973,2015,COGN3,2016-03-15,2017-03-17,0.030399999999999983,0.9696,-0.2322131663164133,-0.2322131663164133
17973,2016,COGN3,2017-03-22,2018-04-02,0.015499999999999958,0.9845,-0.34692918868052625,-0.34692918868052625
17973,2017,COGN3,2018-03-16,2019-03-27,0.006800000000000028,0.9932,-0.15494712296623847,-0.15494712296623847
17973,2019,COGN3,2020-03-30,2021-04-07,0.15869999999999995,0.8413,-0.4183760938694052,-0.4183760938694052
17973,2020,COGN3,2021-03-31,2022-04-05,0.0011999999999999789,0.9988,0.6918852251887204,0.6918852251887204
17973,2021,COGN3,2022-03-24,2023-03-27,0.0,1.0,0.9566541455935653,0.9566541455935653
17973,2022,COGN3,2023-09-21,2024-09-24,0.0,1.0,-0.5173186638212834,-0.5173186638212834
17973,2023,COGN3,2024-03-20,2025-03-24,0.0,1.0,-0.045751334399931176,-0.045751334399931176
17973,2024,COGN3,2025-03-12,2026-03-16,0.0006000000000000449,0.9994,0.08453043534890159,0.08453043534890159
18112,2011,AMBV3,2012-03-08,2013-03-19,0.11499999999999999,0.885,0.020459518711090974,0.020459518711090974
18350,2012,GETI4,2013-02-26,2014-02-27,0.028900000000000037,0.9711,-0.07432180385333687,-0.07432180385333687
18350,2013,GETI4,2014-02-25,2015-03-05,0.03159999999999996,0.9684,0.08989901102892994,0.08989901102892994
18376,2011,ISAE4,2012-03-15,2013-03-26,0.014700000000000046,0.9853,-0.48860934132158484,-0.48860934132158484
18376,2012,ISAE4,2013-02-26,2014-02-27,0.01200000000000001,0.988,-0.03055795295020558,-0.03055795295020558
18376,2013,ISAE4,2014-02-27,2015-03-09,0.049699999999999966,0.9503,1.7001570468254328,1.7001570468254328
18376,2014,ISAE4,2015-02-26,2016-03-08,0.10860000000000003,0.8914,-0.31648590463084525,-0.31648590463084525
18376,2015,ISAE4,2016-04-20,2017-04-25,0.10250000000000004,0.8975,-0.33749125103927025,-0.33749125103927025
18376,2016,ISAE4,2017-02-23,2018-03-07,0.20030000000000003,0.7997,-0.23411904058023247,-0.23411904058023247
18376,2017,ISAE4,2018-02-26,2019-03-07,0.028800000000000048,0.9712,0.21818660964359737,0.21818660964359737
18376,2018,ISAE4,2019-02-28,2020-03-06,0.09660000000000002,0.9034,-0.033694758388501556,-0.033694758388501556
18376,2019,ISAE4,2020-03-04,2021-03-11,0.10540000000000005,0.8946,-0.06634645897596692,-0.06634645897596692
18376,2020,ISAE4,2021-02-22,2022-02-23,0.05989999999999995,0.9401,-0.10591398695238219,-0.10591398695238219
18376,2021,ISAE4,2022-02-23,2023-02-28,0.019000000000000017,0.981,-0.11139917346303263,-0.11139917346303263
18376,2022,ISAE4,2023-02-23,2024-02-29,0.09219999999999995,0.9078,0.006550328832904739,0.006550328832904739
18376,2024,ISAE4,2025-02-24,2026-03-02,0.3347,0.6653,-0.025566748830612274,-0.025566748830612274
18465,2011,UGPA3,2012-02-16,2013-02-28,0.01529999999999998,0.9847,0.04404675820276838,0.04404675820276838
18465,2012,UGPA3,2013-02-20,2014-02-21,0.04920000000000002,0.9508,-0.12108081424529726,-0.12108081424529726
18465,2013,UGPA3,2014-02-19,2015-02-27,0.0,1.0,-0.17231648465303995,-0.17231648465303995
18465,2014,UGPA3,2015-02-25,2016-03-07,0.038000000000000034,0.962,0.19280327484795112,0.19280327484795112
18465,2015,UGPA3,2016-02-17,2017-02-16,0.008900000000000019,0.9911,-0.339029402092218,-0.339029402092218
18465,2016,UGPA3,2017-02-22,2018-03-06,0.03090000000000004,0.9691,0.01293729732555704,0.01293729732555704
18465,2017,UGPA3,2018-02-21,2019-02-28,0.024700000000000055,0.9753,-0.2959184704872546,-0.2959184704872546
18465,2018,UGPA3,2019-02-20,2020-02-27,0.025399999999999978,0.9746,0.1596208056673074,0.1596208056673074
18465,2019,UGPA3,2020-03-16,2021-03-23,0.10189999999999999,0.8981,0.07425873061759125,0.07425873061759125
18465,2020,UGPA3,2021-02-25,2022-03-02,0.030100000000000016,0.9699,-0.22514214663549625,-0.22514214663549625
18465,2021,UGPA3,2022-02-25,2023-03-02,0.03290000000000004,0.9671,0.3125897873002961,0.3125897873002961
18465,2022,UGPA3,2023-02-15,2024-02-23,0.19520000000000004,0.8048,0.7013498924544428,0.7013498924544428
18465,2023,UGPA3,2024-02-28,2025-02-27,0.08050000000000002,0.9195,-0.6944995486761787,-0.6944995486761787
18465,2024,UGPA3,2025-02-26,2026-03-04,0.023900000000000032,0.9761,0.5894006147527133,0.5894006147527133
18627,2019,SAPR11,2020-02-06,2021-02-12,0.14229999999999998,0.8577,-0.4261162456619817,-0.4261162456619817
18627,2021,SAPR11,2022-02-24,2023-03-01,0.19630000000000003,0.8037,-0.0025485531254886284,-0.0025485531254886284
18627,2022,SAPR11,2023-02-16,2024-02-26,0.037699999999999956,0.9623,0.2168093427932416,0.2168093427932416
18627,2023,SAPR11,2024-02-08,2025-02-11,0.08730000000000004,0.9127,-0.2697426339492688,-0.2697426339492688
18627,2024,SAPR11,2025-02-20,2026-02-26,0.12680000000000002,0.8732,0.2702764080212434,0.2702764080212434
18660,2011,CPFE3,2012-03-12,2013-03-21,0.03469999999999995,0.9653,-0.40313608811739154,-0.40313608811739154
18660,2012,CPFE3,2013-03-13,2014-03-18,0.031100000000000017,0.9689,-0.0286179886881176,-0.0286179886881176
18660,2013,CPFE3,2014-03-27,2015-04-02,0.05989999999999995,0.9401,0.1472517211403095,0.1472517211403095
18660,2014,CPFE3,2015-03-26,2016-04-06,0.1139,0.8861,0.11240400647707771,0.11240400647707771
18660,2015,CPFE3,2016-03-21,2017-03-23,0.02510000000000001,0.9749,-0.06786188505198953,-0.06786188505198953
18660,2017,CPFE3,2018-03-27,2019-04-05,0.1099,0.8901,0.3612742493975296,0.3612742493975296
18660,2018,CPFE3,2019-03-28,2020-04-01,0.06820000000000004,0.9318,-0.3044840347859282,-0.3044840347859282
18660,2019,CPFE3,2020-03-09,2021-03-16,0.10329999999999995,0.8967,-0.32348231832568874,-0.32348231832568874
18660,2020,CPFE3,2021-03-31,2022-04-05,0.08150000000000002,0.9185,0.24167347396174876,0.24167347396174876
18660,2021,CPFE3,2022-03-17,2023-03-20,0.020399999999999974,0.9796,-0.08064024088130595,-0.08064024088130595
18660,2022,CPFE3,2023-03-16,2024-03-21,0.0917,0.9083,-0.2441399980194906,-0.2441399980194906
18660,2023,CPFE3,2024-03-21,2025-03-25,0.09009999999999996,0.9099,0.28777359700330973,0.28777359700330973
18660,2024,CPFE3,2025-02-26,2026-03-04,0.23350000000000004,0.7665,0.06537936434403413,0.06537936434403413
18724,2011,BRAP4,2012-03-16,2013-03-27,0.013299999999999979,0.9867,-0.01104077984268681,-0.01104077984268681
18724,2012,BRAP4,2013-03-20,2014-03-25,0.005900000000000016,0.9941,-0.048446230204358676,-0.048446230204358676
18724,2013,BRAP4,2014-03-20,2015-03-26,0.0,1.0,-0.35402539508116504,-0.35402539508116504
18724,2014,BRAP4,2015-03-19,2016-03-30,0.0,1.0,-0.14576805875627796,-0.14576805875627796
18724,2015,BRAP4,2016-03-21,2017-03-23,0.0,1.0,4.06632428694149,2.649466970280504
18724,2016,BRAP4,2017-03-21,2018-03-29,0.25470000000000004,0.7453,-0.6362131145213247,-0.6362131145213247
18724,2017,BRAP4,2018-03-21,2019-04-01,0.028800000000000048,0.9712,-0.3380266047160341,-0.3380266047160341
18724,2018,BRAP4,2019-03-28,2020-04-01,0.277,0.723,0.06674555159485562,0.06674555159485562
18724,2019,BRAP4,2020-03-26,2021-04-05,0.009000000000000008,0.991,0.11063808121880392,0.11063808121880392
18724,2020,BRAP4,2021-03-25,2022-03-30,0.0029000000000000137,0.9971,-0.24454516601173515,-0.24454516601173515
18724,2021,BRAP4,2022-03-29,2023-03-30,0.12490000000000001,0.8751,-0.47814224877345624,-0.47814224877345624
18724,2022,BRAP4,2023-03-27,2024-04-02,0.0008000000000000229,0.9992,-0.2735832677905129,-0.2735832677905129
18724,2023,BRAP4,2024-03-27,2025-03-31,0.020499999999999963,0.9795,0.41174840820057,0.41174840820057
18724,2024,BRAP4,2025-03-25,2026-03-27,0.0,1.0,0.1341595023151383,0.1341595023151383
18821,2011,MOTV3,2012-03-07,2013-03-18,0.23619999999999997,0.7638,0.270112976390664,0.270112976390664
18821,2012,MOTV3,2013-03-18,2014-03-21,0.09699999999999998,0.903,-0.32969204827546783,-0.32969204827546783
18821,2013,MOTV3,2014-03-12,2015-03-18,0.11970000000000003,0.8803,-0.06525436664583284,-0.06525436664583284
18821,2014,MOTV3,2015-04-02,2016-04-13,0.0464,0.9536,0.0026312993710340127,0.0026312993710340127
18821,2015,MOTV3,2016-02-25,2017-02-24,0.39280000000000004,0.6072,-0.09830360339810795,-0.09830360339810795
18821,2016,MOTV3,2017-03-06,2018-03-14,0.20809999999999995,0.7919,-0.4726464322354452,-0.4726464322354452
18821,2017,MOTV3,2018-02-27,2019-03-08,0.005900000000000016,0.9941,1.2961602665663956,1.2961602665663956
18821,2018,MOTV3,2019-03-21,2020-03-25,0.08379999999999999,0.9162,0.6740372135565633,0.6740372135565633
18821,2019,MOTV3,2020-03-05,2021-03-12,0.07589999999999997,0.9241,-0.2828330585618427,-0.2828330585618427
18821,2020,MOTV3,2021-03-04,2022-03-09,0.09870000000000001,0.9013,0.7568806842697979,0.7568806842697979
18821,2021,MOTV3,2022-02-24,2023-03-01,0.06640000000000001,0.9336,-0.10920858987652327,-0.10920858987652327
18821,2022,MOTV3,2023-02-15,2024-02-23,0.022299999999999986,0.9777,0.03783967158866597,0.03783967158866597
18821,2023,MOTV3,2024-02-08,2025-02-11,0.07299999999999995,0.927,-0.15157231303305163,-0.15157231303305163
18961,2011,AEDU3,2012-04-02,2013-04-12,0.0004999999999999449,0.9995,1.6836139922541542,1.6836139922541542
18961,2012,AEDU3,2013-03-25,2014-03-28,0.005099999999999993,0.9949,-0.3305829959560853,-0.3305829959560853
18970,2011,TIET11,2012-03-14,2013-03-25,0.0023999999999999577,0.9976,-0.25945645354645086,-0.25945645354645086
18970,2012,TIET11,2013-02-28,2014-03-05,0.006099999999999994,0.9939,-0.047961006515199855,-0.047961006515199855
18970,2013,TIET11,2014-02-28,2015-03-10,0.006299999999999972,0.9937,0.10122637881661811,0.10122637881661811
18970,2014,TIET11,2015-02-25,2016-03-07,0.0033999999999999586,0.9966,0.012835888419850283,0.012835888419850283
18970,2015,TIET11,2016-02-24,2017-02-23,0.4093,0.5907,-0.36869837594912325,-0.36869837594912325
18970,2016,TIET11,2017-02-24,2018-03-08,0.012199999999999989,0.9878,-0.32248022806958077,-0.32248022806958077
18970,2017,TIET11,2018-02-27,2019-03-08,0.1331,0.8669,0.37097741568280185,0.37097741568280185
18970,2018,TIET11,2019-02-26,2020-03-04,0.027699999999999947,0.9723,0.7708950836495896,0.7708950836495896
18970,2019,TIET11,2020-03-02,2021-03-09,0.3326,0.6674,-0.12910456625547595,-0.12910456625547595
19445,2011,CSMG3,2012-03-09,2013-03-20,0.3954,0.6046,-0.14912494933123877,-0.14912494933123877
19445,2012,CSMG3,2013-03-06,2014-03-11,0.035800000000000054,0.9642,-0.43709954340764257,-0.43709954340764257
19445,2013,CSMG3,2014-01-30,2015-02-05,0.012599999999999945,0.9874,-0.41751264226092855,-0.41751264226092855
19445,2014,CSMG3,2015-04-06,2016-04-14,0.022599999999999953,0.9774,0.6789251331417356,0.6789251331417356
19445,2015,CSMG3,2016-03-11,2017-03-15,0.059599999999999986,0.9404,1.1705849304605098,1.1705849304605098
19445,2016,CSMG3,2017-03-09,2018-03-19,0.05669999999999997,0.9433,-0.7061679932984548,-0.7061679932984548
19445,2017,CSMG3,2018-02-23,2019-03-06,0.488,0.512,0.5971576812815418,0.5971576812815418
19445,2018,CSMG3,2019-02-28,2020-03-06,0.02300000000000002,0.977,-0.159328352709057,-0.159328352709057
19445,2019,CSMG3,2020-03-19,2021-03-26,0.16669999999999996,0.8333,-0.11754153313542115,-0.11754153313542115
19445,2020,CSMG3,2021-04-20,2022-04-26,0.06020000000000003,0.9398,0.34579699895601346,0.34579699895601346
19445,2021,CSMG3,2022-06-13,2023-06-16,0.12160000000000004,0.8784,0.3557406655417392,0.3557406655417392
19445,2022,CSMG3,2023-03-21,2024-03-26,0.05369999999999997,0.9463,-0.2513119533377811,-0.2513119533377811
19445,2023,CSMG3,2024-03-21,2025-03-25,0.09130000000000005,0.9087,-0.04981393570104775,-0.04981393570104775
19445,2024,CSMG3,2025-03-24,2026-03-26,0.020199999999999996,0.9798,0.6252605512037108,0.6252605512037108
19453,2011,ECOR3,2012-03-15,2013-03-26,0.11539999999999995,0.8846,0.02168017640355524,0.02168017640355524
19453,2012,ECOR3,2013-03-14,2014-03-19,0.12360000000000004,0.8764,-0.2522269463723896,-0.2522269463723896
19453,2013,ECOR3,2014-03-18,2015-03-24,0.3337,0.6663,-0.30073747190165734,-0.30073747190165734
19453,2014,ECOR3,2015-03-17,2016-03-28,0.023299999999999987,0.9767,-0.13451759641770022,-0.13451759641770022
19453,2015,ECOR3,2016-03-15,2017-03-17,0.46719999999999995,0.5328,0.6687659412847458,0.6687659412847458
19453,2016,ECOR3,2017-02-20,2018-03-02,0.03380000000000005,0.9662,-0.5022272935524024,-0.5022272935524024
19453,2017,ECOR3,2018-02-28,2019-03-11,0.022199999999999998,0.9778,0.439313614042935,0.439313614042935
19453,2018,ECOR3,2019-03-14,2020-03-18,0.07140000000000002,0.9286,0.4383840591185211,0.4383840591185211
19453,2019,ECOR3,2020-02-18,2021-02-26,0.10070000000000001,0.8993,-0.31484725437230177,-0.31484725437230177
19453,2020,ECOR3,2021-03-10,2022-03-15,0.12949999999999995,0.8705,-0.03489667031802368,-0.03489667031802368
19453,2021,ECOR3,2022-03-25,2023-03-28,0.3295,0.6705,0.3330858120546911,0.3330858120546911
19453,2022,ECOR3,2023-03-16,2024-03-21,0.018299999999999983,0.9817,0.6289958140617793,0.6289958140617793
19453,2023,ECOR3,2024-03-13,2025-03-17,0.0383,0.9617,-0.6484885447362683,-0.6484885447362683
19453,2024,ECOR3,2025-03-18,2026-03-20,0.03590000000000004,0.9641,0.13221301548775233,0.13221301548775233
19550,2011,NATU3,2012-02-15,2013-02-27,0.0008000000000000229,0.9992,0.37945127452220784,0.37945127452220784
19550,2012,NATU3,2013-02-06,2014-02-11,0.0021999999999999797,0.9978,-0.4168298945744545,-0.4168298945744545
19550,2013,NATU3,2014-06-10,2015-06-17,0.5196000000000001,0.4804,-0.056358635043650684,-0.056358635043650684
19550,2014,NATU3,2015-02-11,2016-02-24,0.03059999999999996,0.9694,0.4360737801895216,0.4360737801895216
19550,2015,NATU3,2016-02-17,2017-02-16,0.14680000000000004,0.8532,-0.4566954125842758,-0.4566954125842758
19550,2016,NATU3,2017-02-22,2018-03-06,0.014700000000000046,0.9853,0.4700585769782408,0.4700585769782408
19550,2017,NATU3,2018-03-14,2019-03-25,0.00770000000000004,0.9923,0.2901960273603077,0.2901960273603077
19550,2018,NATU3,2019-02-28,2020-03-06,0.08909999999999996,0.9109,-0.0019037348095837237,-0.0019037348095837237
19550,2019,NATU3,2020-03-05,2021-03-12,0.07440000000000002,0.9256,-0.3742568019533614,-0.3742568019533614
19550,2020,NATU3,2021-03-31,2022-04-05,0.27459999999999996,0.7254,-0.5737452483311485,-0.5737452483311485
19550,2023,NATU3,2024-03-19,2025-03-21,0.1876,0.8124,-0.6278021462396538,-0.6278021462396538
19550,2024,NATU3,2025-03-13,2026-03-17,0.04400000000000004,0.956,-0.44197355751108924,-0.44197355751108924
19615,2011,GRND3,2012-03-01,2013-03-12,0.16400000000000003,0.836,1.3429112591269052,1.3429112591269052
19615,2012,GRND3,2013-02-28,2014-03-05,0.10270000000000001,0.8973,-0.5795317964864344,-0.5795317964864344
19615,2013,GRND3,2014-02-13,2015-02-23,0.6798,0.3202,0.037436329521184586,0.037436329521184586
19615,2014,GRND3,2015-02-12,2016-02-25,0.006900000000000017,0.9931,0.6217989836112146,0.6217989836112146
19615,2015,GRND3,2016-02-25,2017-02-24,0.008199999999999985,0.9918,-0.3316768787203146,-0.3316768787203146
19615,2016,GRND3,2017-02-16,2018-02-28,0.059699999999999975,0.9403,0.13722304947915287,0.13722304947915287
19615,2017,GRND3,2018-02-22,2019-03-01,0.009000000000000008,0.991,-0.27749362764402097,-0.27749362764402097
19615,2018,GRND3,2019-02-14,2020-02-19,0.0037000000000000366,0.9963,0.10157310561096033,0.10157310561096033
19615,2019,GRND3,2020-02-14,2021-02-24,0.0030999999999999917,0.9969,-0.22069384553674543,-0.22069384553674543
19615,2020,GRND3,2021-03-04,2022-03-09,0.0017000000000000348,0.9983,0.4107225419714935,0.4107225419714935
19615,2021,GRND3,2022-02-24,2023-03-01,0.0026000000000000467,0.9974,-0.16436955536446507,-0.16436955536446507
19615,2022,GRND3,2023-03-02,2024-03-07,0.0009000000000000119,0.9991,-0.060007986649572964,-0.060007986649572964
19615,2023,GRND3,2024-02-29,2025-02-28,0.0938,0.9062,0.054765395139456885,0.054765395139456885
19739,2011,RENT3,2012-03-13,2013-03-22,0.21840000000000004,0.7816,-0.2096314139851504,-0.2096314139851504
19739,2012,RENT3,2013-03-20,2014-03-25,0.09909999999999997,0.9009,-0.195364413457363,-0.195364413457363
19739,2013,RENT3,2014-03-21,2015-03-27,0.06740000000000002,0.9326,0.2568707537883397,0.2568707537883397
19739,2014,RENT3,2015-03-24,2016-04-04,0.08960000000000001,0.9104,-0.15941309162235096,-0.15941309162235096
19739,2015,RENT3,2016-03-03,2017-03-07,0.020000000000000018,0.98,0.10212846643064766,0.10212846643064766
19739,2016,RENT3,2017-02-06,2018-02-16,0.044399999999999995,0.9556,0.04270107758005248,0.04270107758005248
19739,2017,RENT3,2018-03-14,2019-03-25,0.05130000000000001,0.9487,-0.33178737481386,-0.33178737481386
19739,2018,RENT3,2019-02-21,2020-02-28,0.30589999999999995,0.6941,-0.1357064682217487,-0.1357064682217487
19739,2019,RENT3,2020-03-10,2021-03-17,0.01649999999999996,0.9835,-0.1631477473661177,-0.1631477473661177
19739,2020,RENT3,2021-02-25,2022-03-02,0.020499999999999963,0.9795,-0.18352381608081514,-0.18352381608081514
19739,2021,RENT3,2022-02-22,2023-02-27,0.10670000000000002,0.8933,0.044764073687461714,0.044764073687461714
19739,2022,RENT3,2023-03-28,2024-04-03,0.034599999999999964,0.9654,-0.3538672594762555,-0.3538672594762555
19739,2023,RENT3,2024-03-12,2025-03-14,0.1623,0.8377,-0.22790662823138053,-0.22790662823138053
19739,2024,RENT3,2025-02-27,2026-03-05,0.015100000000000002,0.9849,0.6501279329201348,0.6501279329201348
19771,2011,ARTR3,2012-03-22,2013-04-03,0.0036000000000000476,0.9964,0.2882576441069684,0.2882576441069684
19771,2012,ARTR3,2013-03-05,2014-03-10,0.00039999999999995595,0.9996,-0.34847990841615617,-0.34847990841615617
19771,2013,ARTR3,2014-02-26,2015-03-06,0.019299999999999984,0.9807,-0.44864316301940943,-0.44864316301940943
19771,2014,ARTR3,2015-02-26,2016-03-08,0.0,1.0,0.50007950107352,0.50007950107352
19836,2012,CSAN3,2012-05-31,2013-06-12,0.0019000000000000128,0.9981,0.1255377089762817,0.1255377089762817
19836,2013,CSAN3,2013-06-05,2014-06-10,0.10109999999999997,0.8989,-0.4434932046799712,-0.4434932046799712
19836,2014,CSAN3,2015-03-18,2016-03-29,0.0036000000000000476,0.9964,0.16430521395804631,0.16430521395804631
19836,2015,CSAN3,2016-02-18,2017-02-17,0.012700000000000045,0.9873,-0.0032925901403195734,-0.0032925901403195734
19836,2016,CSAN3,2017-02-16,2018-02-28,0.24539999999999995,0.7546,-0.3550370770185062,-0.3550370770185062
19836,2017,CSAN3,2018-03-26,2019-04-04,0.2966,0.7034,0.04290827825480781,0.04290827825480781
19836,2018,CSAN3,2019-02-14,2020-02-19,0.02739999999999998,0.9726,0.7567839646126804,0.7567839646126804
19836,2019,CSAN3,2020-02-14,2021-02-24,0.08909999999999996,0.9109,-0.32559959476689404,-0.32559959476689404
19836,2020,CSAN3,2021-02-11,2022-02-16,0.015199999999999991,0.9848,0.167333147314356,0.167333147314356
19836,2021,CSAN3,2022-02-24,2023-03-01,0.3416,0.6584,-0.21957173493429338,-0.21957173493429338
19836,2022,CSAN3,2023-02-28,2024-03-05,0.07730000000000004,0.9227,0.13483049412329784,0.13483049412329784
19836,2023,CSAN3,2024-05-29,2025-06-03,0.12139999999999995,0.8786,-0.2976598383595912,-0.2976598383595912
19836,2024,CSAN3,2025-03-10,2026-03-12,0.06489999999999996,0.9351,-0.02628333680479855,-0.02628333680479855
19879,2011,LIGT3,2012-03-06,2013-03-15,0.04090000000000005,0.9591,-0.15402993089806916,-0.15402993089806916
19879,2012,LIGT3,2013-03-25,2014-03-28,0.007199999999999984,0.9928,0.42797447096335883,0.42797447096335883
19879,2013,LIGT3,2014-03-11,2015-03-17,0.01090000000000002,0.9891,0.020968209973550866,0.020968209973550866
19879,2014,LIGT3,2015-03-06,2016-03-16,0.06469999999999998,0.9353,-0.2010733706879887,-0.2010733706879887
19879,2015,LIGT3,2016-11-10,2017-11-16,0.07310000000000005,0.9269,-0.2646448343213593,-0.2646448343213593
19879,2017,LIGT3,2018-03-28,2019-04-08,0.2128,0.7872,1.219117371946524,1.219117371946524
19879,2018,LIGT3,2019-03-28,2020-04-01,0.12160000000000004,0.8784,-0.4972580181352477,-0.4972580181352477
19879,2019,LIGT3,2020-03-12,2021-03-19,0.138,0.862,-0.13745805362506547,-0.13745805362506547
19879,2020,LIGT3,2021-03-19,2022-03-24,0.08530000000000004,0.9147,-0.484138303274936,-0.484138303274936
19879,2021,LIGT3,2022-03-24,2023-03-27,0.00649999999999995,0.9935,-0.41057949910207336,-0.41057949910207336
19879,2022,LIGT3,2023-03-28,2024-04-03,0.022599999999999953,0.9774,2.1068758213918657,2.1068758213918657
19879,2023,LIGT3,2024-03-25,2025-03-27,0.04859999999999998,0.9514,-0.5437748011310546,-0.5437748011310546
19879,2024,LIGT3,2025-03-28,2026-04-01,0.016599999999999948,0.9834,-0.1637800719879039,-0.1637800719879039
19909,2011,BRML3,2012-10-18,2013-10-25,0.02200000000000002,0.978,-0.37776378919283093,-0.37776378919283093
19909,2012,BRML3,2013-03-06,2014-03-11,0.0023999999999999577,0.9976,-0.2688622383689566,-0.2688622383689566
19909,2013,BRML3,2014-03-17,2015-03-23,0.025699999999999945,0.9743,0.13219339023427312,0.13219339023427312
19909,2014,BRML3,2015-03-11,2016-03-21,0.00880000000000003,0.9912,0.07853868394690489,0.07853868394690489
19909,2015,BRML3,2016-03-14,2017-03-16,0.0030000000000000027,0.997,-0.13248679541455255,-0.13248679541455255
19909,2016,BRML3,2017-03-15,2018-03-23,0.028100000000000014,0.9719,-0.23384047207680192,-0.23384047207680192
19909,2017,BRML3,2018-03-16,2019-03-27,0.1583,0.8417,0.5046076523137859,0.5046076523137859
19909,2018,BRML3,2019-03-29,2020-04-02,0.01200000000000001,0.988,0.0079078247013733,0.0079078247013733
19909,2019,BRML3,2020-03-12,2021-03-19,0.007900000000000018,0.9921,-0.4107213818499291,-0.4107213818499291
19909,2020,BRML3,2021-04-09,2022-04-13,0.07889999999999997,0.9211,0.5178259087442896,0.5178259087442896
19992,2011,TOTS3,2012-01-31,2013-02-08,0.029900000000000038,0.9701,0.5170079472443319,0.5170079472443319
19992,2012,TOTS3,2013-01-29,2014-02-03,0.03249999999999997,0.9675,-0.3757879165794614,-0.3757879165794614
19992,2013,TOTS3,2014-01-29,2015-02-04,0.0,1.0,0.07505403664645072,0.07505403664645072
19992,2014,TOTS3,2015-01-28,2016-02-10,0.013499999999999956,0.9865,-0.12559207568389064,-0.12559207568389064
19992,2015,TOTS3,2016-03-16,2017-03-20,0.056400000000000006,0.9436,-0.38432687056004244,-0.38432687056004244
19992,2016,TOTS3,2017-02-22,2018-03-06,0.1189,0.8811,0.34983609606320987,0.34983609606320987
19992,2017,TOTS3,2018-02-07,2019-02-18,0.006000000000000005,0.994,0.29254378941866976,0.29254378941866976
19992,2018,TOTS3,2019-02-13,2020-02-18,0.03210000000000002,0.9679,0.9469869547707304,0.9469869547707304
19992,2019,TOTS3,2020-02-12,2021-02-22,0.40780000000000005,0.5922,-0.300533976953004,-0.300533976953004
19992,2020,TOTS3,2022-02-16,2023-02-17,0.10709999999999997,0.8929,-0.02588730995536792,-0.02588730995536792
19992,2022,TOTS3,2023-02-14,2024-02-22,0.17900000000000005,0.821,-0.2292997278186324,-0.2292997278186324
19992,2023,TOTS3,2024-02-07,2025-02-10,0.05469999999999997,0.9453,0.1286189672203526,0.1286189672203526
19992,2024,TOTS3,2025-02-12,2026-02-18,0.026599999999999957,0.9734,-0.40666691775074937,-0.40666691775074937
20010,2011,EQTL3,2012-12-03,2013-12-09,0.16979999999999995,0.8302,-0.023235209378345334,-0.023235209378345334
20010,2013,EQTL3,2014-03-11,2015-03-17,0.00019999999999997797,0.9998,0.5142260208973966,0.5142260208973966
20010,2014,EQTL3,2015-02-24,2016-03-04,0.032200000000000006,0.9678,0.23297435323268112,0.23297435323268112
20010,2015,EQTL3,2017-09-25,2018-10-03,0.018399999999999972,0.9816,-0.1405900263161528,-0.1405900263161528
20010,2016,EQTL3,2017-09-25,2018-10-03,0.007099999999999995,0.9929,-0.1405900263161528,-0.1405900263161528
20010,2017,EQTL3,2018-03-09,2019-03-20,0.18379999999999996,0.8162,0.011539286740098298,0.011539286740098298
20010,2018,EQTL3,2019-04-12,2020-04-17,0.015599999999999947,0.9844,0.18451607760070132,0.18451607760070132
20010,2019,EQTL3,2020-05-25,2021-05-31,0.026699999999999946,0.9733,-0.22128122714923126,-0.22128122714923126
20010,2020,EQTL3,2021-03-24,2022-03-29,0.0,1.0,0.4361151370776839,0.4361151370776839
20010,2021,EQTL3,2022-03-31,2023-04-03,0.15439999999999998,0.8456,-0.06023254714560233,-0.06023254714560233
20010,2022,EQTL3,2023-03-29,2024-04-04,0.010800000000000032,0.9892,-0.13141608381046277,-0.13141608381046277
20010,2023,EQTL3,2024-03-25,2025-03-27,0.07750000000000001,0.9225,-0.1265657693486183,-0.1265657693486183
20028,2011,VLID3,2012-03-21,2013-04-02,0.7227,0.2773,0.12562717200765805,0.12562717200765805
20028,2012,VLID3,2013-03-27,2014-04-01,0.0023999999999999577,0.9976,-0.29362074926585124,-0.29362074926585124
20028,2013,VLID3,2014-03-21,2015-03-27,0.037699999999999956,0.9623,0.545239606524833,0.545239606524833
20028,2014,VLID3,2015-03-05,2016-03-15,0.011600000000000055,0.9884,-0.33387679914830126,-0.33387679914830126
20028,2015,VLID3,2016-04-25,2017-04-27,0.7685,0.2315,-0.4927253792903832,-0.4927253792903832
20028,2016,VLID3,2017-03-16,2018-03-26,0.024800000000000044,0.9752,0.10400370234307021,0.10400370234307021
20028,2017,VLID3,2018-03-12,2019-03-21,0.00990000000000002,0.9901,0.38751570489089526,0.38751570489089526
20028,2018,VLID3,2019-03-14,2020-03-18,0.0036000000000000476,0.9964,-0.5076964105514898,-0.5076964105514898
20028,2019,VLID3,2020-03-05,2021-03-12,0.016599999999999948,0.9834,-0.09131056759138001,-0.09131056759138001
20028,2020,VLID3,2021-04-08,2022-04-12,0.08009999999999995,0.9199,0.24851035944056332,0.24851035944056332
20028,2021,VLID3,2022-04-14,2023-04-18,0.013499999999999956,0.9865,0.184523288769467,0.184523288769467
20028,2022,VLID3,2023-03-15,2024-03-20,0.01980000000000004,0.9802,0.4821840015527401,0.4821840015527401
20028,2023,VLID3,2024-03-06,2025-03-10,0.05589999999999995,0.9441,-0.057608675771165685,-0.057608675771165685
20060,2011,LUPA3,2012-04-02,2013-04-12,0.48650000000000004,0.5135,-0.5358367237885069,-0.5358367237885069
20060,2012,LUPA3,2013-04-01,2014-04-04,0.13139999999999996,0.8686,0.14658497613647792,0.14658497613647792
20060,2014,LUPA3,2015-03-27,2016-04-25,0.014399999999999968,0.9856,-0.9373954608134176,-0.8736189469544653
20060,2015,LUPA3,2016-03-29,2017-04-03,0.0017000000000000348,0.9983,1.4801294702743388,1.4801294702743388
20060,2017,LUPA3,2018-03-22,2019-04-02,0.09099999999999997,0.909,-0.4063590374760524,-0.4063590374760524
20060,2018,LUPA3,2019-04-01,2020-04-03,0.08779999999999999,0.9122,0.8371971561870564,0.8371971561870564
20060,2019,LUPA3,2020-03-20,2021-03-29,0.030000000000000027,0.97,2.2533294875323358,2.2533294875323358
20060,2020,LUPA3,2021-03-22,2022-03-25,0.014700000000000046,0.9853,0.5854672660173061,0.5854672660173061
20060,2021,LUPA3,2022-03-25,2023-03-28,0.051899999999999946,0.9481,-0.8715571801602114,-0.8715571801602114
20060,2022,LUPA3,2023-04-04,2024-04-10,0.11380000000000001,0.8862,-0.685926313378264,-0.685926313378264
20060,2023,LUPA3,2024-03-22,2025-03-26,0.8465,0.1535,0.8237509820408799,0.8237509820408799
20087,2011,EMBJ3,2012-03-26,2013-04-05,0.06359999999999999,0.9364,0.3060739746933485,0.3060739746933485
20087,2012,EMBJ3,2013-03-12,2014-03-17,0.2077,0.7923,0.008977367390713642,0.008977367390713642
20087,2013,EMBJ3,2014-04-02,2015-04-09,0.12960000000000005,0.8704,-0.2519441174345749,-0.2519441174345749
20087,2014,EMBJ3,2015-03-16,2016-03-24,0.11240000000000006,0.8876,-0.1973708891192102,-0.1973708891192102
20087,2015,EMBJ3,2016-03-18,2017-03-22,0.09830000000000005,0.9017,0.030523468964524847,0.030523468964524847
20087,2016,EMBJ3,2017-03-09,2018-03-19,0.06699999999999995,0.933,0.12402552935268729,0.12402552935268729
20087,2017,EMBJ3,2018-03-08,2019-03-19,0.21689999999999998,0.7831,-0.4550771664626949,-0.4550771664626949
20087,2018,EMBJ3,2019-03-14,2020-03-18,0.044399999999999995,0.9556,-0.24644461543656926,-0.24644461543656926
20087,2019,EMBJ3,2020-03-26,2021-04-05,0.049799999999999955,0.9502,0.07877531727203824,0.07877531727203824
20087,2020,EMBJ3,2021-03-19,2022-03-24,0.14329999999999998,0.8567,0.1997182288586108,0.1997182288586108
20087,2021,EMBJ3,2022-03-09,2023-03-10,0.047699999999999965,0.9523,-0.08560876698613118,-0.08560876698613118
20087,2022,EMBJ3,2023-03-10,2024-03-15,0.039100000000000024,0.9609,0.02777106285128772,0.02777106285128772
20087,2023,EMBJ3,2024-03-18,2025-03-20,0.06389999999999996,0.9361,0.7440783966921836,0.7440783966921836
20087,2024,EMBJ3,2025-02-27,2026-03-05,0.032200000000000006,0.9678,-0.5859073138094322,-0.5859073138094322
20168,2011,OGXP3,2012-03-23,2013-04-04,0.04290000000000005,0.9571,-0.8590301561190837,-0.8590301561190837
20168,2012,OGXP3,2013-03-26,2014-03-31,0.01649999999999996,0.9835,-0.5629285207418264,-0.5629285207418264
20168,2013,OGXP3,2014-04-01,2015-04-08,0.0008000000000000229,0.9992,1.9050044514328324,1.9050044514328324
20257,2011,TAEE11,2012-07-02,2013-07-15,0.2511,0.7489,-0.47165644464484435,-0.47165644464484435
20257,2012,TAEE11,2013-03-27,2014-04-01,0.10460000000000003,0.8954,-0.3849131130179938,-0.3849131130179938
20257,2013,TAEE11,2014-03-21,2015-03-27,0.07430000000000003,0.9257,0.07158135374800545,0.07158135374800545
20257,2014,TAEE11,2015-03-12,2016-03-22,0.022599999999999953,0.9774,-0.06432548340740585,-0.06432548340740585
20257,2015,TAEE11,2016-03-14,2017-03-16,0.08620000000000005,0.9138,0.05098117401723212,0.05098117401723212
20257,2016,TAEE11,2017-03-10,2018-03-20,0.2813,0.7187,-0.25092536152402956,-0.25092536152402956
20257,2017,TAEE11,2018-05-17,2019-05-28,0.16579999999999995,0.8342,0.7097725706602205,0.7097725706602205
20257,2018,TAEE11,2019-04-11,2020-04-16,0.01770000000000005,0.9823,0.10576196045200725,0.10576196045200725
20257,2019,TAEE11,2020-03-12,2021-03-19,0.010199999999999987,0.9898,-0.19613331915993326,-0.19613331915993326
20257,2020,TAEE11,2021-03-03,2022-03-08,0.03190000000000004,0.9681,0.28994138831295624,0.28994138831295624
20257,2021,TAEE11,2022-02-18,2023-02-23,0.015599999999999947,0.9844,-0.18730899926783628,-0.18730899926783628
20257,2022,TAEE11,2023-03-15,2024-03-20,0.08689999999999998,0.9131,-0.06564704488007866,-0.06564704488007866
20257,2023,TAEE11,2024-03-06,2025-03-10,0.0393,0.9607,0.10484985048001838,0.10484985048001838
20257,2024,TAEE11,2025-03-18,2026-03-20,0.021700000000000053,0.9783,0.02007707076421772,0.02007707076421772
20338,2011,MDIA3,2012-03-05,2013-03-14,0.04049999999999998,0.9595,0.23487100944003858,0.23487100944003858
20338,2012,MDIA3,2013-03-04,2014-03-07,0.0016000000000000458,0.9984,-0.18939411595958822,-0.18939411595958822
20338,2013,MDIA3,2014-03-10,2015-03-16,0.00539999999999996,0.9946,-0.26793564742151343,-0.26793564742151343
20338,2014,MDIA3,2015-02-27,2016-03-09,0.01980000000000004,0.9802,-0.09345412076089987,-0.09345412076089987
20338,2015,MDIA3,2016-02-26,2017-03-01,0.01880000000000004,0.9812,0.7320420997943586,0.7320420997943586
20338,2016,MDIA3,2017-03-06,2018-03-14,0.19779999999999998,0.8022,-0.45454188498859294,-0.45454188498859294
20338,2017,MDIA3,2018-03-05,2019-03-14,0.031299999999999994,0.9687,-0.2306621209249724,-0.2306621209249724
20338,2018,MDIA3,2019-03-13,2020-03-17,0.008299999999999974,0.9917,0.07839286385765165,0.07839286385765165
20338,2019,MDIA3,2020-03-06,2021-03-15,0.02080000000000004,0.9792,-0.08506476857106582,-0.08506476857106582
20338,2020,MDIA3,2021-03-31,2022-04-05,0.08309999999999995,0.9169,0.10535795600268827,0.10535795600268827
20338,2021,MDIA3,2022-03-18,2023-03-21,0.05840000000000001,0.9416,0.9218978044046269,0.9218978044046269
20338,2022,MDIA3,2023-11-06,2024-11-05,0.09970000000000001,0.9003,-0.13448618238595733,-0.13448618238595733
20338,2023,MDIA3,2024-02-23,2025-02-24,0.14659999999999995,0.8534,-0.44043786520897676,-0.44043786520897676
20354,2011,TESA3,2012-03-30,2013-04-11,0.021199999999999997,0.9788,0.7732061608412992,0.7732061608412992
20354,2012,TESA3,2013-04-04,2014-04-08,0.022599999999999953,0.9774,-0.1520104913059307,-0.1520104913059307
20354,2014,TESA3,2015-03-30,2016-04-08,0.037699999999999956,0.9623,-0.6170834636144455,-0.6170834636144455
20354,2016,TESA3,2017-03-09,2018-03-19,0.1987,0.8013,-0.664370471550747,-0.664370471550747
20354,2017,TESA3,2018-03-27,2019-04-05,0.0042999999999999705,0.9957,0.11767421668642886,0.11767421668642886
20354,2018,TESA3,2019-03-21,2020-03-25,0.036800000000000055,0.9632,0.326614768954834,0.326614768954834
20354,2019,TESA3,2020-03-12,2021-03-19,0.020399999999999974,0.9796,0.44851057726144794,0.44851057726144794
20362,2011,POSI3,2012-03-20,2013-04-01,0.0353,0.9647,-0.4264897026376817,-0.4264897026376817
20362,2012,POSI3,2013-03-14,2014-03-19,0.007600000000000051,0.9924,0.059451216437408805,0.059451216437408805
20362,2013,POSI3,2014-02-20,2015-03-02,0.013399999999999967,0.9866,0.4840158706735249,0.4840158706735249
20362,2014,POSI3,2015-03-06,2016-03-16,0.00649999999999995,0.9935,-0.4424631833106061,-0.4424631833106061
20362,2015,POSI3,2016-03-23,2017-03-27,0.03059999999999996,0.9694,0.4522975060315162,0.4522975060315162
20362,2016,POSI3,2017-03-16,2018-03-26,0.033299999999999996,0.9667,-0.7525886309270766,-0.7525886309270766
20362,2017,POSI3,2018-03-14,2019-03-25,0.05720000000000003,0.9428,-0.31531204658307677,-0.31531204658307677
20362,2019,POSI3,2020-03-04,2021-03-11,0.3285,0.6715,-0.7765826383564572,-0.7765826383564572
20362,2021,POSI3,2022-03-30,2023-03-31,0.061899999999999955,0.9381,-0.29588413169026295,-0.29588413169026295
20362,2022,POSI3,2023-03-21,2024-03-26,0.10070000000000001,0.8993,0.034771557926525754,0.034771557926525754
20362,2023,POSI3,2024-03-21,2025-03-25,0.02310000000000001,0.9769,-0.40420904724498574,-0.40420904724498574
20362,2024,POSI3,2025-03-19,2026-03-23,0.006299999999999972,0.9937,-0.3953722697983477,-0.3953722697983477
20435,2011,TCSA3,2012-03-21,2013-04-02,0.0010999999999999899,0.9989,-0.029915223041650396,-0.029915223041650396
20435,2012,TCSA3,2013-03-22,2014-03-27,0.008499999999999952,0.9915,0.0702428800544741,0.0702428800544741
20435,2013,TCSA3,2014-04-29,2015-05-06,0.010800000000000032,0.9892,-0.32002276148362985,-0.32002276148362985
20435,2014,TCSA3,2015-03-23,2016-04-01,0.0024999999999999467,0.9975,-0.13021687835573892,-0.13021687835573892
20435,2015,TCSA3,2016-03-22,2017-03-24,0.008199999999999985,0.9918,-0.21570860969404104,-0.21570860969404104
20435,2016,TCSA3,2017-03-23,2018-04-03,0.0006000000000000449,0.9994,-0.5432023283722518,-0.5432023283722518
20435,2017,TCSA3,2018-03-22,2019-04-02,0.0,1.0,0.8782109863162582,0.8782109863162582
20435,2018,TCSA3,2019-06-14,2020-06-22,0.0004999999999999449,0.9995,0.355396579049003,0.355396579049003
20435,2019,TCSA3,2020-03-18,2021-03-25,0.1844,0.8156,-0.27973976727510197,-0.27973976727510197
20435,2022,TCSA3,2023-03-23,2024-03-28,0.06689999999999996,0.9331,-0.40199549674741586,-0.40199549674741586
20435,2023,TCSA3,2024-03-28,2025-04-01,0.048799999999999955,0.9512,-0.4906506826543017,-0.4906506826543017
20478,2011,PDGR3,2012-04-18,2013-04-29,0.00019999999999997797,0.9998,-0.3109509379504678,-0.3109509379504678
20478,2012,PDGR3,2013-03-26,2014-03-31,0.0,1.0,0.15070895632514247,0.15070895632514247
20478,2013,PDGR3,2014-02-13,2015-02-23,0.0,1.0,0.13306729226364222,0.13306729226364222
20478,2014,PDGR3,2015-03-18,2016-03-29,0.0,1.0,-0.49792769829051553,-0.49792769829051553
20478,2015,PDGR3,2016-03-29,2017-03-30,0.10540000000000005,0.8946,-0.8291122475122483,-0.8291122475122483
20478,2016,PDGR3,2017-03-29,2018-04-09,0.07999999999999996,0.92,0.5535210254198044,0.5535210254198044
20478,2018,PDGR3,2019-04-03,2020-04-07,0.11519999999999997,0.8848,-0.12028478821903121,-0.12028478821903121
20478,2019,PDGR3,2020-03-30,2021-04-07,0.03300000000000003,0.967,-0.06510600719151116,-0.06510600719151116
20478,2020,PDGR3,2021-03-30,2022-04-04,0.019499999999999962,0.9805,-0.8474061677768894,-0.8474061677768894
20478,2021,PDGR3,2022-03-25,2023-03-28,0.01759999999999995,0.9824,-0.836279331893075,-0.836279331893075
20478,2022,PDGR3,2023-10-26,2024-10-28,0.1977,0.8023,-0.9405298375409022,-0.8736189469544653
20478,2023,PDGR3,2024-03-28,2025-04-01,0.18230000000000002,0.8177,-0.8472793595855593,-0.8472793595855593
20478,2024,PDGR3,2025-03-31,2026-04-02,0.025000000000000022,0.975,-0.9812525651981755,-0.8736189469544653
20494,2011,IGTA3,2013-02-07,2014-02-12,0.00019999999999997797,0.9998,-0.4443781207046208,-0.4443781207046208
20494,2012,IGTA3,2013-05-21,2014-05-27,1.0,0.0,-0.2784672736711171,-0.2784672736711171
20494,2013,IGTA3,2014-04-03,2015-04-10,1.0,0.0,0.5378681148036442,0.5378681148036442
20494,2014,IGTA3,2015-03-19,2016-03-30,0.0,1.0,-0.3173215440082966,-0.3173215440082966
20494,2015,IGTA3,2016-03-08,2017-03-10,0.0,1.0,0.09280466402072407,0.09280466402072407
20494,2016,IGTA3,2017-02-21,2018-03-05,0.00039999999999995595,0.9996,-0.013288478126506797,-0.013288478126506797
20494,2017,IGTA3,2018-02-27,2019-03-08,0.0,1.0,0.05548530335538415,0.05548530335538415
20494,2018,IGTA3,2019-02-26,2020-03-04,0.00039999999999995595,0.9996,0.12207413435183456,0.12207413435183456
20494,2019,IGTA3,2020-02-18,2021-02-26,0.0,1.0,-0.39391622167320617,-0.39391622167320617
20516,2012,SMTO3,2012-06-25,2013-07-04,0.0007000000000000339,0.9993,0.12921260262239476,0.12921260262239476
20516,2013,SMTO3,2013-06-24,2014-07-01,0.0,1.0,0.08904876073063916,0.08904876073063916
20516,2014,SMTO3,2014-06-16,2015-06-22,0.0,1.0,-0.31088261964227937,-0.31088261964227937
20516,2015,SMTO3,2015-07-08,2016-07-15,0.0,1.0,0.0863938414384875,0.0863938414384875
20516,2016,SMTO3,2016-06-06,2017-06-08,0.0,1.0,-0.49873657504928604,-0.49873657504928604
20516,2017,SMTO3,2017-06-26,2018-07-03,0.0252,0.9748,0.1380344422046318,0.1380344422046318
20516,2018,SMTO3,2018-06-25,2019-07-04,0.09799999999999998,0.902,0.00023670379850249113,0.00023670379850249113
20516,2019,SMTO3,2019-06-24,2020-06-29,0.03080000000000005,0.9692,-0.06126971806648884,-0.06126971806648884
20516,2020,SMTO3,2020-06-29,2021-07-05,0.04949999999999999,0.9505,0.2708606217453411,0.2708606217453411
20516,2021,SMTO3,2021-06-21,2022-06-24,0.017299999999999982,0.9827,-0.15951826200302188,-0.15951826200302188
20516,2022,SMTO3,2022-06-20,2023-06-22,0.2922,0.7078,-0.46869744536257407,-0.46869744536257407
20516,2023,SMTO3,2023-06-19,2024-06-21,0.0050000000000000044,0.995,-0.012335251255859214,-0.012335251255859214
20516,2024,SMTO3,2024-06-17,2025-06-20,0.41969999999999996,0.5803,-0.4509102739476989,-0.4509102739476989
20524,2011,EVEN3,2012-03-27,2013-04-08,0.00029999999999996696,0.9997,0.5303233780957692,0.5303233780957692
20524,2012,EVEN3,2013-03-04,2014-03-07,0.012299999999999978,0.9877,-0.27540578213995337,-0.27540578213995337
20524,2013,EVEN3,2014-02-24,2015-03-04,0.047799999999999954,0.9522,-0.06475243617144744,-0.06475243617144744
20524,2014,EVEN3,2015-03-16,2016-03-24,0.044300000000000006,0.9557,0.31131002015844045,0.31131002015844045
20524,2015,EVEN3,2016-03-30,2017-03-31,9.999999999998899e-05,0.9999,-0.40036167397832745,-0.40036167397832745
20524,2016,EVEN3,2017-03-22,2018-04-02,0.0030000000000000027,0.997,0.3153610815911001,0.3153610815911001
20524,2017,EVEN3,2018-03-26,2019-04-04,0.0031999999999999806,0.9968,0.026356792851008448,0.026356792851008448
20524,2018,EVEN3,2019-03-28,2020-04-01,0.1856,0.8144,0.7375772927428266,0.7375772927428266
20524,2019,EVEN3,2020-03-30,2021-04-07,0.07899999999999996,0.921,-0.5798432819444592,-0.5798432819444592
20524,2020,EVEN3,2021-03-18,2022-03-23,0.0958,0.9042,-0.349678266211366,-0.349678266211366
20524,2021,EVEN3,2022-03-22,2023-03-23,0.039000000000000035,0.961,0.5738663428866904,0.5738663428866904
20524,2022,EVEN3,2023-03-28,2024-04-03,0.04300000000000004,0.957,0.3112933809588987,0.3112933809588987
20524,2023,EVEN3,2024-03-21,2025-03-25,0.023599999999999954,0.9764,-0.3867856979982983,-0.3867856979982983
20524,2024,EVEN3,2025-03-27,2026-03-31,0.028900000000000037,0.9711,-0.16203170951837997,-0.16203170951837997
20575,2011,JBSS3,2012-03-21,2013-04-02,0.0020999999999999908,0.9979,-0.3573748827768898,-0.3573748827768898
20575,2012,JBSS3,2013-10-07,2014-10-14,0.2096,0.7904,0.05799247884893588,0.05799247884893588
20575,2013,JBSS3,2014-03-24,2015-03-30,0.20550000000000002,0.7945,0.09022263059831603,0.09022263059831603
20575,2014,JBSS3,2016-08-05,2017-08-10,0.07840000000000003,0.9216,-0.37568882337036835,-0.37568882337036835
20575,2016,JBSS3,2017-04-07,2018-04-18,0.013599999999999945,0.9864,-0.2038860844534508,-0.2038860844534508
20575,2017,JBSS3,2018-03-28,2019-04-08,0.0031999999999999806,0.9968,1.3395735404943951,1.3395735404943951
20575,2018,JBSS3,2019-03-28,2020-04-01,0.04049999999999998,0.9595,0.22651768305349118,0.22651768305349118
20575,2019,JBSS3,2020-03-25,2021-04-01,0.029200000000000004,0.9708,-0.5725077531026899,-0.5725077531026899
20575,2020,JBSS3,2021-03-24,2022-03-29,0.5521,0.4479,-0.01369403975175576,-0.01369403975175576
20575,2022,JBSS3,2023-03-21,2024-03-26,0.03720000000000001,0.9628,0.6117153892055436,0.6117153892055436
20575,2023,JBSS3,2024-03-26,2025-03-28,0.08420000000000005,0.9158,0.7762847565431406,0.7762847565431406
20605,2011,JHSF3,2012-03-26,2013-04-05,0.009399999999999964,0.9906,-0.14356744446298864,-0.14356744446298864
20605,2012,JHSF3,2013-03-27,2014-04-01,0.01100000000000001,0.989,-0.4913063270156085,-0.4913063270156085
20605,2013,JHSF3,2014-03-25,2015-03-31,0.0806,0.9194,0.1820597758302105,0.1820597758302105
20605,2014,JHSF3,2015-03-12,2016-03-22,0.0006000000000000449,0.9994,0.09013518960846167,0.09013518960846167
20605,2015,JHSF3,2016-03-30,2017-03-31,0.15190000000000003,0.8481,0.07050708733711519,0.07050708733711519
20605,2016,JHSF3,2017-03-30,2018-04-10,0.018199999999999994,0.9818,-0.5874707667231944,-0.5874707667231944
20605,2017,JHSF3,2018-04-16,2019-04-25,0.12529999999999997,0.8747,1.6409001339579818,1.6409001339579818
20605,2018,JHSF3,2019-02-21,2020-02-28,0.0,1.0,1.7651004274339388,1.7651004274339388
20605,2019,JHSF3,2020-02-13,2021-02-23,0.0504,0.9496,-0.49841674274082226,-0.49841674274082226
20605,2020,JHSF3,2021-02-18,2022-02-21,0.03720000000000001,0.9628,-0.44253122392615774,-0.44253122392615774
20605,2021,JHSF3,2022-02-24,2023-03-01,0.0033999999999999586,0.9966,0.17916194364692406,0.17916194364692406
20605,2022,JHSF3,2023-03-22,2024-03-27,0.010399999999999965,0.9896,0.1829803721253458,0.1829803721253458
20605,2023,JHSF3,2024-03-26,2025-03-28,0.0049000000000000155,0.9951,0.09711638471145778,0.09711638471145778
20605,2024,JHSF3,2025-03-28,2026-04-01,0.02629999999999999,0.9737,0.5645408142123061,0.5645408142123061
20621,2011,FHER3,2012-03-14,2013-03-25,0.00539999999999996,0.9946,-0.0995170691245073,-0.0995170691245073
20621,2012,FHER3,2013-03-08,2014-03-13,0.021599999999999953,0.9784,-0.3592074557698245,-0.3592074557698245
20621,2013,FHER3,2014-03-12,2015-03-18,0.06279999999999997,0.9372,-0.26678948528574653,-0.26678948528574653
20621,2014,FHER3,2015-03-12,2016-03-22,0.0029000000000000137,0.9971,-0.28682775505401303,-0.28682775505401303
20621,2015,FHER3,2016-03-10,2017-03-14,0.01419999999999999,0.9858,1.0022641480469385,1.0022641480469385
20621,2016,FHER3,2017-03-17,2018-03-27,0.006000000000000005,0.994,-0.7257956941789767,-0.7257956941789767
20621,2017,FHER3,2018-03-13,2019-03-22,0.0,1.0,0.7929595096860769,0.7929595096860769
20621,2018,FHER3,2019-03-28,2020-04-01,0.00029999999999996696,0.9997,0.0431935584603953,0.0431935584603953
20621,2022,FHER3,2023-03-28,2024-04-03,0.23160000000000003,0.7684,-0.7511711206946677,-0.7511711206946677
20621,2023,FHER3,2024-03-28,2025-04-01,0.27049999999999996,0.7295,0.9020681510137203,0.9020681510137203
20702,2011,VIVR3,2012-03-30,2013-04-11,0.04149999999999998,0.9585,-0.6921201854183365,-0.6921201854183365
20702,2012,VIVR3,2013-04-03,2014-04-07,0.023900000000000032,0.9761,-0.38251220437430844,-0.38251220437430844
20702,2013,VIVR3,2014-03-25,2015-03-31,0.0028000000000000247,0.9972,0.37701904895862004,0.37701904895862004
20702,2014,VIVR3,2015-03-31,2016-04-11,0.0036000000000000476,0.9964,-0.4435591992779363,-0.4435591992779363
20702,2015,VIVR3,2016-03-30,2017-04-03,0.04620000000000002,0.9538,-0.991546979568206,-0.8736189469544653
20702,2016,VIVR3,2017-03-29,2018-04-09,0.051100000000000034,0.9489,-0.2639953278300554,-0.2639953278300554
20702,2017,VIVR3,2018-03-28,2019-04-08,0.0,1.0,-0.7402344838071646,-0.7402344838071646
20702,2018,VIVR3,2019-03-28,2020-04-01,0.0,1.0,-0.5805302123019509,-0.5805302123019509
20702,2019,VIVR3,2020-03-30,2021-04-07,0.06310000000000004,0.9369,-0.026909529829647227,-0.026909529829647227
20702,2020,VIVR3,2021-03-30,2022-04-04,0.17769999999999997,0.8223,0.12074038956092692,0.12074038956092692
20702,2021,VIVR3,2022-03-30,2023-03-31,0.06389999999999996,0.9361,-0.8737698671032673,-0.8736189469544653
20702,2022,VIVR3,2023-03-31,2024-04-08,0.018299999999999983,0.9817,0.18088001858160863,0.18088001858160863
20702,2023,VIVR3,2024-03-28,2025-04-01,0.056499999999999995,0.9435,-0.6963720040297834,-0.6963720040297834
20745,2011,SLCE3,2012-03-28,2013-04-09,0.027100000000000013,0.9729,0.20132993820129186,0.20132993820129186
20745,2012,SLCE3,2013-03-14,2014-03-19,0.07850000000000001,0.9215,-0.09469430817647184,-0.09469430817647184
20745,2013,SLCE3,2014-03-12,2015-03-18,0.021100000000000008,0.9789,0.0670797716856073,0.0670797716856073
20745,2014,SLCE3,2015-03-11,2016-03-21,0.03310000000000002,0.9669,0.11280718363227127,0.11280718363227127
20745,2015,SLCE3,2016-03-09,2017-03-13,0.026499999999999968,0.9735,-0.307785122371813,-0.307785122371813
20745,2016,SLCE3,2017-03-27,2018-04-05,0.11339999999999995,0.8866,0.9719562383799676,0.9719562383799676
20745,2017,SLCE3,2018-03-07,2019-03-18,0.0242,0.9758,-0.34393375738827836,-0.34393375738827836
20745,2018,SLCE3,2019-03-13,2020-03-17,0.0013999999999999568,0.9986,-0.21609918048983745,-0.21609918048983745
20745,2019,SLCE3,2020-03-26,2021-04-05,0.008299999999999974,0.9917,0.31472487087141143,0.31472487087141143
20745,2020,SLCE3,2021-03-17,2022-03-22,0.06889999999999996,0.9311,-0.3127331861816328,-0.3127331861816328
20745,2021,SLCE3,2022-03-15,2023-03-16,0.06789999999999996,0.9321,-0.3951843018304342,-0.3951843018304342
20745,2022,SLCE3,2023-03-31,2024-04-08,0.09099999999999997,0.909,-0.21835169857476622,-0.21835169857476622
20745,2024,SLCE3,2025-03-25,2026-03-27,0.26480000000000004,0.7352,-0.023324926631036802,-0.023324926631036802
20770,2011,EZTC3,2012-03-13,2013-03-22,0.7465999999999999,0.2534,-0.21497127718837172,-0.21497127718837172
20770,2012,EZTC3,2013-03-19,2014-03-24,0.39559999999999995,0.6044,0.05157996484694061,0.05157996484694061
20770,2013,EZTC3,2014-03-19,2015-03-25,0.0019000000000000128,0.9981,-0.2645681280651274,-0.2645681280651274
20770,2014,EZTC3,2015-03-18,2016-03-29,0.0,1.0,0.09841533980768813,0.09841533980768813
20770,2015,EZTC3,2016-03-29,2017-03-30,0.0,1.0,-0.3516230739997357,-0.3516230739997357
20770,2016,EZTC3,2017-03-20,2018-03-28,0.007900000000000018,0.9921,0.0003879694301309744,0.0003879694301309744
20770,2017,EZTC3,2018-03-16,2019-03-27,0.05249999999999999,0.9475,0.012184739243579434,0.012184739243579434
20770,2018,EZTC3,2019-03-22,2020-03-26,0.0,1.0,1.5538960025761885,1.5538960025761885
20770,2019,EZTC3,2020-03-19,2021-03-26,0.23919999999999997,0.7608,-0.7004785458449845,-0.7004785458449845
20770,2020,EZTC3,2021-03-17,2022-03-22,0.035599999999999965,0.9644,-0.06621419287491481,-0.06621419287491481
20770,2021,EZTC3,2022-03-17,2023-03-20,0.0021999999999999797,0.9978,0.5515524875025712,0.5515524875025712
20770,2022,EZTC3,2023-09-18,2024-09-19,0.015800000000000036,0.9842,-0.33464733929030166,-0.33464733929030166
20770,2023,EZTC3,2024-03-18,2025-03-20,0.08830000000000005,0.9117,0.08712287463744328,0.08712287463744328
20770,2024,EZTC3,2025-03-13,2026-03-17,0.02300000000000002,0.977,-0.2575682976938902,-0.2575682976938902
20788,2011,MBRF3,2012-11-27,2013-12-03,0.3288,0.6712,-0.7472064620860899,-0.7472064620860899
20788,2012,MBRF3,2013-03-27,2014-04-01,0.5181,0.4819,-0.37270745434641817,-0.37270745434641817
20788,2013,MBRF3,2014-03-19,2015-03-25,0.007299999999999973,0.9927,1.692703080252683,1.692703080252683
20788,2014,MBRF3,2015-03-02,2016-03-10,0.013900000000000023,0.9861,-0.23765903178492853,-0.23765903178492853
20788,2015,MBRF3,2016-02-29,2017-03-02,0.005600000000000049,0.9944,-0.7102649484252679,-0.7102649484252679
20788,2016,MBRF3,2017-02-23,2018-03-07,0.24819999999999998,0.7518,-0.13392070868084305,-0.13392070868084305
20788,2017,MBRF3,2018-03-27,2019-04-05,0.0014999999999999458,0.9985,0.044481412620384075,0.044481412620384075
20788,2018,MBRF3,2019-02-27,2020-03-05,0.022599999999999953,0.9774,1.033262000022316,1.033262000022316
20788,2019,MBRF3,2020-02-19,2021-03-01,0.38970000000000005,0.6103,-0.4229386341415846,-0.4229386341415846
20788,2020,MBRF3,2021-04-08,2022-04-12,0.015900000000000025,0.9841,-0.38961646361793834,-0.38961646361793834
20788,2021,MBRF3,2022-03-08,2023-03-09,0.06579999999999997,0.9342,-0.8066639056404022,-0.8066639056404022
20788,2022,MBRF3,2023-03-01,2024-03-06,0.07140000000000002,0.9286,3.001213909991346,2.649466970280504
20788,2023,MBRF3,2024-03-27,2025-03-31,0.1834,0.8166,0.6936080932512843,0.6936080932512843
20788,2024,MBRF3,2025-02-26,2026-03-04,0.1592,0.8408,-0.4666148823435631,-0.4666148823435631
20842,2011,MAGG3,2012-03-08,2013-03-19,0.006000000000000005,0.994,0.1626691360487693,0.1626691360487693
20842,2012,MAGG3,2013-03-15,2014-03-20,0.0043999999999999595,0.9956,-0.2738498872110562,-0.2738498872110562
20842,2013,MAGG3,2014-03-20,2015-03-26,0.006199999999999983,0.9938,-0.33974119161003735,-0.33974119161003735
20842,2014,MAGG3,2015-03-16,2016-03-24,0.018000000000000016,0.982,1.8557153927764238,1.8557153927764238
20842,2016,MAGG3,2017-03-15,2018-03-23,0.052000000000000046,0.948,0.47900825835083416,0.47900825835083416
20915,2011,MRVE3,2012-03-15,2013-03-26,0.04469999999999996,0.9553,-0.45198441216477425,-0.45198441216477425
20915,2012,MRVE3,2013-03-14,2014-03-19,0.04720000000000002,0.9528,-0.04441853146191754,-0.04441853146191754
20915,2013,MRVE3,2014-03-13,2015-03-19,0.021199999999999997,0.9788,0.4297780411951715,0.4297780411951715
20915,2014,MRVE3,2015-03-05,2016-03-15,0.02200000000000002,0.978,0.8874808442639841,0.8874808442639841
20915,2015,MRVE3,2016-03-07,2017-03-09,0.06720000000000004,0.9328,-0.44414760822485366,-0.44414760822485366
20915,2016,MRVE3,2017-03-13,2018-03-21,0.020299999999999985,0.9797,-0.21182754735524534,-0.21182754735524534
20915,2017,MRVE3,2018-03-08,2019-03-19,0.0018000000000000238,0.9982,0.04191418192887597,0.04191418192887597
20915,2018,MRVE3,2019-02-28,2020-03-06,0.0037000000000000366,0.9963,0.6305361494744073,0.6305361494744073
20915,2019,MRVE3,2020-03-02,2021-03-09,0.0012999999999999678,0.9987,-0.4112350436987051,-0.4112350436987051
20915,2020,MRVE3,2021-03-04,2022-03-09,0.032299999999999995,0.9677,-0.28848944926543896,-0.28848944926543896
20915,2021,MRVE3,2023-07-06,2024-07-10,0.1896,0.8104,-0.3593046365721231,-0.3593046365721231
20915,2022,MRVE3,2023-07-06,2024-07-10,0.034399999999999986,0.9656,-0.3593046365721231,-0.3593046365721231
20915,2023,MRVE3,2024-02-29,2025-02-28,0.5401,0.4599,-0.014564653491655477,-0.014564653491655477
20931,2011,BEEF3,2013-03-20,2014-03-25,0.22940000000000005,0.7706,-0.5810422972790985,-0.5810422972790985
20931,2012,BEEF3,2013-03-20,2014-03-25,0.14459999999999995,0.8554,-0.5810422972790985,-0.5810422972790985
20931,2013,BEEF3,2014-03-11,2015-03-17,0.050899999999999945,0.9491,-0.22881725423191368,-0.22881725423191368
20931,2014,BEEF3,2015-03-27,2016-04-07,0.015499999999999958,0.9845,0.8420396933216967,0.8420396933216967
20931,2015,BEEF3,2016-03-08,2017-03-10,0.06669999999999998,0.9333,-0.643342424995857,-0.643342424995857
20931,2017,BEEF3,2018-03-05,2019-03-14,0.2471,0.7529,-0.021981580148229596,-0.021981580148229596
20931,2018,BEEF3,2019-03-12,2020-03-16,0.010499999999999954,0.9895,0.5099328979257982,0.5099328979257982
20931,2019,BEEF3,2020-02-18,2021-02-26,0.15580000000000005,0.8442,-0.522753833536642,-0.522753833536642
20931,2020,BEEF3,2021-02-25,2022-03-02,0.020199999999999996,0.9798,0.3518348049548927,0.3518348049548927
20931,2021,BEEF3,2022-02-23,2023-02-28,0.04730000000000001,0.9527,-0.10298862792334129,-0.10298862792334129
20931,2023,BEEF3,2024-03-25,2025-03-27,0.1028,0.8972,0.26062584431854185,0.26062584431854185
20931,2024,BEEF3,2025-03-19,2026-03-23,0.053300000000000014,0.9467,-0.3777401316464283,-0.3777401316464283
20982,2011,MULT3,2013-02-15,2014-02-18,0.06499999999999995,0.935,-0.3212136830794553,-0.3212136830794553
20982,2012,MULT3,2013-03-15,2014-03-20,0.18200000000000005,0.818,-0.38130415520031835,-0.38130415520031835
20982,2013,MULT3,2014-03-19,2015-03-25,0.07979999999999998,0.9202,0.22633527976335044,0.22633527976335044
20982,2014,MULT3,2015-02-24,2016-03-04,0.0016000000000000458,0.9984,-0.040764965846702195,-0.040764965846702195
20982,2015,MULT3,2016-02-24,2017-02-23,0.0009000000000000119,0.9991,0.04417161992166174,0.04417161992166174
20982,2016,MULT3,2017-03-09,2018-03-19,0.06510000000000005,0.9349,-0.17095438179445277,-0.17095438179445277
20982,2017,MULT3,2018-02-28,2019-03-11,0.005800000000000027,0.9942,0.3333748700004393,0.3333748700004393
20982,2018,MULT3,2019-02-21,2020-02-28,0.02070000000000005,0.9793,0.11983382823725153,0.11983382823725153
20982,2019,MULT3,2020-02-17,2021-02-25,0.010199999999999987,0.9898,-0.4114830344015581,-0.4114830344015581
20982,2020,MULT3,2021-02-11,2022-02-16,9.999999999998899e-05,0.9999,0.6085740274363574,0.6085740274363574
20982,2021,MULT3,2022-02-10,2023-02-13,0.00029999999999996696,0.9997,0.23650169375111885,0.23650169375111885
20982,2022,MULT3,2023-02-09,2024-02-19,0.009000000000000008,0.991,-0.2623388765394762,-0.2623388765394762
20982,2023,MULT3,2024-02-08,2025-02-11,0.012800000000000034,0.9872,-0.19641753256732652,-0.19641753256732652
20982,2024,MULT3,2025-02-06,2026-02-10,0.0038000000000000256,0.9962,0.10392552674213373,0.10392552674213373
20990,2011,AMER3,2012-04-11,2013-04-22,0.0665,0.9335,2.5055913760093715,2.5055913760093715
20990,2012,AMER3,2013-03-07,2014-03-12,0.008600000000000052,0.9914,0.6949253309448111,0.6949253309448111
20990,2013,AMER3,2014-03-19,2015-03-25,0.0,1.0,-0.41322917369449286,-0.41322917369449286
20990,2014,AMER3,2015-03-18,2016-03-29,0.051899999999999946,0.9481,-0.2521360561207502,-0.2521360561207502
20990,2015,AMER3,2016-03-15,2017-03-17,0.0029000000000000137,0.9971,-0.057081520838340394,-0.057081520838340394
20990,2016,AMER3,2017-02-20,2018-03-02,0.08330000000000004,0.9167,1.1035012494128886,1.1035012494128886
20990,2017,AMER3,2018-03-07,2019-03-18,0.7532,0.2468,0.06036447758158303,0.06036447758158303
20990,2019,AMER3,2020-02-21,2021-03-03,0.07469999999999999,0.9253,-0.009320858640346041,-0.009320858640346041
20990,2020,AMER3,2021-03-04,2022-03-09,0.10289999999999999,0.8971,-0.6459205573736577,-0.6459205573736577
20990,2021,AMER3,2022-02-24,2023-03-01,0.07410000000000005,0.9259,-0.8813956981976973,-0.8736189469544653
20990,2022,AMER3,2023-11-16,2024-11-14,0.01870000000000005,0.9813,-0.25579193371099584,-0.25579193371099584
20990,2023,AMER3,2024-08-14,2025-08-19,0.30110000000000003,0.6989,-0.8734954668327182,-0.8734954668327182
20990,2024,AMER3,2025-03-26,2026-03-30,0.010099999999999998,0.9899,-1.0899718639787874,-0.8736189469544653
21016,2011,YDUQ3,2013-01-18,2014-01-24,0.03200000000000003,0.968,-0.2868119423837012,-0.2868119423837012
21016,2012,YDUQ3,2013-03-26,2014-03-31,0.07169999999999999,0.9283,-0.27102660790036825,-0.27102660790036825
21016,2013,YDUQ3,2014-03-25,2015-03-31,0.0010000000000000009,0.999,-0.48385763150966155,-0.48385763150966155
21016,2014,YDUQ3,2015-03-19,2016-03-30,0.020499999999999963,0.9795,0.11320868045152221,0.11320868045152221
21016,2015,YDUQ3,2016-03-10,2017-03-14,0.006299999999999972,0.9937,-0.03384391080971727,-0.03384391080971727
21016,2016,YDUQ3,2017-03-16,2018-03-26,0.014399999999999968,0.9856,0.8740862743828426,0.8740862743828426
21016,2017,YDUQ3,2018-03-15,2019-03-26,0.014700000000000046,0.9853,-0.5348281101191791,-0.5348281101191791
21016,2018,YDUQ3,2019-03-14,2020-03-18,0.036900000000000044,0.9631,0.3833962260509294,0.3833962260509294
21016,2019,YDUQ3,2020-03-23,2021-03-30,0.005700000000000038,0.9943,-0.32834813617340564,-0.32834813617340564
21016,2020,YDUQ3,2021-03-17,2022-03-22,0.043200000000000016,0.9568,-0.0428071341527958,-0.0428071341527958
21016,2023,YDUQ3,2024-03-14,2025-03-18,0.09789999999999999,0.9021,-0.7127956300791867,-0.7127956300791867
21016,2024,YDUQ3,2025-04-24,2026-04-28,0.018199999999999994,0.9818,-0.5084581509109403,-0.5084581509109403
21091,2011,DXCO3,2012-02-17,2013-03-01,0.21519999999999995,0.7848,1.0432422553205911,1.0432422553205911
21091,2012,DXCO3,2013-02-22,2014-02-25,0.1149,0.8851,-0.38990052299117894,-0.38990052299117894
21091,2013,DXCO3,2014-02-17,2015-02-25,0.0928,0.9072,-0.3667127940303382,-0.3667127940303382
21091,2014,DXCO3,2015-02-05,2016-02-18,0.1392,0.8608,0.18863925301274254,0.18863925301274254
21091,2015,DXCO3,2016-02-15,2017-02-14,0.005800000000000027,0.9942,-0.05041974155668605,-0.05041974155668605
21091,2016,DXCO3,2017-02-08,2018-02-20,0.041100000000000025,0.9589,0.11243676715056128,0.11243676715056128
21091,2017,DXCO3,2018-02-05,2019-02-14,0.11729999999999996,0.8827,0.08493896488688835,0.08493896488688835
21091,2018,DXCO3,2019-02-13,2020-02-18,0.16149999999999998,0.8385,-0.13243947309869186,-0.13243947309869186
21091,2020,DXCO3,2021-02-08,2022-02-11,0.06869999999999998,0.9313,-0.5822989145066297,-0.5822989145066297
21091,2022,DXCO3,2023-03-08,2024-03-13,0.6293,0.3707,0.7561536109158691,0.7561536109158691
21091,2023,DXCO3,2024-03-06,2025-03-10,0.04610000000000003,0.9539,-0.3893601021664468,-0.3893601021664468
21091,2024,DXCO3,2025-03-12,2026-03-16,0.008600000000000052,0.9914,-0.36352231920071854,-0.36352231920071854
21148,2017,TEND3,2018-03-08,2019-03-19,0.15390000000000004,0.8461,-0.9161109689011385,-0.8736189469544653
21148,2018,TEND3,2019-03-12,2020-03-16,0.0013999999999999568,0.9986,0.04533405509836874,0.04533405509836874
21148,2019,TEND3,2020-03-19,2021-03-26,0.028299999999999992,0.9717,-0.4994476724362392,-0.4994476724362392
21148,2021,TEND3,2022-03-10,2023-03-13,0.009299999999999975,0.9907,0.28241055258243053,0.28241055258243053
21148,2022,TEND3,2023-03-09,2024-03-14,0.0024999999999999467,0.9975,0.9575843951745595,0.9575843951745595
21148,2023,TEND3,2023-05-03,2024-05-07,0.2187,0.7813,-0.17778490552546722,-0.17778490552546722
21180,2011,NEXP3,2012-04-05,2013-04-17,0.0004999999999999449,0.9995,-0.10955016047192623,-0.10955016047192623
21180,2012,NEXP3,2013-03-20,2014-03-25,0.0,1.0,-0.04519420869617885,-0.04519420869617885
21180,2013,NEXP3,2014-03-18,2015-03-24,0.0,1.0,-0.1881048616068749,-0.1881048616068749
21180,2014,NEXP3,2015-03-20,2016-03-31,0.0041999999999999815,0.9958,-0.07707551222591769,-0.07707551222591769
21180,2015,NEXP3,2016-03-29,2017-03-30,0.0,1.0,-0.2598841578766067,-0.2598841578766067
21180,2016,NEXP3,2017-03-27,2018-04-05,0.0,1.0,-0.6249672957382699,-0.6249672957382699
21180,2017,NEXP3,2018-03-28,2019-04-08,0.0,1.0,2.002484925013781,2.002484925013781
21180,2018,NEXP3,2019-03-26,2020-03-30,0.046499999999999986,0.9535,-0.6348258574001984,-0.6348258574001984
21180,2019,NEXP3,2020-03-30,2021-04-07,0.11070000000000002,0.8893,-0.05742283669818393,-0.05742283669818393
21180,2020,NEXP3,2021-03-01,2022-03-04,0.020399999999999974,0.9796,-0.3205466936590392,-0.3205466936590392
21180,2021,NEXP3,2022-03-24,2023-03-27,0.38759999999999994,0.6124,-0.9222791260940589,-0.8736189469544653
21180,2022,NEXP3,2023-09-22,2024-10-03,0.034399999999999986,0.9656,1.2368160543989921,1.2368160543989921
21180,2023,NEXP3,2024-04-18,2025-04-23,0.0756,0.9244,-0.1105036576624282,-0.1105036576624282
21237,2011,ENEV3,2013-05-23,2014-05-29,0.0,1.0,-0.7750421066209426,-0.7750421066209426
21237,2012,ENEV3,2013-05-24,2014-05-30,0.0,1.0,-0.7825112165174593,-0.7825112165174593
21237,2013,ENEV3,2014-03-28,2015-04-06,0.24280000000000002,0.7572,-0.2908749036372218,-0.2908749036372218
21237,2014,ENEV3,2015-03-26,2016-04-06,0.00880000000000003,0.9912,1.6580523102455773,1.6580523102455773
21237,2015,ENEV3,2016-03-24,2017-03-28,0.06599999999999995,0.934,-0.7555625643887038,-0.7555625643887038
21237,2016,ENEV3,2017-09-18,2018-09-26,0.03620000000000001,0.9638,-0.29379242466360467,-0.29379242466360467
21237,2017,ENEV3,2018-03-14,2019-03-25,0.4171,0.5829,0.40534295679387244,0.40534295679387244
21237,2018,ENEV3,2019-03-20,2020-03-24,0.012199999999999989,0.9878,0.3732894656965928,0.3732894656965928
21237,2019,ENEV3,2020-04-13,2021-04-20,0.06569999999999998,0.9343,-0.4123322041291284,-0.4123322041291284
21237,2020,ENEV3,2021-03-10,2022-03-15,0.03700000000000003,0.963,-0.43813916795344143,-0.43813916795344143
21237,2021,ENEV3,2022-03-21,2023-03-22,0.03400000000000003,0.966,0.12314484930085512,0.12314484930085512
21237,2022,ENEV3,2023-03-24,2024-04-01,0.2096,0.7904,0.13214873919148107,0.13214873919148107
21237,2023,ENEV3,2024-03-14,2025-03-18,0.12019999999999997,0.8798,0.1403108489355156,0.1403108489355156
21237,2024,ENEV3,2025-03-20,2026-03-24,0.05679999999999996,0.9432,0.48287790901977035,0.48287790901977035
21300,2011,ALSC3,2012-12-05,2013-12-11,0.05830000000000002,0.9417,-0.39068683386861713,-0.39068683386861713
21300,2012,ALSC3,2013-03-26,2014-03-31,0.056599999999999984,0.9434,-0.3526083466697205,-0.3526083466697205
21300,2013,ALSC3,2014-04-03,2015-04-10,0.01849999999999996,0.9815,0.3577680300261361,0.3577680300261361
21300,2014,ALSC3,2015-03-26,2016-04-06,0.0020000000000000018,0.998,-0.14698971002975036,-0.14698971002975036
21300,2016,ALSC3,2017-03-27,2018-04-05,0.0030000000000000027,0.997,0.16508419380563621,0.16508419380563621
21300,2017,ALSC3,2018-03-12,2019-03-21,0.0,1.0,0.11617257637374201,0.11617257637374201
21342,2011,OSXB3,2012-03-30,2013-04-11,0.1109,0.8891,-0.6966376546778597,-0.6966376546778597
21342,2012,OSXB3,2013-04-05,2014-04-10,0.03939999999999999,0.9606,-0.6260168894312798,-0.6260168894312798
21342,2013,OSXB3,2014-04-17,2015-04-27,0.015700000000000047,0.9843,1.3738709241153804,1.3738709241153804
21342,2014,OSXB3,2015-04-15,2016-04-27,0.5521,0.4479,-0.3946055383001047,-0.3946055383001047
21342,2015,OSXB3,2016-04-12,2017-08-08,0.0041999999999999815,0.9958,-0.8463076785262791,-0.8463076785262791
21342,2017,OSXB3,2018-03-29,2019-07-17,0.0,1.0,-0.030756044815046457,-0.030756044815046457
21342,2018,OSXB3,2019-03-26,2020-05-12,0.07350000000000001,0.9265,0.02627922164527141,0.02627922164527141
21342,2019,OSXB3,2020-03-31,2021-04-09,0.01970000000000005,0.9803,0.6758056240359871,0.6758056240359871
21342,2020,OSXB3,2021-03-30,2022-04-04,0.014900000000000024,0.9851,-0.9940678592372207,-0.8736189469544653
21342,2021,OSXB3,2022-03-28,2023-03-29,0.020399999999999974,0.9796,0.9291239337402395,0.9291239337402395
21342,2022,OSXB3,2023-03-28,2024-04-08,0.025900000000000034,0.9741,-0.5838623189660339,-0.5838623189660339
21342,2023,OSXB3,2024-03-28,2025-04-07,0.11270000000000002,0.8873,-0.385931006804627,-0.385931006804627
21350,2011,DIRR3,2012-03-13,2013-03-22,0.0010000000000000009,0.999,0.21968594563050337,0.21968594563050337
21350,2012,DIRR3,2013-03-25,2014-03-28,0.02400000000000002,0.976,-0.46912714737007954,-0.46912714737007954
21350,2013,DIRR3,2014-03-17,2015-03-23,0.017900000000000027,0.9821,-0.10617814940593073,-0.10617814940593073
21350,2014,DIRR3,2015-03-16,2016-03-24,0.009299999999999975,0.9907,0.4678754062223889,0.4678754062223889
21350,2015,DIRR3,2016-03-14,2017-03-16,0.04420000000000002,0.9558,-0.5020082785022093,-0.5020082785022093
21350,2016,DIRR3,2017-03-20,2018-03-28,0.006399999999999961,0.9936,0.278366527108165,0.278366527108165
21350,2017,DIRR3,2018-03-26,2019-04-04,0.0038000000000000256,0.9962,0.5828372288074379,0.5828372288074379
21350,2018,DIRR3,2019-03-11,2020-03-13,0.012900000000000023,0.9871,0.012408948532529829,0.012408948532529829
21350,2019,DIRR3,2020-03-09,2021-03-16,0.06000000000000005,0.94,-0.40523007723357873,-0.40523007723357873
21350,2021,DIRR3,2022-03-14,2023-03-15,0.1915,0.8085,0.7589616034153277,0.7589616034153277
21350,2022,DIRR3,2023-10-26,2024-10-28,0.05900000000000005,0.941,0.36972142881893144,0.36972142881893144
21350,2024,DIRR3,2025-03-10,2026-03-12,0.0928,0.9072,-0.3833758408867043,-0.3833758408867043
21431,2011,HYPE3,2012-03-12,2013-03-21,1.0,0.0,1.0491080389433405,1.0491080389433405
21431,2012,HYPE3,2013-03-06,2014-03-11,0.030399999999999983,0.9696,-0.3647351745287132,-0.3647351745287132
21431,2013,HYPE3,2014-03-19,2015-03-25,0.09050000000000002,0.9095,0.13669709064597857,0.13669709064597857
21431,2014,HYPE3,2015-02-06,2016-02-19,0.08999999999999997,0.91,0.3167118113234326,0.3167118113234326
21431,2015,HYPE3,2016-02-26,2017-03-01,0.09619999999999995,0.9038,-0.553226797845012,-0.553226797845012
21431,2016,HYPE3,2017-02-17,2018-03-01,0.11599999999999999,0.884,0.06985805585541893,0.06985805585541893
21431,2017,HYPE3,2018-02-23,2019-03-06,0.05410000000000004,0.9459,-0.3449254477888636,-0.3449254477888636
21431,2018,HYPE3,2019-02-21,2020-02-28,0.07750000000000001,0.9225,0.38796123748908684,0.38796123748908684
21431,2019,HYPE3,2020-03-06,2021-03-15,0.06399999999999995,0.936,-0.48914491224723866,-0.48914491224723866
21431,2020,HYPE3,2021-02-26,2022-03-03,0.02429999999999999,0.9757,0.028476723183512576,0.028476723183512576
21431,2021,HYPE3,2022-02-24,2023-03-01,0.03369999999999995,0.9663,0.4051486149671595,0.4051486149671595
21431,2022,HYPE3,2023-02-16,2024-02-26,0.04090000000000005,0.9591,-0.5512840715503691,-0.5512840715503691
21431,2023,HYPE3,2024-03-13,2025-03-17,0.1633,0.8367,-0.21268089955536684,-0.21268089955536684
21431,2024,HYPE3,2025-03-20,2026-03-24,0.22660000000000002,0.7734,0.6437766069215907,0.6437766069215907
21490,2013,ALUP11,2014-03-27,2015-04-02,0.008099999999999996,0.9919,-0.010748875901993804,-0.010748875901993804
21490,2014,ALUP11,2015-03-05,2016-03-15,0.027100000000000013,0.9729,-0.3141774780693487,-0.3141774780693487
21490,2015,ALUP11,2016-03-10,2017-03-14,0.0010999999999999899,0.9989,0.34929786876988955,0.34929786876988955
21490,2016,ALUP11,2017-03-20,2018-03-28,0.0262,0.9738,-0.3341863905685055,-0.3341863905685055
21490,2017,ALUP11,2018-03-08,2019-03-19,0.03939999999999999,0.9606,0.7443679700991639,0.7443679700991639
21490,2018,ALUP11,2019-05-15,2020-05-20,0.0030999999999999917,0.9969,-0.25469437544688533,-0.25469437544688533
21490,2019,ALUP11,2020-03-11,2021-03-18,0.009800000000000031,0.9902,-0.30524362281933315,-0.30524362281933315
21490,2020,ALUP11,2021-03-23,2022-03-28,0.009700000000000042,0.9903,0.16819650015253784,0.16819650015253784
21490,2021,ALUP11,2022-02-24,2023-03-01,0.10999999999999999,0.89,0.09088345003661846,0.09088345003661846
21490,2022,ALUP11,2023-03-02,2024-03-07,0.0010000000000000009,0.999,-0.20118999829190776,-0.20118999829190776
21490,2023,ALUP11,2024-03-05,2025-03-07,0.006299999999999972,0.9937,0.015553799966312454,0.015553799966312454
21881,2011,FLRY3,2012-03-01,2013-03-12,0.03639999999999999,0.9636,-0.1497029539363256,-0.1497029539363256
21881,2012,FLRY3,2013-03-07,2014-03-12,0.0048000000000000265,0.9952,0.08320060358532433,0.08320060358532433
21881,2013,FLRY3,2014-03-13,2015-03-19,0.0017000000000000348,0.9983,-0.19195646739051042,-0.19195646739051042
21881,2014,FLRY3,2015-03-25,2016-04-05,0.0040000000000000036,0.996,0.7459024805111727,0.7459024805111727
21881,2015,FLRY3,2016-03-03,2017-03-07,0.03820000000000001,0.9618,0.4119888552483051,0.4119888552483051
21881,2016,FLRY3,2017-03-09,2018-03-19,0.04369999999999996,0.9563,-0.4383739247131464,-0.4383739247131464
21881,2017,FLRY3,2018-03-05,2019-03-14,0.03290000000000004,0.9671,-0.3095034419011511,-0.3095034419011511
21881,2018,FLRY3,2019-04-18,2020-04-24,0.013800000000000034,0.9862,0.3458077593481945,0.3458077593481945
21881,2019,FLRY3,2020-02-19,2021-03-01,0.028800000000000048,0.9712,-0.16011604037105187,-0.16011604037105187
21881,2020,FLRY3,2021-02-25,2022-03-02,0.03969999999999996,0.9603,-0.26105762866828786,-0.26105762866828786
21881,2021,FLRY3,2022-03-17,2023-03-20,0.045599999999999974,0.9544,0.2423288945294504,0.2423288945294504
21881,2022,FLRY3,2023-03-16,2024-03-21,0.03500000000000003,0.965,0.010549728568319816,0.010549728568319816
21881,2023,FLRY3,2024-03-07,2025-03-11,0.08620000000000005,0.9138,-0.32257814328977263,-0.32257814328977263
21881,2024,FLRY3,2025-02-27,2026-03-05,0.02180000000000004,0.9782,0.3904927439612489,0.3904927439612489
21946,2011,MPLU3,2012-02-14,2013-02-26,0.0004999999999999449,0.9995,0.1270025494445075,0.1270025494445075
21946,2012,MPLU3,2013-03-18,2014-03-21,0.0043999999999999595,0.9956,-0.0004239265741524667,-0.0004239265741524667
21946,2013,MPLU3,2014-02-27,2015-03-09,0.06340000000000001,0.9366,0.38981867776307033,0.38981867776307033
21946,2014,MPLU3,2015-02-26,2016-03-08,0.016800000000000037,0.9832,-0.37048469893332725,-0.37048469893332725
21946,2015,MPLU3,2016-02-25,2017-02-24,0.010600000000000054,0.9894,0.16878158466952908,0.16878158466952908
21946,2016,MPLU3,2017-03-06,2018-03-14,0.0017000000000000348,0.9983,-0.3420322275000719,-0.3420322275000719
22012,2011,MILS3,2012-02-13,2013-02-25,0.4242,0.5758,0.2779186645399738,0.2779186645399738
22012,2012,MILS3,2013-03-04,2014-03-07,0.06430000000000002,0.9357,-0.2788186961578115,-0.2788186961578115
22012,2013,MILS3,2014-03-11,2015-03-17,0.10470000000000002,0.8953,-0.6245492528448477,-0.6245492528448477
22012,2014,MILS3,2015-03-10,2016-03-18,0.1381,0.8619,0.20489207355824646,0.20489207355824646
22012,2015,MILS3,2016-03-09,2017-03-13,0.09340000000000004,0.9066,0.1803895666723443,0.1803895666723443
22012,2016,MILS3,2017-03-14,2018-03-22,0.04679999999999995,0.9532,-0.275390481937424,-0.275390481937424
22012,2017,MILS3,2018-03-19,2019-03-28,0.013599999999999945,0.9864,1.0358051849900676,1.0358051849900676
22012,2018,MILS3,2019-03-14,2020-03-18,0.009700000000000042,0.9903,-0.1455822952425483,-0.1455822952425483
22012,2019,MILS3,2020-03-25,2021-04-01,0.0665,0.9335,-0.3723786835041051,-0.3723786835041051
22012,2020,MILS3,2021-03-17,2022-03-22,0.005199999999999982,0.9948,0.23535568743916446,0.23535568743916446
22012,2022,MILS3,2023-03-29,2024-04-04,0.13260000000000005,0.8674,-0.2935710213263574,-0.2935710213263574
22012,2023,MILS3,2024-03-19,2025-03-21,0.244,0.756,-0.40840486937293197,-0.40840486937293197
22055,2011,AMAR3,2012-03-08,2013-03-19,0.006099999999999994,0.9939,0.16435382065503013,0.16435382065503013
22055,2012,AMAR3,2013-02-05,2014-02-10,0.07430000000000003,0.9257,-0.6604671586946583,-0.6604671586946583
22055,2013,AMAR3,2014-03-17,2015-03-23,0.13160000000000005,0.8684,1.1180939142891821,1.1180939142891821
22055,2014,AMAR3,2015-02-12,2016-02-25,9.999999999998899e-05,0.9999,-0.3631270727290301,-0.3631270727290301
22055,2015,AMAR3,2016-02-25,2017-03-01,9.999999999998899e-05,0.9999,-0.2188151414228524,-0.2188151414228524
22055,2016,AMAR3,2017-02-24,2018-03-08,0.019499999999999962,0.9805,0.13332240045358734,0.13332240045358734
22055,2017,AMAR3,2018-03-08,2019-03-19,0.10289999999999999,0.8971,0.009092341478193156,0.009092341478193156
22055,2018,AMAR3,2019-03-14,2020-03-18,0.02639999999999998,0.9736,-0.038774721898018116,-0.038774721898018116
22055,2019,AMAR3,2020-03-25,2021-04-01,0.28280000000000005,0.7172,-0.5248041573361775,-0.5248041573361775
22055,2020,AMAR3,2021-03-22,2022-03-25,0.0,1.0,0.19493066661385883,0.19493066661385883
22055,2021,AMAR3,2022-03-16,2023-03-17,0.08879999999999999,0.9112,-0.454063225530706,-0.454063225530706
22055,2022,AMAR3,2023-05-02,2024-05-06,0.019000000000000017,0.981,-0.1264958898652545,-0.1264958898652545
22055,2023,AMAR3,2024-04-22,2025-04-25,0.024800000000000044,0.9752,1.4036243757413835,1.4036243757413835
22136,2012,TERI3,2012-06-11,2013-06-20,0.0,1.0,0.050100349116150245,0.050100349116150245
22136,2013,TERI3,2013-06-12,2014-06-18,0.012199999999999989,0.9878,-0.3833468197474471,-0.3833468197474471
22136,2014,TERI3,2014-06-10,2015-06-17,0.03490000000000004,0.9651,-0.5529727852389452,-0.5529727852389452
22136,2015,TERI3,2015-06-02,2016-06-14,0.0010999999999999899,0.9989,1.3021397441919338,1.3021397441919338
22187,2011,PRIO3,2012-03-12,2013-03-21,0.006900000000000017,0.9931,-0.3292927600596729,-0.3292927600596729
22187,2012,PRIO3,2013-03-04,2014-03-07,0.012299999999999978,0.9877,-0.326806688195897,-0.326806688195897
22187,2013,PRIO3,2014-03-31,2015-04-07,0.009800000000000031,0.9902,2.129096490758909,2.129096490758909
22187,2014,PRIO3,2015-03-30,2016-04-08,0.018199999999999994,0.9818,-0.7873197269082507,-0.7873197269082507
22187,2015,PRIO3,2016-03-23,2017-03-28,0.07289999999999996,0.9271,2.9979688643601605,2.649466970280504
22187,2016,PRIO3,2017-03-28,2018-04-06,0.15810000000000002,0.8419,-0.7338015909805002,-0.7338015909805002
22187,2017,PRIO3,2020-11-03,2021-11-10,0.006800000000000028,0.9932,0.0561454384548159,0.0561454384548159
22187,2018,PRIO3,2019-03-11,2020-03-13,0.0047000000000000375,0.9953,-0.6225397931236214,-0.6225397931236214
22187,2019,PRIO3,2020-08-28,2021-09-06,0.007800000000000029,0.9922,-0.6274406135589059,-0.6274406135589059
22187,2020,PRIO3,2021-03-02,2022-03-07,0.3248,0.6752,-0.4694506139334249,-0.4694506139334249
22187,2021,PRIO3,2022-02-15,2023-02-16,0.00039999999999995595,0.9996,-0.31136693670206894,-0.31136693670206894
22187,2022,PRIO3,2023-03-01,2024-03-06,0.022599999999999953,0.9774,-0.15979829626768338,-0.15979829626768338
22187,2023,PRIO3,2024-03-08,2025-03-12,0.014900000000000024,0.9851,-0.32076740824423544,-0.32076740824423544
22187,2024,PRIO3,2025-03-13,2026-03-17,0.03500000000000003,0.965,0.4771293635973963,0.4771293635973963
22349,2011,AZZA3,2012-03-01,2013-03-12,0.02210000000000001,0.9779,-0.2220501335468562,-0.2220501335468562
22349,2012,AZZA3,2013-03-06,2014-03-11,0.047599999999999976,0.9524,-0.2988668452457116,-0.2988668452457116
22349,2013,AZZA3,2014-03-19,2015-03-25,0.18689999999999996,0.8131,0.5048341815851902,0.5048341815851902
22349,2014,AZZA3,2015-03-03,2016-03-11,0.0036000000000000476,0.9964,-0.24527119436779432,-0.24527119436779432
22349,2015,AZZA3,2016-03-02,2017-03-06,0.0018000000000000238,0.9982,0.2870089271903311,0.2870089271903311
22349,2016,AZZA3,2017-03-08,2018-03-16,0.02749999999999997,0.9725,0.0358440957287367,0.0358440957287367
22349,2017,AZZA3,2018-03-07,2019-03-18,0.013700000000000045,0.9863,-0.2179255821350653,-0.2179255821350653
22349,2018,AZZA3,2019-02-20,2020-02-27,0.0938,0.9062,-0.18079766670335407,-0.18079766670335407
22349,2019,AZZA3,2020-05-08,2021-05-14,0.02859999999999996,0.9714,0.38539508554746105,0.38539508554746105
22349,2020,AZZA3,2021-03-04,2022-03-09,0.1987,0.8013,-0.1537029153441133,-0.1537029153441133
22349,2021,AZZA3,2022-03-11,2023-03-14,0.2548,0.7452,-0.01212990557234972,-0.01212990557234972
22349,2022,AZZA3,2023-04-17,2024-04-22,0.0007000000000000339,0.9993,-0.22563715766654935,-0.22563715766654935
22349,2024,AZZA3,2025-03-11,2026-03-13,0.03539999999999999,0.9646,0.18096441493605897,0.18096441493605897
22357,2011,ALOS3,2012-04-12,2013-04-23,0.007199999999999984,0.9928,-0.2463799819757886,-0.2463799819757886
22357,2012,ALOS3,2013-03-07,2014-03-12,0.0017000000000000348,0.9983,-0.28741546733462575,-0.28741546733462575
22357,2013,ALOS3,2014-03-13,2015-03-19,0.007600000000000051,0.9924,0.42740636475480054,0.42740636475480054
22357,2014,ALOS3,2015-03-04,2016-03-15,0.0026000000000000467,0.9974,-0.35291697199760597,-0.35291697199760597
22357,2015,ALOS3,2016-03-03,2017-03-07,0.0024999999999999467,0.9975,0.1848689927190048,0.1848689927190048
22357,2016,ALOS3,2017-03-06,2018-03-14,0.008199999999999985,0.9918,-0.12793546540297052,-0.12793546540297052
22357,2017,ALOS3,2018-03-13,2019-03-22,0.0016000000000000458,0.9984,0.2786351090693051,0.2786351090693051
22357,2018,ALOS3,2019-04-08,2020-04-13,0.00019999999999997797,0.9998,-0.030509236192479028,-0.030509236192479028
22357,2019,ALOS3,2020-03-11,2021-03-18,0.09079999999999999,0.9092,-0.527631159026396,-0.527631159026396
22357,2020,ALOS3,2021-03-10,2022-03-15,9.999999999998899e-05,0.9999,0.3362619144945689,0.3362619144945689
22357,2021,ALOS3,2022-03-29,2023-03-30,0.006099999999999994,0.9939,0.32843130804215503,0.32843130804215503
22357,2024,ALOS3,2025-03-17,2026-03-19,0.03990000000000005,0.9601,0.39114984263910446,0.39114984263910446
22365,2011,ENAT3,2012-03-14,2013-03-25,0.032399999999999984,0.9676,0.17243079708214104,0.17243079708214104
22365,2012,ENAT3,2013-03-13,2014-03-18,0.060899999999999954,0.9391,0.013021831933090144,0.013021831933090144
22365,2013,ENAT3,2014-02-26,2015-03-06,0.03269999999999995,0.9673,0.2027801148950812,0.2027801148950812
22365,2014,ENAT3,2015-03-16,2016-03-24,0.016599999999999948,0.9834,-0.18234109921680597,-0.18234109921680597
22365,2016,ENAT3,2017-03-15,2018-03-23,0.02739999999999998,0.9726,0.6275342786145972,0.6275342786145972
22365,2017,ENAT3,2018-03-08,2019-03-19,9.999999999998899e-05,0.9999,0.06813570682283276,0.06813570682283276
22365,2018,ENAT3,2019-03-18,2020-03-20,0.013599999999999945,0.9864,-0.6615702815724775,-0.6615702815724775
22365,2019,ENAT3,2020-03-11,2021-03-18,0.14370000000000005,0.8563,0.6769695591313145,0.6769695591313145
22365,2020,ENAT3,2021-04-05,2022-04-07,0.01749999999999996,0.9825,-0.026930347335457627,-0.026930347335457627
22365,2021,ENAT3,2022-06-17,2023-06-21,0.04690000000000005,0.9531,-0.6075507261132742,-0.6075507261132742
22365,2022,ENAT3,2023-03-01,2024-03-06,0.30310000000000004,0.6969,0.5556421158528588,0.5556421158528588
22470,2012,MGLU3,2013-03-26,2014-03-31,0.0023999999999999577,0.9976,-0.01338928497106695,-0.01338928497106695
22470,2013,MGLU3,2014-02-24,2015-03-04,0.02300000000000002,0.977,0.06584881022422695,0.06584881022422695
22470,2014,MGLU3,2015-02-26,2016-03-08,0.008700000000000041,0.9913,-0.32152581965123717,-0.32152581965123717
22470,2015,MGLU3,2017-05-31,2018-06-08,0.021599999999999953,0.9784,-0.6537058231009897,-0.6537058231009897
22470,2016,MGLU3,2017-05-31,2018-06-08,0.0032999999999999696,0.9967,-0.6537058231009897,-0.6537058231009897
22470,2017,MGLU3,2018-02-22,2019-03-01,0.06579999999999997,0.9342,-0.028793221776036493,-0.028793221776036493
22470,2018,MGLU3,2019-02-25,2020-03-03,0.0947,0.9053,-0.22813434370678787,-0.22813434370678787
22470,2019,MGLU3,2020-02-17,2021-02-25,0.13439999999999996,0.8656,-0.2327857601902873,-0.2327857601902873
22470,2020,MGLU3,2021-03-08,2022-03-11,0.020000000000000018,0.98,-0.8682497985611071,-0.8682497985611071
22470,2021,MGLU3,2022-03-14,2023-03-15,0.04239999999999999,0.9576,2.2971959794760948,2.2971959794760948
22470,2022,MGLU3,2023-03-10,2024-03-15,0.0033999999999999586,0.9966,-0.3290533305148494,-0.3290533305148494
22470,2023,MGLU3,2024-03-18,2025-03-20,0.014100000000000001,0.9859,0.18558944684757273,0.18558944684757273
22470,2024,MGLU3,2025-03-13,2026-03-17,0.008499999999999952,0.9915,-0.2987334467389615,-0.2987334467389615
23035,2013,LINX3,2014-02-13,2015-02-23,0.006199999999999983,0.9938,-0.24188601229958928,-0.24188601229958928
23035,2014,LINX3,2015-02-12,2016-02-25,9.999999999998899e-05,0.9999,-0.12758695623408678,-0.12758695623408678
23035,2015,LINX3,2016-02-18,2017-02-17,0.00039999999999995595,0.9996,-0.3009090674221925,-0.3009090674221925
23035,2016,LINX3,2017-02-13,2018-02-23,0.13239999999999996,0.8676,-0.1421041462949374,-0.1421041462949374
23035,2017,LINX3,2018-02-19,2019-02-26,0.0048000000000000265,0.9952,0.7377346434520202,0.7377346434520202
23035,2018,LINX3,2019-06-11,2020-06-17,0.0,1.0,-0.7439279137557981,-0.7439279137557981
23035,2019,LINX3,2020-03-30,2021-04-07,0.395,0.605,0.6736759034059174,0.6736759034059174
23221,2014,SEER3,2015-04-01,2016-04-12,0.036599999999999966,0.9634,0.3205598890558763,0.3205598890558763
23221,2015,SEER3,2016-03-21,2017-03-23,0.01749999999999996,0.9825,0.3469778452815053,0.3469778452815053
23221,2016,SEER3,2017-03-17,2018-03-27,0.007499999999999951,0.9925,-0.32350853262186285,-0.32350853262186285
23221,2017,SEER3,2018-03-23,2019-04-03,0.038799999999999946,0.9612,-0.40199430968722105,-0.40199430968722105
23221,2018,SEER3,2019-03-28,2020-04-01,0.009099999999999997,0.9909,0.1738850327672301,0.1738850327672301
23221,2019,SEER3,2020-03-27,2021-04-06,0.0010000000000000009,0.999,-0.5995751487479413,-0.5995751487479413
23221,2020,SEER3,2021-03-26,2022-03-31,0.0605,0.9395,0.715664221824776,0.715664221824776
23221,2022,SEER3,2023-03-24,2024-04-01,0.07989999999999997,0.9201,3.0419946500390234,2.649466970280504
23221,2023,SEER3,2024-03-25,2025-03-27,0.14270000000000005,0.8573,-0.3932106163473763,-0.3932106163473763
23248,2014,ANIM3,2015-02-26,2016-03-08,0.0018000000000000238,0.9982,-0.5410365566533974,-0.5410365566533974
23248,2015,ANIM3,2016-03-08,2017-03-10,0.024900000000000033,0.9751,0.053652573945256465,0.053652573945256465
23248,2016,ANIM3,2017-03-14,2018-03-22,0.0013999999999999568,0.9986,0.3912042672901317,0.3912042672901317
23248,2017,ANIM3,2018-03-21,2019-04-01,0.0028000000000000247,0.9972,-0.6107657880415971,-0.6107657880415971
23248,2018,ANIM3,2019-03-21,2020-03-25,0.00019999999999997797,0.9998,0.7904355374872294,0.7904355374872294
23248,2019,ANIM3,2020-03-11,2021-03-18,0.04469999999999996,0.9553,-0.5011591633078607,-0.5011591633078607
23248,2020,ANIM3,2021-03-17,2022-03-22,0.18869999999999998,0.8113,-0.15927329229728415,-0.15927329229728415
23248,2021,ANIM3,2022-03-28,2023-03-29,0.04930000000000001,0.9507,-0.37626392525670493,-0.37626392525670493
23248,2022,ANIM3,2023-03-27,2024-04-02,0.0021999999999999797,0.9978,0.3837191124268007,0.3837191124268007
23248,2023,ANIM3,2024-03-25,2025-03-27,0.136,0.864,-0.3428730079637332,-0.3428730079637332
23264,2014,ABEV3,2015-02-26,2016-03-08,0.14849999999999997,0.8515,0.11636911967537289,0.11636911967537289
23264,2015,ABEV3,2016-02-25,2017-02-24,0.03259999999999996,0.9674,-0.3444446658178658,-0.3444446658178658
23264,2016,ABEV3,2018-07-05,2019-07-17,0.07020000000000004,0.9298,-0.13704172966125427,-0.13704172966125427
23264,2017,ABEV3,2018-07-05,2019-07-17,0.024800000000000044,0.9752,-0.13704172966125427,-0.13704172966125427
23264,2018,ABEV3,2019-02-28,2020-03-06,0.03820000000000001,0.9618,0.044230076741715196,0.044230076741715196
23264,2019,ABEV3,2020-02-27,2021-03-05,0.1259,0.8741,0.1301973415933999,0.1301973415933999
23264,2020,ABEV3,2021-02-25,2022-03-02,0.19499999999999995,0.805,0.10170770020856312,0.10170770020856312
23264,2021,ABEV3,2022-02-24,2023-03-01,0.08209999999999995,0.9179,-0.08576191782125875,-0.08576191782125875
23264,2022,ABEV3,2023-03-02,2024-03-07,0.04830000000000001,0.9517,-0.11720407644134734,-0.11720407644134734
23264,2023,ABEV3,2024-02-29,2025-02-28,0.08609999999999995,0.9139,0.05075119284616614,0.05075119284616614
23264,2024,ABEV3,2025-02-26,2026-03-04,0.05120000000000002,0.9488,0.2597457740981288,0.2597457740981288
23272,2016,LOGG3,2019-10-10,2020-10-16,0.07089999999999996,0.9291,0.07006262472242497,0.07006262472242497
23272,2019,LOGG3,2020-02-18,2021-02-26,0.1743,0.8257,0.022817099777983074,0.022817099777983074
23272,2020,LOGG3,2021-02-09,2022-02-14,0.0393,0.9607,-0.369540526766711,-0.369540526766711
23272,2021,LOGG3,2022-02-08,2023-02-09,0.07740000000000002,0.9226,-0.18905681302991462,-0.18905681302991462
23272,2022,LOGG3,2023-02-08,2024-02-16,0.05069999999999997,0.9493,0.3988742761367896,0.3988742761367896
23272,2023,LOGG3,2024-02-06,2025-02-07,0.046499999999999986,0.9535,-0.12853196902843878,-0.12853196902843878
23272,2024,LOGG3,2025-02-05,2026-02-09,0.043200000000000016,0.9568,-0.022289915950986727,-0.022289915950986727
23310,2014,CVCB3,2015-02-09,2016-02-22,0.0039000000000000146,0.9961,-0.20050582113578752,-0.20050582113578752
23310,2015,CVCB3,2016-02-19,2017-02-20,0.015700000000000047,0.9843,0.4070161932889109,0.4070161932889109
23310,2016,CVCB3,2017-02-15,2018-02-27,0.07120000000000004,0.9288,-0.11617478578518314,-0.11617478578518314
23310,2017,CVCB3,2018-02-08,2019-02-19,0.021199999999999997,0.9788,-0.2253301973459798,-0.2253301973459798
23310,2018,CVCB3,2019-02-26,2020-03-04,0.012900000000000023,0.9871,-0.7155819272808503,-0.7155819272808503
23310,2019,CVCB3,2020-09-01,2021-09-09,0.01200000000000001,0.988,0.6964909368936465,0.6964909368936465
23310,2020,CVCB3,2021-03-26,2022-03-31,0.06579999999999997,0.9342,-0.5707358127481353,-0.5707358127481353
23310,2021,CVCB3,2022-03-15,2023-03-16,0.1632,0.8368,-0.48399103570757984,-0.48399103570757984
23310,2022,CVCB3,2023-03-21,2024-03-26,0.8426,0.1574,1.0804604977532772,1.0804604977532772
23310,2023,CVCB3,2024-03-26,2025-03-28,0.0019000000000000128,0.9981,-0.47605195948100687,-0.47605195948100687
23310,2024,CVCB3,2025-03-26,2026-03-30,0.0,1.0,-0.4945201257348215,-0.4945201257348215
23450,2015,RUMO3,2016-02-25,2017-02-24,0.40890000000000004,0.5911,2.0022735593542436,2.0022735593542436
23485,2015,RLOG3,2016-02-25,2017-02-24,0.04830000000000001,0.9517,1.9386077257364196,1.9386077257364196
23485,2016,RLOG3,2017-02-21,2018-03-05,0.7861,0.2139,-0.4858483540536145,-0.4858483540536145
23485,2017,RLOG3,2018-03-26,2019-04-04,0.6271,0.3729,0.18410416739832702,0.18410416739832702
23485,2018,RLOG3,2019-02-13,2020-02-18,0.7404,0.2596,-0.4662576042880783,-0.4662576042880783
23485,2019,RLOG3,2020-02-17,2021-02-25,0.00539999999999996,0.9946,-0.04082373289425545,-0.04082373289425545
23574,2015,MEAL3,2016-03-22,2017-03-24,0.0,1.0,0.935722247868422,0.935722247868422
23574,2016,MEAL3,2017-03-28,2018-04-06,0.03300000000000003,0.967,-0.22868127600092325,-0.22868127600092325
23574,2017,MEAL3,2018-03-27,2019-04-05,0.14949999999999997,0.8505,-0.2586967170933815,-0.2586967170933815
23574,2018,MEAL3,2019-03-29,2020-04-02,0.009199999999999986,0.9908,-0.3430396763413863,-0.3430396763413863
23574,2019,MEAL3,2020-03-30,2021-04-07,0.06710000000000005,0.9329,0.23218029990320632,0.23218029990320632
23574,2020,MEAL3,2021-03-30,2022-04-04,0.11809999999999998,0.8819,-0.1735344014335264,-0.1735344014335264
23574,2021,MEAL3,2022-03-30,2023-03-31,0.00029999999999996696,0.9997,0.14645374117412713,0.14645374117412713
23574,2022,MEAL3,2023-03-28,2024-04-03,0.012900000000000023,0.9871,-0.44437441684043766,-0.44437441684043766
23574,2023,MEAL3,2024-03-26,2025-03-28,0.0,1.0,-0.3466040540584473,-0.3466040540584473
23825,2017,MOVI3,2018-03-21,2019-04-01,0.0036000000000000476,0.9964,0.5234910370484842,0.5234910370484842
23825,2018,MOVI3,2019-04-02,2020-04-06,0.006000000000000005,0.994,-0.2584171576148123,-0.2584171576148123
23825,2019,MOVI3,2020-03-10,2021-03-17,0.1511,0.8489,-0.3183904496212715,-0.3183904496212715
23825,2020,MOVI3,2021-02-23,2022-02-24,0.03500000000000003,0.965,-0.25492947900394025,-0.25492947900394025
23825,2021,MOVI3,2022-02-21,2023-02-24,0.01649999999999996,0.9835,-0.4558255707540474,-0.4558255707540474
23825,2022,MOVI3,2024-01-31,2025-02-03,0.07789999999999997,0.9221,-0.6705643222130566,-0.6705643222130566
23825,2023,MOVI3,2024-03-25,2025-03-27,0.06910000000000005,0.9309,-0.27640779961065265,-0.27640779961065265
24260,2021,SMFT3,2022-03-17,2023-03-20,0.08979999999999999,0.9102,0.07155424999806037,0.07155424999806037
24260,2022,SMFT3,2023-05-30,2024-06-04,0.019399999999999973,0.9806,-0.051363330813644525,-0.051363330813644525
24260,2023,SMFT3,2024-03-14,2025-03-18,0.11619999999999997,0.8838,-0.4185971161981983,-0.4185971161981983
24260,2024,SMFT3,2025-03-13,2026-03-17,0.0131,0.9869,-0.31242231919084096,-0.31242231919084096
24295,2020,VBBR3,2021-03-09,2022-03-14,0.0827,0.9173,0.4925540492382918,0.4925540492382918
24295,2021,VBBR3,2022-03-22,2023-03-23,0.05059999999999998,0.9494,-0.35601559584386444,-0.35601559584386444
24295,2022,VBBR3,2023-03-21,2024-03-26,0.06920000000000004,0.9308,0.781062340816832,0.781062340816832
24295,2023,VBBR3,2024-03-04,2025-03-06,0.0796,0.9204,-0.5516131661014836,-0.5516131661014836
24295,2024,VBBR3,2025-02-24,2026-03-02,0.055499999999999994,0.9445,0.7064090119489503,0.7064090119489503
24392,2019,HAPV3,2020-03-26,2021-04-05,0.06420000000000003,0.9358,-0.28747471247671175,-0.28747471247671175
24392,2020,HAPV3,2021-03-23,2022-03-28,0.025699999999999945,0.9743,-0.4221356263836744,-0.4221356263836744
24392,2021,HAPV3,2022-03-23,2023-03-24,0.1866,0.8134,-0.6634117586464039,-0.6634117586464039
24392,2022,HAPV3,2023-02-28,2024-03-05,0.057499999999999996,0.9425,0.4802923155640406,0.4802923155640406
24392,2023,HAPV3,2024-05-13,2025-05-16,0.07240000000000002,0.9276,-0.48552142577899826,-0.48552142577899826
24392,2024,HAPV3,2025-03-19,2026-03-23,0.02059999999999995,0.9794,-0.7380574092360429,-0.7380574092360429
24694,2020,SBFG3,2021-03-30,2022-04-04,0.06869999999999998,0.9313,0.3349042790409491,0.3349042790409491
24694,2021,SBFG3,2022-03-29,2023-03-30,0.028000000000000025,0.972,-0.33391370524429764,-0.33391370524429764
24694,2022,SBFG3,2023-03-02,2024-03-07,0.012499999999999956,0.9875,1.5838155300690842,1.5838155300690842
24694,2023,SBFG3,2024-03-18,2025-03-20,0.023900000000000032,0.9761,-0.40366265793069833,-0.40366265793069833
24716,2021,VAMO3,2022-02-17,2023-02-22,0.029200000000000004,0.9708,-0.18121244425535654,-0.18121244425535654
24716,2022,VAMO3,2023-02-13,2024-02-21,0.09199999999999997,0.908,-0.637677526689573,-0.637677526689573
24716,2023,VAMO3,2024-03-18,2025-03-20,0.06510000000000005,0.9349,-0.052013616363364434,-0.052013616363364434
24716,2024,VAMO3,2025-03-28,2026-04-01,0.007800000000000029,0.9922,-0.2990412650928448,-0.2990412650928448
24805,2021,VIVA3,2022-03-17,2023-03-20,0.012900000000000023,0.9871,-0.010464402263800077,-0.010464402263800077
24805,2022,VIVA3,2023-03-16,2024-03-21,0.012700000000000045,0.9873,-0.12361446498812079,-0.12361446498812079
24805,2023,VIVA3,2024-03-20,2025-03-24,0.06579999999999997,0.9342,-0.387967908427885,-0.387967908427885
24805,2024,VIVA3,2025-03-18,2026-03-20,0.046499999999999986,0.9535,0.4191737288443138,0.4191737288443138
24821,2021,RDOR3,2022-03-29,2023-03-30,0.013700000000000045,0.9863,-0.38920096308517593,-0.38920096308517593
24821,2022,RDOR3,2023-03-27,2024-04-02,0.031200000000000006,0.9688,0.5878170051972789,0.5878170051972789
24821,2023,RDOR3,2024-03-26,2025-03-28,0.020499999999999963,0.9795,0.03164049102362121,0.03164049102362121
24821,2024,RDOR3,2025-03-10,2026-03-12,0.014700000000000046,0.9853,-0.25106818797999464,-0.25106818797999464
24848,2020,CEAB3,2021-03-18,2022-03-23,0.01870000000000005,0.9813,-0.5240030980179706,-0.5240030980179706
24848,2021,CEAB3,2022-03-10,2023-03-13,0.021599999999999953,0.9784,0.8328613175873423,0.8328613175873423
24848,2022,CEAB3,2023-03-01,2024-03-06,0.03200000000000003,0.968,4.508437851630604,2.649466970280504
24848,2023,CEAB3,2024-02-28,2025-02-27,0.013900000000000023,0.9861,-0.5613437182377614,-0.5613437182377614
24848,2024,CEAB3,2025-02-26,2026-03-04,0.059599999999999986,0.9404,-0.730264208345362,-0.730264208345362
24910,2020,LWSA3,2021-03-24,2022-03-29,0.055499999999999994,0.9445,-0.9328619336659144,-0.8736189469544653
24910,2021,LWSA3,2022-03-29,2023-03-30,0.0,1.0,0.7270507730917752,0.7270507730917752
24910,2022,LWSA3,2023-03-23,2024-03-28,0.0,1.0,-0.2611528928783208,-0.2611528928783208
24910,2023,LWSA3,2024-03-20,2025-03-24,0.01970000000000005,0.9803,-0.5510214211867444,-0.5510214211867444
24910,2024,LWSA3,2025-03-13,2026-03-17,0.005299999999999971,0.9947,0.2792615378972574,0.2792615378972574
24929,2020,TIMS3,2021-02-09,2022-02-14,0.3126,0.6874,0.26755568735517365,0.26755568735517365
24929,2021,TIMS3,2022-02-25,2023-03-02,0.07520000000000004,0.9248,-0.07253693391528016,-0.07253693391528016
24929,2022,TIMS3,2023-02-09,2024-02-19,0.07509999999999994,0.9249,0.6818862506336252,0.6818862506336252
24929,2023,TIMS3,2024-02-06,2025-02-07,0.08109999999999995,0.9189,-0.375950974244014,-0.375950974244014
24929,2024,TIMS3,2025-02-10,2026-02-12,0.08679999999999999,0.9132,0.3880060295091219,0.3880060295091219
24961,2021,AMBP3,2022-03-14,2023-03-15,0.0018000000000000238,0.9982,-0.5294158267273449,-0.5294158267273449
24961,2022,AMBP3,2023-03-28,2024-04-03,0.23209999999999997,0.7679,-0.035823816354266236,-0.035823816354266236
24961,2023,AMBP3,2024-07-12,2025-07-17,0.17830000000000001,0.8217,1.8820244245444409,1.8820244245444409
25003,2021,SIMH3,2022-02-24,2023-03-01,0.07340000000000002,0.9266,-0.34536693113793826,-0.34536693113793826
25003,2022,SIMH3,2023-03-07,2024-03-12,0.0011999999999999789,0.9988,0.05726505437221108,0.05726505437221108
25003,2023,SIMH3,2024-03-26,2025-03-28,0.241,0.759,-0.4058862566884376,-0.4058862566884376
25089,2021,PETZ3,2022-03-29,2023-03-30,0.03149999999999997,0.9685,-0.46022624596751993,-0.46022624596751993
25089,2023,PETZ3,2024-03-07,2025-03-11,0.03300000000000003,0.967,0.8649818445522428,0.8649818445522428
25100,2021,CURY3,2022-03-24,2023-03-27,0.0736,0.9264,1.8418472753163657,1.8418472753163657
25100,2022,CURY3,2023-09-14,2024-09-17,0.020399999999999974,0.9796,-0.0939221206810219,-0.0939221206810219
25100,2023,CURY3,2024-03-11,2025-03-13,0.09150000000000003,0.9085,-0.019926865882739286,-0.019926865882739286
25100,2024,CURY3,2025-03-11,2026-03-13,0.06610000000000005,0.9339,-0.22890240091380565,-0.22890240091380565
25186,2021,GMAT3,2022-03-10,2023-03-13,0.0018000000000000238,0.9982,0.7164073560208535,0.7164073560208535
25186,2023,GMAT3,2024-03-06,2025-03-10,0.03849999999999998,0.9615,-0.27926732509787844,-0.27926732509787844
25232,2021,CASH3,2022-03-29,2023-03-30,0.07020000000000004,0.9298,-0.13656871834905926,-0.13656871834905926
25232,2022,CASH3,2023-09-21,2024-09-24,0.3792,0.6208,0.08885352459292517,0.08885352459292517
25232,2023,CASH3,2024-03-13,2025-03-17,0.020399999999999974,0.9796,-0.5518238122677801,-0.5518238122677801
25232,2024,CASH3,2025-03-11,2026-03-13,0.2621,0.7379,-0.03433519544109265,-0.03433519544109265
25291,2021,BRAV3,2022-02-22,2023-02-27,0.06259999999999999,0.9374,-0.065720291135277,-0.065720291135277
25291,2022,BRAV3,2023-03-08,2024-03-13,0.01419999999999999,0.9858,-0.15574180339283172,-0.15574180339283172
25291,2023,BRAV3,2024-03-07,2025-03-11,0.017299999999999982,0.9827,-0.3120613690223767,-0.3120613690223767
25291,2024,BRAV3,2025-03-20,2026-03-24,0.01429999999999998,0.9857,0.02526776582108803,0.02526776582108803
25372,2021,ASAI3,2022-02-21,2023-02-24,0.29600000000000004,0.704,0.6818001220160765,0.6818001220160765
25372,2022,ASAI3,2023-02-15,2024-02-23,0.4105,0.5895,-0.5316892138340259,-0.5316892138340259
25372,2023,ASAI3,2024-02-21,2025-02-20,0.07940000000000003,0.9206,-0.28021931864983285,-0.28021931864983285
25372,2024,ASAI3,2025-02-20,2026-02-26,0.07820000000000005,0.9218,0.28865810988084073,0.28865810988084073
25453,2021,INTB3,2022-11-01,2023-11-06,0.0012999999999999678,0.9987,-0.5772671842312658,-0.5772671842312658
25453,2022,INTB3,2023-03-01,2024-03-06,0.0026000000000000467,0.9974,-0.409509559965721,-0.409509559965721
25453,2023,INTB3,2024-02-28,2025-02-27,0.006900000000000017,0.9931,-0.17237281821116213,-0.17237281821116213
25585,2021,CMIN3,2022-03-09,2023-03-10,0.020499999999999963,0.9795,-0.12718089635665886,-0.12718089635665886
25585,2022,CMIN3,2023-03-08,2024-03-13,0.03939999999999999,0.9606,0.010403330284212364,0.010403330284212364
25585,2023,CMIN3,2024-03-06,2025-03-10,0.06789999999999996,0.9321,-0.10996844658457905,-0.10996844658457905
25585,2024,CMIN3,2025-04-01,2026-04-06,0.02429999999999999,0.9757,-0.5924262418444025,-0.5924262418444025
25712,2022,GGPS3,2023-09-14,2024-09-17,0.031100000000000017,0.9689,-0.25577954996486074,-0.25577954996486074
25712,2023,GGPS3,2024-03-05,2025-03-07,0.01100000000000001,0.989,-0.4176946780232539,-0.4176946780232539
25780,2022,RECV3,2023-03-22,2024-03-27,0.04239999999999999,0.9576,-0.10994059602800432,-0.10994059602800432
25780,2023,RECV3,2024-03-05,2025-03-07,0.27959999999999996,0.7204,-0.13860874362569087,-0.13860874362569087
25780,2024,RECV3,2025-03-19,2026-03-23,0.2744,0.7256,-0.24492608402599014,-0.24492608402599014
25917,2023,RAIZ4,2023-05-12,2024-05-16,0.34740000000000004,0.6526,0.06424086361000025,0.06424086361000025
25917,2024,RAIZ4,2024-05-13,2025-05-16,0.1753,0.8247,-0.342848372509594,-0.342848372509594
25984,2022,CBAV3,2023-03-09,2024-03-14,0.0645,0.9355,-0.34164247785666724,-0.34164247785666724
25984,2023,CBAV3,2024-03-07,2025-03-11,0.013000000000000012,0.987,3.2381156298870355,2.649466970280504
26123,2022,ONCO3,2023-03-28,2024-04-03,0.012800000000000034,0.9872,-0.09395091465605587,-0.09395091465605587
26123,2023,ONCO3,2024-03-27,2025-03-31,0.020199999999999996,0.9798,-0.5807812600531725,-0.5807812600531725
26441,2023,SRNA3,2024-03-18,2025-03-20,0.005800000000000027,0.9942,-0.07232654605875133,-0.07232654605875133
26620,2022,AURE3,2023-02-16,2024-02-26,0.009099999999999997,0.9909,-0.3071538320930547,-0.3071538320930547
26620,2023,AURE3,2024-02-09,2025-02-12,0.019199999999999995,0.9808,-0.1363648115731122,-0.1363648115731122
26620,2024,AURE3,2025-02-24,2026-03-02,0.011600000000000055,0.9884,0.42773520795289843,0.42773520795289843
27111,2023,XPBR31,2024-04-01,2025-04-02,0.0026000000000000467,0.9974,-0.6592390730641493,-0.6592390730641493
