cd_cvm,name,quarter_prev,quarter_curr,cosine_similarity,chars_prev,chars_curr,diagnostic_prev,diagnostic_curr
002437,AXIA ENERGIA S.A.,2011Q1,2011Q2,0.9927,6180,6558,font_heading,font_heading
002437,AXIA ENERGIA S.A.,2011Q2,2011Q3,0.9941,6558,6195,font_heading,font_heading
002437,AXIA ENERGIA S.A.,2011Q3,2012Q1,0.5717,6195,9432,font_heading,font_heading
002437,AXIA ENERGIA S.A.,2012Q1,2012Q2,0.9842,9432,9490,font_heading,font_heading
002437,AXIA ENERGIA S.A.,2012Q2,2012Q3,0.1979,9490,61,font_heading,font_heading
002437,AXIA ENERGIA S.A.,2012Q3,2013Q1,0.1245,61,9507,font_heading,font_heading
002437,AXIA ENERGIA S.A.,2013Q1,2013Q2,0.9883,9507,9490,font_heading,font_heading
002437,AXIA ENERGIA S.A.,2013Q2,2013Q3,0.7326,9490,15065,font_heading,font_heading
002437,AXIA ENERGIA S.A.,2013Q3,2014Q1,0.5871,15065,7938,font_heading,font_heading
002437,AXIA ENERGIA S.A.,2014Q1,2014Q2,0.9998,7938,7899,font_heading,font_heading
002437,AXIA ENERGIA S.A.,2014Q2,2014Q3,0.9998,7899,7870,font_heading,font_heading
002437,AXIA ENERGIA S.A.,2014Q3,2015Q1,0.9492,7870,7416,font_heading,font_heading
002437,AXIA ENERGIA S.A.,2015Q1,2015Q2,0.9815,7416,7685,font_heading,font_heading
002437,AXIA ENERGIA S.A.,2015Q2,2015Q3,0.9648,7685,8021,font_heading,font_heading
002437,AXIA ENERGIA S.A.,2015Q3,2016Q1,0.9538,8021,7773,font_heading,font_heading
002437,AXIA ENERGIA S.A.,2016Q1,2016Q2,0.9926,7773,7935,font_heading,font_heading
002437,AXIA ENERGIA S.A.,2016Q2,2016Q3,0.9875,7935,8036,font_heading,font_heading
002437,AXIA ENERGIA S.A.,2016Q3,2017Q1,0.9833,8036,8032,font_heading,font_heading
002437,AXIA ENERGIA S.A.,2017Q1,2017Q2,0.9576,8032,7646,font_heading,font_heading
002437,AXIA ENERGIA S.A.,2017Q2,2017Q3,0.9306,7646,7767,font_heading,font_heading
002437,AXIA ENERGIA S.A.,2017Q3,2018Q1,0.8192,7767,10553,font_heading,font_heading
002437,AXIA ENERGIA S.A.,2018Q1,2018Q2,0.9272,10553,9288,font_heading,font_heading
002437,AXIA ENERGIA S.A.,2018Q2,2018Q3,0.951,9288,9358,font_heading,font_heading
002437,AXIA ENERGIA S.A.,2018Q3,2019Q1,0.6435,9358,5749,font_heading,font_heading
002437,AXIA ENERGIA S.A.,2019Q1,2019Q2,0.7493,5749,7169,font_heading,font_heading
002437,AXIA ENERGIA S.A.,2019Q2,2019Q3,0.9463,7169,8496,font_heading,font_heading
002437,AXIA ENERGIA S.A.,2019Q3,2020Q1,0.8191,8496,5545,font_heading,font_heading
002437,AXIA ENERGIA S.A.,2020Q1,2020Q2,0.9556,5545,6390,font_heading,font_heading
002437,AXIA ENERGIA S.A.,2020Q2,2020Q3,0.068,6390,430,font_heading,font_heading
002437,AXIA ENERGIA S.A.,2020Q3,2021Q1,0.1064,430,8727,font_heading,font_heading
002437,AXIA ENERGIA S.A.,2021Q1,2021Q2,0.558,8727,6966,font_heading,font_heading
002437,AXIA ENERGIA S.A.,2021Q2,2021Q3,0.2119,6966,15470,font_heading,font_heading
002437,AXIA ENERGIA S.A.,2021Q3,2022Q1,0.1847,15470,6189,font_heading,font_heading
002437,AXIA ENERGIA S.A.,2022Q1,2022Q2,0.6029,6189,14862,font_heading,font_heading
002437,AXIA ENERGIA S.A.,2022Q2,2022Q3,0.6047,14862,7483,font_heading,font_heading
002437,AXIA ENERGIA S.A.,2022Q3,2023Q1,0.1846,7483,2506,font_heading,font_heading
002437,AXIA ENERGIA S.A.,2023Q1,2023Q2,0.258,2506,10782,font_heading,font_heading
002437,AXIA ENERGIA S.A.,2023Q2,2023Q3,0.9499,10782,12333,font_heading,font_heading
002437,AXIA ENERGIA S.A.,2023Q3,2024Q1,0.0966,12333,1472,font_heading,font_heading
002437,AXIA ENERGIA S.A.,2024Q1,2024Q2,0.4493,1472,1101,font_heading,font_heading
002437,AXIA ENERGIA S.A.,2024Q2,2024Q3,0.2262,1101,82493,font_heading,font_heading
002437,AXIA ENERGIA S.A.,2024Q3,2025Q1,0.5256,82493,9491,font_heading,font_heading
002437,AXIA ENERGIA S.A.,2025Q1,2025Q2,0.982,9491,9708,font_heading,font_heading
002437,AXIA ENERGIA S.A.,2025Q2,2025Q3,0.1879,9708,10802,font_heading,font_heading
002453,CIA ENERGETICA DE MINAS GERAIS - CEMIG,2011Q1,2011Q2,0.8208,8912,12764,font_heading,font_heading
002453,CIA ENERGETICA DE MINAS GERAIS - CEMIG,2011Q2,2011Q3,0.8271,12764,12680,font_heading,font_heading
002453,CIA ENERGETICA DE MINAS GERAIS - CEMIG,2011Q3,2012Q1,0.7985,12680,11542,font_heading,font_heading
002453,CIA ENERGETICA DE MINAS GERAIS - CEMIG,2012Q1,2012Q2,0.941,11542,12682,font_heading,font_heading
002453,CIA ENERGETICA DE MINAS GERAIS - CEMIG,2012Q2,2012Q3,0.7843,12682,13876,font_heading,font_heading
002453,CIA ENERGETICA DE MINAS GERAIS - CEMIG,2012Q3,2013Q1,0.5309,13876,9611,font_heading,font_heading
002453,CIA ENERGETICA DE MINAS GERAIS - CEMIG,2013Q1,2013Q2,0.8704,9611,10705,font_heading,font_heading
002453,CIA ENERGETICA DE MINAS GERAIS - CEMIG,2013Q2,2013Q3,0.8872,10705,12133,font_heading,font_heading
002453,CIA ENERGETICA DE MINAS GERAIS - CEMIG,2013Q3,2014Q1,0.8678,12133,8519,font_heading,font_heading
002453,CIA ENERGETICA DE MINAS GERAIS - CEMIG,2014Q1,2014Q2,0.915,8519,11205,font_heading,font_heading
002453,CIA ENERGETICA DE MINAS GERAIS - CEMIG,2014Q2,2014Q3,0.9946,11205,11912,font_heading,font_heading
002453,CIA ENERGETICA DE MINAS GERAIS - CEMIG,2014Q3,2015Q1,0.8067,11912,9457,font_heading,font_heading
002453,CIA ENERGETICA DE MINAS GERAIS - CEMIG,2015Q1,2015Q2,0.9744,9457,11239,font_heading,font_heading
002453,CIA ENERGETICA DE MINAS GERAIS - CEMIG,2015Q2,2015Q3,0.7903,11239,2952,font_heading,font_heading
002453,CIA ENERGETICA DE MINAS GERAIS - CEMIG,2015Q3,2016Q1,0.2658,2952,15985,font_heading,regex_only
002453,CIA ENERGETICA DE MINAS GERAIS - CEMIG,2016Q1,2016Q2,0.9922,15985,15720,regex_only,regex_only
002453,CIA ENERGETICA DE MINAS GERAIS - CEMIG,2016Q2,2016Q3,0.2867,15720,3144,regex_only,font_heading
002453,CIA ENERGETICA DE MINAS GERAIS - CEMIG,2016Q3,2017Q1,0.8064,3144,3564,font_heading,font_heading
002453,CIA ENERGETICA DE MINAS GERAIS - CEMIG,2017Q1,2017Q2,0.8393,3564,12297,font_heading,font_heading
002453,CIA ENERGETICA DE MINAS GERAIS - CEMIG,2017Q2,2017Q3,0.9757,12297,12762,font_heading,font_heading
002453,CIA ENERGETICA DE MINAS GERAIS - CEMIG,2017Q3,2018Q1,0.8655,12762,12681,font_heading,font_heading
002453,CIA ENERGETICA DE MINAS GERAIS - CEMIG,2018Q1,2018Q2,0.9712,12681,14449,font_heading,font_heading
002453,CIA ENERGETICA DE MINAS GERAIS - CEMIG,2018Q2,2018Q3,0.3976,14449,2702,font_heading,font_heading
002453,CIA ENERGETICA DE MINAS GERAIS - CEMIG,2018Q3,2019Q1,0.9302,2702,3146,font_heading,font_heading
002453,CIA ENERGETICA DE MINAS GERAIS - CEMIG,2019Q1,2019Q2,0.2977,3146,2648,font_heading,font_heading
002453,CIA ENERGETICA DE MINAS GERAIS - CEMIG,2019Q2,2019Q3,0.3371,2648,16209,font_heading,font_heading
002453,CIA ENERGETICA DE MINAS GERAIS - CEMIG,2019Q3,2020Q1,0.9456,16209,13663,font_heading,font_heading
002453,CIA ENERGETICA DE MINAS GERAIS - CEMIG,2020Q1,2020Q2,0.9729,13663,14903,font_heading,font_heading
002453,CIA ENERGETICA DE MINAS GERAIS - CEMIG,2020Q2,2020Q3,0.9546,14903,15856,font_heading,font_heading
002453,CIA ENERGETICA DE MINAS GERAIS - CEMIG,2020Q3,2021Q1,0.9251,15856,12738,font_heading,font_heading
002453,CIA ENERGETICA DE MINAS GERAIS - CEMIG,2021Q1,2021Q2,0.9145,12738,15369,font_heading,font_heading
002453,CIA ENERGETICA DE MINAS GERAIS - CEMIG,2021Q2,2021Q3,0.983,15369,15613,font_heading,font_heading
002453,CIA ENERGETICA DE MINAS GERAIS - CEMIG,2021Q3,2022Q1,0.8313,15613,9225,font_heading,font_heading
002453,CIA ENERGETICA DE MINAS GERAIS - CEMIG,2022Q1,2022Q2,0.945,9225,11319,font_heading,font_heading
002453,CIA ENERGETICA DE MINAS GERAIS - CEMIG,2022Q2,2022Q3,0.968,11319,11936,font_heading,font_heading
002453,CIA ENERGETICA DE MINAS GERAIS - CEMIG,2022Q3,2023Q1,0.89,11936,8436,font_heading,font_heading
002453,CIA ENERGETICA DE MINAS GERAIS - CEMIG,2023Q1,2023Q2,0.9444,8436,10474,font_heading,font_heading
002453,CIA ENERGETICA DE MINAS GERAIS - CEMIG,2023Q2,2023Q3,0.9293,10474,8620,font_heading,font_heading
002453,CIA ENERGETICA DE MINAS GERAIS - CEMIG,2023Q3,2024Q1,0.899,8620,10410,font_heading,font_heading
002453,CIA ENERGETICA DE MINAS GERAIS - CEMIG,2024Q1,2024Q2,0.6425,10410,4463,font_heading,font_heading
002453,CIA ENERGETICA DE MINAS GERAIS - CEMIG,2024Q2,2024Q3,0.6489,4463,13071,font_heading,font_heading
002453,CIA ENERGETICA DE MINAS GERAIS - CEMIG,2024Q3,2025Q1,0.1224,13071,1345,font_heading,font_heading
002453,CIA ENERGETICA DE MINAS GERAIS - CEMIG,2025Q1,2025Q2,0.101,1345,2044,font_heading,font_heading
002453,CIA ENERGETICA DE MINAS GERAIS - CEMIG,2025Q2,2025Q3,0.5063,2044,14952,font_heading,font_heading
002461,Centrais Eletricas de Santa Catarina SA,2011Q1,2011Q2,0.2538,231,1178,font_heading,font_heading
002461,Centrais Eletricas de Santa Catarina SA,2011Q2,2011Q3,0.9868,1178,1180,font_heading,font_heading
002461,Centrais Eletricas de Santa Catarina SA,2011Q3,2012Q1,0.0578,1180,1202,font_heading,font_heading
002461,Centrais Eletricas de Santa Catarina SA,2012Q1,2012Q3,0.9065,1202,1374,font_heading,font_heading
002461,Centrais Eletricas de Santa Catarina SA,2012Q3,2013Q1,0.512,1374,1029,font_heading,font_heading
002461,Centrais Eletricas de Santa Catarina SA,2013Q1,2013Q2,0.9251,1029,970,font_heading,font_heading
002461,Centrais Eletricas de Santa Catarina SA,2013Q2,2013Q3,0.9759,970,962,font_heading,font_heading
002461,Centrais Eletricas de Santa Catarina SA,2013Q3,2014Q1,0.8823,962,1125,font_heading,font_heading
002461,Centrais Eletricas de Santa Catarina SA,2014Q1,2014Q2,0.8082,1125,951,font_heading,font_heading
002461,Centrais Eletricas de Santa Catarina SA,2014Q2,2014Q3,1.0,951,951,font_heading,font_heading
002461,Centrais Eletricas de Santa Catarina SA,2014Q3,2015Q1,0.7719,951,1341,font_heading,font_heading
002461,Centrais Eletricas de Santa Catarina SA,2015Q1,2015Q2,0.9007,1341,1643,font_heading,font_heading
002461,Centrais Eletricas de Santa Catarina SA,2015Q2,2015Q3,1.0,1643,1643,font_heading,font_heading
002461,Centrais Eletricas de Santa Catarina SA,2015Q3,2016Q1,0.687,1643,1222,font_heading,font_heading
002461,Centrais Eletricas de Santa Catarina SA,2016Q1,2016Q2,1.0,1222,1222,font_heading,font_heading
002461,Centrais Eletricas de Santa Catarina SA,2016Q2,2016Q3,1.0,1222,1219,font_heading,font_heading
002461,Centrais Eletricas de Santa Catarina SA,2016Q3,2017Q1,0.6505,1219,1248,font_heading,font_heading
002461,Centrais Eletricas de Santa Catarina SA,2017Q1,2017Q2,1.0,1248,1248,font_heading,font_heading
002461,Centrais Eletricas de Santa Catarina SA,2017Q2,2018Q1,0.8562,1248,1731,font_heading,font_heading
002461,Centrais Eletricas de Santa Catarina SA,2018Q1,2018Q2,0.964,1731,2055,font_heading,font_heading
002461,Centrais Eletricas de Santa Catarina SA,2018Q2,2018Q3,0.9927,2055,2102,font_heading,font_heading
002461,Centrais Eletricas de Santa Catarina SA,2018Q3,2019Q1,0.8783,2102,2688,font_heading,font_heading
002461,Centrais Eletricas de Santa Catarina SA,2019Q1,2019Q2,0.8139,2688,3128,font_heading,font_heading
002461,Centrais Eletricas de Santa Catarina SA,2019Q2,2019Q3,0.995,3128,3096,font_heading,font_heading
002461,Centrais Eletricas de Santa Catarina SA,2019Q3,2020Q1,0.539,3096,14223,font_heading,font_heading
002461,Centrais Eletricas de Santa Catarina SA,2020Q1,2020Q2,0.912,14223,13828,font_heading,font_heading
002461,Centrais Eletricas de Santa Catarina SA,2020Q2,2020Q3,0.99,13828,13759,font_heading,font_heading
002461,Centrais Eletricas de Santa Catarina SA,2020Q3,2021Q1,0.952,13759,14329,font_heading,font_heading
002461,Centrais Eletricas de Santa Catarina SA,2021Q1,2021Q2,0.9029,14329,15285,font_heading,font_heading
002461,Centrais Eletricas de Santa Catarina SA,2021Q2,2021Q3,0.989,15285,15888,font_heading,font_heading
002461,Centrais Eletricas de Santa Catarina SA,2021Q3,2022Q1,0.9653,15888,16276,font_heading,font_heading
002461,Centrais Eletricas de Santa Catarina SA,2022Q1,2022Q2,0.9903,16276,16042,font_heading,font_heading
002461,Centrais Eletricas de Santa Catarina SA,2022Q2,2022Q3,0.9929,16042,16063,font_heading,font_heading
002461,Centrais Eletricas de Santa Catarina SA,2022Q3,2023Q1,0.6642,16063,6414,font_heading,font_heading
002461,Centrais Eletricas de Santa Catarina SA,2023Q1,2023Q2,0.9689,6414,6901,font_heading,font_heading
002461,Centrais Eletricas de Santa Catarina SA,2023Q2,2024Q1,0.7229,6901,15245,font_heading,font_heading
002461,Centrais Eletricas de Santa Catarina SA,2024Q1,2024Q2,0.9839,15245,15936,font_heading,font_heading
002461,Centrais Eletricas de Santa Catarina SA,2024Q2,2024Q3,0.9673,15936,19705,font_heading,font_heading
002461,Centrais Eletricas de Santa Catarina SA,2024Q3,2025Q1,0.7738,19705,13999,font_heading,font_heading
002461,Centrais Eletricas de Santa Catarina SA,2025Q1,2025Q2,0.9636,13999,15457,font_heading,font_heading
002461,Centrais Eletricas de Santa Catarina SA,2025Q2,2025Q3,0.9711,15457,16089,font_heading,font_heading
002577,CESP - Companhia Energética de São Paulo,2011Q1,2011Q2,0.9611,70823,77639,font_heading,font_heading
002577,CESP - Companhia Energética de São Paulo,2011Q2,2011Q3,0.0886,77639,101,font_heading,font_heading
002577,CESP - Companhia Energética de São Paulo,2011Q3,2012Q1,0.0853,101,68595,font_heading,font_heading
002577,CESP - Companhia Energética de São Paulo,2012Q1,2012Q2,0.9791,68595,81834,font_heading,font_heading
002577,CESP - Companhia Energética de São Paulo,2012Q2,2012Q3,0.9807,81834,84965,font_heading,font_heading
002577,CESP - Companhia Energética de São Paulo,2012Q3,2013Q1,0.0841,84965,101,font_heading,font_heading
002577,CESP - Companhia Energética de São Paulo,2013Q1,2013Q2,0.0865,101,90407,font_heading,font_heading
002577,CESP - Companhia Energética de São Paulo,2013Q2,2013Q3,0.9921,90407,91199,font_heading,font_heading
002577,CESP - Companhia Energética de São Paulo,2013Q3,2014Q1,0.0988,91199,690,font_heading,font_heading
002577,CESP - Companhia Energética de São Paulo,2014Q1,2014Q2,1.0,690,690,font_heading,font_heading
002577,CESP - Companhia Energética de São Paulo,2014Q2,2014Q3,1.0,690,689,font_heading,font_heading
002577,CESP - Companhia Energética de São Paulo,2014Q3,2015Q1,1.0,689,687,font_heading,font_heading
002577,CESP - Companhia Energética de São Paulo,2015Q1,2015Q2,0.9029,687,686,font_heading,font_heading
002577,CESP - Companhia Energética de São Paulo,2015Q2,2015Q3,1.0,686,686,font_heading,font_heading
002577,CESP - Companhia Energética de São Paulo,2015Q3,2016Q1,0.0354,686,101,font_heading,font_heading
002577,CESP - Companhia Energética de São Paulo,2016Q1,2016Q2,1.0,101,101,font_heading,font_heading
002577,CESP - Companhia Energética de São Paulo,2016Q2,2016Q3,1.0,101,101,font_heading,font_heading
002577,CESP - Companhia Energética de São Paulo,2016Q3,2017Q1,0.3272,101,154,font_heading,font_heading
002577,CESP - Companhia Energética de São Paulo,2017Q1,2017Q2,1.0,154,154,font_heading,font_heading
002577,CESP - Companhia Energética de São Paulo,2017Q2,2017Q3,0.2488,154,1676,font_heading,font_heading
002577,CESP - Companhia Energética de São Paulo,2017Q3,2018Q1,0.2488,1676,154,font_heading,font_heading
002577,CESP - Companhia Energética de São Paulo,2018Q1,2018Q2,1.0,154,154,font_heading,font_heading
002577,CESP - Companhia Energética de São Paulo,2018Q2,2018Q3,1.0,154,154,font_heading,font_heading
002577,CESP - Companhia Energética de São Paulo,2018Q3,2019Q1,0.05,154,1494,font_heading,font_heading
002577,CESP - Companhia Energética de São Paulo,2019Q1,2019Q2,0.6807,1494,2061,font_heading,font_heading
002577,CESP - Companhia Energética de São Paulo,2019Q2,2019Q3,0.814,2061,2128,font_heading,font_heading
002577,CESP - Companhia Energética de São Paulo,2019Q3,2020Q1,0.3635,2128,1644,font_heading,font_heading
002577,CESP - Companhia Energética de São Paulo,2020Q1,2020Q2,0.3314,1644,304,font_heading,font_heading
002577,CESP - Companhia Energética de São Paulo,2020Q2,2020Q3,0.451,304,1529,font_heading,font_heading
002577,CESP - Companhia Energética de São Paulo,2020Q3,2021Q1,0.3796,1529,1841,font_heading,font_heading
002577,CESP - Companhia Energética de São Paulo,2021Q1,2021Q2,0.7369,1841,835,font_heading,font_heading
002577,CESP - Companhia Energética de São Paulo,2021Q2,2021Q3,0.1165,835,281,font_heading,font_heading
002577,CESP - Companhia Energética de São Paulo,2021Q3,2022Q1,0.0675,281,1116,font_heading,font_heading
002577,CESP - Companhia Energética de São Paulo,2022Q1,2022Q3,0.9174,1116,1152,font_heading,font_heading
002577,CESP - Companhia Energética de São Paulo,2022Q3,2023Q1,0.6717,1152,1961,font_heading,font_heading
002577,CESP - Companhia Energética de São Paulo,2023Q1,2023Q2,0.2591,1961,4119,font_heading,font_heading
002577,CESP - Companhia Energética de São Paulo,2023Q2,2023Q3,0.6789,4119,3596,font_heading,font_heading
002577,CESP - Companhia Energética de São Paulo,2023Q3,2024Q1,0.8259,3596,4117,font_heading,font_heading
002577,CESP - Companhia Energética de São Paulo,2024Q1,2024Q2,0.8623,4117,4138,font_heading,font_heading
002577,CESP - Companhia Energética de São Paulo,2024Q2,2024Q3,0.0537,4138,1045,font_heading,regex_only
002577,CESP - Companhia Energética de São Paulo,2024Q3,2025Q1,0.9458,1045,1131,regex_only,regex_only
002577,CESP - Companhia Energética de São Paulo,2025Q1,2025Q2,0.0568,1131,3736,regex_only,font_heading
002577,CESP - Companhia Energética de São Paulo,2025Q2,2025Q3,0.9783,3736,3875,font_heading,font_heading
003980,GERDAU S.A.,2011Q1,2011Q2,0.7532,3734,7841,font_heading,font_heading
003980,GERDAU S.A.,2011Q2,2011Q3,0.8576,7841,10134,font_heading,font_heading
003980,GERDAU S.A.,2011Q3,2012Q1,0.2438,10134,2855,font_heading,regex_only
003980,GERDAU S.A.,2012Q1,2012Q2,0.3591,2855,2753,regex_only,regex_only
003980,GERDAU S.A.,2012Q2,2012Q3,0.3579,2753,4739,regex_only,regex_only
003980,GERDAU S.A.,2012Q3,2013Q1,0.4068,4739,5146,regex_only,regex_only
003980,GERDAU S.A.,2013Q1,2013Q2,0.346,5146,7299,regex_only,font_heading
003980,GERDAU S.A.,2013Q2,2013Q3,0.9799,7299,7324,font_heading,font_heading
003980,GERDAU S.A.,2013Q3,2015Q2,0.6793,7324,6670,font_heading,font_heading
003980,GERDAU S.A.,2015Q2,2015Q3,0.7438,6670,5664,font_heading,font_heading
003980,GERDAU S.A.,2015Q3,2016Q2,0.884,5664,5539,font_heading,font_heading
003980,GERDAU S.A.,2016Q2,2019Q1,0.0726,5539,3804,font_heading,regex_only
003980,GERDAU S.A.,2019Q1,2019Q2,0.7291,3804,4791,regex_only,regex_only
003980,GERDAU S.A.,2019Q2,2019Q3,0.9638,4791,4686,regex_only,regex_only
003980,GERDAU S.A.,2019Q3,2020Q1,0.2899,4686,584,regex_only,regex_only
003980,GERDAU S.A.,2020Q1,2020Q2,0.0331,584,31297,regex_only,regex_only
003980,GERDAU S.A.,2020Q2,2020Q3,0.0352,31297,770,regex_only,regex_only
003980,GERDAU S.A.,2020Q3,2021Q1,0.8465,770,555,regex_only,regex_only
003980,GERDAU S.A.,2021Q1,2021Q2,0.0647,555,3326,regex_only,font_heading
003980,GERDAU S.A.,2021Q2,2021Q3,0.9642,3326,3543,font_heading,font_heading
003980,GERDAU S.A.,2021Q3,2022Q1,0.9072,3543,3442,font_heading,font_heading
003980,GERDAU S.A.,2022Q1,2022Q2,0.8516,3442,3658,font_heading,font_heading
003980,GERDAU S.A.,2022Q2,2022Q3,0.2608,3658,5968,font_heading,regex_only
003980,GERDAU S.A.,2022Q3,2023Q1,0.3556,5968,13893,regex_only,font_heading
003980,GERDAU S.A.,2023Q1,2023Q2,0.9871,13893,15772,font_heading,font_heading
003980,GERDAU S.A.,2023Q2,2023Q3,0.9949,15772,16276,font_heading,font_heading
003980,GERDAU S.A.,2023Q3,2024Q1,0.6723,16276,2071,font_heading,font_heading
003980,GERDAU S.A.,2024Q1,2024Q2,0.2605,2071,3035,font_heading,font_heading
003980,GERDAU S.A.,2024Q2,2024Q3,0.9429,3035,3691,font_heading,font_heading
003980,GERDAU S.A.,2024Q3,2025Q1,0.2063,3691,626,font_heading,font_heading
003980,GERDAU S.A.,2025Q1,2025Q2,0.397,626,6405,font_heading,font_heading
004030,CIA SIDERURGICA NACIONAL,2011Q1,2011Q2,0.9366,9380,9695,font_heading,font_heading
004030,CIA SIDERURGICA NACIONAL,2011Q2,2011Q3,0.8849,9695,9909,font_heading,font_heading
004030,CIA SIDERURGICA NACIONAL,2011Q3,2012Q1,0.8029,9909,8933,font_heading,font_heading
004030,CIA SIDERURGICA NACIONAL,2012Q1,2012Q2,0.9535,8933,9014,font_heading,font_heading
004030,CIA SIDERURGICA NACIONAL,2012Q2,2012Q3,0.8608,9014,7403,font_heading,font_heading
004030,CIA SIDERURGICA NACIONAL,2012Q3,2013Q1,0.5873,7403,7978,font_heading,font_heading
004030,CIA SIDERURGICA NACIONAL,2013Q1,2013Q2,0.656,7978,4398,font_heading,font_heading
004030,CIA SIDERURGICA NACIONAL,2013Q2,2013Q3,0.8901,4398,4228,font_heading,font_heading
004030,CIA SIDERURGICA NACIONAL,2013Q3,2014Q1,0.2045,4228,10249,font_heading,font_heading
004030,CIA SIDERURGICA NACIONAL,2014Q1,2014Q2,0.1881,10249,3667,font_heading,font_heading
004030,CIA SIDERURGICA NACIONAL,2014Q2,2014Q3,0.9837,3667,3714,font_heading,font_heading
004030,CIA SIDERURGICA NACIONAL,2014Q3,2015Q1,0.84,3714,4516,font_heading,font_heading
004030,CIA SIDERURGICA NACIONAL,2015Q1,2015Q3,0.0472,4516,6119,font_heading,regex_only
004030,CIA SIDERURGICA NACIONAL,2015Q3,2016Q1,0.5235,6119,7419,regex_only,regex_only
004030,CIA SIDERURGICA NACIONAL,2016Q1,2016Q2,0.0801,7419,4221,regex_only,font_heading
004030,CIA SIDERURGICA NACIONAL,2016Q2,2016Q3,0.9663,4221,3819,font_heading,font_heading
004030,CIA SIDERURGICA NACIONAL,2016Q3,2017Q1,0.0564,3819,8905,font_heading,regex_only
004030,CIA SIDERURGICA NACIONAL,2017Q1,2017Q2,0.9051,8905,8955,regex_only,regex_only
004030,CIA SIDERURGICA NACIONAL,2017Q2,2017Q3,0.8941,8955,8638,regex_only,regex_only
004030,CIA SIDERURGICA NACIONAL,2017Q3,2018Q1,0.5466,8638,5709,regex_only,regex_only
004030,CIA SIDERURGICA NACIONAL,2018Q1,2018Q2,0.9228,5709,5259,regex_only,regex_only
004030,CIA SIDERURGICA NACIONAL,2018Q2,2018Q3,0.9799,5259,5344,regex_only,regex_only
004030,CIA SIDERURGICA NACIONAL,2018Q3,2019Q1,0.9006,5344,4950,regex_only,regex_only
004030,CIA SIDERURGICA NACIONAL,2019Q1,2019Q2,0.0803,4950,4218,regex_only,font_heading
004030,CIA SIDERURGICA NACIONAL,2019Q2,2019Q3,0.0928,4218,4524,font_heading,regex_only
004030,CIA SIDERURGICA NACIONAL,2019Q3,2020Q1,0.066,4524,4994,regex_only,font_heading
004030,CIA SIDERURGICA NACIONAL,2020Q1,2020Q2,0.0849,4994,612,font_heading,regex_only
004030,CIA SIDERURGICA NACIONAL,2020Q2,2020Q3,1.0,612,635,regex_only,regex_only
004030,CIA SIDERURGICA NACIONAL,2020Q3,2021Q1,0.9042,635,709,regex_only,regex_only
004030,CIA SIDERURGICA NACIONAL,2021Q1,2021Q2,1.0,709,630,regex_only,regex_only
004030,CIA SIDERURGICA NACIONAL,2021Q2,2021Q3,0.1805,630,4931,regex_only,font_heading
004030,CIA SIDERURGICA NACIONAL,2021Q3,2022Q1,0.8356,4931,5297,font_heading,font_heading
004030,CIA SIDERURGICA NACIONAL,2022Q1,2022Q2,0.9762,5297,5516,font_heading,font_heading
004030,CIA SIDERURGICA NACIONAL,2022Q2,2022Q3,0.9413,5516,5511,font_heading,font_heading
004030,CIA SIDERURGICA NACIONAL,2022Q3,2023Q1,0.6075,5511,4008,font_heading,font_heading
004030,CIA SIDERURGICA NACIONAL,2023Q1,2023Q2,0.9091,4008,3452,font_heading,font_heading
004030,CIA SIDERURGICA NACIONAL,2023Q2,2023Q3,1.0,3452,3455,font_heading,font_heading
004030,CIA SIDERURGICA NACIONAL,2023Q3,2024Q1,0.7597,3455,4343,font_heading,font_heading
004030,CIA SIDERURGICA NACIONAL,2024Q1,2025Q1,0.085,4343,23843,font_heading,regex_only
004057,Souza Cruz S.A.,2011Q1,2011Q2,0.6762,647,400,font_heading,font_heading
004057,Souza Cruz S.A.,2011Q2,2011Q3,0.9666,400,423,font_heading,font_heading
004057,Souza Cruz S.A.,2011Q3,2012Q1,0.8254,423,476,font_heading,font_heading
004057,Souza Cruz S.A.,2012Q1,2012Q2,0.3924,476,1973,font_heading,font_heading
004057,Souza Cruz S.A.,2012Q2,2012Q3,0.9775,1973,1835,font_heading,font_heading
004057,Souza Cruz S.A.,2012Q3,2013Q1,0.4684,1835,496,font_heading,font_heading
004057,Souza Cruz S.A.,2013Q1,2013Q2,0.9919,496,496,font_heading,font_heading
004057,Souza Cruz S.A.,2013Q2,2013Q3,0.9913,496,499,font_heading,font_heading
004057,Souza Cruz S.A.,2013Q3,2014Q1,0.5333,499,1305,font_heading,font_heading
004057,Souza Cruz S.A.,2014Q1,2014Q2,0.9906,1305,1296,font_heading,font_heading
004057,Souza Cruz S.A.,2014Q2,2014Q3,0.0874,1296,18337,font_heading,regex_only
004057,Souza Cruz S.A.,2014Q3,2015Q2,0.057,18337,1141,regex_only,font_heading
004057,Souza Cruz S.A.,2015Q2,2015Q3,0.1963,1141,167,font_heading,font_heading
004170,VALE S.A.,2011Q1,2011Q2,0.863,9072,8136,font_heading,font_heading
004170,VALE S.A.,2011Q2,2011Q3,0.91,8136,8466,font_heading,font_heading
004170,VALE S.A.,2011Q3,2012Q1,0.8664,8466,7784,font_heading,font_heading
004170,VALE S.A.,2012Q1,2012Q2,0.9502,7784,7261,font_heading,font_heading
004170,VALE S.A.,2012Q2,2012Q3,0.952,7261,8480,font_heading,font_heading
004170,VALE S.A.,2012Q3,2013Q1,0.6216,8480,6953,font_heading,font_heading
004170,VALE S.A.,2013Q1,2013Q2,0.8147,6953,5724,font_heading,font_heading
004170,VALE S.A.,2013Q2,2013Q3,0.9235,5724,5890,font_heading,font_heading
004170,VALE S.A.,2013Q3,2014Q1,0.7504,5890,6671,font_heading,font_heading
004170,VALE S.A.,2014Q1,2014Q2,0.9595,6671,6441,font_heading,font_heading
004170,VALE S.A.,2014Q2,2014Q3,0.9589,6441,6546,font_heading,font_heading
004170,VALE S.A.,2014Q3,2015Q1,0.6773,6546,5214,font_heading,font_heading
004170,VALE S.A.,2015Q1,2015Q2,0.8107,5214,5162,font_heading,font_heading
004170,VALE S.A.,2015Q2,2015Q3,0.9309,5162,5201,font_heading,font_heading
004170,VALE S.A.,2015Q3,2016Q1,0.8463,5201,4393,font_heading,font_heading
004170,VALE S.A.,2016Q1,2016Q2,0.9322,4393,4691,font_heading,font_heading
004170,VALE S.A.,2016Q2,2016Q3,0.9518,4691,4713,font_heading,font_heading
004170,VALE S.A.,2016Q3,2017Q1,0.754,4713,7212,font_heading,font_heading
004170,VALE S.A.,2017Q1,2017Q2,0.9579,7212,7352,font_heading,font_heading
004170,VALE S.A.,2017Q2,2017Q3,0.9399,7352,8228,font_heading,font_heading
004170,VALE S.A.,2017Q3,2018Q1,0.7926,8228,5787,font_heading,font_heading
004170,VALE S.A.,2018Q1,2018Q2,0.9469,5787,5653,font_heading,font_heading
004170,VALE S.A.,2018Q2,2018Q3,0.9796,5653,5583,font_heading,font_heading
004170,VALE S.A.,2018Q3,2019Q1,0.7008,5583,2916,font_heading,font_heading
004170,VALE S.A.,2019Q1,2019Q2,0.9657,2916,3035,font_heading,font_heading
004170,VALE S.A.,2019Q2,2019Q3,0.8948,3035,3814,font_heading,font_heading
004170,VALE S.A.,2019Q3,2020Q1,0.7463,3814,5134,font_heading,font_heading
004170,VALE S.A.,2020Q1,2020Q2,0.9431,5134,5378,font_heading,font_heading
004170,VALE S.A.,2020Q2,2020Q3,0.8559,5378,6972,font_heading,font_heading
004170,VALE S.A.,2020Q3,2021Q2,0.7637,6972,8783,font_heading,font_heading
004170,VALE S.A.,2021Q2,2021Q3,0.8867,8783,9101,font_heading,font_heading
004170,VALE S.A.,2021Q3,2022Q1,0.8367,9101,7936,font_heading,font_heading
004170,VALE S.A.,2022Q1,2022Q2,0.886,7936,8610,font_heading,font_heading
004170,VALE S.A.,2022Q2,2022Q3,0.476,8610,20762,font_heading,font_heading
004170,VALE S.A.,2022Q3,2023Q1,0.8042,20762,34273,font_heading,font_heading
004170,VALE S.A.,2023Q1,2023Q2,0.1085,34273,674,font_heading,font_heading
004170,VALE S.A.,2023Q2,2023Q3,0.9379,674,1025,font_heading,font_heading
004170,VALE S.A.,2023Q3,2024Q1,0.3185,1025,4201,font_heading,font_heading
004170,VALE S.A.,2024Q1,2024Q2,0.9625,4201,4268,font_heading,font_heading
004170,VALE S.A.,2024Q2,2024Q3,0.9312,4268,4545,font_heading,font_heading
004170,VALE S.A.,2024Q3,2025Q1,0.506,4545,690,font_heading,font_heading
004170,VALE S.A.,2025Q1,2025Q2,0.896,690,741,font_heading,font_heading
004170,VALE S.A.,2025Q2,2025Q3,0.0707,741,2974,font_heading,font_heading
004650,Confab Industrial SA,2011Q1,2011Q2,0.9478,12169,12284,regex_only,regex_only
004650,Confab Industrial SA,2011Q2,2011Q3,0.1821,12284,626,regex_only,font_heading
004650,Confab Industrial SA,2011Q3,2012Q1,0.3489,626,1387,font_heading,font_heading
004820,BRASKEM S.A.,2011Q2,2012Q1,0.1889,31159,814,font_heading,font_heading
004820,BRASKEM S.A.,2012Q1,2012Q2,0.9027,814,909,font_heading,font_heading
004820,BRASKEM S.A.,2012Q2,2012Q3,0.3496,909,15645,font_heading,font_heading
004820,BRASKEM S.A.,2012Q3,2018Q3,0.157,15645,5551,font_heading,regex_only
004820,BRASKEM S.A.,2018Q3,2019Q1,0.9715,5551,5193,regex_only,regex_only
004820,BRASKEM S.A.,2019Q1,2019Q2,0.9893,5193,5699,regex_only,regex_only
004820,BRASKEM S.A.,2019Q2,2019Q3,0.9789,5699,5839,regex_only,regex_only
004820,BRASKEM S.A.,2019Q3,2021Q3,0.8725,5839,7913,regex_only,regex_only
004820,BRASKEM S.A.,2021Q3,2022Q1,0.5735,7913,11102,regex_only,regex_only
004820,BRASKEM S.A.,2022Q1,2022Q2,0.8119,11102,6972,regex_only,regex_only
004820,BRASKEM S.A.,2022Q2,2022Q3,0.869,6972,7610,regex_only,regex_only
004820,BRASKEM S.A.,2022Q3,2023Q1,0.7655,7610,5108,regex_only,regex_only
004820,BRASKEM S.A.,2023Q1,2024Q1,0.5193,5108,4659,regex_only,font_heading
004820,BRASKEM S.A.,2024Q1,2024Q3,0.5002,4659,1198,font_heading,font_heading
005258,RAIA DROGASIL S.A.,2012Q1,2012Q2,0.9869,3569,3802,font_heading,font_heading
005258,RAIA DROGASIL S.A.,2012Q2,2012Q3,0.9952,3802,3807,font_heading,font_heading
005258,RAIA DROGASIL S.A.,2012Q3,2013Q1,0.8419,3807,2450,font_heading,font_heading
005258,RAIA DROGASIL S.A.,2013Q1,2013Q2,0.9938,2450,2447,font_heading,font_heading
005258,RAIA DROGASIL S.A.,2013Q2,2013Q3,0.9969,2447,2426,font_heading,font_heading
005258,RAIA DROGASIL S.A.,2013Q3,2014Q1,0.9704,2426,2307,font_heading,font_heading
005258,RAIA DROGASIL S.A.,2014Q1,2014Q2,0.9956,2307,2286,font_heading,font_heading
005258,RAIA DROGASIL S.A.,2014Q2,2014Q3,0.9995,2286,2283,font_heading,font_heading
005258,RAIA DROGASIL S.A.,2014Q3,2015Q1,0.0406,2283,3312,font_heading,regex_only
005258,RAIA DROGASIL S.A.,2015Q1,2015Q2,0.9879,3312,2832,regex_only,regex_only
005258,RAIA DROGASIL S.A.,2015Q2,2015Q3,1.0,2832,2792,regex_only,regex_only
005258,RAIA DROGASIL S.A.,2015Q3,2016Q1,0.5735,2792,406,regex_only,regex_only
005258,RAIA DROGASIL S.A.,2016Q1,2016Q2,1.0,406,517,regex_only,regex_only
005258,RAIA DROGASIL S.A.,2016Q2,2016Q3,1.0,517,501,regex_only,regex_only
005258,RAIA DROGASIL S.A.,2016Q3,2017Q1,1.0,501,403,regex_only,regex_only
005258,RAIA DROGASIL S.A.,2017Q1,2017Q2,1.0,403,411,regex_only,regex_only
005258,RAIA DROGASIL S.A.,2017Q2,2017Q3,1.0,411,399,regex_only,regex_only
005258,RAIA DROGASIL S.A.,2017Q3,2018Q1,0.0563,399,951,regex_only,font_heading
005258,RAIA DROGASIL S.A.,2018Q1,2018Q2,0.0563,951,410,font_heading,regex_only
005258,RAIA DROGASIL S.A.,2018Q2,2018Q3,1.0,410,402,regex_only,regex_only
005258,RAIA DROGASIL S.A.,2018Q3,2019Q1,0.949,402,535,regex_only,regex_only
005258,RAIA DROGASIL S.A.,2019Q1,2019Q2,0.1728,535,7188,regex_only,font_heading
005258,RAIA DROGASIL S.A.,2019Q2,2019Q3,0.1754,7188,499,font_heading,regex_only
005258,RAIA DROGASIL S.A.,2019Q3,2020Q1,0.9698,499,404,regex_only,regex_only
005258,RAIA DROGASIL S.A.,2020Q1,2020Q2,0.2555,404,1911,regex_only,regex_only
005258,RAIA DROGASIL S.A.,2020Q2,2020Q3,0.1146,1911,34402,regex_only,font_heading
005258,RAIA DROGASIL S.A.,2020Q3,2021Q1,0.1035,34402,407,font_heading,regex_only
005258,RAIA DROGASIL S.A.,2021Q1,2021Q2,0.0421,407,306,regex_only,font_heading
005258,RAIA DROGASIL S.A.,2021Q2,2021Q3,1.0,306,306,font_heading,font_heading
005258,RAIA DROGASIL S.A.,2021Q3,2022Q1,1.0,306,306,font_heading,font_heading
005258,RAIA DROGASIL S.A.,2022Q1,2022Q2,0.5873,306,393,font_heading,font_heading
005258,RAIA DROGASIL S.A.,2022Q2,2022Q3,0.9567,393,396,font_heading,font_heading
005258,RAIA DROGASIL S.A.,2022Q3,2023Q1,0.9571,396,393,font_heading,font_heading
005258,RAIA DROGASIL S.A.,2023Q1,2023Q2,0.9593,393,393,font_heading,font_heading
005258,RAIA DROGASIL S.A.,2023Q2,2023Q3,0.8612,393,409,font_heading,font_heading
005258,RAIA DROGASIL S.A.,2023Q3,2024Q1,0.0538,409,5715,font_heading,font_heading
005258,RAIA DROGASIL S.A.,2024Q1,2024Q2,0.9942,5715,5773,font_heading,font_heading
005258,RAIA DROGASIL S.A.,2024Q2,2024Q3,1.0,5773,5756,font_heading,font_heading
005258,RAIA DROGASIL S.A.,2024Q3,2025Q1,0.1208,5756,319,font_heading,font_heading
005258,RAIA DROGASIL S.A.,2025Q1,2025Q2,0.1152,319,5735,font_heading,font_heading
005258,RAIA DROGASIL S.A.,2025Q2,2025Q3,1.0,5735,5705,font_heading,font_heading
005410,WEG S.A.,2011Q3,2012Q1,0.9079,2580,2877,font_heading,font_heading
005410,WEG S.A.,2012Q1,2012Q2,1.0,2877,2872,font_heading,font_heading
005410,WEG S.A.,2012Q2,2012Q3,0.9735,2872,3056,font_heading,font_heading
005410,WEG S.A.,2012Q3,2013Q1,0.9758,3056,2910,font_heading,font_heading
005410,WEG S.A.,2013Q1,2013Q2,0.9886,2910,2860,font_heading,font_heading
005410,WEG S.A.,2013Q2,2013Q3,0.9927,2860,2892,font_heading,font_heading
005410,WEG S.A.,2013Q3,2014Q1,0.9654,2892,2890,font_heading,font_heading
005410,WEG S.A.,2014Q1,2014Q2,0.9838,2890,2783,font_heading,font_heading
005410,WEG S.A.,2014Q2,2014Q3,0.8179,2783,2568,font_heading,font_heading
005410,WEG S.A.,2014Q3,2015Q1,0.9426,2568,2386,font_heading,font_heading
005410,WEG S.A.,2015Q1,2015Q2,0.9919,2386,2438,font_heading,font_heading
005410,WEG S.A.,2015Q2,2015Q3,0.9552,2438,2557,font_heading,font_heading
005410,WEG S.A.,2015Q3,2016Q1,0.9535,2557,2419,font_heading,font_heading
005410,WEG S.A.,2016Q1,2016Q2,1.0,2419,2394,font_heading,font_heading
005410,WEG S.A.,2016Q2,2016Q3,0.9965,2394,2424,font_heading,font_heading
005410,WEG S.A.,2016Q3,2017Q1,0.9797,2424,2368,font_heading,font_heading
005410,WEG S.A.,2017Q1,2017Q2,0.9832,2368,2410,font_heading,font_heading
005410,WEG S.A.,2017Q2,2017Q3,0.9953,2410,2531,font_heading,font_heading
005410,WEG S.A.,2017Q3,2018Q1,0.9967,2531,2581,font_heading,font_heading
005410,WEG S.A.,2018Q1,2018Q2,0.9912,2581,2672,font_heading,font_heading
005410,WEG S.A.,2018Q2,2018Q3,0.9963,2672,2631,font_heading,font_heading
005410,WEG S.A.,2018Q3,2019Q1,0.9863,2631,2522,font_heading,font_heading
005410,WEG S.A.,2019Q1,2019Q2,0.996,2522,2587,font_heading,font_heading
005410,WEG S.A.,2019Q2,2019Q3,0.9878,2587,2550,font_heading,font_heading
005410,WEG S.A.,2019Q3,2020Q1,0.974,2550,2571,font_heading,font_heading
005410,WEG S.A.,2020Q1,2020Q2,0.9844,2571,2908,font_heading,font_heading
005410,WEG S.A.,2020Q2,2020Q3,1.0,2908,2899,font_heading,font_heading
005410,WEG S.A.,2020Q3,2021Q1,0.9195,2899,1958,font_heading,font_heading
005410,WEG S.A.,2021Q1,2021Q2,0.9816,1958,2017,font_heading,font_heading
005410,WEG S.A.,2021Q2,2021Q3,0.9731,2017,2025,font_heading,font_heading
005410,WEG S.A.,2021Q3,2022Q1,0.9456,2025,2088,font_heading,font_heading
005410,WEG S.A.,2022Q1,2022Q2,0.99,2088,2141,font_heading,font_heading
005410,WEG S.A.,2022Q2,2022Q3,0.9367,2141,2286,font_heading,font_heading
005410,WEG S.A.,2022Q3,2023Q1,0.9703,2286,2283,font_heading,font_heading
005410,WEG S.A.,2023Q1,2023Q2,0.9988,2283,2289,font_heading,font_heading
005410,WEG S.A.,2023Q2,2023Q3,0.9991,2289,2339,font_heading,font_heading
005410,WEG S.A.,2023Q3,2024Q1,0.9512,2339,2102,font_heading,font_heading
005410,WEG S.A.,2024Q1,2024Q2,0.9507,2102,2577,font_heading,font_heading
005410,WEG S.A.,2024Q2,2024Q3,0.9975,2577,2588,font_heading,font_heading
005410,WEG S.A.,2024Q3,2025Q1,0.9274,2588,2125,font_heading,font_heading
005410,WEG S.A.,2025Q1,2025Q2,0.0447,2125,7602,font_heading,regex_only
005410,WEG S.A.,2025Q2,2025Q3,0.9803,7602,7696,regex_only,regex_only
006173,Taurus Armas SA,2011Q1,2011Q2,0.1088,1506,8272,regex_only,font_heading
006173,Taurus Armas SA,2011Q2,2011Q3,0.1196,8272,2220,font_heading,regex_only
006173,Taurus Armas SA,2011Q3,2012Q1,0.1854,2220,9860,regex_only,font_heading
006173,Taurus Armas SA,2012Q1,2012Q2,0.2111,9860,10332,font_heading,regex_only
006173,Taurus Armas SA,2012Q2,2012Q3,0.5095,10332,4220,regex_only,regex_only
006173,Taurus Armas SA,2012Q3,2013Q1,0.2741,4220,5517,regex_only,regex_only
006173,Taurus Armas SA,2013Q1,2013Q2,0.0639,5517,1243,regex_only,font_heading
006173,Taurus Armas SA,2013Q2,2013Q3,0.1122,1243,4315,font_heading,regex_only
006173,Taurus Armas SA,2013Q3,2014Q1,0.1421,4315,7464,regex_only,regex_only
006173,Taurus Armas SA,2014Q1,2014Q2,0.0274,7464,4418,regex_only,regex_only
006173,Taurus Armas SA,2014Q2,2014Q3,0.0438,4418,1379,regex_only,font_heading
006173,Taurus Armas SA,2014Q3,2015Q1,0.1636,1379,9723,font_heading,regex_only
006173,Taurus Armas SA,2015Q1,2015Q2,0.6902,9723,8144,regex_only,regex_only
006173,Taurus Armas SA,2015Q2,2015Q3,0.4913,8144,4813,regex_only,regex_only
006173,Taurus Armas SA,2015Q3,2016Q1,0.1304,4813,6436,regex_only,font_heading
006173,Taurus Armas SA,2016Q1,2016Q2,0.0926,6436,144,font_heading,regex_only
006173,Taurus Armas SA,2016Q2,2016Q3,0.035,144,2100,regex_only,regex_only
006173,Taurus Armas SA,2016Q3,2018Q1,0.0871,2100,4493,regex_only,regex_only
006173,Taurus Armas SA,2018Q1,2018Q2,0.2057,4493,1479,regex_only,regex_only
006173,Taurus Armas SA,2018Q2,2018Q3,0.1676,1479,12519,regex_only,regex_only
006173,Taurus Armas SA,2018Q3,2019Q1,0.1059,12519,5087,regex_only,font_heading
006173,Taurus Armas SA,2019Q1,2019Q2,0.9949,5087,5169,font_heading,font_heading
006173,Taurus Armas SA,2019Q2,2019Q3,0.9839,5169,4852,font_heading,font_heading
006173,Taurus Armas SA,2019Q3,2020Q1,0.9512,4852,5297,font_heading,font_heading
006173,Taurus Armas SA,2020Q1,2020Q2,0.9416,5297,5362,font_heading,font_heading
006173,Taurus Armas SA,2020Q2,2020Q3,0.9181,5362,5677,font_heading,font_heading
006173,Taurus Armas SA,2020Q3,2021Q1,0.9926,5677,5307,font_heading,font_heading
006173,Taurus Armas SA,2021Q1,2021Q2,0.9657,5307,4899,font_heading,font_heading
006173,Taurus Armas SA,2021Q2,2021Q3,0.9949,4899,4966,font_heading,font_heading
006173,Taurus Armas SA,2021Q3,2022Q1,0.8873,4966,3657,font_heading,font_heading
006173,Taurus Armas SA,2022Q1,2022Q2,0.9804,3657,4177,font_heading,font_heading
006173,Taurus Armas SA,2022Q2,2022Q3,0.9779,4177,3613,font_heading,font_heading
006173,Taurus Armas SA,2022Q3,2023Q1,0.911,3613,3783,font_heading,font_heading
006173,Taurus Armas SA,2023Q1,2023Q2,0.9975,3783,3890,font_heading,font_heading
006173,Taurus Armas SA,2023Q2,2023Q3,0.8041,3890,6393,font_heading,font_heading
006173,Taurus Armas SA,2023Q3,2024Q1,0.9387,6393,5878,font_heading,font_heading
006173,Taurus Armas SA,2024Q1,2024Q2,0.9928,5878,5732,font_heading,font_heading
006173,Taurus Armas SA,2024Q2,2024Q3,0.953,5732,6415,font_heading,font_heading
006173,Taurus Armas SA,2024Q3,2025Q1,0.8894,6415,5239,font_heading,font_heading
006173,Taurus Armas SA,2025Q1,2025Q2,0.9707,5239,5294,font_heading,font_heading
006173,Taurus Armas SA,2025Q2,2025Q3,0.9318,5294,5253,font_heading,font_heading
006343,Tupy SA,2011Q1,2011Q2,0.9893,3315,3385,font_heading,font_heading
006343,Tupy SA,2011Q2,2011Q3,0.8352,3385,4170,font_heading,font_heading
006343,Tupy SA,2011Q3,2012Q1,0.9034,4170,4773,font_heading,font_heading
006343,Tupy SA,2012Q1,2012Q2,0.9729,4773,4737,font_heading,font_heading
006343,Tupy SA,2012Q2,2013Q1,0.2354,4737,704,font_heading,font_heading
006343,Tupy SA,2013Q1,2013Q2,0.4439,704,2240,font_heading,font_heading
006343,Tupy SA,2013Q2,2013Q3,0.7896,2240,3685,font_heading,font_heading
006343,Tupy SA,2013Q3,2014Q1,0.7813,3685,2566,font_heading,font_heading
006343,Tupy SA,2014Q1,2014Q2,0.99,2566,2559,font_heading,font_heading
006343,Tupy SA,2014Q2,2014Q3,0.746,2559,5540,font_heading,font_heading
006343,Tupy SA,2014Q3,2015Q2,0.8584,5540,3269,font_heading,font_heading
006343,Tupy SA,2015Q2,2015Q3,0.9802,3269,3649,font_heading,font_heading
006343,Tupy SA,2015Q3,2016Q1,0.9533,3649,3052,font_heading,font_heading
006343,Tupy SA,2016Q1,2016Q2,0.8859,3052,5107,font_heading,font_heading
006343,Tupy SA,2016Q2,2016Q3,0.885,5107,3435,font_heading,font_heading
006343,Tupy SA,2016Q3,2017Q1,0.938,3435,2984,font_heading,font_heading
006343,Tupy SA,2017Q1,2017Q2,0.985,2984,3143,font_heading,font_heading
006343,Tupy SA,2017Q2,2017Q3,0.9811,3143,3333,font_heading,font_heading
006343,Tupy SA,2017Q3,2018Q1,0.9361,3333,2893,font_heading,font_heading
006343,Tupy SA,2018Q1,2018Q2,0.9935,2893,2909,font_heading,font_heading
006343,Tupy SA,2018Q2,2018Q3,0.9967,2909,2911,font_heading,font_heading
006343,Tupy SA,2018Q3,2019Q1,0.736,2911,2250,font_heading,font_heading
006343,Tupy SA,2019Q1,2019Q2,0.9877,2250,2252,font_heading,font_heading
006343,Tupy SA,2019Q2,2019Q3,0.0563,2252,140,font_heading,font_heading
006343,Tupy SA,2019Q3,2020Q1,0.0366,140,4290,font_heading,font_heading
006343,Tupy SA,2020Q1,2020Q2,0.9757,4290,4040,font_heading,font_heading
006343,Tupy SA,2020Q2,2020Q3,0.957,4040,4593,font_heading,font_heading
006343,Tupy SA,2020Q3,2021Q1,0.0349,4593,140,font_heading,font_heading
006343,Tupy SA,2021Q1,2021Q2,1.0,140,140,font_heading,font_heading
006343,Tupy SA,2021Q2,2021Q3,1.0,140,140,font_heading,font_heading
006343,Tupy SA,2021Q3,2022Q1,1.0,140,140,font_heading,font_heading
006343,Tupy SA,2022Q1,2022Q2,1.0,140,140,font_heading,font_heading
006343,Tupy SA,2022Q2,2022Q3,0.7588,140,300,font_heading,font_heading
006343,Tupy SA,2022Q3,2023Q1,1.0,300,300,font_heading,font_heading
006343,Tupy SA,2023Q1,2023Q2,1.0,300,300,font_heading,font_heading
006343,Tupy SA,2023Q2,2023Q3,1.0,300,300,font_heading,font_heading
006343,Tupy SA,2023Q3,2024Q1,1.0,300,300,font_heading,font_heading
006343,Tupy SA,2024Q1,2024Q2,1.0,300,300,font_heading,font_heading
006343,Tupy SA,2024Q2,2024Q3,1.0,300,300,font_heading,font_heading
006343,Tupy SA,2024Q3,2025Q1,1.0,300,300,font_heading,font_heading
006343,Tupy SA,2025Q1,2025Q2,1.0,300,300,font_heading,font_heading
006343,Tupy SA,2025Q2,2025Q3,1.0,300,300,font_heading,font_heading
006505,Grupo Casas Bahia S.A. (Via Varejo),2011Q1,2011Q2,0.7254,4751,5431,font_heading,font_heading
006505,Grupo Casas Bahia S.A. (Via Varejo),2011Q2,2011Q3,0.5127,5431,25033,font_heading,font_heading
006505,Grupo Casas Bahia S.A. (Via Varejo),2011Q3,2012Q1,0.4713,25033,8028,font_heading,font_heading
006505,Grupo Casas Bahia S.A. (Via Varejo),2012Q1,2012Q2,0.7765,8028,11966,font_heading,font_heading
006505,Grupo Casas Bahia S.A. (Via Varejo),2012Q2,2012Q3,0.7722,11966,8430,font_heading,font_heading
006505,Grupo Casas Bahia S.A. (Via Varejo),2012Q3,2013Q1,0.9544,8430,8479,font_heading,font_heading
006505,Grupo Casas Bahia S.A. (Via Varejo),2013Q1,2013Q2,0.4118,8479,54000,font_heading,font_heading
006505,Grupo Casas Bahia S.A. (Via Varejo),2013Q2,2013Q3,0.9522,54000,52893,font_heading,font_heading
006505,Grupo Casas Bahia S.A. (Via Varejo),2013Q3,2014Q1,0.279,52893,3959,font_heading,font_heading
006505,Grupo Casas Bahia S.A. (Via Varejo),2014Q1,2014Q2,0.9415,3959,3425,font_heading,font_heading
006505,Grupo Casas Bahia S.A. (Via Varejo),2014Q2,2014Q3,0.7674,3425,2727,font_heading,font_heading
006505,Grupo Casas Bahia S.A. (Via Varejo),2014Q3,2015Q1,0.733,2727,2490,font_heading,font_heading
006505,Grupo Casas Bahia S.A. (Via Varejo),2015Q1,2015Q2,0.8655,2490,3476,font_heading,font_heading
006505,Grupo Casas Bahia S.A. (Via Varejo),2015Q2,2015Q3,0.9634,3476,3322,font_heading,font_heading
006505,Grupo Casas Bahia S.A. (Via Varejo),2015Q3,2016Q1,0.8589,3322,2458,font_heading,font_heading
006505,Grupo Casas Bahia S.A. (Via Varejo),2016Q1,2016Q2,0.0686,2458,3245,font_heading,regex_only
006505,Grupo Casas Bahia S.A. (Via Varejo),2016Q2,2016Q3,0.0638,3245,2677,regex_only,font_heading
006505,Grupo Casas Bahia S.A. (Via Varejo),2016Q3,2017Q1,0.0945,2677,3005,font_heading,regex_only
006505,Grupo Casas Bahia S.A. (Via Varejo),2017Q1,2017Q2,0.9712,3005,2812,regex_only,regex_only
006505,Grupo Casas Bahia S.A. (Via Varejo),2017Q2,2017Q3,0.9474,2812,2814,regex_only,regex_only
006505,Grupo Casas Bahia S.A. (Via Varejo),2017Q3,2018Q1,0.5751,2814,3495,regex_only,regex_only
006505,Grupo Casas Bahia S.A. (Via Varejo),2018Q1,2018Q2,0.9703,3495,3798,regex_only,regex_only
006505,Grupo Casas Bahia S.A. (Via Varejo),2018Q2,2018Q3,0.9963,3798,3845,regex_only,regex_only
006505,Grupo Casas Bahia S.A. (Via Varejo),2018Q3,2019Q1,0.1178,3845,3413,regex_only,font_heading
006505,Grupo Casas Bahia S.A. (Via Varejo),2019Q1,2019Q2,0.1566,3413,3608,font_heading,regex_only
006505,Grupo Casas Bahia S.A. (Via Varejo),2019Q2,2019Q3,0.9825,3608,3544,regex_only,regex_only
006505,Grupo Casas Bahia S.A. (Via Varejo),2019Q3,2020Q1,0.8686,3544,3721,regex_only,regex_only
006505,Grupo Casas Bahia S.A. (Via Varejo),2020Q1,2020Q2,0.9277,3721,3788,regex_only,regex_only
006505,Grupo Casas Bahia S.A. (Via Varejo),2020Q2,2020Q3,0.0076,3788,93,regex_only,font_heading
006505,Grupo Casas Bahia S.A. (Via Varejo),2020Q3,2021Q1,0.0115,93,5300,font_heading,regex_only
006505,Grupo Casas Bahia S.A. (Via Varejo),2021Q1,2021Q2,0.1222,5300,533,regex_only,font_heading
006505,Grupo Casas Bahia S.A. (Via Varejo),2021Q2,2021Q3,1.0,533,533,font_heading,font_heading
006505,Grupo Casas Bahia S.A. (Via Varejo),2021Q3,2022Q1,1.0,533,533,font_heading,font_heading
006505,Grupo Casas Bahia S.A. (Via Varejo),2022Q1,2022Q2,0.0159,533,1002,font_heading,font_heading
006505,Grupo Casas Bahia S.A. (Via Varejo),2022Q2,2022Q3,0.0159,1002,533,font_heading,font_heading
006505,Grupo Casas Bahia S.A. (Via Varejo),2022Q3,2023Q1,0.0554,533,2360,font_heading,font_heading
006505,Grupo Casas Bahia S.A. (Via Varejo),2023Q1,2023Q2,0.0554,2360,533,font_heading,font_heading
006505,Grupo Casas Bahia S.A. (Via Varejo),2023Q2,2023Q3,0.3082,533,10097,font_heading,font_heading
006505,Grupo Casas Bahia S.A. (Via Varejo),2023Q3,2024Q1,0.9279,10097,10578,font_heading,font_heading
006505,Grupo Casas Bahia S.A. (Via Varejo),2024Q1,2024Q2,0.5581,10578,6800,font_heading,font_heading
006505,Grupo Casas Bahia S.A. (Via Varejo),2024Q2,2024Q3,0.8382,6800,8569,font_heading,font_heading
006505,Grupo Casas Bahia S.A. (Via Varejo),2024Q3,2025Q1,0.8886,8569,8850,font_heading,font_heading
006505,Grupo Casas Bahia S.A. (Via Varejo),2025Q1,2025Q2,0.9705,8850,9715,font_heading,font_heading
006505,Grupo Casas Bahia S.A. (Via Varejo),2025Q2,2025Q3,0.9637,9715,10498,font_heading,font_heading
007870,Kepler Weber SA,2011Q1,2011Q2,0.0389,6101,2396,regex_only,regex_only
007870,Kepler Weber SA,2011Q2,2011Q3,0.984,2396,2401,regex_only,regex_only
007870,Kepler Weber SA,2011Q3,2012Q1,0.9832,2401,2322,regex_only,regex_only
007870,Kepler Weber SA,2012Q1,2012Q2,0.9877,2322,2405,regex_only,regex_only
007870,Kepler Weber SA,2012Q2,2012Q3,0.9923,2405,2379,regex_only,regex_only
007870,Kepler Weber SA,2012Q3,2013Q1,0.0821,2379,10233,regex_only,font_heading
007870,Kepler Weber SA,2013Q1,2013Q3,0.0841,10233,2557,font_heading,regex_only
007870,Kepler Weber SA,2013Q3,2014Q1,0.0881,2557,9080,regex_only,font_heading
007870,Kepler Weber SA,2014Q1,2014Q2,0.9865,9080,9314,font_heading,font_heading
007870,Kepler Weber SA,2014Q2,2014Q3,0.9306,9314,12285,font_heading,font_heading
007870,Kepler Weber SA,2014Q3,2015Q1,0.6179,12285,4900,font_heading,font_heading
007870,Kepler Weber SA,2015Q1,2015Q2,0.9974,4900,4922,font_heading,font_heading
007870,Kepler Weber SA,2015Q2,2015Q3,0.9979,4922,4938,font_heading,font_heading
007870,Kepler Weber SA,2015Q3,2016Q1,0.9922,4938,4588,font_heading,font_heading
007870,Kepler Weber SA,2016Q1,2016Q2,0.9977,4588,4622,font_heading,font_heading
007870,Kepler Weber SA,2016Q2,2016Q3,0.9959,4622,4633,font_heading,font_heading
007870,Kepler Weber SA,2016Q3,2017Q1,0.9961,4633,4499,font_heading,font_heading
007870,Kepler Weber SA,2017Q1,2017Q2,0.9981,4499,4497,font_heading,font_heading
007870,Kepler Weber SA,2017Q2,2017Q3,0.9961,4497,4631,font_heading,font_heading
007870,Kepler Weber SA,2017Q3,2018Q1,0.9964,4631,4615,font_heading,font_heading
007870,Kepler Weber SA,2018Q1,2018Q2,0.9985,4615,4667,font_heading,font_heading
007870,Kepler Weber SA,2018Q2,2019Q1,0.9916,4667,4368,font_heading,font_heading
007870,Kepler Weber SA,2019Q1,2019Q2,0.9986,4368,4373,font_heading,font_heading
007870,Kepler Weber SA,2019Q2,2019Q3,0.9979,4373,4379,font_heading,font_heading
007870,Kepler Weber SA,2019Q3,2020Q1,0.1329,4379,1561,font_heading,font_heading
007870,Kepler Weber SA,2020Q1,2020Q2,0.9937,1561,1557,font_heading,font_heading
007870,Kepler Weber SA,2020Q2,2020Q3,0.9944,1557,1543,font_heading,font_heading
007870,Kepler Weber SA,2020Q3,2021Q1,0.8345,1543,1459,font_heading,font_heading
007870,Kepler Weber SA,2021Q1,2021Q2,0.9123,1459,1811,font_heading,font_heading
007870,Kepler Weber SA,2021Q2,2021Q3,0.766,1811,1946,font_heading,font_heading
007870,Kepler Weber SA,2021Q3,2022Q1,0.9184,1946,1974,font_heading,font_heading
007870,Kepler Weber SA,2022Q1,2022Q2,0.9556,1974,2057,font_heading,font_heading
007870,Kepler Weber SA,2022Q2,2022Q3,0.7697,2057,3189,font_heading,font_heading
007870,Kepler Weber SA,2022Q3,2023Q1,0.2499,3189,949,font_heading,font_heading
007870,Kepler Weber SA,2023Q1,2023Q2,0.955,949,978,font_heading,font_heading
007870,Kepler Weber SA,2023Q2,2023Q3,0.9272,978,1083,font_heading,font_heading
007870,Kepler Weber SA,2023Q3,2024Q1,0.8664,1083,1150,font_heading,font_heading
007870,Kepler Weber SA,2024Q1,2024Q2,0.7494,1150,1623,font_heading,font_heading
007870,Kepler Weber SA,2024Q2,2024Q3,0.0184,1623,2042,font_heading,regex_only
007870,Kepler Weber SA,2024Q3,2025Q2,0.8389,2042,3476,regex_only,regex_only
007870,Kepler Weber SA,2025Q2,2025Q3,0.8717,3476,1823,regex_only,regex_only
008087,Lojas Americanas S.A. (pre-2021 restructuring entity),2011Q2,2011Q3,0.9828,28117,32489,font_heading,font_heading
008087,Lojas Americanas S.A. (pre-2021 restructuring entity),2011Q3,2012Q2,0.4474,32489,9718,font_heading,font_heading
008087,Lojas Americanas S.A. (pre-2021 restructuring entity),2012Q2,2012Q3,0.9816,9718,9578,font_heading,font_heading
008087,Lojas Americanas S.A. (pre-2021 restructuring entity),2012Q3,2013Q1,0.877,9578,11381,font_heading,font_heading
008087,Lojas Americanas S.A. (pre-2021 restructuring entity),2013Q1,2013Q2,0.9938,11381,11690,font_heading,font_heading
008087,Lojas Americanas S.A. (pre-2021 restructuring entity),2013Q2,2013Q3,0.9718,11690,13104,font_heading,font_heading
008087,Lojas Americanas S.A. (pre-2021 restructuring entity),2013Q3,2014Q1,0.9935,13104,13071,font_heading,font_heading
008087,Lojas Americanas S.A. (pre-2021 restructuring entity),2014Q1,2014Q2,0.0662,13071,3549,font_heading,regex_only
008087,Lojas Americanas S.A. (pre-2021 restructuring entity),2014Q2,2014Q3,0.0571,3549,8566,regex_only,font_heading
008087,Lojas Americanas S.A. (pre-2021 restructuring entity),2014Q3,2015Q1,0.055,8566,3242,font_heading,regex_only
008087,Lojas Americanas S.A. (pre-2021 restructuring entity),2015Q1,2015Q2,0.037,3242,6968,regex_only,font_heading
008087,Lojas Americanas S.A. (pre-2021 restructuring entity),2015Q2,2015Q3,0.0458,6968,6136,font_heading,regex_only
008087,Lojas Americanas S.A. (pre-2021 restructuring entity),2015Q3,2016Q1,0.0431,6136,6597,regex_only,font_heading
008087,Lojas Americanas S.A. (pre-2021 restructuring entity),2016Q1,2016Q2,0.9794,6597,7072,font_heading,font_heading
008087,Lojas Americanas S.A. (pre-2021 restructuring entity),2016Q2,2016Q3,0.0397,7072,5262,font_heading,regex_only
008087,Lojas Americanas S.A. (pre-2021 restructuring entity),2016Q3,2017Q1,0.967,5262,5490,regex_only,regex_only
008087,Lojas Americanas S.A. (pre-2021 restructuring entity),2017Q1,2017Q2,0.9867,5490,5430,regex_only,regex_only
008087,Lojas Americanas S.A. (pre-2021 restructuring entity),2017Q2,2017Q3,0.9837,5430,5418,regex_only,regex_only
008087,Lojas Americanas S.A. (pre-2021 restructuring entity),2017Q3,2018Q1,0.9808,5418,5245,regex_only,regex_only
008087,Lojas Americanas S.A. (pre-2021 restructuring entity),2018Q1,2018Q2,0.964,5245,5778,regex_only,regex_only
008087,Lojas Americanas S.A. (pre-2021 restructuring entity),2018Q2,2018Q3,0.9947,5778,5725,regex_only,regex_only
008087,Lojas Americanas S.A. (pre-2021 restructuring entity),2018Q3,2019Q1,0.8461,5725,2990,regex_only,regex_only
008087,Lojas Americanas S.A. (pre-2021 restructuring entity),2019Q1,2019Q2,0.6781,2990,2737,regex_only,regex_only
008087,Lojas Americanas S.A. (pre-2021 restructuring entity),2019Q2,2019Q3,0.0212,2737,8105,regex_only,font_heading
008087,Lojas Americanas S.A. (pre-2021 restructuring entity),2019Q3,2020Q1,0.9734,8105,7198,font_heading,font_heading
008087,Lojas Americanas S.A. (pre-2021 restructuring entity),2020Q1,2020Q2,0.953,7198,9441,font_heading,font_heading
008087,Lojas Americanas S.A. (pre-2021 restructuring entity),2020Q2,2020Q3,0.992,9441,9651,font_heading,font_heading
008087,Lojas Americanas S.A. (pre-2021 restructuring entity),2020Q3,2021Q1,0.7908,9651,10406,font_heading,font_heading
008087,Lojas Americanas S.A. (pre-2021 restructuring entity),2021Q1,2021Q2,0.0438,10406,1403,font_heading,regex_only
008087,Lojas Americanas S.A. (pre-2021 restructuring entity),2021Q2,2021Q3,0.078,1403,7517,regex_only,regex_only
008133,LOJAS RENNER S.A.,2011Q1,2011Q2,0.0872,4832,747,font_heading,font_heading
008133,LOJAS RENNER S.A.,2011Q2,2011Q3,0.068,747,17201,font_heading,regex_only
008133,LOJAS RENNER S.A.,2011Q3,2012Q1,0.068,17201,747,regex_only,font_heading
008133,LOJAS RENNER S.A.,2012Q1,2012Q2,1.0,747,747,font_heading,font_heading
008133,LOJAS RENNER S.A.,2012Q2,2012Q3,1.0,747,747,font_heading,font_heading
008133,LOJAS RENNER S.A.,2012Q3,2013Q1,0.5814,747,1824,font_heading,font_heading
008133,LOJAS RENNER S.A.,2013Q1,2013Q2,1.0,1824,1824,font_heading,font_heading
008133,LOJAS RENNER S.A.,2013Q2,2013Q3,1.0,1824,1824,font_heading,font_heading
008133,LOJAS RENNER S.A.,2013Q3,2014Q1,0.6385,1824,968,font_heading,font_heading
008133,LOJAS RENNER S.A.,2014Q1,2014Q2,1.0,968,968,font_heading,font_heading
008133,LOJAS RENNER S.A.,2014Q2,2014Q3,1.0,968,968,font_heading,font_heading
008133,LOJAS RENNER S.A.,2014Q3,2015Q1,0.9925,968,963,font_heading,font_heading
008133,LOJAS RENNER S.A.,2015Q1,2015Q2,1.0,963,963,font_heading,font_heading
008133,LOJAS RENNER S.A.,2015Q2,2015Q3,0.99,963,928,font_heading,font_heading
008133,LOJAS RENNER S.A.,2015Q3,2016Q1,0.1231,928,11318,font_heading,font_heading
008133,LOJAS RENNER S.A.,2016Q1,2016Q2,0.9781,11318,12204,font_heading,font_heading
008133,LOJAS RENNER S.A.,2016Q2,2016Q3,0.8933,12204,9930,font_heading,font_heading
008133,LOJAS RENNER S.A.,2016Q3,2017Q1,0.9414,9930,12123,font_heading,font_heading
008133,LOJAS RENNER S.A.,2017Q1,2017Q2,0.9697,12123,12101,font_heading,font_heading
008133,LOJAS RENNER S.A.,2017Q2,2017Q3,0.9627,12101,12579,font_heading,font_heading
008133,LOJAS RENNER S.A.,2017Q3,2018Q1,0.2634,12579,2881,font_heading,font_heading
008133,LOJAS RENNER S.A.,2018Q1,2018Q2,0.2491,2881,10949,font_heading,font_heading
008133,LOJAS RENNER S.A.,2018Q2,2018Q3,0.7849,10949,6256,font_heading,font_heading
008133,LOJAS RENNER S.A.,2018Q3,2019Q1,0.7095,6256,7139,font_heading,font_heading
008133,LOJAS RENNER S.A.,2019Q1,2019Q2,0.9394,7139,6109,font_heading,font_heading
008133,LOJAS RENNER S.A.,2019Q2,2019Q3,0.9904,6109,6328,font_heading,font_heading
008133,LOJAS RENNER S.A.,2019Q3,2020Q1,0.14,6328,3242,font_heading,font_heading
008133,LOJAS RENNER S.A.,2020Q1,2020Q2,0.1265,3242,2471,font_heading,regex_only
008133,LOJAS RENNER S.A.,2020Q2,2020Q3,0.1435,2471,6496,regex_only,font_heading
008133,LOJAS RENNER S.A.,2020Q3,2021Q1,0.0471,6496,1505,font_heading,font_heading
008133,LOJAS RENNER S.A.,2021Q1,2021Q2,0.2073,1505,704,font_heading,font_heading
008133,LOJAS RENNER S.A.,2021Q2,2021Q3,0.0073,704,2156,font_heading,font_heading
008133,LOJAS RENNER S.A.,2021Q3,2022Q1,0.0816,2156,3049,font_heading,regex_only
008133,LOJAS RENNER S.A.,2022Q1,2022Q2,0.1907,3049,1362,regex_only,regex_only
008133,LOJAS RENNER S.A.,2022Q2,2022Q3,0.2521,1362,3948,regex_only,font_heading
008133,LOJAS RENNER S.A.,2022Q3,2023Q1,0.1013,3948,2124,font_heading,regex_only
008133,LOJAS RENNER S.A.,2023Q1,2023Q2,0.0603,2124,2991,regex_only,font_heading
008133,LOJAS RENNER S.A.,2023Q2,2023Q3,0.9678,2991,2941,font_heading,font_heading
008133,LOJAS RENNER S.A.,2023Q3,2024Q1,0.0442,2941,3599,font_heading,font_heading
008133,LOJAS RENNER S.A.,2024Q1,2024Q2,0.0496,3599,4751,font_heading,font_heading
008133,LOJAS RENNER S.A.,2024Q2,2024Q3,0.9908,4751,4577,font_heading,font_heading
008133,LOJAS RENNER S.A.,2024Q3,2025Q1,0.8281,4577,3966,font_heading,font_heading
008133,LOJAS RENNER S.A.,2025Q1,2025Q2,0.8756,3966,3270,font_heading,font_heading
008133,LOJAS RENNER S.A.,2025Q2,2025Q3,0.9952,3270,3422,font_heading,font_heading
008451,MARCOPOLO S.A.,2011Q1,2011Q2,0.9908,2141,2185,font_heading,font_heading
008451,MARCOPOLO S.A.,2011Q2,2011Q3,0.9983,2185,2201,font_heading,font_heading
008451,MARCOPOLO S.A.,2011Q3,2012Q1,0.9836,2201,2257,font_heading,font_heading
008451,MARCOPOLO S.A.,2012Q1,2012Q2,0.9945,2257,2223,font_heading,font_heading
008451,MARCOPOLO S.A.,2012Q2,2012Q3,0.9658,2223,2395,font_heading,font_heading
008451,MARCOPOLO S.A.,2012Q3,2013Q1,0.8355,2395,2439,font_heading,font_heading
008451,MARCOPOLO S.A.,2013Q1,2013Q3,0.98,2439,2626,font_heading,font_heading
008451,MARCOPOLO S.A.,2013Q3,2014Q1,0.9542,2626,3049,font_heading,font_heading
008451,MARCOPOLO S.A.,2014Q1,2014Q2,0.9989,3049,3059,font_heading,font_heading
008451,MARCOPOLO S.A.,2014Q2,2014Q3,0.9805,3059,3002,font_heading,font_heading
008451,MARCOPOLO S.A.,2014Q3,2015Q1,0.9676,3002,3233,font_heading,font_heading
008451,MARCOPOLO S.A.,2015Q1,2015Q2,0.9957,3233,3241,font_heading,font_heading
008451,MARCOPOLO S.A.,2015Q2,2015Q3,0.9302,3241,3457,font_heading,font_heading
008451,MARCOPOLO S.A.,2015Q3,2016Q1,0.9261,3457,3452,font_heading,font_heading
008451,MARCOPOLO S.A.,2016Q1,2016Q2,0.9947,3452,3481,font_heading,font_heading
008451,MARCOPOLO S.A.,2016Q2,2016Q3,0.9936,3481,3532,font_heading,font_heading
008451,MARCOPOLO S.A.,2016Q3,2017Q1,0.9832,3532,3719,font_heading,font_heading
008451,MARCOPOLO S.A.,2017Q1,2017Q2,0.9967,3719,3717,font_heading,font_heading
008451,MARCOPOLO S.A.,2017Q2,2017Q3,0.9867,3717,3660,font_heading,font_heading
008451,MARCOPOLO S.A.,2017Q3,2018Q1,0.8894,3660,3954,font_heading,font_heading
008451,MARCOPOLO S.A.,2018Q1,2018Q2,0.9861,3954,3973,font_heading,font_heading
008451,MARCOPOLO S.A.,2018Q2,2018Q3,0.955,3973,3562,font_heading,font_heading
008451,MARCOPOLO S.A.,2018Q3,2019Q1,0.9781,3562,3530,font_heading,font_heading
008451,MARCOPOLO S.A.,2019Q1,2019Q2,0.9875,3530,3554,font_heading,font_heading
008451,MARCOPOLO S.A.,2019Q2,2019Q3,0.9965,3554,3571,font_heading,font_heading
008451,MARCOPOLO S.A.,2019Q3,2020Q1,0.132,3571,703,font_heading,font_heading
008451,MARCOPOLO S.A.,2020Q1,2020Q2,1.0,703,703,font_heading,font_heading
008451,MARCOPOLO S.A.,2020Q2,2020Q3,1.0,703,703,font_heading,font_heading
008451,MARCOPOLO S.A.,2020Q3,2021Q1,0.1335,703,3445,font_heading,font_heading
008451,MARCOPOLO S.A.,2021Q1,2021Q2,0.9711,3445,3312,font_heading,font_heading
008451,MARCOPOLO S.A.,2021Q2,2021Q3,0.9961,3312,3314,font_heading,font_heading
008451,MARCOPOLO S.A.,2021Q3,2022Q1,0.9946,3314,3278,font_heading,font_heading
008451,MARCOPOLO S.A.,2022Q1,2022Q2,0.9925,3278,3132,font_heading,font_heading
008451,MARCOPOLO S.A.,2022Q2,2022Q3,0.996,3132,3132,font_heading,font_heading
008451,MARCOPOLO S.A.,2022Q3,2023Q1,0.9846,3132,3301,font_heading,font_heading
008451,MARCOPOLO S.A.,2023Q1,2023Q2,0.9965,3301,3281,font_heading,font_heading
008451,MARCOPOLO S.A.,2023Q2,2023Q3,0.1326,3281,703,font_heading,font_heading
008451,MARCOPOLO S.A.,2023Q3,2024Q1,0.1387,703,3115,font_heading,font_heading
008451,MARCOPOLO S.A.,2024Q1,2024Q2,0.9919,3115,3136,font_heading,font_heading
008451,MARCOPOLO S.A.,2024Q2,2024Q3,0.9959,3136,3125,font_heading,font_heading
008451,MARCOPOLO S.A.,2024Q3,2025Q1,0.9628,3125,3033,font_heading,font_heading
008451,MARCOPOLO S.A.,2025Q1,2025Q2,0.9613,3033,3399,font_heading,font_heading
008451,MARCOPOLO S.A.,2025Q2,2025Q3,0.131,3399,703,font_heading,font_heading
008575,Mahle Metal Leve SA,2011Q1,2011Q2,0.8069,3892,3801,font_heading,font_heading
008575,Mahle Metal Leve SA,2011Q2,2011Q3,0.9766,3801,3932,font_heading,font_heading
008575,Mahle Metal Leve SA,2011Q3,2012Q1,0.9617,3932,3612,font_heading,font_heading
008575,Mahle Metal Leve SA,2012Q1,2012Q2,0.9289,3612,4275,font_heading,font_heading
008575,Mahle Metal Leve SA,2012Q2,2012Q3,0.9343,4275,4178,font_heading,font_heading
008575,Mahle Metal Leve SA,2012Q3,2013Q1,0.9621,4178,4382,font_heading,font_heading
008575,Mahle Metal Leve SA,2013Q1,2013Q2,0.9209,4382,2675,font_heading,font_heading
008575,Mahle Metal Leve SA,2013Q2,2013Q3,0.9989,2675,2715,font_heading,font_heading
008575,Mahle Metal Leve SA,2013Q3,2014Q1,0.9513,2715,2407,font_heading,font_heading
008575,Mahle Metal Leve SA,2014Q1,2014Q2,0.9659,2407,2603,font_heading,font_heading
008575,Mahle Metal Leve SA,2014Q2,2016Q1,0.1003,2603,5157,font_heading,regex_only
008575,Mahle Metal Leve SA,2016Q1,2016Q2,0.8229,5157,7460,regex_only,regex_only
008575,Mahle Metal Leve SA,2016Q2,2016Q3,0.7999,7460,7776,regex_only,regex_only
008575,Mahle Metal Leve SA,2016Q3,2017Q2,0.7598,7776,6434,regex_only,regex_only
008575,Mahle Metal Leve SA,2017Q2,2017Q3,0.7779,6434,7396,regex_only,regex_only
008575,Mahle Metal Leve SA,2017Q3,2018Q1,0.7251,7396,5004,regex_only,regex_only
008575,Mahle Metal Leve SA,2018Q1,2018Q2,0.9566,5004,5087,regex_only,regex_only
008575,Mahle Metal Leve SA,2018Q2,2018Q3,0.9578,5087,5733,regex_only,regex_only
008575,Mahle Metal Leve SA,2018Q3,2019Q1,0.8825,5733,4690,regex_only,regex_only
008575,Mahle Metal Leve SA,2019Q1,2019Q2,0.956,4690,4727,regex_only,regex_only
008575,Mahle Metal Leve SA,2019Q2,2019Q3,0.8727,4727,6298,regex_only,regex_only
008575,Mahle Metal Leve SA,2019Q3,2020Q1,0.6119,6298,8833,regex_only,regex_only
008575,Mahle Metal Leve SA,2020Q1,2020Q2,0.9142,8833,10329,regex_only,regex_only
008575,Mahle Metal Leve SA,2020Q2,2020Q3,0.945,10329,11469,regex_only,regex_only
008575,Mahle Metal Leve SA,2020Q3,2021Q1,0.5141,11469,5210,regex_only,regex_only
008575,Mahle Metal Leve SA,2021Q1,2021Q2,0.8858,5210,4044,regex_only,regex_only
008575,Mahle Metal Leve SA,2021Q2,2021Q3,0.0669,4044,4426,regex_only,font_heading
008575,Mahle Metal Leve SA,2021Q3,2022Q1,0.9312,4426,3737,font_heading,font_heading
008575,Mahle Metal Leve SA,2022Q1,2022Q2,0.9193,3737,4479,font_heading,font_heading
008575,Mahle Metal Leve SA,2022Q2,2022Q3,0.9407,4479,5071,font_heading,font_heading
008575,Mahle Metal Leve SA,2022Q3,2023Q1,0.9417,5071,4659,font_heading,font_heading
008575,Mahle Metal Leve SA,2023Q1,2023Q2,0.9458,4659,5053,font_heading,font_heading
008575,Mahle Metal Leve SA,2023Q2,2023Q3,0.97,5053,5081,font_heading,font_heading
008575,Mahle Metal Leve SA,2023Q3,2024Q1,0.6666,5081,2461,font_heading,font_heading
008575,Mahle Metal Leve SA,2024Q1,2024Q2,0.8247,2461,4181,font_heading,font_heading
008575,Mahle Metal Leve SA,2024Q2,2024Q3,0.8829,4181,5346,font_heading,font_heading
008575,Mahle Metal Leve SA,2024Q3,2025Q1,0.7846,5346,6170,font_heading,font_heading
008575,Mahle Metal Leve SA,2025Q1,2025Q2,0.9235,6170,6742,font_heading,font_heading
008575,Mahle Metal Leve SA,2025Q2,2025Q3,0.941,6742,6373,font_heading,font_heading
008656,METALURGICA GERDAU S.A.,2011Q1,2011Q2,0.4183,1019,8071,font_heading,font_heading
008656,METALURGICA GERDAU S.A.,2011Q2,2011Q3,0.8762,8071,10325,font_heading,font_heading
008656,METALURGICA GERDAU S.A.,2011Q3,2012Q1,0.3307,10325,2544,font_heading,regex_only
008656,METALURGICA GERDAU S.A.,2012Q1,2012Q2,0.3625,2544,2632,regex_only,regex_only
008656,METALURGICA GERDAU S.A.,2012Q2,2012Q3,0.3548,2632,4025,regex_only,regex_only
008656,METALURGICA GERDAU S.A.,2012Q3,2013Q1,0.3777,4025,4694,regex_only,regex_only
008656,METALURGICA GERDAU S.A.,2013Q1,2013Q2,0.4102,4694,53100,regex_only,font_heading
008656,METALURGICA GERDAU S.A.,2013Q2,2015Q2,0.5635,53100,7487,font_heading,font_heading
008656,METALURGICA GERDAU S.A.,2015Q2,2015Q3,0.7806,7487,6427,font_heading,font_heading
008656,METALURGICA GERDAU S.A.,2015Q3,2016Q2,0.8766,6427,6680,font_heading,font_heading
008656,METALURGICA GERDAU S.A.,2016Q2,2016Q3,0.967,6680,7725,font_heading,font_heading
008656,METALURGICA GERDAU S.A.,2016Q3,2017Q1,0.3875,7725,18609,font_heading,regex_only
008656,METALURGICA GERDAU S.A.,2017Q1,2017Q2,0.8508,18609,15168,regex_only,regex_only
008656,METALURGICA GERDAU S.A.,2017Q2,2017Q3,0.3274,15168,6936,regex_only,font_heading
008656,METALURGICA GERDAU S.A.,2017Q3,2018Q1,0.3429,6936,17500,font_heading,regex_only
008656,METALURGICA GERDAU S.A.,2018Q1,2018Q2,0.3861,17500,8169,regex_only,font_heading
008656,METALURGICA GERDAU S.A.,2018Q2,2018Q3,0.9979,8169,8105,font_heading,font_heading
008656,METALURGICA GERDAU S.A.,2018Q3,2019Q1,0.0469,8105,522,font_heading,regex_only
008656,METALURGICA GERDAU S.A.,2019Q1,2019Q2,0.9281,522,757,regex_only,regex_only
008656,METALURGICA GERDAU S.A.,2019Q2,2019Q3,1.0,757,758,regex_only,regex_only
008656,METALURGICA GERDAU S.A.,2019Q3,2020Q1,0.9687,758,584,regex_only,regex_only
008656,METALURGICA GERDAU S.A.,2020Q1,2020Q2,0.1067,584,7796,regex_only,regex_only
008656,METALURGICA GERDAU S.A.,2020Q2,2020Q3,0.1578,7796,768,regex_only,regex_only
008656,METALURGICA GERDAU S.A.,2020Q3,2021Q1,0.8465,768,555,regex_only,regex_only
008656,METALURGICA GERDAU S.A.,2021Q1,2021Q2,0.0673,555,3155,regex_only,font_heading
008656,METALURGICA GERDAU S.A.,2021Q2,2021Q3,0.9778,3155,3242,font_heading,font_heading
008656,METALURGICA GERDAU S.A.,2021Q3,2022Q1,0.8555,3242,3500,font_heading,font_heading
008656,METALURGICA GERDAU S.A.,2022Q1,2022Q2,0.3138,3500,5733,font_heading,regex_only
008656,METALURGICA GERDAU S.A.,2022Q2,2022Q3,0.9735,5733,5970,regex_only,regex_only
008656,METALURGICA GERDAU S.A.,2022Q3,2023Q1,0.3308,5970,24196,regex_only,font_heading
008656,METALURGICA GERDAU S.A.,2023Q1,2023Q2,0.9673,24196,33136,font_heading,font_heading
008656,METALURGICA GERDAU S.A.,2023Q2,2023Q3,0.9952,33136,34618,font_heading,font_heading
008656,METALURGICA GERDAU S.A.,2023Q3,2024Q1,0.3599,34618,2706,font_heading,font_heading
008656,METALURGICA GERDAU S.A.,2024Q1,2024Q2,0.1403,2706,1625,font_heading,font_heading
008656,METALURGICA GERDAU S.A.,2024Q2,2024Q3,0.9803,1625,1602,font_heading,font_heading
008656,METALURGICA GERDAU S.A.,2024Q3,2025Q1,0.1612,1602,3596,font_heading,font_heading
008656,METALURGICA GERDAU S.A.,2025Q1,2025Q2,0.1501,3596,201,font_heading,font_heading
008656,METALURGICA GERDAU S.A.,2025Q2,2025Q3,0.0924,201,6053,font_heading,font_heading
008672,IGUATEMI S.A.,2011Q1,2011Q2,0.944,69266,58756,font_heading,font_heading
008672,IGUATEMI S.A.,2011Q2,2011Q3,0.9836,58756,59126,font_heading,font_heading
008672,IGUATEMI S.A.,2011Q3,2012Q1,0.1235,59126,1063,font_heading,font_heading
008672,IGUATEMI S.A.,2012Q1,2012Q2,0.9192,1063,1217,font_heading,font_heading
008672,IGUATEMI S.A.,2012Q2,2012Q3,0.5312,1217,1177,font_heading,font_heading
008672,IGUATEMI S.A.,2012Q3,2013Q1,0.0438,1177,452,font_heading,font_heading
008672,IGUATEMI S.A.,2013Q1,2013Q2,1.0,452,453,font_heading,font_heading
008672,IGUATEMI S.A.,2013Q2,2013Q3,1.0,453,453,font_heading,font_heading
008672,IGUATEMI S.A.,2013Q3,2014Q1,0.1574,453,1058,font_heading,font_heading
008672,IGUATEMI S.A.,2014Q1,2014Q2,0.8251,1058,1058,font_heading,font_heading
008672,IGUATEMI S.A.,2014Q2,2014Q3,0.8657,1058,1077,font_heading,font_heading
008672,IGUATEMI S.A.,2014Q3,2015Q1,0.8266,1077,1072,font_heading,font_heading
008672,IGUATEMI S.A.,2015Q1,2015Q2,0.8317,1072,1074,font_heading,font_heading
008672,IGUATEMI S.A.,2015Q2,2015Q3,0.836,1074,1079,font_heading,font_heading
008672,IGUATEMI S.A.,2015Q3,2016Q1,0.8694,1079,990,font_heading,font_heading
008672,IGUATEMI S.A.,2016Q1,2016Q2,0.9855,990,997,font_heading,font_heading
008672,IGUATEMI S.A.,2016Q2,2016Q3,0.9646,997,1035,font_heading,font_heading
008672,IGUATEMI S.A.,2016Q3,2017Q1,0.9847,1035,1017,font_heading,font_heading
008672,IGUATEMI S.A.,2017Q1,2017Q2,0.1842,1017,1462,font_heading,font_heading
008672,IGUATEMI S.A.,2017Q2,2017Q3,0.9963,1462,1472,font_heading,font_heading
008672,IGUATEMI S.A.,2017Q3,2018Q1,0.573,1472,1710,font_heading,font_heading
008672,IGUATEMI S.A.,2018Q1,2018Q2,0.9874,1710,1743,font_heading,font_heading
008672,IGUATEMI S.A.,2018Q2,2018Q3,0.9969,1743,1785,font_heading,font_heading
008672,IGUATEMI S.A.,2018Q3,2020Q2,0.951,1785,1927,font_heading,font_heading
008672,IGUATEMI S.A.,2020Q2,2020Q3,0.9989,1927,1934,font_heading,font_heading
008672,IGUATEMI S.A.,2020Q3,2021Q1,0.9855,1934,1936,font_heading,font_heading
008672,IGUATEMI S.A.,2021Q1,2021Q2,0.999,1936,1932,font_heading,font_heading
008672,IGUATEMI S.A.,2021Q2,2021Q3,0.9795,1932,1659,font_heading,font_heading
008672,IGUATEMI S.A.,2021Q3,2023Q2,0.5532,1659,4949,font_heading,font_heading
008672,IGUATEMI S.A.,2023Q2,2023Q3,0.9972,4949,4905,font_heading,font_heading
008672,IGUATEMI S.A.,2023Q3,2024Q1,0.8847,4905,4543,font_heading,font_heading
008672,IGUATEMI S.A.,2024Q1,2024Q2,0.4969,4543,5955,font_heading,font_heading
008672,IGUATEMI S.A.,2024Q2,2024Q3,0.9722,5955,6555,font_heading,font_heading
008672,IGUATEMI S.A.,2024Q3,2025Q1,0.8761,6555,5148,font_heading,font_heading
008672,IGUATEMI S.A.,2025Q1,2025Q2,0.9699,5148,5990,font_heading,font_heading
009393,Paranapanema SA,2011Q1,2011Q2,0.9772,3763,3818,font_heading,font_heading
009393,Paranapanema SA,2011Q2,2011Q3,0.7273,3818,3979,font_heading,font_heading
009393,Paranapanema SA,2011Q3,2012Q1,0.7429,3979,4437,font_heading,font_heading
009393,Paranapanema SA,2012Q1,2012Q2,0.8376,4437,4795,font_heading,font_heading
009393,Paranapanema SA,2012Q2,2012Q3,0.7596,4795,6657,font_heading,font_heading
009393,Paranapanema SA,2012Q3,2013Q1,0.7835,6657,5458,font_heading,font_heading
009393,Paranapanema SA,2013Q1,2013Q2,0.856,5458,6241,font_heading,font_heading
009393,Paranapanema SA,2013Q2,2013Q3,0.81,6241,5592,font_heading,font_heading
009393,Paranapanema SA,2013Q3,2014Q1,0.0558,5592,2912,font_heading,regex_only
009393,Paranapanema SA,2014Q1,2014Q2,0.0401,2912,5411,regex_only,font_heading
009393,Paranapanema SA,2014Q2,2014Q3,0.1339,5411,421,font_heading,font_heading
009393,Paranapanema SA,2014Q3,2015Q1,0.1675,421,3239,font_heading,font_heading
009393,Paranapanema SA,2015Q1,2015Q2,0.6911,3239,1194,font_heading,font_heading
009393,Paranapanema SA,2015Q2,2015Q3,0.6142,1194,8075,font_heading,font_heading
009393,Paranapanema SA,2015Q3,2016Q1,0.9119,8075,5603,font_heading,font_heading
009393,Paranapanema SA,2016Q1,2016Q2,0.9116,5603,5813,font_heading,font_heading
009393,Paranapanema SA,2016Q2,2016Q3,0.9018,5813,6660,font_heading,font_heading
009393,Paranapanema SA,2016Q3,2017Q1,0.7601,6660,4473,font_heading,font_heading
009393,Paranapanema SA,2017Q1,2017Q2,0.9455,4473,4188,font_heading,font_heading
009393,Paranapanema SA,2017Q2,2017Q3,0.4205,4188,8513,font_heading,font_heading
009393,Paranapanema SA,2017Q3,2018Q1,0.9064,8513,9425,font_heading,font_heading
009393,Paranapanema SA,2018Q1,2018Q2,0.9958,9425,9214,font_heading,font_heading
009393,Paranapanema SA,2018Q2,2018Q3,0.9803,9214,9410,font_heading,font_heading
009393,Paranapanema SA,2018Q3,2019Q1,0.892,9410,9993,font_heading,font_heading
009393,Paranapanema SA,2019Q1,2019Q2,0.9634,9993,9352,font_heading,font_heading
009393,Paranapanema SA,2019Q2,2019Q3,0.8816,9352,7912,font_heading,font_heading
009393,Paranapanema SA,2019Q3,2020Q1,0.9431,7912,8792,font_heading,font_heading
009393,Paranapanema SA,2020Q1,2020Q2,0.9761,8792,7987,font_heading,font_heading
009393,Paranapanema SA,2020Q2,2020Q3,0.9587,7987,9529,font_heading,font_heading
009393,Paranapanema SA,2020Q3,2021Q1,0.9748,9529,9580,font_heading,font_heading
009393,Paranapanema SA,2021Q1,2021Q2,0.9807,9580,9781,font_heading,font_heading
009393,Paranapanema SA,2021Q2,2021Q3,0.9979,9781,9899,font_heading,font_heading
009393,Paranapanema SA,2021Q3,2022Q1,0.8003,9899,12339,font_heading,font_heading
009393,Paranapanema SA,2022Q1,2022Q2,0.9911,12339,12455,font_heading,font_heading
009393,Paranapanema SA,2022Q2,2022Q3,0.9975,12455,12848,font_heading,font_heading
009393,Paranapanema SA,2022Q3,2023Q1,0.959,12848,12879,font_heading,font_heading
009393,Paranapanema SA,2023Q1,2023Q2,0.9988,12879,12660,font_heading,font_heading
009393,Paranapanema SA,2023Q2,2023Q3,0.9902,12660,13085,font_heading,font_heading
009393,Paranapanema SA,2023Q3,2024Q1,0.9563,13085,12870,font_heading,font_heading
009393,Paranapanema SA,2024Q1,2024Q2,0.9916,12870,12824,font_heading,font_heading
009393,Paranapanema SA,2024Q2,2024Q3,0.9186,12824,13237,font_heading,font_heading
009393,Paranapanema SA,2024Q3,2025Q1,0.9558,13237,13776,font_heading,font_heading
009393,Paranapanema SA,2025Q1,2025Q2,0.9969,13776,13802,font_heading,font_heading
009393,Paranapanema SA,2025Q2,2025Q3,0.9586,13802,16439,font_heading,font_heading
009512,PETROLEO BRASILEIRO S.A. PETROBRAS,2011Q1,2011Q2,0.9147,5856,5889,regex_only,regex_only
009512,PETROLEO BRASILEIRO S.A. PETROBRAS,2011Q2,2011Q3,0.9639,5889,5660,regex_only,regex_only
009512,PETROLEO BRASILEIRO S.A. PETROBRAS,2011Q3,2012Q1,0.1463,5660,5392,regex_only,regex_only
009512,PETROLEO BRASILEIRO S.A. PETROBRAS,2012Q1,2012Q2,0.0619,5392,5266,regex_only,regex_only
009512,PETROLEO BRASILEIRO S.A. PETROBRAS,2012Q2,2012Q3,0.9061,5266,6159,regex_only,regex_only
009512,PETROLEO BRASILEIRO S.A. PETROBRAS,2012Q3,2013Q1,0.8252,6159,5999,regex_only,regex_only
009512,PETROLEO BRASILEIRO S.A. PETROBRAS,2013Q1,2014Q1,0.5976,5999,6016,regex_only,regex_only
009512,PETROLEO BRASILEIRO S.A. PETROBRAS,2014Q1,2014Q2,0.9665,6016,5919,regex_only,regex_only
009512,PETROLEO BRASILEIRO S.A. PETROBRAS,2014Q2,2014Q3,0.9199,5919,6159,regex_only,regex_only
009512,PETROLEO BRASILEIRO S.A. PETROBRAS,2014Q3,2015Q1,0.8458,6159,7060,regex_only,regex_only
009512,PETROLEO BRASILEIRO S.A. PETROBRAS,2015Q1,2015Q2,0.9734,7060,7051,regex_only,regex_only
009512,PETROLEO BRASILEIRO S.A. PETROBRAS,2015Q2,2015Q3,0.897,7051,6062,regex_only,regex_only
009512,PETROLEO BRASILEIRO S.A. PETROBRAS,2015Q3,2016Q1,0.1985,6062,6686,regex_only,regex_only
009512,PETROLEO BRASILEIRO S.A. PETROBRAS,2016Q1,2016Q2,0.7347,6686,7173,regex_only,regex_only
009512,PETROLEO BRASILEIRO S.A. PETROBRAS,2016Q2,2016Q3,0.6565,7173,7666,regex_only,regex_only
009512,PETROLEO BRASILEIRO S.A. PETROBRAS,2016Q3,2017Q3,0.2351,7666,6903,regex_only,regex_only
009512,PETROLEO BRASILEIRO S.A. PETROBRAS,2017Q3,2018Q1,0.1282,6903,11003,regex_only,regex_only
009512,PETROLEO BRASILEIRO S.A. PETROBRAS,2018Q1,2018Q2,0.8455,11003,9087,regex_only,regex_only
009512,PETROLEO BRASILEIRO S.A. PETROBRAS,2018Q2,2018Q3,0.0356,9087,294,regex_only,font_heading
009512,PETROLEO BRASILEIRO S.A. PETROBRAS,2018Q3,2019Q1,0.0358,294,7484,font_heading,regex_only
009512,PETROLEO BRASILEIRO S.A. PETROBRAS,2019Q1,2019Q2,0.6603,7484,9503,regex_only,regex_only
009512,PETROLEO BRASILEIRO S.A. PETROBRAS,2019Q2,2019Q3,0.7838,9503,9832,regex_only,regex_only
009512,PETROLEO BRASILEIRO S.A. PETROBRAS,2019Q3,2020Q1,0.695,9832,12946,regex_only,regex_only
009512,PETROLEO BRASILEIRO S.A. PETROBRAS,2020Q1,2020Q2,0.8435,12946,7730,regex_only,regex_only
009512,PETROLEO BRASILEIRO S.A. PETROBRAS,2020Q2,2021Q1,0.1433,7730,9718,regex_only,regex_only
009512,PETROLEO BRASILEIRO S.A. PETROBRAS,2021Q1,2021Q2,0.9438,9718,9584,regex_only,regex_only
009512,PETROLEO BRASILEIRO S.A. PETROBRAS,2021Q2,2021Q3,0.8974,9584,10027,regex_only,regex_only
009512,PETROLEO BRASILEIRO S.A. PETROBRAS,2021Q3,2022Q1,0.839,10027,9116,regex_only,regex_only
009512,PETROLEO BRASILEIRO S.A. PETROBRAS,2022Q1,2022Q2,0.7704,9116,9278,regex_only,regex_only
009512,PETROLEO BRASILEIRO S.A. PETROBRAS,2022Q2,2023Q1,0.2317,9278,10964,regex_only,regex_only
009512,PETROLEO BRASILEIRO S.A. PETROBRAS,2023Q1,2023Q3,0.9474,10964,11282,regex_only,regex_only
009512,PETROLEO BRASILEIRO S.A. PETROBRAS,2023Q3,2024Q1,0.9894,11282,11391,regex_only,regex_only
009512,PETROLEO BRASILEIRO S.A. PETROBRAS,2024Q1,2024Q2,0.9858,11391,11287,regex_only,regex_only
009512,PETROLEO BRASILEIRO S.A. PETROBRAS,2024Q2,2024Q3,0.9925,11287,11299,regex_only,regex_only
009512,PETROLEO BRASILEIRO S.A. PETROBRAS,2024Q3,2025Q1,0.8329,11299,13337,regex_only,regex_only
009512,PETROLEO BRASILEIRO S.A. PETROBRAS,2025Q1,2025Q2,0.9729,13337,13175,regex_only,regex_only
009512,PETROLEO BRASILEIRO S.A. PETROBRAS,2025Q2,2025Q3,0.9948,13175,13197,regex_only,regex_only
009989,Refinaria de Petroleos de Manguinhos S/A,2011Q1,2011Q2,0.7189,4377,3294,regex_only,regex_only
009989,Refinaria de Petroleos de Manguinhos S/A,2011Q2,2011Q3,0.6141,3294,4289,regex_only,regex_only
009989,Refinaria de Petroleos de Manguinhos S/A,2011Q3,2012Q1,0.6639,4289,6068,regex_only,regex_only
009989,Refinaria de Petroleos de Manguinhos S/A,2012Q1,2012Q2,0.6855,6068,2734,regex_only,font_heading
009989,Refinaria de Petroleos de Manguinhos S/A,2012Q2,2012Q3,0.999,2734,2707,font_heading,font_heading
009989,Refinaria de Petroleos de Manguinhos S/A,2012Q3,2013Q1,0.5603,2707,5394,font_heading,font_heading
009989,Refinaria de Petroleos de Manguinhos S/A,2013Q1,2013Q2,0.8351,5394,1300,font_heading,font_heading
009989,Refinaria de Petroleos de Manguinhos S/A,2013Q2,2013Q3,0.8256,1300,5772,font_heading,font_heading
009989,Refinaria de Petroleos de Manguinhos S/A,2013Q3,2014Q1,0.9728,5772,6292,font_heading,font_heading
009989,Refinaria de Petroleos de Manguinhos S/A,2014Q1,2014Q2,0.9975,6292,6209,font_heading,font_heading
009989,Refinaria de Petroleos de Manguinhos S/A,2014Q2,2014Q3,0.8649,6209,5022,font_heading,font_heading
009989,Refinaria de Petroleos de Manguinhos S/A,2014Q3,2015Q1,0.7205,5022,4168,font_heading,font_heading
009989,Refinaria de Petroleos de Manguinhos S/A,2015Q1,2015Q2,1.0,4168,4170,font_heading,font_heading
009989,Refinaria de Petroleos de Manguinhos S/A,2015Q2,2015Q3,1.0,4170,4173,font_heading,font_heading
009989,Refinaria de Petroleos de Manguinhos S/A,2015Q3,2016Q1,0.8734,4173,5692,font_heading,font_heading
009989,Refinaria de Petroleos de Manguinhos S/A,2016Q1,2016Q2,0.9763,5692,5798,font_heading,font_heading
009989,Refinaria de Petroleos de Manguinhos S/A,2016Q2,2016Q3,0.964,5798,6284,font_heading,font_heading
009989,Refinaria de Petroleos de Manguinhos S/A,2016Q3,2017Q1,0.8645,6284,5533,font_heading,font_heading
009989,Refinaria de Petroleos de Manguinhos S/A,2017Q1,2017Q2,0.908,5533,4020,font_heading,font_heading
009989,Refinaria de Petroleos de Manguinhos S/A,2017Q2,2017Q3,0.7719,4020,2141,font_heading,font_heading
009989,Refinaria de Petroleos de Manguinhos S/A,2017Q3,2018Q1,0.5394,2141,4426,font_heading,font_heading
009989,Refinaria de Petroleos de Manguinhos S/A,2018Q1,2018Q2,0.9505,4426,4090,font_heading,font_heading
009989,Refinaria de Petroleos de Manguinhos S/A,2018Q2,2018Q3,1.0,4090,4104,font_heading,font_heading
009989,Refinaria de Petroleos de Manguinhos S/A,2018Q3,2019Q1,0.0348,4104,116,font_heading,font_heading
009989,Refinaria de Petroleos de Manguinhos S/A,2019Q1,2019Q2,0.0445,116,439,font_heading,font_heading
009989,Refinaria de Petroleos de Manguinhos S/A,2019Q2,2019Q3,1.0,439,439,font_heading,font_heading
009989,Refinaria de Petroleos de Manguinhos S/A,2019Q3,2020Q1,1.0,439,439,font_heading,font_heading
010456,Alpargatas S.A.,2011Q2,2012Q1,0.8585,4189,3434,font_heading,font_heading
010456,Alpargatas S.A.,2012Q1,2012Q2,0.9901,3434,3484,font_heading,font_heading
010456,Alpargatas S.A.,2012Q2,2012Q3,0.9748,3484,3841,font_heading,font_heading
010456,Alpargatas S.A.,2012Q3,2013Q1,0.8585,3841,4802,font_heading,font_heading
010456,Alpargatas S.A.,2013Q1,2013Q2,0.99,4802,4899,font_heading,font_heading
010456,Alpargatas S.A.,2013Q2,2014Q1,0.9168,4899,4319,font_heading,font_heading
010456,Alpargatas S.A.,2014Q1,2014Q2,0.996,4319,4327,font_heading,font_heading
010456,Alpargatas S.A.,2014Q2,2014Q3,0.9995,4327,4328,font_heading,font_heading
010456,Alpargatas S.A.,2014Q3,2015Q1,0.905,4328,4739,font_heading,font_heading
010456,Alpargatas S.A.,2015Q1,2015Q2,0.3076,4739,15123,font_heading,regex_only
010456,Alpargatas S.A.,2015Q2,2015Q3,0.3095,15123,4719,regex_only,font_heading
010456,Alpargatas S.A.,2015Q3,2016Q2,0.7983,4719,4732,font_heading,font_heading
010456,Alpargatas S.A.,2016Q2,2016Q3,0.9231,4732,5307,font_heading,font_heading
010456,Alpargatas S.A.,2016Q3,2017Q1,0.9073,5307,5562,font_heading,font_heading
010456,Alpargatas S.A.,2017Q1,2017Q2,0.9996,5562,5566,font_heading,font_heading
010456,Alpargatas S.A.,2017Q2,2017Q3,0.9483,5566,6161,font_heading,font_heading
010456,Alpargatas S.A.,2017Q3,2018Q1,0.9851,6161,6842,font_heading,font_heading
010456,Alpargatas S.A.,2018Q1,2018Q3,0.0545,6842,611,font_heading,regex_only
010456,Alpargatas S.A.,2018Q3,2019Q2,0.0511,611,6158,regex_only,font_heading
010456,Alpargatas S.A.,2019Q2,2019Q3,0.9415,6158,5666,font_heading,font_heading
010456,Alpargatas S.A.,2019Q3,2020Q1,0.7112,5666,6318,font_heading,font_heading
010456,Alpargatas S.A.,2020Q1,2020Q3,0.8592,6318,7510,font_heading,font_heading
010456,Alpargatas S.A.,2020Q3,2021Q1,0.0843,7510,776,font_heading,regex_only
010456,Alpargatas S.A.,2021Q1,2021Q2,0.315,776,902,regex_only,regex_only
010456,Alpargatas S.A.,2021Q2,2021Q3,1.0,902,900,regex_only,regex_only
010456,Alpargatas S.A.,2021Q3,2022Q1,0.3342,900,1959,regex_only,regex_only
010456,Alpargatas S.A.,2022Q1,2022Q2,0.5057,1959,1157,regex_only,regex_only
010456,Alpargatas S.A.,2022Q2,2022Q3,0.6975,1157,873,regex_only,regex_only
010456,Alpargatas S.A.,2022Q3,2023Q1,0.094,873,417,regex_only,font_heading
010456,Alpargatas S.A.,2023Q1,2023Q2,0.947,417,400,font_heading,font_heading
010456,Alpargatas S.A.,2023Q2,2023Q3,0.9459,400,385,font_heading,font_heading
010456,Alpargatas S.A.,2023Q3,2024Q1,0.9723,385,395,font_heading,font_heading
010456,Alpargatas S.A.,2024Q1,2024Q2,0.9678,395,370,font_heading,font_heading
010456,Alpargatas S.A.,2024Q2,2024Q3,0.9678,370,380,font_heading,font_heading
010456,Alpargatas S.A.,2024Q3,2025Q1,0.0845,380,5290,font_heading,font_heading
011312,Oi S.A. - Em Recuperação Judicial,2011Q1,2011Q2,1.0,1501,1480,font_heading,font_heading
011312,Oi S.A. - Em Recuperação Judicial,2011Q2,2011Q3,0.9616,1480,1500,font_heading,font_heading
011312,Oi S.A. - Em Recuperação Judicial,2011Q3,2012Q1,0.4822,1500,2054,font_heading,font_heading
011312,Oi S.A. - Em Recuperação Judicial,2012Q1,2012Q2,0.0433,2054,721,font_heading,font_heading
011312,Oi S.A. - Em Recuperação Judicial,2012Q2,2012Q3,0.0434,721,1961,font_heading,font_heading
011312,Oi S.A. - Em Recuperação Judicial,2012Q3,2013Q1,0.5265,1961,2084,font_heading,font_heading
011312,Oi S.A. - Em Recuperação Judicial,2013Q1,2013Q2,0.6967,2084,2107,font_heading,font_heading
011312,Oi S.A. - Em Recuperação Judicial,2013Q2,2013Q3,0.6181,2107,2079,font_heading,font_heading
011312,Oi S.A. - Em Recuperação Judicial,2013Q3,2014Q1,0.5753,2079,2053,font_heading,font_heading
011312,Oi S.A. - Em Recuperação Judicial,2014Q1,2014Q2,0.5579,2053,2538,font_heading,font_heading
011312,Oi S.A. - Em Recuperação Judicial,2014Q2,2014Q3,0.7102,2538,2484,font_heading,font_heading
011312,Oi S.A. - Em Recuperação Judicial,2014Q3,2015Q1,0.4212,2484,1590,font_heading,font_heading
011312,Oi S.A. - Em Recuperação Judicial,2015Q1,2015Q2,0.0455,1590,15192,font_heading,regex_only
011312,Oi S.A. - Em Recuperação Judicial,2015Q2,2015Q3,0.2926,15192,1736,regex_only,font_heading
011312,Oi S.A. - Em Recuperação Judicial,2015Q3,2016Q1,0.0874,1736,3579,font_heading,regex_only
011312,Oi S.A. - Em Recuperação Judicial,2016Q1,2016Q2,0.5759,3579,26246,regex_only,regex_only
011312,Oi S.A. - Em Recuperação Judicial,2016Q2,2016Q3,0.0581,26246,1751,regex_only,font_heading
011312,Oi S.A. - Em Recuperação Judicial,2016Q3,2017Q1,0.8331,1751,2003,font_heading,font_heading
011312,Oi S.A. - Em Recuperação Judicial,2017Q1,2017Q2,0.8474,2003,2132,font_heading,font_heading
011312,Oi S.A. - Em Recuperação Judicial,2017Q2,2017Q3,1.0,2132,2135,font_heading,font_heading
011312,Oi S.A. - Em Recuperação Judicial,2017Q3,2018Q1,0.3815,2135,3179,font_heading,font_heading
011312,Oi S.A. - Em Recuperação Judicial,2018Q1,2018Q2,0.9507,3179,3037,font_heading,font_heading
011312,Oi S.A. - Em Recuperação Judicial,2018Q2,2018Q3,0.9286,3037,2934,font_heading,font_heading
011312,Oi S.A. - Em Recuperação Judicial,2018Q3,2019Q1,0.6652,2934,1657,font_heading,font_heading
011312,Oi S.A. - Em Recuperação Judicial,2019Q1,2019Q2,0.9973,1657,1632,font_heading,font_heading
011312,Oi S.A. - Em Recuperação Judicial,2019Q2,2019Q3,0.9091,1632,1430,font_heading,font_heading
011312,Oi S.A. - Em Recuperação Judicial,2019Q3,2020Q1,0.9688,1430,1478,font_heading,font_heading
011312,Oi S.A. - Em Recuperação Judicial,2020Q1,2020Q2,0.9931,1478,1499,font_heading,font_heading
011312,Oi S.A. - Em Recuperação Judicial,2020Q2,2020Q3,0.9949,1499,1499,font_heading,font_heading
011312,Oi S.A. - Em Recuperação Judicial,2020Q3,2021Q1,0.9948,1499,1513,font_heading,font_heading
011312,Oi S.A. - Em Recuperação Judicial,2021Q1,2021Q2,0.9709,1513,1654,font_heading,font_heading
011312,Oi S.A. - Em Recuperação Judicial,2021Q2,2021Q3,0.9935,1654,1657,font_heading,font_heading
011312,Oi S.A. - Em Recuperação Judicial,2021Q3,2022Q1,0.9644,1657,1501,font_heading,font_heading
011312,Oi S.A. - Em Recuperação Judicial,2022Q1,2022Q2,0.9939,1501,1469,font_heading,font_heading
011312,Oi S.A. - Em Recuperação Judicial,2022Q2,2022Q3,0.9791,1469,1450,font_heading,font_heading
011312,Oi S.A. - Em Recuperação Judicial,2022Q3,2023Q1,0.9798,1450,1430,font_heading,font_heading
011312,Oi S.A. - Em Recuperação Judicial,2023Q1,2023Q2,0.9696,1430,1507,font_heading,font_heading
011312,Oi S.A. - Em Recuperação Judicial,2023Q2,2023Q3,0.9485,1507,1507,font_heading,font_heading
011312,Oi S.A. - Em Recuperação Judicial,2023Q3,2024Q1,0.946,1507,1518,font_heading,font_heading
011312,Oi S.A. - Em Recuperação Judicial,2024Q1,2024Q2,0.0447,1518,21244,font_heading,regex_only
011312,Oi S.A. - Em Recuperação Judicial,2024Q2,2024Q3,0.6994,21244,14774,regex_only,regex_only
011312,Oi S.A. - Em Recuperação Judicial,2024Q3,2025Q1,0.0527,14774,1613,regex_only,font_heading
011312,Oi S.A. - Em Recuperação Judicial,2025Q1,2025Q2,1.0,1613,1611,font_heading,font_heading
011320,Telemar Norte Leste SA,2011Q1,2011Q2,0.7967,26114,13396,font_heading,font_heading
011320,Telemar Norte Leste SA,2011Q2,2011Q3,0.9285,13396,15942,font_heading,font_heading
011932,Iochpe Maxion SA,2011Q1,2011Q2,0.9841,4351,4488,font_heading,font_heading
011932,Iochpe Maxion SA,2011Q2,2011Q3,0.9047,4488,3194,font_heading,font_heading
011932,Iochpe Maxion SA,2011Q3,2012Q1,0.8639,3194,6014,font_heading,font_heading
011932,Iochpe Maxion SA,2012Q1,2012Q2,0.8731,6014,6697,font_heading,font_heading
011932,Iochpe Maxion SA,2012Q2,2012Q3,0.9839,6697,6869,font_heading,font_heading
011932,Iochpe Maxion SA,2012Q3,2013Q1,0.787,6869,9477,font_heading,font_heading
011932,Iochpe Maxion SA,2013Q1,2013Q2,0.6032,9477,8121,font_heading,font_heading
011932,Iochpe Maxion SA,2013Q2,2013Q3,0.9765,8121,8190,font_heading,font_heading
011932,Iochpe Maxion SA,2013Q3,2014Q2,0.8214,8190,11764,font_heading,font_heading
011932,Iochpe Maxion SA,2014Q2,2014Q3,0.9957,11764,11938,font_heading,font_heading
011932,Iochpe Maxion SA,2014Q3,2015Q1,0.9313,11938,15560,font_heading,font_heading
011932,Iochpe Maxion SA,2015Q1,2015Q2,0.8322,15560,13562,font_heading,font_heading
011932,Iochpe Maxion SA,2015Q2,2015Q3,0.8654,13562,16834,font_heading,font_heading
011932,Iochpe Maxion SA,2015Q3,2016Q1,0.9146,16834,18649,font_heading,font_heading
011932,Iochpe Maxion SA,2016Q1,2016Q2,0.9081,18649,18418,font_heading,font_heading
011932,Iochpe Maxion SA,2016Q2,2016Q3,0.9621,18418,18656,font_heading,font_heading
011932,Iochpe Maxion SA,2016Q3,2017Q1,0.845,18656,17593,font_heading,font_heading
011932,Iochpe Maxion SA,2017Q1,2017Q2,0.09,17593,1268,font_heading,regex_only
011932,Iochpe Maxion SA,2017Q2,2017Q3,0.0921,1268,18036,regex_only,font_heading
011932,Iochpe Maxion SA,2017Q3,2018Q1,0.9125,18036,16693,font_heading,font_heading
011932,Iochpe Maxion SA,2018Q1,2018Q2,0.8051,16693,10020,font_heading,font_heading
011932,Iochpe Maxion SA,2018Q2,2018Q3,0.9848,10020,10046,font_heading,font_heading
011932,Iochpe Maxion SA,2018Q3,2019Q1,0.2408,10046,47,font_heading,font_heading
011932,Iochpe Maxion SA,2019Q1,2019Q2,1.0,47,47,font_heading,font_heading
011932,Iochpe Maxion SA,2019Q2,2019Q3,1.0,47,45,font_heading,font_heading
011932,Iochpe Maxion SA,2019Q3,2020Q1,0.3147,45,5755,font_heading,font_heading
011932,Iochpe Maxion SA,2020Q1,2020Q2,0.7672,5755,10183,font_heading,font_heading
011932,Iochpe Maxion SA,2020Q2,2020Q3,0.9745,10183,10015,font_heading,font_heading
011932,Iochpe Maxion SA,2020Q3,2021Q1,0.8868,10015,10191,font_heading,font_heading
011932,Iochpe Maxion SA,2021Q1,2021Q2,0.8368,10191,12747,font_heading,font_heading
011932,Iochpe Maxion SA,2021Q2,2021Q3,0.9835,12747,13974,font_heading,font_heading
011932,Iochpe Maxion SA,2021Q3,2022Q1,0.7822,13974,10731,font_heading,font_heading
011932,Iochpe Maxion SA,2022Q1,2022Q2,0.9102,10731,14569,font_heading,font_heading
011932,Iochpe Maxion SA,2022Q2,2022Q3,0.9464,14569,17475,font_heading,font_heading
011932,Iochpe Maxion SA,2022Q3,2023Q1,0.8885,17475,15994,font_heading,font_heading
011932,Iochpe Maxion SA,2023Q1,2023Q2,0.9327,15994,15260,font_heading,font_heading
011932,Iochpe Maxion SA,2023Q2,2023Q3,0.9575,15260,16237,font_heading,font_heading
011932,Iochpe Maxion SA,2023Q3,2024Q1,0.7283,16237,6485,font_heading,font_heading
011932,Iochpe Maxion SA,2024Q1,2024Q2,0.9179,6485,8017,font_heading,font_heading
011932,Iochpe Maxion SA,2024Q2,2024Q3,0.9829,8017,8663,font_heading,font_heading
011932,Iochpe Maxion SA,2024Q3,2025Q1,0.9338,8663,7062,font_heading,font_heading
011932,Iochpe Maxion SA,2025Q1,2025Q2,0.9606,7062,7966,font_heading,font_heading
011932,Iochpe Maxion SA,2025Q2,2025Q3,0.9789,7966,8082,font_heading,font_heading
012653,KLABIN S.A.,2011Q1,2011Q2,0.9932,4051,4058,font_heading,font_heading
012653,KLABIN S.A.,2011Q2,2011Q3,0.9927,4058,3993,font_heading,font_heading
012653,KLABIN S.A.,2011Q3,2012Q1,0.9716,3993,3824,font_heading,font_heading
012653,KLABIN S.A.,2012Q1,2012Q2,0.9837,3824,3843,font_heading,font_heading
012653,KLABIN S.A.,2012Q2,2013Q2,0.9835,3843,3996,font_heading,font_heading
012653,KLABIN S.A.,2013Q2,2013Q3,0.5488,3996,4451,font_heading,font_heading
012653,KLABIN S.A.,2013Q3,2014Q1,0.8256,4451,7291,font_heading,font_heading
012653,KLABIN S.A.,2014Q1,2014Q2,0.839,7291,9680,font_heading,font_heading
012653,KLABIN S.A.,2014Q2,2014Q3,0.926,9680,11054,font_heading,font_heading
012653,KLABIN S.A.,2014Q3,2015Q2,0.8618,11054,11160,font_heading,font_heading
012653,KLABIN S.A.,2015Q2,2015Q3,0.9416,11160,11384,font_heading,font_heading
012653,KLABIN S.A.,2015Q3,2016Q1,0.9043,11384,12730,font_heading,font_heading
012653,KLABIN S.A.,2016Q1,2016Q2,0.9552,12730,12985,font_heading,font_heading
012653,KLABIN S.A.,2016Q2,2016Q3,0.9237,12985,14512,font_heading,font_heading
012653,KLABIN S.A.,2016Q3,2017Q1,0.8938,14512,13812,font_heading,font_heading
012653,KLABIN S.A.,2017Q1,2017Q2,0.9461,13812,14100,font_heading,font_heading
012653,KLABIN S.A.,2017Q2,2018Q1,0.1444,14100,3343,font_heading,regex_only
012653,KLABIN S.A.,2018Q1,2018Q2,0.9225,3343,2853,regex_only,regex_only
012653,KLABIN S.A.,2018Q2,2019Q1,0.276,2853,4194,regex_only,regex_only
012653,KLABIN S.A.,2019Q1,2019Q2,0.3348,4194,4627,regex_only,regex_only
012653,KLABIN S.A.,2019Q2,2019Q3,0.5325,4627,5010,regex_only,regex_only
012653,KLABIN S.A.,2019Q3,2020Q1,0.619,5010,3143,regex_only,regex_only
012653,KLABIN S.A.,2020Q1,2020Q2,0.7657,3143,3785,regex_only,regex_only
012653,KLABIN S.A.,2020Q2,2020Q3,0.7435,3785,5237,regex_only,regex_only
012653,KLABIN S.A.,2020Q3,2021Q1,0.0832,5237,296,regex_only,regex_only
012653,KLABIN S.A.,2021Q1,2021Q2,0.1219,296,18500,regex_only,font_heading
012653,KLABIN S.A.,2021Q2,2021Q3,0.9597,18500,17713,font_heading,font_heading
012653,KLABIN S.A.,2021Q3,2022Q1,0.8528,17713,17920,font_heading,font_heading
012653,KLABIN S.A.,2022Q1,2022Q2,0.7408,17920,19616,font_heading,font_heading
012653,KLABIN S.A.,2022Q2,2022Q3,0.6812,19616,9589,font_heading,font_heading
012653,KLABIN S.A.,2022Q3,2023Q1,0.7676,9589,11437,font_heading,font_heading
012653,KLABIN S.A.,2023Q1,2023Q2,0.9286,11437,10951,font_heading,font_heading
012653,KLABIN S.A.,2023Q2,2023Q3,0.9821,10951,10529,font_heading,font_heading
012653,KLABIN S.A.,2023Q3,2024Q1,0.6066,10529,2404,font_heading,font_heading
012653,KLABIN S.A.,2024Q1,2024Q2,0.9897,2404,2440,font_heading,font_heading
012653,KLABIN S.A.,2024Q2,2024Q3,0.621,2440,12189,font_heading,font_heading
012653,KLABIN S.A.,2024Q3,2025Q1,0.9016,12189,11765,font_heading,font_heading
012653,KLABIN S.A.,2025Q1,2025Q2,0.1375,11765,326,font_heading,font_heading
012653,KLABIN S.A.,2025Q2,2025Q3,0.1242,326,14027,font_heading,font_heading
012793,Fibria Celulose S.A. (pre-Suzano-merger entity),2011Q1,2011Q2,0.7775,20769,9019,font_heading,font_heading
012793,Fibria Celulose S.A. (pre-Suzano-merger entity),2011Q2,2011Q3,0.9939,9019,8978,font_heading,font_heading
012793,Fibria Celulose S.A. (pre-Suzano-merger entity),2011Q3,2012Q1,0.6045,8978,4824,font_heading,font_heading
012793,Fibria Celulose S.A. (pre-Suzano-merger entity),2012Q1,2012Q2,0.3559,4824,27992,font_heading,font_heading
012793,Fibria Celulose S.A. (pre-Suzano-merger entity),2012Q2,2012Q3,0.5236,27992,10239,font_heading,font_heading
012793,Fibria Celulose S.A. (pre-Suzano-merger entity),2012Q3,2013Q1,0.8412,10239,11068,font_heading,font_heading
012793,Fibria Celulose S.A. (pre-Suzano-merger entity),2013Q1,2013Q2,0.9481,11068,13072,font_heading,font_heading
012793,Fibria Celulose S.A. (pre-Suzano-merger entity),2013Q2,2013Q3,0.942,13072,12981,font_heading,font_heading
012793,Fibria Celulose S.A. (pre-Suzano-merger entity),2013Q3,2014Q1,0.1435,12981,3897,font_heading,regex_only
012793,Fibria Celulose S.A. (pre-Suzano-merger entity),2014Q1,2014Q2,0.148,3897,16402,regex_only,font_heading
012793,Fibria Celulose S.A. (pre-Suzano-merger entity),2014Q2,2014Q3,0.9832,16402,17400,font_heading,font_heading
012793,Fibria Celulose S.A. (pre-Suzano-merger entity),2014Q3,2015Q1,0.1553,17400,4450,font_heading,regex_only
012793,Fibria Celulose S.A. (pre-Suzano-merger entity),2015Q1,2015Q2,0.0975,4450,8272,regex_only,font_heading
012793,Fibria Celulose S.A. (pre-Suzano-merger entity),2015Q2,2015Q3,0.0934,8272,4559,font_heading,regex_only
012793,Fibria Celulose S.A. (pre-Suzano-merger entity),2015Q3,2016Q1,0.9708,4559,4216,regex_only,regex_only
012793,Fibria Celulose S.A. (pre-Suzano-merger entity),2016Q1,2016Q2,0.1067,4216,9870,regex_only,font_heading
012793,Fibria Celulose S.A. (pre-Suzano-merger entity),2016Q2,2016Q3,0.1074,9870,3855,font_heading,regex_only
012793,Fibria Celulose S.A. (pre-Suzano-merger entity),2016Q3,2017Q1,0.9851,3855,4264,regex_only,regex_only
012793,Fibria Celulose S.A. (pre-Suzano-merger entity),2017Q1,2017Q2,0.9838,4264,4266,regex_only,regex_only
012793,Fibria Celulose S.A. (pre-Suzano-merger entity),2017Q2,2017Q3,0.9897,4266,4237,regex_only,regex_only
012793,Fibria Celulose S.A. (pre-Suzano-merger entity),2017Q3,2018Q1,0.9986,4237,4233,regex_only,regex_only
012793,Fibria Celulose S.A. (pre-Suzano-merger entity),2018Q1,2018Q2,0.9759,4233,3630,regex_only,regex_only
012793,Fibria Celulose S.A. (pre-Suzano-merger entity),2018Q2,2018Q3,1.0,3630,3631,regex_only,regex_only
013471,Plascar Participacoes Industriais SA,2011Q1,2011Q2,0.9497,3012,2815,font_heading,font_heading
013471,Plascar Participacoes Industriais SA,2011Q2,2011Q3,0.9415,2815,2951,font_heading,font_heading
013471,Plascar Participacoes Industriais SA,2011Q3,2012Q1,0.7233,2951,3171,font_heading,font_heading
013471,Plascar Participacoes Industriais SA,2012Q1,2012Q2,0.9342,3171,3040,font_heading,font_heading
013471,Plascar Participacoes Industriais SA,2012Q2,2012Q3,0.9852,3040,2991,font_heading,font_heading
013471,Plascar Participacoes Industriais SA,2012Q3,2013Q1,0.9962,2991,2995,font_heading,font_heading
013471,Plascar Participacoes Industriais SA,2013Q1,2013Q2,0.9886,2995,3084,font_heading,font_heading
013471,Plascar Participacoes Industriais SA,2013Q2,2013Q3,0.9992,3084,3087,font_heading,font_heading
013471,Plascar Participacoes Industriais SA,2013Q3,2014Q1,0.7103,3087,1458,font_heading,font_heading
013471,Plascar Participacoes Industriais SA,2014Q1,2014Q2,0.9005,1458,1324,font_heading,font_heading
013471,Plascar Participacoes Industriais SA,2014Q2,2014Q3,0.9969,1324,1327,font_heading,font_heading
013471,Plascar Participacoes Industriais SA,2014Q3,2015Q1,0.9493,1327,1227,font_heading,font_heading
013471,Plascar Participacoes Industriais SA,2015Q1,2015Q2,0.9968,1227,1226,font_heading,font_heading
013471,Plascar Participacoes Industriais SA,2015Q2,2015Q3,0.9849,1226,1214,font_heading,font_heading
013471,Plascar Participacoes Industriais SA,2015Q3,2016Q1,0.6541,1214,1310,font_heading,font_heading
013471,Plascar Participacoes Industriais SA,2016Q1,2016Q2,0.9972,1310,1304,font_heading,font_heading
013471,Plascar Participacoes Industriais SA,2016Q2,2016Q3,0.9977,1304,1307,font_heading,font_heading
013471,Plascar Participacoes Industriais SA,2016Q3,2017Q1,0.9243,1307,1563,font_heading,font_heading
013471,Plascar Participacoes Industriais SA,2017Q1,2017Q2,0.9279,1563,1739,font_heading,font_heading
013471,Plascar Participacoes Industriais SA,2017Q2,2017Q3,0.9929,1739,1770,font_heading,font_heading
013471,Plascar Participacoes Industriais SA,2017Q3,2018Q1,0.6979,1770,2604,font_heading,font_heading
013471,Plascar Participacoes Industriais SA,2018Q1,2018Q2,0.4813,2604,2025,font_heading,font_heading
013471,Plascar Participacoes Industriais SA,2018Q2,2018Q3,0.8731,2025,2577,font_heading,font_heading
013471,Plascar Participacoes Industriais SA,2018Q3,2019Q1,0.4062,2577,1579,font_heading,font_heading
013471,Plascar Participacoes Industriais SA,2019Q1,2019Q2,0.9288,1579,1680,font_heading,font_heading
013471,Plascar Participacoes Industriais SA,2019Q2,2020Q1,0.9377,1680,1710,font_heading,font_heading
013471,Plascar Participacoes Industriais SA,2020Q1,2020Q2,1.0,1710,1699,font_heading,font_heading
013471,Plascar Participacoes Industriais SA,2020Q2,2020Q3,0.9856,1699,1719,font_heading,font_heading
013471,Plascar Participacoes Industriais SA,2020Q3,2021Q1,0.9653,1719,1769,font_heading,font_heading
013471,Plascar Participacoes Industriais SA,2021Q1,2021Q2,0.9855,1769,1776,font_heading,font_heading
013471,Plascar Participacoes Industriais SA,2021Q2,2021Q3,0.9731,1776,1776,font_heading,font_heading
013471,Plascar Participacoes Industriais SA,2021Q3,2022Q1,0.723,1776,1597,font_heading,font_heading
013471,Plascar Participacoes Industriais SA,2022Q1,2022Q2,0.894,1597,1710,font_heading,font_heading
013471,Plascar Participacoes Industriais SA,2022Q2,2023Q1,0.734,1710,1856,font_heading,font_heading
013471,Plascar Participacoes Industriais SA,2023Q1,2023Q2,0.9605,1856,1895,font_heading,font_heading
013471,Plascar Participacoes Industriais SA,2023Q2,2023Q3,0.963,1895,1896,font_heading,font_heading
013471,Plascar Participacoes Industriais SA,2023Q3,2024Q1,0.9466,1896,1675,font_heading,font_heading
013471,Plascar Participacoes Industriais SA,2024Q1,2024Q2,0.7541,1675,2448,font_heading,font_heading
013471,Plascar Participacoes Industriais SA,2024Q2,2024Q3,0.6662,2448,1408,font_heading,font_heading
013471,Plascar Participacoes Industriais SA,2024Q3,2025Q1,0.984,1408,1379,font_heading,font_heading
013471,Plascar Participacoes Industriais SA,2025Q1,2025Q2,0.2901,1379,12213,font_heading,regex_only
013471,Plascar Participacoes Industriais SA,2025Q2,2025Q3,0.3532,12213,1768,regex_only,font_heading
013986,SUZANO S.A.,2011Q1,2011Q2,0.9046,7391,10375,font_heading,font_heading
013986,SUZANO S.A.,2011Q2,2011Q3,0.9101,10375,11395,font_heading,font_heading
013986,SUZANO S.A.,2011Q3,2012Q2,0.1854,11395,868,font_heading,font_heading
013986,SUZANO S.A.,2012Q2,2012Q3,0.2612,868,21353,font_heading,font_heading
013986,SUZANO S.A.,2012Q3,2013Q1,0.1227,21353,1986,font_heading,regex_only
013986,SUZANO S.A.,2013Q1,2013Q2,0.123,1986,13178,regex_only,font_heading
013986,SUZANO S.A.,2013Q2,2013Q3,0.108,13178,5952,font_heading,regex_only
013986,SUZANO S.A.,2013Q3,2014Q1,0.0936,5952,12695,regex_only,font_heading
013986,SUZANO S.A.,2014Q1,2014Q2,0.973,12695,12514,font_heading,font_heading
013986,SUZANO S.A.,2014Q2,2014Q3,0.0781,12514,1800,font_heading,regex_only
013986,SUZANO S.A.,2014Q3,2015Q1,0.0634,1800,7598,regex_only,font_heading
013986,SUZANO S.A.,2015Q1,2015Q2,0.9328,7598,8997,font_heading,font_heading
013986,SUZANO S.A.,2015Q2,2015Q3,0.9743,8997,9424,font_heading,font_heading
013986,SUZANO S.A.,2015Q3,2016Q1,0.9589,9424,9806,font_heading,font_heading
013986,SUZANO S.A.,2016Q1,2016Q2,0.0953,9806,5489,font_heading,regex_only
013986,SUZANO S.A.,2016Q2,2016Q3,0.695,5489,7198,regex_only,regex_only
013986,SUZANO S.A.,2016Q3,2017Q1,0.934,7198,7663,regex_only,regex_only
013986,SUZANO S.A.,2017Q1,2017Q2,0.7089,7663,6350,regex_only,regex_only
013986,SUZANO S.A.,2017Q2,2018Q1,0.9427,6350,5835,regex_only,regex_only
013986,SUZANO S.A.,2018Q1,2018Q2,0.0311,5835,771,regex_only,font_heading
013986,SUZANO S.A.,2018Q2,2018Q3,0.0281,771,4955,font_heading,regex_only
013986,SUZANO S.A.,2018Q3,2019Q1,0.6973,4955,4031,regex_only,regex_only
013986,SUZANO S.A.,2019Q1,2019Q2,0.637,4031,5301,regex_only,regex_only
013986,SUZANO S.A.,2019Q2,2019Q3,0.9434,5301,5348,regex_only,regex_only
013986,SUZANO S.A.,2019Q3,2020Q1,0.1165,5348,10003,regex_only,font_heading
013986,SUZANO S.A.,2020Q1,2020Q2,0.9474,10003,11422,font_heading,font_heading
013986,SUZANO S.A.,2020Q2,2020Q3,0.0811,11422,7949,font_heading,regex_only
013986,SUZANO S.A.,2020Q3,2021Q1,0.8659,7949,8473,regex_only,regex_only
013986,SUZANO S.A.,2021Q1,2021Q2,0.9809,8473,8195,regex_only,regex_only
013986,SUZANO S.A.,2021Q2,2021Q3,0.9663,8195,8924,regex_only,regex_only
013986,SUZANO S.A.,2021Q3,2022Q1,0.7898,8924,9546,regex_only,regex_only
013986,SUZANO S.A.,2022Q1,2022Q2,0.8772,9546,8367,regex_only,regex_only
013986,SUZANO S.A.,2022Q2,2022Q3,0.9276,8367,8386,regex_only,regex_only
013986,SUZANO S.A.,2022Q3,2023Q1,0.8979,8386,7178,regex_only,regex_only
013986,SUZANO S.A.,2023Q1,2023Q2,0.9723,7178,7428,regex_only,regex_only
013986,SUZANO S.A.,2023Q2,2023Q3,0.9564,7428,8198,regex_only,regex_only
013986,SUZANO S.A.,2023Q3,2024Q1,0.1272,8198,2795,regex_only,font_heading
013986,SUZANO S.A.,2024Q1,2024Q2,0.9711,2795,2844,font_heading,font_heading
013986,SUZANO S.A.,2024Q2,2024Q3,0.9916,2844,2868,font_heading,font_heading
013986,SUZANO S.A.,2024Q3,2025Q1,0.3967,2868,9305,font_heading,font_heading
013986,SUZANO S.A.,2025Q1,2025Q2,0.9136,9305,11070,font_heading,font_heading
013986,SUZANO S.A.,2025Q2,2025Q3,0.9309,11070,13275,font_heading,font_heading
014109,Randoncorp SA,2011Q1,2011Q2,0.9987,3955,4001,font_heading,font_heading
014109,Randoncorp SA,2011Q2,2011Q3,0.9924,4001,4040,font_heading,font_heading
014109,Randoncorp SA,2011Q3,2012Q1,0.8749,4040,4782,font_heading,font_heading
014109,Randoncorp SA,2012Q1,2012Q2,0.9607,4782,5364,font_heading,font_heading
014109,Randoncorp SA,2012Q2,2012Q3,0.9548,5364,5311,font_heading,font_heading
014109,Randoncorp SA,2012Q3,2013Q1,0.7862,5311,4946,font_heading,font_heading
014109,Randoncorp SA,2013Q1,2013Q2,0.9875,4946,5013,font_heading,font_heading
014109,Randoncorp SA,2013Q2,2013Q3,0.9915,5013,5134,font_heading,font_heading
014109,Randoncorp SA,2013Q3,2014Q1,0.8294,5134,6821,font_heading,font_heading
014109,Randoncorp SA,2014Q1,2014Q2,0.985,6821,6955,font_heading,font_heading
014109,Randoncorp SA,2014Q2,2014Q3,0.4436,6955,54571,font_heading,font_heading
014109,Randoncorp SA,2014Q3,2015Q1,0.4009,54571,6244,font_heading,font_heading
014109,Randoncorp SA,2015Q1,2015Q2,0.9205,6244,7437,font_heading,font_heading
014109,Randoncorp SA,2015Q2,2015Q3,0.888,7437,6624,font_heading,font_heading
014109,Randoncorp SA,2015Q3,2016Q1,0.8467,6624,6759,font_heading,font_heading
014109,Randoncorp SA,2016Q1,2016Q2,0.9969,6759,7134,font_heading,font_heading
014109,Randoncorp SA,2016Q2,2016Q3,0.1972,7134,9577,font_heading,regex_only
014109,Randoncorp SA,2016Q3,2017Q1,0.2568,9577,7054,regex_only,font_heading
014109,Randoncorp SA,2017Q1,2017Q2,0.8969,7054,8779,font_heading,font_heading
014109,Randoncorp SA,2017Q2,2017Q3,0.9944,8779,8823,font_heading,font_heading
014109,Randoncorp SA,2017Q3,2018Q2,0.1188,8823,474,font_heading,font_heading
014109,Randoncorp SA,2018Q2,2018Q3,0.1124,474,9004,font_heading,font_heading
014109,Randoncorp SA,2018Q3,2019Q1,0.1624,9004,685,font_heading,font_heading
014109,Randoncorp SA,2019Q1,2019Q2,0.4664,685,9344,font_heading,regex_only
014109,Randoncorp SA,2019Q2,2019Q3,0.1185,9344,8422,regex_only,font_heading
014109,Randoncorp SA,2019Q3,2020Q1,0.3554,8422,1289,font_heading,font_heading
014109,Randoncorp SA,2020Q1,2020Q2,0.9448,1289,1639,font_heading,font_heading
014109,Randoncorp SA,2020Q2,2020Q3,0.0677,1639,12030,font_heading,regex_only
014109,Randoncorp SA,2020Q3,2021Q1,0.864,12030,10826,regex_only,regex_only
014109,Randoncorp SA,2021Q1,2021Q2,0.9268,10826,10797,regex_only,regex_only
014109,Randoncorp SA,2021Q2,2021Q3,0.9585,10797,9214,regex_only,regex_only
014109,Randoncorp SA,2021Q3,2022Q1,0.5794,9214,8250,regex_only,regex_only
014109,Randoncorp SA,2022Q1,2022Q2,0.9939,8250,8260,regex_only,regex_only
014109,Randoncorp SA,2022Q2,2022Q3,0.0536,8260,727,regex_only,font_heading
014109,Randoncorp SA,2022Q3,2023Q1,0.0811,727,5523,font_heading,font_heading
014109,Randoncorp SA,2023Q1,2023Q2,0.8305,5523,5425,font_heading,font_heading
014109,Randoncorp SA,2023Q2,2023Q3,0.9844,5425,5424,font_heading,font_heading
014109,Randoncorp SA,2023Q3,2024Q1,0.7952,5424,5974,font_heading,font_heading
014109,Randoncorp SA,2024Q1,2024Q2,0.9591,5974,6024,font_heading,font_heading
014109,Randoncorp SA,2024Q2,2024Q3,0.9665,6024,6794,font_heading,font_heading
014109,Randoncorp SA,2024Q3,2025Q1,0.8545,6794,7176,font_heading,font_heading
014109,Randoncorp SA,2025Q1,2025Q2,0.918,7176,8154,font_heading,font_heading
014109,Randoncorp SA,2025Q2,2025Q3,0.9561,8154,7388,font_heading,font_heading
014176,Eletropaulo Metropolitana Eletricidade de São Paulo S.A.,2011Q1,2011Q2,0.9643,12303,13328,font_heading,font_heading
014176,Eletropaulo Metropolitana Eletricidade de São Paulo S.A.,2011Q2,2011Q3,0.9954,13328,13321,font_heading,font_heading
014176,Eletropaulo Metropolitana Eletricidade de São Paulo S.A.,2011Q3,2012Q1,0.9492,13321,16074,font_heading,font_heading
014176,Eletropaulo Metropolitana Eletricidade de São Paulo S.A.,2012Q1,2012Q2,0.9905,16074,16162,font_heading,font_heading
014176,Eletropaulo Metropolitana Eletricidade de São Paulo S.A.,2012Q2,2012Q3,0.9085,16162,17242,font_heading,font_heading
014176,Eletropaulo Metropolitana Eletricidade de São Paulo S.A.,2012Q3,2013Q1,0.2571,17242,111627,font_heading,font_heading
014176,Eletropaulo Metropolitana Eletricidade de São Paulo S.A.,2013Q1,2013Q2,0.9647,111627,101313,font_heading,font_heading
014176,Eletropaulo Metropolitana Eletricidade de São Paulo S.A.,2013Q2,2013Q3,0.9851,101313,104384,font_heading,font_heading
014176,Eletropaulo Metropolitana Eletricidade de São Paulo S.A.,2013Q3,2014Q1,0.2167,104384,2599,font_heading,font_heading
014176,Eletropaulo Metropolitana Eletricidade de São Paulo S.A.,2014Q1,2014Q2,0.6414,2599,2292,font_heading,font_heading
014176,Eletropaulo Metropolitana Eletricidade de São Paulo S.A.,2014Q2,2014Q3,0.9153,2292,1679,font_heading,font_heading
014176,Eletropaulo Metropolitana Eletricidade de São Paulo S.A.,2014Q3,2015Q1,0.9635,1679,1968,font_heading,font_heading
014176,Eletropaulo Metropolitana Eletricidade de São Paulo S.A.,2015Q1,2015Q2,0.8372,1968,1702,font_heading,font_heading
014176,Eletropaulo Metropolitana Eletricidade de São Paulo S.A.,2015Q2,2015Q3,0.963,1702,1969,font_heading,font_heading
014176,Eletropaulo Metropolitana Eletricidade de São Paulo S.A.,2015Q3,2016Q1,0.7738,1969,1562,font_heading,font_heading
014176,Eletropaulo Metropolitana Eletricidade de São Paulo S.A.,2016Q1,2016Q2,0.1765,1562,59814,font_heading,font_heading
014176,Eletropaulo Metropolitana Eletricidade de São Paulo S.A.,2016Q2,2016Q3,0.9858,59814,64948,font_heading,font_heading
014176,Eletropaulo Metropolitana Eletricidade de São Paulo S.A.,2016Q3,2017Q1,0.1972,64948,3356,font_heading,font_heading
014176,Eletropaulo Metropolitana Eletricidade de São Paulo S.A.,2017Q1,2017Q2,0.5297,3356,1686,font_heading,font_heading
014176,Eletropaulo Metropolitana Eletricidade de São Paulo S.A.,2017Q2,2017Q3,0.9664,1686,1482,font_heading,font_heading
014176,Eletropaulo Metropolitana Eletricidade de São Paulo S.A.,2017Q3,2018Q1,0.0326,1482,24936,font_heading,font_heading
014176,Eletropaulo Metropolitana Eletricidade de São Paulo S.A.,2018Q1,2018Q2,0.9953,24936,26332,font_heading,font_heading
014176,Eletropaulo Metropolitana Eletricidade de São Paulo S.A.,2018Q2,2018Q3,0.3827,26332,181122,font_heading,font_heading
014176,Eletropaulo Metropolitana Eletricidade de São Paulo S.A.,2018Q3,2019Q1,0.3879,181122,13084,font_heading,font_heading
014176,Eletropaulo Metropolitana Eletricidade de São Paulo S.A.,2019Q1,2019Q2,0.2095,13084,1352,font_heading,font_heading
014176,Eletropaulo Metropolitana Eletricidade de São Paulo S.A.,2019Q2,2019Q3,0.2794,1352,15013,font_heading,font_heading
014176,Eletropaulo Metropolitana Eletricidade de São Paulo S.A.,2019Q3,2020Q1,0.0664,15013,1913,font_heading,regex_only
014176,Eletropaulo Metropolitana Eletricidade de São Paulo S.A.,2020Q1,2020Q2,0.077,1913,12538,regex_only,font_heading
014176,Eletropaulo Metropolitana Eletricidade de São Paulo S.A.,2020Q2,2020Q3,0.9756,12538,12804,font_heading,font_heading
014176,Eletropaulo Metropolitana Eletricidade de São Paulo S.A.,2020Q3,2021Q1,0.8831,12804,12443,font_heading,font_heading
014176,Eletropaulo Metropolitana Eletricidade de São Paulo S.A.,2021Q1,2021Q2,0.871,12443,17507,font_heading,font_heading
014176,Eletropaulo Metropolitana Eletricidade de São Paulo S.A.,2021Q2,2021Q3,0.8216,17507,11545,font_heading,font_heading
014176,Eletropaulo Metropolitana Eletricidade de São Paulo S.A.,2021Q3,2022Q1,0.5133,11545,5129,font_heading,font_heading
014176,Eletropaulo Metropolitana Eletricidade de São Paulo S.A.,2022Q1,2022Q2,0.352,5129,317,font_heading,font_heading
014176,Eletropaulo Metropolitana Eletricidade de São Paulo S.A.,2022Q2,2022Q3,0.5717,317,125,font_heading,font_heading
014176,Eletropaulo Metropolitana Eletricidade de São Paulo S.A.,2022Q3,2023Q1,0.1268,125,16803,font_heading,font_heading
014176,Eletropaulo Metropolitana Eletricidade de São Paulo S.A.,2023Q1,2023Q2,0.8023,16803,8405,font_heading,font_heading
014176,Eletropaulo Metropolitana Eletricidade de São Paulo S.A.,2023Q2,2023Q3,0.0988,8405,11386,font_heading,regex_only
014176,Eletropaulo Metropolitana Eletricidade de São Paulo S.A.,2023Q3,2024Q1,0.1233,11386,22135,regex_only,font_heading
014176,Eletropaulo Metropolitana Eletricidade de São Paulo S.A.,2024Q1,2024Q2,0.9791,22135,22733,font_heading,font_heading
014176,Eletropaulo Metropolitana Eletricidade de São Paulo S.A.,2024Q2,2024Q3,0.3167,22733,152713,font_heading,font_heading
014176,Eletropaulo Metropolitana Eletricidade de São Paulo S.A.,2024Q3,2025Q1,0.9497,152713,129520,font_heading,font_heading
014176,Eletropaulo Metropolitana Eletricidade de São Paulo S.A.,2025Q1,2025Q2,0.9774,129520,142838,font_heading,font_heading
014176,Eletropaulo Metropolitana Eletricidade de São Paulo S.A.,2025Q2,2025Q3,0.11,142838,272,font_heading,font_heading
014311,CIA PARANAENSE DE ENERGIA - COPEL,2011Q1,2011Q2,0.9903,22859,24308,font_heading,font_heading
014311,CIA PARANAENSE DE ENERGIA - COPEL,2011Q2,2011Q3,0.9853,24308,24298,font_heading,font_heading
014311,CIA PARANAENSE DE ENERGIA - COPEL,2011Q3,2012Q1,0.9641,24298,24172,font_heading,font_heading
014311,CIA PARANAENSE DE ENERGIA - COPEL,2012Q1,2012Q2,0.9957,24172,25233,font_heading,font_heading
014311,CIA PARANAENSE DE ENERGIA - COPEL,2012Q2,2012Q3,0.642,25233,11949,font_heading,font_heading
014311,CIA PARANAENSE DE ENERGIA - COPEL,2012Q3,2013Q1,0.9267,11949,14199,font_heading,font_heading
014311,CIA PARANAENSE DE ENERGIA - COPEL,2013Q1,2013Q2,0.9863,14199,14128,font_heading,font_heading
014311,CIA PARANAENSE DE ENERGIA - COPEL,2013Q2,2013Q3,0.9739,14128,14858,font_heading,font_heading
014311,CIA PARANAENSE DE ENERGIA - COPEL,2013Q3,2014Q1,0.9207,14858,16797,font_heading,font_heading
014311,CIA PARANAENSE DE ENERGIA - COPEL,2014Q1,2014Q2,0.9371,16797,16079,font_heading,font_heading
014311,CIA PARANAENSE DE ENERGIA - COPEL,2014Q2,2014Q3,0.9971,16079,16190,font_heading,font_heading
014311,CIA PARANAENSE DE ENERGIA - COPEL,2014Q3,2015Q1,0.9253,16190,17296,font_heading,font_heading
014311,CIA PARANAENSE DE ENERGIA - COPEL,2015Q1,2015Q2,0.9717,17296,17197,font_heading,font_heading
014311,CIA PARANAENSE DE ENERGIA - COPEL,2015Q2,2015Q3,0.7286,17197,14449,font_heading,font_heading
014311,CIA PARANAENSE DE ENERGIA - COPEL,2015Q3,2016Q1,0.9774,14449,16197,font_heading,font_heading
014311,CIA PARANAENSE DE ENERGIA - COPEL,2016Q1,2016Q2,0.9983,16197,16419,font_heading,font_heading
014311,CIA PARANAENSE DE ENERGIA - COPEL,2016Q2,2016Q3,0.9942,16419,16925,font_heading,font_heading
014311,CIA PARANAENSE DE ENERGIA - COPEL,2016Q3,2017Q1,0.9735,16925,19032,font_heading,font_heading
014311,CIA PARANAENSE DE ENERGIA - COPEL,2017Q1,2017Q2,0.9687,19032,18852,font_heading,font_heading
014311,CIA PARANAENSE DE ENERGIA - COPEL,2017Q2,2017Q3,0.9963,18852,19476,font_heading,font_heading
014311,CIA PARANAENSE DE ENERGIA - COPEL,2017Q3,2018Q1,0.9939,19476,18522,font_heading,font_heading
014311,CIA PARANAENSE DE ENERGIA - COPEL,2018Q1,2018Q2,0.9972,18522,18870,font_heading,font_heading
014311,CIA PARANAENSE DE ENERGIA - COPEL,2018Q2,2018Q3,0.9885,18870,19917,font_heading,font_heading
014311,CIA PARANAENSE DE ENERGIA - COPEL,2018Q3,2019Q1,0.9841,19917,21511,font_heading,font_heading
014311,CIA PARANAENSE DE ENERGIA - COPEL,2019Q1,2019Q2,0.959,21511,19486,font_heading,font_heading
014311,CIA PARANAENSE DE ENERGIA - COPEL,2019Q2,2019Q3,0.9421,19486,20306,font_heading,font_heading
014311,CIA PARANAENSE DE ENERGIA - COPEL,2019Q3,2020Q1,0.97,20306,19893,font_heading,font_heading
014311,CIA PARANAENSE DE ENERGIA - COPEL,2020Q1,2020Q2,0.9959,19893,19456,font_heading,font_heading
014311,CIA PARANAENSE DE ENERGIA - COPEL,2020Q2,2020Q3,0.9919,19456,20208,font_heading,font_heading
014311,CIA PARANAENSE DE ENERGIA - COPEL,2020Q3,2021Q1,0.9869,20208,18958,font_heading,font_heading
014311,CIA PARANAENSE DE ENERGIA - COPEL,2021Q1,2021Q2,0.9998,18958,19024,font_heading,font_heading
014311,CIA PARANAENSE DE ENERGIA - COPEL,2021Q2,2022Q1,0.9531,19024,19377,font_heading,font_heading
014311,CIA PARANAENSE DE ENERGIA - COPEL,2022Q1,2022Q2,0.9941,19377,19883,font_heading,font_heading
014311,CIA PARANAENSE DE ENERGIA - COPEL,2022Q2,2022Q3,0.9945,19883,20590,font_heading,font_heading
014311,CIA PARANAENSE DE ENERGIA - COPEL,2022Q3,2023Q1,0.9639,20590,21800,font_heading,font_heading
014311,CIA PARANAENSE DE ENERGIA - COPEL,2023Q1,2023Q2,0.9713,21800,24083,font_heading,font_heading
014311,CIA PARANAENSE DE ENERGIA - COPEL,2023Q2,2023Q3,0.9929,24083,24628,font_heading,font_heading
014311,CIA PARANAENSE DE ENERGIA - COPEL,2023Q3,2024Q1,0.9776,24628,21187,font_heading,font_heading
014311,CIA PARANAENSE DE ENERGIA - COPEL,2024Q1,2024Q2,0.9481,21187,19037,font_heading,font_heading
014311,CIA PARANAENSE DE ENERGIA - COPEL,2024Q2,2024Q3,0.4585,19037,5747,font_heading,font_heading
014311,CIA PARANAENSE DE ENERGIA - COPEL,2024Q3,2025Q2,0.7195,5747,6471,font_heading,font_heading
014311,CIA PARANAENSE DE ENERGIA - COPEL,2025Q2,2025Q3,0.9788,6471,8334,font_heading,font_heading
014320,USINAS SID DE MINAS GERAIS S.A.-USIMINAS,2011Q1,2011Q2,0.94,5898,7832,font_heading,font_heading
014320,USINAS SID DE MINAS GERAIS S.A.-USIMINAS,2011Q2,2011Q3,0.974,7832,8344,font_heading,font_heading
014320,USINAS SID DE MINAS GERAIS S.A.-USIMINAS,2011Q3,2012Q1,0.091,8344,1408,font_heading,font_heading
014320,USINAS SID DE MINAS GERAIS S.A.-USIMINAS,2012Q1,2012Q2,0.5949,1408,3015,font_heading,font_heading
014320,USINAS SID DE MINAS GERAIS S.A.-USIMINAS,2012Q2,2012Q3,0.8516,3015,3274,font_heading,font_heading
014320,USINAS SID DE MINAS GERAIS S.A.-USIMINAS,2012Q3,2013Q1,0.6238,3274,3468,font_heading,font_heading
014320,USINAS SID DE MINAS GERAIS S.A.-USIMINAS,2013Q1,2013Q2,0.8288,3468,3833,font_heading,font_heading
014320,USINAS SID DE MINAS GERAIS S.A.-USIMINAS,2013Q2,2013Q3,0.8687,3833,3961,font_heading,font_heading
014320,USINAS SID DE MINAS GERAIS S.A.-USIMINAS,2013Q3,2014Q1,0.594,3961,2153,font_heading,font_heading
014320,USINAS SID DE MINAS GERAIS S.A.-USIMINAS,2014Q1,2014Q2,0.6389,2153,2922,font_heading,font_heading
014320,USINAS SID DE MINAS GERAIS S.A.-USIMINAS,2014Q2,2014Q3,0.902,2922,2938,font_heading,font_heading
014320,USINAS SID DE MINAS GERAIS S.A.-USIMINAS,2014Q3,2015Q1,0.0686,2938,1328,font_heading,regex_only
014320,USINAS SID DE MINAS GERAIS S.A.-USIMINAS,2015Q1,2015Q2,0.0431,1328,3540,regex_only,font_heading
014320,USINAS SID DE MINAS GERAIS S.A.-USIMINAS,2015Q2,2015Q3,0.0433,3540,1208,font_heading,regex_only
014320,USINAS SID DE MINAS GERAIS S.A.-USIMINAS,2015Q3,2016Q1,1.0,1208,1194,regex_only,regex_only
014320,USINAS SID DE MINAS GERAIS S.A.-USIMINAS,2016Q1,2016Q2,0.0611,1194,2518,regex_only,font_heading
014320,USINAS SID DE MINAS GERAIS S.A.-USIMINAS,2016Q2,2016Q3,0.2607,2518,9218,font_heading,font_heading
014320,USINAS SID DE MINAS GERAIS S.A.-USIMINAS,2016Q3,2017Q1,0.3873,9218,3134,font_heading,font_heading
014320,USINAS SID DE MINAS GERAIS S.A.-USIMINAS,2017Q1,2017Q2,0.0449,3134,6177,font_heading,regex_only
014320,USINAS SID DE MINAS GERAIS S.A.-USIMINAS,2017Q2,2017Q3,0.0484,6177,7162,regex_only,font_heading
014320,USINAS SID DE MINAS GERAIS S.A.-USIMINAS,2017Q3,2018Q1,0.3889,7162,2984,font_heading,font_heading
014320,USINAS SID DE MINAS GERAIS S.A.-USIMINAS,2018Q1,2018Q2,0.7434,2984,3495,font_heading,font_heading
014320,USINAS SID DE MINAS GERAIS S.A.-USIMINAS,2018Q2,2018Q3,0.7418,3495,2795,font_heading,font_heading
014320,USINAS SID DE MINAS GERAIS S.A.-USIMINAS,2018Q3,2019Q1,0.8896,2795,2766,font_heading,font_heading
014320,USINAS SID DE MINAS GERAIS S.A.-USIMINAS,2019Q1,2019Q2,0.6279,2766,3887,font_heading,font_heading
014320,USINAS SID DE MINAS GERAIS S.A.-USIMINAS,2019Q2,2019Q3,0.5248,3887,8749,font_heading,font_heading
014320,USINAS SID DE MINAS GERAIS S.A.-USIMINAS,2019Q3,2020Q1,0.5467,8749,2411,font_heading,font_heading
014320,USINAS SID DE MINAS GERAIS S.A.-USIMINAS,2020Q1,2020Q2,0.9233,2411,2477,font_heading,font_heading
014320,USINAS SID DE MINAS GERAIS S.A.-USIMINAS,2020Q2,2020Q3,0.932,2477,2495,font_heading,font_heading
014320,USINAS SID DE MINAS GERAIS S.A.-USIMINAS,2020Q3,2021Q1,0.9339,2495,2395,font_heading,font_heading
014320,USINAS SID DE MINAS GERAIS S.A.-USIMINAS,2021Q1,2021Q2,0.9382,2395,2412,font_heading,font_heading
014320,USINAS SID DE MINAS GERAIS S.A.-USIMINAS,2021Q2,2021Q3,0.932,2412,2424,font_heading,font_heading
014320,USINAS SID DE MINAS GERAIS S.A.-USIMINAS,2021Q3,2022Q1,0.0673,2424,3256,font_heading,regex_only
014320,USINAS SID DE MINAS GERAIS S.A.-USIMINAS,2022Q1,2022Q2,0.0492,3256,1354,regex_only,regex_only
014320,USINAS SID DE MINAS GERAIS S.A.-USIMINAS,2022Q2,2022Q3,1.0,1354,1330,regex_only,regex_only
014320,USINAS SID DE MINAS GERAIS S.A.-USIMINAS,2022Q3,2023Q1,0.9885,1330,1607,regex_only,regex_only
014320,USINAS SID DE MINAS GERAIS S.A.-USIMINAS,2023Q1,2023Q2,0.9811,1607,1215,regex_only,regex_only
014320,USINAS SID DE MINAS GERAIS S.A.-USIMINAS,2023Q2,2023Q3,0.9793,1215,1405,regex_only,regex_only
014320,USINAS SID DE MINAS GERAIS S.A.-USIMINAS,2023Q3,2024Q1,0.061,1405,4008,regex_only,regex_only
014320,USINAS SID DE MINAS GERAIS S.A.-USIMINAS,2024Q1,2024Q2,0.0925,4008,6720,regex_only,regex_only
014320,USINAS SID DE MINAS GERAIS S.A.-USIMINAS,2024Q2,2024Q3,0.4199,6720,1344,regex_only,regex_only
014320,USINAS SID DE MINAS GERAIS S.A.-USIMINAS,2024Q3,2025Q1,0.9543,1344,1601,regex_only,regex_only
014320,USINAS SID DE MINAS GERAIS S.A.-USIMINAS,2025Q1,2025Q2,0.9951,1601,1452,regex_only,regex_only
014320,USINAS SID DE MINAS GERAIS S.A.-USIMINAS,2025Q2,2025Q3,1.0,1452,1470,regex_only,regex_only
014443,CIA SANEAMENTO BASICO EST SAO PAULO,2011Q1,2011Q2,0.9641,9040,9137,font_heading,font_heading
014443,CIA SANEAMENTO BASICO EST SAO PAULO,2011Q2,2011Q3,0.0666,9137,1586,font_heading,regex_only
014443,CIA SANEAMENTO BASICO EST SAO PAULO,2011Q3,2012Q1,0.0704,1586,11863,regex_only,font_heading
014443,CIA SANEAMENTO BASICO EST SAO PAULO,2012Q1,2012Q2,0.9611,11863,12423,font_heading,font_heading
014443,CIA SANEAMENTO BASICO EST SAO PAULO,2012Q2,2012Q3,0.0867,12423,2070,font_heading,regex_only
014443,CIA SANEAMENTO BASICO EST SAO PAULO,2012Q3,2013Q1,0.332,2070,4451,regex_only,regex_only
014443,CIA SANEAMENTO BASICO EST SAO PAULO,2013Q1,2013Q2,0.5672,4451,4575,regex_only,regex_only
014443,CIA SANEAMENTO BASICO EST SAO PAULO,2013Q2,2013Q3,0.2667,4575,2146,regex_only,regex_only
014443,CIA SANEAMENTO BASICO EST SAO PAULO,2013Q3,2014Q1,0.0406,2146,9146,regex_only,font_heading
014443,CIA SANEAMENTO BASICO EST SAO PAULO,2014Q1,2014Q2,0.0867,9146,1085,font_heading,font_heading
014443,CIA SANEAMENTO BASICO EST SAO PAULO,2014Q2,2014Q3,0.0241,1085,50,font_heading,font_heading
014443,CIA SANEAMENTO BASICO EST SAO PAULO,2014Q3,2015Q1,0.2216,50,200,font_heading,font_heading
014443,CIA SANEAMENTO BASICO EST SAO PAULO,2015Q1,2015Q2,0.0741,200,181,font_heading,font_heading
014443,CIA SANEAMENTO BASICO EST SAO PAULO,2015Q2,2015Q3,0.0325,181,496,font_heading,font_heading
014443,CIA SANEAMENTO BASICO EST SAO PAULO,2015Q3,2016Q1,0.0451,496,115,font_heading,font_heading
014443,CIA SANEAMENTO BASICO EST SAO PAULO,2016Q1,2016Q2,0.1102,115,355,font_heading,font_heading
014443,CIA SANEAMENTO BASICO EST SAO PAULO,2016Q2,2016Q3,0.0269,355,10898,font_heading,font_heading
014443,CIA SANEAMENTO BASICO EST SAO PAULO,2016Q3,2017Q1,0.0326,10898,263,font_heading,font_heading
014443,CIA SANEAMENTO BASICO EST SAO PAULO,2017Q1,2017Q2,0.032,263,10597,font_heading,font_heading
014443,CIA SANEAMENTO BASICO EST SAO PAULO,2017Q2,2017Q3,0.9722,10597,12570,font_heading,font_heading
014443,CIA SANEAMENTO BASICO EST SAO PAULO,2017Q3,2018Q1,0.9643,12570,14579,font_heading,font_heading
014443,CIA SANEAMENTO BASICO EST SAO PAULO,2018Q1,2018Q2,0.9778,14579,13664,font_heading,font_heading
014443,CIA SANEAMENTO BASICO EST SAO PAULO,2018Q2,2018Q3,0.9921,13664,13584,font_heading,font_heading
014443,CIA SANEAMENTO BASICO EST SAO PAULO,2018Q3,2019Q1,0.9742,13584,12784,font_heading,font_heading
014443,CIA SANEAMENTO BASICO EST SAO PAULO,2019Q1,2019Q2,0.0842,12784,653,font_heading,font_heading
014443,CIA SANEAMENTO BASICO EST SAO PAULO,2019Q2,2019Q3,0.113,653,15108,font_heading,font_heading
014443,CIA SANEAMENTO BASICO EST SAO PAULO,2019Q3,2020Q1,0.9392,15108,12885,font_heading,font_heading
014443,CIA SANEAMENTO BASICO EST SAO PAULO,2020Q1,2020Q2,0.4097,12885,2465,font_heading,font_heading
014443,CIA SANEAMENTO BASICO EST SAO PAULO,2020Q2,2020Q3,0.4533,2465,16139,font_heading,font_heading
014443,CIA SANEAMENTO BASICO EST SAO PAULO,2020Q3,2021Q1,0.9517,16139,14373,font_heading,font_heading
014443,CIA SANEAMENTO BASICO EST SAO PAULO,2021Q1,2021Q2,0.9945,14373,14894,font_heading,font_heading
014443,CIA SANEAMENTO BASICO EST SAO PAULO,2021Q2,2021Q3,0.978,14894,17860,font_heading,font_heading
014443,CIA SANEAMENTO BASICO EST SAO PAULO,2021Q3,2022Q1,0.9739,17860,16500,font_heading,font_heading
014443,CIA SANEAMENTO BASICO EST SAO PAULO,2022Q1,2022Q2,0.993,16500,17083,font_heading,font_heading
014443,CIA SANEAMENTO BASICO EST SAO PAULO,2022Q2,2022Q3,0.9695,17083,20079,font_heading,font_heading
014443,CIA SANEAMENTO BASICO EST SAO PAULO,2022Q3,2023Q1,0.9459,20079,14784,font_heading,font_heading
014443,CIA SANEAMENTO BASICO EST SAO PAULO,2023Q1,2023Q2,0.9626,14784,17837,font_heading,font_heading
014443,CIA SANEAMENTO BASICO EST SAO PAULO,2023Q2,2023Q3,0.9945,17837,18233,font_heading,font_heading
014443,CIA SANEAMENTO BASICO EST SAO PAULO,2023Q3,2024Q1,0.9497,18233,16899,font_heading,font_heading
014443,CIA SANEAMENTO BASICO EST SAO PAULO,2024Q1,2024Q2,0.9741,16899,20296,font_heading,font_heading
014443,CIA SANEAMENTO BASICO EST SAO PAULO,2024Q2,2024Q3,0.9853,20296,22674,font_heading,font_heading
014443,CIA SANEAMENTO BASICO EST SAO PAULO,2024Q3,2025Q1,0.9311,22674,20318,font_heading,font_heading
014443,CIA SANEAMENTO BASICO EST SAO PAULO,2025Q1,2025Q2,0.4809,20318,8419,font_heading,font_heading
014443,CIA SANEAMENTO BASICO EST SAO PAULO,2025Q2,2025Q3,0.5915,8419,10096,font_heading,font_heading
014460,CYRELA BRAZIL REALTY S.A.EMPREEND E PART,2011Q2,2012Q1,0.0727,935,7253,font_heading,font_heading
014460,CYRELA BRAZIL REALTY S.A.EMPREEND E PART,2012Q1,2012Q2,0.9577,7253,8757,font_heading,font_heading
014460,CYRELA BRAZIL REALTY S.A.EMPREEND E PART,2012Q2,2012Q3,0.9709,8757,9671,font_heading,font_heading
014460,CYRELA BRAZIL REALTY S.A.EMPREEND E PART,2012Q3,2013Q2,0.957,9671,9849,font_heading,font_heading
014460,CYRELA BRAZIL REALTY S.A.EMPREEND E PART,2013Q2,2013Q3,0.9393,9849,8803,font_heading,font_heading
014460,CYRELA BRAZIL REALTY S.A.EMPREEND E PART,2013Q3,2014Q1,0.9134,8803,9079,font_heading,font_heading
014460,CYRELA BRAZIL REALTY S.A.EMPREEND E PART,2014Q1,2014Q3,0.9199,9079,10170,font_heading,font_heading
014460,CYRELA BRAZIL REALTY S.A.EMPREEND E PART,2014Q3,2015Q1,0.8749,10170,9529,font_heading,font_heading
014460,CYRELA BRAZIL REALTY S.A.EMPREEND E PART,2015Q1,2015Q2,0.8739,9529,8582,font_heading,font_heading
014460,CYRELA BRAZIL REALTY S.A.EMPREEND E PART,2015Q2,2015Q3,0.9797,8582,8642,font_heading,font_heading
014460,CYRELA BRAZIL REALTY S.A.EMPREEND E PART,2015Q3,2016Q2,0.9482,8642,8037,font_heading,font_heading
014460,CYRELA BRAZIL REALTY S.A.EMPREEND E PART,2016Q2,2017Q2,0.9532,8037,7498,font_heading,font_heading
014460,CYRELA BRAZIL REALTY S.A.EMPREEND E PART,2017Q2,2018Q1,0.5511,7498,6679,font_heading,font_heading
014460,CYRELA BRAZIL REALTY S.A.EMPREEND E PART,2018Q1,2018Q2,0.0707,6679,8340,font_heading,regex_only
014460,CYRELA BRAZIL REALTY S.A.EMPREEND E PART,2018Q2,2018Q3,0.0659,8340,8019,regex_only,font_heading
014460,CYRELA BRAZIL REALTY S.A.EMPREEND E PART,2018Q3,2019Q1,0.8802,8019,7593,font_heading,font_heading
014460,CYRELA BRAZIL REALTY S.A.EMPREEND E PART,2019Q1,2019Q2,0.97,7593,7566,font_heading,font_heading
014460,CYRELA BRAZIL REALTY S.A.EMPREEND E PART,2019Q2,2019Q3,0.9881,7566,7275,font_heading,font_heading
014460,CYRELA BRAZIL REALTY S.A.EMPREEND E PART,2019Q3,2020Q1,0.969,7275,7192,font_heading,font_heading
014460,CYRELA BRAZIL REALTY S.A.EMPREEND E PART,2020Q1,2020Q2,0.1294,7192,6020,font_heading,regex_only
014460,CYRELA BRAZIL REALTY S.A.EMPREEND E PART,2020Q2,2020Q3,0.7875,6020,5211,regex_only,regex_only
014460,CYRELA BRAZIL REALTY S.A.EMPREEND E PART,2020Q3,2021Q1,0.0334,5211,1866,regex_only,regex_only
014460,CYRELA BRAZIL REALTY S.A.EMPREEND E PART,2021Q1,2021Q2,0.0322,1866,5126,regex_only,regex_only
014460,CYRELA BRAZIL REALTY S.A.EMPREEND E PART,2021Q2,2021Q3,0.9803,5126,5014,regex_only,regex_only
014460,CYRELA BRAZIL REALTY S.A.EMPREEND E PART,2021Q3,2022Q1,0.1106,5014,3785,regex_only,font_heading
014460,CYRELA BRAZIL REALTY S.A.EMPREEND E PART,2022Q1,2022Q2,0.1035,3785,5170,font_heading,regex_only
014460,CYRELA BRAZIL REALTY S.A.EMPREEND E PART,2022Q2,2022Q3,0.0374,5170,891,regex_only,regex_only
014460,CYRELA BRAZIL REALTY S.A.EMPREEND E PART,2022Q3,2023Q1,0.0916,891,628,regex_only,font_heading
014460,CYRELA BRAZIL REALTY S.A.EMPREEND E PART,2023Q1,2023Q2,1.0,628,628,font_heading,font_heading
014460,CYRELA BRAZIL REALTY S.A.EMPREEND E PART,2023Q2,2023Q3,1.0,628,628,font_heading,font_heading
014460,CYRELA BRAZIL REALTY S.A.EMPREEND E PART,2023Q3,2024Q1,0.0299,628,1937,font_heading,regex_only
014460,CYRELA BRAZIL REALTY S.A.EMPREEND E PART,2024Q1,2024Q2,0.131,1937,6616,regex_only,regex_only
014460,CYRELA BRAZIL REALTY S.A.EMPREEND E PART,2024Q2,2024Q3,0.8766,6616,5884,regex_only,regex_only
014460,CYRELA BRAZIL REALTY S.A.EMPREEND E PART,2024Q3,2025Q2,0.8224,5884,6732,regex_only,regex_only
014460,CYRELA BRAZIL REALTY S.A.EMPREEND E PART,2025Q2,2025Q3,0.1009,6732,699,regex_only,regex_only
014621,NET Servicos de Comunicacao SA,2011Q1,2011Q2,0.9304,3415,2885,regex_only,regex_only
014621,NET Servicos de Comunicacao SA,2011Q2,2011Q3,0.7713,2885,4480,regex_only,regex_only
014621,NET Servicos de Comunicacao SA,2011Q3,2012Q1,0.0509,4480,246,regex_only,font_heading
014621,NET Servicos de Comunicacao SA,2012Q1,2012Q2,0.1469,246,4378,font_heading,regex_only
014621,NET Servicos de Comunicacao SA,2012Q2,2012Q3,0.5923,4378,10950,regex_only,regex_only
014621,NET Servicos de Comunicacao SA,2012Q3,2013Q1,0.8898,10950,11488,regex_only,regex_only
014621,NET Servicos de Comunicacao SA,2013Q1,2013Q2,0.9005,11488,9830,regex_only,regex_only
014621,NET Servicos de Comunicacao SA,2013Q2,2013Q3,0.5511,9830,7423,regex_only,regex_only
014621,NET Servicos de Comunicacao SA,2013Q3,2014Q1,0.0,7423,120,regex_only,font_heading
014621,NET Servicos de Comunicacao SA,2014Q1,2014Q2,0.147,120,1069,font_heading,font_heading
014621,NET Servicos de Comunicacao SA,2014Q2,2014Q3,1.0,1069,1019,font_heading,font_heading
014761,Cia Hering,2011Q1,2011Q3,0.6699,3026,4727,font_heading,font_heading
014761,Cia Hering,2011Q3,2012Q1,0.884,4727,4207,font_heading,font_heading
014761,Cia Hering,2012Q1,2012Q2,0.7597,4207,2872,font_heading,font_heading
014761,Cia Hering,2012Q2,2012Q3,0.9584,2872,2888,font_heading,font_heading
014761,Cia Hering,2012Q3,2013Q1,0.8695,2888,2185,font_heading,font_heading
014761,Cia Hering,2013Q1,2013Q2,0.8244,2185,1634,font_heading,font_heading
014761,Cia Hering,2013Q2,2013Q3,0.9618,1634,1699,font_heading,font_heading
014761,Cia Hering,2013Q3,2014Q1,0.8233,1699,1551,font_heading,font_heading
014761,Cia Hering,2014Q1,2014Q2,0.9724,1551,1504,font_heading,font_heading
014761,Cia Hering,2014Q2,2015Q1,0.9143,1504,1133,font_heading,font_heading
014761,Cia Hering,2015Q1,2015Q2,0.555,1133,772,font_heading,font_heading
014761,Cia Hering,2015Q2,2016Q2,0.8091,772,429,font_heading,font_heading
014761,Cia Hering,2016Q2,2018Q2,0.234,429,991,font_heading,font_heading
014761,Cia Hering,2018Q2,2018Q3,1.0,991,991,font_heading,font_heading
014761,Cia Hering,2018Q3,2019Q3,0.0605,991,15033,font_heading,regex_only
014761,Cia Hering,2019Q3,2020Q1,0.6916,15033,49540,regex_only,font_heading
014761,Cia Hering,2020Q1,2020Q2,0.2206,49540,4575,font_heading,regex_only
014761,Cia Hering,2020Q2,2020Q3,0.5436,4575,2394,regex_only,regex_only
014761,Cia Hering,2020Q3,2021Q1,0.4282,2394,2450,regex_only,regex_only
014761,Cia Hering,2021Q1,2021Q2,0.2002,2450,1061,regex_only,regex_only
014761,Cia Hering,2021Q2,2021Q3,0.1591,1061,14892,regex_only,regex_only
014826,Companhia Brasileira de Distribuição (GPA),2011Q1,2011Q2,0.9113,18682,16779,font_heading,font_heading
014826,Companhia Brasileira de Distribuição (GPA),2011Q2,2011Q3,0.995,16779,16910,font_heading,font_heading
014826,Companhia Brasileira de Distribuição (GPA),2011Q3,2012Q1,0.9302,16910,19121,font_heading,font_heading
014826,Companhia Brasileira de Distribuição (GPA),2012Q1,2012Q2,0.9423,19121,25463,font_heading,font_heading
014826,Companhia Brasileira de Distribuição (GPA),2012Q2,2012Q3,0.6483,25463,11568,font_heading,font_heading
014826,Companhia Brasileira de Distribuição (GPA),2012Q3,2013Q1,0.942,11568,10603,font_heading,font_heading
014826,Companhia Brasileira de Distribuição (GPA),2013Q1,2013Q2,0.9963,10603,10536,font_heading,font_heading
014826,Companhia Brasileira de Distribuição (GPA),2013Q2,2013Q3,0.9949,10536,10682,font_heading,font_heading
014826,Companhia Brasileira de Distribuição (GPA),2013Q3,2014Q1,0.0785,10682,116,font_heading,font_heading
014826,Companhia Brasileira de Distribuição (GPA),2014Q1,2014Q2,0.7028,116,113,font_heading,font_heading
014826,Companhia Brasileira de Distribuição (GPA),2014Q2,2015Q1,0.957,113,127,font_heading,font_heading
014826,Companhia Brasileira de Distribuição (GPA),2015Q1,2015Q2,1.0,127,127,font_heading,font_heading
014826,Companhia Brasileira de Distribuição (GPA),2015Q2,2015Q3,1.0,127,127,font_heading,font_heading
014826,Companhia Brasileira de Distribuição (GPA),2015Q3,2016Q1,1.0,127,127,font_heading,font_heading
014826,Companhia Brasileira de Distribuição (GPA),2016Q1,2016Q2,1.0,127,127,font_heading,font_heading
014826,Companhia Brasileira de Distribuição (GPA),2016Q2,2016Q3,1.0,127,127,font_heading,font_heading
014826,Companhia Brasileira de Distribuição (GPA),2016Q3,2017Q1,0.0342,127,5295,font_heading,regex_only
014826,Companhia Brasileira de Distribuição (GPA),2017Q1,2017Q2,0.0342,5295,127,regex_only,font_heading
014826,Companhia Brasileira de Distribuição (GPA),2017Q2,2017Q3,0.0338,127,4501,font_heading,regex_only
014826,Companhia Brasileira de Distribuição (GPA),2017Q3,2018Q1,0.1241,4501,4960,regex_only,font_heading
014826,Companhia Brasileira de Distribuição (GPA),2018Q1,2018Q2,0.9814,4960,4964,font_heading,font_heading
014826,Companhia Brasileira de Distribuição (GPA),2018Q2,2018Q3,0.9699,4964,5253,font_heading,font_heading
014826,Companhia Brasileira de Distribuição (GPA),2018Q3,2019Q1,0.1262,5253,7722,font_heading,regex_only
014826,Companhia Brasileira de Distribuição (GPA),2019Q1,2019Q2,0.8774,7722,6935,regex_only,regex_only
014826,Companhia Brasileira de Distribuição (GPA),2019Q2,2019Q3,0.9291,6935,5915,regex_only,regex_only
014826,Companhia Brasileira de Distribuição (GPA),2019Q3,2020Q1,0.7141,5915,4366,regex_only,regex_only
014826,Companhia Brasileira de Distribuição (GPA),2020Q1,2020Q2,0.9863,4366,4405,regex_only,regex_only
014826,Companhia Brasileira de Distribuição (GPA),2020Q2,2021Q1,0.0764,4405,4669,regex_only,font_heading
014826,Companhia Brasileira de Distribuição (GPA),2021Q1,2021Q2,0.0798,4669,2131,font_heading,regex_only
014826,Companhia Brasileira de Distribuição (GPA),2021Q2,2021Q3,0.8851,2131,2521,regex_only,regex_only
014826,Companhia Brasileira de Distribuição (GPA),2021Q3,2022Q1,0.0788,2521,4863,regex_only,font_heading
014826,Companhia Brasileira de Distribuição (GPA),2022Q1,2022Q2,0.984,4863,4859,font_heading,font_heading
014826,Companhia Brasileira de Distribuição (GPA),2022Q2,2022Q3,0.9692,4859,5034,font_heading,font_heading
014826,Companhia Brasileira de Distribuição (GPA),2022Q3,2023Q1,0.9221,5034,4698,font_heading,font_heading
014826,Companhia Brasileira de Distribuição (GPA),2023Q1,2023Q2,0.9818,4698,4751,font_heading,font_heading
014826,Companhia Brasileira de Distribuição (GPA),2023Q2,2023Q3,0.3863,4751,53108,font_heading,font_heading
014826,Companhia Brasileira de Distribuição (GPA),2023Q3,2024Q1,0.3881,53108,4635,font_heading,font_heading
014826,Companhia Brasileira de Distribuição (GPA),2024Q1,2024Q2,0.981,4635,4687,font_heading,font_heading
014826,Companhia Brasileira de Distribuição (GPA),2024Q2,2024Q3,0.9551,4687,5320,font_heading,font_heading
014826,Companhia Brasileira de Distribuição (GPA),2024Q3,2025Q1,0.9392,5320,5095,font_heading,font_heading
014826,Companhia Brasileira de Distribuição (GPA),2025Q1,2025Q2,0.9748,5095,5225,font_heading,font_heading
014826,Companhia Brasileira de Distribuição (GPA),2025Q2,2025Q3,0.9603,5225,5862,font_heading,font_heading
015253,ENERGISA S.A.,2011Q1,2011Q2,0.7466,2107,2761,font_heading,font_heading
015253,ENERGISA S.A.,2011Q2,2011Q3,0.9567,2761,2502,font_heading,font_heading
015253,ENERGISA S.A.,2011Q3,2012Q1,0.8097,2502,2273,font_heading,font_heading
015253,ENERGISA S.A.,2012Q1,2012Q2,0.5231,2273,5282,font_heading,font_heading
015253,ENERGISA S.A.,2012Q2,2012Q3,0.3334,5282,26590,font_heading,font_heading
015253,ENERGISA S.A.,2012Q3,2013Q1,0.9762,26590,25899,font_heading,font_heading
015253,ENERGISA S.A.,2013Q1,2013Q2,0.4212,25899,4012,font_heading,regex_only
015253,ENERGISA S.A.,2013Q2,2014Q1,0.3957,4012,27087,regex_only,font_heading
015253,ENERGISA S.A.,2014Q1,2014Q2,0.9539,27087,29930,font_heading,font_heading
015253,ENERGISA S.A.,2014Q2,2014Q3,0.978,29930,42234,font_heading,font_heading
015253,ENERGISA S.A.,2014Q3,2015Q1,0.9574,42234,33682,font_heading,font_heading
015253,ENERGISA S.A.,2015Q1,2015Q2,0.9881,33682,33662,font_heading,font_heading
015253,ENERGISA S.A.,2015Q2,2015Q3,0.995,33662,34119,font_heading,font_heading
015253,ENERGISA S.A.,2015Q3,2016Q1,0.7706,34119,34472,font_heading,font_heading
015253,ENERGISA S.A.,2016Q1,2016Q2,0.9632,34472,34807,font_heading,font_heading
015253,ENERGISA S.A.,2016Q2,2016Q3,0.9839,34807,33719,font_heading,font_heading
015253,ENERGISA S.A.,2016Q3,2017Q1,0.9848,33719,32442,font_heading,font_heading
015253,ENERGISA S.A.,2017Q1,2017Q2,0.979,32442,34116,font_heading,font_heading
015253,ENERGISA S.A.,2017Q2,2017Q3,0.9744,34116,36203,font_heading,font_heading
015253,ENERGISA S.A.,2017Q3,2018Q1,0.9626,36203,33257,font_heading,font_heading
015253,ENERGISA S.A.,2018Q1,2018Q2,0.9947,33257,34631,font_heading,font_heading
015253,ENERGISA S.A.,2018Q2,2018Q3,0.9959,34631,36085,font_heading,font_heading
015253,ENERGISA S.A.,2018Q3,2019Q1,0.8508,36085,25744,font_heading,font_heading
015253,ENERGISA S.A.,2019Q1,2019Q2,0.5059,25744,8772,font_heading,font_heading
015253,ENERGISA S.A.,2019Q2,2019Q3,0.9504,8772,9009,font_heading,font_heading
015253,ENERGISA S.A.,2019Q3,2020Q1,0.9086,9009,14191,font_heading,font_heading
015253,ENERGISA S.A.,2020Q1,2020Q2,0.9331,14191,13642,font_heading,font_heading
015253,ENERGISA S.A.,2020Q2,2020Q3,0.8758,13642,14642,font_heading,font_heading
015253,ENERGISA S.A.,2020Q3,2021Q1,0.9581,14642,15408,font_heading,font_heading
015253,ENERGISA S.A.,2021Q1,2021Q2,0.995,15408,15652,font_heading,font_heading
015253,ENERGISA S.A.,2021Q2,2021Q3,0.9951,15652,15673,font_heading,font_heading
015253,ENERGISA S.A.,2021Q3,2022Q1,0.1943,15673,944,font_heading,font_heading
015253,ENERGISA S.A.,2022Q1,2022Q2,0.1994,944,17756,font_heading,font_heading
015253,ENERGISA S.A.,2022Q2,2022Q3,0.9888,17756,18294,font_heading,font_heading
015253,ENERGISA S.A.,2022Q3,2023Q1,0.9754,18294,16453,font_heading,font_heading
015253,ENERGISA S.A.,2023Q1,2023Q2,0.9092,16453,16639,font_heading,font_heading
015253,ENERGISA S.A.,2023Q2,2023Q3,0.1871,16639,912,font_heading,font_heading
015253,ENERGISA S.A.,2023Q3,2024Q1,0.1814,912,17077,font_heading,font_heading
015253,ENERGISA S.A.,2024Q1,2024Q2,0.9788,17077,18308,font_heading,font_heading
015253,ENERGISA S.A.,2024Q2,2024Q3,0.9901,18308,19734,font_heading,font_heading
015253,ENERGISA S.A.,2024Q3,2025Q1,0.8991,19734,16599,font_heading,font_heading
015253,ENERGISA S.A.,2025Q1,2025Q2,0.9886,16599,17227,font_heading,font_heading
015253,ENERGISA S.A.,2025Q2,2025Q3,0.9923,17227,19489,font_heading,font_heading
015539,Neoenergia SA,2011Q1,2011Q2,0.9799,47472,47832,font_heading,font_heading
015539,Neoenergia SA,2011Q2,2011Q3,0.5277,47832,13965,font_heading,font_heading
015539,Neoenergia SA,2011Q3,2012Q1,0.8527,13965,8751,font_heading,font_heading
015539,Neoenergia SA,2012Q1,2012Q2,0.7043,8751,10814,font_heading,font_heading
015539,Neoenergia SA,2012Q2,2012Q3,0.9704,10814,11530,font_heading,font_heading
015539,Neoenergia SA,2012Q3,2013Q1,0.9023,11530,10900,font_heading,font_heading
015539,Neoenergia SA,2013Q1,2013Q2,0.6769,10900,6663,font_heading,font_heading
015539,Neoenergia SA,2013Q2,2013Q3,0.9862,6663,6625,font_heading,font_heading
015539,Neoenergia SA,2013Q3,2014Q1,0.1611,6625,6271,font_heading,regex_only
015539,Neoenergia SA,2014Q1,2014Q2,0.9113,6271,4700,regex_only,regex_only
015539,Neoenergia SA,2014Q2,2014Q3,0.1018,4700,4198,regex_only,font_heading
015539,Neoenergia SA,2014Q3,2015Q1,0.0743,4198,4380,font_heading,regex_only
015539,Neoenergia SA,2015Q1,2015Q2,0.8511,4380,2580,regex_only,regex_only
015539,Neoenergia SA,2015Q2,2015Q3,0.0209,2580,2902,regex_only,font_heading
015539,Neoenergia SA,2015Q3,2016Q1,0.0212,2902,2677,font_heading,regex_only
015539,Neoenergia SA,2016Q1,2016Q2,0.993,2677,2592,regex_only,regex_only
015539,Neoenergia SA,2016Q2,2016Q3,0.9953,2592,2637,regex_only,regex_only
015539,Neoenergia SA,2016Q3,2017Q1,0.8847,2637,2357,regex_only,regex_only
015539,Neoenergia SA,2017Q1,2017Q2,0.4396,2357,8605,regex_only,regex_only
015539,Neoenergia SA,2017Q2,2017Q3,0.2389,8605,19693,regex_only,font_heading
015539,Neoenergia SA,2017Q3,2018Q1,0.5802,19693,81722,font_heading,font_heading
015539,Neoenergia SA,2018Q1,2018Q2,0.9179,81722,85813,font_heading,font_heading
015539,Neoenergia SA,2018Q2,2018Q3,0.9734,85813,84848,font_heading,font_heading
015539,Neoenergia SA,2018Q3,2019Q1,0.9008,84848,83413,font_heading,font_heading
015539,Neoenergia SA,2019Q1,2019Q2,0.2282,83413,2791,font_heading,font_heading
015539,Neoenergia SA,2019Q2,2019Q3,0.9762,2791,2979,font_heading,font_heading
015539,Neoenergia SA,2019Q3,2020Q1,0.2496,2979,7273,font_heading,font_heading
015539,Neoenergia SA,2020Q1,2020Q2,0.9864,7273,7474,font_heading,font_heading
015539,Neoenergia SA,2020Q2,2020Q3,0.9468,7474,7039,font_heading,font_heading
015539,Neoenergia SA,2020Q3,2021Q1,0.4454,7039,815,font_heading,font_heading
015539,Neoenergia SA,2021Q1,2021Q2,1.0,815,815,font_heading,font_heading
015539,Neoenergia SA,2021Q2,2021Q3,1.0,815,815,font_heading,font_heading
015539,Neoenergia SA,2021Q3,2022Q1,1.0,815,818,font_heading,font_heading
015539,Neoenergia SA,2022Q1,2022Q2,1.0,818,815,font_heading,font_heading
015539,Neoenergia SA,2022Q2,2022Q3,1.0,815,815,font_heading,font_heading
015539,Neoenergia SA,2022Q3,2023Q1,0.3942,815,9813,font_heading,font_heading
015539,Neoenergia SA,2023Q1,2023Q2,0.8043,9813,13904,font_heading,font_heading
015539,Neoenergia SA,2023Q2,2023Q3,0.182,13904,128,font_heading,font_heading
015539,Neoenergia SA,2023Q3,2024Q1,1.0,128,134,font_heading,font_heading
015539,Neoenergia SA,2024Q1,2024Q2,0.3821,134,931,font_heading,font_heading
015539,Neoenergia SA,2024Q2,2024Q3,1.0,931,930,font_heading,font_heading
015539,Neoenergia SA,2024Q3,2025Q1,0.033,930,4571,font_heading,regex_only
015539,Neoenergia SA,2025Q1,2025Q2,0.033,4571,932,regex_only,font_heading
015539,Neoenergia SA,2025Q2,2025Q3,0.1619,932,10003,font_heading,font_heading
015636,Cia de Gas de Sao Paulo SA,2011Q1,2011Q2,0.9524,3824,4477,font_heading,font_heading
015636,Cia de Gas de Sao Paulo SA,2011Q2,2011Q3,0.9346,4477,4704,font_heading,font_heading
015636,Cia de Gas de Sao Paulo SA,2011Q3,2012Q1,0.81,4704,5736,font_heading,font_heading
015636,Cia de Gas de Sao Paulo SA,2012Q1,2012Q2,0.9879,5736,5801,font_heading,font_heading
015636,Cia de Gas de Sao Paulo SA,2012Q2,2012Q3,0.9878,5801,5912,font_heading,font_heading
015636,Cia de Gas de Sao Paulo SA,2012Q3,2013Q1,0.9072,5912,7174,font_heading,font_heading
015636,Cia de Gas de Sao Paulo SA,2013Q1,2013Q2,0.9866,7174,7196,font_heading,font_heading
015636,Cia de Gas de Sao Paulo SA,2013Q2,2013Q3,0.9764,7196,7128,font_heading,font_heading
015636,Cia de Gas de Sao Paulo SA,2013Q3,2014Q1,0.8648,7128,5862,font_heading,font_heading
015636,Cia de Gas de Sao Paulo SA,2014Q1,2014Q2,0.9379,5862,7025,font_heading,font_heading
015636,Cia de Gas de Sao Paulo SA,2014Q2,2014Q3,0.8401,7025,6609,font_heading,font_heading
015636,Cia de Gas de Sao Paulo SA,2014Q3,2015Q1,0.9077,6609,6103,font_heading,font_heading
015636,Cia de Gas de Sao Paulo SA,2015Q1,2015Q2,0.603,6103,1731,font_heading,font_heading
015636,Cia de Gas de Sao Paulo SA,2015Q2,2015Q3,0.9986,1731,1775,font_heading,font_heading
015636,Cia de Gas de Sao Paulo SA,2015Q3,2016Q1,0.4839,1775,4176,font_heading,font_heading
015636,Cia de Gas de Sao Paulo SA,2016Q1,2016Q2,0.9891,4176,4093,font_heading,font_heading
015636,Cia de Gas de Sao Paulo SA,2016Q2,2016Q3,0.9827,4093,4286,font_heading,font_heading
015636,Cia de Gas de Sao Paulo SA,2016Q3,2017Q1,0.5753,4286,3381,font_heading,font_heading
015636,Cia de Gas de Sao Paulo SA,2017Q1,2017Q2,0.961,3381,3509,font_heading,font_heading
015636,Cia de Gas de Sao Paulo SA,2017Q2,2017Q3,0.9342,3509,3066,font_heading,font_heading
015636,Cia de Gas de Sao Paulo SA,2017Q3,2018Q1,0.048,3066,11324,font_heading,regex_only
015636,Cia de Gas de Sao Paulo SA,2018Q1,2018Q2,0.9779,11324,11100,regex_only,regex_only
015636,Cia de Gas de Sao Paulo SA,2018Q2,2018Q3,0.0586,11100,4220,regex_only,font_heading
015636,Cia de Gas de Sao Paulo SA,2018Q3,2019Q1,0.7114,4220,2571,font_heading,font_heading
015636,Cia de Gas de Sao Paulo SA,2019Q1,2019Q2,0.9867,2571,2598,font_heading,font_heading
015636,Cia de Gas de Sao Paulo SA,2019Q2,2019Q3,0.9819,2598,2660,font_heading,font_heading
015636,Cia de Gas de Sao Paulo SA,2019Q3,2020Q1,0.9827,2660,2645,font_heading,font_heading
015636,Cia de Gas de Sao Paulo SA,2020Q1,2020Q2,0.0314,2645,8317,font_heading,regex_only
015636,Cia de Gas de Sao Paulo SA,2020Q2,2020Q3,0.0493,8317,5013,regex_only,font_heading
015636,Cia de Gas de Sao Paulo SA,2020Q3,2021Q1,0.6343,5013,3652,font_heading,font_heading
015636,Cia de Gas de Sao Paulo SA,2021Q1,2021Q2,0.0934,3652,9494,font_heading,regex_only
015636,Cia de Gas de Sao Paulo SA,2021Q2,2021Q3,0.9932,9494,9381,regex_only,regex_only
015636,Cia de Gas de Sao Paulo SA,2021Q3,2022Q1,0.7698,9381,9906,regex_only,regex_only
015636,Cia de Gas de Sao Paulo SA,2022Q1,2022Q2,0.9089,9906,8599,regex_only,regex_only
015636,Cia de Gas de Sao Paulo SA,2022Q2,2022Q3,0.0836,8599,2779,regex_only,font_heading
015636,Cia de Gas de Sao Paulo SA,2022Q3,2023Q1,0.8847,2779,3022,font_heading,font_heading
015636,Cia de Gas de Sao Paulo SA,2023Q1,2023Q2,0.9398,3022,2543,font_heading,font_heading
015636,Cia de Gas de Sao Paulo SA,2023Q2,2023Q3,0.9959,2543,2554,font_heading,font_heading
015636,Cia de Gas de Sao Paulo SA,2023Q3,2024Q1,0.0883,2554,9798,font_heading,regex_only
015636,Cia de Gas de Sao Paulo SA,2024Q1,2024Q2,0.0717,9798,385,regex_only,regex_only
015636,Cia de Gas de Sao Paulo SA,2024Q2,2024Q3,0.0566,385,8999,regex_only,regex_only
015636,Cia de Gas de Sao Paulo SA,2024Q3,2025Q1,0.6887,8999,8108,regex_only,regex_only
015636,Cia de Gas de Sao Paulo SA,2025Q1,2025Q2,0.5832,8108,33149,regex_only,font_heading
015636,Cia de Gas de Sao Paulo SA,2025Q2,2025Q3,0.6277,33149,10310,font_heading,font_heading
016101,Gafisa S.A.,2011Q1,2011Q2,0.9199,10457,10744,font_heading,font_heading
016101,Gafisa S.A.,2011Q2,2011Q3,0.9898,10744,10865,font_heading,font_heading
016101,Gafisa S.A.,2011Q3,2012Q1,0.8519,10865,15959,font_heading,font_heading
016101,Gafisa S.A.,2012Q1,2012Q2,0.9825,15959,16837,font_heading,font_heading
016101,Gafisa S.A.,2012Q2,2012Q3,0.9783,16837,18336,font_heading,font_heading
016101,Gafisa S.A.,2012Q3,2013Q1,0.6828,18336,6882,font_heading,font_heading
016101,Gafisa S.A.,2013Q1,2013Q2,0.9179,6882,9304,font_heading,font_heading
016101,Gafisa S.A.,2013Q2,2013Q3,0.9638,9304,8565,font_heading,font_heading
016101,Gafisa S.A.,2013Q3,2014Q1,0.8724,8565,5792,font_heading,font_heading
016101,Gafisa S.A.,2014Q1,2014Q2,0.9572,5792,6831,font_heading,font_heading
016101,Gafisa S.A.,2014Q2,2014Q3,0.9361,6831,9126,font_heading,font_heading
016101,Gafisa S.A.,2014Q3,2015Q1,0.0854,9126,2295,font_heading,regex_only
016101,Gafisa S.A.,2015Q1,2015Q2,0.994,2295,2562,regex_only,regex_only
016101,Gafisa S.A.,2015Q2,2015Q3,1.0,2562,2567,regex_only,regex_only
016101,Gafisa S.A.,2015Q3,2016Q1,0.0201,2567,1068,regex_only,font_heading
016101,Gafisa S.A.,2016Q1,2016Q2,1.0,1068,1063,font_heading,font_heading
016101,Gafisa S.A.,2016Q2,2016Q3,1.0,1063,1041,font_heading,font_heading
016101,Gafisa S.A.,2016Q3,2017Q1,0.0261,1041,2664,font_heading,regex_only
016101,Gafisa S.A.,2017Q1,2017Q2,0.9908,2664,2899,regex_only,regex_only
016101,Gafisa S.A.,2017Q2,2017Q3,0.0634,2899,7035,regex_only,font_heading
016101,Gafisa S.A.,2017Q3,2018Q1,0.0645,7035,2733,font_heading,regex_only
016101,Gafisa S.A.,2018Q1,2018Q2,0.9968,2733,2872,regex_only,regex_only
016101,Gafisa S.A.,2018Q2,2018Q3,0.0736,2872,8774,regex_only,font_heading
016101,Gafisa S.A.,2018Q3,2019Q1,0.0503,8774,1636,font_heading,regex_only
016101,Gafisa S.A.,2019Q1,2019Q2,0.752,1636,1648,regex_only,regex_only
016101,Gafisa S.A.,2019Q2,2019Q3,0.9806,1648,1632,regex_only,regex_only
016101,Gafisa S.A.,2019Q3,2020Q1,0.512,1632,2204,regex_only,regex_only
016101,Gafisa S.A.,2020Q1,2020Q2,0.9993,2204,2283,regex_only,regex_only
016101,Gafisa S.A.,2020Q2,2020Q3,0.997,2283,2366,regex_only,regex_only
016101,Gafisa S.A.,2020Q3,2021Q1,0.0,2366,67,regex_only,font_heading
016101,Gafisa S.A.,2021Q1,2021Q2,0.0,67,2365,font_heading,regex_only
016101,Gafisa S.A.,2021Q2,2021Q3,0.2724,2365,662,regex_only,regex_only
016101,Gafisa S.A.,2021Q3,2022Q1,0.9626,662,614,regex_only,regex_only
016101,Gafisa S.A.,2022Q1,2022Q2,1.0,614,615,regex_only,regex_only
016101,Gafisa S.A.,2022Q2,2022Q3,0.0649,615,7398,regex_only,font_heading
016101,Gafisa S.A.,2022Q3,2023Q1,0.0257,7398,750,font_heading,regex_only
016101,Gafisa S.A.,2023Q1,2023Q2,0.9963,750,788,regex_only,regex_only
016101,Gafisa S.A.,2023Q2,2023Q3,0.0311,788,8478,regex_only,font_heading
016101,Gafisa S.A.,2023Q3,2024Q1,0.8224,8478,7480,font_heading,font_heading
016101,Gafisa S.A.,2024Q1,2024Q2,0.9682,7480,7350,font_heading,font_heading
016101,Gafisa S.A.,2024Q2,2025Q2,0.8684,7350,5762,font_heading,font_heading
016101,Gafisa S.A.,2025Q2,2025Q3,0.9824,5762,5943,font_heading,font_heading
016292,BRF S.A.,2011Q1,2011Q2,0.705,5922,3059,font_heading,font_heading
016292,BRF S.A.,2011Q2,2011Q3,0.0206,3059,2128,font_heading,regex_only
016292,BRF S.A.,2011Q3,2012Q1,0.6052,2128,2162,regex_only,regex_only
016292,BRF S.A.,2012Q1,2012Q2,0.5776,2162,1683,regex_only,regex_only
016292,BRF S.A.,2012Q2,2012Q3,0.0381,1683,629,regex_only,regex_only
016292,BRF S.A.,2012Q3,2013Q1,0.0206,629,10465,regex_only,regex_only
016292,BRF S.A.,2013Q1,2013Q2,0.9853,10465,9675,regex_only,regex_only
016292,BRF S.A.,2013Q2,2013Q3,0.9721,9675,9725,regex_only,regex_only
016292,BRF S.A.,2013Q3,2014Q1,0.6118,9725,7992,regex_only,regex_only
016292,BRF S.A.,2014Q1,2014Q2,0.0625,7992,8533,regex_only,font_heading
016292,BRF S.A.,2014Q2,2014Q3,0.9954,8533,8649,font_heading,font_heading
016292,BRF S.A.,2014Q3,2015Q3,0.2027,8649,13972,font_heading,regex_only
016292,BRF S.A.,2015Q3,2016Q1,0.0473,13972,754,regex_only,regex_only
016292,BRF S.A.,2016Q1,2016Q2,0.1077,754,886,regex_only,regex_only
016292,BRF S.A.,2016Q2,2016Q3,1.0,886,903,regex_only,regex_only
016292,BRF S.A.,2016Q3,2017Q1,0.92,903,877,regex_only,regex_only
016292,BRF S.A.,2017Q1,2017Q2,1.0,877,880,regex_only,regex_only
016292,BRF S.A.,2017Q2,2017Q3,1.0,880,880,regex_only,regex_only
016292,BRF S.A.,2017Q3,2018Q1,0.7626,880,1302,regex_only,regex_only
016292,BRF S.A.,2018Q1,2018Q2,1.0,1302,1298,regex_only,regex_only
016292,BRF S.A.,2018Q2,2018Q3,0.8396,1298,802,regex_only,regex_only
016292,BRF S.A.,2018Q3,2019Q1,0.0424,802,7227,regex_only,font_heading
016292,BRF S.A.,2019Q1,2019Q2,0.0789,7227,9866,font_heading,regex_only
016292,BRF S.A.,2019Q2,2019Q3,0.1235,9866,8336,regex_only,font_heading
016292,BRF S.A.,2019Q3,2020Q1,0.2498,8336,5492,font_heading,regex_only
016292,BRF S.A.,2020Q1,2020Q2,0.0848,5492,2324,regex_only,regex_only
016292,BRF S.A.,2020Q2,2020Q3,0.0793,2324,5163,regex_only,regex_only
016292,BRF S.A.,2020Q3,2021Q1,0.7686,5163,6530,regex_only,regex_only
016292,BRF S.A.,2021Q1,2021Q2,0.2062,6530,2990,regex_only,font_heading
016292,BRF S.A.,2021Q2,2021Q3,0.1653,2990,5740,font_heading,regex_only
016292,BRF S.A.,2021Q3,2022Q1,0.7404,5740,5890,regex_only,regex_only
016292,BRF S.A.,2022Q1,2022Q2,0.0156,5890,2136,regex_only,regex_only
016292,BRF S.A.,2022Q2,2022Q3,0.0116,2136,5629,regex_only,regex_only
016292,BRF S.A.,2022Q3,2023Q1,0.136,5629,4440,regex_only,font_heading
016292,BRF S.A.,2023Q1,2023Q2,0.0868,4440,1019,font_heading,regex_only
016292,BRF S.A.,2023Q2,2023Q3,0.255,1019,2729,regex_only,regex_only
016292,BRF S.A.,2023Q3,2024Q1,0.1376,2729,3547,regex_only,regex_only
016292,BRF S.A.,2024Q1,2024Q2,0.0164,3547,3243,regex_only,font_heading
016292,BRF S.A.,2024Q2,2024Q3,0.0198,3243,4143,font_heading,regex_only
016292,BRF S.A.,2024Q3,2025Q2,0.0286,4143,3104,regex_only,font_heading
016292,BRF S.A.,2025Q2,2025Q3,0.9965,3104,3075,font_heading,font_heading
016306,Rossi Residencial S.A. - Em Recuperação Judicial,2011Q1,2011Q2,1.0,480,484,regex_only,regex_only
016306,Rossi Residencial S.A. - Em Recuperação Judicial,2011Q2,2011Q3,0.0673,484,6931,regex_only,font_heading
016306,Rossi Residencial S.A. - Em Recuperação Judicial,2011Q3,2012Q1,0.0673,6931,482,font_heading,regex_only
016306,Rossi Residencial S.A. - Em Recuperação Judicial,2012Q1,2012Q2,0.0744,482,8247,regex_only,font_heading
016306,Rossi Residencial S.A. - Em Recuperação Judicial,2012Q2,2012Q3,0.123,8247,6567,font_heading,regex_only
016306,Rossi Residencial S.A. - Em Recuperação Judicial,2012Q3,2013Q1,0.1131,6567,6119,regex_only,font_heading
016306,Rossi Residencial S.A. - Em Recuperação Judicial,2013Q1,2013Q2,0.9308,6119,6235,font_heading,font_heading
016306,Rossi Residencial S.A. - Em Recuperação Judicial,2013Q2,2013Q3,0.9097,6235,5954,font_heading,font_heading
016306,Rossi Residencial S.A. - Em Recuperação Judicial,2013Q3,2014Q1,0.8824,5954,5796,font_heading,font_heading
016306,Rossi Residencial S.A. - Em Recuperação Judicial,2014Q1,2014Q2,0.8528,5796,7699,font_heading,font_heading
016306,Rossi Residencial S.A. - Em Recuperação Judicial,2014Q2,2014Q3,0.9614,7699,8004,font_heading,font_heading
016306,Rossi Residencial S.A. - Em Recuperação Judicial,2014Q3,2015Q1,0.752,8004,6491,font_heading,font_heading
016306,Rossi Residencial S.A. - Em Recuperação Judicial,2015Q1,2015Q2,0.8471,6491,5405,font_heading,font_heading
016306,Rossi Residencial S.A. - Em Recuperação Judicial,2015Q2,2015Q3,0.9495,5405,5864,font_heading,font_heading
016306,Rossi Residencial S.A. - Em Recuperação Judicial,2015Q3,2016Q1,0.0811,5864,2327,font_heading,font_heading
016306,Rossi Residencial S.A. - Em Recuperação Judicial,2016Q1,2017Q2,0.0879,2327,351,font_heading,font_heading
016306,Rossi Residencial S.A. - Em Recuperação Judicial,2017Q2,2017Q3,0.0351,351,666,font_heading,font_heading
016306,Rossi Residencial S.A. - Em Recuperação Judicial,2017Q3,2018Q1,0.0351,666,347,font_heading,font_heading
016306,Rossi Residencial S.A. - Em Recuperação Judicial,2018Q1,2018Q2,1.0,347,347,font_heading,font_heading
016306,Rossi Residencial S.A. - Em Recuperação Judicial,2018Q2,2018Q3,1.0,347,346,font_heading,font_heading
016306,Rossi Residencial S.A. - Em Recuperação Judicial,2018Q3,2019Q1,0.2508,346,4618,font_heading,font_heading
016306,Rossi Residencial S.A. - Em Recuperação Judicial,2019Q1,2019Q2,0.2508,4618,347,font_heading,font_heading
016306,Rossi Residencial S.A. - Em Recuperação Judicial,2019Q2,2019Q3,1.0,347,347,font_heading,font_heading
016306,Rossi Residencial S.A. - Em Recuperação Judicial,2019Q3,2020Q1,1.0,347,341,font_heading,font_heading
016306,Rossi Residencial S.A. - Em Recuperação Judicial,2020Q1,2020Q3,0.171,341,7941,font_heading,font_heading
016306,Rossi Residencial S.A. - Em Recuperação Judicial,2020Q3,2021Q1,0.5935,7941,2479,font_heading,font_heading
016306,Rossi Residencial S.A. - Em Recuperação Judicial,2021Q1,2021Q2,0.6104,2479,6639,font_heading,font_heading
016306,Rossi Residencial S.A. - Em Recuperação Judicial,2021Q2,2023Q2,0.1999,6639,449,font_heading,font_heading
016306,Rossi Residencial S.A. - Em Recuperação Judicial,2023Q2,2024Q1,0.8023,449,478,font_heading,font_heading
016306,Rossi Residencial S.A. - Em Recuperação Judicial,2024Q1,2024Q2,0.9579,478,456,font_heading,font_heading
016306,Rossi Residencial S.A. - Em Recuperação Judicial,2024Q2,2025Q1,0.6313,456,404,font_heading,font_heading
016306,Rossi Residencial S.A. - Em Recuperação Judicial,2025Q1,2025Q2,0.2766,404,4190,font_heading,font_heading
016306,Rossi Residencial S.A. - Em Recuperação Judicial,2025Q2,2025Q3,0.9977,4190,4192,font_heading,font_heading
017329,ENGIE BRASIL ENERGIA S.A.,2011Q1,2011Q2,0.0105,659,1421,font_heading,font_heading
017329,ENGIE BRASIL ENERGIA S.A.,2011Q2,2011Q3,0.8176,1421,1469,font_heading,font_heading
017329,ENGIE BRASIL ENERGIA S.A.,2011Q3,2012Q1,0.908,1469,2456,font_heading,font_heading
017329,ENGIE BRASIL ENERGIA S.A.,2012Q1,2012Q2,0.9752,2456,2872,font_heading,font_heading
017329,ENGIE BRASIL ENERGIA S.A.,2012Q2,2012Q3,0.9605,2872,2045,font_heading,font_heading
017329,ENGIE BRASIL ENERGIA S.A.,2012Q3,2013Q1,0.0102,2045,3987,font_heading,regex_only
017329,ENGIE BRASIL ENERGIA S.A.,2013Q1,2013Q2,0.027,3987,3507,regex_only,font_heading
017329,ENGIE BRASIL ENERGIA S.A.,2013Q2,2013Q3,0.8771,3507,4165,font_heading,font_heading
017329,ENGIE BRASIL ENERGIA S.A.,2013Q3,2014Q3,0.7345,4165,3093,font_heading,font_heading
017329,ENGIE BRASIL ENERGIA S.A.,2014Q3,2015Q1,0.5796,3093,9040,font_heading,font_heading
017329,ENGIE BRASIL ENERGIA S.A.,2015Q1,2016Q2,0.683,9040,3320,font_heading,font_heading
017329,ENGIE BRASIL ENERGIA S.A.,2016Q2,2016Q3,0.0289,3320,191,font_heading,font_heading
017329,ENGIE BRASIL ENERGIA S.A.,2016Q3,2017Q1,0.021,191,2178,font_heading,font_heading
017329,ENGIE BRASIL ENERGIA S.A.,2017Q1,2017Q2,0.944,2178,2415,font_heading,font_heading
017329,ENGIE BRASIL ENERGIA S.A.,2017Q2,2017Q3,0.926,2415,2767,font_heading,font_heading
017329,ENGIE BRASIL ENERGIA S.A.,2017Q3,2018Q1,0.4751,2767,2758,font_heading,font_heading
017329,ENGIE BRASIL ENERGIA S.A.,2018Q1,2018Q2,0.9015,2758,2577,font_heading,font_heading
017329,ENGIE BRASIL ENERGIA S.A.,2018Q2,2018Q3,0.9615,2577,2805,font_heading,font_heading
017329,ENGIE BRASIL ENERGIA S.A.,2018Q3,2019Q1,0.8843,2805,3246,font_heading,font_heading
017329,ENGIE BRASIL ENERGIA S.A.,2019Q1,2019Q2,1.0,3246,3358,font_heading,font_heading
017329,ENGIE BRASIL ENERGIA S.A.,2019Q2,2019Q3,0.9628,3358,3520,font_heading,font_heading
017329,ENGIE BRASIL ENERGIA S.A.,2019Q3,2020Q1,0.9858,3520,3589,font_heading,font_heading
017329,ENGIE BRASIL ENERGIA S.A.,2020Q1,2020Q2,0.9694,3589,3530,font_heading,font_heading
017329,ENGIE BRASIL ENERGIA S.A.,2020Q2,2020Q3,0.9111,3530,4116,font_heading,font_heading
017329,ENGIE BRASIL ENERGIA S.A.,2020Q3,2021Q1,0.8597,4116,4327,font_heading,font_heading
017329,ENGIE BRASIL ENERGIA S.A.,2021Q1,2021Q2,0.0864,4327,1764,font_heading,font_heading
017329,ENGIE BRASIL ENERGIA S.A.,2021Q2,2021Q3,0.9402,1764,1838,font_heading,font_heading
017329,ENGIE BRASIL ENERGIA S.A.,2021Q3,2022Q1,0.8661,1838,1707,font_heading,font_heading
017329,ENGIE BRASIL ENERGIA S.A.,2022Q1,2022Q2,0.8602,1707,961,font_heading,font_heading
017329,ENGIE BRASIL ENERGIA S.A.,2022Q2,2022Q3,0.9433,961,1162,font_heading,font_heading
017329,ENGIE BRASIL ENERGIA S.A.,2022Q3,2023Q1,0.0604,1162,601,font_heading,font_heading
017329,ENGIE BRASIL ENERGIA S.A.,2023Q1,2023Q2,0.9942,601,644,font_heading,font_heading
017329,ENGIE BRASIL ENERGIA S.A.,2023Q2,2023Q3,1.0,644,642,font_heading,font_heading
017329,ENGIE BRASIL ENERGIA S.A.,2023Q3,2024Q1,0.99,642,562,font_heading,font_heading
017329,ENGIE BRASIL ENERGIA S.A.,2024Q1,2024Q2,0.0637,562,460,font_heading,font_heading
017329,ENGIE BRASIL ENERGIA S.A.,2024Q2,2024Q3,0.91,460,672,font_heading,font_heading
017329,ENGIE BRASIL ENERGIA S.A.,2024Q3,2025Q1,0.8145,672,530,font_heading,font_heading
017329,ENGIE BRASIL ENERGIA S.A.,2025Q1,2025Q2,0.5103,530,642,font_heading,font_heading
017329,ENGIE BRASIL ENERGIA S.A.,2025Q2,2025Q3,0.8654,642,1263,font_heading,font_heading
017450,RUMO S.A.,2011Q1,2011Q2,0.963,9075,10502,font_heading,font_heading
017450,RUMO S.A.,2011Q2,2011Q3,0.0709,10502,735,font_heading,regex_only
017450,RUMO S.A.,2011Q3,2012Q1,0.9302,735,699,regex_only,regex_only
017450,RUMO S.A.,2012Q1,2012Q2,0.9958,699,714,regex_only,regex_only
017450,RUMO S.A.,2012Q2,2012Q3,1.0,714,707,regex_only,regex_only
017450,RUMO S.A.,2012Q3,2013Q1,0.9958,707,717,regex_only,regex_only
017450,RUMO S.A.,2013Q1,2013Q2,0.9958,717,728,regex_only,regex_only
017450,RUMO S.A.,2013Q2,2013Q3,1.0,728,724,regex_only,regex_only
017450,RUMO S.A.,2013Q3,2014Q1,0.9936,724,752,regex_only,regex_only
017450,RUMO S.A.,2014Q1,2014Q2,1.0,752,756,regex_only,regex_only
017450,RUMO S.A.,2014Q2,2014Q3,1.0,756,752,regex_only,regex_only
017450,RUMO S.A.,2014Q3,2015Q1,0.1129,752,833,regex_only,regex_only
017450,RUMO S.A.,2015Q1,2015Q2,0.0869,833,2879,regex_only,font_heading
017450,RUMO S.A.,2015Q2,2015Q3,0.9259,2879,3267,font_heading,font_heading
017450,RUMO S.A.,2015Q3,2016Q1,0.3175,3267,3655,font_heading,font_heading
017450,RUMO S.A.,2016Q1,2016Q2,0.8498,3655,4343,font_heading,font_heading
017450,RUMO S.A.,2016Q2,2016Q3,0.7164,4343,3694,font_heading,font_heading
017450,RUMO S.A.,2016Q3,2017Q1,0.3781,3694,2993,font_heading,font_heading
017450,RUMO S.A.,2017Q1,2017Q2,0.9531,2993,2966,font_heading,font_heading
017450,RUMO S.A.,2017Q2,2017Q3,0.9842,2966,2774,font_heading,font_heading
017450,RUMO S.A.,2017Q3,2018Q1,0.9879,2774,2805,font_heading,font_heading
017450,RUMO S.A.,2018Q1,2018Q2,0.9983,2805,2839,font_heading,font_heading
017450,RUMO S.A.,2018Q2,2018Q3,0.9934,2839,2890,font_heading,font_heading
017450,RUMO S.A.,2018Q3,2019Q1,0.9542,2890,2958,font_heading,font_heading
017450,RUMO S.A.,2019Q1,2019Q2,0.9847,2958,3093,font_heading,font_heading
017450,RUMO S.A.,2019Q2,2019Q3,0.9854,3093,2911,font_heading,font_heading
017450,RUMO S.A.,2019Q3,2020Q1,0.963,2911,3049,font_heading,font_heading
017450,RUMO S.A.,2020Q1,2020Q2,0.9387,3049,2820,font_heading,font_heading
017450,RUMO S.A.,2020Q2,2020Q3,0.0586,2820,3185,font_heading,font_heading
017450,RUMO S.A.,2020Q3,2021Q1,0.0543,3185,2664,font_heading,font_heading
017450,RUMO S.A.,2021Q1,2021Q2,0.9863,2664,2686,font_heading,font_heading
017450,RUMO S.A.,2021Q2,2021Q3,0.053,2686,6540,font_heading,regex_only
017450,RUMO S.A.,2021Q3,2022Q1,0.0655,6540,4948,regex_only,regex_only
017450,RUMO S.A.,2022Q1,2022Q2,0.0687,4948,5933,regex_only,regex_only
017450,RUMO S.A.,2022Q2,2022Q3,0.0441,5933,3486,regex_only,font_heading
017450,RUMO S.A.,2022Q3,2023Q1,0.0407,3486,5775,font_heading,regex_only
017450,RUMO S.A.,2023Q1,2023Q2,0.0581,5775,3062,regex_only,font_heading
017450,RUMO S.A.,2023Q2,2023Q3,0.1926,3062,5875,font_heading,font_heading
017450,RUMO S.A.,2023Q3,2024Q1,0.7283,5875,8225,font_heading,font_heading
017450,RUMO S.A.,2024Q1,2024Q2,0.9052,8225,11154,font_heading,font_heading
017450,RUMO S.A.,2024Q2,2024Q3,0.9147,11154,8295,font_heading,font_heading
017450,RUMO S.A.,2024Q3,2025Q1,0.5729,8295,18095,font_heading,font_heading
017450,RUMO S.A.,2025Q1,2025Q2,0.9207,18095,22023,font_heading,font_heading
017450,RUMO S.A.,2025Q2,2025Q3,0.28,22023,2235,font_heading,font_heading
017639,TIM Participacoes SA,2011Q1,2011Q2,0.9078,4291,3271,font_heading,font_heading
017639,TIM Participacoes SA,2011Q2,2011Q3,0.9387,3271,3550,font_heading,font_heading
017639,TIM Participacoes SA,2011Q3,2012Q1,0.7518,3550,5684,font_heading,font_heading
017639,TIM Participacoes SA,2012Q1,2012Q2,0.9944,5684,5705,font_heading,font_heading
017639,TIM Participacoes SA,2012Q2,2012Q3,0.9603,5705,7121,font_heading,font_heading
017639,TIM Participacoes SA,2012Q3,2013Q1,0.9337,7121,8538,font_heading,font_heading
017639,TIM Participacoes SA,2013Q1,2013Q2,0.9697,8538,9817,font_heading,font_heading
017639,TIM Participacoes SA,2013Q2,2013Q3,0.9505,9817,10182,font_heading,font_heading
017639,TIM Participacoes SA,2013Q3,2014Q1,0.9121,10182,8218,font_heading,font_heading
017639,TIM Participacoes SA,2014Q1,2014Q2,0.9896,8218,8771,font_heading,font_heading
017639,TIM Participacoes SA,2014Q2,2014Q3,0.98,8771,8452,font_heading,font_heading
017639,TIM Participacoes SA,2014Q3,2015Q1,0.9727,8452,8284,font_heading,font_heading
017639,TIM Participacoes SA,2015Q1,2015Q2,0.9867,8284,8153,font_heading,font_heading
017639,TIM Participacoes SA,2015Q2,2015Q3,0.987,8153,8103,font_heading,font_heading
017639,TIM Participacoes SA,2015Q3,2016Q1,0.7742,8103,6046,font_heading,font_heading
017639,TIM Participacoes SA,2016Q1,2016Q2,0.9396,6046,6672,font_heading,font_heading
017639,TIM Participacoes SA,2016Q2,2016Q3,0.9962,6672,6712,font_heading,font_heading
017639,TIM Participacoes SA,2016Q3,2017Q1,0.9649,6712,6739,font_heading,font_heading
017639,TIM Participacoes SA,2017Q1,2017Q2,0.9728,6739,6615,font_heading,font_heading
017639,TIM Participacoes SA,2017Q2,2017Q3,0.9745,6615,5955,font_heading,font_heading
017639,TIM Participacoes SA,2017Q3,2018Q1,0.885,5955,5452,font_heading,font_heading
017639,TIM Participacoes SA,2018Q1,2018Q2,0.959,5452,6395,font_heading,font_heading
017639,TIM Participacoes SA,2018Q2,2018Q3,0.9593,6395,6484,font_heading,font_heading
017639,TIM Participacoes SA,2018Q3,2019Q1,0.9046,6484,7255,font_heading,font_heading
017639,TIM Participacoes SA,2019Q1,2019Q2,0.9823,7255,6929,font_heading,font_heading
017639,TIM Participacoes SA,2019Q2,2019Q3,0.9849,6929,7222,font_heading,font_heading
017639,TIM Participacoes SA,2019Q3,2020Q1,0.7583,7222,6047,font_heading,font_heading
017639,TIM Participacoes SA,2020Q1,2020Q2,0.942,6047,6950,font_heading,font_heading
017671,TELEFÔNICA BRASIL S.A,2011Q1,2011Q2,0.4307,2294,15134,font_heading,font_heading
017671,TELEFÔNICA BRASIL S.A,2011Q2,2011Q3,0.9581,15134,15100,font_heading,font_heading
017671,TELEFÔNICA BRASIL S.A,2011Q3,2012Q1,0.8988,15100,16164,font_heading,font_heading
017671,TELEFÔNICA BRASIL S.A,2012Q1,2012Q2,0.9291,16164,17335,font_heading,font_heading
017671,TELEFÔNICA BRASIL S.A,2012Q2,2012Q3,0.9789,17335,19123,font_heading,font_heading
017671,TELEFÔNICA BRASIL S.A,2012Q3,2013Q1,0.9429,19123,17175,font_heading,font_heading
017671,TELEFÔNICA BRASIL S.A,2013Q1,2013Q2,0.9697,17175,19093,font_heading,font_heading
017671,TELEFÔNICA BRASIL S.A,2013Q2,2013Q3,0.941,19093,22106,font_heading,font_heading
017671,TELEFÔNICA BRASIL S.A,2013Q3,2014Q1,0.8271,22106,20265,font_heading,font_heading
017671,TELEFÔNICA BRASIL S.A,2014Q1,2014Q2,0.9615,20265,20168,font_heading,font_heading
017671,TELEFÔNICA BRASIL S.A,2014Q2,2014Q3,0.9449,20168,21478,font_heading,font_heading
017671,TELEFÔNICA BRASIL S.A,2014Q3,2015Q1,0.9125,21478,20891,font_heading,font_heading
017671,TELEFÔNICA BRASIL S.A,2015Q1,2015Q2,0.8855,20891,27854,font_heading,font_heading
017671,TELEFÔNICA BRASIL S.A,2015Q2,2015Q3,0.9612,27854,29328,font_heading,font_heading
017671,TELEFÔNICA BRASIL S.A,2015Q3,2016Q1,0.896,29328,26755,font_heading,font_heading
017671,TELEFÔNICA BRASIL S.A,2016Q1,2016Q2,0.7574,26755,17007,font_heading,font_heading
017671,TELEFÔNICA BRASIL S.A,2016Q2,2016Q3,0.9844,17007,17299,font_heading,font_heading
017671,TELEFÔNICA BRASIL S.A,2016Q3,2017Q1,0.5195,17299,6260,font_heading,font_heading
017671,TELEFÔNICA BRASIL S.A,2017Q1,2017Q2,0.9556,6260,6813,font_heading,font_heading
017671,TELEFÔNICA BRASIL S.A,2017Q2,2017Q3,0.9513,6813,7123,font_heading,font_heading
017671,TELEFÔNICA BRASIL S.A,2017Q3,2018Q1,0.8578,7123,5699,font_heading,font_heading
017671,TELEFÔNICA BRASIL S.A,2018Q1,2018Q2,0.9581,5699,5916,font_heading,font_heading
017671,TELEFÔNICA BRASIL S.A,2018Q2,2018Q3,0.9533,5916,6089,font_heading,font_heading
017671,TELEFÔNICA BRASIL S.A,2018Q3,2019Q1,0.8592,6089,5681,font_heading,font_heading
017671,TELEFÔNICA BRASIL S.A,2019Q1,2019Q2,0.9561,5681,5947,font_heading,font_heading
017671,TELEFÔNICA BRASIL S.A,2019Q2,2019Q3,0.9377,5947,5541,font_heading,font_heading
017671,TELEFÔNICA BRASIL S.A,2019Q3,2020Q1,0.892,5541,5846,font_heading,font_heading
017671,TELEFÔNICA BRASIL S.A,2020Q1,2020Q2,0.9617,5846,6151,font_heading,font_heading
017671,TELEFÔNICA BRASIL S.A,2020Q2,2020Q3,0.9391,6151,6655,font_heading,font_heading
017671,TELEFÔNICA BRASIL S.A,2020Q3,2021Q1,0.2215,6655,364,font_heading,font_heading
017671,TELEFÔNICA BRASIL S.A,2021Q1,2021Q2,0.9855,364,364,font_heading,font_heading
017671,TELEFÔNICA BRASIL S.A,2021Q2,2021Q3,0.9845,364,367,font_heading,font_heading
017671,TELEFÔNICA BRASIL S.A,2021Q3,2022Q1,0.0754,367,184,font_heading,font_heading
017671,TELEFÔNICA BRASIL S.A,2022Q1,2022Q2,1.0,184,184,font_heading,font_heading
017671,TELEFÔNICA BRASIL S.A,2022Q2,2022Q3,0.3267,184,1355,font_heading,font_heading
017671,TELEFÔNICA BRASIL S.A,2022Q3,2023Q1,0.0416,1355,602,font_heading,font_heading
017671,TELEFÔNICA BRASIL S.A,2023Q1,2023Q2,0.9953,602,602,font_heading,font_heading
017671,TELEFÔNICA BRASIL S.A,2023Q2,2023Q3,0.8602,602,656,font_heading,font_heading
017671,TELEFÔNICA BRASIL S.A,2023Q3,2024Q1,0.4609,656,9277,font_heading,font_heading
017671,TELEFÔNICA BRASIL S.A,2024Q1,2024Q2,0.9186,9277,10123,font_heading,font_heading
017671,TELEFÔNICA BRASIL S.A,2024Q2,2024Q3,0.9199,10123,11573,font_heading,font_heading
017671,TELEFÔNICA BRASIL S.A,2024Q3,2025Q1,0.2691,11573,871,font_heading,font_heading
017671,TELEFÔNICA BRASIL S.A,2025Q1,2025Q2,0.9711,871,815,font_heading,font_heading
017671,TELEFÔNICA BRASIL S.A,2025Q2,2025Q3,0.9707,815,857,font_heading,font_heading
017710,Vivo Participacoes SA,2011Q1,2011Q2,0.9823,14803,14063,font_heading,font_heading
017892,Santos Brasil Participações S.A.,2011Q1,2011Q2,0.8986,6894,4558,font_heading,font_heading
017892,Santos Brasil Participações S.A.,2011Q2,2011Q3,0.9839,4558,4802,font_heading,font_heading
017892,Santos Brasil Participações S.A.,2011Q3,2012Q1,0.8585,4802,5758,font_heading,font_heading
017892,Santos Brasil Participações S.A.,2012Q1,2012Q2,0.9796,5758,6061,font_heading,font_heading
017892,Santos Brasil Participações S.A.,2012Q2,2012Q3,0.9925,6061,6259,font_heading,font_heading
017892,Santos Brasil Participações S.A.,2012Q3,2013Q1,0.8332,6259,4383,font_heading,font_heading
017892,Santos Brasil Participações S.A.,2013Q1,2013Q3,0.9562,4383,3812,font_heading,font_heading
017892,Santos Brasil Participações S.A.,2013Q3,2014Q1,0.8874,3812,3035,font_heading,font_heading
017892,Santos Brasil Participações S.A.,2014Q1,2014Q2,0.9468,3035,3876,font_heading,font_heading
017892,Santos Brasil Participações S.A.,2014Q2,2014Q3,0.994,3876,3972,font_heading,font_heading
017892,Santos Brasil Participações S.A.,2014Q3,2015Q1,0.9815,3972,3948,font_heading,font_heading
017892,Santos Brasil Participações S.A.,2015Q1,2015Q2,0.9977,3948,3991,font_heading,font_heading
017892,Santos Brasil Participações S.A.,2015Q2,2015Q3,0.9432,3991,4884,font_heading,font_heading
017892,Santos Brasil Participações S.A.,2015Q3,2016Q1,0.867,4884,5720,font_heading,font_heading
017892,Santos Brasil Participações S.A.,2016Q1,2016Q2,0.9708,5720,6291,font_heading,font_heading
017892,Santos Brasil Participações S.A.,2016Q2,2016Q3,0.9383,6291,6780,font_heading,font_heading
017892,Santos Brasil Participações S.A.,2016Q3,2017Q2,0.8627,6780,6464,font_heading,font_heading
017892,Santos Brasil Participações S.A.,2017Q2,2017Q3,0.8919,6464,5019,font_heading,font_heading
017892,Santos Brasil Participações S.A.,2017Q3,2018Q1,0.8793,5019,4856,font_heading,font_heading
017892,Santos Brasil Participações S.A.,2018Q1,2018Q2,0.8975,4856,4732,font_heading,font_heading
017892,Santos Brasil Participações S.A.,2018Q2,2018Q3,0.8724,4732,4949,font_heading,font_heading
017892,Santos Brasil Participações S.A.,2018Q3,2019Q1,0.8525,4949,4840,font_heading,font_heading
017892,Santos Brasil Participações S.A.,2019Q1,2019Q2,0.9179,4840,7178,font_heading,font_heading
017892,Santos Brasil Participações S.A.,2019Q2,2019Q3,0.954,7178,7195,font_heading,font_heading
017892,Santos Brasil Participações S.A.,2019Q3,2020Q1,0.711,7195,6878,font_heading,font_heading
017892,Santos Brasil Participações S.A.,2020Q1,2020Q2,0.9819,6878,7139,font_heading,font_heading
017892,Santos Brasil Participações S.A.,2020Q2,2020Q3,0.9862,7139,7342,font_heading,font_heading
017892,Santos Brasil Participações S.A.,2020Q3,2021Q1,0.9671,7342,7187,font_heading,font_heading
017892,Santos Brasil Participações S.A.,2021Q1,2021Q2,0.9917,7187,7132,font_heading,font_heading
017892,Santos Brasil Participações S.A.,2021Q2,2021Q3,0.2184,7132,4155,font_heading,regex_only
017892,Santos Brasil Participações S.A.,2021Q3,2022Q1,0.6351,4155,5509,regex_only,regex_only
017892,Santos Brasil Participações S.A.,2022Q1,2022Q2,0.8155,5509,5004,regex_only,regex_only
017892,Santos Brasil Participações S.A.,2022Q2,2022Q3,0.8015,5004,5416,regex_only,regex_only
017892,Santos Brasil Participações S.A.,2022Q3,2023Q1,0.4567,5416,14501,regex_only,regex_only
017892,Santos Brasil Participações S.A.,2023Q1,2023Q2,0.899,14501,12427,regex_only,regex_only
017892,Santos Brasil Participações S.A.,2023Q2,2023Q3,0.9422,12427,15026,regex_only,regex_only
017892,Santos Brasil Participações S.A.,2023Q3,2024Q1,0.1531,15026,5633,regex_only,font_heading
017892,Santos Brasil Participações S.A.,2024Q1,2024Q2,0.997,5633,5633,font_heading,font_heading
017892,Santos Brasil Participações S.A.,2024Q2,2024Q3,0.1802,5633,11531,font_heading,regex_only
017892,Santos Brasil Participações S.A.,2024Q3,2025Q1,0.9136,11531,16191,regex_only,regex_only
017892,Santos Brasil Participações S.A.,2025Q1,2025Q2,0.9238,16191,10510,regex_only,regex_only
017892,Santos Brasil Participações S.A.,2025Q2,2025Q3,0.1183,10510,7867,regex_only,font_heading
017914,Massa Falida da MMX Mineração e Metálicos S.A.,2011Q1,2011Q2,0.9309,2852,3413,font_heading,font_heading
017914,Massa Falida da MMX Mineração e Metálicos S.A.,2011Q2,2011Q3,0.9738,3413,3565,font_heading,font_heading
017914,Massa Falida da MMX Mineração e Metálicos S.A.,2011Q3,2012Q3,0.2715,3565,6733,font_heading,regex_only
017914,Massa Falida da MMX Mineração e Metálicos S.A.,2012Q3,2013Q2,0.677,6733,5203,regex_only,regex_only
017914,Massa Falida da MMX Mineração e Metálicos S.A.,2013Q2,2014Q1,0.1253,5203,2258,regex_only,font_heading
017914,Massa Falida da MMX Mineração e Metálicos S.A.,2014Q1,2014Q2,0.9908,2258,2219,font_heading,font_heading
017914,Massa Falida da MMX Mineração e Metálicos S.A.,2014Q2,2014Q3,0.9913,2219,2199,font_heading,font_heading
017914,Massa Falida da MMX Mineração e Metálicos S.A.,2014Q3,2015Q1,0.7362,2199,982,font_heading,font_heading
017914,Massa Falida da MMX Mineração e Metálicos S.A.,2015Q1,2015Q2,1.0,982,990,font_heading,font_heading
017914,Massa Falida da MMX Mineração e Metálicos S.A.,2015Q2,2015Q3,0.9935,990,972,font_heading,font_heading
017914,Massa Falida da MMX Mineração e Metálicos S.A.,2015Q3,2016Q1,0.988,972,980,font_heading,font_heading
017914,Massa Falida da MMX Mineração e Metálicos S.A.,2016Q1,2016Q2,0.9539,980,890,font_heading,font_heading
017914,Massa Falida da MMX Mineração e Metálicos S.A.,2016Q2,2016Q3,1.0,890,890,font_heading,font_heading
017914,Massa Falida da MMX Mineração e Metálicos S.A.,2016Q3,2017Q1,0.9916,890,828,font_heading,font_heading
017914,Massa Falida da MMX Mineração e Metálicos S.A.,2017Q1,2017Q2,0.9782,828,756,font_heading,font_heading
017914,Massa Falida da MMX Mineração e Metálicos S.A.,2017Q2,2017Q3,0.9782,756,828,font_heading,font_heading
017914,Massa Falida da MMX Mineração e Metálicos S.A.,2017Q3,2018Q1,0.9782,828,739,font_heading,font_heading
017914,Massa Falida da MMX Mineração e Metálicos S.A.,2018Q1,2018Q2,1.0,739,752,font_heading,font_heading
017914,Massa Falida da MMX Mineração e Metálicos S.A.,2018Q2,2018Q3,1.0,752,741,font_heading,font_heading
017914,Massa Falida da MMX Mineração e Metálicos S.A.,2018Q3,2019Q1,1.0,741,744,font_heading,font_heading
017914,Massa Falida da MMX Mineração e Metálicos S.A.,2019Q1,2019Q2,1.0,744,744,font_heading,font_heading
017914,Massa Falida da MMX Mineração e Metálicos S.A.,2019Q2,2019Q3,1.0,744,755,font_heading,font_heading
017914,Massa Falida da MMX Mineração e Metálicos S.A.,2019Q3,2020Q1,0.0383,755,6983,font_heading,regex_only
017914,Massa Falida da MMX Mineração e Metálicos S.A.,2020Q1,2020Q2,0.0383,6983,766,regex_only,font_heading
017914,Massa Falida da MMX Mineração e Metálicos S.A.,2020Q2,2020Q3,0.0432,766,8167,font_heading,regex_only
017914,Massa Falida da MMX Mineração e Metálicos S.A.,2020Q3,2021Q1,0.779,8167,13350,regex_only,regex_only
017973,COGNA EDUCAÇÃO S.A.,2011Q1,2011Q2,0.9705,3506,3546,font_heading,font_heading
017973,COGNA EDUCAÇÃO S.A.,2011Q2,2011Q3,0.7208,3546,2759,font_heading,font_heading
017973,COGNA EDUCAÇÃO S.A.,2011Q3,2012Q1,0.0815,2759,2189,font_heading,regex_only
017973,COGNA EDUCAÇÃO S.A.,2012Q1,2012Q2,0.5163,2189,7261,regex_only,regex_only
017973,COGNA EDUCAÇÃO S.A.,2012Q2,2012Q3,0.8713,7261,6650,regex_only,regex_only
017973,COGNA EDUCAÇÃO S.A.,2012Q3,2013Q1,0.1982,6650,4496,regex_only,font_heading
017973,COGNA EDUCAÇÃO S.A.,2013Q1,2013Q2,0.9357,4496,4715,font_heading,font_heading
017973,COGNA EDUCAÇÃO S.A.,2013Q2,2013Q3,0.9963,4715,4720,font_heading,font_heading
017973,COGNA EDUCAÇÃO S.A.,2013Q3,2014Q1,0.8874,4720,3504,font_heading,font_heading
017973,COGNA EDUCAÇÃO S.A.,2014Q1,2014Q2,0.9209,3504,3820,font_heading,font_heading
017973,COGNA EDUCAÇÃO S.A.,2014Q2,2014Q3,0.559,3820,9709,font_heading,font_heading
017973,COGNA EDUCAÇÃO S.A.,2014Q3,2015Q1,0.1358,9709,6347,font_heading,regex_only
017973,COGNA EDUCAÇÃO S.A.,2015Q1,2015Q2,0.1041,6347,2119,regex_only,font_heading
017973,COGNA EDUCAÇÃO S.A.,2015Q2,2015Q3,0.9502,2119,2039,font_heading,font_heading
017973,COGNA EDUCAÇÃO S.A.,2015Q3,2016Q1,0.4346,2039,1941,font_heading,font_heading
017973,COGNA EDUCAÇÃO S.A.,2016Q1,2016Q2,0.0617,1941,8348,font_heading,regex_only
017973,COGNA EDUCAÇÃO S.A.,2016Q2,2016Q3,0.0613,8348,2103,regex_only,font_heading
017973,COGNA EDUCAÇÃO S.A.,2016Q3,2017Q1,0.751,2103,3029,font_heading,font_heading
017973,COGNA EDUCAÇÃO S.A.,2017Q1,2017Q2,0.986,3029,2984,font_heading,font_heading
017973,COGNA EDUCAÇÃO S.A.,2017Q2,2017Q3,0.9944,2984,2965,font_heading,font_heading
017973,COGNA EDUCAÇÃO S.A.,2017Q3,2018Q1,0.9702,2965,2702,font_heading,font_heading
017973,COGNA EDUCAÇÃO S.A.,2018Q1,2018Q2,0.9992,2702,2715,font_heading,font_heading
017973,COGNA EDUCAÇÃO S.A.,2018Q2,2018Q3,0.859,2715,4751,font_heading,font_heading
017973,COGNA EDUCAÇÃO S.A.,2018Q3,2019Q1,0.6921,4751,4421,font_heading,font_heading
017973,COGNA EDUCAÇÃO S.A.,2019Q1,2019Q2,0.0637,4421,3559,font_heading,regex_only
017973,COGNA EDUCAÇÃO S.A.,2019Q2,2019Q3,0.6158,3559,9012,regex_only,regex_only
017973,COGNA EDUCAÇÃO S.A.,2019Q3,2020Q1,0.0323,9012,298,regex_only,regex_only
017973,COGNA EDUCAÇÃO S.A.,2020Q1,2020Q2,0.0197,298,3455,regex_only,regex_only
017973,COGNA EDUCAÇÃO S.A.,2020Q2,2020Q3,0.0156,3455,178,regex_only,regex_only
017973,COGNA EDUCAÇÃO S.A.,2020Q3,2021Q1,0.0363,178,5503,regex_only,regex_only
017973,COGNA EDUCAÇÃO S.A.,2021Q1,2021Q2,0.0513,5503,325,regex_only,regex_only
017973,COGNA EDUCAÇÃO S.A.,2021Q2,2021Q3,0.0134,325,408,regex_only,regex_only
017973,COGNA EDUCAÇÃO S.A.,2021Q3,2022Q1,0.0937,408,5287,regex_only,regex_only
017973,COGNA EDUCAÇÃO S.A.,2022Q1,2022Q2,0.0272,5287,97,regex_only,regex_only
017973,COGNA EDUCAÇÃO S.A.,2022Q2,2022Q3,0.0358,97,6441,regex_only,regex_only
017973,COGNA EDUCAÇÃO S.A.,2022Q3,2023Q1,0.6825,6441,6495,regex_only,regex_only
017973,COGNA EDUCAÇÃO S.A.,2023Q1,2023Q2,0.07,6495,147,regex_only,regex_only
017973,COGNA EDUCAÇÃO S.A.,2023Q2,2023Q3,0.1052,147,8374,regex_only,font_heading
017973,COGNA EDUCAÇÃO S.A.,2023Q3,2024Q1,0.9904,8374,8310,font_heading,font_heading
017973,COGNA EDUCAÇÃO S.A.,2024Q1,2024Q2,0.9674,8310,7250,font_heading,font_heading
017973,COGNA EDUCAÇÃO S.A.,2024Q2,2024Q3,0.9925,7250,7041,font_heading,font_heading
017973,COGNA EDUCAÇÃO S.A.,2024Q3,2025Q1,0.977,7041,4661,font_heading,font_heading
017973,COGNA EDUCAÇÃO S.A.,2025Q1,2025Q2,0.9995,4661,4793,font_heading,font_heading
017973,COGNA EDUCAÇÃO S.A.,2025Q2,2025Q3,0.9975,4793,4597,font_heading,font_heading
018112,Cia de Bebidas das Americas-Ambev,2011Q1,2011Q2,0.9003,3161,3299,font_heading,font_heading
018112,Cia de Bebidas das Americas-Ambev,2011Q2,2011Q3,0.835,3299,2789,font_heading,font_heading
018112,Cia de Bebidas das Americas-Ambev,2011Q3,2012Q2,0.2189,2789,343,font_heading,font_heading
018112,Cia de Bebidas das Americas-Ambev,2012Q2,2012Q3,0.829,343,500,font_heading,font_heading
018112,Cia de Bebidas das Americas-Ambev,2012Q3,2013Q1,0.5774,500,622,font_heading,font_heading
018350,AES Tiete SA,2011Q1,2011Q3,0.8956,5435,4733,font_heading,font_heading
018350,AES Tiete SA,2011Q3,2012Q1,0.9444,4733,4754,font_heading,font_heading
018350,AES Tiete SA,2012Q1,2012Q2,0.9799,4754,4953,font_heading,font_heading
018350,AES Tiete SA,2012Q2,2012Q3,0.9783,4953,4876,font_heading,font_heading
018350,AES Tiete SA,2012Q3,2013Q1,0.6316,4876,7016,font_heading,font_heading
018350,AES Tiete SA,2013Q1,2013Q2,0.9268,7016,8093,font_heading,font_heading
018350,AES Tiete SA,2013Q2,2013Q3,0.9868,8093,8094,font_heading,font_heading
018350,AES Tiete SA,2013Q3,2015Q2,0.9151,8094,9621,font_heading,font_heading
018350,AES Tiete SA,2015Q2,2015Q3,0.9569,9621,9364,font_heading,font_heading
018376,ISA ENERGIA BRASIL S.A,2011Q1,2011Q2,0.9754,24196,20903,regex_only,regex_only
018376,ISA ENERGIA BRASIL S.A,2011Q2,2011Q3,0.9914,20903,23229,regex_only,regex_only
018376,ISA ENERGIA BRASIL S.A,2011Q3,2012Q1,0.8109,23229,11603,regex_only,regex_only
018376,ISA ENERGIA BRASIL S.A,2012Q1,2012Q2,0.1591,11603,14621,regex_only,font_heading
018376,ISA ENERGIA BRASIL S.A,2012Q2,2012Q3,0.9594,14621,16993,font_heading,font_heading
018376,ISA ENERGIA BRASIL S.A,2012Q3,2013Q1,0.8512,16993,9039,font_heading,font_heading
018376,ISA ENERGIA BRASIL S.A,2013Q1,2013Q2,0.9134,9039,10366,font_heading,font_heading
018376,ISA ENERGIA BRASIL S.A,2013Q2,2014Q1,0.8793,10366,11033,font_heading,font_heading
018376,ISA ENERGIA BRASIL S.A,2014Q1,2014Q2,0.9937,11033,10941,font_heading,font_heading
018376,ISA ENERGIA BRASIL S.A,2014Q2,2014Q3,0.9971,10941,11046,font_heading,font_heading
018376,ISA ENERGIA BRASIL S.A,2014Q3,2015Q1,0.9842,11046,11688,font_heading,font_heading
018376,ISA ENERGIA BRASIL S.A,2015Q1,2015Q2,0.9828,11688,11150,font_heading,font_heading
018376,ISA ENERGIA BRASIL S.A,2015Q2,2015Q3,0.9985,11150,11135,font_heading,font_heading
018376,ISA ENERGIA BRASIL S.A,2015Q3,2016Q1,0.9475,11135,10774,font_heading,font_heading
018376,ISA ENERGIA BRASIL S.A,2016Q1,2016Q2,0.9891,10774,11462,font_heading,font_heading
018376,ISA ENERGIA BRASIL S.A,2016Q2,2016Q3,0.9952,11462,11735,font_heading,font_heading
018376,ISA ENERGIA BRASIL S.A,2016Q3,2017Q1,0.9608,11735,12357,font_heading,font_heading
018376,ISA ENERGIA BRASIL S.A,2017Q1,2017Q2,0.9896,12357,12693,font_heading,font_heading
018376,ISA ENERGIA BRASIL S.A,2017Q2,2017Q3,0.8834,12693,18611,font_heading,font_heading
018376,ISA ENERGIA BRASIL S.A,2017Q3,2018Q1,0.9887,18611,18436,font_heading,font_heading
018376,ISA ENERGIA BRASIL S.A,2018Q1,2018Q2,0.986,18436,19587,font_heading,font_heading
018376,ISA ENERGIA BRASIL S.A,2018Q2,2018Q3,0.9677,19587,22939,font_heading,font_heading
018376,ISA ENERGIA BRASIL S.A,2018Q3,2019Q1,0.672,22939,14185,font_heading,font_heading
018376,ISA ENERGIA BRASIL S.A,2019Q1,2019Q2,0.8163,14185,8671,font_heading,font_heading
018376,ISA ENERGIA BRASIL S.A,2019Q2,2019Q3,0.0572,8671,761,font_heading,regex_only
018376,ISA ENERGIA BRASIL S.A,2019Q3,2020Q1,0.3102,761,572,regex_only,regex_only
018376,ISA ENERGIA BRASIL S.A,2020Q1,2020Q2,0.0665,572,14766,regex_only,font_heading
018376,ISA ENERGIA BRASIL S.A,2020Q2,2020Q3,0.9926,14766,15080,font_heading,font_heading
018376,ISA ENERGIA BRASIL S.A,2020Q3,2021Q1,0.9266,15080,16204,font_heading,font_heading
018376,ISA ENERGIA BRASIL S.A,2021Q1,2021Q2,0.997,16204,16442,font_heading,font_heading
018376,ISA ENERGIA BRASIL S.A,2021Q2,2021Q3,0.993,16442,16279,font_heading,font_heading
018376,ISA ENERGIA BRASIL S.A,2021Q3,2022Q1,0.6785,16279,7635,font_heading,font_heading
018376,ISA ENERGIA BRASIL S.A,2022Q1,2022Q2,0.9989,7635,7684,font_heading,font_heading
018376,ISA ENERGIA BRASIL S.A,2022Q2,2022Q3,0.8915,7684,10898,font_heading,font_heading
018376,ISA ENERGIA BRASIL S.A,2022Q3,2023Q1,0.0652,10898,4454,font_heading,regex_only
018376,ISA ENERGIA BRASIL S.A,2023Q1,2023Q2,0.821,4454,4027,regex_only,regex_only
018376,ISA ENERGIA BRASIL S.A,2023Q2,2023Q3,0.0223,4027,113,regex_only,regex_only
018376,ISA ENERGIA BRASIL S.A,2023Q3,2024Q1,0.078,113,6647,regex_only,font_heading
018376,ISA ENERGIA BRASIL S.A,2024Q1,2024Q2,0.9954,6647,7026,font_heading,font_heading
018376,ISA ENERGIA BRASIL S.A,2024Q2,2024Q3,0.175,7026,432,font_heading,font_heading
018376,ISA ENERGIA BRASIL S.A,2024Q3,2025Q1,0.1841,432,8199,font_heading,font_heading
018376,ISA ENERGIA BRASIL S.A,2025Q1,2025Q2,0.1634,8199,375,font_heading,font_heading
018376,ISA ENERGIA BRASIL S.A,2025Q2,2025Q3,0.6042,375,435,font_heading,font_heading
018465,ULTRAPAR PARTICIPACOES S.A.,2011Q1,2011Q2,0.9325,13423,14100,font_heading,font_heading
018465,ULTRAPAR PARTICIPACOES S.A.,2011Q2,2011Q3,0.9871,14100,13924,font_heading,font_heading
018465,ULTRAPAR PARTICIPACOES S.A.,2011Q3,2012Q1,0.9505,13924,15612,font_heading,font_heading
018465,ULTRAPAR PARTICIPACOES S.A.,2012Q1,2012Q2,0.9849,15612,15827,font_heading,font_heading
018465,ULTRAPAR PARTICIPACOES S.A.,2012Q2,2012Q3,0.0752,15827,294,font_heading,regex_only
018465,ULTRAPAR PARTICIPACOES S.A.,2012Q3,2013Q1,0.0485,294,15152,regex_only,font_heading
018465,ULTRAPAR PARTICIPACOES S.A.,2013Q1,2013Q2,0.9775,15152,16548,font_heading,font_heading
018465,ULTRAPAR PARTICIPACOES S.A.,2013Q2,2013Q3,0.9933,16548,16808,font_heading,font_heading
018465,ULTRAPAR PARTICIPACOES S.A.,2013Q3,2014Q1,0.9612,16808,17184,font_heading,font_heading
018465,ULTRAPAR PARTICIPACOES S.A.,2014Q1,2014Q2,0.9938,17184,17246,font_heading,font_heading
018465,ULTRAPAR PARTICIPACOES S.A.,2014Q2,2014Q3,0.9897,17246,17988,font_heading,font_heading
018465,ULTRAPAR PARTICIPACOES S.A.,2014Q3,2015Q1,0.9179,17988,16407,font_heading,font_heading
018465,ULTRAPAR PARTICIPACOES S.A.,2015Q1,2015Q2,0.9897,16407,16674,font_heading,font_heading
018465,ULTRAPAR PARTICIPACOES S.A.,2015Q2,2015Q3,0.9979,16674,16862,font_heading,font_heading
018465,ULTRAPAR PARTICIPACOES S.A.,2015Q3,2016Q1,0.9503,16862,14668,font_heading,font_heading
018465,ULTRAPAR PARTICIPACOES S.A.,2016Q1,2016Q2,0.9901,14668,15719,font_heading,font_heading
018465,ULTRAPAR PARTICIPACOES S.A.,2016Q2,2016Q3,0.9885,15719,15892,font_heading,font_heading
018465,ULTRAPAR PARTICIPACOES S.A.,2016Q3,2017Q1,0.9527,15892,15696,font_heading,font_heading
018465,ULTRAPAR PARTICIPACOES S.A.,2017Q1,2017Q2,0.9801,15696,17508,font_heading,font_heading
018465,ULTRAPAR PARTICIPACOES S.A.,2017Q2,2017Q3,0.9976,17508,17924,font_heading,font_heading
018465,ULTRAPAR PARTICIPACOES S.A.,2017Q3,2018Q1,0.0919,17924,1532,font_heading,font_heading
018465,ULTRAPAR PARTICIPACOES S.A.,2018Q1,2018Q2,0.0747,1532,20333,font_heading,font_heading
018465,ULTRAPAR PARTICIPACOES S.A.,2018Q2,2018Q3,0.9912,20333,20546,font_heading,font_heading
018465,ULTRAPAR PARTICIPACOES S.A.,2018Q3,2019Q1,0.215,20546,3013,font_heading,font_heading
018465,ULTRAPAR PARTICIPACOES S.A.,2019Q1,2019Q2,1.0,3013,3013,font_heading,font_heading
018465,ULTRAPAR PARTICIPACOES S.A.,2019Q2,2019Q3,0.2107,3013,19684,font_heading,font_heading
018465,ULTRAPAR PARTICIPACOES S.A.,2019Q3,2020Q1,0.767,19684,7714,font_heading,font_heading
018465,ULTRAPAR PARTICIPACOES S.A.,2020Q1,2020Q2,0.8158,7714,22558,font_heading,font_heading
018465,ULTRAPAR PARTICIPACOES S.A.,2020Q2,2020Q3,0.9785,22558,21936,font_heading,font_heading
018465,ULTRAPAR PARTICIPACOES S.A.,2020Q3,2021Q1,0.804,21936,9637,font_heading,font_heading
018465,ULTRAPAR PARTICIPACOES S.A.,2021Q1,2021Q2,0.9409,9637,7475,font_heading,font_heading
018465,ULTRAPAR PARTICIPACOES S.A.,2021Q2,2021Q3,1.0,7475,7475,font_heading,font_heading
018465,ULTRAPAR PARTICIPACOES S.A.,2021Q3,2022Q1,0.3144,7475,5413,font_heading,font_heading
018465,ULTRAPAR PARTICIPACOES S.A.,2022Q1,2022Q2,0.762,5413,8463,font_heading,font_heading
018465,ULTRAPAR PARTICIPACOES S.A.,2022Q2,2022Q3,0.9667,8463,9135,font_heading,font_heading
018465,ULTRAPAR PARTICIPACOES S.A.,2022Q3,2023Q1,0.6221,9135,7202,font_heading,font_heading
018465,ULTRAPAR PARTICIPACOES S.A.,2023Q1,2023Q2,0.7808,7202,7429,font_heading,font_heading
018465,ULTRAPAR PARTICIPACOES S.A.,2023Q2,2023Q3,0.8428,7429,10529,font_heading,font_heading
018465,ULTRAPAR PARTICIPACOES S.A.,2023Q3,2024Q1,0.1883,10529,1823,font_heading,font_heading
018465,ULTRAPAR PARTICIPACOES S.A.,2024Q1,2024Q2,0.1177,1823,5318,font_heading,font_heading
018465,ULTRAPAR PARTICIPACOES S.A.,2024Q2,2024Q3,0.6844,5318,2676,font_heading,font_heading
018465,ULTRAPAR PARTICIPACOES S.A.,2024Q3,2025Q1,0.9712,2676,2872,font_heading,font_heading
018465,ULTRAPAR PARTICIPACOES S.A.,2025Q1,2025Q2,0.8922,2872,3333,font_heading,font_heading
018465,ULTRAPAR PARTICIPACOES S.A.,2025Q2,2025Q3,0.9587,3333,3389,font_heading,font_heading
018627,Cia. de Saneamento do Paraná (Sanepar),2011Q1,2011Q2,0.9979,7377,7357,font_heading,font_heading
018627,Cia. de Saneamento do Paraná (Sanepar),2011Q2,2011Q3,0.996,7357,7390,font_heading,font_heading
018627,Cia. de Saneamento do Paraná (Sanepar),2011Q3,2012Q1,0.9926,7390,7342,font_heading,font_heading
018627,Cia. de Saneamento do Paraná (Sanepar),2012Q1,2012Q2,0.9698,7342,8421,font_heading,font_heading
018627,Cia. de Saneamento do Paraná (Sanepar),2012Q2,2012Q3,0.9904,8421,8539,font_heading,font_heading
018627,Cia. de Saneamento do Paraná (Sanepar),2012Q3,2013Q1,0.9157,8539,8767,font_heading,font_heading
018627,Cia. de Saneamento do Paraná (Sanepar),2013Q1,2013Q2,0.9978,8767,8794,font_heading,font_heading
018627,Cia. de Saneamento do Paraná (Sanepar),2013Q2,2013Q3,0.965,8794,10180,font_heading,font_heading
018627,Cia. de Saneamento do Paraná (Sanepar),2013Q3,2014Q1,0.8934,10180,15180,font_heading,font_heading
018627,Cia. de Saneamento do Paraná (Sanepar),2014Q1,2014Q2,0.9833,15180,16829,font_heading,font_heading
018627,Cia. de Saneamento do Paraná (Sanepar),2014Q2,2014Q3,0.998,16829,16848,font_heading,font_heading
018627,Cia. de Saneamento do Paraná (Sanepar),2014Q3,2015Q1,0.9608,16848,19968,font_heading,font_heading
018627,Cia. de Saneamento do Paraná (Sanepar),2015Q1,2015Q2,0.9902,19968,22095,font_heading,font_heading
018627,Cia. de Saneamento do Paraná (Sanepar),2015Q2,2015Q3,0.928,22095,25557,font_heading,font_heading
018627,Cia. de Saneamento do Paraná (Sanepar),2015Q3,2016Q1,0.5653,25557,7451,font_heading,font_heading
018627,Cia. de Saneamento do Paraná (Sanepar),2016Q1,2016Q2,0.9951,7451,7402,font_heading,font_heading
018627,Cia. de Saneamento do Paraná (Sanepar),2016Q2,2016Q3,0.9757,7402,8520,font_heading,font_heading
018627,Cia. de Saneamento do Paraná (Sanepar),2016Q3,2017Q1,0.2187,8520,153,font_heading,font_heading
018627,Cia. de Saneamento do Paraná (Sanepar),2017Q1,2017Q2,1.0,153,153,font_heading,font_heading
018627,Cia. de Saneamento do Paraná (Sanepar),2017Q2,2017Q3,1.0,153,153,font_heading,font_heading
018627,Cia. de Saneamento do Paraná (Sanepar),2017Q3,2018Q1,1.0,153,153,font_heading,font_heading
018627,Cia. de Saneamento do Paraná (Sanepar),2018Q1,2018Q2,1.0,153,153,font_heading,font_heading
018627,Cia. de Saneamento do Paraná (Sanepar),2018Q2,2018Q3,0.0065,153,5202,font_heading,regex_only
018627,Cia. de Saneamento do Paraná (Sanepar),2018Q3,2019Q1,0.1008,5202,10356,regex_only,font_heading
018627,Cia. de Saneamento do Paraná (Sanepar),2019Q1,2019Q2,0.0919,10356,5310,font_heading,regex_only
018627,Cia. de Saneamento do Paraná (Sanepar),2019Q2,2019Q3,0.97,5310,6059,regex_only,regex_only
018627,Cia. de Saneamento do Paraná (Sanepar),2019Q3,2020Q1,0.1465,6059,16056,regex_only,font_heading
018627,Cia. de Saneamento do Paraná (Sanepar),2020Q1,2020Q2,0.9724,16056,16387,font_heading,font_heading
018627,Cia. de Saneamento do Paraná (Sanepar),2020Q2,2020Q3,0.1284,16387,7528,font_heading,regex_only
018627,Cia. de Saneamento do Paraná (Sanepar),2020Q3,2021Q1,0.1213,7528,18207,regex_only,font_heading
018627,Cia. de Saneamento do Paraná (Sanepar),2021Q1,2021Q2,0.9989,18207,18339,font_heading,font_heading
018627,Cia. de Saneamento do Paraná (Sanepar),2021Q2,2021Q3,0.9979,18339,18436,font_heading,font_heading
018627,Cia. de Saneamento do Paraná (Sanepar),2021Q3,2022Q1,0.9914,18436,19207,font_heading,font_heading
018627,Cia. de Saneamento do Paraná (Sanepar),2022Q1,2022Q2,0.9976,19207,19251,font_heading,font_heading
018627,Cia. de Saneamento do Paraná (Sanepar),2022Q2,2022Q3,0.9961,19251,19053,font_heading,font_heading
018627,Cia. de Saneamento do Paraná (Sanepar),2022Q3,2023Q1,0.9942,19053,18465,font_heading,font_heading
018627,Cia. de Saneamento do Paraná (Sanepar),2023Q1,2023Q2,0.9949,18465,19123,font_heading,font_heading
018627,Cia. de Saneamento do Paraná (Sanepar),2023Q2,2023Q3,0.9982,19123,19203,font_heading,font_heading
018627,Cia. de Saneamento do Paraná (Sanepar),2023Q3,2024Q1,0.9038,19203,14653,font_heading,font_heading
018627,Cia. de Saneamento do Paraná (Sanepar),2024Q1,2024Q2,0.9968,14653,15034,font_heading,font_heading
018627,Cia. de Saneamento do Paraná (Sanepar),2024Q2,2024Q3,0.9969,15034,14984,font_heading,font_heading
018627,Cia. de Saneamento do Paraná (Sanepar),2024Q3,2025Q1,0.8613,14984,15302,font_heading,font_heading
018627,Cia. de Saneamento do Paraná (Sanepar),2025Q1,2025Q2,0.9989,15302,15452,font_heading,font_heading
018627,Cia. de Saneamento do Paraná (Sanepar),2025Q2,2025Q3,0.9834,15452,16746,font_heading,font_heading
018660,CPFL ENERGIA S.A.,2011Q1,2011Q2,0.0614,109,242,font_heading,font_heading
018660,CPFL ENERGIA S.A.,2011Q2,2011Q3,1.0,242,242,font_heading,font_heading
018660,CPFL ENERGIA S.A.,2011Q3,2012Q1,0.1352,242,569,font_heading,font_heading
018660,CPFL ENERGIA S.A.,2012Q1,2012Q2,0.859,569,1052,font_heading,font_heading
018660,CPFL ENERGIA S.A.,2012Q2,2012Q3,0.9019,1052,1539,font_heading,font_heading
018660,CPFL ENERGIA S.A.,2012Q3,2013Q1,0.6408,1539,1094,font_heading,font_heading
018660,CPFL ENERGIA S.A.,2013Q1,2013Q2,0.9754,1094,1477,font_heading,font_heading
018660,CPFL ENERGIA S.A.,2013Q2,2014Q1,0.1661,1477,133,font_heading,font_heading
018660,CPFL ENERGIA S.A.,2014Q1,2014Q3,0.2439,133,1665,font_heading,font_heading
018660,CPFL ENERGIA S.A.,2014Q3,2015Q1,0.2278,1665,707,font_heading,font_heading
018660,CPFL ENERGIA S.A.,2015Q1,2015Q2,0.549,707,281,font_heading,font_heading
018660,CPFL ENERGIA S.A.,2015Q2,2015Q3,1.0,281,281,font_heading,font_heading
018660,CPFL ENERGIA S.A.,2015Q3,2016Q1,0.7775,281,445,font_heading,font_heading
018660,CPFL ENERGIA S.A.,2016Q1,2016Q2,1.0,445,445,font_heading,font_heading
018660,CPFL ENERGIA S.A.,2016Q2,2016Q3,1.0,445,445,font_heading,font_heading
018660,CPFL ENERGIA S.A.,2016Q3,2017Q1,0.9962,445,458,font_heading,font_heading
018660,CPFL ENERGIA S.A.,2017Q1,2017Q2,0.4085,458,4018,font_heading,font_heading
018660,CPFL ENERGIA S.A.,2017Q2,2017Q3,0.763,4018,7020,font_heading,font_heading
018660,CPFL ENERGIA S.A.,2017Q3,2018Q1,0.6198,7020,4940,font_heading,font_heading
018660,CPFL ENERGIA S.A.,2018Q1,2018Q2,0.7541,4940,6637,font_heading,font_heading
018660,CPFL ENERGIA S.A.,2018Q2,2018Q3,0.9523,6637,5980,font_heading,font_heading
018660,CPFL ENERGIA S.A.,2018Q3,2019Q1,0.8906,5980,6086,font_heading,font_heading
018660,CPFL ENERGIA S.A.,2019Q1,2019Q2,0.9865,6086,6428,font_heading,font_heading
018660,CPFL ENERGIA S.A.,2019Q2,2019Q3,0.6689,6428,12126,font_heading,font_heading
018660,CPFL ENERGIA S.A.,2019Q3,2020Q1,0.629,12126,5940,font_heading,font_heading
018660,CPFL ENERGIA S.A.,2020Q1,2020Q2,0.945,5940,6277,font_heading,font_heading
018660,CPFL ENERGIA S.A.,2020Q2,2020Q3,0.9643,6277,6600,font_heading,font_heading
018660,CPFL ENERGIA S.A.,2020Q3,2021Q1,0.3146,6600,12640,font_heading,regex_only
018660,CPFL ENERGIA S.A.,2021Q1,2021Q2,0.3313,12640,6153,regex_only,font_heading
018660,CPFL ENERGIA S.A.,2021Q2,2021Q3,0.6253,6153,14855,font_heading,font_heading
018660,CPFL ENERGIA S.A.,2021Q3,2022Q1,0.557,14855,6129,font_heading,font_heading
018660,CPFL ENERGIA S.A.,2022Q1,2022Q2,0.665,6129,3112,font_heading,font_heading
018660,CPFL ENERGIA S.A.,2022Q2,2022Q3,0.9946,3112,3131,font_heading,font_heading
018660,CPFL ENERGIA S.A.,2022Q3,2023Q1,0.8592,3131,1505,font_heading,font_heading
018660,CPFL ENERGIA S.A.,2023Q1,2023Q2,0.9978,1505,1508,font_heading,font_heading
018660,CPFL ENERGIA S.A.,2023Q2,2023Q3,0.9952,1508,1511,font_heading,font_heading
018660,CPFL ENERGIA S.A.,2023Q3,2024Q1,0.7463,1511,2091,font_heading,font_heading
018660,CPFL ENERGIA S.A.,2024Q1,2024Q2,0.9339,2091,1996,font_heading,font_heading
018660,CPFL ENERGIA S.A.,2024Q2,2024Q3,0.5114,1996,5917,font_heading,font_heading
018660,CPFL ENERGIA S.A.,2024Q3,2025Q2,0.4884,5917,2173,font_heading,font_heading
018660,CPFL ENERGIA S.A.,2025Q2,2025Q3,0.9905,2173,2179,font_heading,font_heading
018724,BRADESPAR S.A.,2011Q1,2011Q2,0.0125,3123,66,font_heading,font_heading
018724,BRADESPAR S.A.,2011Q2,2011Q3,0.9856,66,63,font_heading,font_heading
018724,BRADESPAR S.A.,2011Q3,2012Q1,0.0,63,1261,font_heading,font_heading
018724,BRADESPAR S.A.,2012Q1,2012Q2,0.9756,1261,1307,font_heading,font_heading
018724,BRADESPAR S.A.,2012Q2,2012Q3,0.9523,1307,1998,font_heading,font_heading
018724,BRADESPAR S.A.,2012Q3,2013Q1,0.9929,1998,1982,font_heading,font_heading
018724,BRADESPAR S.A.,2013Q1,2013Q2,0.8955,1982,2026,font_heading,font_heading
018724,BRADESPAR S.A.,2013Q2,2013Q3,0.9834,2026,2767,font_heading,font_heading
018724,BRADESPAR S.A.,2013Q3,2014Q1,0.8467,2767,964,font_heading,font_heading
018724,BRADESPAR S.A.,2014Q1,2014Q2,0.9964,964,964,font_heading,font_heading
018724,BRADESPAR S.A.,2014Q2,2014Q3,0.9497,964,859,font_heading,font_heading
018724,BRADESPAR S.A.,2014Q3,2015Q1,0.9957,859,856,font_heading,font_heading
018724,BRADESPAR S.A.,2015Q1,2015Q2,0.9959,856,856,font_heading,font_heading
018724,BRADESPAR S.A.,2015Q2,2015Q3,0.9074,856,1007,font_heading,font_heading
018724,BRADESPAR S.A.,2015Q3,2016Q1,0.2779,1007,25551,font_heading,font_heading
018724,BRADESPAR S.A.,2016Q1,2016Q2,0.9567,25551,28925,font_heading,font_heading
018724,BRADESPAR S.A.,2016Q2,2016Q3,0.961,28925,32067,font_heading,font_heading
018724,BRADESPAR S.A.,2016Q3,2017Q1,0.8696,32067,35427,font_heading,font_heading
018724,BRADESPAR S.A.,2017Q1,2017Q2,0.95,35427,40342,font_heading,font_heading
018724,BRADESPAR S.A.,2017Q2,2017Q3,0.8144,40342,22262,font_heading,regex_only
018724,BRADESPAR S.A.,2017Q3,2018Q1,0.6007,22262,38789,regex_only,font_heading
018724,BRADESPAR S.A.,2018Q1,2018Q2,0.9705,38789,43053,font_heading,font_heading
018724,BRADESPAR S.A.,2018Q2,2018Q3,0.972,43053,44427,font_heading,font_heading
018724,BRADESPAR S.A.,2018Q3,2019Q1,0.5834,44427,47988,font_heading,font_heading
018724,BRADESPAR S.A.,2019Q1,2019Q2,0.4592,47988,6098,font_heading,regex_only
018724,BRADESPAR S.A.,2019Q2,2019Q3,0.4969,6098,43156,regex_only,font_heading
018724,BRADESPAR S.A.,2019Q3,2020Q1,0.271,43156,1979,font_heading,font_heading
018724,BRADESPAR S.A.,2020Q1,2020Q2,0.996,1979,1979,font_heading,font_heading
018724,BRADESPAR S.A.,2020Q2,2020Q3,0.936,1979,2495,font_heading,font_heading
018724,BRADESPAR S.A.,2020Q3,2021Q1,0.141,2495,25193,font_heading,regex_only
018724,BRADESPAR S.A.,2021Q1,2021Q2,0.8664,25193,19073,regex_only,regex_only
018724,BRADESPAR S.A.,2021Q2,2021Q3,0.9758,19073,19321,regex_only,regex_only
018821,MOTIVA INFRAESTRUTURA DE MOBILIDADE S.A.,2011Q1,2011Q2,0.5468,5960,49261,font_heading,font_heading
018821,MOTIVA INFRAESTRUTURA DE MOBILIDADE S.A.,2011Q2,2011Q3,0.5999,49261,9267,font_heading,font_heading
018821,MOTIVA INFRAESTRUTURA DE MOBILIDADE S.A.,2011Q3,2012Q1,0.7436,9267,3608,font_heading,font_heading
018821,MOTIVA INFRAESTRUTURA DE MOBILIDADE S.A.,2012Q1,2012Q2,0.8659,3608,5899,font_heading,font_heading
018821,MOTIVA INFRAESTRUTURA DE MOBILIDADE S.A.,2012Q2,2012Q3,0.8719,5899,7634,font_heading,font_heading
018821,MOTIVA INFRAESTRUTURA DE MOBILIDADE S.A.,2012Q3,2013Q1,0.3184,7634,612,font_heading,font_heading
018821,MOTIVA INFRAESTRUTURA DE MOBILIDADE S.A.,2013Q1,2013Q2,0.3476,612,6780,font_heading,font_heading
018821,MOTIVA INFRAESTRUTURA DE MOBILIDADE S.A.,2013Q2,2013Q3,0.9774,6780,6780,font_heading,font_heading
018821,MOTIVA INFRAESTRUTURA DE MOBILIDADE S.A.,2013Q3,2014Q1,0.0147,6780,1856,font_heading,font_heading
018821,MOTIVA INFRAESTRUTURA DE MOBILIDADE S.A.,2014Q1,2014Q2,0.0122,1856,5203,font_heading,font_heading
018821,MOTIVA INFRAESTRUTURA DE MOBILIDADE S.A.,2014Q2,2014Q3,0.996,5203,5336,font_heading,font_heading
018821,MOTIVA INFRAESTRUTURA DE MOBILIDADE S.A.,2014Q3,2015Q1,0.9251,5336,6222,font_heading,font_heading
018821,MOTIVA INFRAESTRUTURA DE MOBILIDADE S.A.,2015Q1,2015Q2,0.9386,6222,9476,font_heading,font_heading
018821,MOTIVA INFRAESTRUTURA DE MOBILIDADE S.A.,2015Q2,2015Q3,0.8895,9476,5287,font_heading,font_heading
018821,MOTIVA INFRAESTRUTURA DE MOBILIDADE S.A.,2015Q3,2016Q1,0.2368,5287,60426,font_heading,font_heading
018821,MOTIVA INFRAESTRUTURA DE MOBILIDADE S.A.,2016Q1,2016Q2,0.9829,60426,69159,font_heading,font_heading
018821,MOTIVA INFRAESTRUTURA DE MOBILIDADE S.A.,2016Q2,2016Q3,0.9944,69159,68458,font_heading,font_heading
018821,MOTIVA INFRAESTRUTURA DE MOBILIDADE S.A.,2016Q3,2017Q1,0.2201,68458,4700,font_heading,font_heading
018821,MOTIVA INFRAESTRUTURA DE MOBILIDADE S.A.,2017Q1,2017Q2,0.2375,4700,827,font_heading,font_heading
018821,MOTIVA INFRAESTRUTURA DE MOBILIDADE S.A.,2017Q2,2017Q3,0.0678,827,166,font_heading,font_heading
018821,MOTIVA INFRAESTRUTURA DE MOBILIDADE S.A.,2017Q3,2018Q1,0.1748,166,6120,font_heading,font_heading
018821,MOTIVA INFRAESTRUTURA DE MOBILIDADE S.A.,2018Q1,2018Q2,0.9919,6120,6532,font_heading,font_heading
018821,MOTIVA INFRAESTRUTURA DE MOBILIDADE S.A.,2018Q2,2018Q3,0.9958,6532,6813,font_heading,font_heading
018821,MOTIVA INFRAESTRUTURA DE MOBILIDADE S.A.,2018Q3,2019Q1,0.2156,6813,2921,font_heading,font_heading
018821,MOTIVA INFRAESTRUTURA DE MOBILIDADE S.A.,2019Q1,2019Q2,0.8674,2921,3926,font_heading,font_heading
018821,MOTIVA INFRAESTRUTURA DE MOBILIDADE S.A.,2019Q2,2019Q3,0.9777,3926,3840,font_heading,font_heading
018821,MOTIVA INFRAESTRUTURA DE MOBILIDADE S.A.,2019Q3,2020Q1,0.824,3840,3389,font_heading,font_heading
018821,MOTIVA INFRAESTRUTURA DE MOBILIDADE S.A.,2020Q1,2020Q2,0.8371,3389,5971,font_heading,font_heading
018821,MOTIVA INFRAESTRUTURA DE MOBILIDADE S.A.,2020Q2,2020Q3,0.9984,5971,5980,font_heading,font_heading
018821,MOTIVA INFRAESTRUTURA DE MOBILIDADE S.A.,2020Q3,2021Q1,0.6927,5980,10418,font_heading,font_heading
018821,MOTIVA INFRAESTRUTURA DE MOBILIDADE S.A.,2021Q1,2021Q2,0.9686,10418,12874,font_heading,font_heading
018821,MOTIVA INFRAESTRUTURA DE MOBILIDADE S.A.,2021Q2,2021Q3,0.9749,12874,14142,font_heading,font_heading
018821,MOTIVA INFRAESTRUTURA DE MOBILIDADE S.A.,2021Q3,2022Q1,0.8914,14142,19374,font_heading,font_heading
018821,MOTIVA INFRAESTRUTURA DE MOBILIDADE S.A.,2022Q1,2022Q2,0.8679,19374,11714,font_heading,font_heading
018821,MOTIVA INFRAESTRUTURA DE MOBILIDADE S.A.,2022Q2,2022Q3,0.9923,11714,12364,font_heading,font_heading
018821,MOTIVA INFRAESTRUTURA DE MOBILIDADE S.A.,2022Q3,2023Q1,0.8463,12364,9738,font_heading,font_heading
018821,MOTIVA INFRAESTRUTURA DE MOBILIDADE S.A.,2023Q1,2023Q2,0.9787,9738,10309,font_heading,font_heading
018821,MOTIVA INFRAESTRUTURA DE MOBILIDADE S.A.,2023Q2,2023Q3,0.8506,10309,12043,font_heading,font_heading
018821,MOTIVA INFRAESTRUTURA DE MOBILIDADE S.A.,2023Q3,2024Q1,0.9668,12043,11227,font_heading,font_heading
018821,MOTIVA INFRAESTRUTURA DE MOBILIDADE S.A.,2024Q1,2024Q2,0.9969,11227,11550,font_heading,font_heading
018821,MOTIVA INFRAESTRUTURA DE MOBILIDADE S.A.,2024Q2,2024Q3,0.0731,11550,1535,font_heading,regex_only
018821,MOTIVA INFRAESTRUTURA DE MOBILIDADE S.A.,2024Q3,2025Q1,0.0809,1535,727,regex_only,font_heading
018821,MOTIVA INFRAESTRUTURA DE MOBILIDADE S.A.,2025Q1,2025Q2,1.0,727,727,font_heading,font_heading
018821,MOTIVA INFRAESTRUTURA DE MOBILIDADE S.A.,2025Q2,2025Q3,0.2131,727,4793,font_heading,font_heading
018961,Anhanguera Educacional Participacoes S/A,2011Q1,2011Q2,0.9913,6429,6477,font_heading,font_heading
018961,Anhanguera Educacional Participacoes S/A,2011Q2,2011Q3,0.9067,6477,9331,font_heading,font_heading
018961,Anhanguera Educacional Participacoes S/A,2011Q3,2012Q2,0.7328,9331,4694,font_heading,font_heading
018961,Anhanguera Educacional Participacoes S/A,2012Q2,2012Q3,0.993,4694,4689,font_heading,font_heading
018961,Anhanguera Educacional Participacoes S/A,2012Q3,2013Q1,0.1861,4689,1208,font_heading,font_heading
018961,Anhanguera Educacional Participacoes S/A,2013Q1,2013Q2,0.816,1208,2210,font_heading,font_heading
018961,Anhanguera Educacional Participacoes S/A,2013Q2,2013Q3,0.9332,2210,2277,font_heading,font_heading
018961,Anhanguera Educacional Participacoes S/A,2013Q3,2014Q1,0.8195,2277,1260,font_heading,font_heading
018961,Anhanguera Educacional Participacoes S/A,2014Q1,2014Q2,0.5305,1260,4721,font_heading,font_heading
018970,AES Tiete Energia SA,2011Q1,2011Q2,0.9096,17419,14363,font_heading,font_heading
018970,AES Tiete Energia SA,2011Q2,2011Q3,0.9939,14363,14709,font_heading,font_heading
018970,AES Tiete Energia SA,2011Q3,2012Q1,0.9384,14709,15999,font_heading,font_heading
018970,AES Tiete Energia SA,2012Q1,2012Q2,0.9988,15999,16086,font_heading,font_heading
018970,AES Tiete Energia SA,2012Q2,2012Q3,0.9426,16086,17844,font_heading,font_heading
018970,AES Tiete Energia SA,2012Q3,2013Q1,0.856,17844,18217,font_heading,font_heading
018970,AES Tiete Energia SA,2013Q1,2013Q2,0.9924,18217,19543,font_heading,font_heading
018970,AES Tiete Energia SA,2013Q2,2013Q3,0.9986,19543,19406,font_heading,font_heading
018970,AES Tiete Energia SA,2013Q3,2014Q1,0.9938,19406,19526,font_heading,font_heading
018970,AES Tiete Energia SA,2014Q1,2014Q2,0.9975,19526,20141,font_heading,font_heading
018970,AES Tiete Energia SA,2014Q2,2014Q3,0.9951,20141,21633,font_heading,font_heading
018970,AES Tiete Energia SA,2014Q3,2015Q1,0.7958,21633,12450,font_heading,font_heading
018970,AES Tiete Energia SA,2015Q1,2015Q2,0.5203,12450,210798,font_heading,font_heading
018970,AES Tiete Energia SA,2015Q2,2015Q3,0.3585,210798,4350,font_heading,font_heading
018970,AES Tiete Energia SA,2015Q3,2016Q1,0.0676,4350,1457,font_heading,regex_only
018970,AES Tiete Energia SA,2016Q1,2016Q2,0.2522,1457,79012,regex_only,font_heading
018970,AES Tiete Energia SA,2016Q2,2016Q3,0.9336,79012,87364,font_heading,font_heading
018970,AES Tiete Energia SA,2016Q3,2017Q2,0.9215,87364,95061,font_heading,font_heading
018970,AES Tiete Energia SA,2017Q2,2017Q3,0.2268,95061,1794,font_heading,regex_only
018970,AES Tiete Energia SA,2017Q3,2018Q1,0.1656,1794,19429,regex_only,regex_only
018970,AES Tiete Energia SA,2018Q1,2018Q2,0.098,19429,574,regex_only,regex_only
018970,AES Tiete Energia SA,2018Q2,2018Q3,0.1163,574,21412,regex_only,font_heading
018970,AES Tiete Energia SA,2018Q3,2019Q1,0.9292,21412,18140,font_heading,font_heading
018970,AES Tiete Energia SA,2019Q1,2019Q2,0.1074,18140,2526,font_heading,regex_only
018970,AES Tiete Energia SA,2019Q2,2019Q3,0.5726,2526,2353,regex_only,regex_only
018970,AES Tiete Energia SA,2019Q3,2020Q1,0.1361,2353,11359,regex_only,font_heading
018970,AES Tiete Energia SA,2020Q1,2020Q2,0.9453,11359,16090,font_heading,font_heading
018970,AES Tiete Energia SA,2020Q2,2020Q3,0.9906,16090,16092,font_heading,font_heading
018970,AES Tiete Energia SA,2020Q3,2021Q1,0.906,16092,16203,font_heading,font_heading
018970,AES Tiete Energia SA,2021Q1,2021Q2,0.5847,16203,12757,font_heading,font_heading
018970,AES Tiete Energia SA,2021Q2,2021Q3,0.9798,12757,13414,font_heading,font_heading
019445,CIA SANEAMENTO DE MINAS GERAIS-COPASA MG,2011Q1,2011Q2,0.9931,17724,17738,font_heading,font_heading
019445,CIA SANEAMENTO DE MINAS GERAIS-COPASA MG,2011Q2,2011Q3,0.9719,17738,20447,font_heading,font_heading
019445,CIA SANEAMENTO DE MINAS GERAIS-COPASA MG,2011Q3,2012Q1,0.9789,20447,21979,font_heading,font_heading
019445,CIA SANEAMENTO DE MINAS GERAIS-COPASA MG,2012Q1,2012Q2,0.976,21979,24107,font_heading,font_heading
019445,CIA SANEAMENTO DE MINAS GERAIS-COPASA MG,2012Q2,2012Q3,0.9739,24107,24625,font_heading,font_heading
019445,CIA SANEAMENTO DE MINAS GERAIS-COPASA MG,2012Q3,2013Q1,0.6837,24625,8783,font_heading,font_heading
019445,CIA SANEAMENTO DE MINAS GERAIS-COPASA MG,2013Q1,2013Q2,0.9161,8783,11230,font_heading,font_heading
019445,CIA SANEAMENTO DE MINAS GERAIS-COPASA MG,2013Q2,2013Q3,0.6134,11230,5077,font_heading,font_heading
019445,CIA SANEAMENTO DE MINAS GERAIS-COPASA MG,2013Q3,2014Q1,0.8171,5077,3842,font_heading,font_heading
019445,CIA SANEAMENTO DE MINAS GERAIS-COPASA MG,2014Q1,2014Q2,0.8254,3842,5097,font_heading,font_heading
019445,CIA SANEAMENTO DE MINAS GERAIS-COPASA MG,2014Q2,2014Q3,0.9746,5097,5112,font_heading,font_heading
019445,CIA SANEAMENTO DE MINAS GERAIS-COPASA MG,2014Q3,2015Q1,0.0484,5112,1925,font_heading,regex_only
019445,CIA SANEAMENTO DE MINAS GERAIS-COPASA MG,2015Q1,2015Q2,1.0,1925,1914,regex_only,regex_only
019445,CIA SANEAMENTO DE MINAS GERAIS-COPASA MG,2015Q2,2015Q3,0.9968,1914,1873,regex_only,regex_only
019445,CIA SANEAMENTO DE MINAS GERAIS-COPASA MG,2015Q3,2016Q1,0.9821,1873,1908,regex_only,regex_only
019445,CIA SANEAMENTO DE MINAS GERAIS-COPASA MG,2016Q1,2016Q2,1.0,1908,1897,regex_only,regex_only
019445,CIA SANEAMENTO DE MINAS GERAIS-COPASA MG,2016Q2,2016Q3,1.0,1897,1904,regex_only,regex_only
019445,CIA SANEAMENTO DE MINAS GERAIS-COPASA MG,2016Q3,2017Q1,0.8013,1904,1937,regex_only,regex_only
019445,CIA SANEAMENTO DE MINAS GERAIS-COPASA MG,2017Q1,2017Q2,0.9939,1937,1956,regex_only,regex_only
019445,CIA SANEAMENTO DE MINAS GERAIS-COPASA MG,2017Q2,2017Q3,0.9794,1956,1960,regex_only,regex_only
019445,CIA SANEAMENTO DE MINAS GERAIS-COPASA MG,2017Q3,2018Q1,0.9657,1960,2057,regex_only,regex_only
019445,CIA SANEAMENTO DE MINAS GERAIS-COPASA MG,2018Q1,2018Q2,0.092,2057,448,regex_only,regex_only
019445,CIA SANEAMENTO DE MINAS GERAIS-COPASA MG,2018Q2,2018Q3,0.0576,448,7627,regex_only,font_heading
019445,CIA SANEAMENTO DE MINAS GERAIS-COPASA MG,2018Q3,2019Q1,0.9836,7627,7868,font_heading,font_heading
019445,CIA SANEAMENTO DE MINAS GERAIS-COPASA MG,2019Q1,2019Q2,0.7573,7868,11650,font_heading,font_heading
019445,CIA SANEAMENTO DE MINAS GERAIS-COPASA MG,2019Q2,2019Q3,0.9996,11650,11658,font_heading,font_heading
019445,CIA SANEAMENTO DE MINAS GERAIS-COPASA MG,2019Q3,2020Q1,0.1179,11658,1740,font_heading,font_heading
019445,CIA SANEAMENTO DE MINAS GERAIS-COPASA MG,2020Q1,2020Q2,0.9989,1740,1731,font_heading,font_heading
019445,CIA SANEAMENTO DE MINAS GERAIS-COPASA MG,2020Q2,2020Q3,0.987,1731,1751,font_heading,font_heading
019445,CIA SANEAMENTO DE MINAS GERAIS-COPASA MG,2020Q3,2021Q1,1.0,1751,1750,font_heading,font_heading
019445,CIA SANEAMENTO DE MINAS GERAIS-COPASA MG,2021Q1,2021Q2,0.938,1750,1962,font_heading,font_heading
019445,CIA SANEAMENTO DE MINAS GERAIS-COPASA MG,2021Q2,2021Q3,1.0,1962,1962,font_heading,font_heading
019445,CIA SANEAMENTO DE MINAS GERAIS-COPASA MG,2021Q3,2022Q1,0.1448,1962,8399,font_heading,font_heading
019445,CIA SANEAMENTO DE MINAS GERAIS-COPASA MG,2022Q1,2022Q2,0.8602,8399,7156,font_heading,font_heading
019445,CIA SANEAMENTO DE MINAS GERAIS-COPASA MG,2022Q2,2022Q3,0.9795,7156,7087,font_heading,font_heading
019445,CIA SANEAMENTO DE MINAS GERAIS-COPASA MG,2022Q3,2023Q1,0.8242,7087,4642,font_heading,font_heading
019445,CIA SANEAMENTO DE MINAS GERAIS-COPASA MG,2023Q1,2023Q2,0.9242,4642,4729,font_heading,font_heading
019445,CIA SANEAMENTO DE MINAS GERAIS-COPASA MG,2023Q2,2023Q3,0.9386,4729,5644,font_heading,font_heading
019445,CIA SANEAMENTO DE MINAS GERAIS-COPASA MG,2023Q3,2024Q1,0.9239,5644,6113,font_heading,font_heading
019445,CIA SANEAMENTO DE MINAS GERAIS-COPASA MG,2024Q1,2024Q2,0.9698,6113,5665,font_heading,font_heading
019445,CIA SANEAMENTO DE MINAS GERAIS-COPASA MG,2024Q2,2024Q3,0.937,5665,7823,font_heading,font_heading
019445,CIA SANEAMENTO DE MINAS GERAIS-COPASA MG,2024Q3,2025Q1,0.8783,7823,7197,font_heading,font_heading
019445,CIA SANEAMENTO DE MINAS GERAIS-COPASA MG,2025Q1,2025Q2,0.9557,7197,7228,font_heading,font_heading
019445,CIA SANEAMENTO DE MINAS GERAIS-COPASA MG,2025Q2,2025Q3,0.9202,7228,7440,font_heading,font_heading
019453,Ecorodovias Infraestrutura e Logística S.A.,2011Q1,2011Q2,0.8142,5402,5140,font_heading,font_heading
019453,Ecorodovias Infraestrutura e Logística S.A.,2011Q2,2011Q3,0.9732,5140,5518,font_heading,font_heading
019453,Ecorodovias Infraestrutura e Logística S.A.,2011Q3,2012Q1,0.2618,5518,12319,font_heading,font_heading
019453,Ecorodovias Infraestrutura e Logística S.A.,2012Q1,2012Q2,0.966,12319,14945,font_heading,font_heading
019453,Ecorodovias Infraestrutura e Logística S.A.,2012Q2,2012Q3,0.9562,14945,17941,font_heading,font_heading
019453,Ecorodovias Infraestrutura e Logística S.A.,2012Q3,2013Q1,0.3504,17941,8901,font_heading,font_heading
019453,Ecorodovias Infraestrutura e Logística S.A.,2013Q1,2013Q2,0.3331,8901,15572,font_heading,font_heading
019453,Ecorodovias Infraestrutura e Logística S.A.,2013Q2,2013Q3,0.9984,15572,15629,font_heading,font_heading
019453,Ecorodovias Infraestrutura e Logística S.A.,2013Q3,2014Q1,0.9637,15629,16690,font_heading,font_heading
019453,Ecorodovias Infraestrutura e Logística S.A.,2014Q1,2014Q2,0.9965,16690,16834,font_heading,font_heading
019453,Ecorodovias Infraestrutura e Logística S.A.,2014Q2,2015Q1,0.8365,16834,12645,font_heading,font_heading
019453,Ecorodovias Infraestrutura e Logística S.A.,2015Q1,2015Q2,0.8986,12645,13830,font_heading,font_heading
019453,Ecorodovias Infraestrutura e Logística S.A.,2015Q2,2015Q3,0.9959,13830,14428,font_heading,font_heading
019453,Ecorodovias Infraestrutura e Logística S.A.,2015Q3,2016Q1,0.9479,14428,19175,font_heading,font_heading
019453,Ecorodovias Infraestrutura e Logística S.A.,2016Q1,2016Q2,0.8901,19175,13527,font_heading,font_heading
019453,Ecorodovias Infraestrutura e Logística S.A.,2016Q2,2016Q3,0.9568,13527,14022,font_heading,font_heading
019453,Ecorodovias Infraestrutura e Logística S.A.,2016Q3,2017Q1,0.9607,14022,14461,font_heading,font_heading
019453,Ecorodovias Infraestrutura e Logística S.A.,2017Q1,2017Q2,0.4688,14461,31038,font_heading,font_heading
019453,Ecorodovias Infraestrutura e Logística S.A.,2017Q2,2017Q3,0.9949,31038,31691,font_heading,font_heading
019453,Ecorodovias Infraestrutura e Logística S.A.,2017Q3,2018Q1,0.8476,31691,26118,font_heading,font_heading
019453,Ecorodovias Infraestrutura e Logística S.A.,2018Q1,2018Q2,0.9993,26118,26299,font_heading,font_heading
019453,Ecorodovias Infraestrutura e Logística S.A.,2018Q2,2018Q3,0.9386,26299,26123,font_heading,font_heading
019453,Ecorodovias Infraestrutura e Logística S.A.,2018Q3,2019Q1,0.9854,26123,30524,font_heading,font_heading
019453,Ecorodovias Infraestrutura e Logística S.A.,2019Q1,2019Q2,0.996,30524,34215,font_heading,font_heading
019453,Ecorodovias Infraestrutura e Logística S.A.,2019Q2,2019Q3,0.9935,34215,34092,font_heading,font_heading
019453,Ecorodovias Infraestrutura e Logística S.A.,2019Q3,2020Q1,0.155,34092,2148,font_heading,regex_only
019453,Ecorodovias Infraestrutura e Logística S.A.,2020Q1,2020Q2,0.0298,2148,100,regex_only,regex_only
019453,Ecorodovias Infraestrutura e Logística S.A.,2020Q2,2020Q3,0.1207,100,1585,regex_only,regex_only
019453,Ecorodovias Infraestrutura e Logística S.A.,2020Q3,2021Q1,0.218,1585,6815,regex_only,font_heading
019453,Ecorodovias Infraestrutura e Logística S.A.,2021Q1,2021Q2,0.5446,6815,4652,font_heading,font_heading
019453,Ecorodovias Infraestrutura e Logística S.A.,2021Q2,2021Q3,0.991,4652,4655,font_heading,font_heading
019453,Ecorodovias Infraestrutura e Logística S.A.,2021Q3,2022Q1,0.751,4655,6710,font_heading,font_heading
019453,Ecorodovias Infraestrutura e Logística S.A.,2022Q1,2022Q2,0.8867,6710,9370,font_heading,font_heading
019453,Ecorodovias Infraestrutura e Logística S.A.,2022Q2,2022Q3,0.1238,9370,326,font_heading,font_heading
019453,Ecorodovias Infraestrutura e Logística S.A.,2022Q3,2023Q1,0.0537,326,3160,font_heading,regex_only
019453,Ecorodovias Infraestrutura e Logística S.A.,2023Q1,2023Q2,0.1198,3160,2555,regex_only,font_heading
019453,Ecorodovias Infraestrutura e Logística S.A.,2023Q2,2023Q3,0.1263,2555,2474,font_heading,regex_only
019453,Ecorodovias Infraestrutura e Logística S.A.,2023Q3,2024Q1,0.2077,2474,3653,regex_only,font_heading
019453,Ecorodovias Infraestrutura e Logística S.A.,2024Q1,2024Q2,0.7047,3653,8281,font_heading,font_heading
019453,Ecorodovias Infraestrutura e Logística S.A.,2024Q2,2024Q3,0.9938,8281,8474,font_heading,font_heading
019453,Ecorodovias Infraestrutura e Logística S.A.,2024Q3,2025Q1,0.6479,8474,7701,font_heading,font_heading
019453,Ecorodovias Infraestrutura e Logística S.A.,2025Q1,2025Q2,0.9688,7701,9178,font_heading,font_heading
019453,Ecorodovias Infraestrutura e Logística S.A.,2025Q2,2025Q3,0.9231,9178,15187,font_heading,font_heading
019550,NATURA COSMETICOS S.A.,2011Q1,2011Q2,0.9771,2609,2454,regex_only,regex_only
019550,NATURA COSMETICOS S.A.,2011Q2,2011Q3,0.1644,2454,8885,regex_only,font_heading
019550,NATURA COSMETICOS S.A.,2011Q3,2012Q1,0.1501,8885,2688,font_heading,regex_only
019550,NATURA COSMETICOS S.A.,2012Q1,2012Q2,0.9586,2688,2440,regex_only,regex_only
019550,NATURA COSMETICOS S.A.,2012Q2,2012Q3,0.9775,2440,2741,regex_only,regex_only
019550,NATURA COSMETICOS S.A.,2012Q3,2013Q1,0.1644,2741,8400,regex_only,font_heading
019550,NATURA COSMETICOS S.A.,2013Q1,2013Q2,0.3989,8400,6486,font_heading,regex_only
019550,NATURA COSMETICOS S.A.,2013Q2,2013Q3,0.402,6486,8024,regex_only,font_heading
019550,NATURA COSMETICOS S.A.,2013Q3,2014Q1,0.9459,8024,8828,font_heading,font_heading
019550,NATURA COSMETICOS S.A.,2014Q1,2014Q2,0.9982,8828,8856,font_heading,font_heading
019550,NATURA COSMETICOS S.A.,2014Q2,2014Q3,0.9982,8856,8869,font_heading,font_heading
019550,NATURA COSMETICOS S.A.,2014Q3,2015Q1,0.3849,8869,7114,font_heading,regex_only
019550,NATURA COSMETICOS S.A.,2015Q1,2015Q2,0.398,7114,9227,regex_only,font_heading
019550,NATURA COSMETICOS S.A.,2015Q2,2015Q3,0.9974,9227,9285,font_heading,font_heading
019550,NATURA COSMETICOS S.A.,2015Q3,2016Q1,0.4044,9285,5904,font_heading,regex_only
019550,NATURA COSMETICOS S.A.,2016Q1,2016Q2,0.4172,5904,7441,regex_only,font_heading
019550,NATURA COSMETICOS S.A.,2016Q2,2016Q3,0.9996,7441,7446,font_heading,font_heading
019550,NATURA COSMETICOS S.A.,2016Q3,2017Q1,0.9767,7446,7575,font_heading,font_heading
019550,NATURA COSMETICOS S.A.,2017Q1,2017Q2,0.269,7575,2576,font_heading,font_heading
019550,NATURA COSMETICOS S.A.,2017Q2,2017Q3,0.2176,2576,10117,font_heading,regex_only
019550,NATURA COSMETICOS S.A.,2017Q3,2018Q1,0.0497,10117,1095,regex_only,regex_only
019550,NATURA COSMETICOS S.A.,2018Q1,2018Q2,0.0725,1095,2629,regex_only,font_heading
019550,NATURA COSMETICOS S.A.,2018Q2,2018Q3,0.0657,2629,7455,font_heading,regex_only
019550,NATURA COSMETICOS S.A.,2018Q3,2019Q1,0.4051,7455,10562,regex_only,regex_only
019550,NATURA COSMETICOS S.A.,2019Q1,2019Q2,0.9351,10562,11439,regex_only,regex_only
019550,NATURA COSMETICOS S.A.,2019Q2,2019Q3,0.9409,11439,11861,regex_only,regex_only
019550,NATURA COSMETICOS S.A.,2019Q3,2020Q1,0.1311,11861,6165,regex_only,font_heading
019550,NATURA COSMETICOS S.A.,2020Q1,2020Q2,0.8847,6165,6071,font_heading,font_heading
019550,NATURA COSMETICOS S.A.,2020Q2,2020Q3,0.1618,6071,107,font_heading,font_heading
019550,NATURA COSMETICOS S.A.,2020Q3,2021Q1,1.0,107,179,font_heading,font_heading
019550,NATURA COSMETICOS S.A.,2021Q1,2022Q1,1.0,179,167,font_heading,font_heading
019550,NATURA COSMETICOS S.A.,2022Q1,2022Q2,1.0,167,106,font_heading,font_heading
019550,NATURA COSMETICOS S.A.,2022Q2,2023Q1,1.0,106,106,font_heading,font_heading
019550,NATURA COSMETICOS S.A.,2023Q1,2023Q2,1.0,106,167,font_heading,font_heading
019550,NATURA COSMETICOS S.A.,2023Q2,2023Q3,1.0,167,167,font_heading,font_heading
019550,NATURA COSMETICOS S.A.,2023Q3,2024Q1,1.0,167,167,font_heading,font_heading
019550,NATURA COSMETICOS S.A.,2024Q1,2024Q2,1.0,167,167,font_heading,font_heading
019550,NATURA COSMETICOS S.A.,2024Q2,2024Q3,1.0,167,167,font_heading,font_heading
019550,NATURA COSMETICOS S.A.,2024Q3,2025Q1,1.0,167,183,font_heading,font_heading
019550,NATURA COSMETICOS S.A.,2025Q1,2025Q2,1.0,183,111,font_heading,font_heading
019550,NATURA COSMETICOS S.A.,2025Q2,2025Q3,1.0,111,113,font_heading,font_heading
019569,Gol Linhas Aéreas Inteligentes S.A.,2011Q1,2012Q2,0.463,1058,8731,font_heading,font_heading
019569,Gol Linhas Aéreas Inteligentes S.A.,2012Q2,2012Q3,0.9153,8731,8584,font_heading,font_heading
019569,Gol Linhas Aéreas Inteligentes S.A.,2012Q3,2013Q1,0.7731,8584,8319,font_heading,font_heading
019569,Gol Linhas Aéreas Inteligentes S.A.,2013Q1,2013Q2,0.8327,8319,5982,font_heading,font_heading
019569,Gol Linhas Aéreas Inteligentes S.A.,2013Q2,2013Q3,0.1385,5982,7274,font_heading,regex_only
019569,Gol Linhas Aéreas Inteligentes S.A.,2013Q3,2014Q1,0.8625,7274,4211,regex_only,regex_only
019569,Gol Linhas Aéreas Inteligentes S.A.,2014Q1,2014Q2,0.1298,4211,8161,regex_only,font_heading
019569,Gol Linhas Aéreas Inteligentes S.A.,2014Q2,2014Q3,0.8921,8161,9300,font_heading,font_heading
019569,Gol Linhas Aéreas Inteligentes S.A.,2014Q3,2015Q1,0.8608,9300,8675,font_heading,font_heading
019569,Gol Linhas Aéreas Inteligentes S.A.,2015Q1,2015Q2,0.0791,8675,8950,font_heading,regex_only
019569,Gol Linhas Aéreas Inteligentes S.A.,2015Q2,2015Q3,0.1251,8950,10993,regex_only,font_heading
019569,Gol Linhas Aéreas Inteligentes S.A.,2015Q3,2016Q1,0.9163,10993,8454,font_heading,font_heading
019569,Gol Linhas Aéreas Inteligentes S.A.,2016Q1,2016Q2,0.9602,8454,8825,font_heading,font_heading
019569,Gol Linhas Aéreas Inteligentes S.A.,2016Q2,2016Q3,0.8869,8825,11947,font_heading,font_heading
019569,Gol Linhas Aéreas Inteligentes S.A.,2016Q3,2017Q1,0.9303,11947,5567,font_heading,font_heading
019569,Gol Linhas Aéreas Inteligentes S.A.,2017Q1,2017Q2,0.9905,5567,5897,font_heading,font_heading
019569,Gol Linhas Aéreas Inteligentes S.A.,2017Q2,2017Q3,0.8773,5897,12629,font_heading,font_heading
019569,Gol Linhas Aéreas Inteligentes S.A.,2017Q3,2018Q1,0.9048,12629,12861,font_heading,font_heading
019569,Gol Linhas Aéreas Inteligentes S.A.,2018Q1,2018Q2,0.9665,12861,14679,font_heading,font_heading
019569,Gol Linhas Aéreas Inteligentes S.A.,2018Q2,2018Q3,0.1401,14679,117,font_heading,regex_only
019569,Gol Linhas Aéreas Inteligentes S.A.,2018Q3,2019Q1,0.125,117,55686,regex_only,font_heading
019569,Gol Linhas Aéreas Inteligentes S.A.,2019Q1,2019Q2,0.5831,55686,12668,font_heading,font_heading
019569,Gol Linhas Aéreas Inteligentes S.A.,2019Q2,2019Q3,0.7825,12668,10674,font_heading,font_heading
019569,Gol Linhas Aéreas Inteligentes S.A.,2019Q3,2020Q1,0.7099,10674,7336,font_heading,font_heading
019569,Gol Linhas Aéreas Inteligentes S.A.,2020Q1,2020Q2,0.8146,7336,9393,font_heading,font_heading
019569,Gol Linhas Aéreas Inteligentes S.A.,2020Q2,2020Q3,0.8712,9393,11322,font_heading,font_heading
019569,Gol Linhas Aéreas Inteligentes S.A.,2020Q3,2021Q1,0.7163,11322,8212,font_heading,font_heading
019569,Gol Linhas Aéreas Inteligentes S.A.,2021Q1,2021Q2,0.895,8212,8953,font_heading,font_heading
019569,Gol Linhas Aéreas Inteligentes S.A.,2021Q2,2021Q3,0.9094,8953,9694,font_heading,font_heading
019569,Gol Linhas Aéreas Inteligentes S.A.,2021Q3,2022Q1,0.723,9694,9204,font_heading,font_heading
019569,Gol Linhas Aéreas Inteligentes S.A.,2022Q1,2022Q2,0.9908,9204,9201,font_heading,font_heading
019569,Gol Linhas Aéreas Inteligentes S.A.,2022Q2,2022Q3,0.9879,9201,9771,font_heading,font_heading
019569,Gol Linhas Aéreas Inteligentes S.A.,2022Q3,2023Q1,0.8251,9771,15422,font_heading,font_heading
019569,Gol Linhas Aéreas Inteligentes S.A.,2023Q1,2023Q2,0.9913,15422,15210,font_heading,font_heading
019569,Gol Linhas Aéreas Inteligentes S.A.,2023Q2,2023Q3,0.9595,15210,17376,font_heading,font_heading
019569,Gol Linhas Aéreas Inteligentes S.A.,2023Q3,2024Q1,0.9145,17376,17096,font_heading,font_heading
019569,Gol Linhas Aéreas Inteligentes S.A.,2024Q1,2024Q2,0.7432,17096,947,font_heading,font_heading
019569,Gol Linhas Aéreas Inteligentes S.A.,2024Q2,2024Q3,0.0133,947,382,font_heading,font_heading
019569,Gol Linhas Aéreas Inteligentes S.A.,2024Q3,2025Q1,0.0099,382,907,font_heading,font_heading
019569,Gol Linhas Aéreas Inteligentes S.A.,2025Q1,2025Q3,0.3294,907,112767,font_heading,font_heading
019615,Grendene SA,2011Q1,2011Q3,0.9749,4068,4396,font_heading,font_heading
019615,Grendene SA,2011Q3,2012Q1,0.951,4396,4329,font_heading,font_heading
019615,Grendene SA,2012Q1,2012Q2,0.9874,4329,4415,font_heading,font_heading
019615,Grendene SA,2012Q2,2012Q3,0.9881,4415,4449,font_heading,font_heading
019615,Grendene SA,2012Q3,2013Q1,0.9492,4449,4042,font_heading,font_heading
019615,Grendene SA,2013Q1,2013Q2,0.8542,4042,2802,font_heading,font_heading
019615,Grendene SA,2013Q2,2013Q3,0.9992,2802,2792,font_heading,font_heading
019615,Grendene SA,2013Q3,2014Q1,0.9836,2792,2838,font_heading,font_heading
019615,Grendene SA,2014Q1,2014Q2,0.9981,2838,2846,font_heading,font_heading
019615,Grendene SA,2014Q2,2014Q3,0.9993,2846,2859,font_heading,font_heading
019615,Grendene SA,2014Q3,2015Q1,0.9915,2859,2835,font_heading,font_heading
019615,Grendene SA,2015Q1,2015Q3,0.9953,2835,2869,font_heading,font_heading
019615,Grendene SA,2015Q3,2016Q1,0.9913,2869,2878,font_heading,font_heading
019615,Grendene SA,2016Q1,2016Q2,0.9993,2878,2872,font_heading,font_heading
019615,Grendene SA,2016Q2,2016Q3,0.9993,2872,2858,font_heading,font_heading
019615,Grendene SA,2016Q3,2017Q1,0.9985,2858,2847,font_heading,font_heading
019615,Grendene SA,2017Q1,2017Q2,0.9993,2847,2826,font_heading,font_heading
019615,Grendene SA,2017Q2,2017Q3,0.9993,2826,2830,font_heading,font_heading
019615,Grendene SA,2017Q3,2019Q1,0.7503,2830,2377,font_heading,font_heading
019615,Grendene SA,2019Q1,2019Q2,1.0,2377,2369,font_heading,font_heading
019615,Grendene SA,2019Q2,2019Q3,0.9539,2369,2327,font_heading,font_heading
019615,Grendene SA,2019Q3,2020Q1,0.735,2327,3796,font_heading,font_heading
019615,Grendene SA,2020Q1,2020Q2,0.9953,3796,3881,font_heading,font_heading
019615,Grendene SA,2020Q2,2020Q3,0.9986,3881,3824,font_heading,font_heading
019615,Grendene SA,2020Q3,2021Q1,0.764,3824,3809,font_heading,font_heading
019615,Grendene SA,2021Q1,2021Q2,0.9829,3809,3939,font_heading,font_heading
019615,Grendene SA,2021Q2,2021Q3,0.9401,3939,4280,font_heading,font_heading
019615,Grendene SA,2021Q3,2022Q1,0.9686,4280,4937,font_heading,font_heading
019615,Grendene SA,2022Q1,2022Q2,0.9643,4937,5182,font_heading,font_heading
019615,Grendene SA,2022Q2,2022Q3,0.9877,5182,4900,font_heading,font_heading
019615,Grendene SA,2022Q3,2023Q1,0.369,4900,1789,font_heading,font_heading
019615,Grendene SA,2023Q1,2023Q2,0.9978,1789,1782,font_heading,font_heading
019615,Grendene SA,2023Q2,2023Q3,0.9959,1782,1818,font_heading,font_heading
019615,Grendene SA,2023Q3,2024Q1,0.9956,1818,1833,font_heading,font_heading
019615,Grendene SA,2024Q1,2024Q2,0.9983,1833,1830,font_heading,font_heading
019615,Grendene SA,2024Q2,2024Q3,0.9918,1830,1852,font_heading,font_heading
019615,Grendene SA,2024Q3,2025Q1,0.9978,1852,1856,font_heading,font_heading
019615,Grendene SA,2025Q1,2025Q2,0.9984,1856,1859,font_heading,font_heading
019615,Grendene SA,2025Q2,2025Q3,0.9988,1859,1862,font_heading,font_heading
019623,Diagnósticos da América S.A. (Dasa),2011Q1,2011Q2,0.8716,6834,9043,font_heading,font_heading
019623,Diagnósticos da América S.A. (Dasa),2011Q2,2011Q3,0.9577,9043,7760,font_heading,font_heading
019623,Diagnósticos da América S.A. (Dasa),2011Q3,2012Q1,0.88,7760,7613,font_heading,font_heading
019623,Diagnósticos da América S.A. (Dasa),2012Q1,2012Q2,0.9085,7613,7152,font_heading,font_heading
019623,Diagnósticos da América S.A. (Dasa),2012Q2,2012Q3,0.9196,7152,8561,font_heading,font_heading
019623,Diagnósticos da América S.A. (Dasa),2012Q3,2013Q1,0.8172,8561,8636,font_heading,font_heading
019623,Diagnósticos da América S.A. (Dasa),2013Q1,2013Q2,0.9964,8636,8585,font_heading,font_heading
019623,Diagnósticos da América S.A. (Dasa),2013Q2,2013Q3,0.9469,8585,8773,font_heading,font_heading
019623,Diagnósticos da América S.A. (Dasa),2013Q3,2014Q1,0.9338,8773,10265,font_heading,font_heading
019623,Diagnósticos da América S.A. (Dasa),2014Q1,2014Q2,0.9951,10265,10615,font_heading,font_heading
019623,Diagnósticos da América S.A. (Dasa),2014Q2,2014Q3,0.9761,10615,10276,font_heading,font_heading
019623,Diagnósticos da América S.A. (Dasa),2014Q3,2015Q1,0.9646,10276,13737,font_heading,font_heading
019623,Diagnósticos da América S.A. (Dasa),2015Q1,2015Q2,0.9912,13737,13161,font_heading,font_heading
019623,Diagnósticos da América S.A. (Dasa),2015Q2,2015Q3,0.9973,13161,13194,font_heading,font_heading
019623,Diagnósticos da América S.A. (Dasa),2015Q3,2016Q1,0.9833,13194,14340,font_heading,font_heading
019623,Diagnósticos da América S.A. (Dasa),2016Q1,2016Q2,0.9684,14340,14105,font_heading,font_heading
019623,Diagnósticos da América S.A. (Dasa),2016Q2,2016Q3,0.9913,14105,14397,font_heading,font_heading
019623,Diagnósticos da América S.A. (Dasa),2016Q3,2017Q1,0.1988,14397,1566,font_heading,font_heading
019623,Diagnósticos da América S.A. (Dasa),2017Q1,2017Q2,0.6001,1566,3378,font_heading,font_heading
019623,Diagnósticos da América S.A. (Dasa),2017Q2,2017Q3,0.9145,3378,3993,font_heading,font_heading
019623,Diagnósticos da América S.A. (Dasa),2017Q3,2018Q1,0.8261,3993,7328,font_heading,font_heading
019623,Diagnósticos da América S.A. (Dasa),2018Q1,2018Q2,0.9982,7328,7334,font_heading,font_heading
019623,Diagnósticos da América S.A. (Dasa),2018Q2,2018Q3,0.9976,7334,7369,font_heading,font_heading
019623,Diagnósticos da América S.A. (Dasa),2018Q3,2019Q1,0.7361,7369,3911,font_heading,font_heading
019623,Diagnósticos da América S.A. (Dasa),2019Q1,2019Q2,0.9939,3911,4169,font_heading,font_heading
019623,Diagnósticos da América S.A. (Dasa),2019Q2,2019Q3,0.9772,4169,4370,font_heading,font_heading
019623,Diagnósticos da América S.A. (Dasa),2019Q3,2020Q1,0.8803,4370,3533,font_heading,font_heading
019623,Diagnósticos da América S.A. (Dasa),2020Q1,2020Q2,0.9545,3533,4770,font_heading,font_heading
019623,Diagnósticos da América S.A. (Dasa),2020Q2,2020Q3,0.9973,4770,4852,font_heading,font_heading
019623,Diagnósticos da América S.A. (Dasa),2020Q3,2021Q1,0.8407,4852,9407,font_heading,font_heading
019623,Diagnósticos da América S.A. (Dasa),2021Q1,2021Q2,0.9994,9407,9439,font_heading,font_heading
019623,Diagnósticos da América S.A. (Dasa),2021Q2,2021Q3,0.9985,9439,9650,font_heading,font_heading
019623,Diagnósticos da América S.A. (Dasa),2021Q3,2022Q1,0.6948,9650,6447,font_heading,font_heading
019623,Diagnósticos da América S.A. (Dasa),2022Q1,2022Q2,0.9764,6447,5619,font_heading,font_heading
019623,Diagnósticos da América S.A. (Dasa),2022Q2,2022Q3,0.9942,5619,5477,font_heading,font_heading
019623,Diagnósticos da América S.A. (Dasa),2022Q3,2023Q1,0.4113,5477,2501,font_heading,font_heading
019623,Diagnósticos da América S.A. (Dasa),2023Q1,2023Q2,0.542,2501,5483,font_heading,font_heading
019623,Diagnósticos da América S.A. (Dasa),2023Q2,2023Q3,0.3274,5483,1239,font_heading,font_heading
019623,Diagnósticos da América S.A. (Dasa),2023Q3,2024Q1,0.5976,1239,1557,font_heading,font_heading
019623,Diagnósticos da América S.A. (Dasa),2024Q1,2024Q2,0.9173,1557,1487,font_heading,font_heading
019623,Diagnósticos da América S.A. (Dasa),2024Q2,2024Q3,0.7578,1487,1377,font_heading,font_heading
019623,Diagnósticos da América S.A. (Dasa),2024Q3,2025Q1,0.2795,1377,10138,font_heading,font_heading
019623,Diagnósticos da América S.A. (Dasa),2025Q1,2025Q2,0.9694,10138,10861,font_heading,font_heading
019623,Diagnósticos da América S.A. (Dasa),2025Q2,2025Q3,0.9764,10861,11571,font_heading,font_heading
019739,LOCALIZA RENT A CAR S.A.,2011Q1,2011Q2,0.4565,1363,4980,font_heading,font_heading
019739,LOCALIZA RENT A CAR S.A.,2011Q2,2011Q3,0.8885,4980,6800,font_heading,font_heading
019739,LOCALIZA RENT A CAR S.A.,2011Q3,2012Q1,0.6926,6800,4624,font_heading,font_heading
019739,LOCALIZA RENT A CAR S.A.,2012Q1,2012Q2,0.9489,4624,4799,font_heading,font_heading
019739,LOCALIZA RENT A CAR S.A.,2012Q2,2012Q3,0.9464,4799,5275,font_heading,font_heading
019739,LOCALIZA RENT A CAR S.A.,2012Q3,2013Q1,0.8761,5275,4618,font_heading,font_heading
019739,LOCALIZA RENT A CAR S.A.,2013Q1,2013Q2,0.9969,4618,4762,font_heading,font_heading
019739,LOCALIZA RENT A CAR S.A.,2013Q2,2013Q3,0.9383,4762,5983,font_heading,font_heading
019739,LOCALIZA RENT A CAR S.A.,2013Q3,2014Q1,0.8162,5983,5350,font_heading,font_heading
019739,LOCALIZA RENT A CAR S.A.,2014Q1,2014Q2,0.9333,5350,7018,font_heading,font_heading
019739,LOCALIZA RENT A CAR S.A.,2014Q2,2014Q3,0.9383,7018,6240,font_heading,font_heading
019739,LOCALIZA RENT A CAR S.A.,2014Q3,2015Q1,0.9386,6240,5711,font_heading,font_heading
019739,LOCALIZA RENT A CAR S.A.,2015Q1,2015Q2,0.269,5711,487,font_heading,font_heading
019739,LOCALIZA RENT A CAR S.A.,2015Q2,2015Q3,0.716,487,784,font_heading,font_heading
019739,LOCALIZA RENT A CAR S.A.,2015Q3,2016Q1,0.1429,784,261,font_heading,font_heading
019739,LOCALIZA RENT A CAR S.A.,2016Q1,2016Q2,0.1759,261,739,font_heading,font_heading
019739,LOCALIZA RENT A CAR S.A.,2016Q2,2016Q3,0.6102,739,951,font_heading,font_heading
019739,LOCALIZA RENT A CAR S.A.,2016Q3,2017Q1,0.0413,951,50,font_heading,font_heading
019739,LOCALIZA RENT A CAR S.A.,2017Q1,2017Q2,0.0354,50,831,font_heading,font_heading
019739,LOCALIZA RENT A CAR S.A.,2017Q2,2017Q3,0.9977,831,905,font_heading,font_heading
019739,LOCALIZA RENT A CAR S.A.,2017Q3,2018Q1,0.3362,905,1194,font_heading,font_heading
019739,LOCALIZA RENT A CAR S.A.,2018Q1,2018Q2,0.9101,1194,712,font_heading,font_heading
019739,LOCALIZA RENT A CAR S.A.,2018Q2,2018Q3,0.9957,712,942,font_heading,font_heading
019739,LOCALIZA RENT A CAR S.A.,2018Q3,2019Q1,0.3258,942,245,font_heading,font_heading
019739,LOCALIZA RENT A CAR S.A.,2019Q1,2019Q2,0.3267,245,1029,font_heading,font_heading
019739,LOCALIZA RENT A CAR S.A.,2019Q2,2019Q3,0.9959,1029,1371,font_heading,font_heading
019739,LOCALIZA RENT A CAR S.A.,2019Q3,2020Q1,0.5742,1371,11197,font_heading,font_heading
019739,LOCALIZA RENT A CAR S.A.,2020Q1,2020Q2,0.9891,11197,11897,font_heading,font_heading
019739,LOCALIZA RENT A CAR S.A.,2020Q2,2020Q3,0.9839,11897,12064,font_heading,font_heading
019739,LOCALIZA RENT A CAR S.A.,2020Q3,2021Q1,0.0268,12064,233,font_heading,font_heading
019739,LOCALIZA RENT A CAR S.A.,2021Q1,2021Q2,0.0172,233,4804,font_heading,font_heading
019739,LOCALIZA RENT A CAR S.A.,2021Q2,2021Q3,0.9985,4804,4814,font_heading,font_heading
019739,LOCALIZA RENT A CAR S.A.,2021Q3,2022Q1,0.7809,4814,3467,font_heading,font_heading
019739,LOCALIZA RENT A CAR S.A.,2022Q1,2022Q2,0.7659,3467,4708,font_heading,font_heading
019739,LOCALIZA RENT A CAR S.A.,2022Q2,2022Q3,0.8537,4708,6540,font_heading,font_heading
019739,LOCALIZA RENT A CAR S.A.,2022Q3,2023Q1,0.8437,6540,3773,font_heading,font_heading
019739,LOCALIZA RENT A CAR S.A.,2023Q1,2023Q2,0.9732,3773,4746,font_heading,font_heading
019739,LOCALIZA RENT A CAR S.A.,2023Q2,2023Q3,0.976,4746,5975,font_heading,font_heading
019739,LOCALIZA RENT A CAR S.A.,2023Q3,2024Q1,0.8329,5975,5978,font_heading,font_heading
019739,LOCALIZA RENT A CAR S.A.,2024Q1,2024Q2,0.8879,5978,8700,font_heading,font_heading
019739,LOCALIZA RENT A CAR S.A.,2024Q2,2024Q3,0.9869,8700,8466,font_heading,font_heading
019739,LOCALIZA RENT A CAR S.A.,2024Q3,2025Q2,0.9668,8466,9486,font_heading,font_heading
019763,EDP Energias do Brasil S/A,2011Q1,2011Q2,0.8958,74839,80570,font_heading,font_heading
019763,EDP Energias do Brasil S/A,2011Q2,2011Q3,0.8783,80570,64151,font_heading,font_heading
019763,EDP Energias do Brasil S/A,2011Q3,2012Q1,0.5083,64151,128703,font_heading,font_heading
019763,EDP Energias do Brasil S/A,2012Q1,2012Q2,0.9534,128703,134999,font_heading,font_heading
019763,EDP Energias do Brasil S/A,2012Q2,2012Q3,0.1694,134999,412,font_heading,font_heading
019763,EDP Energias do Brasil S/A,2012Q3,2013Q1,0.5103,412,412,font_heading,font_heading
019763,EDP Energias do Brasil S/A,2013Q1,2013Q2,0.2564,412,139094,font_heading,font_heading
019763,EDP Energias do Brasil S/A,2013Q2,2013Q3,0.2256,139094,568,font_heading,font_heading
019763,EDP Energias do Brasil S/A,2013Q3,2014Q1,0.292,568,495,font_heading,font_heading
019763,EDP Energias do Brasil S/A,2014Q1,2014Q2,0.9934,495,491,font_heading,font_heading
019763,EDP Energias do Brasil S/A,2014Q2,2014Q3,0.1832,491,3343,font_heading,regex_only
019763,EDP Energias do Brasil S/A,2014Q3,2015Q1,0.5364,3343,12664,regex_only,regex_only
019763,EDP Energias do Brasil S/A,2015Q1,2015Q2,0.5551,12664,159729,regex_only,font_heading
019763,EDP Energias do Brasil S/A,2015Q2,2015Q3,0.1341,159729,906,font_heading,font_heading
019763,EDP Energias do Brasil S/A,2015Q3,2016Q1,0.0221,906,3101,font_heading,regex_only
019763,EDP Energias do Brasil S/A,2016Q1,2016Q2,0.0258,3101,661,regex_only,font_heading
019763,EDP Energias do Brasil S/A,2016Q2,2016Q3,0.0744,661,751,font_heading,font_heading
019763,EDP Energias do Brasil S/A,2016Q3,2017Q1,0.0784,751,588,font_heading,font_heading
019763,EDP Energias do Brasil S/A,2017Q1,2017Q2,1.0,588,634,font_heading,font_heading
019763,EDP Energias do Brasil S/A,2017Q2,2017Q3,1.0,634,667,font_heading,font_heading
019763,EDP Energias do Brasil S/A,2017Q3,2018Q1,0.0301,667,8448,font_heading,font_heading
019763,EDP Energias do Brasil S/A,2018Q1,2018Q2,0.6844,8448,5528,font_heading,font_heading
019763,EDP Energias do Brasil S/A,2018Q2,2018Q3,0.0025,5528,702,font_heading,font_heading
019763,EDP Energias do Brasil S/A,2018Q3,2019Q1,1.0,702,673,font_heading,font_heading
019763,EDP Energias do Brasil S/A,2019Q1,2019Q2,1.0,673,708,font_heading,font_heading
019763,EDP Energias do Brasil S/A,2019Q2,2019Q3,1.0,708,780,font_heading,font_heading
019763,EDP Energias do Brasil S/A,2019Q3,2020Q1,1.0,780,680,font_heading,font_heading
019763,EDP Energias do Brasil S/A,2020Q1,2020Q2,1.0,680,729,font_heading,font_heading
019763,EDP Energias do Brasil S/A,2020Q2,2020Q3,1.0,729,752,font_heading,font_heading
019763,EDP Energias do Brasil S/A,2020Q3,2021Q1,0.9834,752,724,font_heading,font_heading
019763,EDP Energias do Brasil S/A,2021Q1,2021Q2,1.0,724,746,font_heading,font_heading
019763,EDP Energias do Brasil S/A,2021Q2,2021Q3,0.9854,746,898,font_heading,font_heading
019763,EDP Energias do Brasil S/A,2021Q3,2022Q1,1.0,898,730,font_heading,font_heading
019763,EDP Energias do Brasil S/A,2022Q1,2022Q2,1.0,730,778,font_heading,font_heading
019763,EDP Energias do Brasil S/A,2022Q2,2022Q3,0.0245,778,15952,font_heading,regex_only
019763,EDP Energias do Brasil S/A,2022Q3,2023Q1,0.0225,15952,640,regex_only,font_heading
019763,EDP Energias do Brasil S/A,2023Q1,2023Q2,0.0048,640,5934,font_heading,regex_only
019763,EDP Energias do Brasil S/A,2023Q2,2023Q3,0.0048,5934,715,regex_only,font_heading
019763,EDP Energias do Brasil S/A,2023Q3,2024Q1,0.9973,715,570,font_heading,font_heading
019763,EDP Energias do Brasil S/A,2024Q1,2024Q2,1.0,570,575,font_heading,font_heading
019763,EDP Energias do Brasil S/A,2024Q2,2024Q3,1.0,575,586,font_heading,font_heading
019763,EDP Energias do Brasil S/A,2024Q3,2025Q1,0.99,586,457,font_heading,font_heading
019763,EDP Energias do Brasil S/A,2025Q1,2025Q2,0.0752,457,181,font_heading,font_heading
019763,EDP Energias do Brasil S/A,2025Q2,2025Q3,0.0,181,464,font_heading,font_heading
019771,Arteris SA,2011Q1,2011Q2,0.2083,7041,27755,regex_only,font_heading
019771,Arteris SA,2011Q2,2011Q3,0.9949,27755,28586,font_heading,font_heading
019771,Arteris SA,2011Q3,2012Q1,0.4395,28586,6904,font_heading,font_heading
019771,Arteris SA,2012Q1,2012Q2,0.97,6904,6787,font_heading,font_heading
019771,Arteris SA,2012Q2,2012Q3,0.935,6787,6209,font_heading,font_heading
019771,Arteris SA,2012Q3,2013Q1,0.9284,6209,6360,font_heading,font_heading
019771,Arteris SA,2013Q1,2013Q2,0.9913,6360,6371,font_heading,font_heading
019771,Arteris SA,2013Q2,2013Q3,0.9578,6371,7451,font_heading,font_heading
019771,Arteris SA,2013Q3,2014Q1,0.8423,7451,9253,font_heading,font_heading
019771,Arteris SA,2014Q1,2014Q2,0.9585,9253,9373,font_heading,font_heading
019771,Arteris SA,2014Q2,2014Q3,0.9936,9373,9378,font_heading,font_heading
019771,Arteris SA,2014Q3,2015Q1,0.1447,9378,259,font_heading,font_heading
019771,Arteris SA,2015Q1,2015Q2,1.0,259,259,font_heading,font_heading
019771,Arteris SA,2015Q2,2015Q3,1.0,259,257,font_heading,font_heading
019771,Arteris SA,2015Q3,2016Q1,1.0,257,259,font_heading,font_heading
019771,Arteris SA,2016Q1,2016Q2,0.1446,259,19190,font_heading,font_heading
019771,Arteris SA,2016Q2,2016Q3,0.9948,19190,18774,font_heading,font_heading
019771,Arteris SA,2016Q3,2017Q1,0.6675,18774,12775,font_heading,font_heading
019771,Arteris SA,2017Q1,2017Q2,0.9839,12775,12387,font_heading,font_heading
019771,Arteris SA,2017Q2,2017Q3,0.9553,12387,12453,font_heading,font_heading
019771,Arteris SA,2017Q3,2018Q1,0.9473,12453,11299,font_heading,font_heading
019771,Arteris SA,2018Q1,2018Q2,0.9694,11299,11649,font_heading,font_heading
019771,Arteris SA,2018Q2,2018Q3,0.9946,11649,12006,font_heading,font_heading
019771,Arteris SA,2018Q3,2019Q1,0.93,12006,14166,font_heading,font_heading
019771,Arteris SA,2019Q1,2019Q2,0.9743,14166,14784,font_heading,font_heading
019771,Arteris SA,2019Q2,2019Q3,0.9513,14784,15576,font_heading,font_heading
019771,Arteris SA,2019Q3,2020Q1,0.8369,15576,19663,font_heading,font_heading
019771,Arteris SA,2020Q1,2020Q2,0.9684,19663,20071,font_heading,font_heading
019771,Arteris SA,2020Q2,2020Q3,0.9911,20071,20229,font_heading,font_heading
019771,Arteris SA,2020Q3,2021Q1,0.8563,20229,10217,font_heading,font_heading
019771,Arteris SA,2021Q1,2021Q2,0.9981,10217,10351,font_heading,font_heading
019771,Arteris SA,2021Q2,2021Q3,0.995,10351,10236,font_heading,font_heading
019771,Arteris SA,2021Q3,2022Q1,0.973,10236,9358,font_heading,font_heading
019771,Arteris SA,2022Q1,2022Q2,0.9969,9358,9350,font_heading,font_heading
019771,Arteris SA,2022Q2,2022Q3,0.9286,9350,7280,font_heading,font_heading
019771,Arteris SA,2022Q3,2023Q1,0.5778,7280,21571,font_heading,font_heading
019771,Arteris SA,2023Q1,2023Q2,0.1371,21571,586,font_heading,regex_only
019771,Arteris SA,2023Q2,2023Q3,0.1329,586,24222,regex_only,font_heading
019771,Arteris SA,2023Q3,2024Q1,0.9597,24222,27012,font_heading,font_heading
019771,Arteris SA,2024Q1,2024Q2,0.9895,27012,26585,font_heading,font_heading
019771,Arteris SA,2024Q2,2024Q3,0.9989,26585,26714,font_heading,font_heading
019771,Arteris SA,2024Q3,2025Q1,0.965,26714,26305,font_heading,font_heading
019771,Arteris SA,2025Q1,2025Q3,0.2141,26305,799,font_heading,font_heading
019836,COSAN S.A.,2012Q2,2013Q2,0.072,1247,7076,regex_only,font_heading
019836,COSAN S.A.,2013Q2,2013Q3,0.9915,7076,7076,font_heading,font_heading
019836,COSAN S.A.,2013Q3,2014Q1,0.5152,7076,2325,font_heading,font_heading
019836,COSAN S.A.,2014Q1,2014Q2,0.9888,2325,2232,font_heading,font_heading
019836,COSAN S.A.,2014Q2,2014Q3,0.9699,2232,2308,font_heading,font_heading
019836,COSAN S.A.,2014Q3,2015Q1,0.1309,2308,4420,font_heading,font_heading
019836,COSAN S.A.,2015Q1,2015Q2,0.121,4420,1633,font_heading,font_heading
019836,COSAN S.A.,2015Q2,2015Q3,0.9922,1633,1624,font_heading,font_heading
019836,COSAN S.A.,2015Q3,2016Q1,0.0282,1624,2547,font_heading,font_heading
019836,COSAN S.A.,2016Q1,2016Q2,0.9261,2547,2852,font_heading,font_heading
019836,COSAN S.A.,2016Q2,2016Q3,0.9266,2852,2554,font_heading,font_heading
019836,COSAN S.A.,2016Q3,2017Q1,0.9133,2554,2256,font_heading,font_heading
019836,COSAN S.A.,2017Q1,2017Q2,0.9372,2256,2121,font_heading,font_heading
019836,COSAN S.A.,2017Q2,2017Q3,0.9456,2121,2213,font_heading,font_heading
019836,COSAN S.A.,2017Q3,2018Q1,0.9237,2213,2337,font_heading,font_heading
019836,COSAN S.A.,2018Q1,2018Q2,0.9146,2337,2215,font_heading,font_heading
019836,COSAN S.A.,2018Q2,2018Q3,0.9548,2215,2229,font_heading,font_heading
019836,COSAN S.A.,2018Q3,2019Q1,0.0498,2229,3717,font_heading,font_heading
019836,COSAN S.A.,2019Q1,2019Q2,0.9921,3717,3792,font_heading,font_heading
019836,COSAN S.A.,2019Q2,2019Q3,0.9631,3792,3725,font_heading,font_heading
019836,COSAN S.A.,2019Q3,2020Q1,0.0285,3725,2403,font_heading,font_heading
019836,COSAN S.A.,2020Q1,2020Q2,0.921,2403,2542,font_heading,font_heading
019836,COSAN S.A.,2020Q2,2020Q3,0.9052,2542,2710,font_heading,font_heading
019836,COSAN S.A.,2020Q3,2021Q1,0.0409,2710,2114,font_heading,regex_only
019836,COSAN S.A.,2021Q1,2021Q2,0.1632,2114,8854,regex_only,font_heading
019836,COSAN S.A.,2021Q2,2021Q3,0.9647,8854,9589,font_heading,font_heading
019836,COSAN S.A.,2021Q3,2022Q1,0.9549,9589,9561,font_heading,font_heading
019836,COSAN S.A.,2022Q1,2022Q3,0.8973,9561,11118,font_heading,font_heading
019836,COSAN S.A.,2022Q3,2023Q1,0.1172,11118,269,font_heading,font_heading
019836,COSAN S.A.,2023Q1,2023Q2,0.2117,269,8451,font_heading,font_heading
019836,COSAN S.A.,2023Q2,2023Q3,0.9817,8451,10499,font_heading,font_heading
019836,COSAN S.A.,2023Q3,2024Q1,0.9484,10499,12123,font_heading,font_heading
019836,COSAN S.A.,2024Q1,2024Q2,0.9877,12123,12634,font_heading,font_heading
019836,COSAN S.A.,2024Q2,2024Q3,0.9923,12634,12035,font_heading,font_heading
019836,COSAN S.A.,2024Q3,2025Q1,0.3481,12035,1973,font_heading,font_heading
019836,COSAN S.A.,2025Q1,2025Q2,0.2826,1973,20588,font_heading,font_heading
019836,COSAN S.A.,2025Q2,2025Q3,0.3517,20588,6979,font_heading,regex_only
019879,Light S.A. - Em Recuperação Judicial,2012Q1,2012Q2,0.9901,8191,9129,font_heading,font_heading
019879,Light S.A. - Em Recuperação Judicial,2012Q2,2012Q3,0.9555,9129,12121,font_heading,font_heading
019879,Light S.A. - Em Recuperação Judicial,2012Q3,2013Q1,0.9144,12121,11388,font_heading,font_heading
019879,Light S.A. - Em Recuperação Judicial,2013Q1,2013Q2,0.9288,11388,12586,font_heading,font_heading
019879,Light S.A. - Em Recuperação Judicial,2013Q2,2013Q3,0.9901,12586,13663,font_heading,font_heading
019879,Light S.A. - Em Recuperação Judicial,2013Q3,2014Q1,0.9326,13663,12669,font_heading,font_heading
019879,Light S.A. - Em Recuperação Judicial,2014Q1,2014Q2,0.9781,12669,15027,font_heading,font_heading
019879,Light S.A. - Em Recuperação Judicial,2014Q2,2014Q3,0.6897,15027,12810,font_heading,font_heading
019879,Light S.A. - Em Recuperação Judicial,2014Q3,2015Q1,0.0403,12810,2134,font_heading,regex_only
019879,Light S.A. - Em Recuperação Judicial,2015Q1,2015Q2,0.9394,2134,2474,regex_only,regex_only
019879,Light S.A. - Em Recuperação Judicial,2015Q2,2015Q3,0.7225,2474,4991,regex_only,regex_only
019879,Light S.A. - Em Recuperação Judicial,2015Q3,2016Q1,0.6688,4991,4825,regex_only,regex_only
019879,Light S.A. - Em Recuperação Judicial,2016Q1,2016Q2,0.605,4825,5060,regex_only,regex_only
019879,Light S.A. - Em Recuperação Judicial,2016Q2,2016Q3,0.5998,5060,3891,regex_only,regex_only
019879,Light S.A. - Em Recuperação Judicial,2016Q3,2017Q1,0.7287,3891,2222,regex_only,regex_only
019879,Light S.A. - Em Recuperação Judicial,2017Q1,2017Q2,0.026,2222,1555,regex_only,font_heading
019879,Light S.A. - Em Recuperação Judicial,2017Q2,2017Q3,0.5034,1555,473,font_heading,font_heading
019879,Light S.A. - Em Recuperação Judicial,2017Q3,2018Q1,0.3572,473,4875,font_heading,regex_only
019879,Light S.A. - Em Recuperação Judicial,2018Q1,2018Q2,0.8357,4875,4327,regex_only,regex_only
019879,Light S.A. - Em Recuperação Judicial,2018Q2,2018Q3,0.2889,4327,512,regex_only,font_heading
019879,Light S.A. - Em Recuperação Judicial,2018Q3,2019Q1,0.5986,512,20075,font_heading,font_heading
019879,Light S.A. - Em Recuperação Judicial,2019Q1,2019Q2,0.7375,20075,321,font_heading,font_heading
019879,Light S.A. - Em Recuperação Judicial,2019Q2,2019Q3,0.7523,321,21982,font_heading,font_heading
019879,Light S.A. - Em Recuperação Judicial,2019Q3,2020Q1,0.9775,21982,9124,font_heading,font_heading
019879,Light S.A. - Em Recuperação Judicial,2020Q1,2020Q2,0.9994,9124,9242,font_heading,font_heading
019879,Light S.A. - Em Recuperação Judicial,2020Q2,2020Q3,0.6466,9242,836,font_heading,font_heading
019879,Light S.A. - Em Recuperação Judicial,2020Q3,2021Q1,0.7264,836,413,font_heading,font_heading
019879,Light S.A. - Em Recuperação Judicial,2021Q1,2021Q2,0.0109,413,82,font_heading,font_heading
019879,Light S.A. - Em Recuperação Judicial,2021Q2,2021Q3,0.588,82,67,font_heading,font_heading
019879,Light S.A. - Em Recuperação Judicial,2021Q3,2022Q1,0.1434,67,328,font_heading,font_heading
019879,Light S.A. - Em Recuperação Judicial,2022Q1,2022Q2,0.1951,328,130,font_heading,font_heading
019879,Light S.A. - Em Recuperação Judicial,2022Q2,2022Q3,1.0,130,132,font_heading,font_heading
019879,Light S.A. - Em Recuperação Judicial,2022Q3,2023Q1,0.0139,132,2430,font_heading,regex_only
019879,Light S.A. - Em Recuperação Judicial,2023Q1,2023Q2,0.9428,2430,2020,regex_only,regex_only
019879,Light S.A. - Em Recuperação Judicial,2023Q2,2023Q3,0.0813,2020,14225,regex_only,font_heading
019879,Light S.A. - Em Recuperação Judicial,2023Q3,2024Q1,0.8935,14225,5515,font_heading,font_heading
019879,Light S.A. - Em Recuperação Judicial,2024Q1,2024Q2,0.9159,5515,5295,font_heading,font_heading
019879,Light S.A. - Em Recuperação Judicial,2024Q2,2024Q3,0.9981,5295,5169,font_heading,font_heading
019879,Light S.A. - Em Recuperação Judicial,2024Q3,2025Q1,0.8581,5169,6862,font_heading,font_heading
019879,Light S.A. - Em Recuperação Judicial,2025Q1,2025Q2,0.0612,6862,445,font_heading,font_heading
019909,BR Malls Participações S.A.,2011Q1,2011Q3,0.2976,7165,100616,regex_only,font_heading
019909,BR Malls Participações S.A.,2011Q3,2012Q1,0.6953,100616,47440,font_heading,font_heading
019909,BR Malls Participações S.A.,2012Q1,2012Q2,0.5111,47440,20196,font_heading,font_heading
019909,BR Malls Participações S.A.,2012Q2,2012Q3,0.9864,20196,21547,font_heading,font_heading
019909,BR Malls Participações S.A.,2012Q3,2013Q1,0.9705,21547,23118,font_heading,font_heading
019909,BR Malls Participações S.A.,2013Q1,2014Q2,0.5905,23118,7009,font_heading,font_heading
019909,BR Malls Participações S.A.,2014Q2,2014Q3,0.9812,7009,7116,font_heading,font_heading
019909,BR Malls Participações S.A.,2014Q3,2015Q1,0.0403,7116,1532,font_heading,font_heading
019909,BR Malls Participações S.A.,2015Q1,2015Q2,0.0777,1532,1008,font_heading,regex_only
019909,BR Malls Participações S.A.,2015Q2,2015Q3,0.9691,1008,970,regex_only,regex_only
019909,BR Malls Participações S.A.,2015Q3,2016Q1,0.0,970,47,regex_only,font_heading
019909,BR Malls Participações S.A.,2016Q1,2016Q2,0.1514,47,397,font_heading,font_heading
019909,BR Malls Participações S.A.,2016Q2,2016Q3,0.0481,397,168,font_heading,font_heading
019909,BR Malls Participações S.A.,2016Q3,2017Q1,0.2604,168,756,font_heading,regex_only
019909,BR Malls Participações S.A.,2017Q1,2017Q2,0.7782,756,817,regex_only,regex_only
019909,BR Malls Participações S.A.,2017Q2,2017Q3,0.0114,817,117,regex_only,font_heading
019909,BR Malls Participações S.A.,2017Q3,2018Q1,0.0313,117,6233,font_heading,regex_only
019909,BR Malls Participações S.A.,2018Q1,2019Q1,0.6552,6233,5385,regex_only,regex_only
019909,BR Malls Participações S.A.,2019Q1,2019Q2,0.9976,5385,5472,regex_only,regex_only
019909,BR Malls Participações S.A.,2019Q2,2020Q1,0.0626,5472,1642,regex_only,font_heading
019909,BR Malls Participações S.A.,2020Q1,2020Q2,0.9155,1642,1829,font_heading,font_heading
019909,BR Malls Participações S.A.,2020Q2,2020Q3,0.5781,1829,1527,font_heading,font_heading
019909,BR Malls Participações S.A.,2020Q3,2022Q1,0.0567,1527,3661,font_heading,regex_only
019909,BR Malls Participações S.A.,2022Q1,2023Q1,0.1813,3661,4790,regex_only,font_heading
019909,BR Malls Participações S.A.,2023Q1,2023Q2,0.9237,4790,4428,font_heading,font_heading
019909,BR Malls Participações S.A.,2023Q2,2023Q3,0.9234,4428,4220,font_heading,font_heading
019909,BR Malls Participações S.A.,2023Q3,2024Q1,0.6318,4220,2602,font_heading,font_heading
019909,BR Malls Participações S.A.,2024Q1,2024Q2,0.1528,2602,4546,font_heading,font_heading
019909,BR Malls Participações S.A.,2024Q2,2024Q3,0.9439,4546,5698,font_heading,font_heading
019909,BR Malls Participações S.A.,2024Q3,2025Q1,0.9264,5698,4308,font_heading,font_heading
019909,BR Malls Participações S.A.,2025Q1,2025Q2,0.8451,4308,7649,font_heading,font_heading
019909,BR Malls Participações S.A.,2025Q2,2025Q3,0.8464,7649,4523,font_heading,font_heading
019925,BR Properties S.A.,2011Q1,2011Q2,0.8487,3159,6739,font_heading,font_heading
019925,BR Properties S.A.,2011Q2,2011Q3,0.9556,6739,8576,font_heading,font_heading
019925,BR Properties S.A.,2011Q3,2012Q1,0.7259,8576,15097,font_heading,font_heading
019925,BR Properties S.A.,2012Q1,2012Q2,0.9134,15097,19171,font_heading,font_heading
019925,BR Properties S.A.,2012Q2,2012Q3,0.618,19171,14815,font_heading,font_heading
019925,BR Properties S.A.,2012Q3,2013Q1,0.9505,14815,20567,font_heading,font_heading
019925,BR Properties S.A.,2013Q1,2013Q3,0.9756,20567,16911,font_heading,font_heading
019925,BR Properties S.A.,2013Q3,2014Q1,0.9847,16911,19479,font_heading,font_heading
019925,BR Properties S.A.,2014Q1,2014Q2,0.9886,19479,19886,font_heading,font_heading
019925,BR Properties S.A.,2014Q2,2014Q3,0.9975,19886,19739,font_heading,font_heading
019925,BR Properties S.A.,2014Q3,2015Q1,0.947,19739,12700,font_heading,font_heading
019925,BR Properties S.A.,2015Q1,2015Q2,0.9969,12700,12788,font_heading,font_heading
019925,BR Properties S.A.,2015Q2,2015Q3,0.2952,12788,5739,font_heading,font_heading
019925,BR Properties S.A.,2015Q3,2016Q1,0.8884,5739,7040,font_heading,font_heading
019925,BR Properties S.A.,2016Q1,2016Q2,0.861,7040,8856,font_heading,font_heading
019925,BR Properties S.A.,2016Q2,2016Q3,0.8103,8856,14061,font_heading,font_heading
019925,BR Properties S.A.,2016Q3,2017Q1,0.4492,14061,4535,font_heading,font_heading
019925,BR Properties S.A.,2017Q1,2017Q2,0.9383,4535,3090,font_heading,font_heading
019925,BR Properties S.A.,2017Q2,2017Q3,0.8772,3090,5158,font_heading,font_heading
019925,BR Properties S.A.,2017Q3,2018Q1,0.7112,5158,4681,font_heading,font_heading
019925,BR Properties S.A.,2018Q1,2018Q2,0.912,4681,5429,font_heading,font_heading
019925,BR Properties S.A.,2018Q2,2018Q3,0.9695,5429,5688,font_heading,font_heading
019925,BR Properties S.A.,2018Q3,2019Q1,0.773,5688,6092,font_heading,font_heading
019925,BR Properties S.A.,2019Q1,2019Q2,0.7454,6092,4383,font_heading,font_heading
019925,BR Properties S.A.,2019Q2,2019Q3,0.7963,4383,6689,font_heading,font_heading
019925,BR Properties S.A.,2019Q3,2020Q1,0.8602,6689,5979,font_heading,font_heading
019925,BR Properties S.A.,2020Q1,2020Q2,0.9838,5979,6647,font_heading,font_heading
019925,BR Properties S.A.,2020Q2,2020Q3,0.4426,6647,48983,font_heading,font_heading
019925,BR Properties S.A.,2020Q3,2021Q1,0.4351,48983,6640,font_heading,font_heading
019925,BR Properties S.A.,2021Q1,2021Q2,0.9316,6640,7501,font_heading,font_heading
019925,BR Properties S.A.,2021Q2,2021Q3,0.9623,7501,9041,font_heading,font_heading
019925,BR Properties S.A.,2021Q3,2022Q1,0.8143,9041,6679,font_heading,font_heading
019925,BR Properties S.A.,2022Q1,2022Q2,0.7368,6679,7624,font_heading,font_heading
019925,BR Properties S.A.,2022Q2,2022Q3,0.8689,7624,7170,font_heading,font_heading
019925,BR Properties S.A.,2022Q3,2023Q1,0.3071,7170,1537,font_heading,font_heading
019925,BR Properties S.A.,2023Q1,2023Q2,0.5647,1537,2514,font_heading,font_heading
019925,BR Properties S.A.,2023Q2,2023Q3,0.2479,2514,12401,font_heading,font_heading
019992,TOTVS S.A.,2011Q1,2011Q2,0.9638,3431,3501,font_heading,font_heading
019992,TOTVS S.A.,2011Q2,2011Q3,0.9515,3501,3535,font_heading,font_heading
019992,TOTVS S.A.,2011Q3,2012Q1,0.359,3535,4620,font_heading,font_heading
019992,TOTVS S.A.,2012Q1,2012Q2,0.9873,4620,4691,font_heading,font_heading
019992,TOTVS S.A.,2012Q2,2012Q3,0.9186,4691,5459,font_heading,font_heading
019992,TOTVS S.A.,2012Q3,2013Q1,0.897,5459,4327,font_heading,font_heading
019992,TOTVS S.A.,2013Q1,2013Q2,0.9881,4327,4329,font_heading,font_heading
019992,TOTVS S.A.,2013Q2,2013Q3,0.6525,4329,5776,font_heading,font_heading
019992,TOTVS S.A.,2013Q3,2014Q1,0.7922,5776,3992,font_heading,font_heading
019992,TOTVS S.A.,2014Q1,2014Q2,0.9673,3992,3869,font_heading,font_heading
019992,TOTVS S.A.,2014Q2,2014Q3,0.9888,3869,3886,font_heading,font_heading
019992,TOTVS S.A.,2014Q3,2015Q1,0.8329,3886,3005,font_heading,font_heading
019992,TOTVS S.A.,2015Q1,2015Q2,0.9826,3005,3010,font_heading,font_heading
019992,TOTVS S.A.,2015Q2,2015Q3,0.9405,3010,3301,font_heading,font_heading
019992,TOTVS S.A.,2015Q3,2016Q1,0.7047,3301,2636,font_heading,font_heading
019992,TOTVS S.A.,2016Q1,2016Q2,0.9789,2636,2658,font_heading,font_heading
019992,TOTVS S.A.,2016Q2,2016Q3,0.9449,2658,2792,font_heading,font_heading
019992,TOTVS S.A.,2016Q3,2017Q1,0.7569,2792,2956,font_heading,font_heading
019992,TOTVS S.A.,2017Q1,2017Q2,0.9515,2956,3005,font_heading,font_heading
019992,TOTVS S.A.,2017Q2,2017Q3,0.8159,3005,4235,font_heading,font_heading
019992,TOTVS S.A.,2017Q3,2018Q1,0.8324,4235,4609,font_heading,font_heading
019992,TOTVS S.A.,2018Q1,2018Q2,0.9843,4609,4652,font_heading,font_heading
019992,TOTVS S.A.,2018Q2,2018Q3,0.982,4652,4706,font_heading,font_heading
019992,TOTVS S.A.,2018Q3,2019Q1,0.8943,4706,5927,font_heading,font_heading
019992,TOTVS S.A.,2019Q1,2019Q2,0.9562,5927,5881,font_heading,font_heading
019992,TOTVS S.A.,2019Q2,2019Q3,0.9559,5881,5774,font_heading,font_heading
019992,TOTVS S.A.,2019Q3,2020Q1,0.4689,5774,4384,font_heading,font_heading
019992,TOTVS S.A.,2020Q1,2020Q2,0.843,4384,7291,font_heading,font_heading
019992,TOTVS S.A.,2020Q2,2020Q3,0.9317,7291,7984,font_heading,font_heading
019992,TOTVS S.A.,2020Q3,2021Q1,0.1843,7984,7428,font_heading,regex_only
019992,TOTVS S.A.,2021Q1,2021Q2,0.0599,7428,3012,regex_only,regex_only
019992,TOTVS S.A.,2021Q2,2021Q3,0.715,3012,3454,regex_only,regex_only
019992,TOTVS S.A.,2021Q3,2022Q1,0.0636,3454,2134,regex_only,font_heading
019992,TOTVS S.A.,2022Q1,2022Q2,0.9906,2134,2098,font_heading,font_heading
019992,TOTVS S.A.,2022Q2,2023Q1,0.8857,2098,1929,font_heading,font_heading
019992,TOTVS S.A.,2023Q1,2025Q1,0.8993,1929,2472,font_heading,font_heading
019992,TOTVS S.A.,2025Q1,2025Q2,0.9839,2472,2192,font_heading,font_heading
019992,TOTVS S.A.,2025Q2,2025Q3,0.9907,2192,2250,font_heading,font_heading
020010,EQUATORIAL S.A.,2011Q1,2011Q2,0.221,9426,1791,font_heading,font_heading
020010,EQUATORIAL S.A.,2011Q2,2011Q3,1.0,1791,2018,font_heading,font_heading
020010,EQUATORIAL S.A.,2011Q3,2012Q1,0.0,2018,307,font_heading,regex_only
020010,EQUATORIAL S.A.,2012Q1,2012Q2,0.0,307,2030,regex_only,font_heading
020010,EQUATORIAL S.A.,2012Q2,2012Q3,1.0,2030,1820,font_heading,font_heading
020010,EQUATORIAL S.A.,2012Q3,2013Q1,0.1762,1820,60700,font_heading,font_heading
020010,EQUATORIAL S.A.,2013Q1,2013Q2,0.3796,60700,10957,font_heading,font_heading
020010,EQUATORIAL S.A.,2013Q2,2013Q3,0.7245,10957,6230,font_heading,font_heading
020010,EQUATORIAL S.A.,2013Q3,2014Q1,0.2377,6230,56164,font_heading,font_heading
020010,EQUATORIAL S.A.,2014Q1,2014Q2,0.3086,56164,6165,font_heading,font_heading
020010,EQUATORIAL S.A.,2014Q2,2014Q3,0.888,6165,7189,font_heading,font_heading
020010,EQUATORIAL S.A.,2014Q3,2015Q1,0.8857,7189,8435,font_heading,font_heading
020010,EQUATORIAL S.A.,2015Q1,2015Q2,0.8877,8435,9816,font_heading,font_heading
020010,EQUATORIAL S.A.,2015Q2,2015Q3,0.9428,9816,9272,font_heading,font_heading
020010,EQUATORIAL S.A.,2015Q3,2016Q1,0.8395,9272,7818,font_heading,font_heading
020010,EQUATORIAL S.A.,2016Q1,2016Q2,0.0638,7818,702,font_heading,regex_only
020010,EQUATORIAL S.A.,2016Q2,2016Q3,1.0,702,703,regex_only,regex_only
020010,EQUATORIAL S.A.,2016Q3,2017Q1,0.9572,703,719,regex_only,regex_only
020010,EQUATORIAL S.A.,2017Q1,2017Q2,0.9572,719,705,regex_only,regex_only
020010,EQUATORIAL S.A.,2017Q2,2017Q3,1.0,705,722,regex_only,regex_only
020010,EQUATORIAL S.A.,2017Q3,2018Q1,0.4255,722,388,regex_only,regex_only
020010,EQUATORIAL S.A.,2018Q1,2018Q2,0.4255,388,714,regex_only,regex_only
020010,EQUATORIAL S.A.,2018Q2,2018Q3,0.2761,714,2568,regex_only,regex_only
020010,EQUATORIAL S.A.,2018Q3,2019Q1,0.2761,2568,739,regex_only,regex_only
020010,EQUATORIAL S.A.,2019Q1,2019Q2,1.0,739,732,regex_only,regex_only
020010,EQUATORIAL S.A.,2019Q2,2019Q3,0.0179,732,6549,regex_only,regex_only
020010,EQUATORIAL S.A.,2019Q3,2020Q1,0.1801,6549,2072,regex_only,regex_only
020010,EQUATORIAL S.A.,2020Q1,2020Q2,0.0623,2072,11632,regex_only,regex_only
020010,EQUATORIAL S.A.,2020Q2,2020Q3,0.1653,11632,14026,regex_only,font_heading
020010,EQUATORIAL S.A.,2020Q3,2021Q1,0.0207,14026,637,font_heading,regex_only
020010,EQUATORIAL S.A.,2021Q1,2021Q2,0.0247,637,8558,regex_only,font_heading
020010,EQUATORIAL S.A.,2021Q2,2021Q3,0.2161,8558,7765,font_heading,regex_only
020010,EQUATORIAL S.A.,2021Q3,2022Q1,0.1855,7765,6694,regex_only,regex_only
020010,EQUATORIAL S.A.,2022Q1,2022Q2,0.2057,6694,10794,regex_only,font_heading
020010,EQUATORIAL S.A.,2022Q2,2022Q3,0.1813,10794,2250,font_heading,regex_only
020010,EQUATORIAL S.A.,2022Q3,2023Q1,0.0888,2250,215,regex_only,font_heading
020010,EQUATORIAL S.A.,2023Q1,2023Q2,0.3598,215,12128,font_heading,font_heading
020010,EQUATORIAL S.A.,2023Q2,2023Q3,0.1397,12128,8133,font_heading,regex_only
020010,EQUATORIAL S.A.,2023Q3,2024Q1,0.0658,8133,124,regex_only,font_heading
020010,EQUATORIAL S.A.,2024Q1,2024Q2,0.1064,124,5256,font_heading,regex_only
020010,EQUATORIAL S.A.,2024Q2,2024Q3,0.1407,5256,4446,regex_only,regex_only
020010,EQUATORIAL S.A.,2024Q3,2025Q1,0.4385,4446,8442,regex_only,regex_only
020028,Valid Solucoes e Servicos de Seguranca em Meios de Pagamento e Identificacao SA,2011Q1,2011Q2,1.0,213,213,font_heading,font_heading
020028,Valid Solucoes e Servicos de Seguranca em Meios de Pagamento e Identificacao SA,2011Q2,2011Q3,1.0,213,213,font_heading,font_heading
020028,Valid Solucoes e Servicos de Seguranca em Meios de Pagamento e Identificacao SA,2011Q3,2012Q1,0.3157,213,311,font_heading,font_heading
020028,Valid Solucoes e Servicos de Seguranca em Meios de Pagamento e Identificacao SA,2012Q1,2012Q2,1.0,311,311,font_heading,font_heading
020028,Valid Solucoes e Servicos de Seguranca em Meios de Pagamento e Identificacao SA,2012Q2,2012Q3,1.0,311,311,font_heading,font_heading
020028,Valid Solucoes e Servicos de Seguranca em Meios de Pagamento e Identificacao SA,2012Q3,2013Q1,1.0,311,311,font_heading,font_heading
020028,Valid Solucoes e Servicos de Seguranca em Meios de Pagamento e Identificacao SA,2013Q1,2013Q2,0.9749,311,287,font_heading,font_heading
020028,Valid Solucoes e Servicos de Seguranca em Meios de Pagamento e Identificacao SA,2013Q2,2013Q3,1.0,287,287,font_heading,font_heading
020028,Valid Solucoes e Servicos de Seguranca em Meios de Pagamento e Identificacao SA,2013Q3,2014Q1,1.0,287,285,font_heading,font_heading
020028,Valid Solucoes e Servicos de Seguranca em Meios de Pagamento e Identificacao SA,2014Q1,2014Q2,0.9833,285,280,font_heading,font_heading
020028,Valid Solucoes e Servicos de Seguranca em Meios de Pagamento e Identificacao SA,2014Q2,2014Q3,1.0,280,280,font_heading,font_heading
020028,Valid Solucoes e Servicos de Seguranca em Meios de Pagamento e Identificacao SA,2014Q3,2015Q1,0.0153,280,1496,font_heading,font_heading
020028,Valid Solucoes e Servicos de Seguranca em Meios de Pagamento e Identificacao SA,2015Q1,2015Q2,0.0153,1496,280,font_heading,font_heading
020028,Valid Solucoes e Servicos de Seguranca em Meios de Pagamento e Identificacao SA,2015Q2,2015Q3,1.0,280,280,font_heading,font_heading
020028,Valid Solucoes e Servicos de Seguranca em Meios de Pagamento e Identificacao SA,2015Q3,2016Q1,0.0884,280,13241,font_heading,font_heading
020028,Valid Solucoes e Servicos de Seguranca em Meios de Pagamento e Identificacao SA,2016Q1,2016Q2,0.0399,13241,255,font_heading,font_heading
020028,Valid Solucoes e Servicos de Seguranca em Meios de Pagamento e Identificacao SA,2016Q2,2016Q3,0.0217,255,877,font_heading,regex_only
020028,Valid Solucoes e Servicos de Seguranca em Meios de Pagamento e Identificacao SA,2016Q3,2017Q1,0.7314,877,2459,regex_only,regex_only
020028,Valid Solucoes e Servicos de Seguranca em Meios de Pagamento e Identificacao SA,2017Q1,2017Q2,0.4604,2459,1058,regex_only,regex_only
020028,Valid Solucoes e Servicos de Seguranca em Meios de Pagamento e Identificacao SA,2017Q2,2017Q3,0.1294,1058,7246,regex_only,regex_only
020028,Valid Solucoes e Servicos de Seguranca em Meios de Pagamento e Identificacao SA,2017Q3,2018Q1,0.4102,7246,14619,regex_only,font_heading
020028,Valid Solucoes e Servicos de Seguranca em Meios de Pagamento e Identificacao SA,2018Q1,2018Q2,0.98,14619,14649,font_heading,font_heading
020028,Valid Solucoes e Servicos de Seguranca em Meios de Pagamento e Identificacao SA,2018Q2,2018Q3,0.9704,14649,13826,font_heading,font_heading
020028,Valid Solucoes e Servicos de Seguranca em Meios de Pagamento e Identificacao SA,2018Q3,2019Q1,0.8156,13826,4161,font_heading,font_heading
020028,Valid Solucoes e Servicos de Seguranca em Meios de Pagamento e Identificacao SA,2019Q1,2019Q2,0.9618,4161,5936,font_heading,font_heading
020028,Valid Solucoes e Servicos de Seguranca em Meios de Pagamento e Identificacao SA,2019Q2,2019Q3,0.9915,5936,5794,font_heading,font_heading
020028,Valid Solucoes e Servicos de Seguranca em Meios de Pagamento e Identificacao SA,2019Q3,2020Q1,0.9437,5794,1946,font_heading,font_heading
020028,Valid Solucoes e Servicos de Seguranca em Meios de Pagamento e Identificacao SA,2020Q1,2020Q2,0.809,1946,1288,font_heading,font_heading
020028,Valid Solucoes e Servicos de Seguranca em Meios de Pagamento e Identificacao SA,2020Q2,2020Q3,0.1185,1288,573,font_heading,font_heading
020028,Valid Solucoes e Servicos de Seguranca em Meios de Pagamento e Identificacao SA,2020Q3,2021Q1,0.1185,573,1285,font_heading,font_heading
020028,Valid Solucoes e Servicos de Seguranca em Meios de Pagamento e Identificacao SA,2021Q1,2021Q2,0.7747,1285,5700,font_heading,font_heading
020028,Valid Solucoes e Servicos de Seguranca em Meios de Pagamento e Identificacao SA,2021Q2,2021Q3,0.7852,5700,1238,font_heading,font_heading
020028,Valid Solucoes e Servicos de Seguranca em Meios de Pagamento e Identificacao SA,2021Q3,2022Q1,0.772,1238,6275,font_heading,font_heading
020028,Valid Solucoes e Servicos de Seguranca em Meios de Pagamento e Identificacao SA,2022Q1,2022Q2,0.8166,6275,7119,font_heading,font_heading
020028,Valid Solucoes e Servicos de Seguranca em Meios de Pagamento e Identificacao SA,2022Q2,2022Q3,0.8772,7119,2845,font_heading,font_heading
020028,Valid Solucoes e Servicos de Seguranca em Meios de Pagamento e Identificacao SA,2022Q3,2023Q1,0.9175,2845,7590,font_heading,font_heading
020028,Valid Solucoes e Servicos de Seguranca em Meios de Pagamento e Identificacao SA,2023Q1,2023Q2,0.9768,7590,9544,font_heading,font_heading
020028,Valid Solucoes e Servicos de Seguranca em Meios de Pagamento e Identificacao SA,2023Q2,2023Q3,0.8845,9544,3060,font_heading,font_heading
020028,Valid Solucoes e Servicos de Seguranca em Meios de Pagamento e Identificacao SA,2023Q3,2024Q1,0.9052,3060,10854,font_heading,font_heading
020028,Valid Solucoes e Servicos de Seguranca em Meios de Pagamento e Identificacao SA,2024Q1,2024Q2,0.9887,10854,11628,font_heading,font_heading
020028,Valid Solucoes e Servicos de Seguranca em Meios de Pagamento e Identificacao SA,2024Q2,2024Q3,0.979,11628,10718,font_heading,font_heading
020028,Valid Solucoes e Servicos de Seguranca em Meios de Pagamento e Identificacao SA,2024Q3,2025Q1,0.964,10718,10032,font_heading,font_heading
020028,Valid Solucoes e Servicos de Seguranca em Meios de Pagamento e Identificacao SA,2025Q1,2025Q2,0.9604,10032,11038,font_heading,font_heading
020028,Valid Solucoes e Servicos de Seguranca em Meios de Pagamento e Identificacao SA,2025Q2,2025Q3,0.9852,11038,10905,font_heading,font_heading
020060,Lupatech S/A,2011Q2,2011Q3,0.9917,7521,7530,font_heading,font_heading
020060,Lupatech S/A,2011Q3,2012Q1,0.9681,7530,8795,font_heading,font_heading
020060,Lupatech S/A,2012Q1,2012Q3,0.9521,8795,9318,font_heading,font_heading
020060,Lupatech S/A,2012Q3,2013Q1,0.8738,9318,8978,font_heading,font_heading
020060,Lupatech S/A,2013Q1,2013Q2,0.9892,8978,9395,font_heading,font_heading
020060,Lupatech S/A,2013Q2,2013Q3,0.9101,9395,8136,font_heading,font_heading
020060,Lupatech S/A,2013Q3,2014Q1,0.1045,8136,1136,font_heading,font_heading
020060,Lupatech S/A,2014Q1,2014Q2,0.122,1136,2358,font_heading,regex_only
020060,Lupatech S/A,2014Q2,2014Q3,1.0,2358,2359,regex_only,regex_only
020060,Lupatech S/A,2014Q3,2015Q1,1.0,2359,2343,regex_only,regex_only
020060,Lupatech S/A,2015Q1,2015Q2,0.9761,2343,2402,regex_only,regex_only
020060,Lupatech S/A,2015Q2,2015Q3,0.9849,2402,2407,regex_only,regex_only
020060,Lupatech S/A,2015Q3,2016Q1,0.997,2407,2395,regex_only,regex_only
020060,Lupatech S/A,2016Q1,2016Q2,0.981,2395,2481,regex_only,regex_only
020060,Lupatech S/A,2016Q2,2016Q3,1.0,2481,2478,regex_only,regex_only
020060,Lupatech S/A,2016Q3,2017Q1,1.0,2478,2487,regex_only,regex_only
020060,Lupatech S/A,2017Q1,2017Q2,1.0,2487,2456,regex_only,regex_only
020060,Lupatech S/A,2017Q2,2017Q3,1.0,2456,2472,regex_only,regex_only
020060,Lupatech S/A,2017Q3,2018Q1,0.6486,2472,1117,regex_only,regex_only
020060,Lupatech S/A,2018Q1,2018Q2,0.2226,1117,10920,regex_only,regex_only
020060,Lupatech S/A,2018Q2,2018Q3,0.1379,10920,14913,regex_only,font_heading
020060,Lupatech S/A,2018Q3,2019Q1,0.9577,14913,13184,font_heading,font_heading
020060,Lupatech S/A,2019Q1,2019Q2,0.9976,13184,13183,font_heading,font_heading
020060,Lupatech S/A,2019Q2,2019Q3,0.9571,13183,13678,font_heading,font_heading
020060,Lupatech S/A,2019Q3,2020Q1,0.9579,13678,12015,font_heading,font_heading
020060,Lupatech S/A,2020Q1,2020Q2,0.9987,12015,12014,font_heading,font_heading
020060,Lupatech S/A,2020Q2,2020Q3,0.9985,12014,12029,font_heading,font_heading
020060,Lupatech S/A,2020Q3,2021Q1,0.5906,12029,4445,font_heading,font_heading
020060,Lupatech S/A,2021Q1,2021Q2,0.995,4445,4445,font_heading,font_heading
020060,Lupatech S/A,2021Q2,2021Q3,0.9947,4445,4457,font_heading,font_heading
020060,Lupatech S/A,2021Q3,2022Q1,0.8806,4457,2632,font_heading,font_heading
020060,Lupatech S/A,2022Q1,2022Q2,0.996,2632,2630,font_heading,font_heading
020060,Lupatech S/A,2022Q2,2022Q3,0.9944,2630,2639,font_heading,font_heading
020060,Lupatech S/A,2022Q3,2023Q1,0.2253,2639,466,font_heading,font_heading
020060,Lupatech S/A,2023Q1,2023Q2,0.2869,466,4288,font_heading,font_heading
020060,Lupatech S/A,2023Q2,2024Q1,0.7312,4288,3268,font_heading,font_heading
020060,Lupatech S/A,2024Q1,2024Q2,0.9987,3268,3395,font_heading,font_heading
020060,Lupatech S/A,2024Q2,2024Q3,0.7044,3395,1924,font_heading,font_heading
020060,Lupatech S/A,2024Q3,2025Q1,0.9503,1924,2072,font_heading,font_heading
020060,Lupatech S/A,2025Q1,2025Q2,0.825,2072,3814,font_heading,font_heading
020060,Lupatech S/A,2025Q2,2025Q3,0.806,3814,2353,font_heading,font_heading
020087,EMBRAER S.A.,2011Q1,2011Q2,0.8273,8339,10189,regex_only,regex_only
020087,EMBRAER S.A.,2011Q2,2011Q3,0.8945,10189,12461,regex_only,regex_only
020087,EMBRAER S.A.,2011Q3,2012Q2,0.9369,12461,12434,regex_only,regex_only
020087,EMBRAER S.A.,2012Q2,2012Q3,0.9634,12434,12601,regex_only,regex_only
020087,EMBRAER S.A.,2012Q3,2013Q3,0.279,12601,8226,regex_only,font_heading
020087,EMBRAER S.A.,2013Q3,2014Q1,0.9766,8226,8382,font_heading,font_heading
020087,EMBRAER S.A.,2014Q1,2014Q2,0.9848,8382,8545,font_heading,font_heading
020087,EMBRAER S.A.,2014Q2,2014Q3,0.9703,8545,7694,font_heading,font_heading
020087,EMBRAER S.A.,2014Q3,2016Q1,0.9443,7694,8724,font_heading,font_heading
020087,EMBRAER S.A.,2016Q1,2018Q1,0.9403,8724,8208,font_heading,font_heading
020087,EMBRAER S.A.,2018Q1,2018Q2,0.9915,8208,8416,font_heading,font_heading
020087,EMBRAER S.A.,2018Q2,2018Q3,0.9485,8416,7094,font_heading,font_heading
020087,EMBRAER S.A.,2018Q3,2019Q1,0.0757,7094,617,font_heading,regex_only
020087,EMBRAER S.A.,2019Q1,2019Q2,0.096,617,664,regex_only,regex_only
020087,EMBRAER S.A.,2019Q2,2019Q3,0.1524,664,14344,regex_only,regex_only
020087,EMBRAER S.A.,2019Q3,2020Q1,0.954,14344,14871,regex_only,regex_only
020087,EMBRAER S.A.,2020Q1,2020Q2,0.8959,14871,12868,regex_only,regex_only
020087,EMBRAER S.A.,2020Q2,2020Q3,0.9817,12868,13175,regex_only,regex_only
020087,EMBRAER S.A.,2020Q3,2021Q1,0.9438,13175,13137,regex_only,regex_only
020087,EMBRAER S.A.,2021Q1,2021Q2,0.9717,13137,13848,regex_only,regex_only
020087,EMBRAER S.A.,2021Q2,2021Q3,0.9888,13848,13562,regex_only,regex_only
020087,EMBRAER S.A.,2021Q3,2022Q1,0.1817,13562,7215,regex_only,regex_only
020087,EMBRAER S.A.,2022Q1,2022Q2,0.7062,7215,10826,regex_only,regex_only
020087,EMBRAER S.A.,2022Q2,2022Q3,0.9972,10826,10973,regex_only,regex_only
020087,EMBRAER S.A.,2022Q3,2023Q1,0.318,10973,9670,regex_only,regex_only
020087,EMBRAER S.A.,2023Q1,2023Q2,0.3261,9670,9166,regex_only,regex_only
020087,EMBRAER S.A.,2023Q2,2023Q3,0.281,9166,9734,regex_only,regex_only
020087,EMBRAER S.A.,2023Q3,2024Q1,0.0874,9734,1610,regex_only,regex_only
020087,EMBRAER S.A.,2024Q1,2024Q2,0.9609,1610,1471,regex_only,regex_only
020087,EMBRAER S.A.,2024Q2,2024Q3,0.9992,1471,1513,regex_only,regex_only
020087,EMBRAER S.A.,2024Q3,2025Q1,0.1036,1513,3981,regex_only,font_heading
020168,Oleo e Gas Participacoes SA,2011Q1,2011Q2,0.1305,6148,2199,regex_only,font_heading
020168,Oleo e Gas Participacoes SA,2011Q2,2011Q3,0.7916,2199,2869,font_heading,font_heading
020168,Oleo e Gas Participacoes SA,2011Q3,2012Q1,0.4478,2869,9396,font_heading,font_heading
020168,Oleo e Gas Participacoes SA,2012Q1,2012Q2,0.9946,9396,9393,font_heading,font_heading
020168,Oleo e Gas Participacoes SA,2012Q2,2012Q3,0.9958,9393,9380,font_heading,font_heading
020168,Oleo e Gas Participacoes SA,2012Q3,2013Q1,0.9816,9380,9266,font_heading,font_heading
020168,Oleo e Gas Participacoes SA,2013Q1,2013Q2,0.9841,9266,10725,font_heading,font_heading
020168,Oleo e Gas Participacoes SA,2013Q2,2013Q3,0.9888,10725,11372,font_heading,font_heading
020168,Oleo e Gas Participacoes SA,2013Q3,2014Q1,0.7497,11372,14212,font_heading,font_heading
020168,Oleo e Gas Participacoes SA,2014Q1,2014Q2,0.9634,14212,16460,font_heading,font_heading
020168,Oleo e Gas Participacoes SA,2014Q2,2014Q3,0.2404,16460,379,font_heading,font_heading
020168,Oleo e Gas Participacoes SA,2014Q3,2015Q1,0.0736,379,2072,font_heading,font_heading
020168,Oleo e Gas Participacoes SA,2015Q1,2015Q2,0.9048,2072,2465,font_heading,font_heading
020168,Oleo e Gas Participacoes SA,2015Q2,2015Q3,0.5819,2465,661,font_heading,font_heading
020168,Oleo e Gas Participacoes SA,2015Q3,2016Q1,0.2297,661,220,font_heading,font_heading
020168,Oleo e Gas Participacoes SA,2016Q1,2016Q2,0.9588,220,220,font_heading,font_heading
020168,Oleo e Gas Participacoes SA,2016Q2,2016Q3,0.9562,220,223,font_heading,font_heading
020168,Oleo e Gas Participacoes SA,2016Q3,2017Q1,0.0852,223,14616,font_heading,regex_only
020168,Oleo e Gas Participacoes SA,2017Q1,2017Q2,0.2196,14616,4063,regex_only,regex_only
020168,Oleo e Gas Participacoes SA,2017Q2,2017Q3,0.0154,4063,216,regex_only,font_heading
020168,Oleo e Gas Participacoes SA,2017Q3,2018Q1,0.0711,216,12732,font_heading,regex_only
020168,Oleo e Gas Participacoes SA,2018Q1,2018Q2,0.9614,12732,11887,regex_only,regex_only
020168,Oleo e Gas Participacoes SA,2018Q2,2018Q3,0.1961,11887,531,regex_only,font_heading
020184,CCX Carvao da Colombia SA,2011Q1,2011Q2,0.9235,5016,4943,regex_only,regex_only
020184,CCX Carvao da Colombia SA,2011Q2,2011Q3,0.9051,4943,6044,regex_only,regex_only
020184,CCX Carvao da Colombia SA,2011Q3,2012Q1,0.8533,6044,6524,regex_only,regex_only
020184,CCX Carvao da Colombia SA,2012Q1,2012Q2,0.1922,6524,6075,regex_only,font_heading
020184,CCX Carvao da Colombia SA,2012Q2,2012Q3,0.2396,6075,3717,font_heading,regex_only
020184,CCX Carvao da Colombia SA,2012Q3,2013Q1,0.8708,3717,2864,regex_only,regex_only
020184,CCX Carvao da Colombia SA,2013Q1,2013Q2,0.1446,2864,3357,regex_only,font_heading
020184,CCX Carvao da Colombia SA,2013Q2,2013Q3,0.8439,3357,2165,font_heading,font_heading
020184,CCX Carvao da Colombia SA,2013Q3,2014Q1,0.5835,2165,1769,font_heading,font_heading
020184,CCX Carvao da Colombia SA,2014Q1,2014Q2,0.9995,1769,1774,font_heading,font_heading
020184,CCX Carvao da Colombia SA,2014Q2,2014Q3,0.9565,1774,1820,font_heading,font_heading
020184,CCX Carvao da Colombia SA,2014Q3,2015Q1,0.0697,1820,2616,font_heading,regex_only
020184,CCX Carvao da Colombia SA,2015Q1,2015Q2,0.6665,2616,4785,regex_only,regex_only
020184,CCX Carvao da Colombia SA,2015Q2,2015Q3,0.5827,4785,6172,regex_only,regex_only
020184,CCX Carvao da Colombia SA,2015Q3,2016Q1,0.343,6172,2492,regex_only,regex_only
020184,CCX Carvao da Colombia SA,2016Q1,2016Q2,1.0,2492,2484,regex_only,regex_only
020184,CCX Carvao da Colombia SA,2016Q2,2016Q3,0.8689,2484,2082,regex_only,regex_only
020184,CCX Carvao da Colombia SA,2016Q3,2017Q1,0.5569,2082,1240,regex_only,regex_only
020184,CCX Carvao da Colombia SA,2017Q1,2017Q2,0.968,1240,1272,regex_only,regex_only
020184,CCX Carvao da Colombia SA,2017Q2,2017Q3,1.0,1272,1272,regex_only,regex_only
020184,CCX Carvao da Colombia SA,2017Q3,2018Q1,0.6247,1272,3321,regex_only,regex_only
020184,CCX Carvao da Colombia SA,2018Q1,2018Q2,0.9631,3321,3077,regex_only,regex_only
020184,CCX Carvao da Colombia SA,2018Q2,2018Q3,0.9235,3077,3601,regex_only,regex_only
020184,CCX Carvao da Colombia SA,2018Q3,2019Q1,0.9282,3601,4152,regex_only,regex_only
020184,CCX Carvao da Colombia SA,2019Q1,2019Q2,0.7112,4152,4575,regex_only,regex_only
020184,CCX Carvao da Colombia SA,2019Q2,2019Q3,0.5822,4575,4317,regex_only,regex_only
020184,CCX Carvao da Colombia SA,2019Q3,2020Q1,0.6672,4317,3315,regex_only,regex_only
020184,CCX Carvao da Colombia SA,2020Q1,2020Q2,0.9978,3315,3310,regex_only,regex_only
020184,CCX Carvao da Colombia SA,2020Q2,2020Q3,0.9977,3310,3322,regex_only,regex_only
020184,CCX Carvao da Colombia SA,2020Q3,2021Q1,0.8332,3322,2720,regex_only,regex_only
020184,CCX Carvao da Colombia SA,2021Q1,2021Q2,0.9933,2720,2761,regex_only,regex_only
020184,CCX Carvao da Colombia SA,2021Q2,2021Q3,0.997,2761,2771,regex_only,regex_only
020184,CCX Carvao da Colombia SA,2021Q3,2022Q1,0.6591,2771,4255,regex_only,regex_only
020184,CCX Carvao da Colombia SA,2022Q1,2022Q2,0.9984,4255,4246,regex_only,regex_only
020184,CCX Carvao da Colombia SA,2022Q2,2022Q3,0.996,4246,4244,regex_only,regex_only
020257,TRANSMISSORA ALIANÇA DE ENERGIA ELÉTRICA S.A.,2011Q1,2011Q2,0.8413,2974,3385,regex_only,regex_only
020257,TRANSMISSORA ALIANÇA DE ENERGIA ELÉTRICA S.A.,2011Q2,2011Q3,0.9941,3385,3548,regex_only,regex_only
020257,TRANSMISSORA ALIANÇA DE ENERGIA ELÉTRICA S.A.,2011Q3,2012Q1,0.0294,3548,33964,regex_only,font_heading
020257,TRANSMISSORA ALIANÇA DE ENERGIA ELÉTRICA S.A.,2012Q1,2012Q2,0.9672,33964,35281,font_heading,font_heading
020257,TRANSMISSORA ALIANÇA DE ENERGIA ELÉTRICA S.A.,2012Q2,2012Q3,0.9804,35281,36607,font_heading,font_heading
020257,TRANSMISSORA ALIANÇA DE ENERGIA ELÉTRICA S.A.,2012Q3,2013Q1,0.8971,36607,37664,font_heading,font_heading
020257,TRANSMISSORA ALIANÇA DE ENERGIA ELÉTRICA S.A.,2013Q1,2013Q2,0.8136,37664,28983,font_heading,font_heading
020257,TRANSMISSORA ALIANÇA DE ENERGIA ELÉTRICA S.A.,2013Q2,2013Q3,0.0807,28983,47,font_heading,font_heading
020257,TRANSMISSORA ALIANÇA DE ENERGIA ELÉTRICA S.A.,2013Q3,2014Q1,1.0,47,47,font_heading,font_heading
020257,TRANSMISSORA ALIANÇA DE ENERGIA ELÉTRICA S.A.,2014Q1,2014Q2,0.2279,47,29,font_heading,font_heading
020257,TRANSMISSORA ALIANÇA DE ENERGIA ELÉTRICA S.A.,2014Q2,2014Q3,1.0,29,29,font_heading,font_heading
020257,TRANSMISSORA ALIANÇA DE ENERGIA ELÉTRICA S.A.,2014Q3,2015Q1,0.2279,29,47,font_heading,font_heading
020257,TRANSMISSORA ALIANÇA DE ENERGIA ELÉTRICA S.A.,2015Q1,2015Q2,1.0,47,47,font_heading,font_heading
020257,TRANSMISSORA ALIANÇA DE ENERGIA ELÉTRICA S.A.,2015Q2,2015Q3,1.0,47,47,font_heading,font_heading
020257,TRANSMISSORA ALIANÇA DE ENERGIA ELÉTRICA S.A.,2015Q3,2016Q1,0.0996,47,16362,font_heading,font_heading
020257,TRANSMISSORA ALIANÇA DE ENERGIA ELÉTRICA S.A.,2016Q1,2016Q2,0.9693,16362,14755,font_heading,font_heading
020257,TRANSMISSORA ALIANÇA DE ENERGIA ELÉTRICA S.A.,2016Q2,2016Q3,0.831,14755,11824,font_heading,font_heading
020257,TRANSMISSORA ALIANÇA DE ENERGIA ELÉTRICA S.A.,2016Q3,2017Q1,0.1125,11824,233,font_heading,font_heading
020257,TRANSMISSORA ALIANÇA DE ENERGIA ELÉTRICA S.A.,2017Q1,2017Q2,1.0,233,233,font_heading,font_heading
020257,TRANSMISSORA ALIANÇA DE ENERGIA ELÉTRICA S.A.,2017Q2,2017Q3,1.0,233,233,font_heading,font_heading
020257,TRANSMISSORA ALIANÇA DE ENERGIA ELÉTRICA S.A.,2017Q3,2018Q1,0.1217,233,8988,font_heading,font_heading
020257,TRANSMISSORA ALIANÇA DE ENERGIA ELÉTRICA S.A.,2018Q1,2018Q2,0.9453,8988,9857,font_heading,font_heading
020257,TRANSMISSORA ALIANÇA DE ENERGIA ELÉTRICA S.A.,2018Q2,2018Q3,0.9583,9857,11358,font_heading,font_heading
020257,TRANSMISSORA ALIANÇA DE ENERGIA ELÉTRICA S.A.,2018Q3,2019Q1,0.7853,11358,7560,font_heading,font_heading
020257,TRANSMISSORA ALIANÇA DE ENERGIA ELÉTRICA S.A.,2019Q1,2019Q2,0.9652,7560,9565,font_heading,font_heading
020257,TRANSMISSORA ALIANÇA DE ENERGIA ELÉTRICA S.A.,2019Q2,2019Q3,0.992,9565,10122,font_heading,font_heading
020257,TRANSMISSORA ALIANÇA DE ENERGIA ELÉTRICA S.A.,2019Q3,2020Q1,0.7491,10122,2839,font_heading,font_heading
020257,TRANSMISSORA ALIANÇA DE ENERGIA ELÉTRICA S.A.,2020Q1,2020Q2,0.9963,2839,2925,font_heading,font_heading
020257,TRANSMISSORA ALIANÇA DE ENERGIA ELÉTRICA S.A.,2020Q2,2020Q3,0.8197,2925,7627,font_heading,font_heading
020257,TRANSMISSORA ALIANÇA DE ENERGIA ELÉTRICA S.A.,2020Q3,2021Q1,0.9942,7627,7156,font_heading,font_heading
020257,TRANSMISSORA ALIANÇA DE ENERGIA ELÉTRICA S.A.,2021Q1,2021Q2,0.9889,7156,8196,font_heading,font_heading
020257,TRANSMISSORA ALIANÇA DE ENERGIA ELÉTRICA S.A.,2021Q2,2022Q1,0.6473,8196,9321,font_heading,font_heading
020257,TRANSMISSORA ALIANÇA DE ENERGIA ELÉTRICA S.A.,2022Q1,2022Q2,0.1695,9321,11087,font_heading,regex_only
020257,TRANSMISSORA ALIANÇA DE ENERGIA ELÉTRICA S.A.,2022Q2,2022Q3,0.0218,11087,1665,regex_only,regex_only
020257,TRANSMISSORA ALIANÇA DE ENERGIA ELÉTRICA S.A.,2022Q3,2023Q1,0.0381,1665,80891,regex_only,font_heading
020257,TRANSMISSORA ALIANÇA DE ENERGIA ELÉTRICA S.A.,2023Q1,2023Q2,0.5975,80891,10686,font_heading,regex_only
020257,TRANSMISSORA ALIANÇA DE ENERGIA ELÉTRICA S.A.,2023Q2,2023Q3,0.0291,10686,1874,regex_only,regex_only
020257,TRANSMISSORA ALIANÇA DE ENERGIA ELÉTRICA S.A.,2023Q3,2024Q1,0.0164,1874,11000,regex_only,font_heading
020257,TRANSMISSORA ALIANÇA DE ENERGIA ELÉTRICA S.A.,2024Q1,2024Q2,0.9936,11000,11290,font_heading,font_heading
020257,TRANSMISSORA ALIANÇA DE ENERGIA ELÉTRICA S.A.,2024Q2,2024Q3,0.5263,11290,84874,font_heading,font_heading
020257,TRANSMISSORA ALIANÇA DE ENERGIA ELÉTRICA S.A.,2024Q3,2025Q1,0.5214,84874,11207,font_heading,font_heading
020257,TRANSMISSORA ALIANÇA DE ENERGIA ELÉTRICA S.A.,2025Q1,2025Q2,0.969,11207,10749,font_heading,font_heading
020257,TRANSMISSORA ALIANÇA DE ENERGIA ELÉTRICA S.A.,2025Q2,2025Q3,0.9898,10749,11886,font_heading,font_heading
020338,M Dias Branco SA,2011Q1,2011Q2,0.9166,5747,6806,font_heading,font_heading
020338,M Dias Branco SA,2011Q2,2011Q3,0.9947,6806,6751,font_heading,font_heading
020338,M Dias Branco SA,2011Q3,2012Q1,0.9395,6751,7774,font_heading,font_heading
020338,M Dias Branco SA,2012Q1,2012Q2,0.1207,7774,664,font_heading,font_heading
020338,M Dias Branco SA,2012Q2,2012Q3,0.9907,664,667,font_heading,font_heading
020338,M Dias Branco SA,2012Q3,2013Q1,0.4558,667,2843,font_heading,font_heading
020338,M Dias Branco SA,2013Q1,2013Q2,0.9993,2843,2844,font_heading,font_heading
020338,M Dias Branco SA,2013Q2,2013Q3,0.9992,2844,2847,font_heading,font_heading
020338,M Dias Branco SA,2013Q3,2014Q1,0.168,2847,6232,font_heading,font_heading
020338,M Dias Branco SA,2014Q1,2014Q2,0.9832,6232,6491,font_heading,font_heading
020338,M Dias Branco SA,2014Q2,2014Q3,0.9782,6491,6102,font_heading,font_heading
020338,M Dias Branco SA,2014Q3,2015Q1,0.7948,6102,5966,font_heading,font_heading
020338,M Dias Branco SA,2015Q1,2015Q2,0.9799,5966,5828,font_heading,font_heading
020338,M Dias Branco SA,2015Q2,2015Q3,0.9892,5828,5806,font_heading,font_heading
020338,M Dias Branco SA,2015Q3,2016Q1,0.9869,5806,5786,font_heading,font_heading
020338,M Dias Branco SA,2016Q1,2016Q2,0.9887,5786,5857,font_heading,font_heading
020338,M Dias Branco SA,2016Q2,2016Q3,0.4109,5857,47554,font_heading,font_heading
020338,M Dias Branco SA,2016Q3,2017Q1,0.4078,47554,5587,font_heading,font_heading
020338,M Dias Branco SA,2017Q1,2017Q2,0.99,5587,5451,font_heading,font_heading
020338,M Dias Branco SA,2017Q2,2017Q3,0.9914,5451,5442,font_heading,font_heading
020338,M Dias Branco SA,2017Q3,2018Q1,0.9147,5442,6585,font_heading,font_heading
020338,M Dias Branco SA,2018Q1,2018Q2,0.9201,6585,7717,font_heading,font_heading
020338,M Dias Branco SA,2018Q2,2018Q3,0.9449,7717,8464,font_heading,font_heading
020338,M Dias Branco SA,2018Q3,2019Q1,0.9176,8464,7795,font_heading,font_heading
020338,M Dias Branco SA,2019Q1,2019Q2,0.9828,7795,7978,font_heading,font_heading
020338,M Dias Branco SA,2019Q2,2019Q3,0.9957,7978,7997,font_heading,font_heading
020338,M Dias Branco SA,2019Q3,2020Q1,0.8989,7997,6970,font_heading,font_heading
020338,M Dias Branco SA,2020Q1,2020Q2,0.9091,6970,8417,font_heading,font_heading
020338,M Dias Branco SA,2020Q2,2020Q3,0.9836,8417,8348,font_heading,font_heading
020338,M Dias Branco SA,2020Q3,2021Q1,0.8591,8348,10351,font_heading,font_heading
020338,M Dias Branco SA,2021Q1,2021Q2,0.9698,10351,10055,font_heading,font_heading
020338,M Dias Branco SA,2021Q2,2021Q3,0.9601,10055,10181,font_heading,font_heading
020338,M Dias Branco SA,2021Q3,2022Q1,0.8757,10181,16608,font_heading,font_heading
020338,M Dias Branco SA,2022Q1,2022Q2,0.7312,16608,12530,font_heading,font_heading
020338,M Dias Branco SA,2022Q2,2022Q3,0.916,12530,14124,font_heading,font_heading
020338,M Dias Branco SA,2022Q3,2023Q1,0.7108,14124,8251,font_heading,font_heading
020338,M Dias Branco SA,2023Q1,2023Q3,0.9574,8251,8746,font_heading,font_heading
020338,M Dias Branco SA,2023Q3,2024Q1,0.4156,8746,3713,font_heading,font_heading
020338,M Dias Branco SA,2024Q1,2024Q3,0.9844,3713,3669,font_heading,font_heading
020338,M Dias Branco SA,2024Q3,2025Q1,0.3669,3669,57178,font_heading,font_heading
020338,M Dias Branco SA,2025Q1,2025Q2,0.0491,57178,126,font_heading,font_heading
020338,M Dias Branco SA,2025Q2,2025Q3,0.9395,126,126,font_heading,font_heading
020354,SLC Agricola Centro Oeste SA,2011Q1,2011Q2,0.8711,4078,3770,font_heading,font_heading
020354,SLC Agricola Centro Oeste SA,2011Q2,2011Q3,0.1886,3770,2436,font_heading,regex_only
020354,SLC Agricola Centro Oeste SA,2011Q3,2012Q1,0.285,2436,11716,regex_only,regex_only
020354,SLC Agricola Centro Oeste SA,2012Q1,2012Q2,0.1323,11716,3639,regex_only,font_heading
020354,SLC Agricola Centro Oeste SA,2012Q2,2012Q3,0.2983,3639,41869,font_heading,font_heading
020354,SLC Agricola Centro Oeste SA,2012Q3,2019Q2,0.2,41869,6202,font_heading,regex_only
020354,SLC Agricola Centro Oeste SA,2019Q2,2019Q3,0.0476,6202,6389,regex_only,font_heading
020354,SLC Agricola Centro Oeste SA,2019Q3,2020Q1,0.0645,6389,6207,font_heading,regex_only
020354,SLC Agricola Centro Oeste SA,2020Q1,2020Q3,0.9473,6207,5845,regex_only,regex_only
020354,SLC Agricola Centro Oeste SA,2020Q3,2021Q2,0.126,5845,10700,regex_only,font_heading
020362,Positivo Tecnologia S.A.,2011Q1,2011Q2,0.3861,5322,5537,regex_only,regex_only
020362,Positivo Tecnologia S.A.,2011Q2,2011Q3,0.1385,5537,13497,regex_only,regex_only
020362,Positivo Tecnologia S.A.,2011Q3,2012Q1,0.7364,13497,16190,regex_only,regex_only
020362,Positivo Tecnologia S.A.,2012Q1,2012Q2,0.1006,16190,5483,regex_only,regex_only
020362,Positivo Tecnologia S.A.,2012Q2,2012Q3,0.258,5483,6550,regex_only,regex_only
020362,Positivo Tecnologia S.A.,2012Q3,2013Q1,0.0664,6550,12316,regex_only,regex_only
020362,Positivo Tecnologia S.A.,2013Q1,2014Q1,0.0279,12316,343,regex_only,font_heading
020362,Positivo Tecnologia S.A.,2014Q1,2014Q2,0.0868,343,11809,font_heading,font_heading
020362,Positivo Tecnologia S.A.,2014Q2,2014Q3,0.9337,11809,12780,font_heading,font_heading
020362,Positivo Tecnologia S.A.,2014Q3,2015Q1,0.9032,12780,9798,font_heading,regex_only
020362,Positivo Tecnologia S.A.,2015Q1,2015Q3,0.9593,9798,9912,regex_only,regex_only
020362,Positivo Tecnologia S.A.,2015Q3,2016Q2,0.0323,9912,5189,regex_only,regex_only
020362,Positivo Tecnologia S.A.,2016Q2,2017Q1,0.9127,5189,5898,regex_only,regex_only
020362,Positivo Tecnologia S.A.,2017Q1,2017Q2,0.1946,5898,10762,regex_only,regex_only
020362,Positivo Tecnologia S.A.,2017Q2,2017Q3,0.215,10762,6179,regex_only,regex_only
020362,Positivo Tecnologia S.A.,2017Q3,2018Q1,0.9088,6179,6953,regex_only,regex_only
020362,Positivo Tecnologia S.A.,2018Q1,2018Q2,0.9565,6953,8324,regex_only,regex_only
020362,Positivo Tecnologia S.A.,2018Q2,2018Q3,0.9717,8324,7477,regex_only,regex_only
020362,Positivo Tecnologia S.A.,2018Q3,2019Q3,0.1405,7477,2834,regex_only,regex_only
020362,Positivo Tecnologia S.A.,2019Q3,2020Q2,0.1054,2834,7177,regex_only,regex_only
020362,Positivo Tecnologia S.A.,2020Q2,2020Q3,0.0664,7177,1884,regex_only,regex_only
020362,Positivo Tecnologia S.A.,2020Q3,2021Q1,0.3402,1884,6259,regex_only,regex_only
020362,Positivo Tecnologia S.A.,2021Q1,2021Q2,0.0258,6259,555,regex_only,font_heading
020362,Positivo Tecnologia S.A.,2021Q2,2021Q3,0.0469,555,9550,font_heading,regex_only
020362,Positivo Tecnologia S.A.,2021Q3,2022Q1,0.0286,9550,349,regex_only,font_heading
020362,Positivo Tecnologia S.A.,2022Q1,2022Q2,0.0324,349,10333,font_heading,regex_only
020362,Positivo Tecnologia S.A.,2022Q2,2022Q3,0.1009,10333,7340,regex_only,font_heading
020362,Positivo Tecnologia S.A.,2022Q3,2023Q1,0.0985,7340,9776,font_heading,regex_only
020362,Positivo Tecnologia S.A.,2023Q1,2023Q2,0.824,9776,14194,regex_only,regex_only
020362,Positivo Tecnologia S.A.,2023Q2,2023Q3,0.9879,14194,14452,regex_only,regex_only
020362,Positivo Tecnologia S.A.,2023Q3,2024Q1,0.1636,14452,7097,regex_only,font_heading
020362,Positivo Tecnologia S.A.,2024Q1,2024Q2,0.1086,7097,4327,font_heading,regex_only
020362,Positivo Tecnologia S.A.,2024Q2,2024Q3,0.1011,4327,7747,regex_only,font_heading
020362,Positivo Tecnologia S.A.,2024Q3,2025Q1,0.1188,7747,7348,font_heading,regex_only
020362,Positivo Tecnologia S.A.,2025Q1,2025Q2,0.4392,7348,10380,regex_only,regex_only
020362,Positivo Tecnologia S.A.,2025Q2,2025Q3,0.0512,10380,302,regex_only,font_heading
020435,Tecnisa SA,2011Q1,2011Q2,0.0158,489,2447,font_heading,regex_only
020435,Tecnisa SA,2011Q2,2011Q3,0.0467,2447,7592,regex_only,font_heading
020435,Tecnisa SA,2011Q3,2012Q1,0.1244,7592,572,font_heading,font_heading
020435,Tecnisa SA,2012Q1,2012Q2,0.1255,572,8616,font_heading,font_heading
020435,Tecnisa SA,2012Q2,2012Q3,0.9957,8616,8623,font_heading,font_heading
020435,Tecnisa SA,2012Q3,2013Q1,0.8633,8623,7427,font_heading,font_heading
020435,Tecnisa SA,2013Q1,2013Q2,0.9897,7427,7448,font_heading,font_heading
020435,Tecnisa SA,2013Q2,2013Q3,0.9713,7448,7476,font_heading,font_heading
020435,Tecnisa SA,2013Q3,2014Q1,0.8293,7476,5715,font_heading,font_heading
020435,Tecnisa SA,2014Q1,2014Q2,0.9936,5715,5721,font_heading,font_heading
020435,Tecnisa SA,2014Q2,2014Q3,0.9407,5721,5580,font_heading,font_heading
020435,Tecnisa SA,2014Q3,2015Q1,0.9719,5580,6224,font_heading,font_heading
020435,Tecnisa SA,2015Q1,2015Q2,0.9463,6224,5623,font_heading,font_heading
020435,Tecnisa SA,2015Q2,2015Q3,0.9882,5623,5692,font_heading,font_heading
020435,Tecnisa SA,2015Q3,2016Q1,0.9042,5692,4496,font_heading,font_heading
020435,Tecnisa SA,2016Q1,2016Q3,0.9871,4496,4495,font_heading,font_heading
020435,Tecnisa SA,2016Q3,2017Q1,0.9318,4495,3975,font_heading,font_heading
020435,Tecnisa SA,2017Q1,2017Q2,0.9608,3975,3959,font_heading,font_heading
020435,Tecnisa SA,2017Q2,2017Q3,0.9364,3959,4812,font_heading,font_heading
020435,Tecnisa SA,2017Q3,2018Q3,0.9251,4812,4228,font_heading,font_heading
020435,Tecnisa SA,2018Q3,2019Q1,0.9255,4228,4462,font_heading,font_heading
020435,Tecnisa SA,2019Q1,2019Q2,0.968,4462,4998,font_heading,font_heading
020435,Tecnisa SA,2019Q2,2019Q3,0.9815,4998,5247,font_heading,font_heading
020435,Tecnisa SA,2019Q3,2020Q2,0.0807,5247,1258,font_heading,regex_only
020435,Tecnisa SA,2020Q2,2020Q3,0.9469,1258,1448,regex_only,regex_only
020435,Tecnisa SA,2020Q3,2021Q1,0.6557,1448,3068,regex_only,regex_only
020435,Tecnisa SA,2021Q1,2021Q3,0.529,3068,3826,regex_only,regex_only
020435,Tecnisa SA,2021Q3,2022Q1,0.0398,3826,226,regex_only,regex_only
020435,Tecnisa SA,2022Q1,2022Q2,0.0224,226,2238,regex_only,regex_only
020435,Tecnisa SA,2022Q2,2022Q3,0.9636,2238,2054,regex_only,regex_only
020435,Tecnisa SA,2022Q3,2023Q1,0.8626,2054,1709,regex_only,regex_only
020435,Tecnisa SA,2023Q1,2023Q2,0.0069,1709,148,regex_only,regex_only
020435,Tecnisa SA,2023Q2,2023Q3,0.0216,148,3034,regex_only,regex_only
020435,Tecnisa SA,2023Q3,2024Q1,0.641,3034,1392,regex_only,regex_only
020435,Tecnisa SA,2024Q1,2024Q2,0.9951,1392,1603,regex_only,regex_only
020435,Tecnisa SA,2024Q2,2024Q3,1.0,1603,1608,regex_only,regex_only
020435,Tecnisa SA,2024Q3,2025Q1,0.0923,1608,10675,regex_only,font_heading
020435,Tecnisa SA,2025Q1,2025Q2,0.949,10675,12065,font_heading,font_heading
020435,Tecnisa SA,2025Q2,2025Q3,0.9536,12065,12966,font_heading,font_heading
020478,PDG Realty S.A. Empreendimentos e Participações,2011Q1,2011Q2,0.9985,36408,37994,font_heading,font_heading
020478,PDG Realty S.A. Empreendimentos e Participações,2011Q2,2011Q3,0.9974,37994,43804,font_heading,font_heading
020478,PDG Realty S.A. Empreendimentos e Participações,2011Q3,2012Q1,0.3817,43804,1536,font_heading,font_heading
020478,PDG Realty S.A. Empreendimentos e Participações,2012Q1,2012Q2,0.1467,1536,56996,font_heading,font_heading
020478,PDG Realty S.A. Empreendimentos e Participações,2012Q2,2013Q1,0.1566,56996,868,font_heading,font_heading
020478,PDG Realty S.A. Empreendimentos e Participações,2013Q1,2013Q2,0.0483,868,2222,font_heading,font_heading
020478,PDG Realty S.A. Empreendimentos e Participações,2013Q2,2013Q3,0.8266,2222,1666,font_heading,font_heading
020478,PDG Realty S.A. Empreendimentos e Participações,2013Q3,2014Q1,0.3961,1666,514,font_heading,font_heading
020478,PDG Realty S.A. Empreendimentos e Participações,2014Q1,2014Q2,0.5205,514,1588,font_heading,font_heading
020478,PDG Realty S.A. Empreendimentos e Participações,2014Q2,2014Q3,0.5351,1588,2869,font_heading,font_heading
020478,PDG Realty S.A. Empreendimentos e Participações,2014Q3,2015Q1,0.9189,2869,2718,font_heading,font_heading
020478,PDG Realty S.A. Empreendimentos e Participações,2015Q1,2015Q2,0.9897,2718,2790,font_heading,font_heading
020478,PDG Realty S.A. Empreendimentos e Participações,2015Q2,2015Q3,0.99,2790,2802,font_heading,font_heading
020478,PDG Realty S.A. Empreendimentos e Participações,2015Q3,2016Q1,0.5214,2802,12730,font_heading,font_heading
020478,PDG Realty S.A. Empreendimentos e Participações,2016Q1,2016Q2,0.9509,12730,12463,font_heading,font_heading
020478,PDG Realty S.A. Empreendimentos e Participações,2016Q2,2016Q3,0.9237,12463,13176,font_heading,font_heading
020478,PDG Realty S.A. Empreendimentos e Participações,2016Q3,2017Q1,0.7748,13176,10134,font_heading,font_heading
020478,PDG Realty S.A. Empreendimentos e Participações,2017Q1,2017Q2,0.8765,10134,11342,font_heading,font_heading
020478,PDG Realty S.A. Empreendimentos e Participações,2017Q2,2017Q3,0.9722,11342,11454,font_heading,font_heading
020478,PDG Realty S.A. Empreendimentos e Participações,2017Q3,2018Q1,0.8434,11454,9790,font_heading,font_heading
020478,PDG Realty S.A. Empreendimentos e Participações,2018Q1,2018Q2,0.9802,9790,9363,font_heading,font_heading
020478,PDG Realty S.A. Empreendimentos e Participações,2018Q2,2018Q3,0.9734,9363,8975,font_heading,font_heading
020478,PDG Realty S.A. Empreendimentos e Participações,2018Q3,2019Q1,0.0487,8975,560,font_heading,regex_only
020478,PDG Realty S.A. Empreendimentos e Participações,2019Q1,2019Q2,0.5106,560,2577,regex_only,regex_only
020478,PDG Realty S.A. Empreendimentos e Participações,2019Q2,2019Q3,1.0,2577,2577,regex_only,regex_only
020478,PDG Realty S.A. Empreendimentos e Participações,2019Q3,2020Q1,0.2471,2577,845,regex_only,regex_only
020478,PDG Realty S.A. Empreendimentos e Participações,2020Q1,2020Q2,0.575,845,3460,regex_only,regex_only
020478,PDG Realty S.A. Empreendimentos e Participações,2020Q2,2020Q3,0.6012,3460,2902,regex_only,regex_only
020478,PDG Realty S.A. Empreendimentos e Participações,2020Q3,2021Q1,0.206,2902,2463,regex_only,regex_only
020478,PDG Realty S.A. Empreendimentos e Participações,2021Q1,2021Q2,0.1875,2463,706,regex_only,regex_only
020478,PDG Realty S.A. Empreendimentos e Participações,2021Q2,2021Q3,0.3027,706,2143,regex_only,regex_only
020478,PDG Realty S.A. Empreendimentos e Participações,2021Q3,2022Q1,0.3399,2143,529,regex_only,regex_only
020478,PDG Realty S.A. Empreendimentos e Participações,2022Q1,2022Q2,0.292,529,4193,regex_only,regex_only
020478,PDG Realty S.A. Empreendimentos e Participações,2022Q2,2022Q3,0.4375,4193,3539,regex_only,regex_only
020478,PDG Realty S.A. Empreendimentos e Participações,2022Q3,2023Q1,0.1693,3539,2470,regex_only,regex_only
020478,PDG Realty S.A. Empreendimentos e Participações,2023Q1,2023Q2,0.7084,2470,5404,regex_only,regex_only
020478,PDG Realty S.A. Empreendimentos e Participações,2023Q2,2023Q3,0.7387,5404,4487,regex_only,regex_only
020478,PDG Realty S.A. Empreendimentos e Participações,2023Q3,2024Q1,0.625,4487,3867,regex_only,regex_only
020478,PDG Realty S.A. Empreendimentos e Participações,2024Q1,2024Q2,0.3573,3867,5060,regex_only,regex_only
020478,PDG Realty S.A. Empreendimentos e Participações,2024Q2,2024Q3,0.5278,5060,5376,regex_only,regex_only
020478,PDG Realty S.A. Empreendimentos e Participações,2024Q3,2025Q1,0.1293,5376,711,regex_only,regex_only
020478,PDG Realty S.A. Empreendimentos e Participações,2025Q1,2025Q2,0.3969,711,585,regex_only,regex_only
020478,PDG Realty S.A. Empreendimentos e Participações,2025Q2,2025Q3,0.3575,585,2277,regex_only,regex_only
020494,Iguatemi Empresa de Shopping Centers S/A (pre-restructuring entity),2011Q1,2011Q2,0.3539,831,16622,font_heading,regex_only
020494,Iguatemi Empresa de Shopping Centers S/A (pre-restructuring entity),2011Q2,2011Q3,0.8899,16622,11759,regex_only,regex_only
020494,Iguatemi Empresa de Shopping Centers S/A (pre-restructuring entity),2011Q3,2012Q1,0.053,11759,187,regex_only,font_heading
020494,Iguatemi Empresa de Shopping Centers S/A (pre-restructuring entity),2012Q1,2012Q2,0.0381,187,11878,font_heading,regex_only
020494,Iguatemi Empresa de Shopping Centers S/A (pre-restructuring entity),2012Q2,2012Q3,0.9509,11878,12982,regex_only,regex_only
020494,Iguatemi Empresa de Shopping Centers S/A (pre-restructuring entity),2012Q3,2013Q1,0.855,12982,10155,regex_only,regex_only
020494,Iguatemi Empresa de Shopping Centers S/A (pre-restructuring entity),2013Q1,2013Q2,0.9038,10155,11717,regex_only,regex_only
020494,Iguatemi Empresa de Shopping Centers S/A (pre-restructuring entity),2013Q2,2013Q3,0.2683,11717,30065,regex_only,font_heading
020494,Iguatemi Empresa de Shopping Centers S/A (pre-restructuring entity),2013Q3,2014Q1,0.9446,30065,34551,font_heading,font_heading
020494,Iguatemi Empresa de Shopping Centers S/A (pre-restructuring entity),2014Q1,2014Q2,0.8417,34551,20809,font_heading,font_heading
020494,Iguatemi Empresa de Shopping Centers S/A (pre-restructuring entity),2014Q2,2014Q3,0.9733,20809,23364,font_heading,font_heading
020494,Iguatemi Empresa de Shopping Centers S/A (pre-restructuring entity),2014Q3,2015Q1,0.9156,23364,22239,font_heading,font_heading
020494,Iguatemi Empresa de Shopping Centers S/A (pre-restructuring entity),2015Q1,2015Q2,0.9583,22239,22293,font_heading,font_heading
020494,Iguatemi Empresa de Shopping Centers S/A (pre-restructuring entity),2015Q2,2015Q3,0.9403,22293,23604,font_heading,font_heading
020494,Iguatemi Empresa de Shopping Centers S/A (pre-restructuring entity),2015Q3,2016Q1,0.9309,23604,24819,font_heading,font_heading
020494,Iguatemi Empresa de Shopping Centers S/A (pre-restructuring entity),2016Q1,2016Q2,0.9578,24819,21838,font_heading,font_heading
020494,Iguatemi Empresa de Shopping Centers S/A (pre-restructuring entity),2016Q2,2016Q3,0.9727,21838,22481,font_heading,font_heading
020494,Iguatemi Empresa de Shopping Centers S/A (pre-restructuring entity),2016Q3,2017Q1,0.2817,22481,12863,font_heading,regex_only
020494,Iguatemi Empresa de Shopping Centers S/A (pre-restructuring entity),2017Q1,2017Q2,0.9674,12863,12139,regex_only,regex_only
020494,Iguatemi Empresa de Shopping Centers S/A (pre-restructuring entity),2017Q2,2017Q3,0.9896,12139,11526,regex_only,regex_only
020494,Iguatemi Empresa de Shopping Centers S/A (pre-restructuring entity),2017Q3,2018Q3,0.6871,11526,6717,regex_only,regex_only
020494,Iguatemi Empresa de Shopping Centers S/A (pre-restructuring entity),2018Q3,2019Q1,0.4326,6717,9094,regex_only,regex_only
020494,Iguatemi Empresa de Shopping Centers S/A (pre-restructuring entity),2019Q1,2020Q1,0.1545,9094,7231,regex_only,font_heading
020494,Iguatemi Empresa de Shopping Centers S/A (pre-restructuring entity),2020Q1,2020Q2,0.1276,7231,9051,font_heading,regex_only
020494,Iguatemi Empresa de Shopping Centers S/A (pre-restructuring entity),2020Q2,2020Q3,0.9883,9051,9076,regex_only,regex_only
020494,Iguatemi Empresa de Shopping Centers S/A (pre-restructuring entity),2020Q3,2023Q1,0.0946,9076,3862,regex_only,font_heading
020494,Iguatemi Empresa de Shopping Centers S/A (pre-restructuring entity),2023Q1,2023Q2,0.9992,3862,4059,font_heading,font_heading
020494,Iguatemi Empresa de Shopping Centers S/A (pre-restructuring entity),2023Q2,2023Q3,0.9991,4059,3896,font_heading,font_heading
020494,Iguatemi Empresa de Shopping Centers S/A (pre-restructuring entity),2023Q3,2024Q1,0.983,3896,3779,font_heading,font_heading
020494,Iguatemi Empresa de Shopping Centers S/A (pre-restructuring entity),2024Q1,2024Q2,0.6571,3779,4333,font_heading,font_heading
020494,Iguatemi Empresa de Shopping Centers S/A (pre-restructuring entity),2024Q2,2024Q3,0.946,4333,6016,font_heading,font_heading
020494,Iguatemi Empresa de Shopping Centers S/A (pre-restructuring entity),2024Q3,2025Q1,0.8636,6016,3581,font_heading,font_heading
020494,Iguatemi Empresa de Shopping Centers S/A (pre-restructuring entity),2025Q1,2025Q2,0.9923,3581,3517,font_heading,font_heading
020494,Iguatemi Empresa de Shopping Centers S/A (pre-restructuring entity),2025Q2,2025Q3,0.9939,3517,3805,font_heading,font_heading
020516,São Martinho S.A.,2011Q2,2011Q3,0.9863,2810,2968,regex_only,regex_only
020516,São Martinho S.A.,2011Q3,2012Q2,0.9499,2968,3119,regex_only,regex_only
020516,São Martinho S.A.,2012Q2,2012Q3,0.9876,3119,3263,regex_only,regex_only
020516,São Martinho S.A.,2012Q3,2013Q2,0.0377,3263,6720,regex_only,font_heading
020516,São Martinho S.A.,2013Q2,2013Q3,0.0375,6720,4273,font_heading,regex_only
020516,São Martinho S.A.,2013Q3,2014Q2,0.0426,4273,8584,regex_only,font_heading
020516,São Martinho S.A.,2014Q2,2014Q3,0.9268,8584,9821,font_heading,font_heading
020516,São Martinho S.A.,2014Q3,2015Q2,0.039,9821,3940,font_heading,regex_only
020516,São Martinho S.A.,2015Q2,2015Q3,0.9381,3940,4483,regex_only,regex_only
020516,São Martinho S.A.,2015Q3,2016Q2,0.9504,4483,4254,regex_only,regex_only
020516,São Martinho S.A.,2016Q2,2016Q3,0.9742,4254,4471,regex_only,regex_only
020516,São Martinho S.A.,2016Q3,2017Q2,0.9597,4471,4213,regex_only,regex_only
020516,São Martinho S.A.,2017Q2,2017Q3,0.9742,4213,3317,regex_only,regex_only
020516,São Martinho S.A.,2017Q3,2018Q2,0.9677,3317,3194,regex_only,regex_only
020516,São Martinho S.A.,2018Q2,2018Q3,0.9811,3194,3154,regex_only,regex_only
020516,São Martinho S.A.,2018Q3,2019Q2,0.947,3154,3184,regex_only,regex_only
020516,São Martinho S.A.,2019Q2,2019Q3,0.6568,3184,1272,regex_only,regex_only
020516,São Martinho S.A.,2019Q3,2020Q2,0.0597,1272,4856,regex_only,font_heading
020516,São Martinho S.A.,2020Q2,2020Q3,0.0569,4856,1271,font_heading,regex_only
020516,São Martinho S.A.,2020Q3,2021Q2,0.0769,1271,1722,regex_only,font_heading
020516,São Martinho S.A.,2021Q2,2021Q3,0.3918,1722,6654,font_heading,font_heading
020516,São Martinho S.A.,2021Q3,2022Q2,0.9433,6654,5904,font_heading,font_heading
020516,São Martinho S.A.,2022Q2,2023Q2,0.9836,5904,6416,font_heading,font_heading
020516,São Martinho S.A.,2023Q2,2023Q3,0.9718,6416,6516,font_heading,font_heading
020516,São Martinho S.A.,2023Q3,2024Q2,0.4891,6516,2845,font_heading,font_heading
020516,São Martinho S.A.,2024Q2,2024Q3,0.9937,2845,2745,font_heading,font_heading
020516,São Martinho S.A.,2024Q3,2025Q2,0.8269,2745,3287,font_heading,font_heading
020516,São Martinho S.A.,2025Q2,2025Q3,0.295,3287,13925,font_heading,regex_only
020524,Even Construtora e Incorporadora S/A,2011Q1,2011Q2,0.9739,4041,4428,font_heading,font_heading
020524,Even Construtora e Incorporadora S/A,2011Q2,2011Q3,0.9574,4428,4994,font_heading,font_heading
020524,Even Construtora e Incorporadora S/A,2011Q3,2012Q1,0.9207,4994,4437,font_heading,font_heading
020524,Even Construtora e Incorporadora S/A,2012Q1,2012Q2,0.9712,4437,4662,font_heading,font_heading
020524,Even Construtora e Incorporadora S/A,2012Q2,2012Q3,0.9954,4662,4594,font_heading,font_heading
020524,Even Construtora e Incorporadora S/A,2012Q3,2013Q1,0.9127,4594,4184,font_heading,font_heading
020524,Even Construtora e Incorporadora S/A,2013Q1,2013Q2,0.9898,4184,4188,font_heading,font_heading
020524,Even Construtora e Incorporadora S/A,2013Q2,2013Q3,0.9745,4188,4321,font_heading,font_heading
020524,Even Construtora e Incorporadora S/A,2013Q3,2014Q1,0.8733,4321,4085,font_heading,font_heading
020524,Even Construtora e Incorporadora S/A,2014Q1,2014Q2,0.9871,4085,4119,font_heading,font_heading
020524,Even Construtora e Incorporadora S/A,2014Q2,2014Q3,0.9937,4119,4108,font_heading,font_heading
020524,Even Construtora e Incorporadora S/A,2014Q3,2015Q1,0.1129,4108,3886,font_heading,font_heading
020524,Even Construtora e Incorporadora S/A,2015Q1,2015Q2,0.8944,3886,3064,font_heading,font_heading
020524,Even Construtora e Incorporadora S/A,2015Q2,2015Q3,0.9152,3064,3516,font_heading,font_heading
020524,Even Construtora e Incorporadora S/A,2015Q3,2016Q1,0.8902,3516,3374,font_heading,font_heading
020524,Even Construtora e Incorporadora S/A,2016Q1,2016Q2,0.977,3374,3152,font_heading,font_heading
020524,Even Construtora e Incorporadora S/A,2016Q2,2016Q3,0.0479,3152,8338,font_heading,regex_only
020524,Even Construtora e Incorporadora S/A,2016Q3,2017Q1,0.9925,8338,8395,regex_only,regex_only
020524,Even Construtora e Incorporadora S/A,2017Q1,2017Q2,0.9991,8395,8584,regex_only,regex_only
020524,Even Construtora e Incorporadora S/A,2017Q2,2017Q3,0.9986,8584,8612,regex_only,regex_only
020524,Even Construtora e Incorporadora S/A,2017Q3,2018Q1,0.9914,8612,5331,regex_only,regex_only
020524,Even Construtora e Incorporadora S/A,2018Q1,2018Q2,0.9923,5331,5303,regex_only,regex_only
020524,Even Construtora e Incorporadora S/A,2018Q2,2018Q3,0.9993,5303,5360,regex_only,regex_only
020524,Even Construtora e Incorporadora S/A,2018Q3,2019Q1,0.9976,5360,5388,regex_only,regex_only
020524,Even Construtora e Incorporadora S/A,2019Q1,2019Q2,0.9999,5388,5391,regex_only,regex_only
020524,Even Construtora e Incorporadora S/A,2019Q2,2019Q3,0.9998,5391,5376,regex_only,regex_only
020524,Even Construtora e Incorporadora S/A,2019Q3,2020Q1,0.0121,5376,2733,regex_only,font_heading
020524,Even Construtora e Incorporadora S/A,2020Q1,2020Q2,0.8835,2733,1819,font_heading,font_heading
020524,Even Construtora e Incorporadora S/A,2020Q2,2020Q3,0.0184,1819,4534,font_heading,regex_only
020524,Even Construtora e Incorporadora S/A,2020Q3,2021Q1,0.4759,4534,3745,regex_only,regex_only
020524,Even Construtora e Incorporadora S/A,2021Q1,2021Q2,0.7859,3745,4322,regex_only,regex_only
020524,Even Construtora e Incorporadora S/A,2021Q2,2021Q3,0.969,4322,6605,regex_only,regex_only
020524,Even Construtora e Incorporadora S/A,2021Q3,2022Q1,0.8488,6605,6473,regex_only,regex_only
020524,Even Construtora e Incorporadora S/A,2022Q1,2022Q2,0.9968,6473,6221,regex_only,regex_only
020524,Even Construtora e Incorporadora S/A,2022Q2,2022Q3,0.9892,6221,6702,regex_only,regex_only
020524,Even Construtora e Incorporadora S/A,2022Q3,2023Q1,0.9873,6702,6544,regex_only,regex_only
020524,Even Construtora e Incorporadora S/A,2023Q1,2023Q2,0.0769,6544,2952,regex_only,font_heading
020524,Even Construtora e Incorporadora S/A,2023Q2,2023Q3,0.0832,2952,6335,font_heading,regex_only
020524,Even Construtora e Incorporadora S/A,2023Q3,2024Q1,0.1351,6335,3601,regex_only,font_heading
020524,Even Construtora e Incorporadora S/A,2024Q1,2024Q2,0.9119,3601,3872,font_heading,font_heading
020524,Even Construtora e Incorporadora S/A,2024Q2,2024Q3,0.9671,3872,3866,font_heading,font_heading
020524,Even Construtora e Incorporadora S/A,2024Q3,2025Q1,0.8899,3866,3241,font_heading,font_heading
020575,JBS S/A,2011Q1,2011Q2,0.0627,1944,11021,regex_only,font_heading
020575,JBS S/A,2011Q2,2011Q3,0.0652,11021,1995,font_heading,regex_only
020575,JBS S/A,2011Q3,2012Q1,0.9921,1995,1917,regex_only,regex_only
020575,JBS S/A,2012Q1,2012Q2,0.8616,1917,2988,regex_only,regex_only
020575,JBS S/A,2012Q2,2012Q3,0.8619,2988,1939,regex_only,regex_only
020575,JBS S/A,2012Q3,2013Q1,0.9932,1939,1902,regex_only,regex_only
020575,JBS S/A,2013Q1,2013Q2,0.9986,1902,1949,regex_only,regex_only
020575,JBS S/A,2013Q2,2013Q3,0.9933,1949,1902,regex_only,regex_only
020575,JBS S/A,2013Q3,2014Q1,0.9748,1902,1862,regex_only,regex_only
020575,JBS S/A,2014Q1,2014Q2,0.9754,1862,1956,regex_only,regex_only
020575,JBS S/A,2014Q2,2014Q3,1.0,1956,1908,regex_only,regex_only
020575,JBS S/A,2014Q3,2015Q1,0.0604,1908,12187,regex_only,font_heading
020575,JBS S/A,2015Q1,2015Q2,0.9772,12187,13107,font_heading,font_heading
020575,JBS S/A,2015Q2,2015Q3,0.5321,13107,19920,font_heading,font_heading
020575,JBS S/A,2015Q3,2016Q1,0.9392,19920,18772,font_heading,font_heading
020575,JBS S/A,2016Q1,2016Q2,0.0793,18772,2067,font_heading,regex_only
020575,JBS S/A,2016Q2,2016Q3,0.9971,2067,1984,regex_only,regex_only
020575,JBS S/A,2016Q3,2018Q2,0.265,1984,659,regex_only,regex_only
020575,JBS S/A,2018Q2,2018Q3,1.0,659,645,regex_only,regex_only
020575,JBS S/A,2018Q3,2019Q1,0.2863,645,2044,regex_only,regex_only
020575,JBS S/A,2019Q1,2019Q2,0.9847,2044,2084,regex_only,regex_only
020575,JBS S/A,2019Q2,2020Q2,0.0223,2084,4306,regex_only,font_heading
020575,JBS S/A,2020Q2,2021Q1,0.0352,4306,5171,font_heading,regex_only
020575,JBS S/A,2021Q1,2021Q2,0.0404,5171,4747,regex_only,font_heading
020575,JBS S/A,2021Q2,2021Q3,0.0415,4747,5246,font_heading,regex_only
020575,JBS S/A,2021Q3,2022Q2,0.9249,5246,5316,regex_only,regex_only
020575,JBS S/A,2022Q2,2022Q3,0.7647,5316,5419,regex_only,regex_only
020575,JBS S/A,2022Q3,2023Q1,0.6599,5419,8407,regex_only,regex_only
020575,JBS S/A,2023Q1,2023Q2,0.0821,8407,6149,regex_only,font_heading
020575,JBS S/A,2023Q2,2023Q3,0.9956,6149,6183,font_heading,font_heading
020575,JBS S/A,2023Q3,2024Q1,0.9637,6183,4610,font_heading,font_heading
020575,JBS S/A,2024Q1,2024Q2,0.9989,4610,4616,font_heading,font_heading
020575,JBS S/A,2024Q2,2024Q3,0.9985,4616,4684,font_heading,font_heading
020575,JBS S/A,2024Q3,2025Q1,0.9682,4684,4118,font_heading,font_heading
020575,JBS S/A,2025Q1,2025Q2,0.9855,4118,4118,font_heading,font_heading
020575,JBS S/A,2025Q2,2025Q3,0.9935,4118,4367,font_heading,font_heading
020605,JHSF Participações S.A.,2011Q1,2011Q2,0.9876,7390,7678,font_heading,font_heading
020605,JHSF Participações S.A.,2011Q2,2011Q3,0.9912,7678,7475,font_heading,font_heading
020605,JHSF Participações S.A.,2011Q3,2012Q1,0.9186,7475,7474,font_heading,font_heading
020605,JHSF Participações S.A.,2012Q1,2012Q2,0.9907,7474,7032,font_heading,font_heading
020605,JHSF Participações S.A.,2012Q2,2012Q3,0.9772,7032,7378,font_heading,font_heading
020605,JHSF Participações S.A.,2012Q3,2013Q1,0.982,7378,7766,font_heading,font_heading
020605,JHSF Participações S.A.,2013Q1,2013Q2,0.9944,7766,7641,font_heading,font_heading
020605,JHSF Participações S.A.,2013Q2,2013Q3,0.9935,7641,7762,font_heading,font_heading
020605,JHSF Participações S.A.,2013Q3,2014Q1,0.7799,7762,6279,font_heading,font_heading
020605,JHSF Participações S.A.,2014Q1,2014Q2,0.9976,6279,6319,font_heading,font_heading
020605,JHSF Participações S.A.,2014Q2,2014Q3,0.9904,6319,6482,font_heading,font_heading
020605,JHSF Participações S.A.,2014Q3,2015Q1,0.1184,6482,5601,font_heading,regex_only
020605,JHSF Participações S.A.,2015Q1,2015Q2,0.9515,5601,5895,regex_only,regex_only
020605,JHSF Participações S.A.,2015Q2,2015Q3,0.9535,5895,5192,regex_only,regex_only
020605,JHSF Participações S.A.,2015Q3,2016Q1,0.0795,5192,222,regex_only,font_heading
020605,JHSF Participações S.A.,2016Q1,2016Q2,0.1168,222,6193,font_heading,regex_only
020605,JHSF Participações S.A.,2016Q2,2016Q3,0.9012,6193,5809,regex_only,regex_only
020605,JHSF Participações S.A.,2016Q3,2017Q1,0.6505,5809,2116,regex_only,regex_only
020605,JHSF Participações S.A.,2017Q1,2017Q2,0.9919,2116,1984,regex_only,regex_only
020605,JHSF Participações S.A.,2017Q2,2017Q3,0.6628,1984,5735,regex_only,regex_only
020605,JHSF Participações S.A.,2017Q3,2018Q1,0.6296,5735,1848,regex_only,regex_only
020605,JHSF Participações S.A.,2018Q1,2018Q2,0.9865,1848,1980,regex_only,regex_only
020605,JHSF Participações S.A.,2018Q2,2019Q1,0.9928,1980,2004,regex_only,regex_only
020605,JHSF Participações S.A.,2019Q1,2019Q2,0.4698,2004,9149,regex_only,regex_only
020605,JHSF Participações S.A.,2019Q2,2020Q1,0.0364,9149,340,regex_only,regex_only
020605,JHSF Participações S.A.,2020Q1,2020Q2,0.0573,340,12306,regex_only,regex_only
020605,JHSF Participações S.A.,2020Q2,2020Q3,0.2183,12306,2008,regex_only,regex_only
020605,JHSF Participações S.A.,2020Q3,2021Q1,0.1808,2008,1349,regex_only,regex_only
020605,JHSF Participações S.A.,2021Q1,2021Q2,0.7656,1349,1519,regex_only,regex_only
020605,JHSF Participações S.A.,2021Q2,2021Q3,0.1946,1519,67143,regex_only,font_heading
020605,JHSF Participações S.A.,2021Q3,2022Q1,0.503,67143,11911,font_heading,font_heading
020605,JHSF Participações S.A.,2022Q1,2022Q2,0.852,11911,9543,font_heading,font_heading
020605,JHSF Participações S.A.,2022Q2,2022Q3,0.1097,9543,1845,font_heading,regex_only
020605,JHSF Participações S.A.,2022Q3,2023Q1,0.9753,1845,1867,regex_only,regex_only
020605,JHSF Participações S.A.,2023Q1,2023Q2,0.6875,1867,4661,regex_only,regex_only
020605,JHSF Participações S.A.,2023Q2,2023Q3,0.9946,4661,4723,regex_only,regex_only
020605,JHSF Participações S.A.,2023Q3,2024Q1,0.045,4723,168,regex_only,font_heading
020605,JHSF Participações S.A.,2024Q1,2024Q2,0.0436,168,4551,font_heading,regex_only
020605,JHSF Participações S.A.,2024Q2,2024Q3,0.9946,4551,4547,regex_only,regex_only
020605,JHSF Participações S.A.,2024Q3,2025Q1,0.16,4547,14065,regex_only,font_heading
020605,JHSF Participações S.A.,2025Q1,2025Q2,0.936,14065,14488,font_heading,font_heading
020605,JHSF Participações S.A.,2025Q2,2025Q3,0.9975,14488,14804,font_heading,font_heading
020621,Fertilizantes Heringer SA,2011Q2,2011Q3,0.157,3679,11050,font_heading,regex_only
020621,Fertilizantes Heringer SA,2011Q3,2012Q1,0.2058,11050,5878,regex_only,font_heading
020621,Fertilizantes Heringer SA,2012Q1,2012Q2,0.5628,5878,1426,font_heading,font_heading
020621,Fertilizantes Heringer SA,2012Q2,2012Q3,0.5886,1426,6180,font_heading,font_heading
020621,Fertilizantes Heringer SA,2012Q3,2013Q1,0.5618,6180,1985,font_heading,font_heading
020621,Fertilizantes Heringer SA,2013Q1,2013Q2,0.6114,1985,6660,font_heading,font_heading
020621,Fertilizantes Heringer SA,2013Q2,2013Q3,0.9599,6660,6715,font_heading,font_heading
020621,Fertilizantes Heringer SA,2013Q3,2014Q1,0.9025,6715,5830,font_heading,font_heading
020621,Fertilizantes Heringer SA,2014Q1,2014Q2,0.947,5830,5753,font_heading,font_heading
020621,Fertilizantes Heringer SA,2014Q2,2015Q1,0.8323,5753,5210,font_heading,font_heading
020621,Fertilizantes Heringer SA,2015Q1,2015Q2,0.9791,5210,5244,font_heading,font_heading
020621,Fertilizantes Heringer SA,2015Q2,2015Q3,0.98,5244,5344,font_heading,font_heading
020621,Fertilizantes Heringer SA,2015Q3,2016Q1,0.9306,5344,6122,font_heading,font_heading
020621,Fertilizantes Heringer SA,2016Q1,2016Q2,0.9821,6122,6143,font_heading,font_heading
020621,Fertilizantes Heringer SA,2016Q2,2016Q3,0.9813,6143,6155,font_heading,font_heading
020621,Fertilizantes Heringer SA,2016Q3,2017Q1,0.7569,6155,4066,font_heading,font_heading
020621,Fertilizantes Heringer SA,2017Q1,2017Q2,0.9578,4066,4184,font_heading,font_heading
020621,Fertilizantes Heringer SA,2017Q2,2017Q3,0.9582,4184,4155,font_heading,font_heading
020621,Fertilizantes Heringer SA,2017Q3,2018Q1,0.9405,4155,4528,font_heading,font_heading
020621,Fertilizantes Heringer SA,2018Q1,2018Q3,0.9417,4528,4935,font_heading,font_heading
020621,Fertilizantes Heringer SA,2018Q3,2019Q1,0.821,4935,4652,font_heading,font_heading
020621,Fertilizantes Heringer SA,2019Q1,2019Q2,0.8495,4652,4673,font_heading,font_heading
020621,Fertilizantes Heringer SA,2019Q2,2019Q3,0.9695,4673,4550,font_heading,font_heading
020621,Fertilizantes Heringer SA,2019Q3,2020Q1,0.6363,4550,3350,font_heading,font_heading
020621,Fertilizantes Heringer SA,2020Q1,2020Q2,0.8492,3350,3627,font_heading,font_heading
020621,Fertilizantes Heringer SA,2020Q2,2020Q3,0.8968,3627,3847,font_heading,font_heading
020621,Fertilizantes Heringer SA,2020Q3,2021Q1,0.5698,3847,2902,font_heading,font_heading
020702,Viver Incorporadora e Construtora SA,2011Q1,2011Q2,0.9665,6503,7355,font_heading,font_heading
020702,Viver Incorporadora e Construtora SA,2011Q2,2011Q3,0.9554,7355,6479,font_heading,font_heading
020702,Viver Incorporadora e Construtora SA,2011Q3,2012Q1,0.7439,6479,7137,font_heading,font_heading
020702,Viver Incorporadora e Construtora SA,2012Q1,2012Q2,0.9142,7137,10000,font_heading,font_heading
020702,Viver Incorporadora e Construtora SA,2012Q2,2012Q3,0.9218,10000,10711,font_heading,font_heading
020702,Viver Incorporadora e Construtora SA,2012Q3,2013Q1,0.8892,10711,11086,font_heading,font_heading
020702,Viver Incorporadora e Construtora SA,2013Q1,2013Q2,0.9862,11086,11142,font_heading,font_heading
020702,Viver Incorporadora e Construtora SA,2013Q2,2013Q3,0.9338,11142,12167,font_heading,font_heading
020702,Viver Incorporadora e Construtora SA,2013Q3,2014Q1,0.836,12167,11610,font_heading,font_heading
020702,Viver Incorporadora e Construtora SA,2014Q1,2014Q2,0.9428,11610,11064,font_heading,font_heading
020702,Viver Incorporadora e Construtora SA,2014Q2,2014Q3,0.9787,11064,10695,font_heading,font_heading
020702,Viver Incorporadora e Construtora SA,2014Q3,2015Q1,0.9659,10695,9349,font_heading,font_heading
020702,Viver Incorporadora e Construtora SA,2015Q1,2015Q2,0.9952,9349,9382,font_heading,font_heading
020702,Viver Incorporadora e Construtora SA,2015Q2,2015Q3,0.9812,9382,9650,font_heading,font_heading
020702,Viver Incorporadora e Construtora SA,2015Q3,2016Q1,0.97,9650,9491,font_heading,font_heading
020702,Viver Incorporadora e Construtora SA,2016Q1,2016Q2,0.9853,9491,9337,font_heading,font_heading
020702,Viver Incorporadora e Construtora SA,2016Q2,2016Q3,0.9262,9337,8344,font_heading,font_heading
020702,Viver Incorporadora e Construtora SA,2016Q3,2017Q1,0.2896,8344,6519,font_heading,regex_only
020702,Viver Incorporadora e Construtora SA,2017Q1,2017Q2,0.2465,6519,2080,regex_only,regex_only
020702,Viver Incorporadora e Construtora SA,2017Q2,2017Q3,0.1495,2080,9374,regex_only,regex_only
020702,Viver Incorporadora e Construtora SA,2017Q3,2018Q1,0.6323,9374,33526,regex_only,font_heading
020702,Viver Incorporadora e Construtora SA,2018Q1,2018Q2,0.5423,33526,5502,font_heading,font_heading
020702,Viver Incorporadora e Construtora SA,2018Q2,2018Q3,0.3102,5502,9109,font_heading,regex_only
020702,Viver Incorporadora e Construtora SA,2018Q3,2019Q1,0.7257,9109,7893,regex_only,regex_only
020702,Viver Incorporadora e Construtora SA,2019Q1,2019Q2,0.8467,7893,11045,regex_only,regex_only
020702,Viver Incorporadora e Construtora SA,2019Q2,2019Q3,0.9522,11045,9830,regex_only,regex_only
020702,Viver Incorporadora e Construtora SA,2019Q3,2020Q1,0.2776,9830,9031,regex_only,regex_only
020702,Viver Incorporadora e Construtora SA,2020Q1,2020Q2,0.9344,9031,10116,regex_only,regex_only
020702,Viver Incorporadora e Construtora SA,2020Q2,2020Q3,0.926,10116,11532,regex_only,regex_only
020702,Viver Incorporadora e Construtora SA,2020Q3,2021Q1,0.1072,11532,809,regex_only,regex_only
020702,Viver Incorporadora e Construtora SA,2021Q1,2021Q2,0.233,809,9317,regex_only,regex_only
020702,Viver Incorporadora e Construtora SA,2021Q2,2021Q3,0.8745,9317,8490,regex_only,regex_only
020702,Viver Incorporadora e Construtora SA,2021Q3,2022Q1,0.1162,8490,1137,regex_only,regex_only
020702,Viver Incorporadora e Construtora SA,2022Q1,2022Q2,0.1451,1137,3647,regex_only,regex_only
020702,Viver Incorporadora e Construtora SA,2022Q2,2022Q3,0.0969,3647,157,regex_only,font_heading
020702,Viver Incorporadora e Construtora SA,2022Q3,2023Q1,0.0464,157,914,font_heading,font_heading
020702,Viver Incorporadora e Construtora SA,2023Q1,2023Q2,0.4425,914,7873,font_heading,font_heading
020702,Viver Incorporadora e Construtora SA,2023Q2,2023Q3,0.9984,7873,7847,font_heading,font_heading
020702,Viver Incorporadora e Construtora SA,2023Q3,2024Q1,0.6289,7847,4289,font_heading,font_heading
020702,Viver Incorporadora e Construtora SA,2024Q1,2024Q2,0.9439,4289,3995,font_heading,font_heading
020702,Viver Incorporadora e Construtora SA,2024Q2,2024Q3,0.9969,3995,4094,font_heading,font_heading
020702,Viver Incorporadora e Construtora SA,2024Q3,2025Q1,0.8952,4094,3007,font_heading,font_heading
020702,Viver Incorporadora e Construtora SA,2025Q1,2025Q2,0.9957,3007,3059,font_heading,font_heading
020702,Viver Incorporadora e Construtora SA,2025Q2,2025Q3,0.152,3059,7383,font_heading,regex_only
020745,SLC AGRICOLA S.A.,2011Q1,2012Q1,0.9577,2989,1083,regex_only,regex_only
020745,SLC AGRICOLA S.A.,2012Q1,2012Q2,0.9992,1083,1085,regex_only,regex_only
020745,SLC AGRICOLA S.A.,2012Q2,2012Q3,0.9976,1085,1156,regex_only,regex_only
020745,SLC AGRICOLA S.A.,2012Q3,2014Q1,0.0168,1156,5343,regex_only,font_heading
020745,SLC AGRICOLA S.A.,2014Q1,2017Q3,0.347,5343,7154,font_heading,regex_only
020745,SLC AGRICOLA S.A.,2017Q3,2018Q2,0.302,7154,6009,regex_only,font_heading
020745,SLC AGRICOLA S.A.,2018Q2,2019Q2,0.9119,6009,6947,font_heading,font_heading
020745,SLC AGRICOLA S.A.,2019Q2,2020Q1,0.1251,6947,1319,font_heading,regex_only
020745,SLC AGRICOLA S.A.,2020Q1,2020Q3,0.1105,1319,5798,regex_only,font_heading
020745,SLC AGRICOLA S.A.,2020Q3,2021Q2,0.7925,5798,8183,font_heading,font_heading
020745,SLC AGRICOLA S.A.,2021Q2,2021Q3,0.9998,8183,8188,font_heading,font_heading
020745,SLC AGRICOLA S.A.,2021Q3,2022Q1,0.9406,8188,5969,font_heading,font_heading
020745,SLC AGRICOLA S.A.,2022Q1,2022Q2,0.9938,5969,5931,font_heading,font_heading
020745,SLC AGRICOLA S.A.,2022Q2,2023Q1,0.6588,5931,3080,font_heading,font_heading
020745,SLC AGRICOLA S.A.,2023Q1,2023Q2,1.0,3080,3074,font_heading,font_heading
020745,SLC AGRICOLA S.A.,2023Q2,2023Q3,0.9922,3074,3074,font_heading,font_heading
020745,SLC AGRICOLA S.A.,2023Q3,2024Q2,0.04,3074,1308,font_heading,regex_only
020745,SLC AGRICOLA S.A.,2024Q2,2025Q1,0.2375,1308,11756,regex_only,font_heading
020745,SLC AGRICOLA S.A.,2025Q1,2025Q2,0.9851,11756,12155,font_heading,font_heading
020745,SLC AGRICOLA S.A.,2025Q2,2025Q3,0.6482,12155,8739,font_heading,font_heading
020770,EZ Tec Empreendimentos e Participações S/A,2011Q1,2011Q2,0.9755,999,1550,font_heading,font_heading
020770,EZ Tec Empreendimentos e Participações S/A,2011Q2,2011Q3,0.9971,1550,1690,font_heading,font_heading
020770,EZ Tec Empreendimentos e Participações S/A,2011Q3,2012Q1,0.9296,1690,1718,font_heading,font_heading
020770,EZ Tec Empreendimentos e Participações S/A,2012Q1,2012Q2,0.9809,1718,1857,font_heading,font_heading
020770,EZ Tec Empreendimentos e Participações S/A,2012Q2,2012Q3,0.9812,1857,2347,font_heading,font_heading
020770,EZ Tec Empreendimentos e Participações S/A,2012Q3,2013Q1,0.0064,2347,3895,font_heading,regex_only
020770,EZ Tec Empreendimentos e Participações S/A,2013Q1,2013Q3,0.0538,3895,9997,regex_only,regex_only
020770,EZ Tec Empreendimentos e Participações S/A,2013Q3,2014Q1,0.8793,9997,9703,regex_only,regex_only
020770,EZ Tec Empreendimentos e Participações S/A,2014Q1,2014Q2,0.9149,9703,10182,regex_only,regex_only
020770,EZ Tec Empreendimentos e Participações S/A,2014Q2,2014Q3,0.0491,10182,3895,regex_only,regex_only
020770,EZ Tec Empreendimentos e Participações S/A,2014Q3,2015Q1,0.9981,3895,3837,regex_only,regex_only
020770,EZ Tec Empreendimentos e Participações S/A,2015Q1,2015Q2,0.9997,3837,4169,regex_only,regex_only
020770,EZ Tec Empreendimentos e Participações S/A,2015Q2,2015Q3,0.0606,4169,13339,regex_only,regex_only
020770,EZ Tec Empreendimentos e Participações S/A,2015Q3,2016Q1,0.0606,13339,4255,regex_only,regex_only
020770,EZ Tec Empreendimentos e Participações S/A,2016Q1,2016Q2,1.0,4255,4184,regex_only,regex_only
020770,EZ Tec Empreendimentos e Participações S/A,2016Q2,2016Q3,1.0,4184,4191,regex_only,regex_only
020770,EZ Tec Empreendimentos e Participações S/A,2016Q3,2017Q1,0.9942,4191,4259,regex_only,regex_only
020770,EZ Tec Empreendimentos e Participações S/A,2017Q1,2017Q2,0.986,4259,4290,regex_only,regex_only
020770,EZ Tec Empreendimentos e Participações S/A,2017Q2,2017Q3,0.781,4290,4302,regex_only,regex_only
020770,EZ Tec Empreendimentos e Participações S/A,2017Q3,2018Q1,0.9475,4302,2836,regex_only,regex_only
020770,EZ Tec Empreendimentos e Participações S/A,2018Q1,2018Q2,0.9621,2836,4151,regex_only,regex_only
020770,EZ Tec Empreendimentos e Participações S/A,2018Q2,2018Q3,1.0,4151,4171,regex_only,regex_only
020770,EZ Tec Empreendimentos e Participações S/A,2018Q3,2019Q1,0.9644,4171,4098,regex_only,regex_only
020770,EZ Tec Empreendimentos e Participações S/A,2019Q1,2019Q2,0.9792,4098,4059,regex_only,regex_only
020770,EZ Tec Empreendimentos e Participações S/A,2019Q2,2019Q3,0.9553,4059,3930,regex_only,regex_only
020770,EZ Tec Empreendimentos e Participações S/A,2019Q3,2020Q1,0.9331,3930,4000,regex_only,regex_only
020770,EZ Tec Empreendimentos e Participações S/A,2020Q1,2020Q2,0.97,4000,3872,regex_only,regex_only
020770,EZ Tec Empreendimentos e Participações S/A,2020Q2,2021Q1,0.0135,3872,1059,regex_only,font_heading
020770,EZ Tec Empreendimentos e Participações S/A,2021Q1,2021Q2,0.9858,1059,1065,font_heading,font_heading
020770,EZ Tec Empreendimentos e Participações S/A,2021Q2,2021Q3,0.976,1065,1105,font_heading,font_heading
020770,EZ Tec Empreendimentos e Participações S/A,2021Q3,2022Q1,0.8431,1105,1196,font_heading,font_heading
020770,EZ Tec Empreendimentos e Participações S/A,2022Q1,2022Q2,0.6604,1196,2617,font_heading,font_heading
020770,EZ Tec Empreendimentos e Participações S/A,2022Q2,2022Q3,0.9875,2617,2536,font_heading,font_heading
020770,EZ Tec Empreendimentos e Participações S/A,2022Q3,2023Q1,0.894,2536,3183,font_heading,font_heading
020770,EZ Tec Empreendimentos e Participações S/A,2023Q1,2023Q2,0.9957,3183,3220,font_heading,font_heading
020770,EZ Tec Empreendimentos e Participações S/A,2023Q2,2023Q3,0.9841,3220,3190,font_heading,font_heading
020770,EZ Tec Empreendimentos e Participações S/A,2023Q3,2024Q1,0.9789,3190,3318,font_heading,font_heading
020770,EZ Tec Empreendimentos e Participações S/A,2024Q1,2024Q2,0.9142,3318,4100,font_heading,font_heading
020770,EZ Tec Empreendimentos e Participações S/A,2024Q2,2024Q3,0.9983,4100,4105,font_heading,font_heading
020770,EZ Tec Empreendimentos e Participações S/A,2024Q3,2025Q1,0.8322,4105,5983,font_heading,font_heading
020770,EZ Tec Empreendimentos e Participações S/A,2025Q1,2025Q2,0.9961,5983,6045,font_heading,font_heading
020770,EZ Tec Empreendimentos e Participações S/A,2025Q2,2025Q3,0.9991,6045,6037,font_heading,font_heading
020788,MARFRIG GLOBAL FOODS S.A.,2011Q1,2011Q2,0.0291,4320,15750,regex_only,font_heading
020788,MARFRIG GLOBAL FOODS S.A.,2011Q2,2011Q3,0.9997,15750,15835,font_heading,font_heading
020788,MARFRIG GLOBAL FOODS S.A.,2011Q3,2012Q1,0.9774,15835,15267,font_heading,font_heading
020788,MARFRIG GLOBAL FOODS S.A.,2012Q1,2012Q2,0.9703,15267,18439,font_heading,font_heading
020788,MARFRIG GLOBAL FOODS S.A.,2012Q2,2012Q3,0.9989,18439,18497,font_heading,font_heading
020788,MARFRIG GLOBAL FOODS S.A.,2012Q3,2013Q1,0.985,18497,19355,font_heading,font_heading
020788,MARFRIG GLOBAL FOODS S.A.,2013Q1,2013Q2,0.9899,19355,19575,font_heading,font_heading
020788,MARFRIG GLOBAL FOODS S.A.,2013Q2,2013Q3,0.7849,19575,14389,font_heading,font_heading
020788,MARFRIG GLOBAL FOODS S.A.,2013Q3,2014Q1,0.0825,14389,4202,font_heading,regex_only
020788,MARFRIG GLOBAL FOODS S.A.,2014Q1,2014Q2,0.9777,4202,4024,regex_only,regex_only
020788,MARFRIG GLOBAL FOODS S.A.,2014Q2,2014Q3,0.1079,4024,16112,regex_only,font_heading
020788,MARFRIG GLOBAL FOODS S.A.,2014Q3,2015Q1,0.0464,16112,2050,font_heading,regex_only
020788,MARFRIG GLOBAL FOODS S.A.,2015Q1,2015Q2,0.0444,2050,16607,regex_only,font_heading
020788,MARFRIG GLOBAL FOODS S.A.,2015Q2,2015Q3,0.045,16607,2202,font_heading,regex_only
020788,MARFRIG GLOBAL FOODS S.A.,2015Q3,2016Q1,0.0404,2202,16909,regex_only,font_heading
020788,MARFRIG GLOBAL FOODS S.A.,2016Q1,2016Q2,0.9821,16909,19362,font_heading,font_heading
020788,MARFRIG GLOBAL FOODS S.A.,2016Q2,2016Q3,0.9964,19362,20154,font_heading,font_heading
020788,MARFRIG GLOBAL FOODS S.A.,2016Q3,2017Q1,0.9776,20154,17274,font_heading,font_heading
020788,MARFRIG GLOBAL FOODS S.A.,2017Q1,2017Q2,0.2495,17274,740,font_heading,font_heading
020788,MARFRIG GLOBAL FOODS S.A.,2017Q2,2017Q3,0.4885,740,128,font_heading,font_heading
020788,MARFRIG GLOBAL FOODS S.A.,2017Q3,2018Q1,1.0,128,117,font_heading,font_heading
020788,MARFRIG GLOBAL FOODS S.A.,2018Q1,2018Q2,1.0,117,117,font_heading,font_heading
020788,MARFRIG GLOBAL FOODS S.A.,2018Q2,2018Q3,0.1386,117,6389,font_heading,font_heading
020788,MARFRIG GLOBAL FOODS S.A.,2018Q3,2019Q1,0.1386,6389,117,font_heading,font_heading
020788,MARFRIG GLOBAL FOODS S.A.,2019Q1,2019Q2,0.1286,117,2326,font_heading,font_heading
020788,MARFRIG GLOBAL FOODS S.A.,2019Q2,2019Q3,0.9892,2326,2495,font_heading,font_heading
020788,MARFRIG GLOBAL FOODS S.A.,2019Q3,2020Q1,0.0486,2495,1174,font_heading,regex_only
020788,MARFRIG GLOBAL FOODS S.A.,2020Q1,2020Q2,0.0551,1174,2439,regex_only,font_heading
020788,MARFRIG GLOBAL FOODS S.A.,2020Q2,2020Q3,0.2145,2439,117,font_heading,font_heading
020788,MARFRIG GLOBAL FOODS S.A.,2020Q3,2021Q1,0.1857,117,2413,font_heading,font_heading
020788,MARFRIG GLOBAL FOODS S.A.,2021Q1,2021Q2,0.9079,2413,2273,font_heading,font_heading
020788,MARFRIG GLOBAL FOODS S.A.,2021Q2,2021Q3,0.5567,2273,6189,font_heading,font_heading
020788,MARFRIG GLOBAL FOODS S.A.,2021Q3,2022Q1,0.5731,6189,2156,font_heading,font_heading
020788,MARFRIG GLOBAL FOODS S.A.,2022Q1,2022Q2,0.8081,2156,4781,font_heading,font_heading
020788,MARFRIG GLOBAL FOODS S.A.,2022Q2,2022Q3,0.8538,4781,2719,font_heading,font_heading
020788,MARFRIG GLOBAL FOODS S.A.,2022Q3,2023Q1,0.6329,2719,5380,font_heading,font_heading
020788,MARFRIG GLOBAL FOODS S.A.,2023Q1,2023Q2,0.0554,5380,5038,font_heading,regex_only
020788,MARFRIG GLOBAL FOODS S.A.,2023Q2,2023Q3,0.0723,5038,6718,regex_only,font_heading
020788,MARFRIG GLOBAL FOODS S.A.,2023Q3,2024Q1,0.6139,6718,2731,font_heading,font_heading
020788,MARFRIG GLOBAL FOODS S.A.,2024Q1,2024Q2,0.6813,2731,7139,font_heading,font_heading
020788,MARFRIG GLOBAL FOODS S.A.,2024Q2,2024Q3,0.5965,7139,4428,font_heading,font_heading
020788,MARFRIG GLOBAL FOODS S.A.,2024Q3,2025Q1,0.7007,4428,5222,font_heading,font_heading
020788,MARFRIG GLOBAL FOODS S.A.,2025Q1,2025Q2,0.9444,5222,5374,font_heading,font_heading
020842,Magnesita Refratarios SA,2012Q1,2012Q2,0.8761,12737,12396,regex_only,regex_only
020842,Magnesita Refratarios SA,2012Q2,2013Q1,0.1902,12396,4933,regex_only,font_heading
020842,Magnesita Refratarios SA,2013Q1,2013Q2,0.9925,4933,5085,font_heading,font_heading
020842,Magnesita Refratarios SA,2013Q2,2015Q1,0.7599,5085,5061,font_heading,font_heading
020842,Magnesita Refratarios SA,2015Q1,2015Q2,0.9546,5061,4560,font_heading,font_heading
020842,Magnesita Refratarios SA,2015Q2,2015Q3,0.8696,4560,3406,font_heading,font_heading
020842,Magnesita Refratarios SA,2015Q3,2016Q1,0.9045,3406,3549,font_heading,font_heading
020842,Magnesita Refratarios SA,2016Q1,2016Q2,0.9892,3549,3598,font_heading,font_heading
020842,Magnesita Refratarios SA,2016Q2,2016Q3,0.9751,3598,3655,font_heading,font_heading
020842,Magnesita Refratarios SA,2016Q3,2017Q1,0.8135,3655,3488,font_heading,font_heading
020842,Magnesita Refratarios SA,2017Q1,2017Q2,0.9761,3488,3548,font_heading,font_heading
020842,Magnesita Refratarios SA,2017Q2,2017Q3,0.9869,3548,3388,font_heading,font_heading
020842,Magnesita Refratarios SA,2017Q3,2018Q1,0.8361,3388,4209,font_heading,font_heading
020842,Magnesita Refratarios SA,2018Q1,2018Q2,0.9808,4209,4218,font_heading,font_heading
020842,Magnesita Refratarios SA,2018Q2,2018Q3,0.9659,4218,4132,font_heading,font_heading
020893,Redecard Instituicao De Pagamento SA,2011Q1,2011Q2,0.9785,13553,13787,regex_only,regex_only
020893,Redecard Instituicao De Pagamento SA,2011Q2,2011Q3,0.6142,13787,6838,regex_only,regex_only
020893,Redecard Instituicao De Pagamento SA,2011Q3,2012Q1,0.0523,6838,1048,regex_only,regex_only
020893,Redecard Instituicao De Pagamento SA,2012Q1,2012Q2,0.2334,1048,2045,regex_only,font_heading
020915,MRV ENGENHARIA E PARTICIPACOES S.A.,2011Q1,2011Q2,0.0217,11335,119,font_heading,font_heading
020915,MRV ENGENHARIA E PARTICIPACOES S.A.,2011Q2,2011Q3,0.006,119,5922,font_heading,regex_only
020915,MRV ENGENHARIA E PARTICIPACOES S.A.,2011Q3,2012Q1,0.0832,5922,952,regex_only,font_heading
020915,MRV ENGENHARIA E PARTICIPACOES S.A.,2012Q1,2012Q2,0.4208,952,11629,font_heading,font_heading
020915,MRV ENGENHARIA E PARTICIPACOES S.A.,2012Q2,2012Q3,0.9774,11629,11992,font_heading,font_heading
020915,MRV ENGENHARIA E PARTICIPACOES S.A.,2012Q3,2013Q1,0.8936,11992,11292,font_heading,font_heading
020915,MRV ENGENHARIA E PARTICIPACOES S.A.,2013Q1,2013Q2,0.6539,11292,6787,font_heading,font_heading
020915,MRV ENGENHARIA E PARTICIPACOES S.A.,2013Q2,2013Q3,0.925,6787,6785,font_heading,font_heading
020915,MRV ENGENHARIA E PARTICIPACOES S.A.,2013Q3,2014Q1,0.8513,6785,5533,font_heading,font_heading
020915,MRV ENGENHARIA E PARTICIPACOES S.A.,2014Q1,2014Q2,0.9447,5533,6154,font_heading,font_heading
020915,MRV ENGENHARIA E PARTICIPACOES S.A.,2014Q2,2014Q3,0.952,6154,6209,font_heading,font_heading
020915,MRV ENGENHARIA E PARTICIPACOES S.A.,2014Q3,2015Q1,0.0292,6209,119,font_heading,font_heading
020915,MRV ENGENHARIA E PARTICIPACOES S.A.,2015Q1,2015Q2,1.0,119,119,font_heading,font_heading
020915,MRV ENGENHARIA E PARTICIPACOES S.A.,2015Q2,2015Q3,0.1492,119,4615,font_heading,regex_only
020915,MRV ENGENHARIA E PARTICIPACOES S.A.,2015Q3,2016Q1,0.1492,4615,119,regex_only,font_heading
020915,MRV ENGENHARIA E PARTICIPACOES S.A.,2016Q1,2016Q2,0.1492,119,4615,font_heading,regex_only
020915,MRV ENGENHARIA E PARTICIPACOES S.A.,2016Q2,2016Q3,0.1492,4615,119,regex_only,font_heading
020915,MRV ENGENHARIA E PARTICIPACOES S.A.,2016Q3,2017Q1,0.1486,119,4614,font_heading,regex_only
020915,MRV ENGENHARIA E PARTICIPACOES S.A.,2017Q1,2017Q2,0.984,4614,4591,regex_only,regex_only
020915,MRV ENGENHARIA E PARTICIPACOES S.A.,2017Q2,2017Q3,0.9985,4591,4585,regex_only,regex_only
020915,MRV ENGENHARIA E PARTICIPACOES S.A.,2017Q3,2018Q1,0.9901,4585,4439,regex_only,regex_only
020915,MRV ENGENHARIA E PARTICIPACOES S.A.,2018Q1,2018Q2,0.9817,4439,4377,regex_only,regex_only
020915,MRV ENGENHARIA E PARTICIPACOES S.A.,2018Q2,2018Q3,0.9985,4377,4371,regex_only,regex_only
020915,MRV ENGENHARIA E PARTICIPACOES S.A.,2018Q3,2019Q1,0.9988,4371,4381,regex_only,regex_only
020915,MRV ENGENHARIA E PARTICIPACOES S.A.,2019Q1,2019Q2,0.9925,4381,4417,regex_only,regex_only
020915,MRV ENGENHARIA E PARTICIPACOES S.A.,2019Q2,2019Q3,0.152,4417,119,regex_only,font_heading
020915,MRV ENGENHARIA E PARTICIPACOES S.A.,2019Q3,2020Q1,1.0,119,119,font_heading,font_heading
020915,MRV ENGENHARIA E PARTICIPACOES S.A.,2020Q1,2020Q2,0.0209,119,13302,font_heading,font_heading
020915,MRV ENGENHARIA E PARTICIPACOES S.A.,2020Q2,2020Q3,0.0209,13302,119,font_heading,font_heading
020915,MRV ENGENHARIA E PARTICIPACOES S.A.,2020Q3,2021Q1,0.0138,119,1930,font_heading,font_heading
020915,MRV ENGENHARIA E PARTICIPACOES S.A.,2021Q1,2021Q2,0.0138,1930,119,font_heading,font_heading
020915,MRV ENGENHARIA E PARTICIPACOES S.A.,2021Q2,2021Q3,1.0,119,119,font_heading,font_heading
020915,MRV ENGENHARIA E PARTICIPACOES S.A.,2021Q3,2022Q1,1.0,119,119,font_heading,font_heading
020915,MRV ENGENHARIA E PARTICIPACOES S.A.,2022Q1,2022Q2,1.0,119,119,font_heading,font_heading
020915,MRV ENGENHARIA E PARTICIPACOES S.A.,2022Q2,2022Q3,1.0,119,119,font_heading,font_heading
020915,MRV ENGENHARIA E PARTICIPACOES S.A.,2022Q3,2023Q1,1.0,119,119,font_heading,font_heading
020915,MRV ENGENHARIA E PARTICIPACOES S.A.,2023Q1,2023Q2,1.0,119,119,font_heading,font_heading
020915,MRV ENGENHARIA E PARTICIPACOES S.A.,2023Q2,2023Q3,1.0,119,119,font_heading,font_heading
020915,MRV ENGENHARIA E PARTICIPACOES S.A.,2023Q3,2025Q2,0.0114,119,11544,font_heading,regex_only
020915,MRV ENGENHARIA E PARTICIPACOES S.A.,2025Q2,2025Q3,0.696,11544,15306,regex_only,regex_only
020931,MINERVA S.A.,2011Q1,2011Q2,0.9929,16688,16707,font_heading,font_heading
020931,MINERVA S.A.,2011Q2,2011Q3,0.0145,16707,150,font_heading,font_heading
020931,MINERVA S.A.,2011Q3,2012Q1,0.0246,150,9419,font_heading,font_heading
020931,MINERVA S.A.,2012Q1,2012Q2,0.0678,9419,612,font_heading,regex_only
020931,MINERVA S.A.,2012Q2,2012Q3,0.069,612,9217,regex_only,font_heading
020931,MINERVA S.A.,2012Q3,2013Q1,0.1502,9217,1705,font_heading,font_heading
020931,MINERVA S.A.,2013Q1,2013Q2,1.0,1705,1702,font_heading,font_heading
020931,MINERVA S.A.,2013Q2,2013Q3,1.0,1702,1713,font_heading,font_heading
020931,MINERVA S.A.,2013Q3,2014Q1,0.1449,1713,10157,font_heading,font_heading
020931,MINERVA S.A.,2014Q1,2014Q2,0.9696,10157,10926,font_heading,font_heading
020931,MINERVA S.A.,2014Q2,2014Q3,0.9716,10926,11281,font_heading,font_heading
020931,MINERVA S.A.,2014Q3,2015Q1,0.051,11281,545,font_heading,regex_only
020931,MINERVA S.A.,2015Q1,2015Q2,0.048,545,11110,regex_only,font_heading
020931,MINERVA S.A.,2015Q2,2015Q3,0.048,11110,544,font_heading,regex_only
020931,MINERVA S.A.,2015Q3,2016Q1,0.9801,544,509,regex_only,regex_only
020931,MINERVA S.A.,2016Q1,2016Q2,0.9913,509,526,regex_only,regex_only
020931,MINERVA S.A.,2016Q2,2016Q3,0.8756,526,558,regex_only,regex_only
020931,MINERVA S.A.,2016Q3,2017Q1,0.9198,558,596,regex_only,regex_only
020931,MINERVA S.A.,2017Q1,2017Q2,0.9485,596,560,regex_only,regex_only
020931,MINERVA S.A.,2017Q2,2017Q3,0.0123,560,1172,regex_only,font_heading
020931,MINERVA S.A.,2017Q3,2018Q1,0.1999,1172,4982,font_heading,font_heading
020931,MINERVA S.A.,2018Q1,2018Q2,0.0941,4982,12482,font_heading,regex_only
020931,MINERVA S.A.,2018Q2,2018Q3,0.0727,12482,893,regex_only,regex_only
020931,MINERVA S.A.,2018Q3,2019Q1,0.0242,893,2442,regex_only,font_heading
020931,MINERVA S.A.,2019Q1,2019Q2,0.9064,2442,3403,font_heading,font_heading
020931,MINERVA S.A.,2019Q2,2019Q3,0.9965,3403,3399,font_heading,font_heading
020931,MINERVA S.A.,2019Q3,2020Q1,0.965,3399,4343,font_heading,font_heading
020931,MINERVA S.A.,2020Q1,2020Q2,0.0401,4343,1535,font_heading,regex_only
020931,MINERVA S.A.,2020Q2,2020Q3,0.9376,1535,1838,regex_only,regex_only
020931,MINERVA S.A.,2020Q3,2021Q1,0.8438,1838,1497,regex_only,regex_only
020931,MINERVA S.A.,2021Q1,2021Q2,0.9679,1497,1581,regex_only,regex_only
020931,MINERVA S.A.,2021Q2,2021Q3,0.0844,1581,17612,regex_only,font_heading
020931,MINERVA S.A.,2021Q3,2022Q1,0.961,17612,18384,font_heading,font_heading
020931,MINERVA S.A.,2022Q1,2022Q2,0.9905,18384,18288,font_heading,font_heading
020931,MINERVA S.A.,2022Q2,2022Q3,0.9835,18288,20503,font_heading,font_heading
020931,MINERVA S.A.,2022Q3,2023Q1,0.9879,20503,20620,font_heading,font_heading
020931,MINERVA S.A.,2023Q1,2023Q2,0.9933,20620,20937,font_heading,font_heading
020931,MINERVA S.A.,2023Q2,2023Q3,0.9912,20937,21008,font_heading,font_heading
020931,MINERVA S.A.,2023Q3,2024Q1,0.9557,21008,25158,font_heading,font_heading
020931,MINERVA S.A.,2024Q1,2024Q2,0.9944,25158,25233,font_heading,font_heading
020931,MINERVA S.A.,2024Q2,2024Q3,0.9946,25233,25016,font_heading,font_heading
020931,MINERVA S.A.,2024Q3,2025Q1,0.9849,25016,26860,font_heading,font_heading
020931,MINERVA S.A.,2025Q1,2025Q2,0.9914,26860,29659,font_heading,font_heading
020931,MINERVA S.A.,2025Q2,2025Q3,0.9932,29659,31897,font_heading,font_heading
020982,MULTIPLAN - EMPREEND IMOBILIARIOS S.A.,2011Q1,2011Q2,0.9979,8061,8105,regex_only,regex_only
020982,MULTIPLAN - EMPREEND IMOBILIARIOS S.A.,2011Q2,2011Q3,0.0456,8105,229,regex_only,font_heading
020982,MULTIPLAN - EMPREEND IMOBILIARIOS S.A.,2011Q3,2012Q1,0.0513,229,6084,font_heading,regex_only
020982,MULTIPLAN - EMPREEND IMOBILIARIOS S.A.,2012Q1,2012Q2,1.0,6084,6081,regex_only,regex_only
020982,MULTIPLAN - EMPREEND IMOBILIARIOS S.A.,2012Q2,2012Q3,0.9888,6081,6100,regex_only,regex_only
020982,MULTIPLAN - EMPREEND IMOBILIARIOS S.A.,2012Q3,2013Q1,0.1486,6100,27278,regex_only,font_heading
020982,MULTIPLAN - EMPREEND IMOBILIARIOS S.A.,2013Q1,2013Q2,0.9885,27278,25537,font_heading,font_heading
020982,MULTIPLAN - EMPREEND IMOBILIARIOS S.A.,2013Q2,2013Q3,0.9656,25537,29171,font_heading,font_heading
020982,MULTIPLAN - EMPREEND IMOBILIARIOS S.A.,2013Q3,2014Q1,0.9957,29171,28423,font_heading,font_heading
020982,MULTIPLAN - EMPREEND IMOBILIARIOS S.A.,2014Q1,2014Q2,0.9919,28423,27139,font_heading,font_heading
020982,MULTIPLAN - EMPREEND IMOBILIARIOS S.A.,2014Q2,2014Q3,0.9976,27139,27239,font_heading,font_heading
020982,MULTIPLAN - EMPREEND IMOBILIARIOS S.A.,2014Q3,2015Q1,0.0541,27239,1254,font_heading,font_heading
020982,MULTIPLAN - EMPREEND IMOBILIARIOS S.A.,2015Q1,2015Q2,0.0439,1254,22493,font_heading,font_heading
020982,MULTIPLAN - EMPREEND IMOBILIARIOS S.A.,2015Q2,2015Q3,0.9952,22493,22621,font_heading,font_heading
020982,MULTIPLAN - EMPREEND IMOBILIARIOS S.A.,2015Q3,2016Q1,0.9787,22621,24444,font_heading,font_heading
020982,MULTIPLAN - EMPREEND IMOBILIARIOS S.A.,2016Q1,2016Q2,0.9871,24444,21566,font_heading,font_heading
020982,MULTIPLAN - EMPREEND IMOBILIARIOS S.A.,2016Q2,2016Q3,0.039,21566,1269,font_heading,font_heading
020982,MULTIPLAN - EMPREEND IMOBILIARIOS S.A.,2016Q3,2017Q1,0.9584,1269,1310,font_heading,font_heading
020982,MULTIPLAN - EMPREEND IMOBILIARIOS S.A.,2017Q1,2017Q2,1.0,1310,1310,font_heading,font_heading
020982,MULTIPLAN - EMPREEND IMOBILIARIOS S.A.,2017Q2,2017Q3,0.05,1310,20226,font_heading,font_heading
020982,MULTIPLAN - EMPREEND IMOBILIARIOS S.A.,2017Q3,2018Q1,0.1358,20226,4936,font_heading,regex_only
020982,MULTIPLAN - EMPREEND IMOBILIARIOS S.A.,2018Q1,2018Q2,0.0192,4936,17,regex_only,font_heading
020982,MULTIPLAN - EMPREEND IMOBILIARIOS S.A.,2018Q2,2018Q3,0.0188,17,5110,font_heading,regex_only
020982,MULTIPLAN - EMPREEND IMOBILIARIOS S.A.,2018Q3,2019Q1,0.9529,5110,5054,regex_only,regex_only
020982,MULTIPLAN - EMPREEND IMOBILIARIOS S.A.,2019Q1,2019Q2,0.0637,5054,479,regex_only,font_heading
020982,MULTIPLAN - EMPREEND IMOBILIARIOS S.A.,2019Q2,2019Q3,0.0591,479,5686,font_heading,regex_only
020982,MULTIPLAN - EMPREEND IMOBILIARIOS S.A.,2019Q3,2020Q1,0.9914,5686,5786,regex_only,regex_only
020982,MULTIPLAN - EMPREEND IMOBILIARIOS S.A.,2020Q1,2020Q2,1.0,5786,5786,regex_only,regex_only
020982,MULTIPLAN - EMPREEND IMOBILIARIOS S.A.,2020Q2,2020Q3,1.0,5786,5786,regex_only,regex_only
020982,MULTIPLAN - EMPREEND IMOBILIARIOS S.A.,2020Q3,2021Q1,0.6564,5786,5634,regex_only,font_heading
020982,MULTIPLAN - EMPREEND IMOBILIARIOS S.A.,2021Q1,2021Q2,0.1316,5634,26339,font_heading,font_heading
020982,MULTIPLAN - EMPREEND IMOBILIARIOS S.A.,2021Q2,2021Q3,0.9977,26339,26567,font_heading,font_heading
020982,MULTIPLAN - EMPREEND IMOBILIARIOS S.A.,2021Q3,2022Q1,0.9917,26567,25534,font_heading,font_heading
020982,MULTIPLAN - EMPREEND IMOBILIARIOS S.A.,2022Q1,2022Q2,0.9984,25534,25807,font_heading,font_heading
020982,MULTIPLAN - EMPREEND IMOBILIARIOS S.A.,2022Q2,2022Q3,0.9515,25807,21759,font_heading,font_heading
020982,MULTIPLAN - EMPREEND IMOBILIARIOS S.A.,2022Q3,2023Q1,0.9902,21759,21399,font_heading,font_heading
020982,MULTIPLAN - EMPREEND IMOBILIARIOS S.A.,2023Q1,2023Q2,0.3853,21399,82798,font_heading,font_heading
020982,MULTIPLAN - EMPREEND IMOBILIARIOS S.A.,2023Q2,2023Q3,0.7193,82798,47219,font_heading,font_heading
020982,MULTIPLAN - EMPREEND IMOBILIARIOS S.A.,2023Q3,2024Q1,0.8709,47219,36466,font_heading,font_heading
020982,MULTIPLAN - EMPREEND IMOBILIARIOS S.A.,2024Q1,2024Q2,0.9867,36466,39991,font_heading,font_heading
020982,MULTIPLAN - EMPREEND IMOBILIARIOS S.A.,2024Q2,2024Q3,0.9901,39991,41316,font_heading,font_heading
020982,MULTIPLAN - EMPREEND IMOBILIARIOS S.A.,2024Q3,2025Q1,0.6342,41316,17301,font_heading,font_heading
020982,MULTIPLAN - EMPREEND IMOBILIARIOS S.A.,2025Q1,2025Q2,0.9952,17301,17514,font_heading,font_heading
020982,MULTIPLAN - EMPREEND IMOBILIARIOS S.A.,2025Q2,2025Q3,0.9898,17514,17911,font_heading,font_heading
020990,Americanas S.A. - Em Recuperação Judicial,2011Q1,2011Q2,0.9995,17597,17612,font_heading,font_heading
020990,Americanas S.A. - Em Recuperação Judicial,2011Q2,2011Q3,0.9939,17612,18373,font_heading,font_heading
020990,Americanas S.A. - Em Recuperação Judicial,2011Q3,2012Q1,0.7553,18373,8500,font_heading,font_heading
020990,Americanas S.A. - Em Recuperação Judicial,2012Q1,2012Q2,0.6494,8500,4932,font_heading,font_heading
020990,Americanas S.A. - Em Recuperação Judicial,2012Q2,2012Q3,0.8374,4932,5968,font_heading,font_heading
020990,Americanas S.A. - Em Recuperação Judicial,2012Q3,2013Q1,0.9208,5968,6400,font_heading,font_heading
020990,Americanas S.A. - Em Recuperação Judicial,2013Q1,2013Q2,0.9945,6400,6517,font_heading,font_heading
020990,Americanas S.A. - Em Recuperação Judicial,2013Q2,2013Q3,0.1215,6517,5463,font_heading,regex_only
020990,Americanas S.A. - Em Recuperação Judicial,2013Q3,2014Q1,0.1175,5463,6207,regex_only,font_heading
020990,Americanas S.A. - Em Recuperação Judicial,2014Q1,2014Q2,0.7112,6207,3878,font_heading,font_heading
020990,Americanas S.A. - Em Recuperação Judicial,2014Q2,2014Q3,0.9506,3878,4320,font_heading,font_heading
020990,Americanas S.A. - Em Recuperação Judicial,2014Q3,2015Q1,0.0955,4320,4710,font_heading,regex_only
020990,Americanas S.A. - Em Recuperação Judicial,2015Q1,2015Q2,0.9961,4710,4762,regex_only,regex_only
020990,Americanas S.A. - Em Recuperação Judicial,2015Q2,2015Q3,0.1608,4762,15437,regex_only,font_heading
020990,Americanas S.A. - Em Recuperação Judicial,2015Q3,2016Q1,0.0977,15437,2359,font_heading,regex_only
020990,Americanas S.A. - Em Recuperação Judicial,2016Q1,2016Q2,0.956,2359,2720,regex_only,regex_only
020990,Americanas S.A. - Em Recuperação Judicial,2016Q2,2016Q3,0.9997,2720,2760,regex_only,regex_only
020990,Americanas S.A. - Em Recuperação Judicial,2016Q3,2017Q1,0.9997,2760,2736,regex_only,regex_only
020990,Americanas S.A. - Em Recuperação Judicial,2017Q1,2017Q2,1.0,2736,2736,regex_only,regex_only
020990,Americanas S.A. - Em Recuperação Judicial,2017Q2,2017Q3,0.9993,2736,2735,regex_only,regex_only
020990,Americanas S.A. - Em Recuperação Judicial,2017Q3,2018Q1,0.9641,2735,2697,regex_only,regex_only
020990,Americanas S.A. - Em Recuperação Judicial,2018Q1,2018Q2,0.9636,2697,2339,regex_only,regex_only
020990,Americanas S.A. - Em Recuperação Judicial,2018Q2,2018Q3,1.0,2339,2335,regex_only,regex_only
020990,Americanas S.A. - Em Recuperação Judicial,2018Q3,2019Q1,0.9524,2335,2629,regex_only,regex_only
020990,Americanas S.A. - Em Recuperação Judicial,2019Q1,2020Q1,0.9735,2629,2515,regex_only,regex_only
020990,Americanas S.A. - Em Recuperação Judicial,2020Q1,2020Q2,0.9786,2515,2753,regex_only,regex_only
020990,Americanas S.A. - Em Recuperação Judicial,2020Q2,2020Q3,1.0,2753,2757,regex_only,regex_only
020990,Americanas S.A. - Em Recuperação Judicial,2020Q3,2021Q1,0.0728,2757,16112,regex_only,regex_only
020990,Americanas S.A. - Em Recuperação Judicial,2021Q1,2021Q2,0.1523,16112,1420,regex_only,regex_only
020990,Americanas S.A. - Em Recuperação Judicial,2021Q2,2021Q3,0.1055,1420,10461,regex_only,regex_only
020990,Americanas S.A. - Em Recuperação Judicial,2021Q3,2022Q1,0.779,10461,8419,regex_only,regex_only
020990,Americanas S.A. - Em Recuperação Judicial,2022Q1,2022Q2,0.1412,8419,2643,regex_only,regex_only
020990,Americanas S.A. - Em Recuperação Judicial,2022Q2,2022Q3,0.1014,2643,6718,regex_only,font_heading
020990,Americanas S.A. - Em Recuperação Judicial,2022Q3,2023Q1,0.7171,6718,5323,font_heading,font_heading
020990,Americanas S.A. - Em Recuperação Judicial,2023Q1,2023Q2,0.9945,5323,5329,font_heading,font_heading
020990,Americanas S.A. - Em Recuperação Judicial,2023Q2,2023Q3,0.9908,5329,5292,font_heading,font_heading
020990,Americanas S.A. - Em Recuperação Judicial,2023Q3,2024Q1,0.6372,5292,5847,font_heading,font_heading
020990,Americanas S.A. - Em Recuperação Judicial,2024Q1,2024Q2,0.9987,5847,5877,font_heading,font_heading
020990,Americanas S.A. - Em Recuperação Judicial,2024Q2,2024Q3,0.5187,5877,1893,font_heading,font_heading
020990,Americanas S.A. - Em Recuperação Judicial,2024Q3,2025Q1,0.5348,1893,1669,font_heading,font_heading
020990,Americanas S.A. - Em Recuperação Judicial,2025Q1,2025Q2,0.976,1669,1694,font_heading,font_heading
020990,Americanas S.A. - Em Recuperação Judicial,2025Q2,2025Q3,0.9477,1694,1842,font_heading,font_heading
021016,YDUQS PARTICIPACOES S.A.,2011Q1,2011Q2,0.9983,2091,2114,regex_only,regex_only
021016,YDUQS PARTICIPACOES S.A.,2011Q2,2011Q3,0.9912,2114,2049,regex_only,regex_only
021016,YDUQS PARTICIPACOES S.A.,2011Q3,2012Q1,0.9848,2049,2117,regex_only,regex_only
021016,YDUQS PARTICIPACOES S.A.,2012Q1,2012Q2,0.975,2117,2309,regex_only,regex_only
021016,YDUQS PARTICIPACOES S.A.,2012Q2,2012Q3,0.9898,2309,2221,regex_only,regex_only
021016,YDUQS PARTICIPACOES S.A.,2012Q3,2013Q1,0.0488,2221,4237,regex_only,font_heading
021016,YDUQS PARTICIPACOES S.A.,2013Q1,2013Q2,0.2208,4237,11814,font_heading,regex_only
021016,YDUQS PARTICIPACOES S.A.,2013Q2,2013Q3,0.2176,11814,4295,regex_only,font_heading
021016,YDUQS PARTICIPACOES S.A.,2013Q3,2014Q1,0.9702,4295,4079,font_heading,font_heading
021016,YDUQS PARTICIPACOES S.A.,2014Q1,2014Q2,0.9594,4079,4092,font_heading,font_heading
021016,YDUQS PARTICIPACOES S.A.,2014Q2,2014Q3,0.9425,4092,4711,font_heading,font_heading
021016,YDUQS PARTICIPACOES S.A.,2014Q3,2015Q1,0.6801,4711,3500,font_heading,font_heading
021016,YDUQS PARTICIPACOES S.A.,2015Q1,2015Q2,0.9509,3500,3463,font_heading,font_heading
021016,YDUQS PARTICIPACOES S.A.,2015Q2,2015Q3,0.9335,3463,4071,font_heading,font_heading
021016,YDUQS PARTICIPACOES S.A.,2015Q3,2016Q1,0.7383,4071,3430,font_heading,font_heading
021016,YDUQS PARTICIPACOES S.A.,2016Q1,2016Q2,0.1228,3430,1045,font_heading,regex_only
021016,YDUQS PARTICIPACOES S.A.,2016Q2,2016Q3,0.5776,1045,3184,regex_only,regex_only
021016,YDUQS PARTICIPACOES S.A.,2016Q3,2017Q1,0.8279,3184,1973,regex_only,regex_only
021016,YDUQS PARTICIPACOES S.A.,2017Q1,2017Q2,0.7422,1973,3867,regex_only,regex_only
021016,YDUQS PARTICIPACOES S.A.,2017Q2,2017Q3,0.0576,3867,7998,regex_only,regex_only
021016,YDUQS PARTICIPACOES S.A.,2017Q3,2018Q1,0.0432,7998,2313,regex_only,font_heading
021016,YDUQS PARTICIPACOES S.A.,2018Q1,2018Q2,0.03,2313,4672,font_heading,regex_only
021016,YDUQS PARTICIPACOES S.A.,2018Q2,2018Q3,0.3102,4672,5345,regex_only,regex_only
021016,YDUQS PARTICIPACOES S.A.,2018Q3,2019Q1,0.8597,5345,4452,regex_only,regex_only
021016,YDUQS PARTICIPACOES S.A.,2019Q1,2019Q2,0.0314,4452,2567,regex_only,font_heading
021016,YDUQS PARTICIPACOES S.A.,2019Q2,2019Q3,0.0705,2567,3715,font_heading,regex_only
021016,YDUQS PARTICIPACOES S.A.,2019Q3,2020Q1,0.0336,3715,2366,regex_only,font_heading
021016,YDUQS PARTICIPACOES S.A.,2020Q1,2020Q2,0.5777,2366,2543,font_heading,font_heading
021016,YDUQS PARTICIPACOES S.A.,2020Q2,2020Q3,0.5754,2543,930,font_heading,font_heading
021016,YDUQS PARTICIPACOES S.A.,2020Q3,2021Q1,0.6818,930,2617,font_heading,font_heading
021016,YDUQS PARTICIPACOES S.A.,2021Q1,2021Q2,0.6437,2617,1565,font_heading,font_heading
021016,YDUQS PARTICIPACOES S.A.,2021Q2,2021Q3,0.018,1565,5964,font_heading,regex_only
021016,YDUQS PARTICIPACOES S.A.,2021Q3,2022Q1,0.8379,5964,9432,regex_only,regex_only
021016,YDUQS PARTICIPACOES S.A.,2022Q1,2022Q2,0.0684,9432,798,regex_only,regex_only
021016,YDUQS PARTICIPACOES S.A.,2022Q2,2022Q3,0.0666,798,9946,regex_only,regex_only
021016,YDUQS PARTICIPACOES S.A.,2022Q3,2023Q1,0.984,9946,10350,regex_only,regex_only
021016,YDUQS PARTICIPACOES S.A.,2023Q1,2023Q2,0.0962,10350,650,regex_only,regex_only
021016,YDUQS PARTICIPACOES S.A.,2023Q2,2023Q3,0.0535,650,8087,regex_only,regex_only
021016,YDUQS PARTICIPACOES S.A.,2023Q3,2024Q1,0.078,8087,960,regex_only,regex_only
021016,YDUQS PARTICIPACOES S.A.,2024Q1,2024Q2,0.0773,960,7975,regex_only,regex_only
021016,YDUQS PARTICIPACOES S.A.,2024Q2,2024Q3,0.077,7975,482,regex_only,regex_only
021016,YDUQS PARTICIPACOES S.A.,2024Q3,2025Q1,0.0796,482,358,regex_only,regex_only
021016,YDUQS PARTICIPACOES S.A.,2025Q1,2025Q2,0.0065,358,957,regex_only,regex_only
021016,YDUQS PARTICIPACOES S.A.,2025Q2,2025Q3,0.9867,957,908,regex_only,regex_only
021091,Dexco S.A. (formerly Duratex),2011Q1,2011Q2,0.5181,2895,17310,font_heading,font_heading
021091,Dexco S.A. (formerly Duratex),2011Q2,2011Q3,0.993,17310,17411,font_heading,font_heading
021091,Dexco S.A. (formerly Duratex),2011Q3,2012Q1,0.8107,17411,10276,font_heading,font_heading
021091,Dexco S.A. (formerly Duratex),2012Q1,2012Q2,0.9897,10276,10711,font_heading,font_heading
021091,Dexco S.A. (formerly Duratex),2012Q2,2012Q3,0.9922,10711,10700,font_heading,font_heading
021091,Dexco S.A. (formerly Duratex),2012Q3,2013Q1,0.3391,10700,1001,font_heading,font_heading
021091,Dexco S.A. (formerly Duratex),2013Q1,2013Q2,1.0,1001,1001,font_heading,font_heading
021091,Dexco S.A. (formerly Duratex),2013Q2,2013Q3,1.0,1001,1001,font_heading,font_heading
021091,Dexco S.A. (formerly Duratex),2013Q3,2014Q1,0.234,1001,31991,font_heading,font_heading
021091,Dexco S.A. (formerly Duratex),2014Q1,2015Q1,0.5272,31991,4421,font_heading,font_heading
021091,Dexco S.A. (formerly Duratex),2015Q1,2015Q2,0.4811,4421,36769,font_heading,font_heading
021091,Dexco S.A. (formerly Duratex),2015Q2,2015Q3,0.9774,36769,36222,font_heading,font_heading
021091,Dexco S.A. (formerly Duratex),2015Q3,2016Q1,0.9548,36222,38758,font_heading,font_heading
021091,Dexco S.A. (formerly Duratex),2016Q1,2016Q2,0.7382,38758,17947,font_heading,font_heading
021091,Dexco S.A. (formerly Duratex),2016Q2,2016Q3,0.9626,17947,17216,font_heading,font_heading
021091,Dexco S.A. (formerly Duratex),2016Q3,2017Q1,0.6241,17216,36035,font_heading,font_heading
021091,Dexco S.A. (formerly Duratex),2017Q1,2017Q2,0.9793,36035,39169,font_heading,font_heading
021091,Dexco S.A. (formerly Duratex),2017Q2,2017Q3,0.9715,39169,39420,font_heading,font_heading
021091,Dexco S.A. (formerly Duratex),2017Q3,2018Q1,0.5331,39420,4968,font_heading,font_heading
021091,Dexco S.A. (formerly Duratex),2018Q1,2018Q2,0.4791,4968,41813,font_heading,font_heading
021091,Dexco S.A. (formerly Duratex),2018Q2,2018Q3,0.9852,41813,42607,font_heading,font_heading
021091,Dexco S.A. (formerly Duratex),2018Q3,2019Q1,0.9271,42607,38091,font_heading,font_heading
021091,Dexco S.A. (formerly Duratex),2019Q1,2019Q2,0.9782,38091,39009,font_heading,font_heading
021091,Dexco S.A. (formerly Duratex),2019Q2,2019Q3,0.9181,39009,39868,font_heading,font_heading
021091,Dexco S.A. (formerly Duratex),2019Q3,2020Q1,0.937,39868,44675,font_heading,font_heading
021091,Dexco S.A. (formerly Duratex),2020Q1,2020Q2,0.4999,44675,9497,font_heading,font_heading
021091,Dexco S.A. (formerly Duratex),2020Q2,2020Q3,0.3428,9497,46871,font_heading,font_heading
021091,Dexco S.A. (formerly Duratex),2020Q3,2021Q1,0.9796,46871,48150,font_heading,font_heading
021091,Dexco S.A. (formerly Duratex),2021Q1,2021Q3,0.8731,48150,51632,font_heading,font_heading
021091,Dexco S.A. (formerly Duratex),2021Q3,2022Q1,0.965,51632,49307,font_heading,font_heading
021091,Dexco S.A. (formerly Duratex),2022Q1,2022Q2,0.9818,49307,50609,font_heading,font_heading
021091,Dexco S.A. (formerly Duratex),2022Q2,2022Q3,0.991,50609,49627,font_heading,font_heading
021091,Dexco S.A. (formerly Duratex),2022Q3,2023Q1,0.4084,49627,6873,font_heading,font_heading
021091,Dexco S.A. (formerly Duratex),2023Q1,2023Q2,0.4373,6873,51089,font_heading,font_heading
021091,Dexco S.A. (formerly Duratex),2023Q2,2023Q3,0.9596,51089,42750,font_heading,font_heading
021091,Dexco S.A. (formerly Duratex),2023Q3,2024Q1,0.9386,42750,50232,font_heading,font_heading
021091,Dexco S.A. (formerly Duratex),2024Q1,2024Q2,0.9714,50232,50134,font_heading,font_heading
021091,Dexco S.A. (formerly Duratex),2024Q2,2024Q3,0.978,50134,51331,font_heading,font_heading
021091,Dexco S.A. (formerly Duratex),2024Q3,2025Q1,0.4329,51331,12066,font_heading,font_heading
021148,Construtora Tenda S/A,2011Q1,2012Q1,0.7086,5318,6731,font_heading,font_heading
021148,Construtora Tenda S/A,2012Q1,2012Q2,0.9952,6731,6742,font_heading,font_heading
021148,Construtora Tenda S/A,2012Q2,2012Q3,0.9323,6742,8097,font_heading,font_heading
021148,Construtora Tenda S/A,2012Q3,2013Q1,0.4832,8097,3523,font_heading,font_heading
021148,Construtora Tenda S/A,2013Q1,2013Q2,0.9012,3523,4640,font_heading,font_heading
021148,Construtora Tenda S/A,2013Q2,2013Q3,0.9802,4640,4562,font_heading,font_heading
021148,Construtora Tenda S/A,2013Q3,2014Q3,0.3528,4562,1879,font_heading,font_heading
021148,Construtora Tenda S/A,2014Q3,2015Q1,0.8995,1879,2332,font_heading,font_heading
021148,Construtora Tenda S/A,2015Q1,2015Q2,0.9978,2332,2354,font_heading,font_heading
021148,Construtora Tenda S/A,2015Q2,2015Q3,0.871,2354,2206,font_heading,font_heading
021148,Construtora Tenda S/A,2015Q3,2016Q1,0.926,2206,2371,font_heading,font_heading
021148,Construtora Tenda S/A,2016Q1,2016Q2,0.9728,2371,2407,font_heading,font_heading
021148,Construtora Tenda S/A,2016Q2,2016Q3,0.9819,2407,2516,font_heading,font_heading
021148,Construtora Tenda S/A,2016Q3,2017Q2,0.5832,2516,2315,font_heading,font_heading
021148,Construtora Tenda S/A,2017Q2,2018Q1,0.7482,2315,3700,font_heading,font_heading
021148,Construtora Tenda S/A,2018Q1,2018Q2,0.9468,3700,3195,font_heading,font_heading
021148,Construtora Tenda S/A,2018Q2,2018Q3,0.9013,3195,4159,font_heading,font_heading
021148,Construtora Tenda S/A,2018Q3,2019Q1,0.9839,4159,4124,font_heading,font_heading
021148,Construtora Tenda S/A,2019Q1,2019Q2,0.732,4124,3351,font_heading,font_heading
021148,Construtora Tenda S/A,2019Q2,2019Q3,0.9976,3351,3374,font_heading,font_heading
021148,Construtora Tenda S/A,2019Q3,2020Q1,0.9246,3374,3668,font_heading,font_heading
021148,Construtora Tenda S/A,2020Q1,2020Q2,0.9619,3668,3576,font_heading,font_heading
021148,Construtora Tenda S/A,2020Q2,2020Q3,0.989,3576,3584,font_heading,font_heading
021148,Construtora Tenda S/A,2020Q3,2022Q2,0.2758,3584,7028,font_heading,font_heading
021148,Construtora Tenda S/A,2022Q2,2022Q3,0.9961,7028,7087,font_heading,font_heading
021148,Construtora Tenda S/A,2022Q3,2023Q2,0.1153,7087,4437,font_heading,regex_only
021148,Construtora Tenda S/A,2023Q2,2024Q1,0.7053,4437,1148,regex_only,regex_only
021148,Construtora Tenda S/A,2024Q1,2024Q2,0.0941,1148,1026,regex_only,font_heading
021148,Construtora Tenda S/A,2024Q2,2024Q3,0.0785,1026,636,font_heading,font_heading
021148,Construtora Tenda S/A,2024Q3,2025Q1,0.0098,636,1098,font_heading,regex_only
021148,Construtora Tenda S/A,2025Q1,2025Q2,0.9897,1098,1256,regex_only,regex_only
021148,Construtora Tenda S/A,2025Q2,2025Q3,0.0,1256,545,regex_only,font_heading
021180,Nexpe Participacoes SA,2011Q1,2011Q2,1.0,261,261,font_heading,font_heading
021180,Nexpe Participacoes SA,2011Q2,2011Q3,0.0243,261,4416,font_heading,regex_only
021180,Nexpe Participacoes SA,2011Q3,2012Q1,0.818,4416,3377,regex_only,regex_only
021180,Nexpe Participacoes SA,2012Q1,2012Q2,0.9954,3377,3387,regex_only,regex_only
021180,Nexpe Participacoes SA,2012Q2,2012Q3,0.995,3387,3396,regex_only,regex_only
021180,Nexpe Participacoes SA,2012Q3,2013Q1,0.5947,3396,9499,regex_only,regex_only
021180,Nexpe Participacoes SA,2013Q1,2013Q2,0.9992,9499,9484,regex_only,regex_only
021180,Nexpe Participacoes SA,2013Q2,2013Q3,0.9986,9484,9539,regex_only,regex_only
021180,Nexpe Participacoes SA,2013Q3,2014Q1,0.9592,9539,9117,regex_only,regex_only
021180,Nexpe Participacoes SA,2014Q1,2014Q2,0.9806,9117,9171,regex_only,regex_only
021180,Nexpe Participacoes SA,2014Q2,2014Q3,0.9973,9171,9031,regex_only,regex_only
021180,Nexpe Participacoes SA,2014Q3,2015Q1,0.9898,9031,8789,regex_only,regex_only
021180,Nexpe Participacoes SA,2015Q1,2015Q2,0.9551,8789,7742,regex_only,regex_only
021180,Nexpe Participacoes SA,2015Q2,2015Q3,0.9332,7742,9274,regex_only,regex_only
021180,Nexpe Participacoes SA,2015Q3,2016Q1,0.976,9274,8659,regex_only,regex_only
021180,Nexpe Participacoes SA,2016Q1,2016Q2,0.9932,8659,8641,regex_only,regex_only
021180,Nexpe Participacoes SA,2016Q2,2016Q3,0.9917,8641,8627,regex_only,regex_only
021180,Nexpe Participacoes SA,2016Q3,2017Q1,0.9702,8627,8327,regex_only,regex_only
021180,Nexpe Participacoes SA,2017Q1,2017Q2,0.9726,8327,8868,regex_only,regex_only
021180,Nexpe Participacoes SA,2017Q2,2017Q3,0.9752,8868,8256,regex_only,regex_only
021180,Nexpe Participacoes SA,2017Q3,2018Q1,0.5825,8256,10159,regex_only,regex_only
021180,Nexpe Participacoes SA,2018Q1,2018Q2,0.9476,10159,10225,regex_only,regex_only
021180,Nexpe Participacoes SA,2018Q2,2018Q3,0.9228,10225,9740,regex_only,regex_only
021180,Nexpe Participacoes SA,2018Q3,2019Q1,0.0091,9740,341,regex_only,regex_only
021180,Nexpe Participacoes SA,2019Q1,2019Q2,0.0075,341,4211,regex_only,font_heading
021180,Nexpe Participacoes SA,2019Q2,2019Q3,0.9984,4211,4218,font_heading,font_heading
021180,Nexpe Participacoes SA,2019Q3,2020Q1,0.9741,4218,4823,font_heading,font_heading
021180,Nexpe Participacoes SA,2020Q1,2020Q2,1.0,4823,4825,font_heading,font_heading
021180,Nexpe Participacoes SA,2020Q2,2020Q3,1.0,4825,4825,font_heading,font_heading
021180,Nexpe Participacoes SA,2020Q3,2021Q1,0.2661,4825,1243,font_heading,font_heading
021180,Nexpe Participacoes SA,2021Q1,2021Q2,0.8901,1243,1382,font_heading,font_heading
021180,Nexpe Participacoes SA,2021Q2,2021Q3,1.0,1382,1382,font_heading,font_heading
021180,Nexpe Participacoes SA,2021Q3,2022Q1,0.0418,1382,460,font_heading,font_heading
021180,Nexpe Participacoes SA,2022Q1,2022Q2,1.0,460,460,font_heading,font_heading
021180,Nexpe Participacoes SA,2022Q2,2022Q3,1.0,460,454,font_heading,font_heading
021180,Nexpe Participacoes SA,2022Q3,2023Q1,0.0836,454,1102,font_heading,font_heading
021180,Nexpe Participacoes SA,2023Q1,2023Q2,1.0,1102,1102,font_heading,font_heading
021180,Nexpe Participacoes SA,2023Q2,2023Q3,1.0,1102,1102,font_heading,font_heading
021180,Nexpe Participacoes SA,2023Q3,2024Q1,1.0,1102,1086,font_heading,font_heading
021180,Nexpe Participacoes SA,2024Q1,2024Q2,0.9662,1086,1274,font_heading,font_heading
021180,Nexpe Participacoes SA,2024Q2,2024Q3,1.0,1274,1274,font_heading,font_heading
021180,Nexpe Participacoes SA,2024Q3,2025Q1,0.8025,1274,1629,font_heading,font_heading
021180,Nexpe Participacoes SA,2025Q1,2025Q2,0.9963,1629,1605,font_heading,font_heading
021180,Nexpe Participacoes SA,2025Q2,2025Q3,0.9901,1605,1566,font_heading,font_heading
021237,ENEVA S.A,2011Q1,2011Q2,0.8308,15598,18196,font_heading,font_heading
021237,ENEVA S.A,2011Q2,2011Q3,0.3924,18196,3106,font_heading,font_heading
021237,ENEVA S.A,2011Q3,2012Q1,0.33,3106,22530,font_heading,font_heading
021237,ENEVA S.A,2012Q1,2012Q2,0.9079,22530,21802,font_heading,font_heading
021237,ENEVA S.A,2012Q2,2012Q3,0.9835,21802,23637,font_heading,font_heading
021237,ENEVA S.A,2012Q3,2013Q1,0.9112,23637,20513,font_heading,font_heading
021237,ENEVA S.A,2013Q1,2013Q2,0.9729,20513,23961,font_heading,font_heading
021237,ENEVA S.A,2013Q2,2013Q3,0.8693,23961,25493,font_heading,font_heading
021237,ENEVA S.A,2013Q3,2014Q1,0.9093,25493,30277,font_heading,font_heading
021237,ENEVA S.A,2014Q1,2014Q2,0.6492,30277,91615,font_heading,font_heading
021237,ENEVA S.A,2014Q2,2014Q3,0.8664,91615,93754,font_heading,font_heading
021237,ENEVA S.A,2014Q3,2015Q1,0.6221,93754,28828,font_heading,font_heading
021237,ENEVA S.A,2015Q1,2015Q2,0.8686,28828,22551,font_heading,font_heading
021237,ENEVA S.A,2015Q2,2015Q3,0.959,22551,21836,font_heading,font_heading
021237,ENEVA S.A,2015Q3,2016Q1,0.8349,21836,16097,font_heading,font_heading
021237,ENEVA S.A,2016Q1,2016Q2,0.8764,16097,19823,font_heading,font_heading
021237,ENEVA S.A,2016Q2,2016Q3,0.4547,19823,6052,font_heading,font_heading
021237,ENEVA S.A,2016Q3,2017Q2,0.7387,6052,7232,font_heading,font_heading
021237,ENEVA S.A,2017Q2,2017Q3,0.9419,7232,6926,font_heading,font_heading
021237,ENEVA S.A,2017Q3,2018Q1,0.9206,6926,7528,font_heading,font_heading
021237,ENEVA S.A,2018Q1,2018Q2,0.8782,7528,8141,font_heading,font_heading
021237,ENEVA S.A,2018Q2,2018Q3,0.9679,8141,9083,font_heading,font_heading
021237,ENEVA S.A,2018Q3,2019Q1,0.8233,9083,7946,font_heading,font_heading
021237,ENEVA S.A,2019Q1,2019Q2,0.9672,7946,8840,font_heading,font_heading
021237,ENEVA S.A,2019Q2,2019Q3,0.9097,8840,7259,font_heading,font_heading
021237,ENEVA S.A,2019Q3,2020Q1,0.8419,7259,7012,font_heading,font_heading
021237,ENEVA S.A,2020Q1,2020Q2,0.5524,7012,1674,font_heading,font_heading
021237,ENEVA S.A,2020Q2,2020Q3,0.0394,1674,544,font_heading,font_heading
021237,ENEVA S.A,2020Q3,2021Q1,0.0328,544,1584,font_heading,font_heading
021237,ENEVA S.A,2021Q1,2021Q2,0.9677,1584,1626,font_heading,font_heading
021237,ENEVA S.A,2021Q2,2021Q3,0.3366,1626,6153,font_heading,font_heading
021237,ENEVA S.A,2021Q3,2022Q1,0.9285,6153,6367,font_heading,font_heading
021237,ENEVA S.A,2022Q1,2022Q2,0.9161,6367,5934,font_heading,font_heading
021237,ENEVA S.A,2022Q2,2022Q3,0.252,5934,5533,font_heading,font_heading
021237,ENEVA S.A,2022Q3,2023Q1,0.1698,5533,8618,font_heading,font_heading
021237,ENEVA S.A,2023Q1,2023Q3,0.2898,8618,6749,font_heading,regex_only
021237,ENEVA S.A,2023Q3,2024Q1,0.3385,6749,43402,regex_only,font_heading
021237,ENEVA S.A,2024Q1,2024Q2,0.3432,43402,8280,font_heading,regex_only
021237,ENEVA S.A,2024Q2,2024Q3,0.7762,8280,12047,regex_only,regex_only
021237,ENEVA S.A,2024Q3,2025Q1,0.3646,12047,8981,regex_only,font_heading
021237,ENEVA S.A,2025Q1,2025Q2,0.987,8981,8999,font_heading,font_heading
021237,ENEVA S.A,2025Q2,2025Q3,0.9774,8999,9586,font_heading,font_heading
021300,Aliansce Shopping Centers SA,2011Q1,2011Q2,0.0515,2024,4195,font_heading,regex_only
021300,Aliansce Shopping Centers SA,2011Q2,2011Q3,0.9993,4195,4152,regex_only,regex_only
021300,Aliansce Shopping Centers SA,2011Q3,2012Q1,0.9641,4152,3316,regex_only,regex_only
021300,Aliansce Shopping Centers SA,2012Q1,2012Q2,0.9993,3316,3990,regex_only,regex_only
021300,Aliansce Shopping Centers SA,2012Q2,2012Q3,0.8646,3990,3067,regex_only,regex_only
021300,Aliansce Shopping Centers SA,2012Q3,2013Q1,0.9269,3067,2568,regex_only,regex_only
021300,Aliansce Shopping Centers SA,2013Q1,2013Q2,0.9947,2568,3392,regex_only,regex_only
021300,Aliansce Shopping Centers SA,2013Q2,2013Q3,0.9992,3392,3419,regex_only,regex_only
021300,Aliansce Shopping Centers SA,2013Q3,2014Q1,0.0499,3419,9178,regex_only,regex_only
021300,Aliansce Shopping Centers SA,2014Q1,2014Q2,0.329,9178,1119,regex_only,regex_only
021300,Aliansce Shopping Centers SA,2014Q2,2014Q3,0.0505,1119,17741,regex_only,font_heading
021300,Aliansce Shopping Centers SA,2014Q3,2015Q1,0.1777,17741,10447,font_heading,regex_only
021300,Aliansce Shopping Centers SA,2015Q1,2015Q2,0.9521,10447,10140,regex_only,regex_only
021300,Aliansce Shopping Centers SA,2015Q2,2015Q3,0.1953,10140,20051,regex_only,font_heading
021300,Aliansce Shopping Centers SA,2015Q3,2016Q1,0.2056,20051,1410,font_heading,regex_only
021300,Aliansce Shopping Centers SA,2016Q1,2016Q2,0.9096,1410,1059,regex_only,regex_only
021300,Aliansce Shopping Centers SA,2016Q2,2016Q3,0.1395,1059,18064,regex_only,font_heading
021300,Aliansce Shopping Centers SA,2016Q3,2017Q1,0.3096,18064,9810,font_heading,regex_only
021300,Aliansce Shopping Centers SA,2017Q1,2017Q2,0.8806,9810,7181,regex_only,regex_only
021300,Aliansce Shopping Centers SA,2017Q2,2017Q3,0.3892,7181,2622,regex_only,regex_only
021342,OSX Brasil SA,2011Q1,2011Q2,0.9888,5489,5498,font_heading,font_heading
021342,OSX Brasil SA,2011Q2,2011Q3,0.9765,5498,5661,font_heading,font_heading
021342,OSX Brasil SA,2011Q3,2012Q1,0.3036,5661,2215,font_heading,regex_only
021342,OSX Brasil SA,2012Q1,2012Q2,0.5142,2215,414,regex_only,regex_only
021342,OSX Brasil SA,2012Q2,2012Q3,0.1511,414,11505,regex_only,font_heading
021342,OSX Brasil SA,2012Q3,2013Q1,0.9644,11505,12954,font_heading,font_heading
021342,OSX Brasil SA,2013Q1,2013Q2,0.7469,12954,59482,font_heading,font_heading
021342,OSX Brasil SA,2013Q2,2013Q3,0.754,59482,13535,font_heading,font_heading
021342,OSX Brasil SA,2013Q3,2014Q1,0.9082,13535,14788,font_heading,font_heading
021342,OSX Brasil SA,2014Q1,2014Q2,0.9995,14788,14771,font_heading,font_heading
021342,OSX Brasil SA,2014Q2,2014Q3,0.9872,14771,14254,font_heading,font_heading
021342,OSX Brasil SA,2014Q3,2015Q1,0.9577,14254,15748,font_heading,font_heading
021342,OSX Brasil SA,2015Q1,2015Q2,0.9932,15748,16853,font_heading,font_heading
021342,OSX Brasil SA,2015Q2,2015Q3,0.876,16853,9269,font_heading,font_heading
021342,OSX Brasil SA,2015Q3,2016Q1,0.6336,9269,6289,font_heading,font_heading
021342,OSX Brasil SA,2016Q1,2016Q2,0.7051,6289,15397,font_heading,font_heading
021342,OSX Brasil SA,2016Q2,2016Q3,0.7053,15397,6207,font_heading,font_heading
021342,OSX Brasil SA,2016Q3,2017Q1,0.9801,6207,5196,font_heading,font_heading
021342,OSX Brasil SA,2017Q1,2017Q2,1.0,5196,5196,font_heading,font_heading
021342,OSX Brasil SA,2017Q2,2017Q3,1.0,5196,5198,font_heading,font_heading
021342,OSX Brasil SA,2017Q3,2018Q2,0.8011,5198,7026,font_heading,font_heading
021342,OSX Brasil SA,2018Q2,2018Q3,1.0,7026,7026,font_heading,font_heading
021342,OSX Brasil SA,2018Q3,2019Q1,1.0,7026,7027,font_heading,font_heading
021342,OSX Brasil SA,2019Q1,2019Q2,1.0,7027,7027,font_heading,font_heading
021342,OSX Brasil SA,2019Q2,2019Q3,1.0,7027,7024,font_heading,font_heading
021342,OSX Brasil SA,2019Q3,2020Q1,0.6577,7024,41377,font_heading,font_heading
021342,OSX Brasil SA,2020Q1,2020Q2,0.6876,41377,7511,font_heading,font_heading
021342,OSX Brasil SA,2020Q2,2020Q3,0.9999,7511,7506,font_heading,font_heading
021342,OSX Brasil SA,2020Q3,2021Q1,0.9979,7506,7510,font_heading,font_heading
021342,OSX Brasil SA,2021Q1,2021Q2,0.9999,7510,7507,font_heading,font_heading
021342,OSX Brasil SA,2021Q2,2021Q3,0.8482,7507,7441,font_heading,font_heading
021342,OSX Brasil SA,2021Q3,2022Q1,0.9833,7441,6961,font_heading,font_heading
021342,OSX Brasil SA,2022Q1,2022Q2,0.9953,6961,7212,font_heading,font_heading
021342,OSX Brasil SA,2022Q2,2022Q3,0.9999,7212,7212,font_heading,font_heading
021342,OSX Brasil SA,2022Q3,2023Q1,0.9899,7212,7169,font_heading,font_heading
021342,OSX Brasil SA,2023Q1,2023Q2,0.9825,7169,6809,font_heading,font_heading
021342,OSX Brasil SA,2023Q2,2024Q2,0.9895,6809,6894,font_heading,font_heading
021342,OSX Brasil SA,2024Q2,2025Q2,0.8796,6894,7976,font_heading,font_heading
021350,DIRECIONAL ENGENHARIA S.A.,2011Q1,2011Q2,0.1016,9918,5335,regex_only,font_heading
021350,DIRECIONAL ENGENHARIA S.A.,2011Q2,2011Q3,0.9667,5335,5370,font_heading,font_heading
021350,DIRECIONAL ENGENHARIA S.A.,2011Q3,2012Q1,0.6623,5370,23312,font_heading,font_heading
021350,DIRECIONAL ENGENHARIA S.A.,2012Q1,2012Q2,0.8989,23312,6031,font_heading,font_heading
021350,DIRECIONAL ENGENHARIA S.A.,2012Q2,2012Q3,0.9244,6031,7502,font_heading,font_heading
021350,DIRECIONAL ENGENHARIA S.A.,2012Q3,2013Q1,0.181,7502,5088,font_heading,regex_only
021350,DIRECIONAL ENGENHARIA S.A.,2013Q1,2013Q2,0.1825,5088,9323,regex_only,font_heading
021350,DIRECIONAL ENGENHARIA S.A.,2013Q2,2013Q3,0.9673,9323,9501,font_heading,font_heading
021350,DIRECIONAL ENGENHARIA S.A.,2013Q3,2014Q1,0.9507,9501,7548,font_heading,font_heading
021350,DIRECIONAL ENGENHARIA S.A.,2014Q1,2014Q3,0.9805,7548,9564,font_heading,font_heading
021350,DIRECIONAL ENGENHARIA S.A.,2014Q3,2015Q1,0.2584,9564,1750,font_heading,font_heading
021350,DIRECIONAL ENGENHARIA S.A.,2015Q1,2015Q2,0.9537,1750,1683,font_heading,font_heading
021350,DIRECIONAL ENGENHARIA S.A.,2015Q2,2015Q3,0.9547,1683,1654,font_heading,font_heading
021350,DIRECIONAL ENGENHARIA S.A.,2015Q3,2016Q1,0.8741,1654,2107,font_heading,font_heading
021350,DIRECIONAL ENGENHARIA S.A.,2016Q1,2016Q2,0.2238,2107,7173,font_heading,font_heading
021350,DIRECIONAL ENGENHARIA S.A.,2016Q2,2016Q3,0.2137,7173,2094,font_heading,font_heading
021350,DIRECIONAL ENGENHARIA S.A.,2016Q3,2017Q1,0.9253,2094,2076,font_heading,font_heading
021350,DIRECIONAL ENGENHARIA S.A.,2017Q1,2017Q2,0.1609,2076,56107,font_heading,font_heading
021350,DIRECIONAL ENGENHARIA S.A.,2017Q2,2017Q3,0.8382,56107,3361,font_heading,font_heading
021350,DIRECIONAL ENGENHARIA S.A.,2017Q3,2018Q1,0.8078,3361,10428,font_heading,font_heading
021350,DIRECIONAL ENGENHARIA S.A.,2018Q1,2018Q2,0.1243,10428,865,font_heading,font_heading
021350,DIRECIONAL ENGENHARIA S.A.,2018Q2,2018Q3,0.528,865,1110,font_heading,font_heading
021350,DIRECIONAL ENGENHARIA S.A.,2018Q3,2019Q3,0.0866,1110,5427,font_heading,regex_only
021350,DIRECIONAL ENGENHARIA S.A.,2019Q3,2020Q1,0.8964,5427,5728,regex_only,regex_only
021350,DIRECIONAL ENGENHARIA S.A.,2020Q1,2020Q2,0.9483,5728,5611,regex_only,regex_only
021350,DIRECIONAL ENGENHARIA S.A.,2020Q2,2020Q3,0.7978,5611,2403,regex_only,regex_only
021350,DIRECIONAL ENGENHARIA S.A.,2020Q3,2021Q1,0.9438,2403,2347,regex_only,regex_only
021350,DIRECIONAL ENGENHARIA S.A.,2021Q1,2021Q2,0.9909,2347,2502,regex_only,regex_only
021350,DIRECIONAL ENGENHARIA S.A.,2021Q2,2021Q3,0.4884,2502,7658,regex_only,regex_only
021350,DIRECIONAL ENGENHARIA S.A.,2021Q3,2022Q1,0.127,7658,12447,regex_only,font_heading
021350,DIRECIONAL ENGENHARIA S.A.,2022Q1,2022Q2,0.975,12447,10724,font_heading,font_heading
021350,DIRECIONAL ENGENHARIA S.A.,2022Q2,2022Q3,0.9885,10724,12270,font_heading,font_heading
021350,DIRECIONAL ENGENHARIA S.A.,2022Q3,2023Q1,0.918,12270,12124,font_heading,font_heading
021350,DIRECIONAL ENGENHARIA S.A.,2023Q1,2023Q2,0.9033,12124,14451,font_heading,font_heading
021350,DIRECIONAL ENGENHARIA S.A.,2023Q2,2023Q3,0.8278,14451,19144,font_heading,font_heading
021350,DIRECIONAL ENGENHARIA S.A.,2023Q3,2024Q1,0.0899,19144,7406,font_heading,regex_only
021350,DIRECIONAL ENGENHARIA S.A.,2024Q1,2024Q2,0.0176,7406,79,regex_only,regex_only
021350,DIRECIONAL ENGENHARIA S.A.,2024Q2,2024Q3,0.0164,79,7699,regex_only,regex_only
021350,DIRECIONAL ENGENHARIA S.A.,2024Q3,2025Q1,0.9955,7699,7700,regex_only,regex_only
021350,DIRECIONAL ENGENHARIA S.A.,2025Q1,2025Q2,0.0166,7700,231,regex_only,regex_only
021431,HYPERA S.A.,2011Q1,2011Q2,0.9608,12579,12889,font_heading,font_heading
021431,HYPERA S.A.,2011Q2,2011Q3,0.9896,12889,13065,font_heading,font_heading
021431,HYPERA S.A.,2011Q3,2012Q1,0.6979,13065,8861,font_heading,font_heading
021431,HYPERA S.A.,2012Q1,2012Q2,0.95,8861,8964,font_heading,font_heading
021431,HYPERA S.A.,2012Q2,2013Q1,0.8936,8964,6729,font_heading,font_heading
021431,HYPERA S.A.,2013Q1,2013Q2,0.9919,6729,6893,font_heading,font_heading
021431,HYPERA S.A.,2013Q2,2013Q3,0.9851,6893,7195,font_heading,font_heading
021431,HYPERA S.A.,2013Q3,2014Q1,0.9569,7195,7598,font_heading,font_heading
021431,HYPERA S.A.,2014Q1,2014Q2,0.9749,7598,7665,font_heading,font_heading
021431,HYPERA S.A.,2014Q2,2014Q3,0.9667,7665,7711,font_heading,font_heading
021431,HYPERA S.A.,2014Q3,2015Q1,0.9601,7711,7562,font_heading,font_heading
021431,HYPERA S.A.,2015Q1,2015Q2,0.9661,7562,7563,font_heading,font_heading
021431,HYPERA S.A.,2015Q2,2015Q3,0.9786,7563,7718,font_heading,font_heading
021431,HYPERA S.A.,2015Q3,2016Q1,0.8331,7718,5656,font_heading,font_heading
021431,HYPERA S.A.,2016Q1,2016Q2,0.9043,5656,5440,font_heading,font_heading
021431,HYPERA S.A.,2016Q2,2016Q3,0.9177,5440,4773,font_heading,font_heading
021431,HYPERA S.A.,2016Q3,2017Q1,0.8624,4773,3916,font_heading,font_heading
021431,HYPERA S.A.,2017Q1,2017Q2,0.9666,3916,4086,font_heading,font_heading
021431,HYPERA S.A.,2017Q2,2017Q3,0.9692,4086,3800,font_heading,font_heading
021431,HYPERA S.A.,2017Q3,2018Q1,0.363,3800,9258,font_heading,font_heading
021431,HYPERA S.A.,2018Q1,2018Q2,0.9334,9258,7286,font_heading,font_heading
021431,HYPERA S.A.,2018Q2,2018Q3,0.9804,7286,7571,font_heading,font_heading
021431,HYPERA S.A.,2018Q3,2019Q1,0.8276,7571,5860,font_heading,font_heading
021431,HYPERA S.A.,2019Q1,2019Q2,0.9675,5860,6156,font_heading,font_heading
021431,HYPERA S.A.,2019Q2,2019Q3,0.982,6156,6136,font_heading,font_heading
021431,HYPERA S.A.,2019Q3,2020Q1,0.884,6136,7475,font_heading,font_heading
021431,HYPERA S.A.,2020Q1,2020Q2,0.947,7475,8644,font_heading,font_heading
021431,HYPERA S.A.,2020Q2,2020Q3,0.9532,8644,9222,font_heading,font_heading
021431,HYPERA S.A.,2020Q3,2021Q1,0.9405,9222,9632,font_heading,font_heading
021431,HYPERA S.A.,2021Q1,2021Q2,0.9023,9632,9214,font_heading,font_heading
021431,HYPERA S.A.,2021Q2,2021Q3,0.9715,9214,10058,font_heading,font_heading
021431,HYPERA S.A.,2021Q3,2022Q1,0.9289,10058,10531,font_heading,font_heading
021431,HYPERA S.A.,2022Q1,2022Q2,0.9901,10531,10878,font_heading,font_heading
021431,HYPERA S.A.,2022Q2,2022Q3,0.9584,10878,12533,font_heading,font_heading
021431,HYPERA S.A.,2022Q3,2023Q1,0.9648,12533,12567,font_heading,font_heading
021431,HYPERA S.A.,2023Q1,2023Q2,0.9903,12567,13254,font_heading,font_heading
021431,HYPERA S.A.,2023Q2,2023Q3,0.9943,13254,13471,font_heading,font_heading
021431,HYPERA S.A.,2023Q3,2024Q1,0.9808,13471,14570,font_heading,font_heading
021431,HYPERA S.A.,2024Q1,2024Q2,0.9863,14570,15891,font_heading,font_heading
021431,HYPERA S.A.,2024Q2,2024Q3,0.9986,15891,15889,font_heading,font_heading
021431,HYPERA S.A.,2024Q3,2025Q1,0.9635,15889,18611,font_heading,font_heading
021431,HYPERA S.A.,2025Q1,2025Q2,0.9881,18611,19043,font_heading,font_heading
021431,HYPERA S.A.,2025Q2,2025Q3,0.982,19043,19871,font_heading,font_heading
021490,Alupar Investimento SA,2011Q1,2011Q2,0.4205,16188,18006,font_heading,font_heading
021490,Alupar Investimento SA,2011Q2,2011Q3,0.9424,18006,20566,font_heading,font_heading
021490,Alupar Investimento SA,2011Q3,2012Q1,0.0836,20566,4390,font_heading,font_heading
021490,Alupar Investimento SA,2012Q1,2012Q2,0.0034,4390,43,font_heading,regex_only
021490,Alupar Investimento SA,2012Q2,2012Q3,0.0659,43,18559,regex_only,font_heading
021490,Alupar Investimento SA,2012Q3,2013Q1,0.2672,18559,659,font_heading,font_heading
021490,Alupar Investimento SA,2013Q1,2013Q2,0.1685,659,9318,font_heading,regex_only
021490,Alupar Investimento SA,2013Q2,2013Q3,0.8317,9318,12358,regex_only,regex_only
021490,Alupar Investimento SA,2013Q3,2014Q1,0.6774,12358,13057,regex_only,regex_only
021490,Alupar Investimento SA,2014Q1,2014Q2,0.0815,13057,188,regex_only,regex_only
021490,Alupar Investimento SA,2014Q2,2014Q3,0.111,188,15703,regex_only,regex_only
021490,Alupar Investimento SA,2014Q3,2015Q1,0.0971,15703,753,regex_only,regex_only
021490,Alupar Investimento SA,2015Q1,2015Q2,0.0735,753,30102,regex_only,font_heading
021490,Alupar Investimento SA,2015Q2,2015Q3,0.9808,30102,31274,font_heading,font_heading
021490,Alupar Investimento SA,2015Q3,2016Q1,0.9588,31274,28295,font_heading,font_heading
021490,Alupar Investimento SA,2016Q1,2016Q2,0.9784,28295,29752,font_heading,font_heading
021490,Alupar Investimento SA,2016Q2,2016Q3,0.9828,29752,32714,font_heading,font_heading
021490,Alupar Investimento SA,2016Q3,2017Q1,0.9141,32714,27574,font_heading,font_heading
021490,Alupar Investimento SA,2017Q1,2017Q2,0.9991,27574,27186,font_heading,font_heading
021490,Alupar Investimento SA,2017Q2,2017Q3,0.9938,27186,28823,font_heading,font_heading
021490,Alupar Investimento SA,2017Q3,2018Q1,0.9558,28823,26837,font_heading,font_heading
021490,Alupar Investimento SA,2018Q1,2018Q2,0.9907,26837,27884,font_heading,font_heading
021490,Alupar Investimento SA,2018Q2,2018Q3,0.9905,27884,30270,font_heading,font_heading
021490,Alupar Investimento SA,2018Q3,2019Q1,0.7911,30270,22863,font_heading,font_heading
021490,Alupar Investimento SA,2019Q1,2019Q2,0.9957,22863,24172,font_heading,font_heading
021490,Alupar Investimento SA,2019Q2,2019Q3,0.9041,24172,14943,font_heading,font_heading
021490,Alupar Investimento SA,2019Q3,2020Q1,0.9703,14943,14897,font_heading,font_heading
021490,Alupar Investimento SA,2020Q1,2020Q2,0.9862,14897,15437,font_heading,font_heading
021490,Alupar Investimento SA,2020Q2,2020Q3,0.9905,15437,16431,font_heading,font_heading
021490,Alupar Investimento SA,2020Q3,2021Q1,0.7764,16431,8796,font_heading,font_heading
021490,Alupar Investimento SA,2021Q1,2021Q2,0.8078,8796,15548,font_heading,font_heading
021490,Alupar Investimento SA,2021Q2,2021Q3,0.9999,15548,15546,font_heading,font_heading
021490,Alupar Investimento SA,2021Q3,2022Q1,0.995,15546,14954,font_heading,font_heading
021490,Alupar Investimento SA,2022Q1,2022Q3,0.9524,14954,17713,font_heading,font_heading
021490,Alupar Investimento SA,2022Q3,2023Q1,0.9815,17713,16640,font_heading,font_heading
021490,Alupar Investimento SA,2023Q1,2023Q2,0.8932,16640,16450,font_heading,font_heading
021490,Alupar Investimento SA,2023Q2,2023Q3,0.9996,16450,16393,font_heading,font_heading
021490,Alupar Investimento SA,2023Q3,2024Q2,0.9795,16393,16124,font_heading,font_heading
021490,Alupar Investimento SA,2024Q2,2024Q3,0.9951,16124,16824,font_heading,font_heading
021490,Alupar Investimento SA,2024Q3,2025Q1,0.9788,16824,15169,font_heading,font_heading
021490,Alupar Investimento SA,2025Q1,2025Q2,0.9959,15169,15581,font_heading,font_heading
021490,Alupar Investimento SA,2025Q2,2025Q3,0.9866,15581,16591,font_heading,font_heading
021776,PortX Operacoes Portuarias SA,2011Q1,2011Q2,0.0754,8866,502,regex_only,font_heading
021776,PortX Operacoes Portuarias SA,2011Q2,2011Q3,0.0472,502,468,font_heading,font_heading
021776,PortX Operacoes Portuarias SA,2011Q3,2012Q1,0.2146,468,1583,font_heading,font_heading
021776,PortX Operacoes Portuarias SA,2012Q1,2012Q2,0.0781,1583,114,font_heading,regex_only
021881,FLEURY S.A.,2011Q1,2011Q2,0.8821,2756,3202,font_heading,font_heading
021881,FLEURY S.A.,2011Q2,2011Q3,0.8766,3202,3695,font_heading,font_heading
021881,FLEURY S.A.,2011Q3,2012Q1,0.5622,3695,7440,font_heading,font_heading
021881,FLEURY S.A.,2012Q1,2012Q2,0.957,7440,6991,font_heading,font_heading
021881,FLEURY S.A.,2012Q2,2012Q3,0.9703,6991,7269,font_heading,font_heading
021881,FLEURY S.A.,2012Q3,2013Q1,0.7578,7269,7107,font_heading,font_heading
021881,FLEURY S.A.,2013Q1,2013Q2,0.8992,7107,8013,font_heading,font_heading
021881,FLEURY S.A.,2013Q2,2013Q3,0.9696,8013,7535,font_heading,font_heading
021881,FLEURY S.A.,2013Q3,2014Q1,0.0815,7535,1556,font_heading,regex_only
021881,FLEURY S.A.,2014Q1,2014Q2,0.1008,1556,4892,regex_only,regex_only
021881,FLEURY S.A.,2014Q2,2014Q3,0.0868,4892,6749,regex_only,font_heading
021881,FLEURY S.A.,2014Q3,2015Q1,0.9269,6749,7784,font_heading,font_heading
021881,FLEURY S.A.,2015Q1,2015Q2,0.9689,7784,7779,font_heading,font_heading
021881,FLEURY S.A.,2015Q2,2015Q3,0.115,7779,12659,font_heading,font_heading
021881,FLEURY S.A.,2015Q3,2016Q1,0.7317,12659,11809,font_heading,font_heading
021881,FLEURY S.A.,2016Q1,2016Q2,0.0297,11809,1734,font_heading,regex_only
021881,FLEURY S.A.,2016Q2,2016Q3,0.0471,1734,2995,regex_only,font_heading
021881,FLEURY S.A.,2016Q3,2017Q1,0.0369,2995,1506,font_heading,regex_only
021881,FLEURY S.A.,2017Q1,2017Q2,0.9807,1506,1595,regex_only,regex_only
021881,FLEURY S.A.,2017Q2,2017Q3,0.0136,1595,512,regex_only,font_heading
021881,FLEURY S.A.,2017Q3,2018Q1,0.0093,512,1900,font_heading,regex_only
021881,FLEURY S.A.,2018Q1,2018Q2,0.9897,1900,1958,regex_only,regex_only
021881,FLEURY S.A.,2018Q2,2018Q3,0.9835,1958,2104,regex_only,regex_only
021881,FLEURY S.A.,2018Q3,2019Q1,0.0413,2104,4046,regex_only,font_heading
021881,FLEURY S.A.,2019Q1,2019Q2,0.2826,4046,39453,font_heading,font_heading
021881,FLEURY S.A.,2019Q2,2019Q3,0.2962,39453,3260,font_heading,font_heading
021881,FLEURY S.A.,2019Q3,2020Q1,0.9469,3260,3921,font_heading,font_heading
021881,FLEURY S.A.,2020Q1,2020Q2,0.0462,3921,2060,font_heading,regex_only
021881,FLEURY S.A.,2020Q2,2020Q3,0.0516,2060,3965,regex_only,font_heading
021881,FLEURY S.A.,2020Q3,2021Q1,0.0487,3965,2136,font_heading,regex_only
021881,FLEURY S.A.,2021Q1,2021Q2,0.5769,2136,4113,regex_only,regex_only
021881,FLEURY S.A.,2021Q2,2021Q3,0.0721,4113,4940,regex_only,font_heading
021881,FLEURY S.A.,2021Q3,2022Q1,0.9958,4940,4754,font_heading,font_heading
021881,FLEURY S.A.,2022Q1,2022Q2,0.9909,4754,5464,font_heading,font_heading
021881,FLEURY S.A.,2022Q2,2022Q3,0.9919,5464,5480,font_heading,font_heading
021881,FLEURY S.A.,2022Q3,2023Q1,0.996,5480,5254,font_heading,font_heading
021881,FLEURY S.A.,2023Q1,2023Q3,0.6469,5254,5521,font_heading,font_heading
021881,FLEURY S.A.,2023Q3,2024Q1,0.8018,5521,2820,font_heading,font_heading
021881,FLEURY S.A.,2024Q1,2024Q2,0.7872,2820,5257,font_heading,font_heading
021881,FLEURY S.A.,2024Q2,2024Q3,0.9969,5257,5242,font_heading,font_heading
021881,FLEURY S.A.,2024Q3,2025Q1,0.7806,5242,3169,font_heading,font_heading
021881,FLEURY S.A.,2025Q1,2025Q2,0.9864,3169,3119,font_heading,font_heading
021881,FLEURY S.A.,2025Q2,2025Q3,0.9867,3119,3204,font_heading,font_heading
021946,Multiplus SA,2011Q1,2011Q2,0.9394,13783,13462,regex_only,regex_only
021946,Multiplus SA,2011Q2,2011Q3,0.9067,13462,12821,regex_only,regex_only
021946,Multiplus SA,2011Q3,2012Q1,0.9064,12821,12292,regex_only,regex_only
021946,Multiplus SA,2012Q1,2013Q1,0.4306,12292,16627,regex_only,regex_only
021946,Multiplus SA,2013Q1,2013Q2,0.9949,16627,16140,regex_only,regex_only
021946,Multiplus SA,2013Q2,2013Q3,0.9853,16140,16743,regex_only,regex_only
021946,Multiplus SA,2013Q3,2014Q2,0.8493,16743,17513,regex_only,regex_only
021946,Multiplus SA,2014Q2,2014Q3,0.9757,17513,17351,regex_only,regex_only
021946,Multiplus SA,2014Q3,2015Q1,0.9624,17351,16871,regex_only,regex_only
021946,Multiplus SA,2015Q1,2015Q2,0.9833,16871,17237,regex_only,regex_only
021946,Multiplus SA,2015Q2,2015Q3,0.9825,17237,17441,regex_only,regex_only
021946,Multiplus SA,2015Q3,2016Q1,0.9589,17441,17467,regex_only,regex_only
022012,Mills Locacao Servicos e Logistica SA,2011Q1,2011Q2,0.0424,3881,4671,font_heading,regex_only
022012,Mills Locacao Servicos e Logistica SA,2011Q2,2012Q1,0.1025,4671,1662,regex_only,font_heading
022012,Mills Locacao Servicos e Logistica SA,2012Q1,2012Q2,0.9906,1662,1661,font_heading,font_heading
022012,Mills Locacao Servicos e Logistica SA,2012Q2,2012Q3,0.7726,1661,3015,font_heading,font_heading
022012,Mills Locacao Servicos e Logistica SA,2012Q3,2013Q1,0.9949,3015,3020,font_heading,font_heading
022012,Mills Locacao Servicos e Logistica SA,2013Q1,2013Q2,0.9969,3020,3025,font_heading,font_heading
022012,Mills Locacao Servicos e Logistica SA,2013Q2,2013Q3,0.9912,3025,3043,font_heading,font_heading
022012,Mills Locacao Servicos e Logistica SA,2013Q3,2014Q1,0.9826,3043,3020,font_heading,font_heading
022012,Mills Locacao Servicos e Logistica SA,2014Q1,2014Q2,0.9245,3020,4542,font_heading,font_heading
022012,Mills Locacao Servicos e Logistica SA,2014Q2,2014Q3,0.9983,4542,4548,font_heading,font_heading
022012,Mills Locacao Servicos e Logistica SA,2014Q3,2015Q1,0.9102,4548,5816,font_heading,font_heading
022012,Mills Locacao Servicos e Logistica SA,2015Q1,2015Q2,0.9969,5816,5842,font_heading,font_heading
022012,Mills Locacao Servicos e Logistica SA,2015Q2,2015Q3,0.9987,5842,5851,font_heading,font_heading
022012,Mills Locacao Servicos e Logistica SA,2015Q3,2016Q1,0.9187,5851,7753,font_heading,font_heading
022012,Mills Locacao Servicos e Logistica SA,2016Q1,2016Q2,0.9919,7753,7805,font_heading,font_heading
022012,Mills Locacao Servicos e Logistica SA,2016Q2,2016Q3,0.9492,7805,7207,font_heading,font_heading
022012,Mills Locacao Servicos e Logistica SA,2016Q3,2017Q1,0.8508,7207,7878,font_heading,font_heading
022012,Mills Locacao Servicos e Logistica SA,2017Q1,2017Q2,0.9949,7878,7873,font_heading,font_heading
022012,Mills Locacao Servicos e Logistica SA,2017Q2,2017Q3,0.9773,7873,7552,font_heading,font_heading
022012,Mills Locacao Servicos e Logistica SA,2017Q3,2018Q1,0.9266,7552,7620,font_heading,font_heading
022012,Mills Locacao Servicos e Logistica SA,2018Q1,2018Q2,0.996,7620,7612,font_heading,font_heading
022012,Mills Locacao Servicos e Logistica SA,2018Q2,2018Q3,0.9818,7612,7953,font_heading,font_heading
022012,Mills Locacao Servicos e Logistica SA,2018Q3,2019Q1,0.9338,7953,8442,font_heading,font_heading
022012,Mills Locacao Servicos e Logistica SA,2019Q1,2019Q2,0.8343,8442,13650,font_heading,font_heading
022012,Mills Locacao Servicos e Logistica SA,2019Q2,2019Q3,0.9928,13650,13708,font_heading,font_heading
022012,Mills Locacao Servicos e Logistica SA,2019Q3,2020Q1,0.9689,13708,14209,font_heading,font_heading
022012,Mills Locacao Servicos e Logistica SA,2020Q1,2020Q2,0.9889,14209,15206,font_heading,font_heading
022012,Mills Locacao Servicos e Logistica SA,2020Q2,2020Q3,0.9839,15206,14181,font_heading,font_heading
022012,Mills Locacao Servicos e Logistica SA,2020Q3,2021Q1,0.7967,14181,12211,font_heading,font_heading
022012,Mills Locacao Servicos e Logistica SA,2021Q1,2021Q2,0.9905,12211,12086,font_heading,font_heading
022012,Mills Locacao Servicos e Logistica SA,2021Q2,2021Q3,0.9602,12086,13543,font_heading,font_heading
022012,Mills Locacao Servicos e Logistica SA,2021Q3,2022Q1,0.9162,13543,18207,font_heading,font_heading
022012,Mills Locacao Servicos e Logistica SA,2022Q1,2022Q2,0.993,18207,18441,font_heading,font_heading
022012,Mills Locacao Servicos e Logistica SA,2022Q2,2022Q3,0.9571,18441,18665,font_heading,font_heading
022012,Mills Locacao Servicos e Logistica SA,2022Q3,2023Q1,0.9559,18665,22029,font_heading,font_heading
022012,Mills Locacao Servicos e Logistica SA,2023Q1,2023Q2,0.9773,22029,22438,font_heading,font_heading
022012,Mills Locacao Servicos e Logistica SA,2023Q2,2024Q1,0.2996,22438,3425,font_heading,font_heading
022012,Mills Locacao Servicos e Logistica SA,2024Q1,2024Q2,0.8786,3425,3721,font_heading,font_heading
022012,Mills Locacao Servicos e Logistica SA,2024Q2,2024Q3,0.983,3721,3850,font_heading,font_heading
022012,Mills Locacao Servicos e Logistica SA,2024Q3,2025Q1,0.8581,3850,3184,font_heading,font_heading
022012,Mills Locacao Servicos e Logistica SA,2025Q1,2025Q2,0.9929,3184,3248,font_heading,font_heading
022012,Mills Locacao Servicos e Logistica SA,2025Q2,2025Q3,0.993,3248,3466,font_heading,font_heading
022055,Marisa Lojas SA,2011Q1,2011Q2,0.8123,8164,11806,font_heading,font_heading
022055,Marisa Lojas SA,2011Q2,2011Q3,0.8775,11806,10047,font_heading,font_heading
022055,Marisa Lojas SA,2011Q3,2012Q1,0.7923,10047,15026,font_heading,font_heading
022055,Marisa Lojas SA,2012Q1,2012Q2,0.95,15026,14958,font_heading,font_heading
022055,Marisa Lojas SA,2012Q2,2012Q3,0.93,14958,15101,font_heading,font_heading
022055,Marisa Lojas SA,2012Q3,2013Q1,0.9279,15101,14870,font_heading,font_heading
022055,Marisa Lojas SA,2013Q1,2013Q2,0.0213,14870,5212,font_heading,regex_only
022055,Marisa Lojas SA,2013Q2,2013Q3,0.0213,5212,14118,regex_only,font_heading
022055,Marisa Lojas SA,2013Q3,2014Q1,0.9237,14118,13434,font_heading,font_heading
022055,Marisa Lojas SA,2014Q1,2014Q2,0.9085,13434,15707,font_heading,font_heading
022055,Marisa Lojas SA,2014Q2,2014Q3,0.9502,15707,15594,font_heading,font_heading
022055,Marisa Lojas SA,2014Q3,2015Q1,0.5866,15594,5059,font_heading,font_heading
022055,Marisa Lojas SA,2015Q1,2015Q2,0.9718,5059,5283,font_heading,font_heading
022055,Marisa Lojas SA,2015Q2,2015Q3,0.8292,5283,5833,font_heading,font_heading
022055,Marisa Lojas SA,2015Q3,2016Q1,0.9668,5833,5807,font_heading,font_heading
022055,Marisa Lojas SA,2016Q1,2016Q2,0.0774,5807,389,font_heading,regex_only
022055,Marisa Lojas SA,2016Q2,2016Q3,1.0,389,392,regex_only,regex_only
022055,Marisa Lojas SA,2016Q3,2017Q1,0.097,392,6170,regex_only,font_heading
022055,Marisa Lojas SA,2017Q1,2017Q2,0.9841,6170,6104,font_heading,font_heading
022055,Marisa Lojas SA,2017Q2,2017Q3,0.9841,6104,6277,font_heading,font_heading
022055,Marisa Lojas SA,2017Q3,2019Q2,0.6248,6277,9553,font_heading,font_heading
022055,Marisa Lojas SA,2019Q2,2019Q3,0.4276,9553,1742,font_heading,font_heading
022055,Marisa Lojas SA,2019Q3,2020Q1,0.2459,1742,17056,font_heading,font_heading
022055,Marisa Lojas SA,2020Q1,2020Q2,0.6134,17056,11301,font_heading,font_heading
022055,Marisa Lojas SA,2020Q2,2020Q3,0.9725,11301,12163,font_heading,font_heading
022055,Marisa Lojas SA,2020Q3,2021Q1,0.021,12163,1282,font_heading,regex_only
022055,Marisa Lojas SA,2021Q1,2021Q2,0.1095,1282,940,regex_only,regex_only
022055,Marisa Lojas SA,2021Q2,2021Q3,0.0475,940,12629,regex_only,font_heading
022055,Marisa Lojas SA,2021Q3,2022Q1,0.9481,12629,11696,font_heading,font_heading
022055,Marisa Lojas SA,2022Q1,2022Q2,0.9733,11696,11165,font_heading,font_heading
022055,Marisa Lojas SA,2022Q2,2022Q3,0.9983,11165,11143,font_heading,font_heading
022055,Marisa Lojas SA,2022Q3,2023Q1,0.0369,11143,224,font_heading,font_heading
022055,Marisa Lojas SA,2023Q1,2023Q2,0.0322,224,12212,font_heading,font_heading
022055,Marisa Lojas SA,2023Q2,2023Q3,0.9866,12212,12671,font_heading,font_heading
022055,Marisa Lojas SA,2023Q3,2024Q1,0.7843,12671,7450,font_heading,font_heading
022055,Marisa Lojas SA,2024Q1,2024Q2,0.9691,7450,7831,font_heading,font_heading
022055,Marisa Lojas SA,2024Q2,2024Q3,0.9681,7831,7072,font_heading,font_heading
022055,Marisa Lojas SA,2024Q3,2025Q1,0.9302,7072,7107,font_heading,font_heading
022055,Marisa Lojas SA,2025Q1,2025Q2,0.9348,7107,6059,font_heading,font_heading
022055,Marisa Lojas SA,2025Q2,2025Q3,0.9558,6059,7277,font_heading,font_heading
022136,Tereos Internacional SA,2011Q2,2011Q3,0.3726,12251,11658,regex_only,regex_only
022136,Tereos Internacional SA,2011Q3,2012Q2,0.0881,11658,22392,regex_only,regex_only
022136,Tereos Internacional SA,2012Q2,2012Q3,0.0955,22392,13740,regex_only,regex_only
022136,Tereos Internacional SA,2012Q3,2013Q2,0.9011,13740,11867,regex_only,regex_only
022136,Tereos Internacional SA,2013Q2,2013Q3,0.9541,11867,9902,regex_only,regex_only
022136,Tereos Internacional SA,2013Q3,2014Q2,0.9286,9902,11721,regex_only,regex_only
022136,Tereos Internacional SA,2014Q2,2015Q2,0.0198,11721,550,regex_only,font_heading
022136,Tereos Internacional SA,2015Q2,2015Q3,0.9899,550,555,font_heading,font_heading
022136,Tereos Internacional SA,2015Q3,2016Q2,0.4957,555,1731,font_heading,font_heading
022187,PRIO S.A.,2011Q1,2011Q2,0.1189,24541,6969,font_heading,regex_only
022187,PRIO S.A.,2011Q2,2011Q3,0.8389,6969,4908,regex_only,regex_only
022187,PRIO S.A.,2011Q3,2012Q1,0.0103,4908,322,regex_only,font_heading
022187,PRIO S.A.,2012Q1,2012Q2,0.0,322,188,font_heading,font_heading
022187,PRIO S.A.,2012Q2,2012Q3,0.7756,188,276,font_heading,font_heading
022187,PRIO S.A.,2012Q3,2013Q1,0.0055,276,469,font_heading,regex_only
022187,PRIO S.A.,2013Q1,2013Q2,0.0178,469,11268,regex_only,regex_only
022187,PRIO S.A.,2013Q2,2013Q3,0.9609,11268,11159,regex_only,regex_only
022187,PRIO S.A.,2013Q3,2014Q1,0.2369,11159,6581,regex_only,regex_only
022187,PRIO S.A.,2014Q1,2014Q2,0.8096,6581,10704,regex_only,regex_only
022187,PRIO S.A.,2014Q2,2014Q3,0.1575,10704,851,regex_only,font_heading
022187,PRIO S.A.,2014Q3,2015Q1,0.1342,851,1250,font_heading,font_heading
022187,PRIO S.A.,2015Q1,2015Q2,0.1973,1250,3196,font_heading,font_heading
022187,PRIO S.A.,2015Q2,2015Q3,0.9891,3196,3199,font_heading,font_heading
022187,PRIO S.A.,2015Q3,2016Q1,0.7951,3199,2586,font_heading,font_heading
022187,PRIO S.A.,2016Q1,2016Q2,0.9969,2586,2615,font_heading,font_heading
022187,PRIO S.A.,2016Q2,2016Q3,0.0555,2615,3497,font_heading,regex_only
022187,PRIO S.A.,2016Q3,2017Q1,0.9915,3497,3610,regex_only,regex_only
022187,PRIO S.A.,2017Q1,2017Q2,0.9897,3610,3439,regex_only,regex_only
022187,PRIO S.A.,2017Q2,2017Q3,0.9686,3439,3978,regex_only,regex_only
022187,PRIO S.A.,2017Q3,2018Q1,0.8735,3978,4301,regex_only,regex_only
022187,PRIO S.A.,2018Q1,2018Q2,0.9294,4301,3015,regex_only,regex_only
022187,PRIO S.A.,2018Q2,2018Q3,0.9934,3015,2809,regex_only,regex_only
022187,PRIO S.A.,2018Q3,2019Q1,0.8211,2809,4592,regex_only,regex_only
022187,PRIO S.A.,2019Q1,2019Q2,0.7902,4592,4350,regex_only,regex_only
022187,PRIO S.A.,2019Q2,2019Q3,0.0675,4350,1092,regex_only,font_heading
022187,PRIO S.A.,2019Q3,2020Q1,0.1352,1092,991,font_heading,font_heading
022187,PRIO S.A.,2020Q1,2020Q3,0.518,991,2050,font_heading,font_heading
022187,PRIO S.A.,2020Q3,2021Q2,0.0635,2050,39,font_heading,font_heading
022187,PRIO S.A.,2021Q2,2021Q3,1.0,39,39,font_heading,font_heading
022187,PRIO S.A.,2021Q3,2022Q1,0.0565,39,7072,font_heading,regex_only
022187,PRIO S.A.,2022Q1,2023Q1,0.1147,7072,11780,regex_only,font_heading
022187,PRIO S.A.,2023Q1,2024Q1,0.8811,11780,12048,font_heading,font_heading
022187,PRIO S.A.,2024Q1,2024Q2,0.9962,12048,12160,font_heading,font_heading
022187,PRIO S.A.,2024Q2,2024Q3,0.0825,12160,5521,font_heading,regex_only
022187,PRIO S.A.,2024Q3,2025Q1,0.1077,5521,12890,regex_only,font_heading
022187,PRIO S.A.,2025Q1,2025Q3,0.9106,12890,20319,font_heading,font_heading
022349,AZZAS 2154 S.A.,2011Q1,2011Q2,0.0949,2653,4188,font_heading,regex_only
022349,AZZAS 2154 S.A.,2011Q2,2011Q3,0.0915,4188,2469,regex_only,font_heading
022349,AZZAS 2154 S.A.,2011Q3,2012Q1,0.9057,2469,2394,font_heading,font_heading
022349,AZZAS 2154 S.A.,2012Q1,2012Q2,0.1065,2394,3741,font_heading,regex_only
022349,AZZAS 2154 S.A.,2012Q2,2012Q3,0.1153,3741,3174,regex_only,font_heading
022349,AZZAS 2154 S.A.,2012Q3,2013Q1,0.1392,3174,4623,font_heading,regex_only
022349,AZZAS 2154 S.A.,2013Q1,2013Q2,0.9372,4623,5517,regex_only,regex_only
022349,AZZAS 2154 S.A.,2013Q2,2013Q3,0.9507,5517,4819,regex_only,regex_only
022349,AZZAS 2154 S.A.,2013Q3,2014Q1,0.9763,4819,4639,regex_only,regex_only
022349,AZZAS 2154 S.A.,2014Q1,2014Q2,0.1384,4639,3595,regex_only,font_heading
022349,AZZAS 2154 S.A.,2014Q2,2014Q3,0.9883,3595,3538,font_heading,font_heading
022349,AZZAS 2154 S.A.,2014Q3,2015Q1,0.9748,3538,3332,font_heading,font_heading
022349,AZZAS 2154 S.A.,2015Q1,2015Q2,0.9641,3332,3206,font_heading,font_heading
022349,AZZAS 2154 S.A.,2015Q2,2015Q3,0.9743,3206,3203,font_heading,font_heading
022349,AZZAS 2154 S.A.,2015Q3,2016Q1,0.9395,3203,3053,font_heading,font_heading
022349,AZZAS 2154 S.A.,2016Q1,2016Q2,0.9878,3053,3041,font_heading,font_heading
022349,AZZAS 2154 S.A.,2016Q2,2016Q3,0.9863,3041,3045,font_heading,font_heading
022349,AZZAS 2154 S.A.,2016Q3,2017Q1,0.9714,3045,3113,font_heading,font_heading
022349,AZZAS 2154 S.A.,2017Q1,2017Q2,0.9747,3113,3180,font_heading,font_heading
022349,AZZAS 2154 S.A.,2017Q2,2017Q3,0.9836,3180,3195,font_heading,font_heading
022349,AZZAS 2154 S.A.,2017Q3,2018Q1,0.9473,3195,3262,font_heading,font_heading
022349,AZZAS 2154 S.A.,2018Q1,2018Q2,0.9498,3262,3493,font_heading,font_heading
022349,AZZAS 2154 S.A.,2018Q2,2018Q3,0.9747,3493,3503,font_heading,font_heading
022349,AZZAS 2154 S.A.,2018Q3,2019Q1,0.124,3503,11753,font_heading,regex_only
022349,AZZAS 2154 S.A.,2019Q1,2019Q2,0.2258,11753,4730,regex_only,regex_only
022349,AZZAS 2154 S.A.,2019Q2,2019Q3,0.9937,4730,4812,regex_only,regex_only
022349,AZZAS 2154 S.A.,2019Q3,2020Q1,0.8748,4812,7294,regex_only,regex_only
022349,AZZAS 2154 S.A.,2020Q1,2020Q2,0.8964,7294,9013,regex_only,regex_only
022349,AZZAS 2154 S.A.,2020Q2,2020Q3,0.8786,9013,8269,regex_only,regex_only
022349,AZZAS 2154 S.A.,2020Q3,2021Q3,0.179,8269,7091,regex_only,font_heading
022349,AZZAS 2154 S.A.,2021Q3,2022Q1,0.9,7091,5840,font_heading,font_heading
022349,AZZAS 2154 S.A.,2022Q1,2022Q2,0.9584,5840,6177,font_heading,font_heading
022349,AZZAS 2154 S.A.,2022Q2,2022Q3,0.9664,6177,6382,font_heading,font_heading
022349,AZZAS 2154 S.A.,2022Q3,2023Q1,0.945,6382,6137,font_heading,font_heading
022349,AZZAS 2154 S.A.,2023Q1,2023Q2,0.9619,6137,6175,font_heading,font_heading
022349,AZZAS 2154 S.A.,2023Q2,2023Q3,0.9735,6175,6196,font_heading,font_heading
022349,AZZAS 2154 S.A.,2023Q3,2024Q1,0.894,6196,5209,font_heading,font_heading
022349,AZZAS 2154 S.A.,2024Q1,2024Q2,0.977,5209,5220,font_heading,font_heading
022349,AZZAS 2154 S.A.,2024Q2,2024Q3,0.7522,5220,9012,font_heading,font_heading
022349,AZZAS 2154 S.A.,2024Q3,2025Q1,0.884,9012,7550,font_heading,font_heading
022349,AZZAS 2154 S.A.,2025Q1,2025Q3,0.9613,7550,9357,font_heading,font_heading
022357,ALLOS S.A,2011Q1,2011Q2,0.9105,4858,5394,font_heading,font_heading
022357,ALLOS S.A,2011Q2,2011Q3,0.9929,5394,5450,font_heading,font_heading
022357,ALLOS S.A,2011Q3,2012Q1,0.9537,5450,7796,font_heading,font_heading
022357,ALLOS S.A,2012Q1,2012Q2,0.9888,7796,7935,font_heading,font_heading
022357,ALLOS S.A,2012Q2,2012Q3,0.9469,7935,8434,font_heading,font_heading
022357,ALLOS S.A,2012Q3,2013Q1,0.9652,8434,8752,font_heading,font_heading
022357,ALLOS S.A,2013Q1,2013Q3,0.9681,8752,9824,font_heading,font_heading
022357,ALLOS S.A,2013Q3,2014Q1,0.9281,9824,9947,font_heading,font_heading
022357,ALLOS S.A,2014Q1,2014Q2,0.9795,9947,9712,font_heading,font_heading
022357,ALLOS S.A,2014Q2,2014Q3,0.9854,9712,9525,font_heading,font_heading
022357,ALLOS S.A,2014Q3,2015Q1,0.0502,9525,689,font_heading,regex_only
022357,ALLOS S.A,2015Q1,2015Q2,0.8851,689,711,regex_only,regex_only
022357,ALLOS S.A,2015Q2,2015Q3,1.0,711,703,regex_only,regex_only
022357,ALLOS S.A,2015Q3,2016Q1,0.0482,703,3701,regex_only,font_heading
022357,ALLOS S.A,2016Q1,2016Q2,0.0547,3701,590,font_heading,regex_only
022357,ALLOS S.A,2016Q2,2016Q3,1.0,590,563,regex_only,regex_only
022357,ALLOS S.A,2016Q3,2017Q1,1.0,563,576,regex_only,regex_only
022357,ALLOS S.A,2017Q1,2017Q2,0.0387,576,1326,regex_only,font_heading
022357,ALLOS S.A,2017Q2,2017Q3,0.0281,1326,2326,font_heading,regex_only
022357,ALLOS S.A,2017Q3,2018Q1,0.0242,2326,536,regex_only,regex_only
022357,ALLOS S.A,2018Q1,2018Q2,0.9708,536,572,regex_only,regex_only
022357,ALLOS S.A,2018Q2,2018Q3,0.9769,572,567,regex_only,regex_only
022357,ALLOS S.A,2018Q3,2019Q1,0.9696,567,529,regex_only,regex_only
022357,ALLOS S.A,2019Q1,2019Q2,0.9708,529,571,regex_only,regex_only
022357,ALLOS S.A,2019Q2,2020Q1,0.1165,571,223,regex_only,regex_only
022357,ALLOS S.A,2020Q1,2020Q2,1.0,223,223,regex_only,regex_only
022357,ALLOS S.A,2020Q2,2020Q3,1.0,223,219,regex_only,regex_only
022357,ALLOS S.A,2020Q3,2021Q1,0.0285,219,28409,regex_only,font_heading
022357,ALLOS S.A,2021Q1,2021Q2,0.1898,28409,4986,font_heading,font_heading
022357,ALLOS S.A,2021Q2,2021Q3,0.0473,4986,219,font_heading,regex_only
022357,ALLOS S.A,2021Q3,2022Q1,0.0572,219,6654,regex_only,font_heading
022357,ALLOS S.A,2022Q1,2022Q2,0.0178,6654,242,font_heading,regex_only
022357,ALLOS S.A,2022Q2,2022Q3,0.0206,242,7424,regex_only,font_heading
022357,ALLOS S.A,2022Q3,2023Q1,0.8588,7424,8875,font_heading,font_heading
022357,ALLOS S.A,2023Q1,2023Q2,0.9982,8875,8973,font_heading,font_heading
022357,ALLOS S.A,2023Q2,2024Q1,0.5826,8973,6028,font_heading,font_heading
022357,ALLOS S.A,2024Q1,2024Q2,0.3114,6028,7399,font_heading,regex_only
022357,ALLOS S.A,2024Q2,2024Q3,0.0886,7399,9659,regex_only,font_heading
022357,ALLOS S.A,2024Q3,2025Q1,0.071,9659,6391,font_heading,regex_only
022357,ALLOS S.A,2025Q1,2025Q3,0.9936,6391,6294,regex_only,regex_only
022365,Enauta Participacoes SA,2011Q1,2011Q2,0.9619,7151,6636,font_heading,font_heading
022365,Enauta Participacoes SA,2011Q2,2011Q3,0.7882,6636,4132,font_heading,font_heading
022365,Enauta Participacoes SA,2011Q3,2012Q1,0.8047,4132,2706,font_heading,font_heading
022365,Enauta Participacoes SA,2012Q1,2012Q2,0.6858,2706,1000,font_heading,font_heading
022365,Enauta Participacoes SA,2012Q2,2012Q3,1.0,1000,1000,font_heading,font_heading
022365,Enauta Participacoes SA,2012Q3,2013Q1,0.0895,1000,14893,font_heading,regex_only
022365,Enauta Participacoes SA,2013Q1,2013Q2,0.9497,14893,14585,regex_only,regex_only
022365,Enauta Participacoes SA,2013Q2,2013Q3,0.2001,14585,11346,regex_only,regex_only
022365,Enauta Participacoes SA,2013Q3,2014Q1,0.1012,11346,1543,regex_only,font_heading
022365,Enauta Participacoes SA,2014Q1,2014Q2,0.8476,1543,1850,font_heading,font_heading
022365,Enauta Participacoes SA,2014Q2,2014Q3,0.8173,1850,2358,font_heading,font_heading
022365,Enauta Participacoes SA,2014Q3,2015Q1,0.6752,2358,2678,font_heading,font_heading
022365,Enauta Participacoes SA,2015Q1,2015Q2,0.99,2678,2732,font_heading,font_heading
022365,Enauta Participacoes SA,2015Q2,2015Q3,0.993,2732,2769,font_heading,font_heading
022365,Enauta Participacoes SA,2015Q3,2016Q1,0.9663,2769,3177,font_heading,font_heading
022365,Enauta Participacoes SA,2016Q1,2016Q2,0.9875,3177,3175,font_heading,font_heading
022365,Enauta Participacoes SA,2016Q2,2016Q3,0.9941,3175,3217,font_heading,font_heading
022365,Enauta Participacoes SA,2016Q3,2017Q3,0.9972,3217,3200,font_heading,font_heading
022365,Enauta Participacoes SA,2017Q3,2018Q1,0.9949,3200,3191,font_heading,font_heading
022365,Enauta Participacoes SA,2018Q1,2018Q2,0.9973,3191,3225,font_heading,font_heading
022365,Enauta Participacoes SA,2018Q2,2018Q3,0.9971,3225,3211,font_heading,font_heading
022365,Enauta Participacoes SA,2018Q3,2019Q1,0.9729,3211,3336,font_heading,font_heading
022365,Enauta Participacoes SA,2019Q1,2019Q2,0.9976,3336,3337,font_heading,font_heading
022365,Enauta Participacoes SA,2019Q2,2019Q3,0.9974,3337,3342,font_heading,font_heading
022365,Enauta Participacoes SA,2019Q3,2020Q1,0.1104,3342,9572,font_heading,regex_only
022365,Enauta Participacoes SA,2020Q1,2020Q2,0.1197,9572,3897,regex_only,font_heading
022365,Enauta Participacoes SA,2020Q2,2021Q3,0.9553,3897,4147,font_heading,font_heading
022365,Enauta Participacoes SA,2021Q3,2022Q1,0.8581,4147,3622,font_heading,font_heading
022365,Enauta Participacoes SA,2022Q1,2022Q2,0.95,3622,3202,font_heading,font_heading
022365,Enauta Participacoes SA,2022Q2,2022Q3,0.1138,3202,13675,font_heading,regex_only
022365,Enauta Participacoes SA,2022Q3,2023Q1,0.1471,13675,11395,regex_only,font_heading
022365,Enauta Participacoes SA,2023Q1,2023Q2,0.9972,11395,11421,font_heading,font_heading
022365,Enauta Participacoes SA,2023Q2,2023Q3,0.9476,11421,13588,font_heading,font_heading
022365,Enauta Participacoes SA,2023Q3,2024Q1,0.9147,13588,15276,font_heading,font_heading
022365,Enauta Participacoes SA,2024Q1,2024Q2,0.9583,15276,22746,font_heading,font_heading
022365,Enauta Participacoes SA,2024Q2,2024Q3,0.1498,22746,275,font_heading,font_heading
022470,MAGAZINE LUIZA S.A.,2011Q1,2011Q2,0.9422,2482,2540,font_heading,font_heading
022470,MAGAZINE LUIZA S.A.,2011Q2,2011Q3,0.8016,2540,3824,font_heading,font_heading
022470,MAGAZINE LUIZA S.A.,2011Q3,2012Q1,0.6594,3824,3817,font_heading,font_heading
022470,MAGAZINE LUIZA S.A.,2012Q1,2012Q2,0.9191,3817,4457,font_heading,font_heading
022470,MAGAZINE LUIZA S.A.,2012Q2,2012Q3,0.9802,4457,4610,font_heading,font_heading
022470,MAGAZINE LUIZA S.A.,2012Q3,2013Q1,0.8682,4610,5922,font_heading,font_heading
022470,MAGAZINE LUIZA S.A.,2013Q1,2013Q2,0.9936,5922,6038,font_heading,font_heading
022470,MAGAZINE LUIZA S.A.,2013Q2,2013Q3,0.9838,6038,5886,font_heading,font_heading
022470,MAGAZINE LUIZA S.A.,2013Q3,2014Q1,0.9271,5886,5450,font_heading,font_heading
022470,MAGAZINE LUIZA S.A.,2014Q1,2014Q2,0.9279,5450,5797,font_heading,font_heading
022470,MAGAZINE LUIZA S.A.,2014Q2,2014Q3,0.9733,5797,6329,font_heading,font_heading
022470,MAGAZINE LUIZA S.A.,2014Q3,2015Q1,0.0162,6329,2501,font_heading,regex_only
022470,MAGAZINE LUIZA S.A.,2015Q1,2015Q2,0.3914,2501,2190,regex_only,regex_only
022470,MAGAZINE LUIZA S.A.,2015Q2,2015Q3,0.9079,2190,2303,regex_only,regex_only
022470,MAGAZINE LUIZA S.A.,2015Q3,2016Q1,0.2703,2303,3161,regex_only,regex_only
022470,MAGAZINE LUIZA S.A.,2016Q1,2016Q2,0.4565,3161,2415,regex_only,regex_only
022470,MAGAZINE LUIZA S.A.,2016Q2,2016Q3,0.696,2415,2691,regex_only,regex_only
022470,MAGAZINE LUIZA S.A.,2016Q3,2017Q1,0.4012,2691,3403,regex_only,regex_only
022470,MAGAZINE LUIZA S.A.,2017Q1,2017Q2,0.4605,3403,2775,regex_only,regex_only
022470,MAGAZINE LUIZA S.A.,2017Q2,2017Q3,0.4399,2775,4389,regex_only,regex_only
022470,MAGAZINE LUIZA S.A.,2017Q3,2018Q1,0.2977,4389,6389,regex_only,regex_only
022470,MAGAZINE LUIZA S.A.,2018Q1,2018Q2,0.1188,6389,3341,regex_only,font_heading
022470,MAGAZINE LUIZA S.A.,2018Q2,2018Q3,0.9541,3341,3317,font_heading,font_heading
022470,MAGAZINE LUIZA S.A.,2018Q3,2019Q1,0.1123,3317,6395,font_heading,regex_only
022470,MAGAZINE LUIZA S.A.,2019Q1,2019Q2,0.9172,6395,6681,regex_only,regex_only
022470,MAGAZINE LUIZA S.A.,2019Q2,2019Q3,0.9544,6681,6848,regex_only,regex_only
022470,MAGAZINE LUIZA S.A.,2019Q3,2020Q1,0.8661,6848,9054,regex_only,regex_only
022470,MAGAZINE LUIZA S.A.,2020Q1,2020Q2,0.9451,9054,9505,regex_only,regex_only
022470,MAGAZINE LUIZA S.A.,2020Q2,2020Q3,0.0932,9505,2272,regex_only,regex_only
022470,MAGAZINE LUIZA S.A.,2020Q3,2021Q1,0.1206,2272,6769,regex_only,regex_only
022470,MAGAZINE LUIZA S.A.,2021Q1,2021Q2,0.8992,6769,8080,regex_only,regex_only
022470,MAGAZINE LUIZA S.A.,2021Q2,2021Q3,0.7557,8080,8081,regex_only,regex_only
022470,MAGAZINE LUIZA S.A.,2021Q3,2022Q1,0.0748,8081,1729,regex_only,regex_only
022470,MAGAZINE LUIZA S.A.,2022Q1,2022Q2,0.0649,1729,6969,regex_only,regex_only
022470,MAGAZINE LUIZA S.A.,2022Q2,2022Q3,0.0871,6969,4173,regex_only,font_heading
022470,MAGAZINE LUIZA S.A.,2022Q3,2023Q1,0.318,4173,55374,font_heading,font_heading
022470,MAGAZINE LUIZA S.A.,2023Q1,2023Q2,0.2118,55374,7459,font_heading,regex_only
022470,MAGAZINE LUIZA S.A.,2023Q2,2023Q3,0.1007,7459,3992,regex_only,font_heading
022470,MAGAZINE LUIZA S.A.,2023Q3,2024Q1,0.9729,3992,3675,font_heading,font_heading
022470,MAGAZINE LUIZA S.A.,2024Q1,2024Q2,0.988,3675,3652,font_heading,font_heading
022470,MAGAZINE LUIZA S.A.,2024Q2,2024Q3,0.2155,3652,26127,font_heading,font_heading
022470,MAGAZINE LUIZA S.A.,2024Q3,2025Q1,0.2411,26127,4226,font_heading,font_heading
022470,MAGAZINE LUIZA S.A.,2025Q1,2025Q2,0.6845,4226,7290,font_heading,font_heading
022470,MAGAZINE LUIZA S.A.,2025Q2,2025Q3,0.9974,7290,7413,font_heading,font_heading
022691,Companhia de Locação das Américas (Locamerica),2011Q1,2011Q2,0.9748,7329,7752,font_heading,font_heading
022691,Companhia de Locação das Américas (Locamerica),2011Q2,2011Q3,0.9989,7752,7779,font_heading,font_heading
022691,Companhia de Locação das Américas (Locamerica),2011Q3,2012Q1,0.9467,7779,8502,font_heading,font_heading
022691,Companhia de Locação das Américas (Locamerica),2012Q1,2012Q2,0.9674,8502,8137,font_heading,font_heading
022691,Companhia de Locação das Américas (Locamerica),2012Q2,2012Q3,0.9541,8137,6857,font_heading,font_heading
022691,Companhia de Locação das Américas (Locamerica),2012Q3,2013Q1,0.8516,6857,6642,font_heading,font_heading
022691,Companhia de Locação das Américas (Locamerica),2013Q1,2013Q2,0.9926,6642,6891,font_heading,font_heading
022691,Companhia de Locação das Américas (Locamerica),2013Q2,2013Q3,0.9984,6891,6856,font_heading,font_heading
022691,Companhia de Locação das Américas (Locamerica),2013Q3,2014Q1,0.5607,6856,4510,font_heading,font_heading
022691,Companhia de Locação das Américas (Locamerica),2014Q1,2014Q2,0.9358,4510,4497,font_heading,font_heading
022691,Companhia de Locação das Américas (Locamerica),2014Q2,2014Q3,0.8955,4497,5896,font_heading,font_heading
022691,Companhia de Locação das Américas (Locamerica),2014Q3,2015Q1,0.9457,5896,6214,font_heading,font_heading
022691,Companhia de Locação das Américas (Locamerica),2015Q1,2015Q2,0.8952,6214,6832,font_heading,font_heading
022691,Companhia de Locação das Américas (Locamerica),2015Q2,2015Q3,0.9649,6832,7114,font_heading,font_heading
022691,Companhia de Locação das Américas (Locamerica),2015Q3,2016Q1,0.1214,7114,610,font_heading,regex_only
022691,Companhia de Locação das Américas (Locamerica),2016Q1,2016Q2,0.1469,610,964,regex_only,regex_only
022691,Companhia de Locação das Américas (Locamerica),2016Q2,2016Q3,0.1488,964,1033,regex_only,regex_only
022691,Companhia de Locação das Américas (Locamerica),2016Q3,2017Q1,0.2252,1033,1465,regex_only,regex_only
022691,Companhia de Locação das Américas (Locamerica),2017Q1,2017Q2,0.0117,1465,88,regex_only,font_heading
022691,Companhia de Locação das Américas (Locamerica),2017Q2,2017Q3,0.101,88,7305,font_heading,font_heading
022691,Companhia de Locação das Américas (Locamerica),2017Q3,2018Q1,0.665,7305,5686,font_heading,font_heading
022691,Companhia de Locação das Américas (Locamerica),2018Q1,2018Q2,0.1272,5686,1139,font_heading,regex_only
022691,Companhia de Locação das Américas (Locamerica),2018Q2,2018Q3,0.9291,1139,1325,regex_only,regex_only
022691,Companhia de Locação das Américas (Locamerica),2018Q3,2019Q1,0.0619,1325,603,regex_only,font_heading
022691,Companhia de Locação das Américas (Locamerica),2019Q1,2019Q2,0.0712,603,1345,font_heading,regex_only
022691,Companhia de Locação das Américas (Locamerica),2019Q2,2019Q3,0.9671,1345,1421,regex_only,regex_only
022691,Companhia de Locação das Américas (Locamerica),2019Q3,2020Q1,0.9671,1421,1785,regex_only,regex_only
022691,Companhia de Locação das Américas (Locamerica),2020Q1,2020Q2,1.0,1785,1595,regex_only,regex_only
022691,Companhia de Locação das Américas (Locamerica),2020Q2,2020Q3,0.9554,1595,1759,regex_only,regex_only
022691,Companhia de Locação das Américas (Locamerica),2020Q3,2021Q1,0.1923,1759,14978,regex_only,regex_only
022691,Companhia de Locação das Américas (Locamerica),2021Q1,2021Q2,0.2175,14978,1673,regex_only,regex_only
022691,Companhia de Locação das Américas (Locamerica),2021Q2,2021Q3,0.1092,1673,289,regex_only,regex_only
022691,Companhia de Locação das Américas (Locamerica),2021Q3,2022Q1,0.1944,289,8992,regex_only,font_heading
022691,Companhia de Locação das Américas (Locamerica),2022Q1,2022Q2,0.0521,8992,831,font_heading,regex_only
022691,Companhia de Locação das Américas (Locamerica),2022Q2,2022Q3,0.2936,831,6602,regex_only,font_heading
022691,Companhia de Locação das Américas (Locamerica),2022Q3,2023Q1,0.6455,6602,2265,font_heading,font_heading
022691,Companhia de Locação das Américas (Locamerica),2023Q1,2023Q2,0.7435,2265,2797,font_heading,font_heading
022691,Companhia de Locação das Américas (Locamerica),2023Q2,2023Q3,0.7363,2797,4346,font_heading,font_heading
022691,Companhia de Locação das Américas (Locamerica),2023Q3,2024Q1,0.6778,4346,3561,font_heading,font_heading
022691,Companhia de Locação das Américas (Locamerica),2024Q1,2024Q2,0.9399,3561,3805,font_heading,font_heading
022691,Companhia de Locação das Américas (Locamerica),2024Q2,2024Q3,0.9307,3805,3518,font_heading,font_heading
022691,Companhia de Locação das Américas (Locamerica),2024Q3,2025Q1,0.8841,3518,3423,font_heading,font_heading
022691,Companhia de Locação das Américas (Locamerica),2025Q1,2025Q2,0.9961,3423,3422,font_heading,font_heading
023035,Stone Corporate SPE SA,2012Q1,2012Q2,0.636,1530,3141,font_heading,font_heading
023035,Stone Corporate SPE SA,2012Q2,2012Q3,0.9793,3141,2946,font_heading,font_heading
023035,Stone Corporate SPE SA,2012Q3,2013Q1,0.9625,2946,3094,font_heading,font_heading
023035,Stone Corporate SPE SA,2013Q1,2013Q2,0.9677,3094,2864,font_heading,font_heading
023035,Stone Corporate SPE SA,2013Q2,2013Q3,0.9991,2864,2822,font_heading,font_heading
023035,Stone Corporate SPE SA,2013Q3,2014Q1,0.9419,2822,2475,font_heading,font_heading
023035,Stone Corporate SPE SA,2014Q1,2014Q2,0.9493,2475,2746,font_heading,font_heading
023035,Stone Corporate SPE SA,2014Q2,2014Q3,0.9725,2746,2792,font_heading,font_heading
023035,Stone Corporate SPE SA,2014Q3,2015Q1,0.899,2792,3109,font_heading,font_heading
023035,Stone Corporate SPE SA,2015Q1,2015Q2,0.9875,3109,3211,font_heading,font_heading
023035,Stone Corporate SPE SA,2015Q2,2015Q3,0.9936,3211,3155,font_heading,font_heading
023035,Stone Corporate SPE SA,2015Q3,2016Q1,0.9258,3155,2562,font_heading,font_heading
023035,Stone Corporate SPE SA,2016Q1,2016Q2,0.999,2562,2561,font_heading,font_heading
023035,Stone Corporate SPE SA,2016Q2,2016Q3,0.9915,2561,2510,font_heading,font_heading
023035,Stone Corporate SPE SA,2016Q3,2017Q1,0.8287,2510,6966,font_heading,font_heading
023035,Stone Corporate SPE SA,2017Q1,2017Q2,0.996,6966,6791,font_heading,font_heading
023035,Stone Corporate SPE SA,2017Q2,2017Q3,0.9945,6791,6870,font_heading,font_heading
023035,Stone Corporate SPE SA,2017Q3,2018Q2,0.8926,6870,6819,font_heading,font_heading
023035,Stone Corporate SPE SA,2018Q2,2018Q3,0.99,6819,7067,font_heading,font_heading
023035,Stone Corporate SPE SA,2018Q3,2019Q1,0.1184,7067,1058,font_heading,regex_only
023035,Stone Corporate SPE SA,2019Q1,2019Q3,0.4316,1058,1906,regex_only,regex_only
023035,Stone Corporate SPE SA,2019Q3,2020Q2,0.3337,1906,11382,regex_only,regex_only
023035,Stone Corporate SPE SA,2020Q2,2020Q3,0.8518,11382,12946,regex_only,regex_only
023035,Stone Corporate SPE SA,2020Q3,2021Q1,0.9096,12946,9055,regex_only,regex_only
023140,Smiles S.A.,2014Q2,2014Q3,0.1072,8038,1579,regex_only,font_heading
023140,Smiles S.A.,2014Q3,2015Q1,0.8593,1579,1697,font_heading,font_heading
023140,Smiles S.A.,2015Q1,2015Q2,0.9718,1697,1589,font_heading,font_heading
023140,Smiles S.A.,2015Q2,2015Q3,0.3122,1589,492,font_heading,font_heading
023140,Smiles S.A.,2015Q3,2016Q1,0.0806,492,10652,font_heading,regex_only
023140,Smiles S.A.,2016Q1,2016Q3,0.9556,10652,11381,regex_only,regex_only
023221,Ser Educacional SA,2013Q1,2013Q2,0.931,979,1122,font_heading,font_heading
023221,Ser Educacional SA,2013Q2,2013Q3,0.3783,1122,4145,font_heading,font_heading
023221,Ser Educacional SA,2013Q3,2014Q1,0.4748,4145,2276,font_heading,font_heading
023221,Ser Educacional SA,2014Q1,2014Q2,0.9453,2276,2270,font_heading,font_heading
023221,Ser Educacional SA,2014Q2,2014Q3,0.9372,2270,2276,font_heading,font_heading
023221,Ser Educacional SA,2014Q3,2015Q1,0.9647,2276,2365,font_heading,font_heading
023221,Ser Educacional SA,2015Q1,2015Q2,0.7979,2365,3119,font_heading,font_heading
023221,Ser Educacional SA,2015Q2,2015Q3,0.8372,3119,6098,font_heading,font_heading
023221,Ser Educacional SA,2015Q3,2016Q1,0.8768,6098,5755,font_heading,font_heading
023221,Ser Educacional SA,2016Q1,2016Q2,0.9747,5755,5854,font_heading,font_heading
023221,Ser Educacional SA,2016Q2,2016Q3,0.997,5854,5855,font_heading,font_heading
023221,Ser Educacional SA,2016Q3,2017Q1,0.9391,5855,6129,font_heading,font_heading
023221,Ser Educacional SA,2017Q1,2017Q2,0.991,6129,6146,font_heading,font_heading
023221,Ser Educacional SA,2017Q2,2017Q3,0.9598,6146,6397,font_heading,font_heading
023221,Ser Educacional SA,2017Q3,2018Q1,0.8553,6397,5661,font_heading,font_heading
023221,Ser Educacional SA,2018Q1,2018Q2,0.9963,5661,5660,font_heading,font_heading
023221,Ser Educacional SA,2018Q2,2018Q3,0.9967,5660,5682,font_heading,font_heading
023221,Ser Educacional SA,2018Q3,2019Q1,0.1058,5682,2161,font_heading,regex_only
023221,Ser Educacional SA,2019Q1,2019Q2,0.1036,2161,5629,regex_only,font_heading
023221,Ser Educacional SA,2019Q2,2019Q3,0.9934,5629,5792,font_heading,font_heading
023221,Ser Educacional SA,2019Q3,2020Q1,0.9859,5792,5803,font_heading,font_heading
023221,Ser Educacional SA,2020Q1,2020Q2,0.9276,5803,7121,font_heading,font_heading
023221,Ser Educacional SA,2020Q2,2020Q3,0.9967,7121,7234,font_heading,font_heading
023221,Ser Educacional SA,2020Q3,2021Q1,0.9788,7234,6982,font_heading,font_heading
023221,Ser Educacional SA,2021Q1,2021Q2,0.9578,6982,8289,font_heading,font_heading
023221,Ser Educacional SA,2021Q2,2021Q3,0.8513,8289,5226,font_heading,font_heading
023221,Ser Educacional SA,2021Q3,2022Q1,0.5264,5226,3320,font_heading,font_heading
023221,Ser Educacional SA,2022Q1,2022Q2,0.7805,3320,2128,font_heading,font_heading
023221,Ser Educacional SA,2022Q2,2022Q3,0.7816,2128,4786,font_heading,font_heading
023221,Ser Educacional SA,2022Q3,2023Q1,0.6571,4786,4934,font_heading,font_heading
023221,Ser Educacional SA,2023Q1,2023Q2,0.6598,4934,1465,font_heading,font_heading
023221,Ser Educacional SA,2023Q2,2023Q3,0.9741,1465,1572,font_heading,font_heading
023221,Ser Educacional SA,2023Q3,2024Q1,0.4864,1572,3695,font_heading,font_heading
023221,Ser Educacional SA,2024Q1,2024Q2,0.9969,3695,3681,font_heading,font_heading
023221,Ser Educacional SA,2024Q2,2024Q3,0.9411,3681,3827,font_heading,font_heading
023221,Ser Educacional SA,2024Q3,2025Q1,0.9802,3827,3862,font_heading,font_heading
023221,Ser Educacional SA,2025Q1,2025Q2,0.9406,3862,3559,font_heading,font_heading
023221,Ser Educacional SA,2025Q2,2025Q3,0.9926,3559,3563,font_heading,font_heading
023248,Anima Holding SA,2013Q1,2013Q2,0.9282,3267,3080,font_heading,font_heading
023248,Anima Holding SA,2013Q2,2013Q3,0.9544,3080,3157,font_heading,font_heading
023248,Anima Holding SA,2013Q3,2014Q1,0.1099,3157,361,font_heading,font_heading
023248,Anima Holding SA,2014Q1,2014Q2,0.1096,361,3202,font_heading,font_heading
023248,Anima Holding SA,2014Q2,2014Q3,0.9681,3202,3230,font_heading,font_heading
023248,Anima Holding SA,2014Q3,2015Q1,0.067,3230,151,font_heading,font_heading
023248,Anima Holding SA,2015Q1,2015Q2,0.0654,151,4398,font_heading,font_heading
023248,Anima Holding SA,2015Q2,2015Q3,0.0547,4398,278,font_heading,font_heading
023248,Anima Holding SA,2015Q3,2016Q1,0.8504,278,175,font_heading,font_heading
023248,Anima Holding SA,2016Q1,2016Q2,0.0617,175,115,font_heading,font_heading
023248,Anima Holding SA,2016Q2,2016Q3,0.0477,115,4038,font_heading,font_heading
023248,Anima Holding SA,2016Q3,2017Q1,0.8149,4038,4309,font_heading,font_heading
023248,Anima Holding SA,2017Q1,2017Q2,0.0491,4309,121,font_heading,font_heading
023248,Anima Holding SA,2017Q2,2018Q1,0.0215,121,702,font_heading,regex_only
023248,Anima Holding SA,2018Q1,2018Q2,0.1083,702,6182,regex_only,font_heading
023248,Anima Holding SA,2018Q2,2018Q3,0.0851,6182,704,font_heading,regex_only
023248,Anima Holding SA,2018Q3,2019Q1,0.2701,704,4584,regex_only,regex_only
023248,Anima Holding SA,2019Q1,2019Q3,0.3099,4584,993,regex_only,regex_only
023248,Anima Holding SA,2019Q3,2020Q1,0.9238,993,699,regex_only,regex_only
023248,Anima Holding SA,2020Q1,2021Q1,0.0657,699,9282,regex_only,font_heading
023248,Anima Holding SA,2021Q1,2021Q2,0.8604,9282,13705,font_heading,font_heading
023248,Anima Holding SA,2021Q2,2022Q1,0.0596,13705,1894,font_heading,regex_only
023248,Anima Holding SA,2022Q1,2022Q3,0.0498,1894,8492,regex_only,font_heading
023248,Anima Holding SA,2022Q3,2023Q1,0.7203,8492,7779,font_heading,font_heading
023248,Anima Holding SA,2023Q1,2023Q2,0.8991,7779,10863,font_heading,font_heading
023248,Anima Holding SA,2023Q2,2023Q3,0.9822,10863,11557,font_heading,font_heading
023248,Anima Holding SA,2023Q3,2024Q1,0.9282,11557,9513,font_heading,font_heading
023248,Anima Holding SA,2024Q1,2024Q2,0.8466,9513,11983,font_heading,font_heading
023248,Anima Holding SA,2024Q2,2024Q3,0.9729,11983,14472,font_heading,font_heading
023248,Anima Holding SA,2024Q3,2025Q2,0.9278,14472,9326,font_heading,font_heading
023248,Anima Holding SA,2025Q2,2025Q3,0.1644,9326,4224,font_heading,regex_only
023264,AMBEV S.A.,2013Q2,2013Q3,0.9941,622,625,font_heading,font_heading
023264,AMBEV S.A.,2013Q3,2014Q1,0.7741,625,1062,font_heading,font_heading
023264,AMBEV S.A.,2014Q1,2014Q2,0.6862,1062,1390,font_heading,font_heading
023264,AMBEV S.A.,2014Q2,2014Q3,0.9993,1390,1375,font_heading,font_heading
023264,AMBEV S.A.,2014Q3,2015Q1,0.6732,1375,1645,font_heading,font_heading
023264,AMBEV S.A.,2015Q1,2015Q2,0.9891,1645,1666,font_heading,font_heading
023264,AMBEV S.A.,2015Q2,2015Q3,0.9978,1666,1664,font_heading,font_heading
023264,AMBEV S.A.,2015Q3,2016Q1,0.0477,1664,4014,font_heading,regex_only
023264,AMBEV S.A.,2016Q1,2016Q2,0.0432,4014,872,regex_only,font_heading
023264,AMBEV S.A.,2016Q2,2016Q3,0.05,872,6407,font_heading,regex_only
023264,AMBEV S.A.,2016Q3,2017Q1,0.0408,6407,757,regex_only,font_heading
023264,AMBEV S.A.,2017Q1,2017Q2,0.0354,757,4795,font_heading,regex_only
023264,AMBEV S.A.,2017Q2,2017Q3,0.0354,4795,749,regex_only,font_heading
023264,AMBEV S.A.,2017Q3,2018Q1,0.0372,749,4233,font_heading,regex_only
023264,AMBEV S.A.,2018Q1,2018Q2,0.0393,4233,709,regex_only,font_heading
023264,AMBEV S.A.,2018Q2,2018Q3,0.0388,709,5252,font_heading,regex_only
023264,AMBEV S.A.,2018Q3,2019Q1,0.0383,5252,859,regex_only,font_heading
023264,AMBEV S.A.,2019Q1,2019Q2,0.9807,859,852,font_heading,font_heading
023264,AMBEV S.A.,2019Q2,2019Q3,1.0,852,854,font_heading,font_heading
023264,AMBEV S.A.,2019Q3,2020Q1,1.0,854,845,font_heading,font_heading
023264,AMBEV S.A.,2020Q1,2020Q2,0.849,845,1186,font_heading,font_heading
023264,AMBEV S.A.,2020Q2,2020Q3,0.0444,1186,5394,font_heading,regex_only
023264,AMBEV S.A.,2020Q3,2021Q1,0.0465,5394,1290,regex_only,font_heading
023264,AMBEV S.A.,2021Q1,2021Q2,0.1313,1290,17823,font_heading,regex_only
023264,AMBEV S.A.,2021Q2,2021Q3,0.1325,17823,1027,regex_only,font_heading
023264,AMBEV S.A.,2021Q3,2022Q1,0.1283,1027,17415,font_heading,regex_only
023264,AMBEV S.A.,2022Q1,2022Q2,0.0965,17415,750,regex_only,font_heading
023264,AMBEV S.A.,2022Q2,2022Q3,1.0,750,741,font_heading,font_heading
023264,AMBEV S.A.,2022Q3,2023Q1,0.9864,741,705,font_heading,font_heading
023264,AMBEV S.A.,2023Q1,2023Q2,1.0,705,709,font_heading,font_heading
023264,AMBEV S.A.,2023Q2,2023Q3,0.2956,709,1205,font_heading,font_heading
023264,AMBEV S.A.,2023Q3,2024Q1,0.2948,1205,748,font_heading,font_heading
023264,AMBEV S.A.,2024Q1,2024Q2,0.1288,748,312,font_heading,font_heading
023264,AMBEV S.A.,2024Q2,2024Q3,0.1288,312,747,font_heading,font_heading
023264,AMBEV S.A.,2024Q3,2025Q1,0.2285,747,65787,font_heading,font_heading
023264,AMBEV S.A.,2025Q1,2025Q2,0.2285,65787,743,font_heading,font_heading
023264,AMBEV S.A.,2025Q2,2025Q3,1.0,743,746,font_heading,font_heading
023272,LOG Commercial Properties e Participações,2013Q1,2014Q1,0.8505,4981,9260,font_heading,font_heading
023272,LOG Commercial Properties e Participações,2014Q1,2014Q2,0.9723,9260,11446,font_heading,font_heading
023272,LOG Commercial Properties e Participações,2014Q2,2014Q3,0.9732,11446,12204,font_heading,font_heading
023272,LOG Commercial Properties e Participações,2014Q3,2015Q1,0.5555,12204,786,font_heading,font_heading
023272,LOG Commercial Properties e Participações,2015Q1,2015Q2,0.551,786,9838,font_heading,font_heading
023272,LOG Commercial Properties e Participações,2015Q2,2015Q3,0.5063,9838,1318,font_heading,font_heading
023272,LOG Commercial Properties e Participações,2015Q3,2016Q1,0.8664,1318,833,font_heading,font_heading
023272,LOG Commercial Properties e Participações,2016Q1,2016Q2,0.9907,833,925,font_heading,font_heading
023272,LOG Commercial Properties e Participações,2016Q2,2016Q3,0.5809,925,12460,font_heading,font_heading
023272,LOG Commercial Properties e Participações,2016Q3,2017Q1,0.3923,12460,1491,font_heading,font_heading
023272,LOG Commercial Properties e Participações,2017Q1,2017Q2,0.6208,1491,921,font_heading,font_heading
023272,LOG Commercial Properties e Participações,2017Q2,2017Q3,0.9106,921,1330,font_heading,font_heading
023272,LOG Commercial Properties e Participações,2017Q3,2018Q1,0.8227,1330,951,font_heading,font_heading
023272,LOG Commercial Properties e Participações,2018Q1,2018Q2,0.9501,951,1542,font_heading,font_heading
023272,LOG Commercial Properties e Participações,2018Q2,2018Q3,0.9064,1542,1741,font_heading,font_heading
023272,LOG Commercial Properties e Participações,2018Q3,2019Q1,0.8416,1741,1262,font_heading,font_heading
023272,LOG Commercial Properties e Participações,2019Q1,2019Q2,0.9265,1262,1319,font_heading,font_heading
023272,LOG Commercial Properties e Participações,2019Q2,2019Q3,0.0255,1319,1117,font_heading,font_heading
023272,LOG Commercial Properties e Participações,2019Q3,2020Q2,0.3293,1117,10290,font_heading,regex_only
023272,LOG Commercial Properties e Participações,2020Q2,2020Q3,0.9315,10290,9253,regex_only,regex_only
023272,LOG Commercial Properties e Participações,2020Q3,2021Q1,0.0073,9253,1055,regex_only,font_heading
023272,LOG Commercial Properties e Participações,2021Q1,2021Q2,0.9378,1055,1295,font_heading,font_heading
023272,LOG Commercial Properties e Participações,2021Q2,2021Q3,0.9584,1295,1329,font_heading,font_heading
023272,LOG Commercial Properties e Participações,2021Q3,2022Q1,0.0179,1329,966,font_heading,regex_only
023272,LOG Commercial Properties e Participações,2022Q1,2022Q2,0.9941,966,1029,regex_only,regex_only
023272,LOG Commercial Properties e Participações,2022Q2,2022Q3,0.5645,1029,1234,regex_only,regex_only
023272,LOG Commercial Properties e Participações,2022Q3,2023Q1,0.2307,1234,68,regex_only,font_heading
023272,LOG Commercial Properties e Participações,2023Q1,2023Q2,0.2794,68,46,font_heading,font_heading
023272,LOG Commercial Properties e Participações,2023Q2,2023Q3,0.288,46,66,font_heading,font_heading
023272,LOG Commercial Properties e Participações,2023Q3,2024Q1,0.045,66,1245,font_heading,regex_only
023272,LOG Commercial Properties e Participações,2024Q1,2024Q2,0.9596,1245,1146,regex_only,regex_only
023272,LOG Commercial Properties e Participações,2024Q2,2024Q3,1.0,1146,1177,regex_only,regex_only
023272,LOG Commercial Properties e Participações,2024Q3,2025Q1,0.9076,1177,1156,regex_only,regex_only
023272,LOG Commercial Properties e Participações,2025Q1,2025Q2,0.929,1156,1137,regex_only,regex_only
023272,LOG Commercial Properties e Participações,2025Q2,2025Q3,0.0,1137,60,regex_only,font_heading
023310,CVC Brasil Operadora e Agência de Viagens S.A.,2013Q1,2013Q2,0.2551,1613,16772,font_heading,font_heading
023310,CVC Brasil Operadora e Agência de Viagens S.A.,2013Q2,2013Q3,0.9736,16772,16846,font_heading,font_heading
023310,CVC Brasil Operadora e Agência de Viagens S.A.,2013Q3,2014Q1,0.254,16846,1544,font_heading,font_heading
023310,CVC Brasil Operadora e Agência de Viagens S.A.,2014Q1,2014Q2,0.9608,1544,1541,font_heading,font_heading
023310,CVC Brasil Operadora e Agência de Viagens S.A.,2014Q2,2014Q3,0.9678,1541,1554,font_heading,font_heading
023310,CVC Brasil Operadora e Agência de Viagens S.A.,2014Q3,2015Q1,0.624,1554,2601,font_heading,font_heading
023310,CVC Brasil Operadora e Agência de Viagens S.A.,2015Q1,2015Q2,0.6129,2601,887,font_heading,font_heading
023310,CVC Brasil Operadora e Agência de Viagens S.A.,2015Q2,2015Q3,0.9475,887,1155,font_heading,font_heading
023310,CVC Brasil Operadora e Agência de Viagens S.A.,2015Q3,2016Q1,0.8517,1155,1341,font_heading,font_heading
023310,CVC Brasil Operadora e Agência de Viagens S.A.,2016Q1,2016Q2,0.931,1341,1618,font_heading,font_heading
023310,CVC Brasil Operadora e Agência de Viagens S.A.,2016Q2,2016Q3,0.9986,1618,1629,font_heading,font_heading
023310,CVC Brasil Operadora e Agência de Viagens S.A.,2016Q3,2017Q1,0.3581,1629,5457,font_heading,font_heading
023310,CVC Brasil Operadora e Agência de Viagens S.A.,2017Q1,2017Q2,0.9243,5457,6712,font_heading,font_heading
023310,CVC Brasil Operadora e Agência de Viagens S.A.,2017Q2,2017Q3,0.999,6712,6756,font_heading,font_heading
023310,CVC Brasil Operadora e Agência de Viagens S.A.,2017Q3,2018Q1,0.7908,6756,9916,font_heading,font_heading
023310,CVC Brasil Operadora e Agência de Viagens S.A.,2018Q1,2018Q2,0.9445,9916,11766,font_heading,font_heading
023310,CVC Brasil Operadora e Agência de Viagens S.A.,2018Q2,2018Q3,0.8734,11766,21090,font_heading,font_heading
023310,CVC Brasil Operadora e Agência de Viagens S.A.,2018Q3,2019Q1,0.5162,21090,10241,font_heading,font_heading
023310,CVC Brasil Operadora e Agência de Viagens S.A.,2019Q1,2019Q2,0.9365,10241,10495,font_heading,font_heading
023310,CVC Brasil Operadora e Agência de Viagens S.A.,2019Q2,2019Q3,0.9526,10495,8681,font_heading,font_heading
023310,CVC Brasil Operadora e Agência de Viagens S.A.,2019Q3,2020Q1,0.4468,8681,61156,font_heading,font_heading
023310,CVC Brasil Operadora e Agência de Viagens S.A.,2020Q1,2020Q2,0.9765,61156,63761,font_heading,font_heading
023310,CVC Brasil Operadora e Agência de Viagens S.A.,2020Q2,2020Q3,0.244,63761,5073,font_heading,font_heading
023310,CVC Brasil Operadora e Agência de Viagens S.A.,2020Q3,2021Q1,0.7891,5073,8543,font_heading,font_heading
023310,CVC Brasil Operadora e Agência de Viagens S.A.,2021Q1,2021Q2,0.7935,8543,3760,font_heading,font_heading
023310,CVC Brasil Operadora e Agência de Viagens S.A.,2021Q2,2021Q3,0.7751,3760,9085,font_heading,font_heading
023310,CVC Brasil Operadora e Agência de Viagens S.A.,2021Q3,2022Q1,0.9371,9085,6730,font_heading,font_heading
023310,CVC Brasil Operadora e Agência de Viagens S.A.,2022Q1,2022Q2,0.9374,6730,7649,font_heading,font_heading
023310,CVC Brasil Operadora e Agência de Viagens S.A.,2022Q2,2022Q3,1.0,7649,7650,font_heading,font_heading
023310,CVC Brasil Operadora e Agência de Viagens S.A.,2022Q3,2023Q1,0.8688,7650,5143,font_heading,font_heading
023310,CVC Brasil Operadora e Agência de Viagens S.A.,2023Q1,2023Q2,0.7856,5143,8750,font_heading,font_heading
023310,CVC Brasil Operadora e Agência de Viagens S.A.,2023Q2,2023Q3,0.9959,8750,8694,font_heading,font_heading
023310,CVC Brasil Operadora e Agência de Viagens S.A.,2023Q3,2024Q1,0.9545,8694,7683,font_heading,font_heading
023310,CVC Brasil Operadora e Agência de Viagens S.A.,2024Q1,2024Q2,0.999,7683,7635,font_heading,font_heading
023310,CVC Brasil Operadora e Agência de Viagens S.A.,2024Q2,2024Q3,0.7674,7635,7828,font_heading,font_heading
023310,CVC Brasil Operadora e Agência de Viagens S.A.,2024Q3,2025Q1,0.9783,7828,7346,font_heading,font_heading
023310,CVC Brasil Operadora e Agência de Viagens S.A.,2025Q1,2025Q2,0.9998,7346,7343,font_heading,font_heading
023310,CVC Brasil Operadora e Agência de Viagens S.A.,2025Q2,2025Q3,0.987,7343,7868,font_heading,font_heading
023450,Rumo Logistica Operadora Multimodal SA,2014Q1,2014Q2,0.9886,1670,1679,font_heading,font_heading
023450,Rumo Logistica Operadora Multimodal SA,2014Q2,2014Q3,0.7936,1679,2037,font_heading,font_heading
023450,Rumo Logistica Operadora Multimodal SA,2014Q3,2015Q1,0.5607,2037,3005,font_heading,font_heading
023450,Rumo Logistica Operadora Multimodal SA,2015Q1,2015Q2,0.3913,3005,4453,font_heading,font_heading
023450,Rumo Logistica Operadora Multimodal SA,2015Q2,2015Q3,0.9678,4453,4440,font_heading,font_heading
023450,Rumo Logistica Operadora Multimodal SA,2015Q3,2016Q1,0.6525,4440,3781,font_heading,font_heading
023450,Rumo Logistica Operadora Multimodal SA,2016Q1,2016Q2,0.2179,3781,3693,font_heading,font_heading
023450,Rumo Logistica Operadora Multimodal SA,2016Q2,2016Q3,0.8917,3693,4235,font_heading,font_heading
023485,Cosan Logistica SA,2014Q1,2014Q2,0.9124,1467,1942,font_heading,font_heading
023485,Cosan Logistica SA,2014Q2,2014Q3,0.8356,1942,1871,font_heading,font_heading
023485,Cosan Logistica SA,2014Q3,2015Q1,0.5384,1871,2814,font_heading,font_heading
023485,Cosan Logistica SA,2015Q1,2015Q2,0.376,2814,4199,font_heading,font_heading
023485,Cosan Logistica SA,2015Q2,2016Q1,0.6563,4199,3586,font_heading,font_heading
023485,Cosan Logistica SA,2016Q1,2016Q2,0.2179,3586,3693,font_heading,font_heading
023485,Cosan Logistica SA,2016Q2,2016Q3,0.8917,3693,4235,font_heading,font_heading
023485,Cosan Logistica SA,2016Q3,2017Q1,0.4186,4235,3820,font_heading,font_heading
023485,Cosan Logistica SA,2017Q1,2017Q3,0.4792,3820,2774,font_heading,font_heading
023485,Cosan Logistica SA,2017Q3,2018Q1,0.1001,2774,2912,font_heading,font_heading
023485,Cosan Logistica SA,2018Q1,2018Q2,0.1077,2912,2839,font_heading,font_heading
023485,Cosan Logistica SA,2018Q2,2019Q1,0.0845,2839,3889,font_heading,font_heading
023485,Cosan Logistica SA,2019Q1,2019Q2,0.0844,3889,607,font_heading,regex_only
023485,Cosan Logistica SA,2019Q2,2019Q3,1.0,607,599,regex_only,regex_only
023485,Cosan Logistica SA,2019Q3,2020Q1,0.9205,599,440,regex_only,regex_only
023485,Cosan Logistica SA,2020Q1,2020Q2,0.9764,440,561,regex_only,regex_only
023485,Cosan Logistica SA,2020Q2,2020Q3,0.0546,561,3000,regex_only,font_heading
023574,International Meal Co Alimentacao SA,2014Q1,2014Q2,0.9974,3189,3192,font_heading,font_heading
023574,International Meal Co Alimentacao SA,2014Q2,2014Q3,0.9987,3192,3161,font_heading,font_heading
023574,International Meal Co Alimentacao SA,2014Q3,2015Q1,0.0943,3161,7972,font_heading,regex_only
023574,International Meal Co Alimentacao SA,2015Q1,2015Q2,0.9994,7972,8341,regex_only,regex_only
023574,International Meal Co Alimentacao SA,2015Q2,2015Q3,0.9477,8341,10545,regex_only,regex_only
023574,International Meal Co Alimentacao SA,2015Q3,2016Q1,0.9759,10545,10543,regex_only,regex_only
023574,International Meal Co Alimentacao SA,2016Q1,2016Q2,0.9967,10543,10957,regex_only,regex_only
023574,International Meal Co Alimentacao SA,2016Q2,2016Q3,0.9257,10957,9674,regex_only,regex_only
023574,International Meal Co Alimentacao SA,2016Q3,2017Q1,0.9319,9674,10666,regex_only,regex_only
023574,International Meal Co Alimentacao SA,2017Q1,2017Q2,0.1036,10666,2697,regex_only,font_heading
023574,International Meal Co Alimentacao SA,2017Q2,2017Q3,0.9632,2697,2606,font_heading,font_heading
023574,International Meal Co Alimentacao SA,2017Q3,2018Q1,0.9245,2606,2945,font_heading,font_heading
023574,International Meal Co Alimentacao SA,2018Q1,2018Q2,0.0909,2945,10986,font_heading,regex_only
023574,International Meal Co Alimentacao SA,2018Q2,2018Q3,0.8964,10986,9775,regex_only,regex_only
023574,International Meal Co Alimentacao SA,2018Q3,2019Q2,0.0843,9775,3221,regex_only,font_heading
023574,International Meal Co Alimentacao SA,2019Q2,2019Q3,0.0887,3221,9359,font_heading,regex_only
023574,International Meal Co Alimentacao SA,2019Q3,2020Q1,0.0995,9359,3241,regex_only,font_heading
023574,International Meal Co Alimentacao SA,2020Q1,2020Q2,0.9937,3241,3257,font_heading,font_heading
023574,International Meal Co Alimentacao SA,2020Q2,2020Q3,0.8499,3257,2038,font_heading,font_heading
023574,International Meal Co Alimentacao SA,2020Q3,2021Q2,0.0198,2038,5038,font_heading,regex_only
023574,International Meal Co Alimentacao SA,2021Q2,2021Q3,0.2663,5038,12186,regex_only,regex_only
023574,International Meal Co Alimentacao SA,2021Q3,2022Q1,0.1629,12186,7717,regex_only,font_heading
023574,International Meal Co Alimentacao SA,2022Q1,2022Q2,0.9523,7717,8166,font_heading,font_heading
023574,International Meal Co Alimentacao SA,2022Q2,2023Q1,0.1099,8166,2987,font_heading,regex_only
023574,International Meal Co Alimentacao SA,2023Q1,2023Q2,0.9696,2987,4211,regex_only,regex_only
023574,International Meal Co Alimentacao SA,2023Q2,2024Q2,0.1277,4211,9554,regex_only,font_heading
023574,International Meal Co Alimentacao SA,2024Q2,2024Q3,0.9988,9554,9559,font_heading,font_heading
023574,International Meal Co Alimentacao SA,2024Q3,2025Q1,0.8161,9559,7960,font_heading,font_heading
023574,International Meal Co Alimentacao SA,2025Q1,2025Q2,0.9902,7960,8156,font_heading,font_heading
023574,International Meal Co Alimentacao SA,2025Q2,2025Q3,0.9959,8156,8623,font_heading,font_heading
023825,Movida Participacoes SA,2015Q1,2015Q2,0.9384,27865,24974,font_heading,font_heading
023825,Movida Participacoes SA,2015Q2,2015Q3,0.9222,24974,27422,font_heading,font_heading
023825,Movida Participacoes SA,2015Q3,2016Q1,0.2407,27422,2319,font_heading,font_heading
023825,Movida Participacoes SA,2016Q1,2016Q2,0.7323,2319,3240,font_heading,font_heading
023825,Movida Participacoes SA,2016Q2,2016Q3,0.4452,3240,2722,font_heading,font_heading
023825,Movida Participacoes SA,2016Q3,2017Q1,0.562,2722,3737,font_heading,font_heading
023825,Movida Participacoes SA,2017Q1,2017Q2,0.2246,3737,4296,font_heading,font_heading
023825,Movida Participacoes SA,2017Q2,2017Q3,0.4577,4296,1698,font_heading,font_heading
023825,Movida Participacoes SA,2017Q3,2018Q1,0.5324,1698,5366,font_heading,font_heading
023825,Movida Participacoes SA,2018Q1,2018Q2,0.9144,5366,6324,font_heading,font_heading
023825,Movida Participacoes SA,2018Q2,2018Q3,0.8562,6324,5697,font_heading,font_heading
023825,Movida Participacoes SA,2018Q3,2019Q1,0.8615,5697,5160,font_heading,font_heading
023825,Movida Participacoes SA,2019Q1,2019Q2,0.7947,5160,5336,font_heading,font_heading
023825,Movida Participacoes SA,2019Q2,2019Q3,0.6976,5336,12508,font_heading,font_heading
023825,Movida Participacoes SA,2019Q3,2020Q1,0.7775,12508,10184,font_heading,font_heading
023825,Movida Participacoes SA,2020Q1,2020Q2,0.883,10184,11093,font_heading,font_heading
023825,Movida Participacoes SA,2020Q2,2020Q3,0.4677,11093,2403,font_heading,font_heading
023825,Movida Participacoes SA,2020Q3,2021Q1,0.683,2403,2594,font_heading,font_heading
023825,Movida Participacoes SA,2021Q1,2021Q2,0.8272,2594,2341,font_heading,font_heading
023825,Movida Participacoes SA,2021Q2,2021Q3,0.8998,2341,2442,font_heading,font_heading
023825,Movida Participacoes SA,2021Q3,2022Q1,0.2676,2442,14350,font_heading,font_heading
023825,Movida Participacoes SA,2022Q1,2022Q2,0.8797,14350,15125,font_heading,font_heading
023825,Movida Participacoes SA,2022Q2,2022Q3,0.8921,15125,16477,font_heading,font_heading
023825,Movida Participacoes SA,2022Q3,2023Q1,0.0354,16477,1357,font_heading,regex_only
023825,Movida Participacoes SA,2023Q1,2023Q2,0.2039,1357,841,regex_only,regex_only
023825,Movida Participacoes SA,2023Q2,2023Q3,0.8542,841,929,regex_only,regex_only
023825,Movida Participacoes SA,2023Q3,2024Q1,0.0723,929,19094,regex_only,font_heading
023825,Movida Participacoes SA,2024Q1,2024Q2,0.9754,19094,20036,font_heading,font_heading
023825,Movida Participacoes SA,2024Q2,2024Q3,0.9291,20036,21945,font_heading,font_heading
023825,Movida Participacoes SA,2024Q3,2025Q2,0.2034,21945,5529,font_heading,regex_only
023825,Movida Participacoes SA,2025Q2,2025Q3,0.111,5529,285,regex_only,regex_only
024112,Azul S.A.,2017Q1,2017Q2,0.1859,2932,5836,font_heading,font_heading
024112,Azul S.A.,2017Q2,2017Q3,0.6484,5836,3726,font_heading,font_heading
024112,Azul S.A.,2017Q3,2018Q1,0.0705,3726,2964,font_heading,regex_only
024112,Azul S.A.,2018Q1,2018Q2,0.0658,2964,5455,regex_only,font_heading
024112,Azul S.A.,2018Q2,2018Q3,0.9957,5455,5329,font_heading,font_heading
024112,Azul S.A.,2018Q3,2019Q1,0.8771,5329,4197,font_heading,font_heading
024112,Azul S.A.,2019Q1,2019Q2,0.9995,4197,4194,font_heading,font_heading
024112,Azul S.A.,2019Q2,2019Q3,0.987,4194,4215,font_heading,font_heading
024112,Azul S.A.,2019Q3,2020Q1,0.8623,4215,5397,font_heading,font_heading
024112,Azul S.A.,2020Q1,2020Q2,0.6929,5397,3480,font_heading,font_heading
024112,Azul S.A.,2020Q2,2020Q3,0.1132,3480,6280,font_heading,regex_only
024112,Azul S.A.,2020Q3,2021Q1,0.2518,6280,7591,regex_only,regex_only
024112,Azul S.A.,2021Q1,2021Q2,0.189,7591,5195,regex_only,font_heading
024112,Azul S.A.,2021Q2,2021Q3,0.9847,5195,5080,font_heading,font_heading
024112,Azul S.A.,2021Q3,2022Q1,0.585,5080,4186,font_heading,font_heading
024112,Azul S.A.,2022Q1,2022Q2,0.7529,4186,3083,font_heading,font_heading
024112,Azul S.A.,2022Q2,2022Q3,0.1507,3083,1702,font_heading,font_heading
024112,Azul S.A.,2022Q3,2023Q1,0.1842,1702,949,font_heading,font_heading
024112,Azul S.A.,2023Q1,2023Q2,0.0044,949,5484,font_heading,regex_only
024112,Azul S.A.,2023Q2,2023Q3,0.0038,5484,3795,regex_only,font_heading
024112,Azul S.A.,2023Q3,2024Q1,0.7459,3795,3747,font_heading,font_heading
024112,Azul S.A.,2024Q1,2024Q2,0.6336,3747,3245,font_heading,font_heading
024112,Azul S.A.,2024Q2,2024Q3,0.7218,3245,2450,font_heading,font_heading
024112,Azul S.A.,2024Q3,2025Q1,0.7667,2450,4085,font_heading,font_heading
024112,Azul S.A.,2025Q1,2025Q2,0.9037,4085,5650,font_heading,font_heading
024112,Azul S.A.,2025Q2,2025Q3,0.7676,5650,5575,font_heading,font_heading
024171,Atacadão S.A.,2017Q1,2017Q2,0.989,4205,4211,regex_only,regex_only
024171,Atacadão S.A.,2017Q2,2017Q3,0.4044,4211,8158,regex_only,regex_only
024171,Atacadão S.A.,2017Q3,2018Q1,0.8343,8158,11648,regex_only,regex_only
024171,Atacadão S.A.,2018Q1,2018Q2,0.9499,11648,11279,regex_only,regex_only
024171,Atacadão S.A.,2018Q2,2018Q3,0.3169,11279,13492,regex_only,regex_only
024171,Atacadão S.A.,2018Q3,2019Q1,0.2466,13492,9873,regex_only,regex_only
024171,Atacadão S.A.,2019Q1,2019Q2,0.724,9873,5107,regex_only,regex_only
024171,Atacadão S.A.,2019Q2,2019Q3,0.0071,5107,407,regex_only,font_heading
024171,Atacadão S.A.,2019Q3,2020Q1,0.2536,407,2666,font_heading,font_heading
024171,Atacadão S.A.,2020Q1,2020Q2,0.1215,2666,8054,font_heading,regex_only
024171,Atacadão S.A.,2020Q2,2020Q3,0.6301,8054,6555,regex_only,regex_only
024171,Atacadão S.A.,2020Q3,2021Q2,0.1317,6555,2960,regex_only,font_heading
024171,Atacadão S.A.,2021Q2,2021Q3,0.9895,2960,3139,font_heading,font_heading
024171,Atacadão S.A.,2021Q3,2022Q1,0.9288,3139,2807,font_heading,font_heading
024171,Atacadão S.A.,2022Q1,2022Q2,0.4125,2807,3159,font_heading,font_heading
024171,Atacadão S.A.,2022Q2,2022Q3,0.4238,3159,4260,font_heading,font_heading
024171,Atacadão S.A.,2022Q3,2023Q1,0.9273,4260,5419,font_heading,font_heading
024171,Atacadão S.A.,2023Q1,2023Q2,0.7893,5419,5413,font_heading,font_heading
024171,Atacadão S.A.,2023Q2,2023Q3,1.0,5413,5413,font_heading,font_heading
024171,Atacadão S.A.,2023Q3,2024Q1,0.7722,5413,6446,font_heading,font_heading
024171,Atacadão S.A.,2024Q1,2024Q2,0.3682,6446,8373,font_heading,regex_only
024171,Atacadão S.A.,2024Q2,2024Q3,0.3636,8373,6369,regex_only,font_heading
024171,Atacadão S.A.,2024Q3,2025Q1,0.2512,6369,7931,font_heading,regex_only
024171,Atacadão S.A.,2025Q1,2025Q2,0.7631,7931,8550,regex_only,regex_only
024171,Atacadão S.A.,2025Q2,2025Q3,0.7724,8550,10371,regex_only,regex_only
024252,Smiles Fidelidade S.A.,2017Q1,2017Q2,0.5197,671,636,font_heading,font_heading
024252,Smiles Fidelidade S.A.,2017Q2,2017Q3,0.0209,636,3718,font_heading,regex_only
024252,Smiles Fidelidade S.A.,2017Q3,2018Q2,0.2145,3718,9120,regex_only,regex_only
024252,Smiles Fidelidade S.A.,2018Q2,2018Q3,0.1242,9120,1977,regex_only,regex_only
024260,SMARTFIT ESCOLA DE GINÁSTICA E DANÇA S.A.,2017Q1,2017Q2,0.9965,8170,8173,font_heading,font_heading
024260,SMARTFIT ESCOLA DE GINÁSTICA E DANÇA S.A.,2017Q2,2017Q3,0.9537,8173,10532,font_heading,font_heading
024260,SMARTFIT ESCOLA DE GINÁSTICA E DANÇA S.A.,2017Q3,2018Q1,0.9249,10532,13050,font_heading,font_heading
024260,SMARTFIT ESCOLA DE GINÁSTICA E DANÇA S.A.,2018Q1,2018Q2,0.9829,13050,13368,font_heading,font_heading
024260,SMARTFIT ESCOLA DE GINÁSTICA E DANÇA S.A.,2018Q2,2018Q3,0.9738,13368,14390,font_heading,font_heading
024260,SMARTFIT ESCOLA DE GINÁSTICA E DANÇA S.A.,2018Q3,2019Q1,0.9127,14390,10081,font_heading,font_heading
024260,SMARTFIT ESCOLA DE GINÁSTICA E DANÇA S.A.,2019Q1,2019Q2,0.0633,10081,1067,font_heading,regex_only
024260,SMARTFIT ESCOLA DE GINÁSTICA E DANÇA S.A.,2019Q2,2019Q3,0.0787,1067,4310,regex_only,font_heading
024260,SMARTFIT ESCOLA DE GINÁSTICA E DANÇA S.A.,2019Q3,2020Q1,0.0858,4310,1240,font_heading,regex_only
024260,SMARTFIT ESCOLA DE GINÁSTICA E DANÇA S.A.,2020Q1,2020Q2,0.1259,1240,7006,regex_only,font_heading
024260,SMARTFIT ESCOLA DE GINÁSTICA E DANÇA S.A.,2020Q2,2020Q3,0.123,7006,1434,font_heading,regex_only
024260,SMARTFIT ESCOLA DE GINÁSTICA E DANÇA S.A.,2020Q3,2021Q1,0.9502,1434,1281,regex_only,regex_only
024260,SMARTFIT ESCOLA DE GINÁSTICA E DANÇA S.A.,2021Q1,2021Q2,0.0591,1281,9878,regex_only,font_heading
024260,SMARTFIT ESCOLA DE GINÁSTICA E DANÇA S.A.,2021Q2,2021Q3,0.9988,9878,9842,font_heading,font_heading
024260,SMARTFIT ESCOLA DE GINÁSTICA E DANÇA S.A.,2021Q3,2022Q1,0.5281,9842,1557,font_heading,font_heading
024260,SMARTFIT ESCOLA DE GINÁSTICA E DANÇA S.A.,2022Q1,2022Q2,0.1259,1557,168,font_heading,font_heading
024260,SMARTFIT ESCOLA DE GINÁSTICA E DANÇA S.A.,2022Q2,2022Q3,1.0,168,168,font_heading,font_heading
024260,SMARTFIT ESCOLA DE GINÁSTICA E DANÇA S.A.,2022Q3,2023Q1,0.1036,168,784,font_heading,font_heading
024260,SMARTFIT ESCOLA DE GINÁSTICA E DANÇA S.A.,2023Q1,2023Q2,1.0,784,784,font_heading,font_heading
024260,SMARTFIT ESCOLA DE GINÁSTICA E DANÇA S.A.,2023Q2,2023Q3,0.824,784,1337,font_heading,font_heading
024260,SMARTFIT ESCOLA DE GINÁSTICA E DANÇA S.A.,2023Q3,2024Q1,0.1959,1337,1043,font_heading,font_heading
024260,SMARTFIT ESCOLA DE GINÁSTICA E DANÇA S.A.,2024Q1,2024Q2,0.1283,1043,1493,font_heading,regex_only
024260,SMARTFIT ESCOLA DE GINÁSTICA E DANÇA S.A.,2024Q2,2024Q3,0.077,1493,942,regex_only,font_heading
024260,SMARTFIT ESCOLA DE GINÁSTICA E DANÇA S.A.,2024Q3,2025Q1,0.1911,942,459,font_heading,font_heading
024260,SMARTFIT ESCOLA DE GINÁSTICA E DANÇA S.A.,2025Q1,2025Q2,1.0,459,459,font_heading,font_heading
024260,SMARTFIT ESCOLA DE GINÁSTICA E DANÇA S.A.,2025Q2,2025Q3,0.2135,459,763,font_heading,font_heading
024295,VIBRA ENERGIA S.A.,2017Q1,2017Q2,0.9815,24473,24683,regex_only,regex_only
024295,VIBRA ENERGIA S.A.,2017Q2,2017Q3,0.936,24683,25552,regex_only,regex_only
024295,VIBRA ENERGIA S.A.,2017Q3,2018Q1,0.794,25552,25526,regex_only,regex_only
024295,VIBRA ENERGIA S.A.,2018Q1,2018Q2,0.0752,25526,2317,regex_only,regex_only
024295,VIBRA ENERGIA S.A.,2018Q2,2018Q3,0.3473,2317,16692,regex_only,regex_only
024295,VIBRA ENERGIA S.A.,2018Q3,2019Q1,0.732,16692,9379,regex_only,regex_only
024295,VIBRA ENERGIA S.A.,2019Q1,2019Q2,0.825,9379,10101,regex_only,regex_only
024295,VIBRA ENERGIA S.A.,2019Q2,2019Q3,0.8318,10101,9477,regex_only,regex_only
024295,VIBRA ENERGIA S.A.,2019Q3,2020Q1,0.429,9477,7269,regex_only,regex_only
024295,VIBRA ENERGIA S.A.,2020Q1,2020Q2,0.3698,7269,18486,regex_only,regex_only
024295,VIBRA ENERGIA S.A.,2020Q2,2020Q3,0.8602,18486,14277,regex_only,regex_only
024295,VIBRA ENERGIA S.A.,2020Q3,2021Q1,0.214,14277,2794,regex_only,font_heading
024295,VIBRA ENERGIA S.A.,2021Q1,2021Q2,0.9515,2794,3158,font_heading,font_heading
024295,VIBRA ENERGIA S.A.,2021Q2,2021Q3,0.5948,3158,1795,font_heading,font_heading
024295,VIBRA ENERGIA S.A.,2021Q3,2022Q1,0.0572,1795,6196,font_heading,regex_only
024295,VIBRA ENERGIA S.A.,2022Q1,2022Q2,0.0712,6196,1357,regex_only,font_heading
024295,VIBRA ENERGIA S.A.,2022Q2,2022Q3,0.0183,1357,416,font_heading,regex_only
024295,VIBRA ENERGIA S.A.,2022Q3,2023Q1,0.5348,416,1957,regex_only,regex_only
024295,VIBRA ENERGIA S.A.,2023Q1,2023Q2,0.165,1957,4611,regex_only,regex_only
024295,VIBRA ENERGIA S.A.,2023Q2,2023Q3,0.1363,4611,4203,regex_only,regex_only
024295,VIBRA ENERGIA S.A.,2023Q3,2024Q1,0.0722,4203,3493,regex_only,regex_only
024295,VIBRA ENERGIA S.A.,2024Q1,2024Q2,0.6925,3493,7170,regex_only,regex_only
024295,VIBRA ENERGIA S.A.,2024Q2,2024Q3,0.9338,7170,6579,regex_only,regex_only
024295,VIBRA ENERGIA S.A.,2024Q3,2025Q1,0.0528,6579,1455,regex_only,font_heading
024295,VIBRA ENERGIA S.A.,2025Q1,2025Q2,0.4797,1455,3973,font_heading,font_heading
024295,VIBRA ENERGIA S.A.,2025Q2,2025Q3,0.9421,3973,4570,font_heading,font_heading
024384,Notre Dame Intermédica Participações S.A.,2018Q1,2018Q2,0.0388,655,3280,regex_only,font_heading
024384,Notre Dame Intermédica Participações S.A.,2018Q2,2018Q3,0.9691,3280,3599,font_heading,font_heading
024384,Notre Dame Intermédica Participações S.A.,2018Q3,2019Q1,0.0515,3599,601,font_heading,regex_only
024384,Notre Dame Intermédica Participações S.A.,2019Q1,2019Q2,0.0448,601,6753,regex_only,font_heading
024384,Notre Dame Intermédica Participações S.A.,2019Q2,2019Q3,0.0448,6753,583,font_heading,regex_only
024384,Notre Dame Intermédica Participações S.A.,2019Q3,2020Q1,0.0465,583,7298,regex_only,font_heading
024384,Notre Dame Intermédica Participações S.A.,2020Q1,2020Q2,0.0476,7298,541,font_heading,regex_only
024384,Notre Dame Intermédica Participações S.A.,2020Q2,2020Q3,1.0,541,543,regex_only,regex_only
024384,Notre Dame Intermédica Participações S.A.,2020Q3,2021Q1,1.0,543,553,regex_only,regex_only
024384,Notre Dame Intermédica Participações S.A.,2021Q1,2021Q2,0.0416,553,10406,regex_only,font_heading
024384,Notre Dame Intermédica Participações S.A.,2021Q2,2021Q3,0.9757,10406,10075,font_heading,font_heading
024392,HAPVIDA PARTICIPACOES E INVESTIMENTOS SA,2018Q2,2019Q1,0.0869,4330,5026,regex_only,regex_only
024392,HAPVIDA PARTICIPACOES E INVESTIMENTOS SA,2019Q1,2019Q2,0.0205,5026,774,regex_only,font_heading
024392,HAPVIDA PARTICIPACOES E INVESTIMENTOS SA,2019Q2,2019Q3,0.0202,774,272,font_heading,font_heading
024392,HAPVIDA PARTICIPACOES E INVESTIMENTOS SA,2019Q3,2020Q1,0.0789,272,4843,font_heading,font_heading
024392,HAPVIDA PARTICIPACOES E INVESTIMENTOS SA,2020Q1,2020Q2,0.0839,4843,1746,font_heading,regex_only
024392,HAPVIDA PARTICIPACOES E INVESTIMENTOS SA,2020Q2,2020Q3,0.0737,1746,5096,regex_only,font_heading
024392,HAPVIDA PARTICIPACOES E INVESTIMENTOS SA,2020Q3,2021Q1,0.0762,5096,299,font_heading,regex_only
024392,HAPVIDA PARTICIPACOES E INVESTIMENTOS SA,2021Q1,2021Q2,0.0772,299,5629,regex_only,font_heading
024392,HAPVIDA PARTICIPACOES E INVESTIMENTOS SA,2021Q2,2021Q3,0.1194,5629,3039,font_heading,regex_only
024392,HAPVIDA PARTICIPACOES E INVESTIMENTOS SA,2021Q3,2022Q1,0.2785,3039,8965,regex_only,font_heading
024392,HAPVIDA PARTICIPACOES E INVESTIMENTOS SA,2022Q1,2022Q2,0.9839,8965,9134,font_heading,font_heading
024392,HAPVIDA PARTICIPACOES E INVESTIMENTOS SA,2022Q2,2022Q3,0.2193,9134,2089,font_heading,regex_only
024392,HAPVIDA PARTICIPACOES E INVESTIMENTOS SA,2022Q3,2023Q1,0.1306,2089,4650,regex_only,font_heading
024392,HAPVIDA PARTICIPACOES E INVESTIMENTOS SA,2023Q1,2023Q2,0.8824,4650,5262,font_heading,font_heading
024392,HAPVIDA PARTICIPACOES E INVESTIMENTOS SA,2023Q2,2023Q3,0.997,5262,5274,font_heading,font_heading
024392,HAPVIDA PARTICIPACOES E INVESTIMENTOS SA,2023Q3,2024Q1,0.7541,5274,14266,font_heading,font_heading
024392,HAPVIDA PARTICIPACOES E INVESTIMENTOS SA,2024Q1,2024Q2,0.9703,14266,15298,font_heading,font_heading
024392,HAPVIDA PARTICIPACOES E INVESTIMENTOS SA,2024Q2,2024Q3,0.9851,15298,15631,font_heading,font_heading
024392,HAPVIDA PARTICIPACOES E INVESTIMENTOS SA,2024Q3,2025Q1,0.9744,15631,14153,font_heading,font_heading
024392,HAPVIDA PARTICIPACOES E INVESTIMENTOS SA,2025Q1,2025Q2,0.2688,14153,2144,font_heading,regex_only
024392,HAPVIDA PARTICIPACOES E INVESTIMENTOS SA,2025Q2,2025Q3,0.4941,2144,1033,regex_only,regex_only
024694,Grupo SBF SA,2019Q1,2019Q2,0.7922,3504,2420,font_heading,font_heading
024694,Grupo SBF SA,2019Q2,2020Q1,0.9418,2420,2194,font_heading,font_heading
024694,Grupo SBF SA,2020Q1,2021Q1,0.7209,2194,3461,font_heading,font_heading
024694,Grupo SBF SA,2021Q1,2022Q1,0.6155,3461,3137,font_heading,font_heading
024694,Grupo SBF SA,2022Q1,2022Q2,0.8007,3137,3756,font_heading,font_heading
024694,Grupo SBF SA,2022Q2,2022Q3,0.9859,3756,3759,font_heading,font_heading
024694,Grupo SBF SA,2022Q3,2023Q1,0.8617,3759,3331,font_heading,font_heading
024694,Grupo SBF SA,2023Q1,2023Q2,0.0563,3331,4287,font_heading,regex_only
024694,Grupo SBF SA,2023Q2,2023Q3,0.0848,4287,5447,regex_only,font_heading
024694,Grupo SBF SA,2023Q3,2024Q1,0.0804,5447,3478,font_heading,regex_only
024694,Grupo SBF SA,2024Q1,2024Q2,0.1879,3478,2434,regex_only,regex_only
024694,Grupo SBF SA,2024Q2,2024Q3,0.0716,2434,4718,regex_only,regex_only
024694,Grupo SBF SA,2024Q3,2025Q1,0.7526,4718,4750,regex_only,regex_only
024694,Grupo SBF SA,2025Q1,2025Q3,0.7213,4750,4746,regex_only,regex_only
024716,VAMOS LOCAÇÃO DE CAMINHÕES. MÁQUINAS E EQUIP. S.A.,2019Q1,2019Q2,0.8958,7559,8737,font_heading,font_heading
024716,VAMOS LOCAÇÃO DE CAMINHÕES. MÁQUINAS E EQUIP. S.A.,2019Q2,2019Q3,0.9062,8737,10778,font_heading,font_heading
024716,VAMOS LOCAÇÃO DE CAMINHÕES. MÁQUINAS E EQUIP. S.A.,2019Q3,2020Q1,0.8276,10778,12847,font_heading,font_heading
024716,VAMOS LOCAÇÃO DE CAMINHÕES. MÁQUINAS E EQUIP. S.A.,2020Q1,2020Q2,0.8869,12847,13866,font_heading,font_heading
024716,VAMOS LOCAÇÃO DE CAMINHÕES. MÁQUINAS E EQUIP. S.A.,2020Q2,2020Q3,0.956,13866,13523,font_heading,font_heading
024716,VAMOS LOCAÇÃO DE CAMINHÕES. MÁQUINAS E EQUIP. S.A.,2020Q3,2021Q1,0.9056,13523,12970,font_heading,font_heading
024716,VAMOS LOCAÇÃO DE CAMINHÕES. MÁQUINAS E EQUIP. S.A.,2021Q1,2021Q2,0.0497,12970,237,font_heading,font_heading
024716,VAMOS LOCAÇÃO DE CAMINHÕES. MÁQUINAS E EQUIP. S.A.,2021Q2,2021Q3,0.0057,237,3627,font_heading,font_heading
024716,VAMOS LOCAÇÃO DE CAMINHÕES. MÁQUINAS E EQUIP. S.A.,2021Q3,2022Q1,0.6218,3627,14856,font_heading,font_heading
024716,VAMOS LOCAÇÃO DE CAMINHÕES. MÁQUINAS E EQUIP. S.A.,2022Q1,2022Q2,0.6922,14856,7556,font_heading,font_heading
024716,VAMOS LOCAÇÃO DE CAMINHÕES. MÁQUINAS E EQUIP. S.A.,2022Q2,2022Q3,0.8028,7556,16661,font_heading,font_heading
024716,VAMOS LOCAÇÃO DE CAMINHÕES. MÁQUINAS E EQUIP. S.A.,2022Q3,2023Q1,0.937,16661,19115,font_heading,font_heading
024716,VAMOS LOCAÇÃO DE CAMINHÕES. MÁQUINAS E EQUIP. S.A.,2023Q1,2023Q2,0.9813,19115,22417,font_heading,font_heading
024716,VAMOS LOCAÇÃO DE CAMINHÕES. MÁQUINAS E EQUIP. S.A.,2023Q2,2023Q3,0.9878,22417,25637,font_heading,font_heading
024716,VAMOS LOCAÇÃO DE CAMINHÕES. MÁQUINAS E EQUIP. S.A.,2023Q3,2024Q1,0.9887,25637,26133,font_heading,font_heading
024716,VAMOS LOCAÇÃO DE CAMINHÕES. MÁQUINAS E EQUIP. S.A.,2024Q1,2024Q2,0.9925,26133,27295,font_heading,font_heading
024716,VAMOS LOCAÇÃO DE CAMINHÕES. MÁQUINAS E EQUIP. S.A.,2024Q2,2024Q3,0.9944,27295,29000,font_heading,font_heading
024716,VAMOS LOCAÇÃO DE CAMINHÕES. MÁQUINAS E EQUIP. S.A.,2024Q3,2025Q1,0.5163,29000,6764,font_heading,font_heading
024716,VAMOS LOCAÇÃO DE CAMINHÕES. MÁQUINAS E EQUIP. S.A.,2025Q1,2025Q2,0.9566,6764,6330,font_heading,font_heading
024716,VAMOS LOCAÇÃO DE CAMINHÕES. MÁQUINAS E EQUIP. S.A.,2025Q2,2025Q3,0.9174,6330,8596,font_heading,font_heading
024783,Natura & Co Holding S.A. (pre-restructuring parent entity),2020Q1,2020Q2,1.0,166,166,font_heading,font_heading
024783,Natura & Co Holding S.A. (pre-restructuring parent entity),2020Q2,2020Q3,0.1204,166,5821,font_heading,font_heading
024783,Natura & Co Holding S.A. (pre-restructuring parent entity),2020Q3,2021Q1,0.1204,5821,179,font_heading,font_heading
024783,Natura & Co Holding S.A. (pre-restructuring parent entity),2021Q1,2021Q2,0.0678,179,8376,font_heading,font_heading
024783,Natura & Co Holding S.A. (pre-restructuring parent entity),2021Q2,2021Q3,0.3162,8376,11132,font_heading,regex_only
024783,Natura & Co Holding S.A. (pre-restructuring parent entity),2021Q3,2022Q2,0.0104,11132,106,regex_only,font_heading
024783,Natura & Co Holding S.A. (pre-restructuring parent entity),2022Q2,2023Q1,0.011,106,8957,font_heading,regex_only
024783,Natura & Co Holding S.A. (pre-restructuring parent entity),2023Q1,2023Q2,0.9981,8957,8940,regex_only,regex_only
024783,Natura & Co Holding S.A. (pre-restructuring parent entity),2023Q2,2023Q3,0.011,8940,167,regex_only,font_heading
024783,Natura & Co Holding S.A. (pre-restructuring parent entity),2023Q3,2024Q1,0.0126,167,7904,font_heading,regex_only
024783,Natura & Co Holding S.A. (pre-restructuring parent entity),2024Q1,2024Q2,0.0126,7904,167,regex_only,font_heading
024783,Natura & Co Holding S.A. (pre-restructuring parent entity),2024Q2,2024Q3,0.0126,167,7961,font_heading,regex_only
024783,Natura & Co Holding S.A. (pre-restructuring parent entity),2024Q3,2025Q1,0.0126,7961,163,regex_only,font_heading
024783,Natura & Co Holding S.A. (pre-restructuring parent entity),2025Q1,2025Q2,0.0132,163,7722,font_heading,regex_only
024805,VIVARA PARTICIPAÇOES S.A,2019Q2,2019Q3,0.1325,2866,2435,font_heading,regex_only
024805,VIVARA PARTICIPAÇOES S.A,2019Q3,2020Q1,0.0748,2435,2456,regex_only,font_heading
024805,VIVARA PARTICIPAÇOES S.A,2020Q1,2020Q2,0.0659,2456,4020,font_heading,regex_only
024805,VIVARA PARTICIPAÇOES S.A,2020Q2,2020Q3,1.0,4020,4020,regex_only,regex_only
024805,VIVARA PARTICIPAÇOES S.A,2020Q3,2021Q1,0.6283,4020,6516,regex_only,font_heading
024805,VIVARA PARTICIPAÇOES S.A,2021Q1,2021Q2,0.5567,6516,5567,font_heading,regex_only
024805,VIVARA PARTICIPAÇOES S.A,2021Q2,2021Q3,0.0353,5567,2703,regex_only,font_heading
024805,VIVARA PARTICIPAÇOES S.A,2021Q3,2022Q1,0.8598,2703,2074,font_heading,font_heading
024805,VIVARA PARTICIPAÇOES S.A,2022Q1,2022Q2,0.9532,2074,2347,font_heading,font_heading
024805,VIVARA PARTICIPAÇOES S.A,2022Q2,2022Q3,0.933,2347,2668,font_heading,font_heading
024805,VIVARA PARTICIPAÇOES S.A,2022Q3,2023Q1,0.88,2668,1882,font_heading,font_heading
024805,VIVARA PARTICIPAÇOES S.A,2023Q1,2023Q2,0.9862,1882,1918,font_heading,font_heading
024805,VIVARA PARTICIPAÇOES S.A,2023Q2,2023Q3,0.8998,1918,2538,font_heading,font_heading
024805,VIVARA PARTICIPAÇOES S.A,2023Q3,2024Q1,0.9857,2538,2454,font_heading,font_heading
024805,VIVARA PARTICIPAÇOES S.A,2024Q1,2024Q2,0.9406,2454,2121,font_heading,font_heading
024805,VIVARA PARTICIPAÇOES S.A,2024Q2,2024Q3,0.9511,2121,2639,font_heading,font_heading
024805,VIVARA PARTICIPAÇOES S.A,2024Q3,2025Q1,0.0808,2639,3963,font_heading,regex_only
024805,VIVARA PARTICIPAÇOES S.A,2025Q1,2025Q2,0.9904,3963,4138,regex_only,regex_only
024821,REDE DOR SÃO LUIZ S.A.,2019Q1,2019Q2,0.9825,6035,6653,font_heading,font_heading
024821,REDE DOR SÃO LUIZ S.A.,2019Q2,2019Q3,0.3537,6653,2970,font_heading,regex_only
024821,REDE DOR SÃO LUIZ S.A.,2019Q3,2020Q1,0.2519,2970,6601,regex_only,font_heading
024821,REDE DOR SÃO LUIZ S.A.,2020Q1,2020Q2,0.5879,6601,27178,font_heading,font_heading
024821,REDE DOR SÃO LUIZ S.A.,2020Q2,2020Q3,0.2319,27178,5244,font_heading,regex_only
024821,REDE DOR SÃO LUIZ S.A.,2020Q3,2021Q1,0.0873,5244,5720,regex_only,font_heading
024821,REDE DOR SÃO LUIZ S.A.,2021Q1,2021Q2,0.8901,5720,8440,font_heading,font_heading
024821,REDE DOR SÃO LUIZ S.A.,2021Q2,2021Q3,0.6505,8440,27255,font_heading,font_heading
024821,REDE DOR SÃO LUIZ S.A.,2021Q3,2022Q1,0.8862,27255,22524,font_heading,font_heading
024821,REDE DOR SÃO LUIZ S.A.,2022Q1,2022Q2,0.9696,22524,24669,font_heading,font_heading
024821,REDE DOR SÃO LUIZ S.A.,2022Q2,2022Q3,0.8567,24669,22502,font_heading,font_heading
024821,REDE DOR SÃO LUIZ S.A.,2022Q3,2023Q1,0.1485,22502,970,font_heading,regex_only
024821,REDE DOR SÃO LUIZ S.A.,2023Q1,2023Q2,0.1509,970,12350,regex_only,font_heading
024821,REDE DOR SÃO LUIZ S.A.,2023Q2,2023Q3,0.9876,12350,13900,font_heading,font_heading
024821,REDE DOR SÃO LUIZ S.A.,2023Q3,2024Q1,0.9592,13900,11286,font_heading,font_heading
024821,REDE DOR SÃO LUIZ S.A.,2024Q1,2024Q2,0.9977,11286,11779,font_heading,font_heading
024821,REDE DOR SÃO LUIZ S.A.,2024Q2,2024Q3,0.9997,11779,11753,font_heading,font_heading
024821,REDE DOR SÃO LUIZ S.A.,2024Q3,2025Q1,0.9846,11753,11014,font_heading,font_heading
024821,REDE DOR SÃO LUIZ S.A.,2025Q1,2025Q2,0.9913,11014,12103,font_heading,font_heading
024821,REDE DOR SÃO LUIZ S.A.,2025Q2,2025Q3,0.9673,12103,15403,font_heading,font_heading
024848,CEA MODAS S.A.,2019Q1,2019Q2,0.9778,8401,8575,regex_only,regex_only
024848,CEA MODAS S.A.,2019Q2,2020Q1,0.2437,8575,11773,regex_only,regex_only
024848,CEA MODAS S.A.,2020Q1,2020Q3,0.3102,11773,11403,regex_only,regex_only
024848,CEA MODAS S.A.,2020Q3,2021Q2,0.0457,11403,60,regex_only,font_heading
024848,CEA MODAS S.A.,2021Q2,2021Q3,0.003,60,5289,font_heading,regex_only
024848,CEA MODAS S.A.,2021Q3,2022Q1,0.9921,5289,5065,regex_only,regex_only
024848,CEA MODAS S.A.,2022Q1,2022Q2,0.0909,5065,8475,regex_only,font_heading
024848,CEA MODAS S.A.,2022Q2,2023Q1,0.097,8475,5120,font_heading,regex_only
024848,CEA MODAS S.A.,2023Q1,2023Q2,0.9821,5120,5104,regex_only,regex_only
024848,CEA MODAS S.A.,2023Q2,2023Q3,0.0906,5104,10857,regex_only,font_heading
024848,CEA MODAS S.A.,2023Q3,2024Q1,0.1364,10857,3002,font_heading,regex_only
024848,CEA MODAS S.A.,2024Q1,2024Q2,0.0072,3002,109,regex_only,regex_only
024848,CEA MODAS S.A.,2024Q2,2025Q3,0.014,109,82,regex_only,regex_only
024910,LWSA S/A (Locaweb),2019Q1,2019Q2,0.3709,9728,2054,font_heading,font_heading
024910,LWSA S/A (Locaweb),2019Q2,2019Q3,0.3369,2054,12480,font_heading,font_heading
024910,LWSA S/A (Locaweb),2019Q3,2020Q1,0.2568,12480,2415,font_heading,font_heading
024910,LWSA S/A (Locaweb),2020Q1,2020Q2,0.0841,2415,9716,font_heading,regex_only
024910,LWSA S/A (Locaweb),2020Q2,2020Q3,0.0839,9716,2796,regex_only,font_heading
024910,LWSA S/A (Locaweb),2020Q3,2021Q1,0.6449,2796,1537,font_heading,font_heading
024910,LWSA S/A (Locaweb),2021Q1,2021Q2,0.9846,1537,1529,font_heading,font_heading
024910,LWSA S/A (Locaweb),2021Q2,2021Q3,0.994,1529,1487,font_heading,font_heading
024910,LWSA S/A (Locaweb),2021Q3,2022Q1,0.7609,1487,1620,font_heading,font_heading
024910,LWSA S/A (Locaweb),2022Q1,2022Q2,0.0786,1620,3242,font_heading,regex_only
024910,LWSA S/A (Locaweb),2022Q2,2022Q3,0.6955,3242,1868,regex_only,regex_only
024910,LWSA S/A (Locaweb),2022Q3,2023Q1,0.094,1868,1223,regex_only,font_heading
024910,LWSA S/A (Locaweb),2023Q1,2023Q2,0.9502,1223,1138,font_heading,font_heading
024910,LWSA S/A (Locaweb),2023Q2,2023Q3,0.9585,1138,1212,font_heading,font_heading
024910,LWSA S/A (Locaweb),2023Q3,2024Q1,0.5838,1212,1594,font_heading,font_heading
024910,LWSA S/A (Locaweb),2024Q1,2024Q2,0.9769,1594,1633,font_heading,font_heading
024910,LWSA S/A (Locaweb),2024Q2,2024Q3,0.9653,1633,1581,font_heading,font_heading
024910,LWSA S/A (Locaweb),2024Q3,2025Q1,0.9773,1581,1906,font_heading,font_heading
024910,LWSA S/A (Locaweb),2025Q1,2025Q2,0.9705,1906,1779,font_heading,font_heading
024910,LWSA S/A (Locaweb),2025Q2,2025Q3,0.9796,1779,1934,font_heading,font_heading
024929,TIM S.A.,2019Q1,2019Q2,0.9822,7140,6776,font_heading,font_heading
024929,TIM S.A.,2019Q2,2019Q3,0.9803,6776,7160,font_heading,font_heading
024929,TIM S.A.,2019Q3,2020Q1,0.7476,7160,5951,font_heading,font_heading
024929,TIM S.A.,2020Q1,2020Q2,0.9448,5951,6836,font_heading,font_heading
024929,TIM S.A.,2020Q2,2020Q3,0.9457,6836,7283,font_heading,font_heading
024929,TIM S.A.,2020Q3,2021Q1,0.7826,7283,3942,font_heading,font_heading
024929,TIM S.A.,2021Q1,2021Q2,0.8514,3942,5990,font_heading,font_heading
024929,TIM S.A.,2021Q2,2021Q3,0.9835,5990,5976,font_heading,font_heading
024929,TIM S.A.,2021Q3,2022Q1,0.8602,5976,4426,font_heading,font_heading
024929,TIM S.A.,2022Q1,2022Q2,0.2267,4426,14557,font_heading,regex_only
024929,TIM S.A.,2022Q2,2022Q3,0.2282,14557,5027,regex_only,font_heading
024929,TIM S.A.,2022Q3,2023Q2,0.8903,5027,4213,font_heading,font_heading
024929,TIM S.A.,2023Q2,2023Q3,0.9936,4213,4226,font_heading,font_heading
024929,TIM S.A.,2023Q3,2024Q1,0.8831,4226,3733,font_heading,font_heading
024929,TIM S.A.,2024Q1,2024Q2,0.8947,3733,4406,font_heading,font_heading
024929,TIM S.A.,2024Q2,2024Q3,0.666,4406,4440,font_heading,font_heading
024929,TIM S.A.,2024Q3,2025Q1,0.6114,4440,3961,font_heading,font_heading
024929,TIM S.A.,2025Q1,2025Q2,0.9601,3961,3500,font_heading,font_heading
024929,TIM S.A.,2025Q2,2025Q3,0.9972,3500,3497,font_heading,font_heading
024961,Ambipar Participacoes e Empreendimentos S/A,2020Q1,2020Q3,0.0769,7279,2531,font_heading,regex_only
024961,Ambipar Participacoes e Empreendimentos S/A,2020Q3,2021Q1,0.0137,2531,685,regex_only,font_heading
024961,Ambipar Participacoes e Empreendimentos S/A,2021Q1,2021Q2,0.1244,685,4395,font_heading,font_heading
024961,Ambipar Participacoes e Empreendimentos S/A,2021Q2,2021Q3,0.9511,4395,5375,font_heading,font_heading
024961,Ambipar Participacoes e Empreendimentos S/A,2021Q3,2022Q1,0.8461,5375,7812,font_heading,font_heading
024961,Ambipar Participacoes e Empreendimentos S/A,2022Q1,2022Q2,0.0374,7812,3130,font_heading,regex_only
024961,Ambipar Participacoes e Empreendimentos S/A,2022Q2,2022Q3,0.0673,3130,1020,regex_only,font_heading
024961,Ambipar Participacoes e Empreendimentos S/A,2022Q3,2023Q1,0.0143,1020,688,font_heading,font_heading
024961,Ambipar Participacoes e Empreendimentos S/A,2023Q1,2023Q2,1.0,688,688,font_heading,font_heading
024961,Ambipar Participacoes e Empreendimentos S/A,2023Q2,2023Q3,0.0904,688,13512,font_heading,regex_only
024961,Ambipar Participacoes e Empreendimentos S/A,2023Q3,2024Q1,0.4386,13512,22000,regex_only,font_heading
024961,Ambipar Participacoes e Empreendimentos S/A,2024Q1,2024Q2,0.1639,22000,2072,font_heading,font_heading
024961,Ambipar Participacoes e Empreendimentos S/A,2024Q2,2024Q3,0.7505,2072,2583,font_heading,font_heading
024961,Ambipar Participacoes e Empreendimentos S/A,2024Q3,2025Q1,0.943,2583,3454,font_heading,font_heading
024961,Ambipar Participacoes e Empreendimentos S/A,2025Q1,2025Q2,0.9236,3454,3062,font_heading,font_heading
025003,SIMPAR SA,2020Q1,2020Q2,0.1108,17836,4042,font_heading,regex_only
025003,SIMPAR SA,2020Q2,2020Q3,0.1481,4042,22915,regex_only,font_heading
025003,SIMPAR SA,2020Q3,2021Q1,0.2369,22915,9864,font_heading,regex_only
025003,SIMPAR SA,2021Q1,2021Q2,0.2593,9864,23268,regex_only,font_heading
025003,SIMPAR SA,2021Q2,2021Q3,0.9699,23268,26067,font_heading,font_heading
025003,SIMPAR SA,2021Q3,2022Q1,0.6333,26067,10570,font_heading,font_heading
025003,SIMPAR SA,2022Q1,2022Q2,0.5921,10570,18493,font_heading,font_heading
025003,SIMPAR SA,2022Q2,2022Q3,0.8147,18493,19221,font_heading,font_heading
025003,SIMPAR SA,2022Q3,2023Q1,0.8793,19221,19089,font_heading,font_heading
025003,SIMPAR SA,2023Q1,2023Q2,0.6416,19089,72798,font_heading,font_heading
025003,SIMPAR SA,2023Q2,2023Q3,0.9641,72798,76112,font_heading,font_heading
025003,SIMPAR SA,2023Q3,2024Q1,0.4155,76112,15099,font_heading,font_heading
025003,SIMPAR SA,2024Q1,2024Q2,0.9495,15099,13604,font_heading,font_heading
025003,SIMPAR SA,2024Q2,2024Q3,0.9246,13604,13794,font_heading,font_heading
025003,SIMPAR SA,2024Q3,2025Q1,0.9606,13794,13210,font_heading,font_heading
025003,SIMPAR SA,2025Q1,2025Q2,0.9832,13210,12582,font_heading,font_heading
025003,SIMPAR SA,2025Q2,2025Q3,0.9879,12582,12705,font_heading,font_heading
025011,Grupo de Moda Soma S.A.,2021Q1,2021Q2,0.4761,11746,5837,regex_only,regex_only
025011,Grupo de Moda Soma S.A.,2021Q2,2022Q2,0.4817,5837,4927,regex_only,regex_only
025011,Grupo de Moda Soma S.A.,2022Q2,2022Q3,0.7447,4927,6479,regex_only,regex_only
025011,Grupo de Moda Soma S.A.,2022Q3,2023Q1,0.6184,6479,6711,regex_only,regex_only
025011,Grupo de Moda Soma S.A.,2023Q1,2023Q2,0.7346,6711,5514,regex_only,regex_only
025011,Grupo de Moda Soma S.A.,2023Q2,2023Q3,0.7101,5514,6611,regex_only,regex_only
025011,Grupo de Moda Soma S.A.,2023Q3,2024Q1,0.7589,6611,5924,regex_only,regex_only
025089,Pet Center Comercio e Participacoes SA,2020Q1,2020Q2,0.0307,221,3524,regex_only,regex_only
025089,Pet Center Comercio e Participacoes SA,2020Q2,2020Q3,0.0926,3524,4598,regex_only,regex_only
025089,Pet Center Comercio e Participacoes SA,2020Q3,2021Q1,0.0858,4598,1890,regex_only,regex_only
025089,Pet Center Comercio e Participacoes SA,2021Q1,2021Q2,0.0821,1890,8547,regex_only,font_heading
025089,Pet Center Comercio e Participacoes SA,2021Q2,2021Q3,0.9864,8547,8575,font_heading,font_heading
025089,Pet Center Comercio e Participacoes SA,2021Q3,2022Q1,0.0966,8575,2349,font_heading,regex_only
025089,Pet Center Comercio e Participacoes SA,2022Q1,2022Q2,0.9618,2349,2569,regex_only,regex_only
025089,Pet Center Comercio e Participacoes SA,2022Q2,2022Q3,0.078,2569,6182,regex_only,font_heading
025089,Pet Center Comercio e Participacoes SA,2022Q3,2023Q1,0.0605,6182,2426,font_heading,regex_only
025089,Pet Center Comercio e Participacoes SA,2023Q1,2023Q2,0.0224,2426,694,regex_only,font_heading
025089,Pet Center Comercio e Participacoes SA,2023Q2,2023Q3,0.0565,694,9872,font_heading,font_heading
025089,Pet Center Comercio e Participacoes SA,2023Q3,2024Q1,0.0773,9872,2690,font_heading,regex_only
025089,Pet Center Comercio e Participacoes SA,2024Q1,2024Q2,0.0755,2690,8084,regex_only,font_heading
025089,Pet Center Comercio e Participacoes SA,2024Q2,2024Q3,0.9882,8084,8137,font_heading,font_heading
025089,Pet Center Comercio e Participacoes SA,2024Q3,2025Q1,0.1476,8137,5370,font_heading,regex_only
025089,Pet Center Comercio e Participacoes SA,2025Q1,2025Q2,0.996,5370,5466,regex_only,regex_only
025089,Pet Center Comercio e Participacoes SA,2025Q2,2025Q3,0.9989,5466,5465,regex_only,regex_only
025100,CURY CONSTRUTORA E INCORPORADORA S.A.,2020Q1,2020Q2,0.9835,3916,4173,font_heading,font_heading
025100,CURY CONSTRUTORA E INCORPORADORA S.A.,2020Q2,2022Q1,0.0774,4173,2029,font_heading,regex_only
025100,CURY CONSTRUTORA E INCORPORADORA S.A.,2022Q1,2022Q2,0.9894,2029,2026,regex_only,regex_only
025100,CURY CONSTRUTORA E INCORPORADORA S.A.,2022Q2,2022Q3,0.1131,2026,3252,regex_only,regex_only
025100,CURY CONSTRUTORA E INCORPORADORA S.A.,2022Q3,2023Q1,0.1115,3252,2199,regex_only,regex_only
025100,CURY CONSTRUTORA E INCORPORADORA S.A.,2023Q1,2023Q2,0.0972,2199,6491,regex_only,font_heading
025100,CURY CONSTRUTORA E INCORPORADORA S.A.,2023Q2,2023Q3,0.0944,6491,2083,font_heading,regex_only
025100,CURY CONSTRUTORA E INCORPORADORA S.A.,2023Q3,2024Q1,0.2034,2083,44246,regex_only,font_heading
025100,CURY CONSTRUTORA E INCORPORADORA S.A.,2024Q1,2024Q2,0.2047,44246,2212,font_heading,regex_only
025100,CURY CONSTRUTORA E INCORPORADORA S.A.,2024Q2,2024Q3,0.8259,2212,1669,regex_only,regex_only
025100,CURY CONSTRUTORA E INCORPORADORA S.A.,2024Q3,2025Q1,0.8259,1669,2342,regex_only,regex_only
025100,CURY CONSTRUTORA E INCORPORADORA S.A.,2025Q1,2025Q3,0.1699,2342,51388,regex_only,font_heading
025186,Grupo Mateus SA,2020Q1,2020Q2,0.9903,9485,9441,font_heading,font_heading
025186,Grupo Mateus SA,2020Q2,2020Q3,0.9292,9441,11236,font_heading,font_heading
025186,Grupo Mateus SA,2020Q3,2021Q1,0.9733,11236,10513,font_heading,font_heading
025186,Grupo Mateus SA,2021Q1,2021Q2,0.2099,10513,1616,font_heading,regex_only
025186,Grupo Mateus SA,2021Q2,2021Q3,0.2131,1616,9781,regex_only,font_heading
025186,Grupo Mateus SA,2021Q3,2022Q2,0.9704,9781,10923,font_heading,font_heading
025186,Grupo Mateus SA,2022Q2,2022Q3,0.9873,10923,11843,font_heading,font_heading
025186,Grupo Mateus SA,2022Q3,2023Q1,0.9112,11843,10913,font_heading,font_heading
025186,Grupo Mateus SA,2023Q1,2023Q2,0.9966,10913,10963,font_heading,font_heading
025186,Grupo Mateus SA,2023Q2,2023Q3,0.9822,10963,10966,font_heading,font_heading
025186,Grupo Mateus SA,2023Q3,2024Q1,0.28,10966,1669,font_heading,regex_only
025186,Grupo Mateus SA,2024Q1,2024Q2,0.9728,1669,1711,regex_only,regex_only
025186,Grupo Mateus SA,2024Q2,2024Q3,0.2936,1711,10732,regex_only,font_heading
025186,Grupo Mateus SA,2024Q3,2025Q1,0.9383,10732,9926,font_heading,font_heading
025186,Grupo Mateus SA,2025Q1,2025Q2,0.9976,9926,9910,font_heading,font_heading
025186,Grupo Mateus SA,2025Q2,2025Q3,0.9739,9910,11306,font_heading,font_heading
025232,Meliuz S.A.,2020Q3,2021Q1,0.0802,2409,6307,font_heading,regex_only
025232,Meliuz S.A.,2021Q1,2021Q3,0.7023,6307,4920,regex_only,regex_only
025232,Meliuz S.A.,2021Q3,2022Q1,0.7581,4920,5269,regex_only,regex_only
025232,Meliuz S.A.,2022Q1,2022Q3,0.8141,5269,4940,regex_only,regex_only
025232,Meliuz S.A.,2022Q3,2023Q2,0.9331,4940,4221,regex_only,regex_only
025232,Meliuz S.A.,2023Q2,2023Q3,0.9356,4221,5098,regex_only,regex_only
025232,Meliuz S.A.,2023Q3,2024Q1,0.9166,5098,5546,regex_only,regex_only
025232,Meliuz S.A.,2024Q1,2024Q2,0.9679,5546,5016,regex_only,regex_only
025232,Meliuz S.A.,2024Q2,2024Q3,0.9664,5016,5187,regex_only,regex_only
025232,Meliuz S.A.,2024Q3,2025Q1,0.3408,5187,3897,regex_only,regex_only
025232,Meliuz S.A.,2025Q1,2025Q2,0.349,3897,6664,regex_only,regex_only
025291,BRAVA ENERGIA S.A.,2020Q3,2021Q1,0.0358,814,1854,font_heading,font_heading
025291,BRAVA ENERGIA S.A.,2021Q1,2021Q2,0.9797,1854,1856,font_heading,font_heading
025291,BRAVA ENERGIA S.A.,2021Q2,2021Q3,1.0,1856,1853,font_heading,font_heading
025291,BRAVA ENERGIA S.A.,2021Q3,2022Q1,0.1517,1853,10073,font_heading,regex_only
025291,BRAVA ENERGIA S.A.,2022Q1,2022Q2,0.1593,10073,3415,regex_only,font_heading
025291,BRAVA ENERGIA S.A.,2022Q2,2022Q3,0.0685,3415,506,font_heading,regex_only
025291,BRAVA ENERGIA S.A.,2022Q3,2023Q2,0.0432,506,2031,regex_only,font_heading
025291,BRAVA ENERGIA S.A.,2023Q2,2023Q3,0.0905,2031,858,font_heading,regex_only
025291,BRAVA ENERGIA S.A.,2023Q3,2024Q1,0.4756,858,819,regex_only,regex_only
025291,BRAVA ENERGIA S.A.,2024Q1,2024Q2,0.093,819,5853,regex_only,regex_only
025291,BRAVA ENERGIA S.A.,2024Q2,2024Q3,0.4788,5853,101808,regex_only,font_heading
025291,BRAVA ENERGIA S.A.,2024Q3,2025Q2,0.19,101808,3227,font_heading,regex_only
025291,BRAVA ENERGIA S.A.,2025Q2,2025Q3,0.0092,3227,455,regex_only,font_heading
025372,SENDAS DISTRIBUIDORA S.A.,2020Q1,2021Q1,0.0,85,457,font_heading,regex_only
025372,SENDAS DISTRIBUIDORA S.A.,2021Q1,2021Q2,0.9322,457,535,regex_only,regex_only
025372,SENDAS DISTRIBUIDORA S.A.,2021Q2,2021Q3,0.9739,535,538,regex_only,regex_only
025372,SENDAS DISTRIBUIDORA S.A.,2021Q3,2022Q1,0.8346,538,454,regex_only,regex_only
025372,SENDAS DISTRIBUIDORA S.A.,2022Q1,2022Q2,0.8369,454,474,regex_only,regex_only
025372,SENDAS DISTRIBUIDORA S.A.,2022Q2,2022Q3,1.0,474,478,regex_only,regex_only
025372,SENDAS DISTRIBUIDORA S.A.,2022Q3,2023Q1,0.9272,478,545,regex_only,regex_only
025372,SENDAS DISTRIBUIDORA S.A.,2023Q1,2023Q2,0.9271,545,553,regex_only,regex_only
025372,SENDAS DISTRIBUIDORA S.A.,2023Q2,2023Q3,0.6229,553,2716,regex_only,regex_only
025372,SENDAS DISTRIBUIDORA S.A.,2023Q3,2024Q1,0.1284,2716,6714,regex_only,font_heading
025372,SENDAS DISTRIBUIDORA S.A.,2024Q1,2024Q2,0.8675,6714,5204,font_heading,font_heading
025372,SENDAS DISTRIBUIDORA S.A.,2024Q2,2024Q3,0.6687,5204,12166,font_heading,font_heading
025372,SENDAS DISTRIBUIDORA S.A.,2024Q3,2025Q1,0.7088,12166,5577,font_heading,font_heading
025372,SENDAS DISTRIBUIDORA S.A.,2025Q1,2025Q2,0.8672,5577,4493,font_heading,font_heading
025372,SENDAS DISTRIBUIDORA S.A.,2025Q2,2025Q3,0.801,4493,6730,font_heading,font_heading
025453,Intelbras SA Industria de Telecomunicacao Eletronica Brasileira,2020Q1,2020Q2,0.9824,5188,5492,font_heading,font_heading
025453,Intelbras SA Industria de Telecomunicacao Eletronica Brasileira,2020Q2,2020Q3,0.9754,5492,5518,font_heading,font_heading
025453,Intelbras SA Industria de Telecomunicacao Eletronica Brasileira,2020Q3,2021Q1,0.938,5518,5462,font_heading,font_heading
025453,Intelbras SA Industria de Telecomunicacao Eletronica Brasileira,2021Q1,2021Q2,0.9466,5462,6101,font_heading,font_heading
025453,Intelbras SA Industria de Telecomunicacao Eletronica Brasileira,2021Q2,2021Q3,0.981,6101,6128,font_heading,font_heading
025453,Intelbras SA Industria de Telecomunicacao Eletronica Brasileira,2021Q3,2022Q1,0.9496,6128,5897,font_heading,font_heading
025453,Intelbras SA Industria de Telecomunicacao Eletronica Brasileira,2022Q1,2022Q2,0.7578,5897,6986,font_heading,font_heading
025453,Intelbras SA Industria de Telecomunicacao Eletronica Brasileira,2022Q2,2022Q3,0.9622,6986,6709,font_heading,font_heading
025453,Intelbras SA Industria de Telecomunicacao Eletronica Brasileira,2022Q3,2023Q1,0.8166,6709,7907,font_heading,font_heading
025453,Intelbras SA Industria de Telecomunicacao Eletronica Brasileira,2023Q1,2023Q2,0.9856,7907,7959,font_heading,font_heading
025453,Intelbras SA Industria de Telecomunicacao Eletronica Brasileira,2023Q2,2023Q3,0.982,7959,8141,font_heading,font_heading
025453,Intelbras SA Industria de Telecomunicacao Eletronica Brasileira,2023Q3,2024Q1,0.9517,8141,7710,font_heading,font_heading
025453,Intelbras SA Industria de Telecomunicacao Eletronica Brasileira,2024Q1,2024Q2,0.9818,7710,7586,font_heading,font_heading
025453,Intelbras SA Industria de Telecomunicacao Eletronica Brasileira,2024Q2,2024Q3,0.9782,7586,7726,font_heading,font_heading
025453,Intelbras SA Industria de Telecomunicacao Eletronica Brasileira,2024Q3,2025Q1,0.9312,7726,8708,font_heading,font_heading
025453,Intelbras SA Industria de Telecomunicacao Eletronica Brasileira,2025Q1,2025Q2,0.915,8708,8262,font_heading,font_heading
025453,Intelbras SA Industria de Telecomunicacao Eletronica Brasileira,2025Q2,2025Q3,0.9826,8262,8338,font_heading,font_heading
025585,CSN MINERAÇÃO S.A.,2020Q1,2020Q2,0.9983,2311,2312,font_heading,font_heading
025585,CSN MINERAÇÃO S.A.,2020Q2,2020Q3,0.1828,2312,259,font_heading,font_heading
025585,CSN MINERAÇÃO S.A.,2020Q3,2021Q1,0.035,259,803,font_heading,regex_only
025585,CSN MINERAÇÃO S.A.,2021Q1,2021Q2,0.9922,803,798,regex_only,regex_only
025585,CSN MINERAÇÃO S.A.,2021Q2,2021Q3,0.1483,798,3614,regex_only,font_heading
025585,CSN MINERAÇÃO S.A.,2021Q3,2022Q1,0.8364,3614,2385,font_heading,font_heading
025585,CSN MINERAÇÃO S.A.,2022Q1,2022Q2,0.1705,2385,281,font_heading,font_heading
025585,CSN MINERAÇÃO S.A.,2022Q2,2022Q3,0.3113,281,3712,font_heading,font_heading
025585,CSN MINERAÇÃO S.A.,2022Q3,2023Q1,0.8938,3712,2868,font_heading,font_heading
025585,CSN MINERAÇÃO S.A.,2023Q1,2023Q2,0.8366,2868,2766,font_heading,font_heading
025585,CSN MINERAÇÃO S.A.,2023Q2,2023Q3,0.9241,2766,3176,font_heading,font_heading
025585,CSN MINERAÇÃO S.A.,2023Q3,2024Q1,0.8903,3176,3045,font_heading,font_heading
025585,CSN MINERAÇÃO S.A.,2024Q1,2024Q2,0.8999,3045,2969,font_heading,font_heading
025585,CSN MINERAÇÃO S.A.,2024Q2,2024Q3,0.9661,2969,2982,font_heading,font_heading
025585,CSN MINERAÇÃO S.A.,2024Q3,2025Q1,0.3883,2982,785,font_heading,font_heading
025585,CSN MINERAÇÃO S.A.,2025Q1,2025Q3,0.4401,785,4483,font_heading,font_heading
025712,GPS Participacoes e Empreendimentos SA,2021Q1,2021Q2,0.9687,4039,4144,font_heading,font_heading
025712,GPS Participacoes e Empreendimentos SA,2021Q2,2021Q3,0.9745,4144,4164,font_heading,font_heading
025712,GPS Participacoes e Empreendimentos SA,2021Q3,2022Q1,0.8949,4164,6237,font_heading,font_heading
025712,GPS Participacoes e Empreendimentos SA,2022Q1,2022Q2,0.9772,6237,5983,font_heading,font_heading
025712,GPS Participacoes e Empreendimentos SA,2022Q2,2022Q3,0.9929,5983,5966,font_heading,font_heading
025712,GPS Participacoes e Empreendimentos SA,2022Q3,2023Q1,0.9328,5966,6436,font_heading,font_heading
025712,GPS Participacoes e Empreendimentos SA,2023Q1,2023Q2,0.1068,6436,4309,font_heading,regex_only
025712,GPS Participacoes e Empreendimentos SA,2023Q2,2023Q3,0.1068,4309,6455,regex_only,font_heading
025712,GPS Participacoes e Empreendimentos SA,2023Q3,2024Q1,0.9997,6455,6438,font_heading,font_heading
025712,GPS Participacoes e Empreendimentos SA,2024Q1,2024Q2,0.1416,6438,4437,font_heading,regex_only
025712,GPS Participacoes e Empreendimentos SA,2024Q2,2024Q3,0.1412,4437,7665,regex_only,font_heading
025712,GPS Participacoes e Empreendimentos SA,2024Q3,2025Q1,0.9909,7665,7956,font_heading,font_heading
025712,GPS Participacoes e Empreendimentos SA,2025Q1,2025Q3,0.9989,7956,8026,font_heading,font_heading
025780,PETRORECÔNCAVO S.A.,2021Q2,2021Q3,0.1917,5987,6959,regex_only,font_heading
025780,PETRORECÔNCAVO S.A.,2021Q3,2022Q1,0.5935,6959,6528,font_heading,font_heading
025780,PETRORECÔNCAVO S.A.,2022Q1,2022Q3,0.5824,6528,4373,font_heading,font_heading
025780,PETRORECÔNCAVO S.A.,2022Q3,2023Q1,0.8047,4373,4762,font_heading,font_heading
025780,PETRORECÔNCAVO S.A.,2023Q1,2023Q2,0.2545,4762,7180,font_heading,regex_only
025780,PETRORECÔNCAVO S.A.,2023Q2,2024Q1,0.1199,7180,2870,regex_only,font_heading
025780,PETRORECÔNCAVO S.A.,2024Q1,2024Q2,0.1648,2870,125,font_heading,font_heading
025780,PETRORECÔNCAVO S.A.,2024Q2,2024Q3,0.1766,125,7819,font_heading,font_heading
025780,PETRORECÔNCAVO S.A.,2024Q3,2025Q1,0.7095,7819,2170,font_heading,font_heading
025780,PETRORECÔNCAVO S.A.,2025Q1,2025Q2,0.3279,2170,337,font_heading,font_heading
025780,PETRORECÔNCAVO S.A.,2025Q2,2025Q3,0.3637,337,4274,font_heading,font_heading
025844,Tegra Incorporadora SA,2021Q1,2021Q2,0.8839,2261,2906,font_heading,font_heading
025844,Tegra Incorporadora SA,2021Q2,2021Q3,0.8306,2906,3513,font_heading,font_heading
025844,Tegra Incorporadora SA,2021Q3,2022Q1,0.5985,3513,5061,font_heading,font_heading
025844,Tegra Incorporadora SA,2022Q1,2022Q2,0.9248,5061,5305,font_heading,font_heading
025844,Tegra Incorporadora SA,2022Q2,2022Q3,0.9254,5305,5172,font_heading,font_heading
025844,Tegra Incorporadora SA,2022Q3,2023Q1,0.9774,5172,4754,font_heading,font_heading
025844,Tegra Incorporadora SA,2023Q1,2023Q2,0.9165,4754,4712,font_heading,font_heading
025844,Tegra Incorporadora SA,2023Q2,2023Q3,0.9902,4712,4727,font_heading,font_heading
025844,Tegra Incorporadora SA,2023Q3,2024Q1,0.9441,4727,5631,font_heading,font_heading
025844,Tegra Incorporadora SA,2024Q1,2024Q3,0.8257,5631,8552,font_heading,font_heading
025844,Tegra Incorporadora SA,2024Q3,2025Q3,0.8213,8552,6774,font_heading,font_heading
025917,Raízen S.A.,2020Q2,2020Q3,0.9469,3455,3148,font_heading,font_heading
025917,Raízen S.A.,2020Q3,2021Q2,0.1691,3148,6063,font_heading,regex_only
025917,Raízen S.A.,2021Q2,2021Q3,0.5654,6063,4125,regex_only,regex_only
025917,Raízen S.A.,2021Q3,2022Q2,0.197,4125,6694,regex_only,font_heading
025917,Raízen S.A.,2022Q2,2022Q3,0.9426,6694,8047,font_heading,font_heading
025917,Raízen S.A.,2022Q3,2023Q2,0.8927,8047,7519,font_heading,font_heading
025917,Raízen S.A.,2023Q2,2023Q3,0.8233,7519,7499,font_heading,font_heading
025917,Raízen S.A.,2023Q3,2024Q2,0.8734,7499,7792,font_heading,font_heading
025917,Raízen S.A.,2024Q2,2024Q3,0.9072,7792,9248,font_heading,font_heading
025917,Raízen S.A.,2024Q3,2025Q2,0.8581,9248,7961,font_heading,font_heading
025917,Raízen S.A.,2025Q2,2025Q3,0.0189,7961,540,font_heading,regex_only
025984,Cia Brasileira de Aluminio,2021Q3,2022Q1,0.9183,6772,6470,font_heading,font_heading
025984,Cia Brasileira de Aluminio,2022Q1,2022Q2,0.0643,6470,5899,font_heading,regex_only
025984,Cia Brasileira de Aluminio,2022Q2,2022Q3,0.0882,5899,8184,regex_only,font_heading
025984,Cia Brasileira de Aluminio,2022Q3,2023Q1,0.8107,8184,8748,font_heading,font_heading
025984,Cia Brasileira de Aluminio,2023Q1,2023Q2,0.9507,8748,8819,font_heading,font_heading
025984,Cia Brasileira de Aluminio,2023Q2,2024Q2,0.7419,8819,9835,font_heading,font_heading
025984,Cia Brasileira de Aluminio,2024Q2,2024Q3,0.9705,9835,10104,font_heading,font_heading
025984,Cia Brasileira de Aluminio,2024Q3,2025Q1,0.6651,10104,8153,font_heading,font_heading
025984,Cia Brasileira de Aluminio,2025Q1,2025Q2,0.9392,8153,8955,font_heading,font_heading
026123,Oncoclinicas do Brasil Servicos Medicos SA,2021Q1,2021Q2,0.9585,5765,5971,font_heading,font_heading
026123,Oncoclinicas do Brasil Servicos Medicos SA,2021Q2,2021Q3,0.4901,5971,4172,font_heading,font_heading
026123,Oncoclinicas do Brasil Servicos Medicos SA,2021Q3,2022Q1,0.6043,4172,5079,font_heading,font_heading
026123,Oncoclinicas do Brasil Servicos Medicos SA,2022Q1,2022Q2,0.8619,5079,3791,font_heading,font_heading
026123,Oncoclinicas do Brasil Servicos Medicos SA,2022Q2,2023Q1,0.5936,3791,6597,font_heading,font_heading
026123,Oncoclinicas do Brasil Servicos Medicos SA,2023Q1,2023Q2,0.9117,6597,6263,font_heading,font_heading
026123,Oncoclinicas do Brasil Servicos Medicos SA,2023Q2,2023Q3,0.9134,6263,6848,font_heading,font_heading
026123,Oncoclinicas do Brasil Servicos Medicos SA,2023Q3,2024Q1,0.8052,6848,5791,font_heading,font_heading
026123,Oncoclinicas do Brasil Servicos Medicos SA,2024Q1,2024Q2,0.892,5791,7099,font_heading,font_heading
026123,Oncoclinicas do Brasil Servicos Medicos SA,2024Q2,2024Q3,0.9525,7099,7523,font_heading,font_heading
026123,Oncoclinicas do Brasil Servicos Medicos SA,2024Q3,2025Q1,0.6629,7523,4867,font_heading,font_heading
026123,Oncoclinicas do Brasil Servicos Medicos SA,2025Q1,2025Q2,0.8771,4867,5291,font_heading,font_heading
026123,Oncoclinicas do Brasil Servicos Medicos SA,2025Q2,2025Q3,0.8434,5291,5720,font_heading,font_heading
026441,Serena Energia SA,2022Q3,2023Q1,0.1293,1166,7278,regex_only,regex_only
026441,Serena Energia SA,2023Q1,2023Q2,0.132,7278,1352,regex_only,regex_only
026441,Serena Energia SA,2023Q2,2023Q3,0.2069,1352,4534,regex_only,regex_only
026441,Serena Energia SA,2023Q3,2024Q1,0.0628,4534,220,regex_only,font_heading
026441,Serena Energia SA,2024Q1,2024Q2,1.0,220,223,font_heading,font_heading
026441,Serena Energia SA,2024Q2,2024Q3,1.0,223,223,font_heading,font_heading
026441,Serena Energia SA,2024Q3,2025Q1,0.0076,223,5119,font_heading,font_heading
026441,Serena Energia SA,2025Q1,2025Q2,0.994,5119,5133,font_heading,font_heading
026441,Serena Energia SA,2025Q2,2025Q3,0.0974,5133,16648,font_heading,font_heading
026620,AUREN ENERGIA S.A.,2021Q1,2021Q2,0.0634,12520,1916,regex_only,font_heading
026620,AUREN ENERGIA S.A.,2021Q2,2021Q3,0.0327,1916,5802,font_heading,regex_only
026620,AUREN ENERGIA S.A.,2021Q3,2022Q1,0.0575,5802,4584,regex_only,font_heading
026620,AUREN ENERGIA S.A.,2022Q1,2022Q2,0.9004,4584,5508,font_heading,font_heading
026620,AUREN ENERGIA S.A.,2022Q2,2022Q3,0.9911,5508,5446,font_heading,font_heading
026620,AUREN ENERGIA S.A.,2022Q3,2023Q1,0.8148,5446,5033,font_heading,font_heading
026620,AUREN ENERGIA S.A.,2023Q1,2023Q2,0.8872,5033,7085,font_heading,font_heading
026620,AUREN ENERGIA S.A.,2023Q2,2023Q3,0.9374,7085,6555,font_heading,font_heading
026620,AUREN ENERGIA S.A.,2023Q3,2024Q1,0.958,6555,5789,font_heading,font_heading
026620,AUREN ENERGIA S.A.,2024Q1,2024Q2,0.9575,5789,6208,font_heading,font_heading
026620,AUREN ENERGIA S.A.,2024Q2,2024Q3,0.9873,6208,6992,font_heading,font_heading
026620,AUREN ENERGIA S.A.,2024Q3,2025Q1,0.1746,6992,1277,font_heading,regex_only
026620,AUREN ENERGIA S.A.,2025Q1,2025Q2,0.3507,1277,17647,regex_only,font_heading
026620,AUREN ENERGIA S.A.,2025Q2,2025Q3,0.9873,17647,19158,font_heading,font_heading
027111,XP Inc,2022Q1,2022Q2,0.9901,14218,14657,font_heading,font_heading
027111,XP Inc,2022Q2,2022Q3,0.9908,14657,14590,font_heading,font_heading
027111,XP Inc,2022Q3,2023Q1,0.495,14590,3517,font_heading,font_heading
027111,XP Inc,2023Q1,2023Q2,0.4986,3517,15021,font_heading,font_heading
027111,XP Inc,2023Q2,2023Q3,0.9975,15021,15353,font_heading,font_heading
027111,XP Inc,2023Q3,2024Q1,0.4931,15353,3423,font_heading,font_heading
027111,XP Inc,2024Q1,2024Q2,0.9855,3423,3042,font_heading,font_heading
027111,XP Inc,2024Q2,2024Q3,0.9878,3042,3030,font_heading,font_heading
027111,XP Inc,2024Q3,2025Q1,0.875,3030,2206,font_heading,font_heading
027111,XP Inc,2025Q1,2025Q3,0.955,2206,2124,font_heading,font_heading
027707,Automob Participações S.A.,2024Q1,2024Q2,0.9225,7112,6112,font_heading,font_heading
027707,Automob Participações S.A.,2024Q2,2024Q3,0.9629,6112,6476,font_heading,font_heading
027707,Automob Participações S.A.,2024Q3,2025Q1,0.0823,6476,2922,font_heading,regex_only
027707,Automob Participações S.A.,2025Q1,2025Q2,0.1654,2922,6005,regex_only,font_heading
027707,Automob Participações S.A.,2025Q2,2025Q3,0.9802,6005,6143,font_heading,font_heading
