cd_cvm,name,year_prev,year_curr,cosine_similarity,chars_prev,chars_curr,diagnostic_prev,diagnostic_curr
002437,AXIA ENERGIA,2010,2011,0.1493,10078,11348,font_heading,regex_only
002437,AXIA ENERGIA,2011,2012,0.1629,11348,9749,regex_only,font_heading
002437,AXIA ENERGIA,2012,2013,0.1756,9749,14546,font_heading,regex_only
002437,AXIA ENERGIA,2013,2014,0.2324,14546,10926,regex_only,font_heading
002437,AXIA ENERGIA,2014,2015,0.2146,10926,9586,font_heading,regex_only
002437,AXIA ENERGIA,2015,2016,0.6309,9586,14143,regex_only,regex_only
002437,AXIA ENERGIA,2016,2017,0.8519,14143,10090,regex_only,regex_only
002437,AXIA ENERGIA,2017,2018,0.1058,10090,7550,regex_only,font_heading
002437,AXIA ENERGIA,2018,2019,0.4125,7550,5516,font_heading,font_heading
002437,AXIA ENERGIA,2019,2020,0.4136,5516,17774,font_heading,font_heading
002437,AXIA ENERGIA,2020,2021,0.9376,17774,19339,font_heading,font_heading
002437,AXIA ENERGIA,2021,2022,0.174,19339,4828,font_heading,font_heading
002437,AXIA ENERGIA,2022,2023,0.1993,4828,16334,font_heading,font_heading
002437,AXIA ENERGIA,2023,2024,0.68,16334,7881,font_heading,font_heading
002453,CEMIG,2010,2011,0.734,14034,18058,font_heading,font_heading
002453,CEMIG,2011,2012,0.8483,18058,22412,font_heading,font_heading
002453,CEMIG,2012,2013,0.641,22412,11131,font_heading,font_heading
002453,CEMIG,2013,2014,0.8284,11131,17321,font_heading,font_heading
002453,CEMIG,2014,2015,0.8649,17321,15917,font_heading,font_heading
002453,CEMIG,2015,2016,0.9466,15917,15122,font_heading,font_heading
002453,CEMIG,2016,2017,0.8671,15122,1941,font_heading,font_heading
002453,CEMIG,2017,2018,0.617,1941,16893,font_heading,font_heading
002453,CEMIG,2018,2019,0.9247,16893,15903,font_heading,font_heading
002453,CEMIG,2019,2020,0.9438,15903,15944,font_heading,font_heading
002453,CEMIG,2020,2021,0.8918,15944,15904,font_heading,font_heading
002453,CEMIG,2021,2022,0.8015,15904,16412,font_heading,font_heading
002453,CEMIG,2022,2023,0.4993,16412,2587,font_heading,font_heading
002453,CEMIG,2023,2024,0.4148,2587,2392,font_heading,font_heading
002461,Centrais Eletricas de Santa Catarina SA,2011,2012,0.5529,4455,861,font_heading,font_heading
002461,Centrais Eletricas de Santa Catarina SA,2012,2013,0.0623,861,438,font_heading,font_heading
002461,Centrais Eletricas de Santa Catarina SA,2013,2014,1.0,438,438,font_heading,font_heading
002461,Centrais Eletricas de Santa Catarina SA,2014,2015,1.0,438,438,font_heading,font_heading
002461,Centrais Eletricas de Santa Catarina SA,2015,2016,0.084,438,707,font_heading,font_heading
002461,Centrais Eletricas de Santa Catarina SA,2016,2017,0.5421,707,1499,font_heading,font_heading
002461,Centrais Eletricas de Santa Catarina SA,2017,2018,0.0474,1499,1301,font_heading,font_heading
002461,Centrais Eletricas de Santa Catarina SA,2018,2019,1.0,1301,1301,font_heading,font_heading
002461,Centrais Eletricas de Santa Catarina SA,2019,2020,0.0852,1301,16564,font_heading,font_heading
002461,Centrais Eletricas de Santa Catarina SA,2020,2021,0.9025,16564,17899,font_heading,font_heading
002461,Centrais Eletricas de Santa Catarina SA,2021,2022,0.5925,17899,6314,font_heading,font_heading
002461,Centrais Eletricas de Santa Catarina SA,2022,2023,0.6304,6314,20237,font_heading,font_heading
002461,Centrais Eletricas de Santa Catarina SA,2023,2024,0.8247,20237,15420,font_heading,font_heading
002461,Centrais Eletricas de Santa Catarina SA,2024,2025,0.9122,15420,18800,font_heading,font_heading
002577,CESP - Companhia Energética de São Paulo,2010,2011,0.9288,86509,90356,font_heading,font_heading
002577,CESP - Companhia Energética de São Paulo,2011,2012,0.9799,90356,95178,font_heading,font_heading
002577,CESP - Companhia Energética de São Paulo,2012,2013,0.9437,95178,111842,font_heading,font_heading
002577,CESP - Companhia Energética de São Paulo,2013,2014,0.0729,111842,687,font_heading,font_heading
002577,CESP - Companhia Energética de São Paulo,2014,2015,0.9264,687,686,font_heading,font_heading
002577,CESP - Companhia Energética de São Paulo,2015,2016,0.0151,686,1699,font_heading,font_heading
002577,CESP - Companhia Energética de São Paulo,2016,2017,0.2033,1699,154,font_heading,font_heading
002577,CESP - Companhia Energética de São Paulo,2017,2018,1.0,154,154,font_heading,font_heading
002577,CESP - Companhia Energética de São Paulo,2018,2019,0.0495,154,3326,font_heading,font_heading
002577,CESP - Companhia Energética de São Paulo,2019,2020,0.4816,3326,3042,font_heading,font_heading
002577,CESP - Companhia Energética de São Paulo,2020,2022,0.4133,3042,451,font_heading,font_heading
002577,CESP - Companhia Energética de São Paulo,2022,2023,0.2171,451,5068,font_heading,font_heading
002577,CESP - Companhia Energética de São Paulo,2023,2024,0.0719,5068,2585,font_heading,regex_only
003980,GERDAU,2010,2011,0.497,5663,13622,font_heading,font_heading
003980,GERDAU,2011,2012,0.9743,13622,13586,font_heading,font_heading
003980,GERDAU,2012,2013,0.8412,13586,11407,font_heading,font_heading
003980,GERDAU,2013,2014,0.9241,11407,10165,font_heading,font_heading
003980,GERDAU,2014,2015,0.6984,10165,6325,font_heading,font_heading
003980,GERDAU,2015,2016,0.9168,6325,5022,font_heading,font_heading
003980,GERDAU,2016,2017,0.8256,5022,5266,font_heading,font_heading
003980,GERDAU,2017,2018,0.8947,5266,5334,font_heading,font_heading
003980,GERDAU,2018,2019,0.7726,5334,5500,font_heading,font_heading
003980,GERDAU,2019,2020,0.0815,5500,3256,font_heading,regex_only
003980,GERDAU,2020,2021,0.0679,3256,3332,regex_only,font_heading
003980,GERDAU,2021,2022,0.7831,3332,3399,font_heading,font_heading
003980,GERDAU,2022,2023,0.7915,3399,1936,font_heading,font_heading
003980,GERDAU,2023,2024,0.7164,1936,3287,font_heading,font_heading
004030,SID NACIONAL,2010,2011,0.7098,8966,10278,font_heading,font_heading
004030,SID NACIONAL,2011,2012,0.7717,10278,7866,font_heading,font_heading
004030,SID NACIONAL,2012,2013,0.6891,7866,5217,font_heading,font_heading
004030,SID NACIONAL,2013,2014,0.873,5217,4084,font_heading,font_heading
004030,SID NACIONAL,2014,2015,0.5305,4084,5211,font_heading,font_heading
004030,SID NACIONAL,2015,2016,0.7678,5211,5743,font_heading,font_heading
004030,SID NACIONAL,2016,2017,0.6086,5743,6926,font_heading,font_heading
004030,SID NACIONAL,2017,2018,0.7164,6926,7544,font_heading,font_heading
004030,SID NACIONAL,2018,2019,0.7202,7544,5921,font_heading,font_heading
004030,SID NACIONAL,2019,2020,0.7724,5921,5693,font_heading,font_heading
004030,SID NACIONAL,2020,2021,0.8045,5693,6982,font_heading,font_heading
004030,SID NACIONAL,2021,2022,0.6531,6982,4393,font_heading,font_heading
004030,SID NACIONAL,2022,2023,0.9859,4393,4389,font_heading,font_heading
004030,SID NACIONAL,2023,2024,0.893,4389,4138,font_heading,font_heading
004057,Souza Cruz Ltda,2010,2011,0.2479,601,67173,font_heading,font_heading
004057,Souza Cruz Ltda,2011,2012,0.177,67173,474,font_heading,font_heading
004057,Souza Cruz Ltda,2012,2014,0.2244,474,1500,font_heading,font_heading
004170,VALE,2010,2011,0.4381,143535,6874,font_heading,font_heading
004170,VALE,2011,2012,0.7681,6874,8473,font_heading,font_heading
004170,VALE,2012,2013,0.7163,8473,8163,font_heading,font_heading
004170,VALE,2013,2014,0.7767,8163,7466,font_heading,font_heading
004170,VALE,2014,2015,0.6386,7466,5438,font_heading,font_heading
004170,VALE,2015,2016,0.8273,5438,8641,font_heading,font_heading
004170,VALE,2016,2017,0.9281,8641,9102,font_heading,font_heading
004170,VALE,2017,2018,0.7452,9102,4664,font_heading,font_heading
004170,VALE,2018,2019,0.7056,4664,7049,font_heading,font_heading
004170,VALE,2019,2020,0.723,7049,11224,font_heading,font_heading
004170,VALE,2020,2021,0.9191,11224,12192,font_heading,font_heading
004170,VALE,2021,2022,0.4462,12192,2673,font_heading,font_heading
004170,VALE,2022,2023,0.0423,2673,554,font_heading,font_heading
004170,VALE,2023,2024,1.0,554,554,font_heading,font_heading
004650,Confab Industrial SA,2010,2011,0.148,11719,560,regex_only,font_heading
004820,BRASKEM,2010,2011,0.3082,79135,635,font_heading,regex_only
004820,BRASKEM,2011,2012,0.0597,635,19415,regex_only,font_heading
004820,BRASKEM,2012,2013,0.5906,19415,10846,font_heading,regex_only
004820,BRASKEM,2013,2015,0.1352,10846,7136,regex_only,regex_only
004820,BRASKEM,2015,2017,0.2193,7136,946,regex_only,font_heading
004820,BRASKEM,2017,2018,0.7343,946,1054,font_heading,font_heading
004820,BRASKEM,2018,2019,0.0255,1054,5403,font_heading,regex_only
004820,BRASKEM,2019,2020,0.803,5403,9571,regex_only,regex_only
004820,BRASKEM,2020,2021,0.9113,9571,11088,regex_only,regex_only
004820,BRASKEM,2021,2022,0.9494,11088,11707,regex_only,regex_only
004820,BRASKEM,2022,2023,0.5043,11707,7014,regex_only,font_heading
004820,BRASKEM,2023,2024,0.6782,7014,1199,font_heading,font_heading
005258,RAIADROGASIL,2010,2011,0.1602,8775,3161,regex_only,font_heading
005258,RAIADROGASIL,2011,2012,0.6886,3161,2769,font_heading,font_heading
005258,RAIADROGASIL,2012,2013,0.9556,2769,2483,font_heading,font_heading
005258,RAIADROGASIL,2013,2014,0.0393,2483,3715,font_heading,regex_only
005258,RAIADROGASIL,2014,2015,0.0353,3715,2390,regex_only,font_heading
005258,RAIADROGASIL,2015,2016,0.9129,2390,2251,font_heading,font_heading
005258,RAIADROGASIL,2016,2017,0.005,2251,520,font_heading,regex_only
005258,RAIADROGASIL,2017,2018,0.978,520,553,regex_only,regex_only
005258,RAIADROGASIL,2018,2019,0.1579,553,8158,regex_only,font_heading
005258,RAIADROGASIL,2019,2020,0.5935,8158,25292,font_heading,font_heading
005258,RAIADROGASIL,2020,2021,0.2253,25292,306,font_heading,font_heading
005258,RAIADROGASIL,2021,2022,1.0,306,306,font_heading,font_heading
005258,RAIADROGASIL,2022,2023,0.1051,306,5541,font_heading,font_heading
005258,RAIADROGASIL,2023,2024,0.1183,5541,319,font_heading,font_heading
005410,WEG,2010,2011,0.1072,7964,2815,regex_only,font_heading
005410,WEG,2011,2012,0.9492,2815,2999,font_heading,font_heading
005410,WEG,2012,2013,0.9542,2999,2950,font_heading,font_heading
005410,WEG,2013,2014,0.7921,2950,2566,font_heading,font_heading
005410,WEG,2014,2015,0.8981,2566,2516,font_heading,font_heading
005410,WEG,2015,2016,0.9896,2516,2501,font_heading,font_heading
005410,WEG,2016,2017,0.9838,2501,2524,font_heading,font_heading
005410,WEG,2017,2018,0.9817,2524,2615,font_heading,font_heading
005410,WEG,2018,2019,0.975,2615,2633,font_heading,font_heading
005410,WEG,2019,2020,0.9671,2633,2695,font_heading,font_heading
005410,WEG,2020,2021,0.8801,2695,2214,font_heading,font_heading
005410,WEG,2021,2022,0.88,2214,2482,font_heading,font_heading
005410,WEG,2022,2023,0.9713,2482,2322,font_heading,font_heading
005410,WEG,2023,2024,0.8964,2322,2484,font_heading,font_heading
006173,Taurus Armas SA,2010,2011,0.854,9272,9287,font_heading,font_heading
006173,Taurus Armas SA,2011,2012,0.8487,9287,10132,font_heading,font_heading
006173,Taurus Armas SA,2012,2013,0.8253,10132,6882,font_heading,font_heading
006173,Taurus Armas SA,2013,2014,0.7492,6882,6882,font_heading,font_heading
006173,Taurus Armas SA,2014,2015,0.9709,6882,6499,font_heading,font_heading
006173,Taurus Armas SA,2015,2016,0.7523,6499,7079,font_heading,font_heading
006173,Taurus Armas SA,2016,2017,0.8088,7079,8199,font_heading,font_heading
006173,Taurus Armas SA,2017,2018,0.5372,8199,1527,font_heading,font_heading
006173,Taurus Armas SA,2018,2019,0.7051,1527,4965,font_heading,font_heading
006173,Taurus Armas SA,2019,2020,0.9136,4965,5527,font_heading,font_heading
006173,Taurus Armas SA,2020,2021,0.8406,5527,3704,font_heading,font_heading
006173,Taurus Armas SA,2021,2022,0.9135,3704,4191,font_heading,font_heading
006173,Taurus Armas SA,2022,2023,0.7666,4191,6620,font_heading,font_heading
006173,Taurus Armas SA,2023,2024,0.8733,6620,6453,font_heading,font_heading
006173,Taurus Armas SA,2024,2025,0.751,6453,7103,font_heading,font_heading
006343,Tupy SA,2011,2012,0.9024,4360,5370,font_heading,font_heading
006343,Tupy SA,2012,2013,0.7407,5370,7077,font_heading,font_heading
006343,Tupy SA,2013,2014,0.8022,7077,8221,font_heading,font_heading
006343,Tupy SA,2014,2015,0.8949,8221,6869,font_heading,font_heading
006343,Tupy SA,2015,2016,0.9167,6869,5770,font_heading,font_heading
006343,Tupy SA,2016,2017,0.9576,5770,5188,font_heading,font_heading
006343,Tupy SA,2017,2018,0.9299,5188,4027,font_heading,font_heading
006343,Tupy SA,2018,2019,0.7791,4027,3445,font_heading,font_heading
006343,Tupy SA,2019,2020,0.8835,3445,3921,font_heading,font_heading
006343,Tupy SA,2020,2021,0.8719,3921,6291,font_heading,font_heading
006343,Tupy SA,2021,2022,0.8323,6291,6757,font_heading,font_heading
006343,Tupy SA,2022,2023,0.2249,6757,1530,font_heading,regex_only
006343,Tupy SA,2023,2024,0.029,1530,283,regex_only,font_heading
006343,Tupy SA,2024,2025,1.0,283,283,font_heading,font_heading
006505,Grupo Casas Bahia S.A. (Via Varejo),2010,2011,0.4892,4952,1980,font_heading,font_heading
006505,Grupo Casas Bahia S.A. (Via Varejo),2011,2012,0.146,1980,55167,font_heading,font_heading
006505,Grupo Casas Bahia S.A. (Via Varejo),2012,2013,0.3626,55167,2154,font_heading,font_heading
006505,Grupo Casas Bahia S.A. (Via Varejo),2013,2014,0.123,2154,109,font_heading,font_heading
006505,Grupo Casas Bahia S.A. (Via Varejo),2014,2015,0.1587,109,3122,font_heading,font_heading
006505,Grupo Casas Bahia S.A. (Via Varejo),2015,2016,0.7643,3122,3231,font_heading,font_heading
006505,Grupo Casas Bahia S.A. (Via Varejo),2016,2017,0.9037,3231,3485,font_heading,font_heading
006505,Grupo Casas Bahia S.A. (Via Varejo),2017,2018,0.8134,3485,3880,font_heading,font_heading
006505,Grupo Casas Bahia S.A. (Via Varejo),2018,2019,0.7808,3880,6079,font_heading,font_heading
006505,Grupo Casas Bahia S.A. (Via Varejo),2019,2020,0.8362,6079,5962,font_heading,font_heading
006505,Grupo Casas Bahia S.A. (Via Varejo),2020,2021,0.2564,5962,533,font_heading,font_heading
006505,Grupo Casas Bahia S.A. (Via Varejo),2021,2022,1.0,533,533,font_heading,font_heading
006505,Grupo Casas Bahia S.A. (Via Varejo),2022,2023,0.3111,533,10433,font_heading,font_heading
006505,Grupo Casas Bahia S.A. (Via Varejo),2023,2024,0.5442,10433,9969,font_heading,font_heading
007870,Kepler Weber SA,2010,2011,0.6111,1069,2462,regex_only,regex_only
007870,Kepler Weber SA,2011,2012,0.9016,2462,2772,regex_only,regex_only
007870,Kepler Weber SA,2012,2013,0.08,2772,6326,regex_only,font_heading
007870,Kepler Weber SA,2013,2014,0.5791,6326,7122,font_heading,font_heading
007870,Kepler Weber SA,2014,2015,0.3573,7122,1119,font_heading,font_heading
007870,Kepler Weber SA,2015,2016,0.9943,1119,1119,font_heading,font_heading
007870,Kepler Weber SA,2016,2017,0.3437,1119,4606,font_heading,font_heading
007870,Kepler Weber SA,2017,2018,0.9997,4606,4631,font_heading,font_heading
007870,Kepler Weber SA,2018,2019,0.1229,4631,1546,font_heading,font_heading
007870,Kepler Weber SA,2019,2020,0.945,1546,1629,font_heading,font_heading
007870,Kepler Weber SA,2020,2021,0.6794,1629,1753,font_heading,font_heading
007870,Kepler Weber SA,2021,2022,0.3261,1753,986,font_heading,font_heading
007870,Kepler Weber SA,2022,2023,0.0148,986,1886,font_heading,regex_only
007870,Kepler Weber SA,2023,2024,0.7234,1886,1785,regex_only,regex_only
007870,Kepler Weber SA,2024,2025,0.7052,1785,3661,regex_only,regex_only
008087,Lojas Americanas S.A. (pre-2021 restructuring entity),2010,2011,0.1252,7877,27085,regex_only,font_heading
008087,Lojas Americanas S.A. (pre-2021 restructuring entity),2011,2012,0.5287,27085,12023,font_heading,font_heading
008087,Lojas Americanas S.A. (pre-2021 restructuring entity),2012,2013,0.949,12023,12797,font_heading,font_heading
008087,Lojas Americanas S.A. (pre-2021 restructuring entity),2013,2014,0.9852,12797,13668,font_heading,font_heading
008087,Lojas Americanas S.A. (pre-2021 restructuring entity),2014,2015,0.9441,13668,13238,font_heading,font_heading
008087,Lojas Americanas S.A. (pre-2021 restructuring entity),2015,2016,0.9814,13238,13513,font_heading,font_heading
008087,Lojas Americanas S.A. (pre-2021 restructuring entity),2016,2017,0.0789,13513,7885,font_heading,regex_only
008087,Lojas Americanas S.A. (pre-2021 restructuring entity),2017,2018,0.0506,7885,14308,regex_only,font_heading
008087,Lojas Americanas S.A. (pre-2021 restructuring entity),2018,2019,0.9786,14308,10978,font_heading,font_heading
008087,Lojas Americanas S.A. (pre-2021 restructuring entity),2019,2020,0.9174,10978,14513,font_heading,font_heading
008133,LOJAS RENNER,2010,2011,0.0532,5050,747,font_heading,font_heading
008133,LOJAS RENNER,2011,2012,0.5463,747,1859,font_heading,font_heading
008133,LOJAS RENNER,2012,2013,0.5914,1859,933,font_heading,font_heading
008133,LOJAS RENNER,2013,2014,0.985,933,963,font_heading,font_heading
008133,LOJAS RENNER,2014,2015,0.0982,963,9858,font_heading,font_heading
008133,LOJAS RENNER,2015,2016,0.1103,9858,1385,font_heading,font_heading
008133,LOJAS RENNER,2016,2017,0.1137,1385,6401,font_heading,font_heading
008133,LOJAS RENNER,2017,2018,0.6662,6401,4064,font_heading,font_heading
008133,LOJAS RENNER,2018,2019,0.045,4064,647,font_heading,regex_only
008133,LOJAS RENNER,2019,2020,0.0468,647,8055,regex_only,font_heading
008133,LOJAS RENNER,2020,2021,0.1447,8055,20734,font_heading,font_heading
008133,LOJAS RENNER,2021,2022,0.1224,20734,2231,font_heading,font_heading
008133,LOJAS RENNER,2022,2023,0.0603,2231,3472,font_heading,font_heading
008133,LOJAS RENNER,2023,2024,0.0283,3472,4613,font_heading,font_heading
008451,MARCOPOLO,2010,2011,0.9593,2548,2121,font_heading,font_heading
008451,MARCOPOLO,2011,2012,0.9397,2121,2565,font_heading,font_heading
008451,MARCOPOLO,2012,2013,0.8258,2565,2816,font_heading,font_heading
008451,MARCOPOLO,2013,2014,0.9307,2816,3158,font_heading,font_heading
008451,MARCOPOLO,2014,2015,0.9321,3158,3386,font_heading,font_heading
008451,MARCOPOLO,2015,2016,0.9311,3386,3414,font_heading,font_heading
008451,MARCOPOLO,2016,2017,0.921,3414,3917,font_heading,font_heading
008451,MARCOPOLO,2017,2018,0.9538,3917,3504,font_heading,font_heading
008451,MARCOPOLO,2018,2019,0.8853,3504,4438,font_heading,font_heading
008451,MARCOPOLO,2019,2020,0.8871,4438,3435,font_heading,font_heading
008451,MARCOPOLO,2020,2021,0.9745,3435,3292,font_heading,font_heading
008451,MARCOPOLO,2021,2022,0.9983,3292,3267,font_heading,font_heading
008451,MARCOPOLO,2022,2023,0.9902,3267,3248,font_heading,font_heading
008451,MARCOPOLO,2023,2024,0.9732,3248,3022,font_heading,font_heading
008575,Mahle Metal Leve SA,2010,2011,0.8339,4674,4073,font_heading,font_heading
008575,Mahle Metal Leve SA,2011,2012,0.9479,4073,4020,font_heading,font_heading
008575,Mahle Metal Leve SA,2012,2013,0.9498,4020,4510,font_heading,font_heading
008575,Mahle Metal Leve SA,2013,2014,0.862,4510,5874,font_heading,font_heading
008575,Mahle Metal Leve SA,2014,2015,0.9023,5874,4020,font_heading,font_heading
008575,Mahle Metal Leve SA,2015,2016,0.8895,4020,4807,font_heading,font_heading
008575,Mahle Metal Leve SA,2016,2017,0.024,4807,436,font_heading,font_heading
008575,Mahle Metal Leve SA,2017,2018,0.0658,436,9328,font_heading,regex_only
008575,Mahle Metal Leve SA,2018,2019,0.1753,9328,7246,regex_only,font_heading
008575,Mahle Metal Leve SA,2019,2020,0.9267,7246,6315,font_heading,font_heading
008575,Mahle Metal Leve SA,2020,2021,0.9238,6315,4427,font_heading,font_heading
008575,Mahle Metal Leve SA,2021,2022,0.9267,4427,5146,font_heading,font_heading
008575,Mahle Metal Leve SA,2022,2023,0.7125,5146,10591,font_heading,font_heading
008575,Mahle Metal Leve SA,2023,2024,0.8387,10591,7633,font_heading,font_heading
008575,Mahle Metal Leve SA,2024,2025,0.8174,7633,11890,font_heading,font_heading
008656,GERDAU MET,2010,2011,0.4666,4588,14402,font_heading,font_heading
008656,GERDAU MET,2011,2012,0.9813,14402,12649,font_heading,font_heading
008656,GERDAU MET,2012,2013,0.8345,12649,10614,font_heading,font_heading
008656,GERDAU MET,2013,2014,0.9117,10614,11408,font_heading,font_heading
008656,GERDAU MET,2014,2015,0.7683,11408,8286,font_heading,font_heading
008656,GERDAU MET,2015,2016,0.879,8286,6643,font_heading,font_heading
008656,GERDAU MET,2016,2017,0.904,6643,6558,font_heading,font_heading
008656,GERDAU MET,2017,2018,0.9218,6558,7916,font_heading,font_heading
008656,GERDAU MET,2018,2019,0.841,7916,6858,font_heading,font_heading
008656,GERDAU MET,2019,2021,0.1411,6858,15491,font_heading,regex_only
008656,GERDAU MET,2021,2022,0.1122,15491,2538,regex_only,font_heading
008656,GERDAU MET,2022,2023,0.8189,2538,1968,font_heading,font_heading
008656,GERDAU MET,2023,2024,0.708,1968,3969,font_heading,font_heading
008672,IGUATEMI S.A,2010,2011,0.8929,15523,22667,font_heading,font_heading
008672,IGUATEMI S.A,2011,2012,0.2872,22667,51609,font_heading,font_heading
008672,IGUATEMI S.A,2012,2013,0.0557,51609,455,font_heading,font_heading
008672,IGUATEMI S.A,2013,2014,1.0,455,455,font_heading,font_heading
008672,IGUATEMI S.A,2014,2015,1.0,455,455,font_heading,font_heading
008672,IGUATEMI S.A,2015,2016,1.0,455,455,font_heading,font_heading
008672,IGUATEMI S.A,2016,2017,0.0212,455,1727,font_heading,font_heading
008672,IGUATEMI S.A,2017,2018,0.5595,1727,1879,font_heading,font_heading
008672,IGUATEMI S.A,2018,2019,0.9678,1879,1845,font_heading,font_heading
008672,IGUATEMI S.A,2019,2020,0.9633,1845,1923,font_heading,font_heading
008672,IGUATEMI S.A,2020,2021,0.0645,1923,10631,font_heading,font_heading
008672,IGUATEMI S.A,2021,2022,0.9967,10631,10800,font_heading,font_heading
008672,IGUATEMI S.A,2022,2023,0.7454,10800,23133,font_heading,font_heading
008672,IGUATEMI S.A,2023,2024,0.9101,23133,19519,font_heading,font_heading
009393,Paranapanema SA,2010,2011,0.2707,2162,14570,font_heading,font_heading
009393,Paranapanema SA,2011,2012,0.0494,14570,5996,font_heading,font_heading
009393,Paranapanema SA,2012,2013,0.6927,5996,5188,font_heading,font_heading
009393,Paranapanema SA,2013,2014,0.0496,5188,5979,font_heading,regex_only
009393,Paranapanema SA,2014,2015,0.0396,5979,5397,regex_only,font_heading
009393,Paranapanema SA,2015,2016,0.7715,5397,3907,font_heading,font_heading
009393,Paranapanema SA,2016,2017,0.3913,3907,9465,font_heading,font_heading
009393,Paranapanema SA,2017,2018,0.9369,9465,9858,font_heading,font_heading
009393,Paranapanema SA,2018,2019,0.9179,9858,8355,font_heading,font_heading
009393,Paranapanema SA,2019,2020,0.9173,8355,9186,font_heading,font_heading
009393,Paranapanema SA,2020,2021,0.8168,9186,13056,font_heading,font_heading
009393,Paranapanema SA,2021,2022,0.9281,13056,13811,font_heading,font_heading
009393,Paranapanema SA,2022,2023,0.947,13811,13812,font_heading,font_heading
009393,Paranapanema SA,2023,2024,0.906,13812,13539,font_heading,font_heading
009393,Paranapanema SA,2024,2025,0.8613,13539,18839,font_heading,font_heading
009512,PETROBRAS,2010,2011,0.3548,1767,243,font_heading,font_heading
009512,PETROBRAS,2011,2012,0.955,243,230,font_heading,font_heading
009512,PETROBRAS,2012,2013,0.0193,230,7148,font_heading,regex_only
009512,PETROBRAS,2013,2014,0.3904,7148,11344,regex_only,regex_only
009512,PETROBRAS,2014,2016,0.6467,11344,23145,regex_only,regex_only
009512,PETROBRAS,2016,2017,0.3833,23145,11894,regex_only,regex_only
009512,PETROBRAS,2017,2018,0.4468,11894,12765,regex_only,regex_only
009512,PETROBRAS,2018,2019,0.0338,12765,377,regex_only,font_heading
009512,PETROBRAS,2019,2020,0.0513,377,12298,font_heading,regex_only
009512,PETROBRAS,2020,2021,0.8921,12298,11583,regex_only,regex_only
009512,PETROBRAS,2021,2022,0.9119,11583,12686,regex_only,regex_only
009512,PETROBRAS,2022,2023,0.9434,12686,12535,regex_only,regex_only
009512,PETROBRAS,2023,2024,0.8673,12535,14601,regex_only,regex_only
009989,Refinaria de Petroleos de Manguinhos S/A,2010,2011,0.4936,5092,5219,regex_only,regex_only
009989,Refinaria de Petroleos de Manguinhos S/A,2011,2012,0.5599,5219,7096,regex_only,regex_only
009989,Refinaria de Petroleos de Manguinhos S/A,2012,2013,0.479,7096,26397,regex_only,font_heading
009989,Refinaria de Petroleos de Manguinhos S/A,2013,2014,1.0,26397,26397,font_heading,font_heading
009989,Refinaria de Petroleos de Manguinhos S/A,2014,2015,0.1374,26397,1404,font_heading,font_heading
009989,Refinaria de Petroleos de Manguinhos S/A,2015,2016,0.6164,1404,5261,font_heading,font_heading
009989,Refinaria de Petroleos de Manguinhos S/A,2016,2017,0.5588,5261,1042,font_heading,font_heading
009989,Refinaria de Petroleos de Manguinhos S/A,2017,2019,0.0049,1042,439,font_heading,font_heading
010456,Alpargatas S.A.,2011,2012,0.8403,4936,4099,font_heading,font_heading
010456,Alpargatas S.A.,2012,2013,0.8614,4099,4880,font_heading,font_heading
010456,Alpargatas S.A.,2013,2014,0.9371,4880,4455,font_heading,font_heading
010456,Alpargatas S.A.,2014,2015,0.8165,4455,3926,font_heading,font_heading
010456,Alpargatas S.A.,2015,2016,0.7679,3926,5798,font_heading,font_heading
010456,Alpargatas S.A.,2016,2017,0.9173,5798,6834,font_heading,font_heading
010456,Alpargatas S.A.,2017,2019,0.8257,6834,5840,font_heading,font_heading
010456,Alpargatas S.A.,2019,2020,0.1012,5840,879,font_heading,regex_only
010456,Alpargatas S.A.,2020,2021,0.201,879,1640,regex_only,regex_only
010456,Alpargatas S.A.,2021,2022,0.2262,1640,847,regex_only,regex_only
010456,Alpargatas S.A.,2022,2023,0.1132,847,404,regex_only,font_heading
010456,Alpargatas S.A.,2023,2024,0.0952,404,6831,font_heading,font_heading
011312,Oi S.A. - Em Recuperação Judicial,2010,2011,1.0,454,454,font_heading,font_heading
011312,Oi S.A. - Em Recuperação Judicial,2011,2012,1.0,454,454,font_heading,font_heading
011312,Oi S.A. - Em Recuperação Judicial,2012,2013,1.0,454,454,font_heading,font_heading
011312,Oi S.A. - Em Recuperação Judicial,2013,2014,1.0,454,454,font_heading,font_heading
011312,Oi S.A. - Em Recuperação Judicial,2014,2015,1.0,454,454,font_heading,font_heading
011312,Oi S.A. - Em Recuperação Judicial,2015,2016,0.8461,454,581,font_heading,font_heading
011312,Oi S.A. - Em Recuperação Judicial,2016,2017,0.1852,581,6191,font_heading,font_heading
011312,Oi S.A. - Em Recuperação Judicial,2017,2018,0.4432,6191,4472,font_heading,font_heading
011312,Oi S.A. - Em Recuperação Judicial,2018,2019,0.1133,4472,987,font_heading,font_heading
011312,Oi S.A. - Em Recuperação Judicial,2019,2020,0.6797,987,1600,font_heading,font_heading
011312,Oi S.A. - Em Recuperação Judicial,2020,2021,1.0,1600,1600,font_heading,font_heading
011312,Oi S.A. - Em Recuperação Judicial,2021,2022,0.6797,1600,984,font_heading,font_heading
011312,Oi S.A. - Em Recuperação Judicial,2022,2023,0.9292,984,978,font_heading,font_heading
011312,Oi S.A. - Em Recuperação Judicial,2023,2024,0.9608,978,1028,font_heading,font_heading
011320,Telemar Norte Leste SA,2010,2011,0.878,30815,28307,font_heading,font_heading
011932,Iochpe Maxion SA,2010,2011,0.9583,4727,4653,font_heading,font_heading
011932,Iochpe Maxion SA,2011,2012,0.8068,4653,7436,font_heading,font_heading
011932,Iochpe Maxion SA,2012,2013,0.603,7436,11661,font_heading,font_heading
011932,Iochpe Maxion SA,2013,2014,0.7969,11661,15414,font_heading,font_heading
011932,Iochpe Maxion SA,2014,2015,0.7109,15414,18403,font_heading,font_heading
011932,Iochpe Maxion SA,2015,2016,0.8844,18403,18754,font_heading,font_heading
011932,Iochpe Maxion SA,2016,2017,0.899,18754,17561,font_heading,font_heading
011932,Iochpe Maxion SA,2017,2018,0.9013,17561,15157,font_heading,font_heading
011932,Iochpe Maxion SA,2018,2019,0.8544,15157,13504,font_heading,font_heading
011932,Iochpe Maxion SA,2019,2020,0.7779,13504,17186,font_heading,font_heading
011932,Iochpe Maxion SA,2020,2021,0.8047,17186,17024,font_heading,font_heading
011932,Iochpe Maxion SA,2021,2022,0.8548,17024,21975,font_heading,font_heading
011932,Iochpe Maxion SA,2022,2023,0.934,21975,20577,font_heading,font_heading
011932,Iochpe Maxion SA,2023,2024,0.9079,20577,15177,font_heading,font_heading
011932,Iochpe Maxion SA,2024,2025,0.9074,15177,11767,font_heading,font_heading
012653,KLABIN S/A,2010,2011,0.9603,5441,4814,font_heading,font_heading
012653,KLABIN S/A,2011,2012,0.9403,4814,3886,font_heading,font_heading
012653,KLABIN S/A,2012,2013,0.5609,3886,4658,font_heading,font_heading
012653,KLABIN S/A,2013,2014,0.7246,4658,11756,font_heading,font_heading
012653,KLABIN S/A,2014,2015,0.8969,11756,11782,font_heading,font_heading
012653,KLABIN S/A,2015,2016,0.8967,11782,13303,font_heading,font_heading
012653,KLABIN S/A,2016,2017,0.0532,13303,1166,font_heading,regex_only
012653,KLABIN S/A,2017,2018,0.4821,1166,7677,regex_only,regex_only
012653,KLABIN S/A,2018,2019,0.8089,7677,8121,regex_only,regex_only
012653,KLABIN S/A,2019,2020,0.7806,8121,11643,regex_only,regex_only
012653,KLABIN S/A,2020,2021,0.1921,11643,19829,regex_only,font_heading
012653,KLABIN S/A,2021,2022,0.8125,19829,22209,font_heading,font_heading
012653,KLABIN S/A,2022,2023,0.4624,22209,2909,font_heading,font_heading
012653,KLABIN S/A,2023,2024,0.8248,2909,2496,font_heading,font_heading
012793,Fibria Celulose S.A. (pre-Suzano-merger entity),2010,2011,0.2662,84055,21759,font_heading,font_heading
012793,Fibria Celulose S.A. (pre-Suzano-merger entity),2011,2012,0.9143,21759,24108,font_heading,font_heading
012793,Fibria Celulose S.A. (pre-Suzano-merger entity),2012,2013,0.9638,24108,28299,font_heading,font_heading
012793,Fibria Celulose S.A. (pre-Suzano-merger entity),2013,2014,0.9128,28299,27396,font_heading,font_heading
012793,Fibria Celulose S.A. (pre-Suzano-merger entity),2014,2015,0.6694,27396,11338,font_heading,font_heading
012793,Fibria Celulose S.A. (pre-Suzano-merger entity),2015,2016,0.1108,11338,4301,font_heading,regex_only
012793,Fibria Celulose S.A. (pre-Suzano-merger entity),2016,2017,0.9716,4301,4378,regex_only,regex_only
012793,Fibria Celulose S.A. (pre-Suzano-merger entity),2017,2018,0.0799,4378,13440,regex_only,font_heading
013471,Plascar Participacoes Industriais SA,2010,2011,0.2886,1276,5634,font_heading,font_heading
013471,Plascar Participacoes Industriais SA,2011,2012,0.6121,5634,3616,font_heading,font_heading
013471,Plascar Participacoes Industriais SA,2012,2013,0.9033,3616,3297,font_heading,font_heading
013471,Plascar Participacoes Industriais SA,2013,2014,0.5121,3297,1635,font_heading,font_heading
013471,Plascar Participacoes Industriais SA,2014,2015,0.5272,1635,1557,font_heading,font_heading
013471,Plascar Participacoes Industriais SA,2015,2016,0.7192,1557,1615,font_heading,font_heading
013471,Plascar Participacoes Industriais SA,2016,2017,0.7822,1615,2005,font_heading,font_heading
013471,Plascar Participacoes Industriais SA,2017,2018,0.398,2005,3262,font_heading,font_heading
013471,Plascar Participacoes Industriais SA,2018,2019,0.6269,3262,1931,font_heading,font_heading
013471,Plascar Participacoes Industriais SA,2019,2020,0.9539,1931,1705,font_heading,font_heading
013471,Plascar Participacoes Industriais SA,2020,2021,0.6917,1705,1667,font_heading,font_heading
013471,Plascar Participacoes Industriais SA,2021,2022,0.8312,1667,1156,font_heading,font_heading
013471,Plascar Participacoes Industriais SA,2022,2023,0.8192,1156,1321,font_heading,font_heading
013471,Plascar Participacoes Industriais SA,2023,2024,0.8058,1321,1246,font_heading,font_heading
013471,Plascar Participacoes Industriais SA,2024,2025,0.8328,1246,1074,font_heading,font_heading
013986,SUZANO S.A.,2010,2011,0.813,10836,16425,font_heading,font_heading
013986,SUZANO S.A.,2011,2012,0.7812,16425,19344,font_heading,font_heading
013986,SUZANO S.A.,2012,2013,0.5569,19344,15678,font_heading,font_heading
013986,SUZANO S.A.,2013,2014,0.5646,15678,8621,font_heading,font_heading
013986,SUZANO S.A.,2014,2015,0.8771,8621,9391,font_heading,font_heading
013986,SUZANO S.A.,2015,2016,0.068,9391,6662,font_heading,regex_only
013986,SUZANO S.A.,2016,2017,0.0645,6662,7269,regex_only,font_heading
013986,SUZANO S.A.,2017,2018,0.673,7269,10630,font_heading,font_heading
013986,SUZANO S.A.,2018,2019,0.4214,10630,15935,font_heading,font_heading
013986,SUZANO S.A.,2019,2020,0.0473,15935,8844,font_heading,regex_only
013986,SUZANO S.A.,2020,2021,0.7807,8844,12216,regex_only,regex_only
013986,SUZANO S.A.,2021,2022,0.8844,12216,11836,regex_only,regex_only
013986,SUZANO S.A.,2022,2023,0.9334,11836,11229,regex_only,regex_only
013986,SUZANO S.A.,2023,2024,0.1459,11229,4120,regex_only,font_heading
014109,Randoncorp SA,2010,2012,0.744,5900,4764,font_heading,font_heading
014109,Randoncorp SA,2012,2013,0.3536,4764,55347,font_heading,font_heading
014109,Randoncorp SA,2013,2014,0.3528,55347,6329,font_heading,font_heading
014109,Randoncorp SA,2014,2015,0.8618,6329,7800,font_heading,font_heading
014109,Randoncorp SA,2015,2017,0.1587,7800,10865,font_heading,regex_only
014109,Randoncorp SA,2017,2019,0.0756,10865,6348,regex_only,font_heading
014109,Randoncorp SA,2019,2020,0.0879,6348,14364,font_heading,regex_only
014109,Randoncorp SA,2020,2021,0.0199,14364,258,regex_only,regex_only
014109,Randoncorp SA,2021,2022,0.0471,258,5125,regex_only,font_heading
014109,Randoncorp SA,2022,2023,0.4316,5125,6776,font_heading,font_heading
014109,Randoncorp SA,2023,2024,0.8988,6776,8759,font_heading,font_heading
014109,Randoncorp SA,2024,2025,0.8949,8759,8264,font_heading,font_heading
014176,Eletropaulo Metropolitana Eletricidade de São Paulo S.A.,2010,2011,0.8622,17017,14498,font_heading,font_heading
014176,Eletropaulo Metropolitana Eletricidade de São Paulo S.A.,2011,2012,0.1366,14498,5111,font_heading,font_heading
014176,Eletropaulo Metropolitana Eletricidade de São Paulo S.A.,2012,2013,0.2316,5111,351,font_heading,font_heading
014176,Eletropaulo Metropolitana Eletricidade de São Paulo S.A.,2013,2014,0.4788,351,2031,font_heading,font_heading
014176,Eletropaulo Metropolitana Eletricidade de São Paulo S.A.,2014,2015,0.8272,2031,1706,font_heading,font_heading
014176,Eletropaulo Metropolitana Eletricidade de São Paulo S.A.,2015,2016,0.2227,1706,1530,font_heading,font_heading
014176,Eletropaulo Metropolitana Eletricidade de São Paulo S.A.,2016,2017,0.0415,1530,29473,font_heading,font_heading
014176,Eletropaulo Metropolitana Eletricidade de São Paulo S.A.,2017,2018,0.8686,29473,24995,font_heading,font_heading
014176,Eletropaulo Metropolitana Eletricidade de São Paulo S.A.,2018,2019,0.7382,24995,14730,font_heading,font_heading
014176,Eletropaulo Metropolitana Eletricidade de São Paulo S.A.,2019,2020,0.7431,14730,15282,font_heading,font_heading
014176,Eletropaulo Metropolitana Eletricidade de São Paulo S.A.,2020,2021,0.2763,15282,226,font_heading,font_heading
014176,Eletropaulo Metropolitana Eletricidade de São Paulo S.A.,2021,2022,0.1628,226,18409,font_heading,font_heading
014176,Eletropaulo Metropolitana Eletricidade de São Paulo S.A.,2022,2023,0.9019,18409,22117,font_heading,font_heading
014176,Eletropaulo Metropolitana Eletricidade de São Paulo S.A.,2023,2024,0.5553,22117,15608,font_heading,font_heading
014311,COPEL,2010,2011,0.9493,22597,23152,font_heading,font_heading
014311,COPEL,2011,2012,0.6178,23152,14455,font_heading,font_heading
014311,COPEL,2012,2013,0.9167,14455,16863,font_heading,font_heading
014311,COPEL,2013,2014,0.3633,16863,17799,font_heading,regex_only
014311,COPEL,2014,2015,0.4928,17799,17420,regex_only,font_heading
014311,COPEL,2015,2016,0.4433,17420,17398,font_heading,regex_only
014311,COPEL,2016,2017,0.8622,17398,19354,regex_only,regex_only
014311,COPEL,2017,2018,0.4709,19354,22622,regex_only,font_heading
014311,COPEL,2018,2019,0.8739,22622,21372,font_heading,font_heading
014311,COPEL,2019,2020,0.9681,21372,20763,font_heading,font_heading
014311,COPEL,2020,2021,0.9561,20763,21909,font_heading,font_heading
014311,COPEL,2021,2023,0.9214,21909,25112,font_heading,font_heading
014311,COPEL,2023,2024,0.4575,25112,2548,font_heading,font_heading
014320,USIMINAS,2010,2011,0.909,13134,13455,font_heading,font_heading
014320,USIMINAS,2011,2012,0.9567,13455,12313,font_heading,font_heading
014320,USIMINAS,2012,2013,0.9657,12313,12879,font_heading,font_heading
014320,USIMINAS,2013,2014,0.8848,12879,8801,font_heading,font_heading
014320,USIMINAS,2014,2015,0.9306,8801,8699,font_heading,font_heading
014320,USIMINAS,2015,2016,0.7324,8699,10028,font_heading,font_heading
014320,USIMINAS,2016,2017,0.7191,10028,12194,font_heading,font_heading
014320,USIMINAS,2017,2018,0.6673,12194,7252,font_heading,font_heading
014320,USIMINAS,2018,2019,0.7646,7252,8049,font_heading,font_heading
014320,USIMINAS,2019,2020,0.6828,8049,4754,font_heading,font_heading
014320,USIMINAS,2020,2021,0.9785,4754,4363,font_heading,font_heading
014320,USIMINAS,2021,2022,0.9314,4363,4446,font_heading,font_heading
014320,USIMINAS,2022,2023,0.9889,4446,4175,font_heading,font_heading
014320,USIMINAS,2023,2024,0.8155,4175,6498,font_heading,font_heading
014443,SABESP,2010,2011,0.0123,206,23155,font_heading,font_heading
014443,SABESP,2011,2012,0.4334,23155,17500,font_heading,regex_only
014443,SABESP,2012,2013,0.2596,17500,5165,regex_only,font_heading
014443,SABESP,2013,2014,0.314,5165,29700,font_heading,font_heading
014443,SABESP,2014,2015,0.9322,29700,30275,font_heading,font_heading
014443,SABESP,2015,2016,0.9657,30275,31964,font_heading,font_heading
014443,SABESP,2016,2017,0.9547,31964,35028,font_heading,font_heading
014443,SABESP,2017,2018,0.9893,35028,34617,font_heading,font_heading
014443,SABESP,2018,2019,0.841,34617,18892,font_heading,font_heading
014443,SABESP,2019,2020,0.16,18892,16704,font_heading,regex_only
014443,SABESP,2020,2021,0.116,16704,18283,regex_only,font_heading
014443,SABESP,2021,2022,0.9563,18283,20046,font_heading,font_heading
014443,SABESP,2022,2023,0.9695,20046,18555,font_heading,font_heading
014443,SABESP,2023,2024,0.9274,18555,22572,font_heading,font_heading
014460,CYRELA REALT,2010,2011,0.0633,7047,962,font_heading,font_heading
014460,CYRELA REALT,2011,2012,0.0633,962,10461,font_heading,font_heading
014460,CYRELA REALT,2012,2013,0.9293,10461,8906,font_heading,font_heading
014460,CYRELA REALT,2013,2014,0.9151,8906,10224,font_heading,font_heading
014460,CYRELA REALT,2014,2015,0.2807,10224,98953,font_heading,font_heading
014460,CYRELA REALT,2015,2016,0.3196,98953,8306,font_heading,font_heading
014460,CYRELA REALT,2016,2017,0.7692,8306,6450,font_heading,font_heading
014460,CYRELA REALT,2017,2018,0.6991,6450,7697,font_heading,font_heading
014460,CYRELA REALT,2018,2019,0.9542,7697,7233,font_heading,font_heading
014460,CYRELA REALT,2019,2020,0.1181,7233,8375,font_heading,regex_only
014460,CYRELA REALT,2020,2021,0.8587,8375,7038,regex_only,regex_only
014460,CYRELA REALT,2021,2022,0.9546,7038,7433,regex_only,regex_only
014460,CYRELA REALT,2022,2023,0.0368,7433,628,regex_only,font_heading
014460,CYRELA REALT,2023,2024,0.0345,628,7813,font_heading,regex_only
014621,NET Servicos de Comunicacao SA,2010,2011,0.0977,1803,4168,font_heading,regex_only
014621,NET Servicos de Comunicacao SA,2011,2012,0.0764,4168,1401,regex_only,font_heading
014621,NET Servicos de Comunicacao SA,2012,2013,0.4557,1401,2160,font_heading,font_heading
014761,Cia Hering,2010,2011,0.5705,3563,4711,font_heading,font_heading
014761,Cia Hering,2011,2012,0.5662,4711,2599,font_heading,font_heading
014761,Cia Hering,2012,2013,0.651,2599,1819,font_heading,font_heading
014761,Cia Hering,2013,2014,0.7864,1819,1379,font_heading,font_heading
014761,Cia Hering,2014,2015,0.4719,1379,822,font_heading,font_heading
014761,Cia Hering,2015,2017,0.2325,822,1152,font_heading,font_heading
014761,Cia Hering,2017,2018,0.314,1152,226,font_heading,font_heading
014761,Cia Hering,2018,2020,0.0808,226,50769,font_heading,font_heading
014826,Companhia Brasileira de Distribuição (GPA),2010,2011,0.7936,17082,14715,font_heading,font_heading
014826,Companhia Brasileira de Distribuição (GPA),2011,2012,0.3816,14715,86455,font_heading,font_heading
014826,Companhia Brasileira de Distribuição (GPA),2012,2013,0.4342,86455,10901,font_heading,font_heading
014826,Companhia Brasileira de Distribuição (GPA),2013,2014,0.8006,10901,6168,font_heading,font_heading
014826,Companhia Brasileira de Distribuição (GPA),2014,2015,0.9108,6168,7026,font_heading,font_heading
014826,Companhia Brasileira de Distribuição (GPA),2015,2016,0.8073,7026,8890,font_heading,font_heading
014826,Companhia Brasileira de Distribuição (GPA),2016,2017,0.889,8890,8070,font_heading,font_heading
014826,Companhia Brasileira de Distribuição (GPA),2017,2018,0.8889,8070,8590,font_heading,font_heading
014826,Companhia Brasileira de Distribuição (GPA),2018,2019,0.7688,8590,10314,font_heading,font_heading
014826,Companhia Brasileira de Distribuição (GPA),2019,2020,0.0432,10314,1093,font_heading,regex_only
014826,Companhia Brasileira de Distribuição (GPA),2020,2021,0.0678,1093,6845,regex_only,font_heading
014826,Companhia Brasileira de Distribuição (GPA),2021,2022,0.936,6845,7065,font_heading,font_heading
014826,Companhia Brasileira de Distribuição (GPA),2022,2024,0.8372,7065,9344,font_heading,font_heading
015253,ENERGISA,2010,2011,0.0731,2878,366,font_heading,font_heading
015253,ENERGISA,2011,2012,0.0492,366,28065,font_heading,font_heading
015253,ENERGISA,2012,2014,0.2814,28065,18081,font_heading,regex_only
015253,ENERGISA,2014,2015,0.3431,18081,34472,regex_only,font_heading
015253,ENERGISA,2015,2016,0.9684,34472,34892,font_heading,font_heading
015253,ENERGISA,2016,2017,0.937,34892,39827,font_heading,font_heading
015253,ENERGISA,2017,2018,0.9344,39827,34264,font_heading,font_heading
015253,ENERGISA,2018,2019,0.4722,34264,12980,font_heading,font_heading
015253,ENERGISA,2019,2020,0.7599,12980,16257,font_heading,font_heading
015253,ENERGISA,2020,2021,0.9507,16257,16193,font_heading,font_heading
015253,ENERGISA,2021,2022,0.9429,16193,19696,font_heading,font_heading
015253,ENERGISA,2022,2023,0.8064,19696,18983,font_heading,font_heading
015253,ENERGISA,2023,2024,0.9176,18983,17850,font_heading,font_heading
015539,Neoenergia SA,2010,2011,0.9612,24451,23444,font_heading,font_heading
015539,Neoenergia SA,2011,2012,0.8984,23444,29599,font_heading,font_heading
015539,Neoenergia SA,2012,2013,0.0204,29599,1388,font_heading,regex_only
015539,Neoenergia SA,2013,2014,0.2492,1388,6715,regex_only,regex_only
015539,Neoenergia SA,2014,2015,0.0248,6715,4423,regex_only,font_heading
015539,Neoenergia SA,2015,2016,0.7851,4423,4606,font_heading,font_heading
015539,Neoenergia SA,2016,2017,0.2185,4606,30585,font_heading,regex_only
015539,Neoenergia SA,2017,2018,0.3962,30585,116319,regex_only,font_heading
015539,Neoenergia SA,2018,2019,0.2234,116319,2864,font_heading,font_heading
015539,Neoenergia SA,2019,2020,0.1465,2864,6335,font_heading,font_heading
015539,Neoenergia SA,2020,2021,0.8833,6335,7187,font_heading,font_heading
015539,Neoenergia SA,2021,2022,0.6213,7187,14041,font_heading,font_heading
015539,Neoenergia SA,2022,2023,0.2179,14041,1153,font_heading,font_heading
015539,Neoenergia SA,2023,2024,0.8833,1153,1149,font_heading,font_heading
015539,Neoenergia SA,2024,2025,1.0,1149,1059,font_heading,font_heading
015636,Cia de Gas de Sao Paulo SA,2010,2011,0.8402,4013,5685,font_heading,font_heading
015636,Cia de Gas de Sao Paulo SA,2011,2012,0.8949,5685,6416,font_heading,font_heading
015636,Cia de Gas de Sao Paulo SA,2012,2013,0.8941,6416,8323,font_heading,font_heading
015636,Cia de Gas de Sao Paulo SA,2013,2014,0.7067,8323,6858,font_heading,font_heading
015636,Cia de Gas de Sao Paulo SA,2014,2015,0.8746,6858,8425,font_heading,font_heading
015636,Cia de Gas de Sao Paulo SA,2015,2016,0.9576,8425,9967,font_heading,font_heading
015636,Cia de Gas de Sao Paulo SA,2016,2017,0.4548,9967,49340,font_heading,font_heading
015636,Cia de Gas de Sao Paulo SA,2017,2018,0.1441,49340,679,font_heading,font_heading
015636,Cia de Gas de Sao Paulo SA,2018,2019,0.9084,679,977,font_heading,font_heading
015636,Cia de Gas de Sao Paulo SA,2019,2020,0.3401,977,5877,font_heading,font_heading
015636,Cia de Gas de Sao Paulo SA,2020,2021,0.6877,5877,4232,font_heading,font_heading
015636,Cia de Gas de Sao Paulo SA,2021,2022,0.123,4232,13624,font_heading,regex_only
015636,Cia de Gas de Sao Paulo SA,2022,2023,0.0623,13624,496,regex_only,regex_only
015636,Cia de Gas de Sao Paulo SA,2023,2024,0.0505,496,12676,regex_only,regex_only
015636,Cia de Gas de Sao Paulo SA,2024,2025,0.1857,12676,17177,regex_only,font_heading
016101,Gafisa S.A.,2010,2011,0.8007,13136,13988,font_heading,font_heading
016101,Gafisa S.A.,2011,2012,0.7964,13988,21045,font_heading,font_heading
016101,Gafisa S.A.,2012,2013,0.8066,21045,14072,font_heading,font_heading
016101,Gafisa S.A.,2013,2014,0.8517,14072,11422,font_heading,font_heading
016101,Gafisa S.A.,2014,2015,0.9208,11422,9999,font_heading,font_heading
016101,Gafisa S.A.,2015,2016,0.8959,9999,9460,font_heading,font_heading
016101,Gafisa S.A.,2016,2017,0.9155,9460,9321,font_heading,font_heading
016101,Gafisa S.A.,2017,2018,0.9108,9321,10509,font_heading,font_heading
016101,Gafisa S.A.,2018,2019,0.9112,10509,7976,font_heading,font_heading
016101,Gafisa S.A.,2019,2020,0.9114,7976,9382,font_heading,font_heading
016101,Gafisa S.A.,2020,2021,0.9081,9382,9858,font_heading,font_heading
016101,Gafisa S.A.,2021,2022,0.8718,9858,8175,font_heading,font_heading
016101,Gafisa S.A.,2022,2023,0.8698,8175,8508,font_heading,font_heading
016101,Gafisa S.A.,2023,2024,0.8615,8508,7299,font_heading,font_heading
016292,BRF S.A.,2010,2011,0.209,12631,18057,font_heading,regex_only
016292,BRF S.A.,2011,2012,0.1964,18057,12616,regex_only,font_heading
016292,BRF S.A.,2012,2013,0.8043,12616,14027,font_heading,font_heading
016292,BRF S.A.,2013,2014,0.9309,14027,13185,font_heading,font_heading
016292,BRF S.A.,2014,2015,0.944,13185,14058,font_heading,font_heading
016292,BRF S.A.,2015,2016,0.9444,14058,16252,font_heading,font_heading
016292,BRF S.A.,2016,2017,0.9665,16252,17315,font_heading,font_heading
016292,BRF S.A.,2017,2018,0.8799,17315,21724,font_heading,font_heading
016292,BRF S.A.,2018,2019,0.0821,21724,578,font_heading,font_heading
016292,BRF S.A.,2019,2020,0.038,578,4833,font_heading,regex_only
016292,BRF S.A.,2020,2021,0.8175,4833,5457,regex_only,regex_only
016292,BRF S.A.,2021,2022,0.8395,5457,4879,regex_only,regex_only
016292,BRF S.A.,2022,2023,0.0766,4879,7521,regex_only,font_heading
016292,BRF S.A.,2023,2024,0.9411,7521,7917,font_heading,font_heading
016306,Rossi Residencial S.A. - Em Recuperação Judicial,2010,2011,0.0721,7644,480,font_heading,regex_only
016306,Rossi Residencial S.A. - Em Recuperação Judicial,2011,2012,0.1013,480,10716,regex_only,font_heading
016306,Rossi Residencial S.A. - Em Recuperação Judicial,2012,2013,0.6749,10716,5650,font_heading,font_heading
016306,Rossi Residencial S.A. - Em Recuperação Judicial,2013,2014,0.7588,5650,10127,font_heading,font_heading
016306,Rossi Residencial S.A. - Em Recuperação Judicial,2014,2015,0.6169,10127,7447,font_heading,font_heading
016306,Rossi Residencial S.A. - Em Recuperação Judicial,2015,2016,0.1957,7447,2722,font_heading,font_heading
016306,Rossi Residencial S.A. - Em Recuperação Judicial,2016,2017,0.0943,2722,351,font_heading,font_heading
016306,Rossi Residencial S.A. - Em Recuperação Judicial,2017,2018,0.3569,351,2317,font_heading,font_heading
016306,Rossi Residencial S.A. - Em Recuperação Judicial,2018,2019,0.3569,2317,342,font_heading,font_heading
016306,Rossi Residencial S.A. - Em Recuperação Judicial,2019,2020,1.0,342,330,font_heading,font_heading
016306,Rossi Residencial S.A. - Em Recuperação Judicial,2020,2021,0.1621,330,6777,font_heading,font_heading
016306,Rossi Residencial S.A. - Em Recuperação Judicial,2021,2022,0.3596,6777,592,font_heading,font_heading
016306,Rossi Residencial S.A. - Em Recuperação Judicial,2022,2023,0.6888,592,532,font_heading,font_heading
016306,Rossi Residencial S.A. - Em Recuperação Judicial,2023,2024,0.2043,532,4224,font_heading,font_heading
017329,ENGIE BRASIL,2010,2011,0.0,670,2661,font_heading,font_heading
017329,ENGIE BRASIL,2011,2012,0.002,2661,4876,font_heading,regex_only
017329,ENGIE BRASIL,2012,2013,0.0219,4876,234,regex_only,font_heading
017329,ENGIE BRASIL,2013,2014,0.0413,234,14428,font_heading,font_heading
017329,ENGIE BRASIL,2014,2015,0.0453,14428,242,font_heading,font_heading
017329,ENGIE BRASIL,2015,2016,1.0,242,242,font_heading,font_heading
017329,ENGIE BRASIL,2016,2017,0.1001,242,3983,font_heading,font_heading
017329,ENGIE BRASIL,2017,2018,0.9339,3983,4181,font_heading,font_heading
017329,ENGIE BRASIL,2018,2019,0.0823,4181,325,font_heading,font_heading
017329,ENGIE BRASIL,2019,2021,0.1912,325,25142,font_heading,font_heading
017329,ENGIE BRASIL,2021,2022,0.1144,25142,244,font_heading,font_heading
017329,ENGIE BRASIL,2022,2023,0.0697,244,382,font_heading,font_heading
017329,ENGIE BRASIL,2023,2024,0.4151,382,1127,font_heading,font_heading
017450,RUMO S.A.,2010,2011,0.9054,7505,11828,font_heading,font_heading
017450,RUMO S.A.,2011,2012,0.0487,11828,719,font_heading,regex_only
017450,RUMO S.A.,2012,2013,0.0417,719,8015,regex_only,font_heading
017450,RUMO S.A.,2013,2014,0.7657,8015,9752,font_heading,font_heading
017450,RUMO S.A.,2014,2015,0.2171,9752,3870,font_heading,font_heading
017450,RUMO S.A.,2015,2016,0.2454,3870,7952,font_heading,font_heading
017450,RUMO S.A.,2016,2017,0.7859,7952,8119,font_heading,font_heading
017450,RUMO S.A.,2017,2018,0.8213,8119,8182,font_heading,font_heading
017450,RUMO S.A.,2018,2019,0.1504,8182,3119,font_heading,font_heading
017450,RUMO S.A.,2019,2020,0.0776,3119,5555,font_heading,font_heading
017450,RUMO S.A.,2020,2021,0.0911,5555,6332,font_heading,regex_only
017450,RUMO S.A.,2021,2022,0.9951,6332,6541,regex_only,regex_only
017450,RUMO S.A.,2022,2023,0.1465,6541,35683,regex_only,font_heading
017450,RUMO S.A.,2023,2024,0.9617,35683,38856,font_heading,font_heading
017639,TIM Participacoes SA,2011,2012,0.8962,7272,8906,font_heading,font_heading
017639,TIM Participacoes SA,2012,2013,0.9068,8906,11300,font_heading,font_heading
017639,TIM Participacoes SA,2013,2014,0.9122,11300,8088,font_heading,font_heading
017639,TIM Participacoes SA,2014,2015,0.7903,8088,6079,font_heading,font_heading
017639,TIM Participacoes SA,2015,2016,0.0248,6079,1772,font_heading,font_heading
017639,TIM Participacoes SA,2016,2017,0.0352,1772,6568,font_heading,font_heading
017639,TIM Participacoes SA,2017,2018,0.8681,6568,6357,font_heading,font_heading
017639,TIM Participacoes SA,2018,2019,0.8766,6357,6240,font_heading,font_heading
017671,TELEF BRASIL,2010,2011,0.34,1797,15931,font_heading,font_heading
017671,TELEF BRASIL,2011,2012,0.878,15931,20580,font_heading,font_heading
017671,TELEF BRASIL,2012,2013,0.89,20580,23636,font_heading,font_heading
017671,TELEF BRASIL,2013,2014,0.8321,23636,23534,font_heading,font_heading
017671,TELEF BRASIL,2014,2015,0.7953,23534,28026,font_heading,font_heading
017671,TELEF BRASIL,2015,2016,0.7567,28026,17162,font_heading,font_heading
017671,TELEF BRASIL,2016,2017,0.6586,17162,8175,font_heading,font_heading
017671,TELEF BRASIL,2017,2018,0.9178,8175,10249,font_heading,font_heading
017671,TELEF BRASIL,2018,2019,0.7222,10249,7547,font_heading,font_heading
017671,TELEF BRASIL,2019,2020,0.8558,7547,12121,font_heading,font_heading
017671,TELEF BRASIL,2020,2021,0.7142,12121,6982,font_heading,font_heading
017671,TELEF BRASIL,2021,2022,0.1476,6982,5949,font_heading,regex_only
017671,TELEF BRASIL,2022,2023,0.2099,5949,15075,regex_only,font_heading
017671,TELEF BRASIL,2023,2024,0.8103,15075,18193,font_heading,font_heading
017892,Santos Brasil Participações S.A.,2010,2011,0.9263,5883,6853,font_heading,font_heading
017892,Santos Brasil Participações S.A.,2011,2012,0.8443,6853,5831,font_heading,font_heading
017892,Santos Brasil Participações S.A.,2012,2013,0.8994,5831,3989,font_heading,font_heading
017892,Santos Brasil Participações S.A.,2013,2014,0.8721,3989,3963,font_heading,font_heading
017892,Santos Brasil Participações S.A.,2014,2015,0.9385,3963,4688,font_heading,font_heading
017892,Santos Brasil Participações S.A.,2015,2016,0.8093,4688,6844,font_heading,font_heading
017892,Santos Brasil Participações S.A.,2016,2017,0.7334,6844,4598,font_heading,font_heading
017892,Santos Brasil Participações S.A.,2017,2018,0.6673,4598,6202,font_heading,font_heading
017892,Santos Brasil Participações S.A.,2018,2019,0.8326,6202,8711,font_heading,font_heading
017892,Santos Brasil Participações S.A.,2019,2020,0.8263,8711,7312,font_heading,font_heading
017892,Santos Brasil Participações S.A.,2020,2021,0.9599,7312,7143,font_heading,font_heading
017892,Santos Brasil Participações S.A.,2021,2022,0.9586,7143,7046,font_heading,font_heading
017892,Santos Brasil Participações S.A.,2022,2023,0.8323,7046,5564,font_heading,font_heading
017892,Santos Brasil Participações S.A.,2023,2024,0.8599,5564,7757,font_heading,font_heading
017914,Massa Falida da MMX Mineração e Metálicos S.A.,2010,2011,0.7697,7070,3738,font_heading,font_heading
017914,Massa Falida da MMX Mineração e Metálicos S.A.,2011,2012,0.4587,3738,4116,font_heading,font_heading
017914,Massa Falida da MMX Mineração e Metálicos S.A.,2012,2013,0.7861,4116,6043,font_heading,font_heading
017914,Massa Falida da MMX Mineração e Metálicos S.A.,2013,2014,0.5245,6043,1649,font_heading,font_heading
017914,Massa Falida da MMX Mineração e Metálicos S.A.,2014,2015,0.8652,1649,1008,font_heading,font_heading
017914,Massa Falida da MMX Mineração e Metálicos S.A.,2015,2016,0.0,1008,296,font_heading,font_heading
017914,Massa Falida da MMX Mineração e Metálicos S.A.,2016,2018,0.3515,296,355,font_heading,font_heading
017914,Massa Falida da MMX Mineração e Metálicos S.A.,2018,2019,0.0954,355,45386,font_heading,font_heading
017914,Massa Falida da MMX Mineração e Metálicos S.A.,2019,2020,0.4134,45386,1405,font_heading,regex_only
017973,COGNA ON,2010,2011,0.4233,16541,8108,regex_only,regex_only
017973,COGNA ON,2011,2012,0.8058,8108,7654,regex_only,regex_only
017973,COGNA ON,2012,2013,0.1967,7654,4153,regex_only,font_heading
017973,COGNA ON,2013,2014,0.5463,4153,7624,font_heading,font_heading
017973,COGNA ON,2014,2015,0.6802,7624,4975,font_heading,font_heading
017973,COGNA ON,2015,2016,0.8332,4975,3968,font_heading,font_heading
017973,COGNA ON,2016,2017,0.9719,3968,3638,font_heading,font_heading
017973,COGNA ON,2017,2018,0.4373,3638,4416,font_heading,font_heading
017973,COGNA ON,2018,2019,0.1307,4416,2791,font_heading,regex_only
017973,COGNA ON,2019,2020,0.2371,2791,2263,regex_only,regex_only
017973,COGNA ON,2020,2021,0.1346,2263,7109,regex_only,regex_only
017973,COGNA ON,2021,2022,0.1763,7109,1844,regex_only,regex_only
017973,COGNA ON,2022,2023,0.1745,1844,6288,regex_only,regex_only
017973,COGNA ON,2023,2024,0.2539,6288,7370,regex_only,font_heading
018112,Cia de Bebidas das Americas-Ambev,2010,2011,0.6668,7608,4698,font_heading,font_heading
018112,Cia de Bebidas das Americas-Ambev,2011,2012,0.7992,4698,3427,font_heading,font_heading
018350,AES Tiete SA,2010,2012,0.5293,5353,6396,font_heading,font_heading
018350,AES Tiete SA,2012,2013,0.9106,6396,8936,font_heading,font_heading
018350,AES Tiete SA,2013,2014,0.9493,8936,10457,font_heading,font_heading
018376,ISA ENERGIA,2010,2011,0.0711,22902,1465,regex_only,regex_only
018376,ISA ENERGIA,2011,2012,0.2478,1465,17636,regex_only,font_heading
018376,ISA ENERGIA,2012,2013,0.8124,17636,13921,font_heading,font_heading
018376,ISA ENERGIA,2013,2014,0.9257,13921,12130,font_heading,font_heading
018376,ISA ENERGIA,2014,2015,0.9295,12130,11348,font_heading,font_heading
018376,ISA ENERGIA,2015,2016,0.9748,11348,12544,font_heading,font_heading
018376,ISA ENERGIA,2016,2017,0.8745,12544,19250,font_heading,font_heading
018376,ISA ENERGIA,2017,2018,0.6972,19250,15529,font_heading,font_heading
018376,ISA ENERGIA,2018,2019,0.0974,15529,13122,font_heading,regex_only
018376,ISA ENERGIA,2019,2020,0.0146,13122,101,regex_only,font_heading
018376,ISA ENERGIA,2020,2021,0.0753,101,17697,font_heading,font_heading
018376,ISA ENERGIA,2021,2022,0.0491,17697,137,font_heading,font_heading
018376,ISA ENERGIA,2022,2023,0.0297,137,8302,font_heading,regex_only
018376,ISA ENERGIA,2023,2024,0.0297,8302,137,regex_only,font_heading
018465,ULTRAPAR,2010,2011,0.8541,15528,14492,font_heading,font_heading
018465,ULTRAPAR,2011,2012,0.1489,14492,1399,font_heading,regex_only
018465,ULTRAPAR,2012,2013,0.1647,1399,19898,regex_only,font_heading
018465,ULTRAPAR,2013,2014,0.9427,19898,17312,font_heading,font_heading
018465,ULTRAPAR,2014,2015,0.9465,17312,16113,font_heading,font_heading
018465,ULTRAPAR,2015,2016,0.9475,16113,18070,font_heading,font_heading
018465,ULTRAPAR,2016,2017,0.9222,18070,21145,font_heading,font_heading
018465,ULTRAPAR,2017,2018,0.9207,21145,22697,font_heading,font_heading
018465,ULTRAPAR,2018,2019,0.2941,22697,7980,font_heading,regex_only
018465,ULTRAPAR,2019,2020,0.2053,7980,7765,regex_only,font_heading
018465,ULTRAPAR,2020,2022,0.7124,7765,15272,font_heading,font_heading
018465,ULTRAPAR,2022,2023,0.4924,15272,3756,font_heading,font_heading
018465,ULTRAPAR,2023,2024,0.2636,3756,1063,font_heading,font_heading
018627,Cia. de Saneamento do Paraná (Sanepar),2011,2012,0.4293,38619,373,regex_only,font_heading
018627,Cia. de Saneamento do Paraná (Sanepar),2012,2013,0.0682,373,14723,font_heading,font_heading
018627,Cia. de Saneamento do Paraná (Sanepar),2013,2014,0.1228,14723,24218,font_heading,regex_only
018627,Cia. de Saneamento do Paraná (Sanepar),2014,2015,0.7242,24218,29849,regex_only,regex_only
018627,Cia. de Saneamento do Paraná (Sanepar),2015,2016,0.775,29849,36790,regex_only,regex_only
018627,Cia. de Saneamento do Paraná (Sanepar),2016,2017,0.0561,36790,1241,regex_only,font_heading
018627,Cia. de Saneamento do Paraná (Sanepar),2017,2018,0.361,1241,11296,font_heading,font_heading
018627,Cia. de Saneamento do Paraná (Sanepar),2018,2019,0.8922,11296,14689,font_heading,font_heading
018627,Cia. de Saneamento do Paraná (Sanepar),2019,2020,0.9212,14689,18037,font_heading,font_heading
018627,Cia. de Saneamento do Paraná (Sanepar),2020,2021,0.9927,18037,19434,font_heading,font_heading
018627,Cia. de Saneamento do Paraná (Sanepar),2021,2022,0.9871,19434,20248,font_heading,font_heading
018627,Cia. de Saneamento do Paraná (Sanepar),2022,2023,0.9922,20248,19989,font_heading,font_heading
018627,Cia. de Saneamento do Paraná (Sanepar),2023,2024,0.8392,19989,16772,font_heading,font_heading
018660,CPFL ENERGIA,2010,2011,0.5971,458,829,font_heading,font_heading
018660,CPFL ENERGIA,2011,2012,0.7549,829,2420,font_heading,font_heading
018660,CPFL ENERGIA,2012,2013,0.8187,2420,4436,font_heading,font_heading
018660,CPFL ENERGIA,2013,2014,0.8293,4436,3403,font_heading,font_heading
018660,CPFL ENERGIA,2014,2015,0.9107,3403,4678,font_heading,font_heading
018660,CPFL ENERGIA,2015,2016,0.9096,4678,4904,font_heading,font_heading
018660,CPFL ENERGIA,2016,2017,0.4979,4904,19138,font_heading,font_heading
018660,CPFL ENERGIA,2017,2018,0.5816,19138,10117,font_heading,font_heading
018660,CPFL ENERGIA,2018,2019,0.8947,10117,7733,font_heading,font_heading
018660,CPFL ENERGIA,2019,2020,0.9191,7733,7737,font_heading,font_heading
018660,CPFL ENERGIA,2020,2021,0.5868,7737,1691,font_heading,font_heading
018660,CPFL ENERGIA,2021,2022,0.6325,1691,9052,font_heading,font_heading
018660,CPFL ENERGIA,2022,2023,0.9724,9052,8482,font_heading,font_heading
018660,CPFL ENERGIA,2023,2024,0.461,8482,4118,font_heading,font_heading
018724,BRADESPAR,2010,2011,0.4666,7934,2379,font_heading,font_heading
018724,BRADESPAR,2011,2012,0.907,2379,1976,font_heading,font_heading
018724,BRADESPAR,2012,2013,0.9396,1976,2862,font_heading,font_heading
018724,BRADESPAR,2013,2014,0.8728,2862,1956,font_heading,font_heading
018724,BRADESPAR,2014,2015,0.6353,1956,1654,font_heading,font_heading
018724,BRADESPAR,2015,2016,0.2378,1654,43152,font_heading,font_heading
018724,BRADESPAR,2016,2017,0.911,43152,58200,font_heading,font_heading
018724,BRADESPAR,2017,2018,0.8137,58200,63961,font_heading,font_heading
018724,BRADESPAR,2018,2019,0.3811,63961,2393,font_heading,font_heading
018724,BRADESPAR,2019,2020,0.8696,2393,2468,font_heading,font_heading
018724,BRADESPAR,2020,2021,0.1037,2468,24268,font_heading,regex_only
018821,MOTIVA SA,2010,2011,0.6744,25484,40609,font_heading,font_heading
018821,MOTIVA SA,2011,2012,0.1113,40609,272,font_heading,regex_only
018821,MOTIVA SA,2012,2013,0.039,272,9556,regex_only,font_heading
018821,MOTIVA SA,2013,2014,0.9757,9556,9391,font_heading,font_heading
018821,MOTIVA SA,2014,2015,0.9381,9391,9423,font_heading,font_heading
018821,MOTIVA SA,2015,2016,0.9281,9423,13449,font_heading,font_heading
018821,MOTIVA SA,2016,2017,0.9208,13449,11710,font_heading,font_heading
018821,MOTIVA SA,2017,2018,0.945,11710,9348,font_heading,font_heading
018821,MOTIVA SA,2018,2019,0.2958,9348,4644,font_heading,font_heading
018821,MOTIVA SA,2019,2020,0.588,4644,31458,font_heading,font_heading
018821,MOTIVA SA,2020,2021,0.8213,31458,54787,font_heading,font_heading
018821,MOTIVA SA,2021,2022,0.6852,54787,13867,font_heading,font_heading
018821,MOTIVA SA,2022,2023,0.9406,13867,12155,font_heading,font_heading
018821,MOTIVA SA,2023,2024,0.0465,12155,2349,font_heading,regex_only
018961,Anhanguera Educacional Participacoes S/A,2010,2011,0.8601,7318,9695,font_heading,font_heading
018961,Anhanguera Educacional Participacoes S/A,2011,2012,0.9057,9695,9341,font_heading,font_heading
018961,Anhanguera Educacional Participacoes S/A,2012,2013,0.9692,9341,10159,font_heading,font_heading
018970,AES Tiete Energia SA,2010,2011,0.9261,21324,17273,font_heading,font_heading
018970,AES Tiete Energia SA,2011,2012,0.8438,17273,23970,font_heading,font_heading
018970,AES Tiete Energia SA,2012,2013,0.9736,23970,21373,font_heading,font_heading
018970,AES Tiete Energia SA,2013,2014,0.9887,21373,24916,font_heading,font_heading
018970,AES Tiete Energia SA,2014,2015,0.2276,24916,105048,font_heading,font_heading
018970,AES Tiete Energia SA,2015,2016,0.9141,105048,111518,font_heading,font_heading
018970,AES Tiete Energia SA,2016,2017,0.1498,111518,1974,font_heading,regex_only
018970,AES Tiete Energia SA,2017,2018,0.2218,1974,23115,regex_only,regex_only
018970,AES Tiete Energia SA,2018,2019,0.1378,23115,18844,regex_only,font_heading
018970,AES Tiete Energia SA,2019,2020,0.8016,18844,15938,font_heading,font_heading
019445,COPASA,2010,2011,0.9812,17572,20361,font_heading,font_heading
019445,COPASA,2011,2012,0.9584,20361,24805,font_heading,font_heading
019445,COPASA,2012,2013,0.9548,24805,26143,font_heading,font_heading
019445,COPASA,2013,2014,0.9416,26143,24595,font_heading,font_heading
019445,COPASA,2014,2015,0.5592,24595,16283,font_heading,font_heading
019445,COPASA,2015,2016,0.8344,16283,10847,font_heading,font_heading
019445,COPASA,2016,2017,0.7324,10847,8160,font_heading,font_heading
019445,COPASA,2017,2018,0.7819,8160,11609,font_heading,font_heading
019445,COPASA,2018,2019,0.1108,11609,2137,font_heading,font_heading
019445,COPASA,2019,2020,0.9411,2137,1778,font_heading,font_heading
019445,COPASA,2020,2021,0.1574,1778,11512,font_heading,font_heading
019445,COPASA,2021,2022,0.8096,11512,8878,font_heading,font_heading
019445,COPASA,2022,2023,0.19,8878,1971,font_heading,font_heading
019445,COPASA,2023,2024,0.1679,1971,9557,font_heading,font_heading
019453,Ecorodovias Infraestrutura e Logística S.A.,2011,2012,0.3528,12746,12126,font_heading,font_heading
019453,Ecorodovias Infraestrutura e Logística S.A.,2012,2013,0.3003,12126,15705,font_heading,font_heading
019453,Ecorodovias Infraestrutura e Logística S.A.,2013,2014,0.8276,15705,13159,font_heading,font_heading
019453,Ecorodovias Infraestrutura e Logística S.A.,2014,2015,0.9071,13159,15235,font_heading,font_heading
019453,Ecorodovias Infraestrutura e Logística S.A.,2015,2016,0.917,15235,14580,font_heading,font_heading
019453,Ecorodovias Infraestrutura e Logística S.A.,2016,2017,0.498,14580,25398,font_heading,font_heading
019453,Ecorodovias Infraestrutura e Logística S.A.,2017,2018,0.8886,25398,30686,font_heading,font_heading
019453,Ecorodovias Infraestrutura e Logística S.A.,2018,2019,0.9827,30686,36829,font_heading,font_heading
019453,Ecorodovias Infraestrutura e Logística S.A.,2019,2020,0.3969,36829,8710,font_heading,font_heading
019453,Ecorodovias Infraestrutura e Logística S.A.,2020,2021,0.9051,8710,10566,font_heading,font_heading
019453,Ecorodovias Infraestrutura e Logística S.A.,2021,2022,0.3687,10566,13937,font_heading,font_heading
019453,Ecorodovias Infraestrutura e Logística S.A.,2022,2023,0.7821,13937,9155,font_heading,font_heading
019453,Ecorodovias Infraestrutura e Logística S.A.,2023,2024,0.3658,9155,10653,font_heading,font_heading
019550,NATURA,2010,2011,0.8192,3482,3236,regex_only,regex_only
019550,NATURA,2011,2012,0.5688,3236,7021,regex_only,regex_only
019550,NATURA,2012,2013,0.3414,7021,4171,regex_only,font_heading
019550,NATURA,2013,2014,0.7552,4171,9018,font_heading,font_heading
019550,NATURA,2014,2015,0.9889,9018,9237,font_heading,font_heading
019550,NATURA,2015,2016,0.4199,9237,5875,font_heading,regex_only
019550,NATURA,2016,2017,0.4269,5875,15583,regex_only,font_heading
019550,NATURA,2017,2018,0.0683,15583,357,font_heading,font_heading
019550,NATURA,2018,2019,0.0978,357,128,font_heading,font_heading
019550,NATURA,2019,2020,1.0,128,189,font_heading,font_heading
019550,NATURA,2020,2021,1.0,189,177,font_heading,font_heading
019550,NATURA,2021,2022,1.0,177,177,font_heading,font_heading
019550,NATURA,2022,2024,1.0,177,171,font_heading,font_heading
019569,Gol Linhas Aéreas Inteligentes S.A.,2010,2011,0.803,14125,18663,font_heading,font_heading
019569,Gol Linhas Aéreas Inteligentes S.A.,2011,2012,0.8072,18663,22460,font_heading,font_heading
019569,Gol Linhas Aéreas Inteligentes S.A.,2012,2013,0.7723,22460,16187,font_heading,font_heading
019569,Gol Linhas Aéreas Inteligentes S.A.,2013,2014,0.7852,16187,12215,font_heading,font_heading
019569,Gol Linhas Aéreas Inteligentes S.A.,2014,2015,0.8646,12215,12418,font_heading,font_heading
019569,Gol Linhas Aéreas Inteligentes S.A.,2015,2016,0.7952,12418,6087,font_heading,font_heading
019569,Gol Linhas Aéreas Inteligentes S.A.,2016,2017,0.8751,6087,15564,font_heading,font_heading
019569,Gol Linhas Aéreas Inteligentes S.A.,2017,2018,0.865,15564,15388,font_heading,font_heading
019569,Gol Linhas Aéreas Inteligentes S.A.,2018,2019,0.7514,15388,13222,font_heading,font_heading
019569,Gol Linhas Aéreas Inteligentes S.A.,2019,2020,0.6871,13222,17146,font_heading,font_heading
019569,Gol Linhas Aéreas Inteligentes S.A.,2020,2021,0.8417,17146,14631,font_heading,font_heading
019569,Gol Linhas Aéreas Inteligentes S.A.,2021,2022,0.8952,14631,15643,font_heading,font_heading
019569,Gol Linhas Aéreas Inteligentes S.A.,2022,2023,0.159,15643,868,font_heading,font_heading
019569,Gol Linhas Aéreas Inteligentes S.A.,2023,2024,0.0108,868,382,font_heading,font_heading
019615,Grendene SA,2010,2011,0.1184,12037,4377,regex_only,font_heading
019615,Grendene SA,2011,2012,0.9449,4377,4654,font_heading,font_heading
019615,Grendene SA,2012,2013,0.8184,4654,2755,font_heading,font_heading
019615,Grendene SA,2013,2014,0.9829,2755,2857,font_heading,font_heading
019615,Grendene SA,2014,2015,0.0566,2857,12130,font_heading,regex_only
019615,Grendene SA,2015,2016,0.0574,12130,52,regex_only,font_heading
019615,Grendene SA,2016,2017,0.9511,52,38,font_heading,font_heading
019615,Grendene SA,2017,2018,1.0,38,38,font_heading,font_heading
019615,Grendene SA,2018,2019,0.0303,38,5572,font_heading,font_heading
019615,Grendene SA,2019,2020,0.8196,5572,4671,font_heading,font_heading
019615,Grendene SA,2020,2021,0.2571,4671,18289,font_heading,regex_only
019615,Grendene SA,2021,2022,0.7602,18289,12057,regex_only,regex_only
019615,Grendene SA,2022,2023,0.055,12057,2214,regex_only,font_heading
019615,Grendene SA,2023,2024,0.0476,2214,17893,font_heading,regex_only
019615,Grendene SA,2024,2025,0.0551,17893,2030,regex_only,font_heading
019623,Diagnósticos da América S.A. (Dasa),2010,2011,0.827,8700,8435,font_heading,font_heading
019623,Diagnósticos da América S.A. (Dasa),2011,2012,0.8208,8435,10744,font_heading,font_heading
019623,Diagnósticos da América S.A. (Dasa),2012,2013,0.9047,10744,11315,font_heading,font_heading
019623,Diagnósticos da América S.A. (Dasa),2013,2014,0.949,11315,10153,font_heading,font_heading
019623,Diagnósticos da América S.A. (Dasa),2014,2015,0.9304,10153,14621,font_heading,font_heading
019623,Diagnósticos da América S.A. (Dasa),2015,2016,0.9336,14621,15689,font_heading,font_heading
019623,Diagnósticos da América S.A. (Dasa),2016,2017,0.5616,15689,7299,font_heading,font_heading
019623,Diagnósticos da América S.A. (Dasa),2017,2018,0.7306,7299,4634,font_heading,font_heading
019623,Diagnósticos da América S.A. (Dasa),2018,2019,0.8957,4634,3530,font_heading,font_heading
019623,Diagnósticos da América S.A. (Dasa),2019,2020,0.8952,3530,5414,font_heading,font_heading
019623,Diagnósticos da América S.A. (Dasa),2020,2021,0.7138,5414,9547,font_heading,font_heading
019623,Diagnósticos da América S.A. (Dasa),2021,2022,0.8249,9547,5936,font_heading,font_heading
019623,Diagnósticos da América S.A. (Dasa),2022,2023,0.3918,5936,1547,font_heading,font_heading
019623,Diagnósticos da América S.A. (Dasa),2023,2024,0.2177,1547,10077,font_heading,font_heading
019739,LOCALIZA,2010,2011,0.9375,12373,16187,font_heading,font_heading
019739,LOCALIZA,2011,2012,0.3164,16187,20716,font_heading,regex_only
019739,LOCALIZA,2012,2013,0.2936,20716,1422,regex_only,font_heading
019739,LOCALIZA,2013,2014,0.3817,1422,21140,font_heading,regex_only
019739,LOCALIZA,2014,2015,0.8837,21140,23783,regex_only,regex_only
019739,LOCALIZA,2015,2016,0.4264,23783,13819,regex_only,font_heading
019739,LOCALIZA,2016,2017,0.9322,13819,18495,font_heading,font_heading
019739,LOCALIZA,2017,2018,0.6728,18495,1012,font_heading,font_heading
019739,LOCALIZA,2018,2019,0.7439,1012,15977,font_heading,font_heading
019739,LOCALIZA,2019,2020,0.9313,15977,10470,font_heading,font_heading
019739,LOCALIZA,2020,2021,0.9826,10470,11718,font_heading,font_heading
019739,LOCALIZA,2021,2022,0.747,11718,22520,font_heading,font_heading
019739,LOCALIZA,2022,2023,0.945,22520,24362,font_heading,font_heading
019739,LOCALIZA,2023,2024,0.951,24362,27006,font_heading,font_heading
019763,EDP Energias do Brasil S/A,2010,2011,0.8657,69988,64535,font_heading,font_heading
019763,EDP Energias do Brasil S/A,2011,2012,0.5177,64535,177605,font_heading,font_heading
019763,EDP Energias do Brasil S/A,2012,2013,0.847,177605,173652,font_heading,font_heading
019763,EDP Energias do Brasil S/A,2013,2014,0.087,173652,981,font_heading,font_heading
019763,EDP Energias do Brasil S/A,2014,2015,0.4296,981,687,font_heading,font_heading
019763,EDP Energias do Brasil S/A,2015,2016,0.9169,687,707,font_heading,font_heading
019763,EDP Energias do Brasil S/A,2016,2017,0.9907,707,709,font_heading,font_heading
019763,EDP Energias do Brasil S/A,2017,2018,0.0039,709,904,font_heading,font_heading
019763,EDP Energias do Brasil S/A,2018,2019,0.0039,904,776,font_heading,font_heading
019763,EDP Energias do Brasil S/A,2019,2020,1.0,776,756,font_heading,font_heading
019763,EDP Energias do Brasil S/A,2020,2021,0.9304,756,872,font_heading,font_heading
019763,EDP Energias do Brasil S/A,2021,2022,1.0,872,790,font_heading,font_heading
019763,EDP Energias do Brasil S/A,2022,2023,0.9304,790,765,font_heading,font_heading
019763,EDP Energias do Brasil S/A,2023,2024,0.9644,765,643,font_heading,font_heading
019771,Arteris SA,2010,2012,0.6682,8319,13344,font_heading,font_heading
019771,Arteris SA,2012,2013,0.9108,13344,18273,font_heading,font_heading
019771,Arteris SA,2013,2014,0.759,18273,10144,font_heading,font_heading
019771,Arteris SA,2014,2015,0.0,10144,257,font_heading,font_heading
019771,Arteris SA,2015,2016,0.1122,257,12330,font_heading,font_heading
019771,Arteris SA,2016,2017,0.1122,12330,257,font_heading,font_heading
019771,Arteris SA,2017,2018,0.0788,257,14771,font_heading,font_heading
019771,Arteris SA,2018,2019,0.9109,14771,15344,font_heading,font_heading
019771,Arteris SA,2019,2020,0.7482,15344,24190,font_heading,font_heading
019771,Arteris SA,2020,2021,0.8193,24190,10435,font_heading,font_heading
019771,Arteris SA,2021,2022,0.9047,10435,7520,font_heading,font_heading
019771,Arteris SA,2022,2023,0.5177,7520,25076,font_heading,font_heading
019771,Arteris SA,2023,2024,0.985,25076,26850,font_heading,font_heading
019771,Arteris SA,2024,2025,0.6969,26850,51393,font_heading,font_heading
019836,COSAN,2011,2012,0.8011,7137,6857,font_heading,font_heading
019836,COSAN,2012,2013,0.5779,6857,8130,font_heading,font_heading
019836,COSAN,2013,2014,0.9234,8130,7553,font_heading,font_heading
019836,COSAN,2014,2015,0.3727,7553,43724,font_heading,font_heading
019836,COSAN,2015,2016,0.3547,43724,11221,font_heading,font_heading
019836,COSAN,2016,2017,0.8768,11221,12545,font_heading,font_heading
019836,COSAN,2017,2018,0.3588,12545,4903,font_heading,font_heading
019836,COSAN,2018,2019,0.8005,4903,4560,font_heading,font_heading
019836,COSAN,2019,2020,0.6376,4560,10620,font_heading,font_heading
019836,COSAN,2020,2021,0.7784,10620,12354,font_heading,font_heading
019836,COSAN,2021,2022,0.7197,12354,10560,font_heading,font_heading
019836,COSAN,2022,2023,0.5484,10560,15390,font_heading,font_heading
019836,COSAN,2023,2024,0.1073,15390,1530,font_heading,font_heading
019879,Light S.A. - Em Recuperação Judicial,2010,2011,0.6361,7034,13937,font_heading,font_heading
019879,Light S.A. - Em Recuperação Judicial,2011,2012,0.9569,13937,16109,font_heading,font_heading
019879,Light S.A. - Em Recuperação Judicial,2012,2013,0.9082,16109,15364,font_heading,font_heading
019879,Light S.A. - Em Recuperação Judicial,2013,2014,0.6667,15364,18475,font_heading,font_heading
019879,Light S.A. - Em Recuperação Judicial,2014,2015,0.8273,18475,22253,font_heading,font_heading
019879,Light S.A. - Em Recuperação Judicial,2015,2016,0.9945,22253,25173,font_heading,font_heading
019879,Light S.A. - Em Recuperação Judicial,2016,2017,0.9932,25173,25276,font_heading,font_heading
019879,Light S.A. - Em Recuperação Judicial,2017,2018,0.9821,25276,30379,font_heading,font_heading
019879,Light S.A. - Em Recuperação Judicial,2018,2019,0.9943,30379,27401,font_heading,font_heading
019879,Light S.A. - Em Recuperação Judicial,2019,2020,0.9764,27401,12051,font_heading,font_heading
019879,Light S.A. - Em Recuperação Judicial,2020,2021,0.9752,12051,2874,font_heading,font_heading
019879,Light S.A. - Em Recuperação Judicial,2021,2022,0.9232,2874,16761,font_heading,font_heading
019879,Light S.A. - Em Recuperação Judicial,2022,2023,0.8981,16761,7503,font_heading,font_heading
019879,Light S.A. - Em Recuperação Judicial,2023,2024,0.7582,7503,16450,font_heading,font_heading
019909,BR Malls Participações S.A.,2010,2011,0.8615,81121,97376,font_heading,font_heading
019909,BR Malls Participações S.A.,2011,2013,0.5914,97376,16227,font_heading,font_heading
019909,BR Malls Participações S.A.,2013,2014,0.8888,16227,23660,font_heading,font_heading
019909,BR Malls Participações S.A.,2014,2015,0.1527,23660,168,font_heading,font_heading
019909,BR Malls Participações S.A.,2015,2016,0.075,168,137,font_heading,font_heading
019909,BR Malls Participações S.A.,2016,2017,0.075,137,168,font_heading,font_heading
019909,BR Malls Participações S.A.,2017,2019,0.1531,168,7020,font_heading,font_heading
019909,BR Malls Participações S.A.,2019,2020,0.8045,7020,6273,font_heading,font_heading
019909,BR Malls Participações S.A.,2020,2021,0.8904,6273,5319,font_heading,font_heading
019909,BR Malls Participações S.A.,2021,2022,0.7825,5319,5606,font_heading,font_heading
019909,BR Malls Participações S.A.,2022,2023,0.8126,5606,4244,font_heading,font_heading
019909,BR Malls Participações S.A.,2023,2024,0.3149,4244,6967,font_heading,font_heading
019925,BR Properties S.A.,2010,2011,0.7507,3322,8433,font_heading,font_heading
019925,BR Properties S.A.,2011,2012,0.625,8433,18497,font_heading,font_heading
019925,BR Properties S.A.,2012,2013,0.9035,18497,20364,font_heading,font_heading
019925,BR Properties S.A.,2013,2014,0.9438,20364,14647,font_heading,font_heading
019925,BR Properties S.A.,2014,2015,0.2837,14647,6506,font_heading,font_heading
019925,BR Properties S.A.,2015,2016,0.6886,6506,15592,font_heading,font_heading
019925,BR Properties S.A.,2016,2017,0.9142,15592,12223,font_heading,font_heading
019925,BR Properties S.A.,2017,2018,0.6496,12223,11005,font_heading,font_heading
019925,BR Properties S.A.,2018,2019,0.9637,11005,11809,font_heading,font_heading
019925,BR Properties S.A.,2019,2020,0.8877,11809,12403,font_heading,font_heading
019925,BR Properties S.A.,2020,2021,0.9739,12403,14446,font_heading,font_heading
019925,BR Properties S.A.,2021,2022,0.3977,14446,7339,font_heading,font_heading
019992,TOTVS,2010,2011,0.3887,22726,3382,font_heading,font_heading
019992,TOTVS,2011,2012,0.1145,3382,2066,font_heading,font_heading
019992,TOTVS,2012,2013,1.0,2066,2065,font_heading,font_heading
019992,TOTVS,2013,2014,0.1909,2065,9106,font_heading,font_heading
019992,TOTVS,2014,2015,0.6708,9106,6249,font_heading,font_heading
019992,TOTVS,2015,2016,0.9096,6249,6499,font_heading,font_heading
019992,TOTVS,2016,2017,0.8709,6499,6265,font_heading,font_heading
019992,TOTVS,2017,2018,0.9196,6265,5505,font_heading,font_heading
019992,TOTVS,2018,2019,0.8642,5505,5432,font_heading,font_heading
019992,TOTVS,2019,2020,0.8625,5432,7019,font_heading,font_heading
019992,TOTVS,2020,2021,0.4568,7019,2439,font_heading,font_heading
019992,TOTVS,2021,2022,0.8484,2439,2561,font_heading,font_heading
019992,TOTVS,2022,2023,0.9264,2561,2132,font_heading,font_heading
019992,TOTVS,2023,2024,0.8764,2132,2914,font_heading,font_heading
020010,EQUATORIAL,2010,2011,0.7453,25002,16655,font_heading,font_heading
020010,EQUATORIAL,2011,2012,0.3463,16655,75424,font_heading,font_heading
020010,EQUATORIAL,2012,2013,0.4694,75424,11423,font_heading,font_heading
020010,EQUATORIAL,2013,2014,0.6935,11423,8929,font_heading,font_heading
020010,EQUATORIAL,2014,2015,0.3552,8929,2225,font_heading,font_heading
020010,EQUATORIAL,2015,2016,0.3086,2225,11692,font_heading,font_heading
020010,EQUATORIAL,2016,2017,0.9016,11692,14847,font_heading,font_heading
020010,EQUATORIAL,2017,2018,0.9051,14847,20180,font_heading,font_heading
020010,EQUATORIAL,2018,2019,0.5077,20180,22568,font_heading,font_heading
020010,EQUATORIAL,2019,2020,0.5678,22568,8046,font_heading,font_heading
020010,EQUATORIAL,2020,2021,0.6573,8046,10833,font_heading,font_heading
020010,EQUATORIAL,2021,2022,0.311,10833,2725,font_heading,font_heading
020010,EQUATORIAL,2022,2024,0.2231,2725,7485,font_heading,regex_only
020028,Valid Solucoes e Servicos de Seguranca em Meios de Pagamento e Identificacao SA,2010,2011,0.3049,213,311,font_heading,font_heading
020028,Valid Solucoes e Servicos de Seguranca em Meios de Pagamento e Identificacao SA,2011,2012,1.0,311,311,font_heading,font_heading
020028,Valid Solucoes e Servicos de Seguranca em Meios de Pagamento e Identificacao SA,2012,2013,0.9686,311,285,font_heading,font_heading
020028,Valid Solucoes e Servicos de Seguranca em Meios de Pagamento e Identificacao SA,2013,2014,0.9805,285,280,font_heading,font_heading
020028,Valid Solucoes e Servicos de Seguranca em Meios de Pagamento e Identificacao SA,2014,2015,0.9337,280,298,font_heading,font_heading
020028,Valid Solucoes e Servicos de Seguranca em Meios de Pagamento e Identificacao SA,2015,2016,1.0,298,298,font_heading,font_heading
020028,Valid Solucoes e Servicos de Seguranca em Meios de Pagamento e Identificacao SA,2016,2017,0.0126,298,7029,font_heading,font_heading
020028,Valid Solucoes e Servicos de Seguranca em Meios de Pagamento e Identificacao SA,2017,2018,0.9084,7029,14013,font_heading,font_heading
020028,Valid Solucoes e Servicos de Seguranca em Meios de Pagamento e Identificacao SA,2018,2019,0.8691,14013,4745,font_heading,font_heading
020028,Valid Solucoes e Servicos de Seguranca em Meios de Pagamento e Identificacao SA,2019,2020,0.7981,4745,1285,font_heading,font_heading
020028,Valid Solucoes e Servicos de Seguranca em Meios de Pagamento e Identificacao SA,2020,2021,0.9803,1285,1238,font_heading,font_heading
020028,Valid Solucoes e Servicos de Seguranca em Meios de Pagamento e Identificacao SA,2021,2022,0.7156,1238,7571,font_heading,font_heading
020028,Valid Solucoes e Servicos de Seguranca em Meios de Pagamento e Identificacao SA,2022,2023,0.9624,7571,11260,font_heading,font_heading
020028,Valid Solucoes e Servicos de Seguranca em Meios de Pagamento e Identificacao SA,2023,2024,0.9482,11260,9561,font_heading,font_heading
020060,Lupatech S/A,2010,2011,0.889,6066,7876,font_heading,font_heading
020060,Lupatech S/A,2011,2012,0.8012,7876,8283,font_heading,font_heading
020060,Lupatech S/A,2012,2014,0.0719,8283,2367,font_heading,regex_only
020060,Lupatech S/A,2014,2015,0.9618,2367,2424,regex_only,regex_only
020060,Lupatech S/A,2015,2016,0.9878,2424,2501,regex_only,regex_only
020060,Lupatech S/A,2016,2017,0.1386,2501,5935,regex_only,font_heading
020060,Lupatech S/A,2017,2018,0.4637,5935,13076,font_heading,font_heading
020060,Lupatech S/A,2018,2019,0.9827,13076,12593,font_heading,font_heading
020060,Lupatech S/A,2019,2020,0.9769,12593,12443,font_heading,font_heading
020060,Lupatech S/A,2020,2021,0.6303,12443,4484,font_heading,font_heading
020060,Lupatech S/A,2021,2022,0.8807,4484,2740,font_heading,font_heading
020060,Lupatech S/A,2022,2023,0.3062,2740,3723,font_heading,font_heading
020060,Lupatech S/A,2023,2024,0.6535,3723,1739,font_heading,font_heading
020060,Lupatech S/A,2024,2025,0.8779,1739,1194,font_heading,font_heading
020087,EMBRAER,2010,2011,0.7592,8539,12291,regex_only,regex_only
020087,EMBRAER,2011,2012,0.2386,12291,7724,regex_only,font_heading
020087,EMBRAER,2012,2013,0.8946,7724,9633,font_heading,font_heading
020087,EMBRAER,2013,2014,0.9483,9633,7851,font_heading,font_heading
020087,EMBRAER,2014,2015,0.9651,7851,8764,font_heading,font_heading
020087,EMBRAER,2015,2016,0.9859,8764,8126,font_heading,font_heading
020087,EMBRAER,2016,2017,0.9697,8126,8610,font_heading,font_heading
020087,EMBRAER,2017,2018,0.9458,8610,7097,font_heading,font_heading
020087,EMBRAER,2018,2019,0.1042,7097,14862,font_heading,regex_only
020087,EMBRAER,2019,2020,0.9086,14862,14722,regex_only,regex_only
020087,EMBRAER,2020,2021,0.0827,14722,18619,regex_only,regex_only
020087,EMBRAER,2021,2022,0.1935,18619,10746,regex_only,font_heading
020087,EMBRAER,2022,2023,0.5229,10746,5696,font_heading,font_heading
020087,EMBRAER,2023,2024,0.6532,5696,4372,font_heading,font_heading
020168,Oleo e Gas Participacoes SA,2010,2011,0.485,5912,3514,regex_only,font_heading
020168,Oleo e Gas Participacoes SA,2011,2012,0.8396,3514,9918,font_heading,font_heading
020168,Oleo e Gas Participacoes SA,2012,2013,0.7587,9918,10928,font_heading,font_heading
020168,Oleo e Gas Participacoes SA,2013,2014,0.1993,10928,460,font_heading,font_heading
020168,Oleo e Gas Participacoes SA,2014,2015,0.1985,460,661,font_heading,font_heading
020168,Oleo e Gas Participacoes SA,2015,2016,0.2182,661,223,font_heading,font_heading
020168,Oleo e Gas Participacoes SA,2016,2017,0.9813,223,204,font_heading,font_heading
020184,CCX Carvao da Colombia SA,2010,2011,0.5707,13354,6324,regex_only,regex_only
020184,CCX Carvao da Colombia SA,2011,2012,0.0831,6324,4445,regex_only,font_heading
020184,CCX Carvao da Colombia SA,2012,2013,0.7757,4445,2804,font_heading,font_heading
020184,CCX Carvao da Colombia SA,2013,2014,0.7564,2804,1768,font_heading,font_heading
020184,CCX Carvao da Colombia SA,2014,2015,0.0661,1768,3340,font_heading,font_heading
020184,CCX Carvao da Colombia SA,2015,2016,1.0,3340,3334,font_heading,font_heading
020184,CCX Carvao da Colombia SA,2016,2017,0.1013,3334,3199,font_heading,regex_only
020184,CCX Carvao da Colombia SA,2017,2018,0.7766,3199,4172,regex_only,regex_only
020184,CCX Carvao da Colombia SA,2018,2019,0.656,4172,4043,regex_only,regex_only
020184,CCX Carvao da Colombia SA,2019,2020,0.2767,4043,315,regex_only,regex_only
020184,CCX Carvao da Colombia SA,2020,2021,0.3333,315,2771,regex_only,regex_only
020184,CCX Carvao da Colombia SA,2021,2022,0.6341,2771,4250,regex_only,regex_only
020257,TAESA,2010,2011,0.7354,18584,31856,font_heading,font_heading
020257,TAESA,2011,2012,0.9138,31856,44992,font_heading,font_heading
020257,TAESA,2012,2013,0.2113,44992,47,font_heading,font_heading
020257,TAESA,2013,2014,1.0,47,47,font_heading,font_heading
020257,TAESA,2014,2015,0.1086,47,17590,font_heading,font_heading
020257,TAESA,2015,2017,0.6526,17590,11617,font_heading,font_heading
020257,TAESA,2017,2018,0.2205,11617,62673,font_heading,font_heading
020257,TAESA,2018,2019,0.257,62673,2580,font_heading,font_heading
020257,TAESA,2019,2020,0.2068,2580,10742,font_heading,regex_only
020257,TAESA,2020,2021,0.0333,10742,2365,regex_only,regex_only
020257,TAESA,2021,2022,0.0736,2365,83109,regex_only,font_heading
020257,TAESA,2022,2023,0.4914,83109,12343,font_heading,font_heading
020257,TAESA,2023,2024,0.5484,12343,84843,font_heading,font_heading
020338,M Dias Branco SA,2010,2011,0.8723,6616,7722,font_heading,font_heading
020338,M Dias Branco SA,2011,2012,0.1476,7722,2582,font_heading,font_heading
020338,M Dias Branco SA,2012,2013,0.2835,2582,8141,font_heading,font_heading
020338,M Dias Branco SA,2013,2014,0.7362,8141,6218,font_heading,font_heading
020338,M Dias Branco SA,2014,2015,0.9806,6218,5869,font_heading,font_heading
020338,M Dias Branco SA,2015,2016,0.9736,5869,5583,font_heading,font_heading
020338,M Dias Branco SA,2016,2017,0.979,5583,5420,font_heading,font_heading
020338,M Dias Branco SA,2017,2018,0.7321,5420,9203,font_heading,font_heading
020338,M Dias Branco SA,2018,2019,0.8904,9203,7664,font_heading,font_heading
020338,M Dias Branco SA,2019,2020,0.8097,7664,9265,font_heading,font_heading
020338,M Dias Branco SA,2020,2021,0.7771,9265,16320,font_heading,font_heading
020338,M Dias Branco SA,2021,2022,0.8432,16320,14977,font_heading,font_heading
020338,M Dias Branco SA,2022,2023,0.7089,14977,8320,font_heading,font_heading
020338,M Dias Branco SA,2023,2024,0.9849,8320,8329,font_heading,font_heading
020338,M Dias Branco SA,2024,2025,0.5177,8329,11766,font_heading,font_heading
020354,SLC Agricola Centro Oeste SA,2010,2011,0.1377,3908,7726,font_heading,regex_only
020354,SLC Agricola Centro Oeste SA,2011,2019,0.1742,7726,6427,regex_only,regex_only
020362,Positivo Tecnologia S.A.,2010,2011,0.2381,7186,12151,regex_only,regex_only
020362,Positivo Tecnologia S.A.,2011,2012,0.1467,12151,11146,regex_only,regex_only
020362,Positivo Tecnologia S.A.,2012,2013,0.9042,11146,11266,regex_only,regex_only
020362,Positivo Tecnologia S.A.,2013,2014,0.8321,11266,12991,regex_only,font_heading
020362,Positivo Tecnologia S.A.,2014,2015,0.8374,12991,10028,font_heading,regex_only
020362,Positivo Tecnologia S.A.,2015,2016,0.9343,10028,11128,regex_only,regex_only
020362,Positivo Tecnologia S.A.,2016,2017,0.221,11128,6002,regex_only,regex_only
020362,Positivo Tecnologia S.A.,2017,2018,0.0383,6002,5713,regex_only,regex_only
020362,Positivo Tecnologia S.A.,2018,2019,0.0514,5713,6062,regex_only,regex_only
020362,Positivo Tecnologia S.A.,2019,2020,0.0014,6062,140,regex_only,regex_only
020362,Positivo Tecnologia S.A.,2020,2021,0.0415,140,5757,regex_only,font_heading
020362,Positivo Tecnologia S.A.,2021,2022,0.0906,5757,116,font_heading,font_heading
020362,Positivo Tecnologia S.A.,2022,2023,0.1633,116,5059,font_heading,font_heading
020435,Tecnisa SA,2010,2011,0.4519,37095,7637,font_heading,font_heading
020435,Tecnisa SA,2011,2012,0.9477,7637,8223,font_heading,font_heading
020435,Tecnisa SA,2012,2013,0.8465,8223,5332,font_heading,font_heading
020435,Tecnisa SA,2013,2014,0.8184,5332,6062,font_heading,font_heading
020435,Tecnisa SA,2014,2015,0.9572,6062,5635,font_heading,font_heading
020435,Tecnisa SA,2015,2016,0.865,5635,4155,font_heading,font_heading
020435,Tecnisa SA,2016,2017,0.9353,4155,4596,font_heading,font_heading
020435,Tecnisa SA,2017,2018,0.8683,4596,4533,font_heading,font_heading
020435,Tecnisa SA,2018,2019,0.823,4533,5237,font_heading,font_heading
020435,Tecnisa SA,2019,2021,0.6168,5237,8836,font_heading,font_heading
020435,Tecnisa SA,2021,2022,0.8526,8836,6861,font_heading,font_heading
020435,Tecnisa SA,2022,2023,0.5603,6861,11705,font_heading,font_heading
020435,Tecnisa SA,2023,2024,0.8504,11705,11574,font_heading,font_heading
020435,Tecnisa SA,2024,2025,0.7674,11574,15048,font_heading,font_heading
020478,PDG Realty S.A. Empreendimentos e Participações,2010,2011,0.2233,2202,72618,font_heading,font_heading
020478,PDG Realty S.A. Empreendimentos e Participações,2011,2012,0.9003,72618,80121,font_heading,font_heading
020478,PDG Realty S.A. Empreendimentos e Participações,2012,2013,0.2427,80121,1609,font_heading,font_heading
020478,PDG Realty S.A. Empreendimentos e Participações,2013,2014,0.4827,1609,2674,font_heading,font_heading
020478,PDG Realty S.A. Empreendimentos e Participações,2014,2015,0.9674,2674,2925,font_heading,font_heading
020478,PDG Realty S.A. Empreendimentos e Participações,2015,2016,0.5234,2925,14388,font_heading,font_heading
020478,PDG Realty S.A. Empreendimentos e Participações,2016,2017,0.8314,14388,12479,font_heading,font_heading
020478,PDG Realty S.A. Empreendimentos e Participações,2017,2018,0.0776,12479,1862,font_heading,regex_only
020478,PDG Realty S.A. Empreendimentos e Participações,2018,2019,0.829,1862,2566,regex_only,regex_only
020478,PDG Realty S.A. Empreendimentos e Participações,2019,2020,0.4925,2566,5103,regex_only,regex_only
020478,PDG Realty S.A. Empreendimentos e Participações,2020,2021,0.4655,5103,1127,regex_only,regex_only
020478,PDG Realty S.A. Empreendimentos e Participações,2021,2022,0.4024,1127,2405,regex_only,regex_only
020478,PDG Realty S.A. Empreendimentos e Participações,2022,2023,0.2545,2405,3332,regex_only,regex_only
020478,PDG Realty S.A. Empreendimentos e Participações,2023,2024,0.2086,3332,2258,regex_only,regex_only
020494,Iguatemi Empresa de Shopping Centers S/A (pre-restructuring entity),2010,2011,0.8523,11767,12624,regex_only,regex_only
020494,Iguatemi Empresa de Shopping Centers S/A (pre-restructuring entity),2011,2012,0.8552,12624,15153,regex_only,regex_only
020494,Iguatemi Empresa de Shopping Centers S/A (pre-restructuring entity),2012,2013,0.2669,15153,36475,regex_only,font_heading
020494,Iguatemi Empresa de Shopping Centers S/A (pre-restructuring entity),2013,2014,0.8015,36475,22166,font_heading,font_heading
020494,Iguatemi Empresa de Shopping Centers S/A (pre-restructuring entity),2014,2015,0.9533,22166,23831,font_heading,font_heading
020494,Iguatemi Empresa de Shopping Centers S/A (pre-restructuring entity),2015,2016,0.9699,23831,22208,font_heading,font_heading
020494,Iguatemi Empresa de Shopping Centers S/A (pre-restructuring entity),2016,2017,0.8418,22208,18088,font_heading,font_heading
020494,Iguatemi Empresa de Shopping Centers S/A (pre-restructuring entity),2017,2018,0.9271,18088,19235,font_heading,font_heading
020494,Iguatemi Empresa de Shopping Centers S/A (pre-restructuring entity),2018,2020,0.182,19235,9194,font_heading,regex_only
020494,Iguatemi Empresa de Shopping Centers S/A (pre-restructuring entity),2020,2021,0.0849,9194,10693,regex_only,font_heading
020494,Iguatemi Empresa de Shopping Centers S/A (pre-restructuring entity),2021,2022,0.8103,10693,18986,font_heading,font_heading
020494,Iguatemi Empresa de Shopping Centers S/A (pre-restructuring entity),2022,2023,0.9827,18986,18890,font_heading,font_heading
020494,Iguatemi Empresa de Shopping Centers S/A (pre-restructuring entity),2023,2024,0.9251,18890,15286,font_heading,font_heading
020516,São Martinho S.A.,2011,2012,0.7795,8940,11545,font_heading,font_heading
020516,São Martinho S.A.,2012,2013,0.5692,11545,12036,font_heading,font_heading
020516,São Martinho S.A.,2013,2014,0.1585,12036,8455,font_heading,font_heading
020516,São Martinho S.A.,2014,2015,0.3014,8455,3661,font_heading,font_heading
020516,São Martinho S.A.,2015,2016,0.5734,3661,3667,font_heading,font_heading
020516,São Martinho S.A.,2016,2017,0.8652,3667,4426,font_heading,font_heading
020516,São Martinho S.A.,2017,2018,0.056,4426,3809,font_heading,regex_only
020516,São Martinho S.A.,2018,2019,0.1363,3809,4267,regex_only,font_heading
020516,São Martinho S.A.,2019,2020,0.1175,4267,1388,font_heading,regex_only
020516,São Martinho S.A.,2020,2021,0.0542,1388,1615,regex_only,font_heading
020516,São Martinho S.A.,2021,2022,0.3196,1615,6928,font_heading,font_heading
020516,São Martinho S.A.,2022,2023,0.9288,6928,6211,font_heading,font_heading
020516,São Martinho S.A.,2023,2024,0.2063,6211,14850,font_heading,regex_only
020524,Even Construtora e Incorporadora S/A,2010,2011,0.812,4940,6533,font_heading,font_heading
020524,Even Construtora e Incorporadora S/A,2011,2012,0.8825,6533,6065,font_heading,font_heading
020524,Even Construtora e Incorporadora S/A,2012,2013,0.8455,6065,4241,font_heading,font_heading
020524,Even Construtora e Incorporadora S/A,2013,2014,0.9537,4241,4435,font_heading,font_heading
020524,Even Construtora e Incorporadora S/A,2014,2015,0.0629,4435,4145,font_heading,regex_only
020524,Even Construtora e Incorporadora S/A,2015,2016,0.0576,4145,3990,regex_only,font_heading
020524,Even Construtora e Incorporadora S/A,2016,2017,0.8042,3990,3584,font_heading,font_heading
020524,Even Construtora e Incorporadora S/A,2017,2018,0.9496,3584,3687,font_heading,font_heading
020524,Even Construtora e Incorporadora S/A,2018,2019,0.9125,3687,3346,font_heading,font_heading
020524,Even Construtora e Incorporadora S/A,2019,2020,0.8226,3346,2416,font_heading,font_heading
020524,Even Construtora e Incorporadora S/A,2020,2021,0.0186,2416,4366,font_heading,regex_only
020524,Even Construtora e Incorporadora S/A,2021,2022,0.8571,4366,6542,regex_only,regex_only
020524,Even Construtora e Incorporadora S/A,2022,2023,0.0955,6542,3659,regex_only,font_heading
020524,Even Construtora e Incorporadora S/A,2023,2024,0.1224,3659,983,font_heading,font_heading
020575,JBS S/A,2010,2011,0.0289,8334,1998,font_heading,regex_only
020575,JBS S/A,2011,2012,0.9956,1998,1902,regex_only,regex_only
020575,JBS S/A,2012,2013,0.9893,1902,1954,regex_only,regex_only
020575,JBS S/A,2013,2016,0.9502,1954,2331,regex_only,regex_only
020575,JBS S/A,2016,2017,0.9908,2331,2167,regex_only,regex_only
020575,JBS S/A,2017,2018,0.9868,2167,2128,regex_only,regex_only
020575,JBS S/A,2018,2019,0.1221,2128,30160,regex_only,font_heading
020575,JBS S/A,2019,2020,0.9847,30160,30484,font_heading,font_heading
020575,JBS S/A,2020,2021,0.9043,30484,23265,font_heading,font_heading
020575,JBS S/A,2021,2022,0.8774,23265,28099,font_heading,font_heading
020575,JBS S/A,2022,2023,0.9765,28099,26269,font_heading,font_heading
020575,JBS S/A,2023,2024,0.4093,26269,6333,font_heading,regex_only
020575,JBS S/A,2024,2025,0.4174,6333,28374,regex_only,font_heading
020605,JHSF Participações S.A.,2010,2011,0.8455,6254,7407,font_heading,font_heading
020605,JHSF Participações S.A.,2011,2012,0.8778,7407,7572,font_heading,font_heading
020605,JHSF Participações S.A.,2012,2013,0.7873,7572,7603,font_heading,font_heading
020605,JHSF Participações S.A.,2013,2014,0.9111,7603,6512,font_heading,font_heading
020605,JHSF Participações S.A.,2014,2015,0.7237,6512,5280,font_heading,font_heading
020605,JHSF Participações S.A.,2015,2016,0.8522,5280,7548,font_heading,font_heading
020605,JHSF Participações S.A.,2016,2017,0.6657,7548,13514,font_heading,font_heading
020605,JHSF Participações S.A.,2017,2018,0.771,13514,6799,font_heading,font_heading
020605,JHSF Participações S.A.,2018,2019,0.6984,6799,7823,font_heading,font_heading
020605,JHSF Participações S.A.,2019,2020,0.077,7823,1102,font_heading,regex_only
020605,JHSF Participações S.A.,2020,2021,0.1105,1102,10583,regex_only,font_heading
020605,JHSF Participações S.A.,2021,2022,0.1183,10583,3312,font_heading,regex_only
020605,JHSF Participações S.A.,2022,2023,0.7777,3312,4764,regex_only,regex_only
020605,JHSF Participações S.A.,2023,2024,0.1559,4764,13977,regex_only,font_heading
020621,Fertilizantes Heringer SA,2010,2011,0.9509,2417,2414,font_heading,font_heading
020621,Fertilizantes Heringer SA,2011,2012,0.6865,2414,6256,font_heading,font_heading
020621,Fertilizantes Heringer SA,2012,2013,0.8613,6256,6990,font_heading,font_heading
020621,Fertilizantes Heringer SA,2013,2014,0.8106,6990,5425,font_heading,font_heading
020621,Fertilizantes Heringer SA,2014,2015,0.9615,5425,5744,font_heading,font_heading
020621,Fertilizantes Heringer SA,2015,2016,0.9029,5744,4616,font_heading,font_heading
020621,Fertilizantes Heringer SA,2016,2017,0.8602,4616,4240,font_heading,font_heading
020621,Fertilizantes Heringer SA,2017,2018,0.9652,4240,4766,font_heading,font_heading
020621,Fertilizantes Heringer SA,2018,2019,0.7464,4766,4338,font_heading,font_heading
020621,Fertilizantes Heringer SA,2019,2020,0.731,4338,3653,font_heading,font_heading
020621,Fertilizantes Heringer SA,2020,2021,0.5356,3653,4932,font_heading,font_heading
020621,Fertilizantes Heringer SA,2021,2022,0.7835,4932,3495,font_heading,font_heading
020621,Fertilizantes Heringer SA,2022,2023,0.6976,3495,2394,font_heading,font_heading
020621,Fertilizantes Heringer SA,2023,2024,0.8059,2394,2240,font_heading,font_heading
020621,Fertilizantes Heringer SA,2024,2025,0.9107,2240,2129,font_heading,font_heading
020702,Viver Incorporadora e Construtora SA,2010,2011,0.7923,6343,7723,font_heading,font_heading
020702,Viver Incorporadora e Construtora SA,2011,2012,0.6768,7723,10500,font_heading,font_heading
020702,Viver Incorporadora e Construtora SA,2012,2013,0.7901,10500,11705,font_heading,font_heading
020702,Viver Incorporadora e Construtora SA,2013,2014,0.9317,11705,10586,font_heading,font_heading
020702,Viver Incorporadora e Construtora SA,2014,2015,0.9643,10586,9674,font_heading,font_heading
020702,Viver Incorporadora e Construtora SA,2015,2016,0.441,9674,90666,font_heading,font_heading
020702,Viver Incorporadora e Construtora SA,2016,2017,0.5233,90666,4949,font_heading,font_heading
020702,Viver Incorporadora e Construtora SA,2017,2018,0.2288,4949,6762,font_heading,font_heading
020702,Viver Incorporadora e Construtora SA,2018,2019,0.2368,6762,6916,font_heading,regex_only
020702,Viver Incorporadora e Construtora SA,2019,2020,0.5795,6916,6612,regex_only,regex_only
020702,Viver Incorporadora e Construtora SA,2020,2021,0.2568,6612,6973,regex_only,font_heading
020702,Viver Incorporadora e Construtora SA,2021,2022,0.0692,6973,2933,font_heading,regex_only
020702,Viver Incorporadora e Construtora SA,2022,2023,0.0628,2933,3906,regex_only,font_heading
020702,Viver Incorporadora e Construtora SA,2023,2024,0.9702,3906,4107,font_heading,font_heading
020702,Viver Incorporadora e Construtora SA,2024,2025,0.1348,4107,8064,font_heading,regex_only
020745,SLC AGRICOLA,2012,2013,0.9532,5356,5332,font_heading,font_heading
020745,SLC AGRICOLA,2013,2014,0.0318,5332,2365,font_heading,font_heading
020745,SLC AGRICOLA,2014,2018,0.0376,2365,6303,font_heading,font_heading
020745,SLC AGRICOLA,2018,2019,0.9512,6303,6414,font_heading,font_heading
020745,SLC AGRICOLA,2019,2020,0.7349,6414,7972,font_heading,font_heading
020745,SLC AGRICOLA,2020,2021,0.9357,7972,6226,font_heading,font_heading
020745,SLC AGRICOLA,2021,2022,0.8383,6226,4527,font_heading,font_heading
020745,SLC AGRICOLA,2022,2023,0.7051,4527,4229,font_heading,font_heading
020745,SLC AGRICOLA,2023,2024,0.5359,4229,12758,font_heading,font_heading
020770,EZ Tec Empreendimentos e Participações S/A,2010,2011,0.9464,1856,1765,font_heading,font_heading
020770,EZ Tec Empreendimentos e Participações S/A,2011,2012,0.9471,1765,2290,font_heading,font_heading
020770,EZ Tec Empreendimentos e Participações S/A,2012,2013,0.9843,2290,2331,font_heading,font_heading
020770,EZ Tec Empreendimentos e Participações S/A,2013,2014,0.1314,2331,902,font_heading,font_heading
020770,EZ Tec Empreendimentos e Participações S/A,2014,2015,0.9156,902,1160,font_heading,font_heading
020770,EZ Tec Empreendimentos e Participações S/A,2015,2016,0.9913,1160,1169,font_heading,font_heading
020770,EZ Tec Empreendimentos e Participações S/A,2016,2017,0.9949,1169,1170,font_heading,font_heading
020770,EZ Tec Empreendimentos e Participações S/A,2017,2018,0.9914,1170,1144,font_heading,font_heading
020770,EZ Tec Empreendimentos e Participações S/A,2018,2019,0.9284,1144,1276,font_heading,font_heading
020770,EZ Tec Empreendimentos e Participações S/A,2019,2021,0.8892,1276,1276,font_heading,font_heading
020770,EZ Tec Empreendimentos e Participações S/A,2021,2022,0.629,1276,3322,font_heading,font_heading
020770,EZ Tec Empreendimentos e Participações S/A,2022,2023,0.9728,3322,3631,font_heading,font_heading
020770,EZ Tec Empreendimentos e Participações S/A,2023,2024,0.8788,3631,4384,font_heading,font_heading
020788,MARFRIG,2010,2011,0.9528,15665,15973,font_heading,font_heading
020788,MARFRIG,2011,2012,0.9495,15973,19110,font_heading,font_heading
020788,MARFRIG,2012,2013,0.6882,19110,14405,font_heading,font_heading
020788,MARFRIG,2013,2014,0.8493,14405,16077,font_heading,font_heading
020788,MARFRIG,2014,2015,0.9062,16077,16520,font_heading,font_heading
020788,MARFRIG,2015,2016,0.969,16520,20447,font_heading,font_heading
020788,MARFRIG,2016,2017,0.0527,20447,117,font_heading,font_heading
020788,MARFRIG,2017,2018,0.1079,117,2486,font_heading,font_heading
020788,MARFRIG,2018,2019,0.1079,2486,117,font_heading,font_heading
020788,MARFRIG,2019,2020,1.0,117,117,font_heading,font_heading
020788,MARFRIG,2020,2021,0.1679,117,7719,font_heading,font_heading
020788,MARFRIG,2021,2022,0.6004,7719,8859,font_heading,font_heading
020788,MARFRIG,2022,2023,0.624,8859,9363,font_heading,font_heading
020788,MARFRIG,2023,2024,0.4896,9363,2978,font_heading,font_heading
020842,Magnesita Refratarios SA,2010,2011,0.1029,3993,16792,regex_only,regex_only
020842,Magnesita Refratarios SA,2011,2013,0.7832,16792,24895,regex_only,font_heading
020842,Magnesita Refratarios SA,2013,2014,0.7159,24895,10418,font_heading,font_heading
020842,Magnesita Refratarios SA,2014,2016,0.3836,10418,3577,font_heading,font_heading
020842,Magnesita Refratarios SA,2016,2017,0.8411,3577,4086,font_heading,font_heading
020893,Redecard Instituicao De Pagamento SA,2010,2011,0.2472,2727,6312,regex_only,regex_only
020915,MRV,2010,2011,0.1379,7815,3805,font_heading,font_heading
020915,MRV,2011,2012,0.4878,3805,13185,font_heading,font_heading
020915,MRV,2012,2013,0.756,13185,10484,font_heading,font_heading
020915,MRV,2013,2014,0.9593,10484,9162,font_heading,font_heading
020915,MRV,2014,2015,0.9234,9162,10122,font_heading,font_heading
020915,MRV,2015,2016,0.7191,10122,13016,font_heading,font_heading
020915,MRV,2016,2017,0.8661,13016,13859,font_heading,font_heading
020915,MRV,2017,2018,0.9318,13859,15116,font_heading,font_heading
020915,MRV,2018,2019,0.8319,15116,15911,font_heading,font_heading
020915,MRV,2019,2020,0.9197,15911,18214,font_heading,font_heading
020915,MRV,2020,2021,0.9628,18214,19037,font_heading,font_heading
020915,MRV,2021,2022,0.7961,19037,21706,font_heading,font_heading
020915,MRV,2022,2023,0.9772,21706,22888,font_heading,font_heading
020915,MRV,2023,2024,0.9707,22888,21203,font_heading,font_heading
020931,MINERVA,2010,2012,0.738,16079,9150,font_heading,font_heading
020931,MINERVA,2012,2013,0.1402,9150,1702,font_heading,font_heading
020931,MINERVA,2013,2014,0.1297,1702,11117,font_heading,font_heading
020931,MINERVA,2014,2015,0.941,11117,11855,font_heading,font_heading
020931,MINERVA,2015,2016,0.1601,11855,2741,font_heading,font_heading
020931,MINERVA,2016,2017,0.4637,2741,5027,font_heading,font_heading
020931,MINERVA,2017,2018,0.5614,5027,2437,font_heading,font_heading
020931,MINERVA,2018,2019,0.8336,2437,4213,font_heading,font_heading
020931,MINERVA,2019,2020,0.0437,4213,1667,font_heading,regex_only
020931,MINERVA,2020,2021,0.0703,1667,19117,regex_only,font_heading
020931,MINERVA,2021,2022,0.9698,19117,20738,font_heading,font_heading
020931,MINERVA,2022,2023,0.9762,20738,22809,font_heading,font_heading
020931,MINERVA,2023,2024,0.9615,22809,27384,font_heading,font_heading
020982,MULTIPLAN,2010,2011,0.8636,7263,6087,regex_only,regex_only
020982,MULTIPLAN,2011,2012,0.129,6087,27052,regex_only,font_heading
020982,MULTIPLAN,2012,2013,0.2633,27052,3117,font_heading,font_heading
020982,MULTIPLAN,2013,2014,0.1881,3117,22955,font_heading,font_heading
020982,MULTIPLAN,2014,2015,0.966,22955,24248,font_heading,font_heading
020982,MULTIPLAN,2015,2016,0.9053,24248,20028,font_heading,font_heading
020982,MULTIPLAN,2016,2017,0.973,20028,23411,font_heading,font_heading
020982,MULTIPLAN,2017,2018,0.8833,23411,28237,font_heading,font_heading
020982,MULTIPLAN,2018,2019,0.4359,28237,116107,font_heading,font_heading
020982,MULTIPLAN,2019,2020,0.4426,116107,28421,font_heading,font_heading
020982,MULTIPLAN,2020,2021,0.9695,28421,26955,font_heading,font_heading
020982,MULTIPLAN,2021,2022,0.9504,26955,22429,font_heading,font_heading
020982,MULTIPLAN,2022,2023,0.5952,22429,51456,font_heading,font_heading
020982,MULTIPLAN,2023,2024,0.8528,51456,42626,font_heading,font_heading
020990,Americanas S.A. - Em Recuperação Judicial,2010,2011,0.7328,18883,11758,font_heading,font_heading
020990,Americanas S.A. - Em Recuperação Judicial,2011,2012,0.5768,11758,5899,font_heading,font_heading
020990,Americanas S.A. - Em Recuperação Judicial,2012,2013,0.9419,5899,6165,font_heading,font_heading
020990,Americanas S.A. - Em Recuperação Judicial,2013,2014,0.8429,6165,5292,font_heading,font_heading
020990,Americanas S.A. - Em Recuperação Judicial,2014,2015,0.0989,5292,3364,font_heading,regex_only
020990,Americanas S.A. - Em Recuperação Judicial,2015,2016,0.1208,3364,4713,regex_only,font_heading
020990,Americanas S.A. - Em Recuperação Judicial,2016,2017,0.9692,4713,4806,font_heading,font_heading
020990,Americanas S.A. - Em Recuperação Judicial,2017,2018,0.2056,4806,10702,font_heading,regex_only
020990,Americanas S.A. - Em Recuperação Judicial,2018,2019,0.2109,10702,4639,regex_only,font_heading
020990,Americanas S.A. - Em Recuperação Judicial,2019,2020,0.1457,4639,12966,font_heading,regex_only
020990,Americanas S.A. - Em Recuperação Judicial,2020,2021,0.1211,12966,8891,regex_only,font_heading
020990,Americanas S.A. - Em Recuperação Judicial,2021,2022,0.9328,8891,10154,font_heading,font_heading
020990,Americanas S.A. - Em Recuperação Judicial,2022,2023,0.7835,10154,10059,font_heading,font_heading
020990,Americanas S.A. - Em Recuperação Judicial,2023,2024,0.5493,10059,2897,font_heading,font_heading
021016,YDUQS PART,2010,2011,0.5578,883,2003,font_heading,font_heading
021016,YDUQS PART,2011,2012,0.1069,2003,11678,font_heading,regex_only
021016,YDUQS PART,2012,2013,0.1645,11678,4339,regex_only,font_heading
021016,YDUQS PART,2013,2014,0.9,4339,6137,font_heading,font_heading
021016,YDUQS PART,2014,2015,0.8958,6137,8768,font_heading,font_heading
021016,YDUQS PART,2015,2016,0.6162,8768,4243,font_heading,font_heading
021016,YDUQS PART,2016,2017,0.0626,4243,648,font_heading,font_heading
021016,YDUQS PART,2017,2018,1.0,648,648,font_heading,font_heading
021016,YDUQS PART,2018,2019,1.0,648,648,font_heading,font_heading
021016,YDUQS PART,2019,2020,0.0747,648,1983,font_heading,regex_only
021016,YDUQS PART,2020,2021,0.0369,1983,9829,regex_only,regex_only
021016,YDUQS PART,2021,2022,0.9844,9829,10726,regex_only,regex_only
021016,YDUQS PART,2022,2023,0.0501,10726,396,regex_only,regex_only
021016,YDUQS PART,2023,2024,0.033,396,9001,regex_only,regex_only
021091,Dexco S.A. (formerly Duratex),2010,2011,0.5102,2788,18110,font_heading,font_heading
021091,Dexco S.A. (formerly Duratex),2011,2012,0.9334,18110,19733,font_heading,font_heading
021091,Dexco S.A. (formerly Duratex),2012,2013,0.9086,19733,22325,font_heading,font_heading
021091,Dexco S.A. (formerly Duratex),2013,2014,0.8554,22325,37214,font_heading,font_heading
021091,Dexco S.A. (formerly Duratex),2014,2015,0.8835,37214,43581,font_heading,font_heading
021091,Dexco S.A. (formerly Duratex),2015,2016,0.9262,43581,48409,font_heading,font_heading
021091,Dexco S.A. (formerly Duratex),2016,2017,0.9273,48409,53197,font_heading,font_heading
021091,Dexco S.A. (formerly Duratex),2017,2018,0.9473,53197,54652,font_heading,font_heading
021091,Dexco S.A. (formerly Duratex),2018,2019,0.9053,54652,59065,font_heading,font_heading
021091,Dexco S.A. (formerly Duratex),2019,2020,0.9418,59065,65472,font_heading,font_heading
021091,Dexco S.A. (formerly Duratex),2020,2021,0.8222,65472,57020,font_heading,font_heading
021091,Dexco S.A. (formerly Duratex),2021,2022,0.926,57020,67805,font_heading,font_heading
021091,Dexco S.A. (formerly Duratex),2022,2023,0.971,67805,66623,font_heading,font_heading
021091,Dexco S.A. (formerly Duratex),2023,2024,0.4165,66623,11764,font_heading,font_heading
021148,Construtora Tenda S/A,2010,2011,0.59,5719,6239,font_heading,font_heading
021148,Construtora Tenda S/A,2011,2012,0.7545,6239,8605,font_heading,font_heading
021148,Construtora Tenda S/A,2012,2013,0.7185,8605,5393,font_heading,font_heading
021148,Construtora Tenda S/A,2013,2014,0.8288,5393,6051,font_heading,font_heading
021148,Construtora Tenda S/A,2014,2015,0.8157,6051,5016,font_heading,font_heading
021148,Construtora Tenda S/A,2015,2016,0.707,5016,3066,font_heading,font_heading
021148,Construtora Tenda S/A,2016,2017,0.5659,3066,3619,font_heading,font_heading
021148,Construtora Tenda S/A,2017,2018,0.8697,3619,4165,font_heading,font_heading
021148,Construtora Tenda S/A,2018,2019,0.7288,4165,3312,font_heading,font_heading
021148,Construtora Tenda S/A,2019,2021,0.264,3312,3848,font_heading,font_heading
021148,Construtora Tenda S/A,2021,2022,0.6558,3848,7173,font_heading,font_heading
021148,Construtora Tenda S/A,2022,2023,0.9572,7173,7992,font_heading,font_heading
021148,Construtora Tenda S/A,2023,2024,0.9758,7992,8322,font_heading,font_heading
021148,Construtora Tenda S/A,2024,2025,0.0583,8322,1212,font_heading,regex_only
021180,Nexpe Participacoes SA,2010,2011,0.0095,553,4633,font_heading,regex_only
021180,Nexpe Participacoes SA,2011,2012,0.4738,4633,9752,regex_only,regex_only
021180,Nexpe Participacoes SA,2012,2013,0.9616,9752,9183,regex_only,regex_only
021180,Nexpe Participacoes SA,2013,2014,0.9818,9183,8933,regex_only,regex_only
021180,Nexpe Participacoes SA,2014,2015,0.9632,8933,8880,regex_only,regex_only
021180,Nexpe Participacoes SA,2015,2016,0.9687,8880,8708,regex_only,regex_only
021180,Nexpe Participacoes SA,2016,2017,0.488,8708,9372,regex_only,regex_only
021180,Nexpe Participacoes SA,2017,2018,0.7931,9372,10360,regex_only,regex_only
021180,Nexpe Participacoes SA,2018,2019,0.076,10360,4802,regex_only,font_heading
021180,Nexpe Participacoes SA,2019,2020,0.9259,4802,5998,font_heading,font_heading
021180,Nexpe Participacoes SA,2020,2021,0.3657,5998,1382,font_heading,font_heading
021180,Nexpe Participacoes SA,2021,2022,0.0541,1382,1087,font_heading,font_heading
021180,Nexpe Participacoes SA,2022,2023,0.7869,1087,1102,font_heading,font_heading
021180,Nexpe Participacoes SA,2023,2024,0.8546,1102,1660,font_heading,font_heading
021180,Nexpe Participacoes SA,2024,2025,0.1011,1660,8562,font_heading,regex_only
021237,ENEVA,2010,2011,0.7628,16674,19972,font_heading,font_heading
021237,ENEVA,2011,2012,0.8263,19972,22846,font_heading,font_heading
021237,ENEVA,2012,2013,0.6549,22846,31603,font_heading,font_heading
021237,ENEVA,2013,2014,0.9402,31603,33021,font_heading,font_heading
021237,ENEVA,2014,2015,0.7997,33021,23415,font_heading,font_heading
021237,ENEVA,2015,2016,0.5396,23415,7861,font_heading,font_heading
021237,ENEVA,2016,2017,0.2263,7861,18014,font_heading,regex_only
021237,ENEVA,2017,2018,0.2923,18014,14344,regex_only,font_heading
021237,ENEVA,2018,2019,0.8372,14344,9811,font_heading,font_heading
021237,ENEVA,2019,2020,0.6501,9811,3836,font_heading,font_heading
021237,ENEVA,2020,2021,0.9433,3836,4039,font_heading,font_heading
021237,ENEVA,2021,2022,0.0665,4039,35467,font_heading,regex_only
021237,ENEVA,2022,2023,0.0842,35467,16722,regex_only,font_heading
021237,ENEVA,2023,2024,0.9153,16722,14150,font_heading,font_heading
021300,Aliansce Shopping Centers SA,2010,2011,0.6112,2456,2166,font_heading,font_heading
021300,Aliansce Shopping Centers SA,2011,2012,0.0064,2166,3185,font_heading,regex_only
021300,Aliansce Shopping Centers SA,2012,2013,0.0505,3185,4468,regex_only,font_heading
021300,Aliansce Shopping Centers SA,2013,2014,0.0471,4468,10494,font_heading,regex_only
021300,Aliansce Shopping Centers SA,2014,2016,0.483,10494,2127,regex_only,regex_only
021300,Aliansce Shopping Centers SA,2016,2017,0.4528,2127,10365,regex_only,regex_only
021342,OSX Brasil SA,2010,2011,0.9247,5962,6150,font_heading,font_heading
021342,OSX Brasil SA,2011,2012,0.898,6150,13144,font_heading,font_heading
021342,OSX Brasil SA,2012,2013,0.9182,13144,14593,font_heading,font_heading
021342,OSX Brasil SA,2013,2014,0.9535,14593,15457,font_heading,font_heading
021342,OSX Brasil SA,2014,2015,0.8078,15457,11867,font_heading,font_heading
021342,OSX Brasil SA,2015,2017,0.7992,11867,6731,font_heading,font_heading
021342,OSX Brasil SA,2017,2018,0.7834,6731,7026,font_heading,font_heading
021342,OSX Brasil SA,2018,2019,0.9998,7026,7072,font_heading,font_heading
021342,OSX Brasil SA,2019,2020,0.9658,7072,7516,font_heading,font_heading
021342,OSX Brasil SA,2020,2021,0.8353,7516,7438,font_heading,font_heading
021342,OSX Brasil SA,2021,2022,0.9789,7438,7103,font_heading,font_heading
021342,OSX Brasil SA,2022,2023,0.9766,7103,7087,font_heading,font_heading
021342,OSX Brasil SA,2023,2024,0.9617,7087,9244,font_heading,font_heading
021350,DIRECIONAL,2010,2011,0.0897,8241,5597,regex_only,font_heading
021350,DIRECIONAL,2011,2012,0.9471,5597,8122,font_heading,font_heading
021350,DIRECIONAL,2012,2013,0.9672,8122,10972,font_heading,font_heading
021350,DIRECIONAL,2013,2014,0.9377,10972,8168,font_heading,font_heading
021350,DIRECIONAL,2014,2015,0.2772,8168,2774,font_heading,font_heading
021350,DIRECIONAL,2015,2016,0.1851,2774,55377,font_heading,font_heading
021350,DIRECIONAL,2016,2017,0.0695,55377,1256,font_heading,font_heading
021350,DIRECIONAL,2017,2018,0.0531,1256,5635,font_heading,font_heading
021350,DIRECIONAL,2018,2019,0.5576,5635,5159,font_heading,font_heading
021350,DIRECIONAL,2019,2020,0.8634,5159,8105,font_heading,font_heading
021350,DIRECIONAL,2020,2021,0.9125,8105,12538,font_heading,font_heading
021350,DIRECIONAL,2021,2022,0.9638,12538,13862,font_heading,font_heading
021350,DIRECIONAL,2022,2023,0.0755,13862,7639,font_heading,regex_only
021350,DIRECIONAL,2023,2024,0.0064,7639,222,regex_only,regex_only
021431,HYPERA,2010,2011,0.9008,11909,11907,font_heading,font_heading
021431,HYPERA,2011,2012,0.6356,11907,7238,font_heading,font_heading
021431,HYPERA,2012,2013,0.9509,7238,7635,font_heading,font_heading
021431,HYPERA,2013,2014,0.9811,7635,7621,font_heading,font_heading
021431,HYPERA,2014,2015,0.9521,7621,7145,font_heading,font_heading
021431,HYPERA,2015,2016,0.8249,7145,4386,font_heading,font_heading
021431,HYPERA,2016,2017,0.4357,4386,7971,font_heading,font_heading
021431,HYPERA,2017,2018,0.9113,7971,7263,font_heading,font_heading
021431,HYPERA,2018,2019,0.9113,7263,10966,font_heading,font_heading
021431,HYPERA,2019,2020,0.913,10966,12912,font_heading,font_heading
021431,HYPERA,2020,2021,0.9381,12912,14355,font_heading,font_heading
021431,HYPERA,2021,2022,0.9328,14355,17498,font_heading,font_heading
021431,HYPERA,2022,2023,0.9611,17498,18355,font_heading,font_heading
021431,HYPERA,2023,2024,0.9628,18355,19434,font_heading,font_heading
021490,Alupar Investimento SA,2010,2011,0.3414,22942,24141,font_heading,font_heading
021490,Alupar Investimento SA,2011,2012,0.564,24141,30133,font_heading,font_heading
021490,Alupar Investimento SA,2012,2013,0.1806,30133,10285,font_heading,regex_only
021490,Alupar Investimento SA,2013,2014,0.2388,10285,32641,regex_only,font_heading
021490,Alupar Investimento SA,2014,2015,0.8807,32641,37702,font_heading,font_heading
021490,Alupar Investimento SA,2015,2016,0.9524,37702,30104,font_heading,font_heading
021490,Alupar Investimento SA,2016,2017,0.9402,30104,30344,font_heading,font_heading
021490,Alupar Investimento SA,2017,2018,0.9701,30344,28841,font_heading,font_heading
021490,Alupar Investimento SA,2018,2019,0.0245,28841,5062,font_heading,regex_only
021490,Alupar Investimento SA,2019,2020,0.8246,5062,4297,regex_only,regex_only
021490,Alupar Investimento SA,2020,2021,0.9885,4297,4368,regex_only,regex_only
021490,Alupar Investimento SA,2021,2022,0.3444,4368,10951,regex_only,regex_only
021490,Alupar Investimento SA,2022,2023,0.1336,10951,17391,regex_only,font_heading
021490,Alupar Investimento SA,2023,2024,0.055,17391,1906,font_heading,regex_only
021490,Alupar Investimento SA,2024,2025,0.0598,1906,16512,regex_only,font_heading
021776,PortX Operacoes Portuarias SA,2010,2011,0.5878,2780,2776,font_heading,font_heading
021881,FLEURY,2010,2011,0.5977,4059,7756,font_heading,font_heading
021881,FLEURY,2011,2012,0.8997,7756,7041,font_heading,font_heading
021881,FLEURY,2012,2013,0.7981,7041,7242,font_heading,font_heading
021881,FLEURY,2013,2014,0.9422,7242,7784,font_heading,font_heading
021881,FLEURY,2014,2015,0.626,7784,3076,font_heading,font_heading
021881,FLEURY,2015,2016,0.045,3076,1847,font_heading,regex_only
021881,FLEURY,2016,2017,0.0468,1847,3514,regex_only,font_heading
021881,FLEURY,2017,2018,0.9636,3514,4237,font_heading,font_heading
021881,FLEURY,2018,2019,0.8906,4237,4042,font_heading,font_heading
021881,FLEURY,2019,2020,0.9971,4042,4012,font_heading,font_heading
021881,FLEURY,2020,2021,0.8988,4012,4983,font_heading,font_heading
021881,FLEURY,2021,2022,0.983,4983,5456,font_heading,font_heading
021881,FLEURY,2022,2023,0.9056,5456,6469,font_heading,font_heading
021881,FLEURY,2023,2024,0.6893,6469,4716,font_heading,font_heading
021946,Multiplus SA,2010,2011,0.7891,13727,12232,regex_only,regex_only
021946,Multiplus SA,2011,2012,0.4118,12232,17255,regex_only,regex_only
021946,Multiplus SA,2012,2013,0.9698,17255,16562,regex_only,regex_only
021946,Multiplus SA,2013,2014,0.797,16562,18917,regex_only,regex_only
021946,Multiplus SA,2014,2015,0.932,18917,16155,regex_only,regex_only
021946,Multiplus SA,2015,2016,0.6124,16155,14525,regex_only,regex_only
021946,Multiplus SA,2016,2017,0.6164,14525,12676,regex_only,regex_only
021946,Multiplus SA,2017,2018,0.9261,12676,12834,regex_only,regex_only
022012,Mills Locacao Servicos e Logistica SA,2010,2011,0.0501,6754,1443,regex_only,font_heading
022012,Mills Locacao Servicos e Logistica SA,2011,2012,0.7562,1443,3017,font_heading,font_heading
022012,Mills Locacao Servicos e Logistica SA,2012,2013,0.7806,3017,4520,font_heading,font_heading
022012,Mills Locacao Servicos e Logistica SA,2013,2014,0.6688,4520,5865,font_heading,font_heading
022012,Mills Locacao Servicos e Logistica SA,2014,2015,0.9241,5865,7704,font_heading,font_heading
022012,Mills Locacao Servicos e Logistica SA,2015,2016,0.94,7704,7169,font_heading,font_heading
022012,Mills Locacao Servicos e Logistica SA,2016,2017,0.8214,7169,7552,font_heading,font_heading
022012,Mills Locacao Servicos e Logistica SA,2017,2018,0.9138,7552,8084,font_heading,font_heading
022012,Mills Locacao Servicos e Logistica SA,2018,2019,0.7849,8084,13626,font_heading,font_heading
022012,Mills Locacao Servicos e Logistica SA,2019,2020,0.3102,13626,17897,font_heading,regex_only
022012,Mills Locacao Servicos e Logistica SA,2020,2021,0.2159,17897,13535,regex_only,font_heading
022012,Mills Locacao Servicos e Logistica SA,2021,2022,0.8567,13535,22847,font_heading,font_heading
022012,Mills Locacao Servicos e Logistica SA,2022,2023,0.9865,22847,22878,font_heading,font_heading
022012,Mills Locacao Servicos e Logistica SA,2023,2024,0.2738,22878,4035,font_heading,font_heading
022012,Mills Locacao Servicos e Logistica SA,2024,2025,0.9074,4035,4364,font_heading,font_heading
022055,Marisa Lojas SA,2010,2011,0.064,18066,11650,regex_only,font_heading
022055,Marisa Lojas SA,2011,2012,0.959,11650,14865,font_heading,font_heading
022055,Marisa Lojas SA,2012,2013,0.0184,14865,5274,font_heading,regex_only
022055,Marisa Lojas SA,2013,2014,0.0277,5274,5125,regex_only,font_heading
022055,Marisa Lojas SA,2014,2015,0.774,5125,5964,font_heading,font_heading
022055,Marisa Lojas SA,2015,2016,0.0196,5964,391,font_heading,regex_only
022055,Marisa Lojas SA,2016,2019,0.0236,391,11089,regex_only,font_heading
022055,Marisa Lojas SA,2019,2020,0.0954,11089,2414,font_heading,font_heading
022055,Marisa Lojas SA,2020,2021,0.0496,2414,12910,font_heading,font_heading
022055,Marisa Lojas SA,2021,2022,0.9157,12910,11805,font_heading,font_heading
022055,Marisa Lojas SA,2022,2023,0.8882,11805,11954,font_heading,font_heading
022055,Marisa Lojas SA,2023,2024,0.7803,11954,8016,font_heading,font_heading
022055,Marisa Lojas SA,2024,2025,0.9259,8016,7893,font_heading,font_heading
022136,Tereos Internacional SA,2011,2012,0.2694,11942,14500,regex_only,regex_only
022136,Tereos Internacional SA,2012,2013,0.123,14500,8577,regex_only,regex_only
022136,Tereos Internacional SA,2013,2014,0.1026,8577,10567,regex_only,regex_only
022136,Tereos Internacional SA,2014,2015,0.0292,10567,550,regex_only,font_heading
022136,Tereos Internacional SA,2015,2016,0.0344,550,8787,font_heading,regex_only
022187,PRIO,2010,2011,0.9928,25171,24522,font_heading,font_heading
022187,PRIO,2011,2012,0.9958,24522,25686,font_heading,font_heading
022187,PRIO,2012,2013,0.0526,25686,196,font_heading,regex_only
022187,PRIO,2013,2014,0.176,196,10396,regex_only,font_heading
022187,PRIO,2014,2015,0.3499,10396,3533,font_heading,font_heading
022187,PRIO,2015,2016,0.8558,3533,2606,font_heading,font_heading
022187,PRIO,2016,2017,0.7031,2606,5768,font_heading,font_heading
022187,PRIO,2017,2018,0.8423,5768,4603,font_heading,font_heading
022187,PRIO,2018,2019,0.6574,4603,2713,font_heading,font_heading
022187,PRIO,2019,2020,0.124,2713,8563,font_heading,font_heading
022187,PRIO,2020,2021,0.8265,8563,9064,font_heading,font_heading
022349,AZZAS 2154,2010,2011,0.0975,3158,6185,font_heading,regex_only
022349,AZZAS 2154,2011,2012,0.1061,6185,3116,regex_only,font_heading
022349,AZZAS 2154,2012,2013,0.918,3116,3040,font_heading,font_heading
022349,AZZAS 2154,2013,2014,0.8641,3040,4019,font_heading,font_heading
022349,AZZAS 2154,2014,2015,0.9341,4019,3375,font_heading,font_heading
022349,AZZAS 2154,2015,2016,0.9534,3375,3226,font_heading,font_heading
022349,AZZAS 2154,2016,2017,0.875,3226,4863,font_heading,font_heading
022349,AZZAS 2154,2017,2018,0.8204,4863,6709,font_heading,font_heading
022349,AZZAS 2154,2018,2019,0.9242,6709,5976,font_heading,font_heading
022349,AZZAS 2154,2019,2020,0.8007,5976,7492,font_heading,font_heading
022349,AZZAS 2154,2020,2021,0.9478,7492,6852,font_heading,font_heading
022349,AZZAS 2154,2021,2022,0.9253,6852,6314,font_heading,font_heading
022349,AZZAS 2154,2022,2023,0.9671,6314,6276,font_heading,font_heading
022349,AZZAS 2154,2023,2024,0.7324,6276,7794,font_heading,font_heading
022357,ALLOS,2010,2011,0.7762,9743,5377,font_heading,font_heading
022357,ALLOS,2011,2012,0.9099,5377,8474,font_heading,font_heading
022357,ALLOS,2012,2013,0.9388,8474,10674,font_heading,font_heading
022357,ALLOS,2013,2014,0.9299,10674,9256,font_heading,font_heading
022357,ALLOS,2014,2015,0.987,9256,8449,font_heading,font_heading
022357,ALLOS,2015,2016,0.756,8449,5021,font_heading,font_heading
022357,ALLOS,2016,2017,0.9227,5021,6107,font_heading,font_heading
022357,ALLOS,2017,2018,0.9641,6107,6544,font_heading,font_heading
022357,ALLOS,2018,2020,0.0892,6544,219,font_heading,regex_only
022357,ALLOS,2020,2022,0.1104,219,9626,regex_only,font_heading
022357,ALLOS,2022,2023,0.5582,9626,8340,font_heading,font_heading
022357,ALLOS,2023,2024,0.8907,8340,11962,font_heading,font_heading
022365,Enauta Participacoes SA,2010,2011,0.8289,6100,4219,font_heading,font_heading
022365,Enauta Participacoes SA,2011,2012,0.2383,4219,639,font_heading,font_heading
022365,Enauta Participacoes SA,2012,2013,0.4382,639,1506,font_heading,font_heading
022365,Enauta Participacoes SA,2013,2014,0.8245,1506,1872,font_heading,font_heading
022365,Enauta Participacoes SA,2014,2015,0.807,1872,2775,font_heading,font_heading
022365,Enauta Participacoes SA,2015,2016,0.9622,2775,3194,font_heading,font_heading
022365,Enauta Participacoes SA,2016,2017,0.9971,3194,3190,font_heading,font_heading
022365,Enauta Participacoes SA,2017,2018,0.9951,3190,3222,font_heading,font_heading
022365,Enauta Participacoes SA,2018,2019,0.1101,3222,10997,font_heading,regex_only
022365,Enauta Participacoes SA,2019,2020,0.1105,10997,4126,regex_only,font_heading
022365,Enauta Participacoes SA,2020,2021,0.1105,4126,10361,font_heading,regex_only
022365,Enauta Participacoes SA,2021,2022,0.2214,10361,11951,regex_only,font_heading
022365,Enauta Participacoes SA,2022,2023,0.9158,11951,15857,font_heading,font_heading
022470,MAGAZ LUIZA,2010,2011,0.6032,4507,5336,font_heading,font_heading
022470,MAGAZ LUIZA,2011,2012,0.7331,5336,5271,font_heading,font_heading
022470,MAGAZ LUIZA,2012,2013,0.8633,5271,6602,font_heading,font_heading
022470,MAGAZ LUIZA,2013,2014,0.5231,6602,4043,font_heading,font_heading
022470,MAGAZ LUIZA,2014,2015,0.6995,4043,5840,font_heading,font_heading
022470,MAGAZ LUIZA,2015,2016,0.7647,5840,5313,font_heading,font_heading
022470,MAGAZ LUIZA,2016,2017,0.8272,5313,4981,font_heading,font_heading
022470,MAGAZ LUIZA,2017,2018,0.7671,4981,3489,font_heading,font_heading
022470,MAGAZ LUIZA,2018,2019,0.7249,3489,2984,font_heading,font_heading
022470,MAGAZ LUIZA,2019,2020,0.0469,2984,2709,font_heading,regex_only
022470,MAGAZ LUIZA,2020,2021,0.0716,2709,3599,regex_only,font_heading
022470,MAGAZ LUIZA,2021,2022,0.0995,3599,6769,font_heading,regex_only
022470,MAGAZ LUIZA,2022,2023,0.9838,6769,7978,regex_only,regex_only
022470,MAGAZ LUIZA,2023,2024,0.9399,7978,8837,regex_only,regex_only
022691,Companhia de Locação das Américas (Locamerica),2010,2011,0.9053,7703,7769,font_heading,font_heading
022691,Companhia de Locação das Américas (Locamerica),2011,2012,0.9385,7769,7887,font_heading,font_heading
022691,Companhia de Locação das Américas (Locamerica),2012,2013,0.8575,7887,4981,font_heading,font_heading
022691,Companhia de Locação das Américas (Locamerica),2013,2014,0.8926,4981,6476,font_heading,font_heading
022691,Companhia de Locação das Américas (Locamerica),2014,2015,0.6151,6476,5294,font_heading,font_heading
022691,Companhia de Locação das Américas (Locamerica),2015,2016,0.9444,5294,5539,font_heading,font_heading
022691,Companhia de Locação das Américas (Locamerica),2016,2017,0.9485,5539,7316,font_heading,font_heading
022691,Companhia de Locação das Américas (Locamerica),2017,2018,0.1423,7316,1448,font_heading,regex_only
022691,Companhia de Locação das Américas (Locamerica),2018,2019,0.9571,1448,1533,regex_only,regex_only
022691,Companhia de Locação das Américas (Locamerica),2019,2020,0.0673,1533,1056,regex_only,regex_only
022691,Companhia de Locação das Américas (Locamerica),2020,2021,0.0887,1056,15139,regex_only,regex_only
022691,Companhia de Locação das Américas (Locamerica),2021,2022,0.1139,15139,12373,regex_only,font_heading
022691,Companhia de Locação das Américas (Locamerica),2022,2023,0.917,12373,12467,font_heading,font_heading
022691,Companhia de Locação das Américas (Locamerica),2023,2024,0.0559,12467,4902,font_heading,regex_only
023035,Stone Corporate SPE SA,2011,2012,0.544,1548,3083,font_heading,font_heading
023035,Stone Corporate SPE SA,2012,2013,0.9667,3083,2827,font_heading,font_heading
023035,Stone Corporate SPE SA,2013,2014,0.8772,2827,3313,font_heading,font_heading
023035,Stone Corporate SPE SA,2014,2015,0.9651,3313,3145,font_heading,font_heading
023035,Stone Corporate SPE SA,2015,2016,0.7728,3145,6910,font_heading,font_heading
023035,Stone Corporate SPE SA,2016,2017,0.952,6910,8053,font_heading,font_heading
023035,Stone Corporate SPE SA,2017,2018,0.0883,8053,13516,font_heading,regex_only
023035,Stone Corporate SPE SA,2018,2019,0.1058,13516,9822,regex_only,regex_only
023140,Smiles S.A.,2014,2015,0.1754,1706,10693,font_heading,regex_only
023140,Smiles S.A.,2015,2016,0.1921,10693,11862,regex_only,regex_only
023221,Ser Educacional SA,2010,2011,1.0,950,996,font_heading,font_heading
023221,Ser Educacional SA,2011,2012,0.9767,996,990,font_heading,font_heading
023221,Ser Educacional SA,2012,2013,0.5429,990,2355,font_heading,font_heading
023221,Ser Educacional SA,2013,2014,0.8805,2355,2210,font_heading,font_heading
023221,Ser Educacional SA,2014,2015,0.734,2210,5455,font_heading,font_heading
023221,Ser Educacional SA,2015,2016,0.8574,5455,6069,font_heading,font_heading
023221,Ser Educacional SA,2016,2017,0.8207,6069,5770,font_heading,font_heading
023221,Ser Educacional SA,2017,2018,0.9413,5770,5636,font_heading,font_heading
023221,Ser Educacional SA,2018,2019,0.9728,5636,5825,font_heading,font_heading
023221,Ser Educacional SA,2019,2020,0.899,5825,8169,font_heading,font_heading
023221,Ser Educacional SA,2020,2021,0.747,8169,5708,font_heading,font_heading
023221,Ser Educacional SA,2021,2022,0.4061,5708,2008,font_heading,font_heading
023221,Ser Educacional SA,2022,2023,0.3915,2008,4323,font_heading,font_heading
023221,Ser Educacional SA,2023,2024,0.8875,4323,3784,font_heading,font_heading
023221,Ser Educacional SA,2024,2025,0.9439,3784,3568,font_heading,font_heading
023248,Anima Holding SA,2012,2014,0.6511,4867,3242,font_heading,font_heading
023248,Anima Holding SA,2014,2015,0.8068,3242,4576,font_heading,font_heading
023248,Anima Holding SA,2015,2016,0.8448,4576,4654,font_heading,font_heading
023248,Anima Holding SA,2016,2017,0.9016,4654,4191,font_heading,font_heading
023248,Anima Holding SA,2017,2018,0.7672,4191,6872,font_heading,font_heading
023248,Anima Holding SA,2018,2019,0.8261,6872,8228,font_heading,font_heading
023248,Anima Holding SA,2019,2020,0.6561,8228,10486,font_heading,font_heading
023248,Anima Holding SA,2020,2021,0.6823,10486,11302,font_heading,font_heading
023248,Anima Holding SA,2021,2022,0.841,11302,15595,font_heading,font_heading
023248,Anima Holding SA,2022,2023,0.0939,15595,2478,font_heading,font_heading
023248,Anima Holding SA,2023,2024,0.0381,2478,15320,font_heading,font_heading
023248,Anima Holding SA,2024,2025,0.9297,15320,11777,font_heading,font_heading
023264,AMBEV S/A,2012,2013,0.126,11137,2247,regex_only,font_heading
023264,AMBEV S/A,2013,2014,0.9354,2247,2076,font_heading,font_heading
023264,AMBEV S/A,2014,2015,0.9703,2076,1633,font_heading,font_heading
023264,AMBEV S/A,2015,2016,0.9346,1633,1715,font_heading,font_heading
023264,AMBEV S/A,2016,2017,0.9997,1715,1712,font_heading,font_heading
023264,AMBEV S/A,2017,2018,0.9483,1712,2042,font_heading,font_heading
023264,AMBEV S/A,2018,2019,0.9164,2042,2143,font_heading,font_heading
023264,AMBEV S/A,2019,2020,0.7768,2143,4024,font_heading,font_heading
023264,AMBEV S/A,2020,2021,0.0917,4024,24896,font_heading,regex_only
023264,AMBEV S/A,2021,2022,0.0665,24896,3299,regex_only,font_heading
023264,AMBEV S/A,2022,2023,0.9624,3299,3718,font_heading,font_heading
023264,AMBEV S/A,2023,2024,0.9774,3718,3657,font_heading,font_heading
023272,LOG Commercial Properties e Participações,2012,2013,0.8768,6314,9811,font_heading,font_heading
023272,LOG Commercial Properties e Participações,2013,2014,0.981,9811,11470,font_heading,font_heading
023272,LOG Commercial Properties e Participações,2014,2015,0.9381,11470,11052,font_heading,font_heading
023272,LOG Commercial Properties e Participações,2015,2016,0.9366,11052,12814,font_heading,font_heading
023272,LOG Commercial Properties e Participações,2016,2017,0.8,12814,11956,font_heading,font_heading
023272,LOG Commercial Properties e Participações,2017,2018,0.9547,11956,13009,font_heading,font_heading
023272,LOG Commercial Properties e Participações,2018,2019,0.653,13009,11049,font_heading,font_heading
023272,LOG Commercial Properties e Participações,2019,2020,0.9159,11049,7581,font_heading,font_heading
023272,LOG Commercial Properties e Participações,2020,2021,0.3093,7581,1338,font_heading,font_heading
023272,LOG Commercial Properties e Participações,2021,2022,0.2822,1338,7701,font_heading,font_heading
023272,LOG Commercial Properties e Participações,2022,2023,0.8959,7701,8311,font_heading,font_heading
023272,LOG Commercial Properties e Participações,2023,2024,0.641,8311,9409,font_heading,font_heading
023310,CVC Brasil Operadora e Agência de Viagens S.A.,2012,2013,0.9555,1648,1668,font_heading,font_heading
023310,CVC Brasil Operadora e Agência de Viagens S.A.,2013,2014,0.8242,1668,966,font_heading,font_heading
023310,CVC Brasil Operadora e Agência de Viagens S.A.,2014,2015,0.0967,966,932,font_heading,font_heading
023310,CVC Brasil Operadora e Agência de Viagens S.A.,2015,2016,0.8196,932,1779,font_heading,font_heading
023310,CVC Brasil Operadora e Agência de Viagens S.A.,2016,2017,0.0376,1779,6383,font_heading,regex_only
023310,CVC Brasil Operadora e Agência de Viagens S.A.,2017,2018,0.28,6383,11313,regex_only,font_heading
023310,CVC Brasil Operadora e Agência de Viagens S.A.,2018,2019,0.5723,11313,69472,font_heading,font_heading
023310,CVC Brasil Operadora e Agência de Viagens S.A.,2019,2020,0.1262,69472,1518,font_heading,regex_only
023310,CVC Brasil Operadora e Agência de Viagens S.A.,2020,2021,0.0785,1518,9375,regex_only,font_heading
023310,CVC Brasil Operadora e Agência de Viagens S.A.,2021,2022,0.0519,9375,520,font_heading,regex_only
023310,CVC Brasil Operadora e Agência de Viagens S.A.,2022,2023,0.1782,520,8866,regex_only,font_heading
023310,CVC Brasil Operadora e Agência de Viagens S.A.,2023,2024,0.7573,8866,7691,font_heading,font_heading
023450,Rumo Logistica Operadora Multimodal SA,2013,2014,0.8275,2642,2768,font_heading,font_heading
023450,Rumo Logistica Operadora Multimodal SA,2014,2015,0.1023,2768,3870,font_heading,font_heading
023485,Cosan Logistica SA,2013,2014,0.8303,2554,2602,font_heading,font_heading
023485,Cosan Logistica SA,2014,2015,0.1315,2602,3870,font_heading,font_heading
023485,Cosan Logistica SA,2015,2016,0.2455,3870,7659,font_heading,font_heading
023485,Cosan Logistica SA,2016,2017,0.7787,7659,7828,font_heading,font_heading
023485,Cosan Logistica SA,2017,2018,0.8254,7828,7718,font_heading,font_heading
023485,Cosan Logistica SA,2018,2019,0.5261,7718,4669,font_heading,font_heading
023574,International Meal Co Alimentacao SA,2011,2012,0.9884,1764,1713,font_heading,font_heading
023574,International Meal Co Alimentacao SA,2012,2013,0.8566,1713,3269,font_heading,font_heading
023574,International Meal Co Alimentacao SA,2013,2014,0.5253,3269,4939,font_heading,font_heading
023574,International Meal Co Alimentacao SA,2014,2015,0.9669,4939,5339,font_heading,font_heading
023574,International Meal Co Alimentacao SA,2015,2016,0.7255,5339,2777,font_heading,font_heading
023574,International Meal Co Alimentacao SA,2016,2017,0.8704,2777,3216,font_heading,font_heading
023574,International Meal Co Alimentacao SA,2017,2018,0.9602,3216,3485,font_heading,font_heading
023574,International Meal Co Alimentacao SA,2018,2019,0.8357,3485,5354,font_heading,font_heading
023574,International Meal Co Alimentacao SA,2019,2020,0.7412,5354,1957,font_heading,font_heading
023574,International Meal Co Alimentacao SA,2020,2021,0.0076,1957,3305,font_heading,regex_only
023574,International Meal Co Alimentacao SA,2021,2022,0.1005,3305,14053,regex_only,font_heading
023574,International Meal Co Alimentacao SA,2022,2023,0.915,14053,18550,font_heading,font_heading
023574,International Meal Co Alimentacao SA,2023,2024,0.7606,18550,10432,font_heading,font_heading
023574,International Meal Co Alimentacao SA,2024,2025,0.9084,10432,9795,font_heading,font_heading
023825,Movida Participacoes SA,2014,2015,0.2149,51415,1685,font_heading,font_heading
023825,Movida Participacoes SA,2015,2016,0.6049,1685,4320,font_heading,font_heading
023825,Movida Participacoes SA,2016,2017,0.3307,4320,13085,font_heading,font_heading
023825,Movida Participacoes SA,2017,2018,0.5502,13085,53514,font_heading,font_heading
023825,Movida Participacoes SA,2018,2019,0.4334,53514,10734,font_heading,font_heading
023825,Movida Participacoes SA,2019,2020,0.8077,10734,13222,font_heading,font_heading
023825,Movida Participacoes SA,2020,2021,0.8338,13222,14911,font_heading,font_heading
023825,Movida Participacoes SA,2021,2022,0.8685,14911,20457,font_heading,font_heading
023825,Movida Participacoes SA,2022,2023,0.9018,20457,21100,font_heading,font_heading
023825,Movida Participacoes SA,2023,2024,0.2187,21100,3586,font_heading,regex_only
024112,Azul S.A.,2016,2017,0.5662,6218,5593,font_heading,font_heading
024112,Azul S.A.,2017,2018,0.8352,5593,6330,font_heading,font_heading
024112,Azul S.A.,2018,2019,0.7846,6330,5506,font_heading,font_heading
024112,Azul S.A.,2019,2020,0.3689,5506,7808,font_heading,font_heading
024112,Azul S.A.,2020,2021,0.7635,7808,11428,font_heading,font_heading
024112,Azul S.A.,2021,2022,0.6402,11428,8098,font_heading,font_heading
024112,Azul S.A.,2022,2023,0.5829,8098,8617,font_heading,font_heading
024112,Azul S.A.,2023,2024,0.8925,8617,6714,font_heading,font_heading
024171,Atacadão S.A.,2016,2017,0.1497,4497,7205,regex_only,regex_only
024171,Atacadão S.A.,2017,2018,0.1156,7205,591,regex_only,font_heading
024171,Atacadão S.A.,2018,2019,0.1134,591,10917,font_heading,regex_only
024171,Atacadão S.A.,2019,2020,0.1657,10917,7779,regex_only,regex_only
024171,Atacadão S.A.,2020,2021,0.1075,7779,3251,regex_only,font_heading
024171,Atacadão S.A.,2021,2022,0.7293,3251,6919,font_heading,font_heading
024171,Atacadão S.A.,2022,2023,0.7364,6919,5723,font_heading,font_heading
024171,Atacadão S.A.,2023,2024,0.3051,5723,8781,font_heading,regex_only
024252,Smiles Fidelidade S.A.,2016,2017,0.5753,904,655,font_heading,font_heading
024252,Smiles Fidelidade S.A.,2017,2018,0.0652,655,12053,font_heading,regex_only
024252,Smiles Fidelidade S.A.,2018,2019,0.5254,12053,12712,regex_only,regex_only
024252,Smiles Fidelidade S.A.,2019,2020,0.9432,12712,13325,regex_only,regex_only
024260,SMART FIT,2016,2017,0.9421,8802,14198,font_heading,font_heading
024260,SMART FIT,2017,2018,0.0438,14198,1238,font_heading,regex_only
024260,SMART FIT,2018,2019,0.0999,1238,5566,regex_only,font_heading
024260,SMART FIT,2019,2020,0.662,5566,5934,font_heading,font_heading
024260,SMART FIT,2020,2021,0.6476,5934,11623,font_heading,font_heading
024260,SMART FIT,2021,2022,0.6146,11623,3416,font_heading,font_heading
024260,SMART FIT,2022,2023,0.1588,3416,818,font_heading,font_heading
024260,SMART FIT,2023,2024,0.3796,818,939,font_heading,font_heading
024295,VIBRA,2016,2017,0.8756,26906,24992,regex_only,regex_only
024295,VIBRA,2017,2018,0.2913,24992,10466,regex_only,regex_only
024295,VIBRA,2018,2019,0.3409,10466,2193,regex_only,regex_only
024295,VIBRA,2019,2020,0.0874,2193,2917,regex_only,font_heading
024295,VIBRA,2020,2021,0.1749,2917,4518,font_heading,font_heading
024295,VIBRA,2021,2022,0.3546,4518,2209,font_heading,font_heading
024295,VIBRA,2022,2024,0.1488,2209,7551,font_heading,regex_only
024384,Notre Dame Intermédica Participações S.A.,2017,2018,0.7867,6756,6235,font_heading,font_heading
024384,Notre Dame Intermédica Participações S.A.,2018,2019,0.5875,6235,9299,font_heading,font_heading
024384,Notre Dame Intermédica Participações S.A.,2019,2020,0.9161,9299,13260,font_heading,font_heading
024392,HAPVIDA,2017,2018,0.1384,27084,5167,regex_only,regex_only
024392,HAPVIDA,2018,2019,0.0621,5167,4043,regex_only,font_heading
024392,HAPVIDA,2019,2020,0.8429,4043,5592,font_heading,font_heading
024392,HAPVIDA,2020,2021,0.8128,5592,8286,font_heading,font_heading
024392,HAPVIDA,2021,2022,0.0432,8286,632,font_heading,regex_only
024392,HAPVIDA,2022,2023,0.0269,632,14431,regex_only,font_heading
024392,HAPVIDA,2023,2024,0.9488,14431,16114,font_heading,font_heading
024694,Grupo SBF SA,2018,2019,0.7744,3463,2456,font_heading,font_heading
024694,Grupo SBF SA,2019,2020,0.7019,2456,3555,font_heading,font_heading
024694,Grupo SBF SA,2020,2022,0.1253,3555,3081,font_heading,regex_only
024694,Grupo SBF SA,2022,2023,0.2121,3081,4195,regex_only,regex_only
024694,Grupo SBF SA,2023,2024,0.5685,4195,4527,regex_only,regex_only
024694,Grupo SBF SA,2024,2025,0.9675,4527,4841,regex_only,regex_only
024716,VAMOS,2018,2019,0.6808,7425,11240,font_heading,font_heading
024716,VAMOS,2019,2020,0.8514,11240,14101,font_heading,font_heading
024716,VAMOS,2020,2021,0.9104,14101,15688,font_heading,font_heading
024716,VAMOS,2021,2022,0.8216,15688,17699,font_heading,font_heading
024716,VAMOS,2022,2023,0.8894,17699,26838,font_heading,font_heading
024716,VAMOS,2023,2024,0.4546,26838,6422,font_heading,font_heading
024783,Natura & Co Holding S.A. (pre-restructuring parent entity),2019,2020,0.0065,9909,179,regex_only,font_heading
024783,Natura & Co Holding S.A. (pre-restructuring parent entity),2020,2021,1.0,179,167,font_heading,font_heading
024783,Natura & Co Holding S.A. (pre-restructuring parent entity),2021,2022,1.0,167,106,font_heading,font_heading
024783,Natura & Co Holding S.A. (pre-restructuring parent entity),2022,2023,1.0,106,167,font_heading,font_heading
024783,Natura & Co Holding S.A. (pre-restructuring parent entity),2023,2024,1.0,167,167,font_heading,font_heading
024805,VIVARA S.A.,2019,2020,0.5453,4384,3098,font_heading,font_heading
024805,VIVARA S.A.,2020,2021,0.9335,3098,2655,font_heading,font_heading
024805,VIVARA S.A.,2021,2022,0.8585,2655,2651,font_heading,font_heading
024805,VIVARA S.A.,2022,2023,0.9462,2651,2599,font_heading,font_heading
024805,VIVARA S.A.,2023,2024,0.8122,2599,2468,font_heading,font_heading
024813,,2023,2024,0.831,13017,11677,font_heading,font_heading
024821,REDE D OR,2018,2019,0.3197,10295,72539,font_heading,font_heading
024821,REDE D OR,2019,2020,0.5606,72539,34318,font_heading,font_heading
024821,REDE D OR,2020,2021,0.923,34318,36125,font_heading,font_heading
024821,REDE D OR,2021,2022,0.8708,36125,42204,font_heading,font_heading
024821,REDE D OR,2022,2023,0.6953,42204,16114,font_heading,font_heading
024821,REDE D OR,2023,2024,0.9729,16114,15794,font_heading,font_heading
024848,CEA MODAS,2018,2019,0.1269,5575,12509,regex_only,regex_only
024848,CEA MODAS,2019,2020,0.6908,12509,8566,regex_only,regex_only
024848,CEA MODAS,2020,2021,0.1116,8566,6764,regex_only,font_heading
024848,CEA MODAS,2021,2023,0.1104,6764,3117,font_heading,regex_only
024910,LWSA S/A (Locaweb),2018,2019,0.2459,67958,2969,font_heading,font_heading
024910,LWSA S/A (Locaweb),2019,2020,0.5096,2969,5682,font_heading,font_heading
024910,LWSA S/A (Locaweb),2020,2021,0.9352,5682,5423,font_heading,font_heading
024910,LWSA S/A (Locaweb),2021,2022,0.9509,5423,4388,font_heading,font_heading
024910,LWSA S/A (Locaweb),2022,2023,0.9397,4388,4513,font_heading,font_heading
024910,LWSA S/A (Locaweb),2023,2024,0.979,4513,4671,font_heading,font_heading
024929,TIM,2018,2019,0.8683,6181,6103,font_heading,font_heading
024929,TIM,2019,2020,0.6747,6103,7270,font_heading,font_heading
024929,TIM,2020,2021,0.7777,7270,6616,font_heading,font_heading
024929,TIM,2021,2022,0.8311,6616,4707,font_heading,font_heading
024929,TIM,2022,2023,0.8733,4707,3885,font_heading,font_heading
024929,TIM,2023,2024,0.8958,3885,3870,font_heading,font_heading
024961,Ambipar Participacoes e Empreendimentos S/A,2019,2020,0.0986,6119,685,font_heading,font_heading
024961,Ambipar Participacoes e Empreendimentos S/A,2020,2021,0.012,685,172,font_heading,font_heading
024961,Ambipar Participacoes e Empreendimentos S/A,2021,2022,0.1156,172,12626,font_heading,font_heading
024961,Ambipar Participacoes e Empreendimentos S/A,2022,2023,0.0731,12626,685,font_heading,font_heading
024961,Ambipar Participacoes e Empreendimentos S/A,2023,2024,1.0,685,688,font_heading,font_heading
025003,SIMPAR SA,2019,2020,0.6797,7645,14612,font_heading,font_heading
025003,SIMPAR SA,2020,2021,0.5717,14612,27537,font_heading,font_heading
025003,SIMPAR SA,2021,2022,0.7834,27537,18043,font_heading,font_heading
025003,SIMPAR SA,2022,2023,0.8498,18043,21121,font_heading,font_heading
025003,SIMPAR SA,2023,2024,0.7597,21121,13469,font_heading,font_heading
025011,Grupo de Moda Soma S.A.,2020,2021,0.1574,2741,12014,font_heading,regex_only
025011,Grupo de Moda Soma S.A.,2021,2022,0.1891,12014,6068,regex_only,regex_only
025011,Grupo de Moda Soma S.A.,2022,2023,0.0521,6068,1514,regex_only,regex_only
025089,Pet Center Comercio e Participacoes SA,2019,2020,0.0481,6058,2420,font_heading,regex_only
025089,Pet Center Comercio e Participacoes SA,2020,2021,0.1381,2420,9709,regex_only,font_heading
025089,Pet Center Comercio e Participacoes SA,2021,2023,0.1296,9709,5413,font_heading,regex_only
025089,Pet Center Comercio e Participacoes SA,2023,2024,0.1243,5413,8139,regex_only,font_heading
025089,Pet Center Comercio e Participacoes SA,2024,2025,0.0444,8139,106,font_heading,font_heading
025100,CURY S/A,2019,2020,0.9408,4120,4327,font_heading,font_heading
025100,CURY S/A,2020,2021,0.0686,4327,1984,font_heading,regex_only
025100,CURY S/A,2021,2022,0.07,1984,7435,regex_only,font_heading
025100,CURY S/A,2022,2023,0.327,7435,44162,font_heading,font_heading
025100,CURY S/A,2023,2024,0.1254,44162,940,font_heading,regex_only
025186,Grupo Mateus SA,2019,2020,0.2668,5839,7265,font_heading,font_heading
025186,Grupo Mateus SA,2020,2021,0.6303,7265,5076,font_heading,font_heading
025186,Grupo Mateus SA,2021,2023,0.4297,5076,10968,font_heading,font_heading
025186,Grupo Mateus SA,2023,2025,0.8929,10968,12365,font_heading,font_heading
025232,Meliuz S.A.,2019,2020,0.6149,10763,6411,regex_only,regex_only
025232,Meliuz S.A.,2020,2021,0.7279,6411,5482,regex_only,regex_only
025232,Meliuz S.A.,2021,2022,0.7729,5482,5858,regex_only,regex_only
025232,Meliuz S.A.,2022,2023,0.8404,5858,5196,regex_only,regex_only
025291,BRAVA,2020,2021,0.0941,3069,3944,regex_only,font_heading
025291,BRAVA,2021,2022,0.0483,3944,3720,font_heading,regex_only
025291,BRAVA,2022,2023,0.0771,3720,775,regex_only,regex_only
025291,BRAVA,2023,2024,0.0053,775,475,regex_only,font_heading
025372,ASSAI,2019,2020,0.0148,93,8890,font_heading,regex_only
025372,ASSAI,2020,2021,0.0251,8890,60,regex_only,font_heading
025372,ASSAI,2021,2022,0.1225,60,368,font_heading,font_heading
025372,ASSAI,2022,2023,0.0442,368,4153,font_heading,font_heading
025372,ASSAI,2023,2024,0.7447,4153,6212,font_heading,font_heading
025453,Intelbras SA Industria de Telecomunicacao Eletronica Brasileira,2019,2020,0.9126,4696,5772,font_heading,font_heading
025453,Intelbras SA Industria de Telecomunicacao Eletronica Brasileira,2020,2021,0.9847,5772,5721,font_heading,font_heading
025453,Intelbras SA Industria de Telecomunicacao Eletronica Brasileira,2021,2022,0.6798,5721,8829,font_heading,font_heading
025453,Intelbras SA Industria de Telecomunicacao Eletronica Brasileira,2022,2024,0.8987,8829,7748,font_heading,font_heading
025453,Intelbras SA Industria de Telecomunicacao Eletronica Brasileira,2024,2025,0.8409,7748,8758,font_heading,font_heading
025585,CSNMINERACAO,2019,2020,0.5377,259,808,font_heading,font_heading
025585,CSNMINERACAO,2020,2021,0.217,808,3901,font_heading,font_heading
025585,CSNMINERACAO,2021,2022,0.423,3901,1047,font_heading,font_heading
025585,CSNMINERACAO,2022,2023,0.4007,1047,3366,font_heading,font_heading
025585,CSNMINERACAO,2023,2024,0.7479,3366,2724,font_heading,font_heading
025712,GPS Participacoes e Empreendimentos SA,2020,2021,0.12,14013,8163,font_heading,regex_only
025712,GPS Participacoes e Empreendimentos SA,2021,2022,0.2049,8163,2773,regex_only,font_heading
025712,GPS Participacoes e Empreendimentos SA,2022,2023,0.1208,2773,6776,font_heading,font_heading
025712,GPS Participacoes e Empreendimentos SA,2023,2024,0.9823,6776,8006,font_heading,font_heading
025712,GPS Participacoes e Empreendimentos SA,2024,2025,0.0579,8006,2067,font_heading,font_heading
025780,PETRORECSA,2020,2021,0.7553,6858,7351,font_heading,font_heading
025780,PETRORECSA,2021,2022,0.5658,7351,4742,font_heading,font_heading
025780,PETRORECSA,2022,2023,0.1798,4742,1694,font_heading,regex_only
025780,PETRORECSA,2023,2024,0.1167,1694,9797,regex_only,font_heading
025844,Tegra Incorporadora SA,2020,2021,0.6656,2627,3587,font_heading,font_heading
025844,Tegra Incorporadora SA,2021,2022,0.6695,3587,5426,font_heading,font_heading
025844,Tegra Incorporadora SA,2022,2023,0.9503,5426,5439,font_heading,font_heading
025844,Tegra Incorporadora SA,2023,2025,0.0092,5439,3856,font_heading,regex_only
025917,Raízen S.A.,2020,2021,0.186,4966,1964,font_heading,regex_only
025917,Raízen S.A.,2021,2022,0.3415,1964,1483,regex_only,regex_only
025917,Raízen S.A.,2022,2023,0.0285,1483,459,regex_only,regex_only
025917,Raízen S.A.,2023,2024,0.3989,459,14625,regex_only,font_heading
025984,Cia Brasileira de Aluminio,2020,2021,0.7615,10519,9824,font_heading,font_heading
025984,Cia Brasileira de Aluminio,2021,2022,0.6978,9824,9280,font_heading,font_heading
025984,Cia Brasileira de Aluminio,2022,2023,0.796,9280,12666,font_heading,font_heading
025984,Cia Brasileira de Aluminio,2023,2024,0.7401,12666,15761,font_heading,font_heading
025984,Cia Brasileira de Aluminio,2024,2025,0.7877,15761,11432,font_heading,font_heading
026123,Oncoclinicas do Brasil Servicos Medicos SA,2020,2021,0.5319,8637,7064,font_heading,font_heading
026123,Oncoclinicas do Brasil Servicos Medicos SA,2021,2022,0.8301,7064,10500,font_heading,font_heading
026123,Oncoclinicas do Brasil Servicos Medicos SA,2022,2023,0.8436,10500,9276,font_heading,font_heading
026123,Oncoclinicas do Brasil Servicos Medicos SA,2023,2024,0.5772,9276,10478,font_heading,font_heading
026123,Oncoclinicas do Brasil Servicos Medicos SA,2024,2025,0.0844,10478,1709,font_heading,font_heading
026441,Serena Energia SA,2023,2024,0.0527,4265,5641,regex_only,font_heading
026441,Serena Energia SA,2024,2025,0.1093,5641,18431,font_heading,font_heading
026620,AUREN,2021,2022,0.0904,14836,7412,regex_only,font_heading
026620,AUREN,2022,2023,0.5179,7412,7899,font_heading,font_heading
026620,AUREN,2023,2024,0.6485,7899,11325,font_heading,font_heading
027111,XP Inc,2021,2022,0.9778,14321,17438,font_heading,font_heading
027111,XP Inc,2022,2023,0.986,17438,17399,font_heading,font_heading
027111,XP Inc,2023,2024,0.9417,17399,13184,font_heading,font_heading
027707,Automob Participações S.A.,2023,2024,0.7061,6435,9030,font_heading,font_heading
